co_ibge_6d,termo,coef_excluido,delta,dfbeta,n_excluido
130260,estrato_capital,0.3652537537153505,0.038849949174004195,0.5411489202430467,5
231290,estrato_metropolitano,0.3053889464238234,0.026103280767553805,0.44582573944677256,21
120040,estrato_capital,0.35636091089879807,0.029957106357451746,0.41727868642331767,10
312670,estrato_interior_proximo_polo,0.13738937393125086,0.016739356928910584,0.38819554400998685,8
110020,estrato_capital,0.3023889219147851,-0.024014882626561207,-0.33450823178484135,5
140047,estrato_capital,0.3038050302829851,-0.02259877425836121,-0.31478296751316126,8
230020,estrato_interior_proximo_polo,0.1335252454652467,0.01287522846290641,0.29858412952403085,4
410690,estrato_capital,0.30648176958018003,-0.01992203496116629,-0.2774981161492266,2
312670,estrato_metropolitano,0.29489870588368083,0.015613040227411223,0.2666597837406672,8
140010,estrato_capital,0.30812320587863506,-0.018280598662711256,-0.25463421286383825,15
230020,estrato_metropolitano,0.2936640606709716,0.014378395014702006,0.24557290888336214,4
241220,estrato_metropolitano,0.2649752511096561,-0.014310414546613526,-0.2444118501366334,6
150680,estrato_metropolitano,0.29333006467975853,0.014044399023488918,0.23986849145473305,5
270430,estrato_capital,0.34361841284179356,0.017214608300447243,0.2397858141968289,4
211220,estrato_metropolitano,0.26535499560242753,-0.013930670053842076,-0.23792608036699167,6
240260,estrato_metropolitano,0.29298589975924605,0.013700234102976439,0.23399039584117945,7
330455,estrato_capital,0.3113696906775688,-0.01503411386377751,-0.2094132594036464,1
520140,estrato_metropolitano,0.2670975627925317,-0.012188102863737893,-0.20816425414361747,3
150240,estrato_metropolitano,0.2906426791130025,0.0113570134567329,0.1939698295912472,6
312670,estrato_capital,0.3397105321894032,0.013306727648056904,0.18535214207005113,8
150470,estrato_interior_proximo_polo,0.12846583202934395,0.007815815027003667,0.18125335275269616,4
150380,estrato_interior_proximo_polo,0.11297503104753333,-0.007674985954806951,-0.17798744364244792,5
310730,estrato_interior_proximo_polo,0.1130323580329356,-0.007617658969404681,-0.17665799709445948,8
420540,estrato_capital,0.3139984942577,-0.012405310283646331,-0.17279611448673787,1
313600,estrato_interior_proximo_polo,0.11325308008353593,-0.007396936918804345,-0.17153932277072764,4
311430,estrato_interior_proximo_polo,0.11325308008353625,-0.007396936918804026,-0.17153932277072023,4
315400,estrato_interior_proximo_polo,0.11325308008353645,-0.007396936918803831,-0.17153932277071574,4
313700,estrato_interior_proximo_polo,0.11325308008353652,-0.007396936918803762,-0.17153932277071413,4
230020,estrato_capital,0.33822370536856633,0.011819900827220009,0.16464182594889984,4
210440,estrato_interior_proximo_polo,0.1274503275231284,0.006800310520788125,0.15770320528233026,1
210675,estrato_interior_proximo_polo,0.12745032752312763,0.006800310520787348,0.15770320528231224,1
150470,estrato_metropolitano,0.28779011871774235,0.008504453061472739,0.14525009742967887,4
160060,estrato_capital,0.33670999067956003,0.010306186138213713,0.14355698319034318,1
120020,estrato_capital,0.336617694391985,0.010213889850638702,0.1422713692468099,5
160030,estrato_capital,0.3365583517268429,0.010154547185496576,0.1414447730774771,8
150470,estrato_capital,0.3365299113631443,0.010126106821797987,0.14104862141102628,4
231290,estrato_capital,0.33638795031728586,0.009984145775939535,0.13907121685024298,21
314870,estrato_interior_proximo_polo,0.12656555243845877,0.005915535436118488,0.13718475007652656,9
316210,estrato_interior_proximo_polo,0.12656555243845838,0.0059155354361180995,0.13718475007651754,9
150380,estrato_metropolitano,0.2712919531757016,-0.007993712480568016,-0.1365270062912518,5
521720,estrato_interior_proximo_polo,0.11476332978550616,-0.005886687216834122,-0.1365157428842925,4
317010,estrato_capital,0.33616866757029357,0.009764863028947246,0.1360167824356361,3
521800,estrato_interior_proximo_polo,0.12641815563043135,0.005768138628091071,0.13376653130500873,9
314220,estrato_interior_proximo_polo,0.12638834272110117,0.005738325718760887,0.13307515238256262,1
314760,estrato_interior_proximo_polo,0.126388342721101,0.00573832571876072,0.13307515238255874,1
314400,estrato_interior_proximo_polo,0.12638834272110078,0.005738325718760498,0.1330751523825536,1
150380,estrato_capital,0.3169730442485632,-0.009430760292783114,-0.1313629968125021,5
210440,estrato_metropolitano,0.2869456896595567,0.00766002400328708,0.13082784098504413,1
210675,estrato_metropolitano,0.286945689659556,0.007660024003286414,0.13082784098503275,1
150620,estrato_interior_proximo_polo,0.12620219188150333,0.005552174879163055,0.12875820479894365,5
240800,estrato_metropolitano,0.27200846913011634,-0.007277196526153273,-0.12428941600338937,17
211130,estrato_capital,0.31752550466623375,-0.008878299875112572,-0.12366766220188483,1
150680,estrato_interior_proximo_polo,0.1257089178901259,0.005058900887785614,0.11731889047868883,5
230690,estrato_interior_proximo_polo,0.12569541174542648,0.005045394743086198,0.11700567503013047,1
270030,estrato_capital,0.31816117135753313,-0.008242633183813186,-0.11481333031870934,5
315400,estrato_metropolitano,0.2725820711125304,-0.0067035945437392,-0.11449269618739769,4
313600,estrato_metropolitano,0.2725820711125305,-0.006703594543739089,-0.11449269618739578,4
313700,estrato_metropolitano,0.27258207111253063,-0.006703594543738978,-0.11449269618739388,4
311430,estrato_metropolitano,0.2725820711125307,-0.006703594543738922,-0.11449269618739294,4
316860,estrato_interior_proximo_polo,0.11572520619462398,-0.004924810807716298,-0.11420926256407346,17
150580,estrato_interior_proximo_polo,0.11576666273768338,-0.0048833542646569,-0.11324786091919176,7
240050,estrato_interior_proximo_polo,0.12550486649009873,0.004854849487758453,0.11258681835812032,3
313270,estrato_interior_proximo_polo,0.11589837510900743,-0.004751641893332853,-0.11019337347047281,3
500270,estrato_capital,0.3342870487200129,0.007883244178666593,0.10980732706214814,2
315240,estrato_interior_proximo_polo,0.11605622515030482,-0.004593791852035456,-0.1065327380641263,2
317052,estrato_interior_proximo_polo,0.11605622515030484,-0.004593791852035442,-0.10653273806412598,2
313980,estrato_interior_proximo_polo,0.116056225150305,-0.0045937918520352755,-0.10653273806412211,2
310470,estrato_interior_proximo_polo,0.11605622515030517,-0.004593791852035109,-0.10653273806411825,2
316070,estrato_interior_proximo_polo,0.12522311765071908,0.004573100648378806,0.10605289686748856,3
521720,estrato_metropolitano,0.2731372963678263,-0.006148369288443312,-0.10500983799014399,4
130340,estrato_interior_proximo_polo,0.11621537736746348,-0.004434639634876794,-0.10284190443278184,9
310730,estrato_metropolitano,0.2732930156107633,-0.005992650045506309,-0.10235026246602925,8
210230,estrato_interior_proximo_polo,0.12503190155808588,0.004381884555745605,0.10161848308334802,1
210540,estrato_interior_proximo_polo,0.12503190155808588,0.004381884555745605,0.10161848308334802,1
150620,estrato_metropolitano,0.28520653327903933,0.005920867622769721,0.10112426899874069,5
310730,estrato_capital,0.31916362267096715,-0.00724018187037917,-0.10084998011118756,8
150803,estrato_interior_proximo_polo,0.12496256316887697,0.004312546166536688,0.10001048500827002,1
210090,estrato_interior_proximo_polo,0.11635940618681122,-0.004290610815529061,-0.0995017913019575,1
150630,estrato_interior_proximo_polo,0.12489509915877117,0.004245082156430893,0.0984459548883057,2
230690,estrato_metropolitano,0.28498996540818267,0.005704299751913056,0.0974254415591991,1
210440,estrato_capital,0.3332836254474184,0.006879820906072087,0.09583043823587906,1
210675,estrato_capital,0.3332836254474177,0.0068798209060713655,0.09583043823586901,1
311940,estrato_metropolitano,0.2848806827617886,0.005595017105518962,0.09555897055614011,5
240050,estrato_metropolitano,0.28470376645326334,0.00541810079699373,0.09253736400902383,3
330330,estrato_metropolitano,0.2738932973281118,-0.005392368328157815,-0.09209787147746348,2
150620,estrato_capital,0.3330100977013086,0.0066062931599623065,0.09202041408884963,5
210300,estrato_metropolitano,0.28462467767420807,0.00533901201793846,0.0911865830969139,10
314870,estrato_metropolitano,0.2845971433463099,0.0053114776900403116,0.09071631607551249,9
316210,estrato_metropolitano,0.28459714334630953,0.005311477690039923,0.09071631607550586,9
314220,estrato_metropolitano,0.2845317426910645,0.005246077034794905,0.0895993187239256,1
314760,estrato_metropolitano,0.2845317426910645,0.005246077034794905,0.0895993187239256,1
314400,estrato_metropolitano,0.28453174269106396,0.00524607703479435,0.08959931872391612,1
210540,estrato_metropolitano,0.28451881056713524,0.005233144910865628,0.08937844711147473,1
210230,estrato_metropolitano,0.28451881056713524,0.005233144910865628,0.08937844711147473,1
230730,estrato_metropolitano,0.2844436940050237,0.005158028348754062,0.08809550888059478,2
310670,estrato_metropolitano,0.2844319633154472,0.005146297659177568,0.08789515692479151,4
150240,estrato_interior_proximo_polo,0.12440203815569204,0.003752021153351756,0.08701157989210492,6
120020,estrato_interior_proximo_polo,0.11695075468536711,-0.0036992623169731648,-0.08578807140989143,5
210090,estrato_metropolitano,0.27431606023559696,-0.004969605420672651,-0.0848773773365692,1
314870,estrato_capital,0.3324142603679955,0.006010455826649164,0.08372087351239356,9
316210,estrato_capital,0.3324142603679951,0.006010455826648775,0.08372087351238815,9
150580,estrato_metropolitano,0.27439168267917863,-0.004893982977090983,-0.08358579900475752,7
240260,estrato_capital,0.3323992508639615,0.005995446322615172,0.08351180304836286,7
150580,estrato_capital,0.32045463973798444,-0.005949164803361884,-0.08286713826234345,7
313700,estrato_capital,0.3205228470336208,-0.005880957507725548,-0.08191706483442249,4
313600,estrato_capital,0.32052284703362094,-0.005880957507725382,-0.08191706483442017,4
315400,estrato_capital,0.320522847033621,-0.005880957507725326,-0.08191706483441939,4
311430,estrato_capital,0.3205228470336219,-0.005880957507724438,-0.08191706483440703,4
120040,estrato_metropolitano,0.2840735697248817,0.00478790406861207,0.08177404559975632,10
150170,estrato_interior_proximo_polo,0.11726870789560327,-0.003381309106737007,-0.07841454924046005,8
130270,estrato_interior_proximo_polo,0.11728316710926459,-0.003366849893075688,-0.07807923156146857,1
130080,estrato_interior_proximo_polo,0.11728316710926484,-0.003366849893075438,-0.07807923156146278,1
150630,estrato_metropolitano,0.28384966932844685,0.0045640036721772415,0.07794998376278374,2
431490,estrato_capital,0.331998052014569,0.00559424747322268,0.07792342188526023,1
150630,estrato_capital,0.3319631567636208,0.005559352222274494,0.07743735876873867,2
310150,estrato_interior_proximo_polo,0.11731593109731533,-0.0033340859050249444,-0.07731941538577496,5
150140,estrato_capital,0.3319097218335878,0.00550591729224148,0.07669305265494902,9
150810,estrato_interior_proximo_polo,0.11734494184216007,-0.003305075160180207,-0.0766466391300941,7
240800,estrato_capital,0.3209059356225243,-0.005497868918822035,-0.07658094520878124,17
231290,estrato_interior_proximo_polo,0.11736717893035484,-0.0032828380719854416,-0.07613094796073645,21
311230,estrato_interior_proximo_polo,0.11737070335407676,-0.0032793136482635182,-0.076049214499298,3
130395,estrato_interior_proximo_polo,0.12389262171861745,0.0032426047162771726,0.07519791275079095,1
130170,estrato_interior_proximo_polo,0.1238926217186172,0.003242604716276923,0.07519791275078516,1
521720,estrato_capital,0.32101562246028437,-0.005388182081061954,-0.07505309472040893,4
430900,estrato_interior_proximo_polo,0.11743477792651828,-0.003215239075821996,-0.07456328743460981,1
316970,estrato_interior_proximo_polo,0.12385959582342199,0.0032095788210817072,0.07443202279418945,4
241220,estrato_capital,0.3210848013052278,-0.0053190032361185025,-0.07408948838267246,6
313270,estrato_metropolitano,0.2749611600830063,-0.004324505573263304,-0.07385952410006111,3
150803,estrato_metropolitano,0.28358950661672916,0.0043038409604595484,0.07350658699741663,1
316070,estrato_metropolitano,0.2835268124218337,0.0042411467655640855,0.07243581409162035,3
130080,estrato_capital,0.32124104289748745,-0.005162761643858871,-0.07191316715842413,1
130270,estrato_capital,0.3212410428974882,-0.005162761643858094,-0.07191316715841331,1
310470,estrato_metropolitano,0.27510121209134786,-0.004184453564921753,-0.07146753396150776,2
317052,estrato_metropolitano,0.27510121209134836,-0.004184453564921253,-0.07146753396149923,2
315240,estrato_metropolitano,0.27510121209134836,-0.004184453564921253,-0.07146753396149923,2
313980,estrato_metropolitano,0.2751012120913484,-0.004184453564921198,-0.07146753396149828,2
240200,estrato_interior_proximo_polo,0.11759215903623864,-0.0030578579661016403,-0.07091352682766126,3
210530,estrato_metropolitano,0.2751356349885719,-0.004150030667697702,-0.07087961500429038,8
312200,estrato_interior_proximo_polo,0.12369695537290885,0.003046938370568575,0.07066029497733814,2
431010,estrato_metropolitano,0.27519996314487977,-0.004085702511389844,-0.06978093518283107,1
220390,estrato_capital,0.3313861246972363,0.004982320155889952,0.06939976061716752,17
150803,estrato_capital,0.33138058710841134,0.004976782567065019,0.06932262640522967,1
130170,estrato_capital,0.33137604737576065,0.004972242834414331,0.06925939153686192,1
130395,estrato_capital,0.3313760473757606,0.0049722428344142755,0.06925939153686114,1
150747,estrato_interior_proximo_polo,0.12354944646962429,0.002899429467284012,0.06723947665080078,2
150270,estrato_interior_proximo_polo,0.12352699781686471,0.002876980814524435,0.06671887917460714,2
140047,estrato_metropolitano,0.28318871916804744,0.003903053511777832,0.06666141829005585,8
230420,estrato_metropolitano,0.2753980301059388,-0.003887635550330837,-0.06639809031515193,6
350750,estrato_metropolitano,0.283145424990361,0.003859759334091384,0.06592198408051417,5
150680,estrato_capital,0.331076513730616,0.004672709189269653,0.06508712588162219,5
150220,estrato_interior_proximo_polo,0.11785732230531798,-0.0027926946970222993,-0.0647642344785662,13
520970,estrato_metropolitano,0.27550536414366344,-0.0037803015126061656,-0.06456490018236642,1
330620,estrato_interior_proximo_polo,0.11786883740433295,-0.002781179598007333,-0.06449719255184061,1
150510,estrato_interior_proximo_polo,0.11791413551573932,-0.0027358814866009634,-0.06344670267491766,2
353440,estrato_metropolitano,0.2755814819455116,-0.0037041837107580355,-0.06326486147856537,3
520025,estrato_metropolitano,0.27560185399800274,-0.0036838116582668667,-0.06291692110100129,1
230810,estrato_interior_proximo_polo,0.11793812505073797,-0.002711891951602305,-0.06289037123226426,5
211220,estrato_capital,0.3219162593480194,-0.004487545193326947,-0.06250793855698777,6
310030,estrato_interior_proximo_polo,0.11795762941003882,-0.0026923875923014623,-0.062438053655100946,2
310090,estrato_interior_proximo_polo,0.12330551964291922,0.002655502640578941,0.061582669905264266,9
521800,estrato_capital,0.3307884744283835,0.004384669887037174,0.061074967289276694,9
350760,estrato_metropolitano,0.28285088945935133,0.0035652238030817185,0.060891523653909436,2
431405,estrato_metropolitano,0.2827822632094463,0.003496597553176717,0.059719435406389756,4
317040,estrato_metropolitano,0.2827796361136665,0.003493970457396911,0.059674566451829635,1
316870,estrato_metropolitano,0.28277963611366563,0.003493970457396023,0.059674566451814466,1
430900,estrato_metropolitano,0.2757936137020347,-0.0034920519542349093,-0.05964179976252162,1
230550,estrato_interior_proximo_polo,0.11808564895929638,-0.002564368043043899,-0.05946920492459077,7
251080,estrato_capital,0.33060753748523725,0.0042037329438909254,0.058554659451108736,10
330620,estrato_metropolitano,0.27591487330863307,-0.003370792347636542,-0.05757077067395054,1
210230,estrato_capital,0.3305295954623809,0.0041257909210346,0.05746898900862377,1
210540,estrato_capital,0.3305295954623809,0.0041257909210346,0.05746898900862377,1
240050,estrato_capital,0.3304945714407383,0.004090766899391973,0.05698113221865508,3
130270,estrato_metropolitano,0.27596746275790257,-0.0033182028983670397,-0.056672579740923566,1
130080,estrato_metropolitano,0.2759674627579032,-0.003318202898366429,-0.05667257974091314,1
150420,estrato_interior_proximo_polo,0.11824178971969439,-0.0024082272826458917,-0.055848208748796674,4
430535,estrato_metropolitano,0.2825326985259799,0.003247032869710287,0.05545704553528515,1
314220,estrato_capital,0.3303804245607376,0.003976620019391253,0.05539115688600174,1
314760,estrato_capital,0.3303804245607372,0.003976620019390864,0.05539115688599633,1
314400,estrato_capital,0.33038042456073674,0.00397662001939042,0.055391156885990146,1
313270,estrato_capital,0.32243117788258807,-0.003972626658758249,-0.0553355325456709,3
210330,estrato_metropolitano,0.28249713474948984,0.0032114690932202317,0.05484964115985865,1
160060,estrato_metropolitano,0.2760768535741397,-0.0032088120821299193,-0.054804261272763034,1
317010,estrato_interior_proximo_polo,0.11829494033824647,-0.0023550766640938053,-0.05461561460728223,3
130395,estrato_metropolitano,0.2824814185735409,0.0031957529172713106,0.05458121989028351,1
130170,estrato_metropolitano,0.28248141857354037,0.0031957529172707555,0.05458121989027403,1
230110,estrato_metropolitano,0.27609171516201103,-0.0031939504942585795,-0.054550435768563235,6
210090,estrato_capital,0.32253535559354224,-0.0038684489478040818,-0.053884419815928564,1
230690,estrato_capital,0.33026897025046464,0.0038651657091183234,0.05383868691003104,1
420540,estrato_metropolitano,0.28243648203196803,0.0031508163756984175,0.053813735256711404,1
522045,estrato_metropolitano,0.27613862917049736,-0.0031470364857722477,-0.05374917738613689,1
315240,estrato_capital,0.3225760502677888,-0.0038277542735575265,-0.05331757534131851,2
317052,estrato_capital,0.3225760502677889,-0.0038277542735574155,-0.05331757534131696,2
313980,estrato_capital,0.32257605026778924,-0.0038277542735570824,-0.053317575341312325,2
310470,estrato_capital,0.32257605026778957,-0.0038277542735567494,-0.05331757534130768,2
110140,estrato_interior_proximo_polo,0.12292893165190144,0.0022789146495611617,0.052849372642913034,2
431270,estrato_interior_proximo_polo,0.11837545436397137,-0.002274562638368907,-0.05274844694071972,2
431340,estrato_metropolitano,0.2762010497192957,-0.0030846159369739,-0.05268307816387792,3
351880,estrato_metropolitano,0.28236900890412286,0.003083343247853254,0.052661341525738425,12
251080,estrato_metropolitano,0.2762210581302297,-0.003064607526039931,-0.05234134852923063,10
130340,estrato_capital,0.3301235683706097,0.0037197638292633672,0.05181335426590319,9
210005,estrato_metropolitano,0.2762826900239095,-0.0030029756323601275,-0.05128871898361976,5
230410,estrato_metropolitano,0.27628311793121685,-0.003002547725052762,-0.05128141062673467,7
310150,estrato_metropolitano,0.27628734885379086,-0.002998316802478751,-0.05120914943466853,5
330510,estrato_metropolitano,0.2762882668530607,-0.0029973988032089283,-0.05119347065057527,1
291840,estrato_capital,0.3227591177680738,-0.0036446867732725097,-0.05076759053523491,10
150747,estrato_metropolitano,0.2822510058842303,0.002965340227960689,0.0506459326555267,2
316970,estrato_metropolitano,0.28223969890033196,0.0029540332440623485,0.05045281729572655,4
171610,estrato_metropolitano,0.27634843286048655,-0.0029372327957830624,-0.05016587741472661,4
351050,estrato_metropolitano,0.2763493276453205,-0.0029363380109491133,-0.05015059511692683,6
420420,estrato_capital,0.32998888396242176,0.0035850794210754433,0.04993730748555789,3
510629,estrato_interior_proximo_polo,0.11850253843714778,-0.0021474785651924982,-0.04980129245137867,3
220390,estrato_interior_proximo_polo,0.12278637230983741,0.0021363553074971314,0.04954333755558703,17
311230,estrato_capital,0.3228702202261647,-0.003533584315181637,-0.049220021580564204,3
317080,estrato_interior_proximo_polo,0.11853075789908481,-0.002119259103255472,-0.04914686651226788,1
150085,estrato_interior_proximo_polo,0.1185310316131946,-0.002118985389145678,-0.04914051892088752,3
291080,estrato_metropolitano,0.2764099078212382,-0.0028757578350314117,-0.04911592817353265,5
120040,estrato_interior_proximo_polo,0.12276693447322262,0.002116917470882343,0.04909256267868463,10
270240,estrato_capital,0.3228946328478788,-0.0035091716934675388,-0.04887997315934964,3
150060,estrato_interior_proximo_polo,0.12274406108080235,0.0020940440784620734,0.04856211523965518,6
314710,estrato_interior_proximo_polo,0.11855990898721518,-0.002090108015125103,-0.048470835613153275,3
311230,estrato_metropolitano,0.2764505155667647,-0.002835150089504912,-0.048422376342334435,3
312200,estrato_metropolitano,0.28206064451837815,0.0027749788621085347,0.04739469395304818,2
150510,estrato_metropolitano,0.27651193833961935,-0.002773727316650265,-0.04737331843384226,2
420820,estrato_capital,0.32979164047268805,0.0033878359313417317,0.04718986241127217,1
312800,estrato_interior_proximo_polo,0.1186158165361622,-0.002034200466178082,-0.047174306632385185,4
316970,estrato_capital,0.32979035520531225,0.003386550663965926,0.047171959658052966,4
171820,estrato_metropolitano,0.28199457637268066,0.0027089107164110504,0.04626629633239084,5
240060,estrato_interior_proximo_polo,0.11870686206381188,-0.0019431549385283964,-0.04506290723480114,1
330620,estrato_capital,0.3231762948166639,-0.0032275097246824425,-0.04495664575423746,1
521040,estrato_interior_proximo_polo,0.11871462775363804,-0.001935389248702235,-0.044882816314971784,1
231130,estrato_interior_proximo_polo,0.11871733264305986,-0.001932684359280415,-0.04482008833652855,3
313520,estrato_interior_proximo_polo,0.11872539003243779,-0.0019246269699024904,-0.044633232732328984,7
231340,estrato_metropolitano,0.276673746152994,-0.002611919503275606,-0.044609754394195185,7
315765,estrato_interior_proximo_polo,0.12256645410991347,0.0019164371075731934,0.04444330500238152,2
313868,estrato_interior_proximo_polo,0.12256645410991285,0.001916437107572569,0.04444330500236704,2
315790,estrato_interior_proximo_polo,0.1225664541099125,0.001916437107572222,0.04444330500235899,2
140010,estrato_metropolitano,0.2818779641949689,0.0025922985386993003,0.04427464207177158,15
316070,estrato_capital,0.32957326571210377,0.0031694611707574483,0.04414807552580586,3
110020,estrato_metropolitano,0.2767099268517267,-0.0025757388045429264,-0.04399181341927192,5
261390,estrato_capital,0.3232657300603368,-0.0031380744810095007,-0.04371088387875808,2
220800,estrato_metropolitano,0.27673272297034945,-0.0025529426859201565,-0.043602471691233456,18
520140,estrato_capital,0.32327405604383136,-0.0031297484975149614,-0.043594909544844504,3
522020,estrato_interior_proximo_polo,0.12252433506746893,0.0018743180651286523,0.04346653960665121,2
230190,estrato_metropolitano,0.27674813716548863,-0.0025375284907809825,-0.043339208042227274,2
150510,estrato_capital,0.32329319423049535,-0.0031106103108509697,-0.04332832981259716,2
130340,estrato_metropolitano,0.27675189940829237,-0.0025337662479772427,-0.043274951572134804,9
240200,estrato_capital,0.3232991760790651,-0.0031046284622812115,-0.04324500741544077,3
310150,estrato_capital,0.3233003943197964,-0.003103410221549918,-0.04322803829011752,5
310090,estrato_capital,0.3294180426894209,0.003014238148074555,0.041985942166364656,9
150810,estrato_capital,0.329413903221463,0.003010098680116702,0.041928282667101476,7
261390,estrato_metropolitano,0.2768512877585944,-0.0024343778976751995,-0.0415774682113122,2
261390,estrato_interior_proximo_polo,0.12243562988943642,0.0017856128870961385,0.04140941429478443,2
310030,estrato_metropolitano,0.2768668624690511,-0.002418803187218488,-0.04131146307318934,2
520490,estrato_interior_proximo_polo,0.12242598255306666,0.0017759655507263855,0.041185686883617546,2
330070,estrato_metropolitano,0.28168626974003896,0.002400604083769353,0.04100063514222045,9
150747,estrato_capital,0.32933398740654174,0.0029301828651954187,0.04081511886960717,2
354940,estrato_interior_proximo_polo,0.12240239149409565,0.0017523744917553735,0.040638596334684515,2
355710,estrato_interior_proximo_polo,0.12240239149409551,0.0017523744917552347,0.040638596334681296,2
431720,estrato_interior_proximo_polo,0.11889785313768164,-0.0017521638646586374,-0.04063371176828522,7
431270,estrato_metropolitano,0.276923193151822,-0.002362472504447599,-0.04034937449422845,2
431010,estrato_capital,0.32353166587741095,-0.002872138663935375,-0.04000660927033952,1
521250,estrato_metropolitano,0.2769445658841396,-0.002341099772129984,-0.039984343206615654,2
150613,estrato_interior_proximo_polo,0.11893474493616363,-0.0017152720661766513,-0.03977816923806489,2
120020,estrato_metropolitano,0.2769567808353056,-0.0023288848209639945,-0.03977572040228783,5
110140,estrato_capital,0.3292540961034961,0.002850291562149776,0.03970229650306239,2
110011,estrato_interior_proximo_polo,0.12236017244568217,0.0017101554433418958,0.03965951174164689,5
270240,estrato_metropolitano,0.2769657588104114,-0.0023199068458581995,-0.03962238288023769,3
521020,estrato_interior_proximo_polo,0.11895441322756903,-0.001695603774771251,-0.039322049978866846,1
520640,estrato_interior_proximo_polo,0.11895441322756903,-0.001695603774771251,-0.039322049978866846,1
312200,estrato_capital,0.3292199707453416,0.002816166203995274,0.03922695738136869,2
230190,estrato_capital,0.32921462136902463,0.0028108168276783085,0.039152444820105506,2
351300,estrato_metropolitano,0.27701056168218635,-0.002275103974083259,-0.03885718123312406,1
430900,estrato_capital,0.3236227082572229,-0.00278109628412343,-0.0387384612655396,1
270430,estrato_metropolitano,0.27701891958890607,-0.0022667460673635453,-0.03871443404449576,4
220840,estrato_interior_proximo_polo,0.11898226266066653,-0.0016677543416737522,-0.038676205226433044,7
310090,estrato_metropolitano,0.28154794649006426,0.00226228083379465,0.03863817098486803,9
110140,estrato_metropolitano,0.2815241432352146,0.002238477578944964,0.038231628075986165,2
221060,estrato_capital,0.323671130132418,-0.002732674408928326,-0.03806398302206464,6
150360,estrato_interior_proximo_polo,0.12228939311744762,0.0016393761151073383,0.03801809744207955,2
150085,estrato_metropolitano,0.27707543338369656,-0.002210232272573054,-0.03774921804058518,3
312950,estrato_interior_proximo_polo,0.11902522432254473,-0.001624792679795553,-0.037679898989866886,1
521800,estrato_metropolitano,0.28148694811882224,0.002201282462552634,0.03759636155845204,9
130260,estrato_metropolitano,0.2814846405933328,0.0021989749370631695,0.037556950640460794,5
150270,estrato_metropolitano,0.2814829013971901,0.002197235740920511,0.03752724638936499,2
230550,estrato_capital,0.32372292624984506,-0.0026808782915012652,-0.03734250426560872,7
351880,estrato_capital,0.32907815671010315,0.002674352168756833,0.03725160056170153,12
410690,estrato_metropolitano,0.28146513358180303,0.002179467925533418,0.03722378455620145,2
230730,estrato_capital,0.3290736943455259,0.0026698898041795927,0.03718944336911709,2
317080,estrato_capital,0.3237383024698488,-0.0026655020714975164,-0.037128325739526735,1
520510,estrato_interior_proximo_polo,0.12224255040947597,0.0015925334071356934,0.036931787461285254,1
521280,estrato_interior_proximo_polo,0.12224255040947543,0.0015925334071351521,0.03693178746127271,1
150240,estrato_capital,0.3290422383650603,0.0026384338237139815,0.03675128655743348,6
230765,estrato_metropolitano,0.27714445616638067,-0.00214120948988894,-0.03657035729113224,1
230370,estrato_metropolitano,0.2771444561663807,-0.0021412094898888845,-0.0365703572911313,1
150220,estrato_metropolitano,0.27715034383891035,-0.002135321817359259,-0.03646979997105668,13
316860,estrato_metropolitano,0.27715484754100356,-0.0021308181152660532,-0.03639287989599671,17
221100,estrato_capital,0.323797521527847,-0.0026062830134993,-0.03630345131948532,3
230810,estrato_capital,0.32382429633676457,-0.0025795082045817486,-0.03593049950761675,5
150170,estrato_capital,0.3289817604094477,0.002577955868101389,0.03590887669399509,8
522020,estrato_metropolitano,0.28138786826730605,0.002102202611036441,0.03590414714066174,2
220800,estrato_capital,0.32385119754225333,-0.002552606999092988,-0.03555578709195109,18
150085,estrato_capital,0.32385743950538304,-0.002546365035963283,-0.035468841505672255,3
290320,estrato_metropolitano,0.27720991117859417,-0.00207575447767544,-0.03545243156062968,10
220770,estrato_metropolitano,0.28135358493499035,0.0020679192787207423,0.0353186118542565,24
521040,estrato_metropolitano,0.2772203881547811,-0.002065277501488494,-0.035273492150779046,1
240060,estrato_metropolitano,0.2772396416454934,-0.002046024010776193,-0.03494465602438636,1
311940,estrato_capital,0.3289085284381891,0.002504723896842753,0.03488881352746724,5
230410,estrato_capital,0.323899257897521,-0.0025045466438253228,-0.034886344533786896,7
210140,estrato_metropolitano,0.2772432923513207,-0.0020423733049488857,-0.03488230452767392,7
210300,estrato_capital,0.3239072584564785,-0.0024965460848678234,-0.034774903105078706,10
311340,estrato_capital,0.32887902392552093,0.0024752193841746095,0.03447783911148662,18
312800,estrato_metropolitano,0.2772676608272314,-0.002018004829038189,-0.034466108039239364,4
354940,estrato_capital,0.32886845319193203,0.00246464865058571,0.0343305971925284,2
355710,estrato_capital,0.32886845319193175,0.0024646486505854326,0.03433059719252453,2
210860,estrato_interior_proximo_polo,0.1221295956107832,0.0014795786084429163,0.034312299167123236,7
110030,estrato_interior_proximo_polo,0.11918392494161013,-0.0014660920607301453,-0.03399953818422469,5
330070,estrato_interior_proximo_polo,0.11918511768121927,-0.0014648993211210104,-0.03397187785035423,9
240800,estrato_interior_proximo_polo,0.12211014646661095,0.001460129464270668,0.033861262061304985,17
221060,estrato_interior_proximo_polo,0.11919602037425867,-0.0014539966280816136,-0.033719037978812164,6
520970,estrato_capital,0.32399021461921695,-0.0024135899221293666,-0.03361938967847529,1
280350,estrato_capital,0.3288024409196277,0.0023986363782813602,0.03341109869536712,5
317080,estrato_metropolitano,0.277366311048425,-0.0019193546078445922,-0.032781231406226595,1
241120,estrato_interior_proximo_polo,0.11924483482591217,-0.001405182176428113,-0.032587002100991073,5
210300,estrato_interior_proximo_polo,0.11924991938877492,-0.0014000976135653542,-0.03246908809420192,10
210160,estrato_interior_proximo_polo,0.12204368298771498,0.0013936659853747008,0.03231993484925088,2
220190,estrato_metropolitano,0.277396589224837,-0.0018890764314326014,-0.03226410137540095,5
220770,estrato_interior_proximo_polo,0.12204022112396906,0.0013902041216287825,0.03223965219049389,24
210710,estrato_metropolitano,0.2774099118602244,-0.0018757537960452098,-0.03203656010095906,1
110034,estrato_interior_proximo_polo,0.11927265756504682,-0.00137735943729346,-0.03194177639727418,1
351390,estrato_interior_proximo_polo,0.11927773469161614,-0.0013722823107241433,-0.031824034842508744,1
355370,estrato_interior_proximo_polo,0.12201865920381184,0.001368642201471565,0.031739618565493954,2
240260,estrato_interior_proximo_polo,0.122018295666958,0.0013682786646177225,0.03173118793178775,7
317040,estrato_capital,0.3286667423905144,0.0022629378491680896,0.03152092601639351,1
316870,estrato_capital,0.3286667423905137,0.002262937849167368,0.031520926016383455,1
240310,estrato_interior_proximo_polo,0.12199935888820998,0.001349341885869701,0.031292032881859354,1
330040,estrato_capital,0.3241591643474633,-0.0022446401938830407,-0.031266054218334394,2
291460,estrato_capital,0.3241780931364321,-0.0022257114049142324,-0.031002391229585022,9
292870,estrato_capital,0.3241788768343671,-0.0022249277069792406,-0.030991474940108864,9
210330,estrato_capital,0.32862218043143065,0.0022183758900843342,0.030900213337103185,1
314710,estrato_capital,0.32418635052519307,-0.002217454016153253,-0.03088737236580177,3
314810,estrato_interior_proximo_polo,0.12197899381778414,0.0013289768154438608,0.030819754906884884,9
231130,estrato_capital,0.3242003441221792,-0.002203460419167136,-0.030692452679666873,3
510795,estrato_interior_proximo_polo,0.12196193967971372,0.0013119226773734421,0.030424259402847115,1
130250,estrato_metropolitano,0.27752089265455127,-0.001764773001718345,-0.03014108592145801,1
211060,estrato_interior_proximo_polo,0.11935628785771162,-0.0012937291446286636,-0.03000234066538804,1
210200,estrato_interior_proximo_polo,0.11935628785771177,-0.001293729144628511,-0.0300023406653845,1
350210,estrato_interior_proximo_polo,0.11935816072504696,-0.0012918562772933212,-0.029958907769059382,6
351050,estrato_capital,0.3242586795209187,-0.0021451250204276295,-0.029879886930907675,6
431720,estrato_metropolitano,0.2810281068931009,0.0017424412368313158,0.029759675029755593,7
510629,estrato_metropolitano,0.27756961027336857,-0.0017160553829010383,-0.02930902313874799,3
292400,estrato_interior_proximo_polo,0.11938865606500892,-0.0012613609373313545,-0.02925170287841872,5
290460,estrato_interior_proximo_polo,0.11938865606500906,-0.0012613609373312157,-0.029251702878415504,5
172100,estrato_capital,0.3285020176098461,0.002098213068499777,0.029226440718699037,1
291840,estrato_metropolitano,0.2775760297281929,-0.0017096359280767137,-0.029199383349811685,10
251620,estrato_metropolitano,0.27757851508530207,-0.0017071505709675416,-0.029156935192399872,7
354340,estrato_capital,0.32432834216565176,-0.002075462375694559,-0.028909541646548822,1
220700,estrato_capital,0.3243372763820903,-0.002066528159256009,-0.028785095111051835,6
221120,estrato_capital,0.32433727638209087,-0.002066528159255454,-0.0287850951110441,6
311340,estrato_interior_proximo_polo,0.12188385232860378,0.001233835326263505,0.028613367749532347,18
221120,estrato_metropolitano,0.2776153045630957,-0.0016703610931739221,-0.02852859669781538,6
220700,estrato_metropolitano,0.27761530456309624,-0.001670361093173367,-0.0285285966978059,6
315765,estrato_metropolitano,0.2809538443438112,0.0016681786875415994,0.028491322739286288,2
315790,estrato_metropolitano,0.2809538443438112,0.0016681786875415994,0.028491322739286288,2
313868,estrato_metropolitano,0.28095384434381077,0.0016681786875411553,0.0284913227392787,2
230280,estrato_capital,0.32436949607015086,-0.002034308471195456,-0.028336300459443825,6
150420,estrato_metropolitano,0.27764068144672216,-0.001644984209547451,-0.028095177312398932,4
500110,estrato_interior_proximo_polo,0.11944152445903575,-0.0012084925433045318,-0.02802565368983066,1
110011,estrato_metropolitano,0.28091955995716955,0.0016338943008999407,0.027905769445732646,5
220290,estrato_capital,0.32440103153559696,-0.0020027730057493587,-0.027897036485144047,5
220290,estrato_metropolitano,0.2776533485748274,-0.001632317081442236,-0.027878831642884697,5
210340,estrato_interior_proximo_polo,0.11945386581556036,-0.0011961511867799174,-0.02773945036492159,1
314270,estrato_interior_proximo_polo,0.12184587985099472,0.0011958628486544443,0.027732763634006403,1
314700,estrato_interior_proximo_polo,0.11945673483269834,-0.0011932821696419432,-0.027672916168095526,5
130420,estrato_interior_proximo_polo,0.11946330184894109,-0.001186715153399187,-0.02752062319449412,2
351300,estrato_capital,0.32443281262052215,-0.001970991920824172,-0.027454351226679788,1
510250,estrato_interior_proximo_polo,0.11946721383934189,-0.0011828031629983887,-0.02742990183355719,15
310030,estrato_capital,0.32443489031400685,-0.001968914227339469,-0.02742541060745768,2
314710,estrato_metropolitano,0.2776861860698268,-0.001599479586442798,-0.02731799024443867,3
314800,estrato_interior_proximo_polo,0.11947389926619797,-0.0011761177361423042,-0.02727486284810761,3
230250,estrato_metropolitano,0.28088207412882493,0.0015964084725553218,0.027265537771816485,3
291072,estrato_interior_proximo_polo,0.11948057257243475,-0.0011694444299055334,-0.02712010494695704,3
231140,estrato_metropolitano,0.2776979004660861,-0.0015877651901834988,-0.027117916567072943,2
430930,estrato_metropolitano,0.27770008503575716,-0.00158558062051245,-0.027080605648279205,2
210910,estrato_interior_proximo_polo,0.12181718292605673,0.0011671659237164483,0.027067265046753084,4
291840,estrato_interior_proximo_polo,0.11949021551272826,-0.0011598014896120196,-0.026896479483386734,10
351390,estrato_metropolitano,0.27771334952322263,-0.0015723161330469804,-0.026854057499587258,1
231180,estrato_metropolitano,0.27771559114207983,-0.0015700745141897787,-0.026815772220680403,4
431020,estrato_interior_proximo_polo,0.12180537143593931,0.001155354433599029,0.026793349635834213,5
520640,estrato_capital,0.3244886281846374,-0.001915176356708903,-0.026676884771873067,1
521020,estrato_capital,0.3244886281846374,-0.001915176356708903,-0.026676884771873067,1
292810,estrato_interior_proximo_polo,0.12179758325403217,0.0011475662516918922,0.02661273711140276,3
150060,estrato_metropolitano,0.28083684918683616,0.0015511835305665467,0.026493127461283992,6
430535,estrato_capital,0.3283041735868396,0.0019003690454932887,0.026470630693131717,1
150613,estrato_metropolitano,0.27773849135088685,-0.0015471743053827591,-0.02642465270525285,2
330350,estrato_metropolitano,0.2808170071808254,0.001531341524555807,0.026154239906090514,1
330250,estrato_metropolitano,0.28081700718082525,0.0015313415245556405,0.02615423990608767,1
330490,estrato_metropolitano,0.28081700718082514,0.0015313415245555295,0.02615423990608577,1
330045,estrato_metropolitano,0.28081700718082514,0.0015313415245555295,0.02615423990608577,1
330200,estrato_metropolitano,0.28081700718082514,0.0015313415245555295,0.02615423990608577,1
330190,estrato_metropolitano,0.2808170071808247,0.0015313415245550854,0.026154239906078187,1
355500,estrato_interior_proximo_polo,0.1217774228005835,0.0011274057982432195,0.026145204324615777,8
312950,estrato_metropolitano,0.2777703133504272,-0.0015153523058424323,-0.025881155257477032,1
293050,estrato_metropolitano,0.28080041029105385,0.0015147446347842375,0.02587077666172608,3
150220,estrato_capital,0.32457192667984136,-0.0018318778615049602,-0.025516602926056734,13
240060,estrato_capital,0.3245721316754938,-0.0018316728658525072,-0.025513747499515953,1
430700,estrato_interior_proximo_polo,0.12174098179252142,0.0010909647901811426,0.02530011588967726,3
230280,estrato_metropolitano,0.2778100193369142,-0.0014756463193554281,-0.02520300483862104,6
330010,estrato_metropolitano,0.2778123412282009,-0.0014733244280686897,-0.025163348562881483,7
211060,estrato_metropolitano,0.2778283798056728,-0.00145728585059679,-0.02488942090126847,1
210200,estrato_metropolitano,0.2778283798056732,-0.0014572858505964015,-0.02488942090126183,1
210990,estrato_metropolitano,0.2778488914421841,-0.001436774214085501,-0.02453909652647664,8
110002,estrato_interior_proximo_polo,0.11959227824926363,-0.0010577387530766452,-0.024529584524353432,6
292400,estrato_metropolitano,0.27784960184207874,-0.0014360638141908688,-0.02452696339420305,5
290460,estrato_metropolitano,0.2778496018420791,-0.0014360638141905357,-0.02452696339419736,5
510350,estrato_interior_proximo_polo,0.11959243329456215,-0.0010575837077781286,-0.02452598893258372,3
521040,estrato_capital,0.3246488905713956,-0.0017549139699507,-0.024444557075346596,1
353440,estrato_capital,0.3246497913294283,-0.0017540132119180374,-0.0244320102317306,3
431800,estrato_interior_proximo_polo,0.1217020037599964,0.0010519867576561232,0.02439619236353774,2
280350,estrato_interior_proximo_polo,0.1196016645737715,-0.00104835242856878,-0.024311910131958353,5
431270,estrato_capital,0.3246643923368101,-0.001739412204536217,-0.02422862980145658,2
350210,estrato_capital,0.3246675564103424,-0.0017362481310039257,-0.02418455677145337,6
352010,estrato_interior_proximo_polo,0.11961344705894002,-0.0010365699434002618,-0.024038667362883816,3
410690,estrato_interior_proximo_polo,0.1216746114552015,0.0010245944528612244,0.023760948685617365,2
270030,estrato_interior_proximo_polo,0.11962741936560231,-0.001022597636737968,-0.023714641343910787,5
210140,estrato_interior_proximo_polo,0.1216720349910411,0.0010220179887008157,0.023701198964608386,7
241250,estrato_interior_proximo_polo,0.1196282133038018,-0.0010218036985384787,-0.023696229449560846,1
110034,estrato_capital,0.3247027259541504,-0.0017010785871959255,-0.023694672973358862,1
230420,estrato_interior_proximo_polo,0.12166825877657148,0.001018241774231196,0.023613626327466,6
352590,estrato_capital,0.324710622125442,-0.0016931824159043263,-0.02358468558188597,3
522020,estrato_capital,0.3280844803136469,0.0016806757723005772,0.02341047797477378,2
510795,estrato_metropolitano,0.28065570469396245,0.0013700390376928384,0.023399306489074463,1
500830,estrato_capital,0.32806532215876816,0.0016615176174218371,0.02314362010116255,5
311050,estrato_interior_proximo_polo,0.1196524275719045,-0.0009975894304357774,-0.023134686313892518,1
522045,estrato_capital,0.32474688718546296,-0.0016569173558833583,-0.023079542113486593,1
293290,estrato_metropolitano,0.28063092087854014,0.001345255222270525,0.02297601629289731,5
510629,estrato_capital,0.3247564617374532,-0.0016473428038931148,-0.0229461762125912,3
270030,estrato_metropolitano,0.28062781481266025,0.0013421491563906374,0.022922966864742954,5
270430,estrato_interior_proximo_polo,0.11966211677348222,-0.0009879002288580574,-0.022909988023900905,4
220190,estrato_capital,0.32476150476556875,-0.001642299775777567,-0.022875930838337017,5
354340,estrato_metropolitano,0.2806182923610302,0.0013326267047605866,0.02276033006528783,1
220390,estrato_metropolitano,0.2806137449932118,0.0013280793369421784,0.022682664210247176,17
160027,estrato_capital,0.3247822484773266,-0.0016215560640197024,-0.022586987417347607,1
355500,estrato_metropolitano,0.2779672717735523,-0.001318393882717317,-0.02251724344072291,8
313868,estrato_capital,0.32801543061996374,0.001611626078617423,0.022448670611464414,2
315765,estrato_capital,0.3280154306199633,0.001611626078616979,0.022448670611458228,2
315790,estrato_capital,0.3280154306199632,0.001611626078616868,0.02244867061145668,2
314700,estrato_capital,0.32480049393800237,-0.0016033106033439548,-0.022332842648720097,5
520490,estrato_capital,0.32800162406631655,0.0015978195249702343,0.022256356290408535,2
313520,estrato_capital,0.32480752847241495,-0.0015962760689313682,-0.022234857174280122,7
220220,estrato_interior_proximo_polo,0.11969131097630573,-0.0009587060260345531,-0.022232957269664774,6
210910,estrato_metropolitano,0.28058716800495836,0.0013015023486887545,0.022228747878968284,4
355370,estrato_capital,0.32799626084203926,0.0015924563006929349,0.022181650838062054,2
313520,estrato_metropolitano,0.27799210750045356,-0.0012935581558160547,-0.022093066632870608,7
500110,estrato_metropolitano,0.2779944061215403,-0.0012912595347293054,-0.02205380779583654,1
110030,estrato_metropolitano,0.2780008717021625,-0.001284793954107133,-0.021943380210603047,5
110034,estrato_metropolitano,0.27800094481806104,-0.001284720838208575,-0.02194213144230338,1
240580,estrato_interior_proximo_polo,0.11970713331226726,-0.0009428836900730181,-0.021866027981868257,1
350760,estrato_interior_proximo_polo,0.11970830235854801,-0.0009417146437922658,-0.02183891711023461,2
293330,estrato_metropolitano,0.2805608731063085,0.0012752074500388955,0.02177964944039872,10
510250,estrato_capital,0.32796335425486667,0.0015595497135203473,0.021723288227661397,15
292400,estrato_capital,0.3248547770209441,-0.001549027520402202,-0.021576722438888543,5
290460,estrato_capital,0.32485477702094445,-0.0015490275204018689,-0.021576722438883904,5
241120,estrato_metropolitano,0.2780440031525996,-0.0012416625036700268,-0.021206725268422894,5
241120,estrato_capital,0.32488377052512074,-0.0015200340162255799,-0.02117286596512667,5
130190,estrato_metropolitano,0.2805252661537828,0.0012396004975132047,0.021171507648546098,1
230280,estrato_interior_proximo_polo,0.1197408686970245,-0.0009091483053157851,-0.021083684544552436,6
210005,estrato_capital,0.3248972032898627,-0.001506601251483608,-0.02098575822649259,5
330220,estrato_capital,0.3249042426835568,-0.0014995618577895442,-0.020887705066123016,2
411820,estrato_capital,0.3249066300093716,-0.001497174531974732,-0.02085445151458894,3
411990,estrato_capital,0.32490663000937176,-0.0014971745319745655,-0.020854451514586623,3
431560,estrato_metropolitano,0.28049867354827984,0.0012130078920102316,0.0207173245855912,4
230260,estrato_interior_proximo_polo,0.11975842650235295,-0.000891590499987327,-0.020676508700220534,5
410480,estrato_metropolitano,0.280493836749647,0.001208171093377397,0.020634715455105236,1
311940,estrato_interior_proximo_polo,0.12153869920568415,0.0008886822033438713,0.020609063588532952,5
317040,estrato_interior_proximo_polo,0.12153090262176763,0.0008808856194273545,0.020428256216556525,1
316870,estrato_interior_proximo_polo,0.1215309026217675,0.0008808856194272158,0.020428256216553305,1
210663,estrato_interior_proximo_polo,0.11977396664492812,-0.0008760503574121586,-0.020316123643221048,1
350760,estrato_capital,0.32785001694598126,0.001446212404634939,0.020144589577326198,2
521250,estrato_capital,0.3249601846485917,-0.0014436198927545996,-0.02010847794694853,2
261000,estrato_interior_proximo_polo,0.1197884682094808,-0.0008615487928594762,-0.019979823822120876,2
431010,estrato_interior_proximo_polo,0.11978924260250315,-0.0008607743998371303,-0.019961865191937905,1
170950,estrato_metropolitano,0.280454231427211,0.0011685657709413766,0.019958284307683555,4
170255,estrato_metropolitano,0.2804487787911438,0.0011631131348742163,0.01986515710546622,2
421870,estrato_capital,0.3249786959943213,-0.0014251085470250446,-0.019850629610804568,1
420900,estrato_capital,0.32497869599432133,-0.0014251085470249891,-0.019850629610803795,1
420240,estrato_capital,0.3249786959943217,-0.0014251085470246005,-0.019850629610798382,1
350210,estrato_metropolitano,0.2781263228095423,-0.001159342846727307,-0.019800763226551485,6
312800,estrato_capital,0.3249857304291525,-0.0014180741121938012,-0.01975264552345357,4
431560,estrato_capital,0.3278177426414183,0.0014139381000719542,0.019695034161239813,4
150360,estrato_metropolitano,0.28043748930339935,0.001151823647129735,0.01967234056771075,2
292810,estrato_capital,0.3278157631935068,0.0014119586521604832,0.019667462024782898,3
291072,estrato_capital,0.324992010817972,-0.0014117937233742994,-0.01966516469785048,3
311830,estrato_interior_proximo_polo,0.12149516037624424,0.000845143373903956,0.01959937249635036,4
316470,estrato_interior_proximo_polo,0.1214951603762438,0.0008451433739035258,0.019599372496340382,4
520970,estrato_interior_proximo_polo,0.11980803192549548,-0.0008419850768447978,-0.01952612972781201,1
355010,estrato_interior_proximo_polo,0.12149059057550969,0.000840573573169412,0.019493396126427826,1
230540,estrato_interior_proximo_polo,0.11981270279363489,-0.000837314208705392,-0.019417809545258045,6
500270,estrato_interior_proximo_polo,0.11981288836975368,-0.0008371286325866006,-0.019413505925788346,2
261000,estrato_metropolitano,0.280421312585895,0.0011356469296253668,0.01939605357116697,2
330370,estrato_interior_proximo_polo,0.1214834405004054,0.0008334234980651167,0.019327581674498055,1
150613,estrato_capital,0.3250164223638713,-0.0013873821774750272,-0.019325131261881557,2
210360,estrato_metropolitano,0.27815737964485304,-0.0011282860114165683,-0.019270334247505405,5
522045,estrato_interior_proximo_polo,0.11982588554655137,-0.0008241314557889123,-0.01911209374257248,1
500370,estrato_capital,0.32777574272209936,0.0013719381807530406,0.01911000865997266,3
160060,estrato_interior_proximo_polo,0.11982945266676973,-0.0008205643355705533,-0.019029370124240205,1
150270,estrato_capital,0.32776615889177013,0.0013623543504238111,0.01897651351918814,2
430535,estrato_interior_proximo_polo,0.1214669102579134,0.0008168932555731173,0.018944235617415303,1
250370,estrato_capital,0.3277582613439848,0.0013544568026384596,0.0188665069542511,1
241250,estrato_capital,0.3250506324888112,-0.001353172052535101,-0.018848611406226037,1
231330,estrato_interior_proximo_polo,0.1198396494558921,-0.0008103675464481847,-0.018792900580199567,1
312950,estrato_capital,0.3250566874102461,-0.001347117131100195,-0.01876427116212481,1
210910,estrato_capital,0.32774875465864844,0.0013449501173021239,0.018734086381915042,4
280350,estrato_metropolitano,0.28037719113323206,0.0010915254769624516,0.018642490084872933,5
521250,estrato_interior_proximo_polo,0.1198465873418287,-0.0008034296605115843,-0.018632006920014432,2
211060,estrato_capital,0.32509494889588714,-0.0013088556454591838,-0.01823131907127928,1
210200,estrato_capital,0.32509494889588764,-0.0013088556454586842,-0.01823131907127232,1
314810,estrato_capital,0.3250984194157609,-0.0013053851255854232,-0.01818297748725414,9
312430,estrato_interior_proximo_polo,0.11986832688520234,-0.0007816901171379398,-0.018127854108033626,4
510350,estrato_metropolitano,0.27822649463868077,-0.0010591710175888447,-0.018089898596351368,3
316710,estrato_interior_proximo_polo,0.12142889030697727,0.0007788733046369956,0.018062530567480545,1
313250,estrato_interior_proximo_polo,0.1214288903069771,0.0007788733046368151,0.018062530567476365,1
431560,estrato_interior_proximo_polo,0.11987223838466693,-0.0007777786176733498,-0.018037144132196453,4
431405,estrato_capital,0.3276944386843668,0.001290634143020497,0.01797750802185584,4
314270,estrato_metropolitano,0.2803255715505706,0.0010399058943009742,0.017760863793721347,1
421480,estrato_interior_proximo_polo,0.12141324318700814,0.0007632261846678562,0.017699664641722138,2
280030,estrato_capital,0.32513349633411803,-0.0012703082072282879,-0.017694383888086224,2
120010,estrato_capital,0.3251344956359252,-0.001269308905421096,-0.017680464407997927,3
314700,estrato_metropolitano,0.2782562128707746,-0.0010294527854949886,-0.017582332022008623,5
291072,estrato_metropolitano,0.2782573187603974,-0.001028346895872223,-0.01756344420238141,3
316860,estrato_capital,0.3251472057463893,-0.0012565987949570423,-0.017503422669204745,17
210330,estrato_interior_proximo_polo,0.1214020128372486,0.0007519958349083145,0.017439226217902025,1
210663,estrato_metropolitano,0.2782703716687507,-0.0010152939875189282,-0.01734050967662739,1
351390,estrato_capital,0.3251597536606999,-0.0012440508806464412,-0.01732864019394149,1
420460,estrato_capital,0.3251796478204835,-0.0012241567208628457,-0.017051530356865074,3
220800,estrato_interior_proximo_polo,0.11991630334711628,-0.000733713655223997,-0.017015251705716043,18
352010,estrato_metropolitano,0.27829056323262347,-0.0009951024236461437,-0.016995651918158952,3
220770,estrato_capital,0.32518366496940154,-0.0012201395719447783,-0.016995574664626426,24
500320,estrato_capital,0.3251859861799606,-0.0012178183613857363,-0.016963242046067358,3
120038,estrato_capital,0.32762026153870194,0.0012164569973556194,0.016944279326923096,1
120030,estrato_capital,0.32762026153870194,0.0012164569973556194,0.016944279326923096,1
120045,estrato_capital,0.32762026153870194,0.0012164569973556194,0.016944279326923096,1
120033,estrato_capital,0.32762026153870194,0.0012164569973556194,0.016944279326923096,1
110002,estrato_metropolitano,0.27829452542893246,-0.0009911402273371506,-0.016927980382346268,6
411990,estrato_metropolitano,0.2782977504763701,-0.00098791517989949,-0.01687289883258057,3
411820,estrato_metropolitano,0.2782977504763704,-0.0009879151798992125,-0.016872898832575832,3
421480,estrato_capital,0.3276135575555629,0.0012097530142165525,0.01685089816905375,2
521308,estrato_interior_proximo_polo,0.1213706278422796,0.000720610839939323,0.016711389703782647,1
110001,estrato_interior_proximo_polo,0.11993305940260689,-0.0007169575997333921,-0.016626668912227558,1
110170,estrato_interior_proximo_polo,0.11993305940260719,-0.0007169575997330868,-0.016626668912220477,1
110149,estrato_interior_proximo_polo,0.1199330594026072,-0.0007169575997330729,-0.016626668912220154,1
110025,estrato_interior_proximo_polo,0.11993305940260734,-0.0007169575997329342,-0.016626668912216938,1
110032,estrato_interior_proximo_polo,0.11993305940260779,-0.0007169575997324901,-0.016626668912206637,1
110014,estrato_interior_proximo_polo,0.11993305940260779,-0.0007169575997324901,-0.016626668912206637,1
291460,estrato_interior_proximo_polo,0.11993583090588905,-0.0007141860964512275,-0.01656239611913793,9
230250,estrato_interior_proximo_polo,0.12136363702030292,0.0007136200179626434,0.016549268425657137,3
293135,estrato_metropolitano,0.27831787027315036,-0.0009677953831192521,-0.016529266805750523,8
230260,estrato_capital,0.32521860395120245,-0.0011852005901438756,-0.01650890241207683,5
291750,estrato_metropolitano,0.27831997762288624,-0.0009656880333833717,-0.0164932747493252,4
293010,estrato_metropolitano,0.27831997762288624,-0.0009656880333833717,-0.0164932747493252,4
210320,estrato_metropolitano,0.27833015453858095,-0.0009555111176886566,-0.016319460162366326,3
510795,estrato_capital,0.32757088282427127,0.0011670782829249493,0.01625647307324009,1
520510,estrato_capital,0.327570012114462,0.0011662075731156962,0.01624434477749865,1
521280,estrato_capital,0.3275700121144616,0.0011662075731152521,0.016244344777492464,1
130420,estrato_metropolitano,0.27833484587436835,-0.0009508197819012576,-0.016239335435323972,2
230110,estrato_capital,0.3252388069128345,-0.0011649976285117991,-0.01622749121063759,6
355010,estrato_capital,0.3275572987328358,0.001153494191489468,0.016067257474015776,1
270240,estrato_interior_proximo_polo,0.12134183968658843,0.0006918226842481529,0.016043775421642762,3
240310,estrato_capital,0.3275529469029965,0.0011491423616502017,0.016006639942495907,1
431690,estrato_capital,0.3252569523269651,-0.001146852214381211,-0.015974740010883098,3
350750,estrato_interior_proximo_polo,0.1199635323069618,-0.0006864846953784781,-0.015919984316525467,5
261000,estrato_capital,0.32754396013073606,0.0011401555893897353,0.015881461346162615,2
311340,estrato_metropolitano,0.28021339190308503,0.000927726246815419,0.015844914042558604,18
521380,estrato_interior_proximo_polo,0.12133312352099368,0.0006831065186534008,0.015841642409060174,1
520170,estrato_interior_proximo_polo,0.12133312352099321,0.0006831065186529289,0.01584164240904923,1
521280,estrato_metropolitano,0.28021120505788844,0.0009255394016188245,0.015807564259383487,1
520510,estrato_metropolitano,0.2802112050578883,0.0009255394016187135,0.01580756425938159,1
330370,estrato_capital,0.32753083544112943,0.0011270308997831102,0.015698644849354872,1
140010,estrato_interior_proximo_polo,0.12132605276755287,0.0006760357652125931,0.015677667473214568,15
311050,estrato_metropolitano,0.27837365207292547,-0.0009120135833441401,-0.015576552763639652,1
120010,estrato_interior_proximo_polo,0.12132131764602161,0.0006713006436813301,0.01556785721666837,3
160030,estrato_metropolitano,0.27837530068005367,-0.0009103649762159383,-0.015548395709415979,8
314270,estrato_capital,0.3275182185339468,0.0011144139926004826,0.015522901358208835,1
431800,estrato_capital,0.3275062826602232,0.0011024781188768706,0.015356644121969978,2
520490,estrato_metropolitano,0.28017198992719755,0.0008863242709279406,0.015137797313479256,2
110015,estrato_interior_proximo_polo,0.12130169696841935,0.0006516799660790662,0.015112842149602044,1
421480,estrato_metropolitano,0.28016997322632975,0.0008843075700601388,0.015103353476183974,2
220840,estrato_capital,0.3253273683955252,-0.0010764361458211469,-0.014993900131315461,7
431340,estrato_capital,0.32533306749760604,-0.0010707370437402774,-0.01491451616806742,3
293050,estrato_interior_proximo_polo,0.12128811886252905,0.0006381018601887695,0.014797957878653411,3
211220,estrato_interior_proximo_polo,0.12001324489778546,-0.0006367721045548169,-0.014767120062486708,6
230250,estrato_capital,0.32745879545333384,0.001054990911987519,0.014695185065268663,3
221130,estrato_capital,0.327453932306906,0.001050127765559683,0.014627445299982993,5
230550,estrato_metropolitano,0.28014039980438904,0.0008547341481194293,0.014598260157758015,7
210710,estrato_capital,0.32536140972719074,-0.0010423948141555783,-0.014519731431841737,1
171610,estrato_capital,0.32536568944741207,-0.0010381150939342554,-0.014460118329998583,4
522060,estrato_interior_proximo_polo,0.1200277439548772,-0.0006222730474630817,-0.014430878390882402,3
521020,estrato_metropolitano,0.27844254003358365,-0.0008431256226859585,-0.014399994679891465,1
520640,estrato_metropolitano,0.27844254003358365,-0.0008431256226859585,-0.014399994679891465,1
313380,estrato_interior_proximo_polo,0.12126278730182202,0.0006127702994817436,0.014210504069582509,3
311830,estrato_capital,0.3274238575816375,0.00102005304029118,0.014208528275593506,4
316470,estrato_capital,0.327423857581637,0.0010200530402906804,0.014208528275586546,4
330040,estrato_metropolitano,0.2784543217821537,-0.0008313438741159307,-0.014198770672266435,2
520025,estrato_capital,0.3254035497887519,-0.0010002547525944094,-0.013932753860502698,1
210120,estrato_interior_proximo_polo,0.12124325885401306,0.0005932418516727822,0.013757627865731602,2
316710,estrato_capital,0.32738343388622415,0.0009796293448778304,0.013645458320799192,1
313250,estrato_capital,0.32738343388622304,0.0009796293448767202,0.013645458320783727,1
130260,estrato_interior_proximo_polo,0.12123238639193537,0.0005823693895950915,0.013505489067992748,5
291470,estrato_capital,0.3254394355371023,-0.0009643690042440145,-0.013432893902257909,5
130120,estrato_interior_proximo_polo,0.1212287687303093,0.0005787517279690207,0.013421593364654759,1
250370,estrato_metropolitano,0.2785046233439764,-0.0007810423122932009,-0.01333965525322604,1
351880,estrato_interior_proximo_polo,0.12008285818407753,-0.0005671588182627474,-0.013152746962179586,12
251620,estrato_capital,0.3273397872002446,0.0009359826588982711,0.01303749466853706,7
291470,estrato_metropolitano,0.2785246927603364,-0.0007609728959331874,-0.012996883688661259,5
291750,estrato_interior_proximo_polo,0.12009070806742199,-0.00055930893491829,-0.012970703545084299,4
293010,estrato_interior_proximo_polo,0.12009070806742199,-0.00055930893491829,-0.012970703545084299,4
330330,estrato_capital,0.32547404245671374,-0.0009297620846325794,-0.012950847012137464,2
312430,estrato_metropolitano,0.27852934763737214,-0.0007563180188974727,-0.01291738165154335,4
110012,estrato_interior_proximo_polo,0.1212058379351487,0.0005558209328084263,0.012889814722276058,4
316470,estrato_metropolitano,0.2800362135419469,0.0007505478856772996,0.012818831820489634,4
311830,estrato_metropolitano,0.2800362135419468,0.0007505478856771886,0.012818831820487738,4
240200,estrato_metropolitano,0.2785353411785868,-0.0007503244776828066,-0.0128150161685327,3
310160,estrato_capital,0.325485123506012,-0.0009186810353343233,-0.012796496800865536,6
291470,estrato_interior_proximo_polo,0.120102217612672,-0.0005477993896682853,-0.012703790413438451,5
251080,estrato_interior_proximo_polo,0.12119733802804461,0.0005473210257043309,0.012692696871433781,10
330510,estrato_capital,0.32549581007719347,-0.0009079944641528503,-0.01264764135629203,1
316110,estrato_capital,0.32549852962817033,-0.0009052749131759907,-0.012609760172250269,8
260990,estrato_interior_proximo_polo,0.12010677563509412,-0.0005432413672461639,-0.012598087189516558,1
292870,estrato_metropolitano,0.27854826548800593,-0.0007374001682636799,-0.012594278022437932,9
140047,estrato_interior_proximo_polo,0.12010806081528283,-0.0005419561870574491,-0.012568283104172791,8
170210,estrato_metropolitano,0.28001718191571334,0.0007315162594437319,0.012493784983886572,6
150170,estrato_metropolitano,0.27855611414863035,-0.0007295515076392589,-0.012460228400181305,8
210990,estrato_interior_proximo_polo,0.12011315879802058,-0.0005368582043197012,-0.012450057882580462,8
330630,estrato_metropolitano,0.28001101502970305,0.0007253493734334371,0.01238845889326577,2
130250,estrato_interior_proximo_polo,0.12011845985180061,-0.000531557150539666,-0.012327123323940826,1
351300,estrato_interior_proximo_polo,0.12012361175182776,-0.0005264052505125211,-0.012207647728658639,1
210710,estrato_interior_proximo_polo,0.12012376925611841,-0.0005262477462218695,-0.012203995111413362,1
314800,estrato_metropolitano,0.27857268781414735,-0.0007129778421222643,-0.012177161809806885,3
130120,estrato_capital,0.3272728348600249,0.0008690303186785764,0.012104901772331252,1
231180,estrato_capital,0.3255354059459905,-0.0008683985953558127,-0.012096102368438218,4
210663,estrato_capital,0.3255371122773174,-0.0008666922640289121,-0.012072334528974814,1
316710,estrato_metropolitano,0.2799910697589995,0.0007054041027299007,0.012047807649498627,1
313250,estrato_metropolitano,0.27999106975899923,0.0007054041027296232,0.012047807649493886,1
312160,estrato_interior_proximo_polo,0.12013204263179299,-0.0005179743705472917,-0.012012130657812708,9
120033,estrato_interior_proximo_polo,0.12115892619512356,0.0005089091927832773,0.011801903847512068,1
120030,estrato_interior_proximo_polo,0.12115892619512356,0.0005089091927832773,0.011801903847512068,1
120038,estrato_interior_proximo_polo,0.12115892619512356,0.0005089091927832773,0.011801903847512068,1
120045,estrato_interior_proximo_polo,0.12115892619512356,0.0005089091927832773,0.011801903847512068,1
313380,estrato_metropolitano,0.27997145472631196,0.000685789070042353,0.011712796639577283,3
352900,estrato_capital,0.32723852194065217,0.000834717399305851,0.011626950071911479,2
211130,estrato_metropolitano,0.2799640142303874,0.0006783485741178041,0.011585718184307557,1
291800,estrato_metropolitano,0.2786097863283181,-0.0006758793279514896,-0.011543545190507421,3
330455,estrato_interior_proximo_polo,0.1211453411094511,0.0004953241071108255,0.011486857711305275,1
355500,estrato_capital,0.32558642862322407,-0.000817375918122254,-0.011385397019270731,8
312160,estrato_capital,0.3255953173722501,-0.0008084871690962059,-0.011261583808699635,9
110001,estrato_metropolitano,0.27863005573447885,-0.0006556099217907563,-0.011197357940321291,1
110149,estrato_metropolitano,0.27863005573447924,-0.0006556099217903677,-0.011197357940314654,1
110025,estrato_metropolitano,0.2786300557344794,-0.0006556099217902012,-0.01119735794031181,1
110170,estrato_metropolitano,0.2786300557344794,-0.0006556099217902012,-0.01119735794031181,1
110032,estrato_metropolitano,0.2786300557344795,-0.0006556099217900901,-0.011197357940309915,1
110014,estrato_metropolitano,0.2786300557344795,-0.0006556099217900901,-0.011197357940309915,1
240580,estrato_capital,0.32560081487525894,-0.0008029896660873836,-0.011185007960326385,1
313380,estrato_capital,0.32720535866386946,0.0008015541225231404,0.011165011979217819,3
310160,estrato_interior_proximo_polo,0.12017031109267662,-0.0004797059096636608,-0.011124662515862239,6
210860,estrato_capital,0.3271950777511179,0.0007912732097715702,0.01102180703422016,7
211300,estrato_interior_proximo_polo,0.12111826649590324,0.0004682494935629583,0.01085898148047336,1
210170,estrato_interior_proximo_polo,0.12111826649590299,0.0004682494935627085,0.010858981480467567,1
210350,estrato_interior_proximo_polo,0.12111826649590286,0.0004682494935625836,0.01085898148046467,1
210632,estrato_interior_proximo_polo,0.12111826649590221,0.00046824949356193135,0.010858981480449543,1
110170,estrato_capital,0.3256283025269541,-0.0007755020143921931,-0.010802126815019183,1
110149,estrato_capital,0.3256283025269544,-0.0007755020143919156,-0.010802126815015316,1
110032,estrato_capital,0.325628302526955,-0.000775502014391305,-0.01080212681500681,1
110014,estrato_capital,0.325628302526955,-0.000775502014391305,-0.01080212681500681,1
110025,estrato_capital,0.3256283025269551,-0.0007755020143911939,-0.010802126815005263,1
110001,estrato_capital,0.3256283025269554,-0.0007755020143909164,-0.010802126815001398,1
352590,estrato_metropolitano,0.2799153941269458,0.0006297284706762163,0.010755320895865266,3
521380,estrato_capital,0.32717537008814646,0.0007715655468001348,0.010747294949539174,1
520170,estrato_capital,0.32717537008814646,0.0007715655468001348,0.010747294949539174,1
510260,estrato_interior_proximo_polo,0.12018670122970149,-0.0004633157726387921,-0.010744565587062166,1
510706,estrato_interior_proximo_polo,0.12018670122970168,-0.0004633157726385978,-0.01074456558705766,1
510718,estrato_interior_proximo_polo,0.12018670122970179,-0.0004633157726384868,-0.010744565587055086,1
510642,estrato_interior_proximo_polo,0.12018670122970201,-0.00046331577263826473,-0.010744565587049936,1
352900,estrato_metropolitano,0.27991099423501203,0.0006253285787424234,0.01068017382556645,2
220220,estrato_capital,0.32563971939995856,-0.0007640851413877603,-0.010643098846379396,6
312160,estrato_metropolitano,0.2786628461309635,-0.0006228195253061286,-0.010637320951496382,9
170255,estrato_capital,0.32716379098197057,0.0007599864406242496,0.010586007201738138,2
210340,estrato_capital,0.32564405610231395,-0.0007597484390323705,-0.010582692028689016,1
130120,estrato_metropolitano,0.27990364056002376,0.0006179749037541482,0.010554578211034574,1
171820,estrato_capital,0.32715989092725817,0.0007560863859118472,0.010531682538736582,5
350600,estrato_capital,0.32564851863890454,-0.0007552859024417824,-0.010520532440095326,2
231140,estrato_capital,0.3256526225039761,-0.0007511820373702349,-0.010463368860746884,2
210360,estrato_capital,0.3256538107460808,-0.0007499937952655245,-0.010446817592453807,5
291080,estrato_capital,0.32715000368401026,0.0007461991426639392,0.010393961097099126,5
230540,estrato_capital,0.3256627067486978,-0.0007410977926485263,-0.010322903345124774,6
260990,estrato_metropolitano,0.2798853811276537,0.0005997154713840991,0.010242719904381638,1
330010,estrato_interior_proximo_polo,0.1210882329259858,0.00043821592364552686,0.010162485309074853,7
293330,estrato_interior_proximo_polo,0.12108794382004019,0.00043792681769991293,0.01015578077195848,10
150810,estrato_metropolitano,0.27869322241115224,-0.0005924432451173689,-0.010118515376925487,7
110015,estrato_metropolitano,0.2798754538386613,0.0005897881823916928,0.010073168766532229,1
510510,estrato_interior_proximo_polo,0.12108351226568735,0.00043349526334707233,0.010053010417032859,1
510625,estrato_interior_proximo_polo,0.12108351226568731,0.0004334952633470307,0.010053010417031893,1
510785,estrato_interior_proximo_polo,0.12108351226568706,0.0004334952633467809,0.0100530104170261,1
510410,estrato_interior_proximo_polo,0.12108351226568687,0.0004334952633465866,0.010053010417021595,1
510562,estrato_interior_proximo_polo,0.12108351226568675,0.0004334952633464756,0.01005301041701902,1
521308,estrato_capital,0.32712416455205684,0.000720360010710519,0.010034042521813903,1
313630,estrato_interior_proximo_polo,0.12108070203918712,0.0004306850368468451,0.009987839609714517,6
251620,estrato_interior_proximo_polo,0.12107791792002577,0.000427900917685492,0.00992327424695775,7
350750,estrato_capital,0.32569209984350006,-0.0007117046978462604,-0.009913480891478659,5
510270,estrato_interior_proximo_polo,0.12107573620492525,0.00042571920258496765,0.009872678989092132,2
292660,estrato_metropolitano,0.2798630005587727,0.0005773349025031127,0.009860475474669662,4
171610,estrato_interior_proximo_polo,0.12022693248780356,-0.0004230845145367229,-0.009811579021839595,4
292810,estrato_metropolitano,0.27985224100934825,0.0005665753530786355,0.00967670991198054,3
210530,estrato_interior_proximo_polo,0.12023394971112518,-0.0004160672912150998,-0.009648845480978635,8
311050,estrato_capital,0.32571248196841784,-0.0006913225729284767,-0.009629574087839956,1
510350,estrato_capital,0.3257132536727361,-0.0006905508686101958,-0.009618824859913964,3
110012,estrato_metropolitano,0.27984109525941536,0.0005554296031457517,0.00948634831529982,4
210530,estrato_capital,0.32708463682497535,0.0006808322836290293,0.009483452693909492,8
330330,estrato_interior_proximo_polo,0.12105330732652489,0.0004032903241846103,0.009352540091932765,2
291750,estrato_capital,0.3257363256736126,-0.0006674788677337173,-0.00929745022165556,4
293010,estrato_capital,0.3257363256736126,-0.0006674788677337173,-0.00929745022165556,4
430700,estrato_capital,0.32707042968031996,0.0006666251389736422,0.009285558458435334,3
314800,estrato_capital,0.32574704636324225,-0.0006567581781040666,-0.009148119534210844,3
210160,estrato_capital,0.327057940367618,0.0006541358262716623,0.00911159225701295,2
310670,estrato_interior_proximo_polo,0.12103874195819238,0.0003887249558520989,0.009014760623608047,4
150360,estrato_capital,0.3270505036857346,0.0006466991443882519,0.009008005187867147,2
150060,estrato_capital,0.3270409435873088,0.0006371390459624648,0.008874840613639244,6
120033,estrato_metropolitano,0.2798021011600973,0.0005164355038276836,0.008820356430320076,1
120038,estrato_metropolitano,0.2798021011600973,0.0005164355038276836,0.008820356430320076,1
120030,estrato_metropolitano,0.2798021011600973,0.0005164355038276836,0.008820356430320076,1
120045,estrato_metropolitano,0.2798021011600973,0.0005164355038276836,0.008820356430320076,1
354150,estrato_interior_proximo_polo,0.12027038309963267,-0.00037963390270760733,-0.008803933747997641,2
230190,estrato_interior_proximo_polo,0.12102831074362115,0.0003782937412808718,0.00877285461536894,2
211130,estrato_interior_proximo_polo,0.12102699594531405,0.00037697894297376855,0.008742363668419368,1
220290,estrato_interior_proximo_polo,0.1202733845217732,-0.000376632480567074,-0.008734329001196667,5
221130,estrato_metropolitano,0.2797966170380121,0.0005109513817425082,0.008726691468983923,5
320120,estrato_interior_proximo_polo,0.12102581251178669,0.0003757955094464138,0.008714919148065202,3
293135,estrato_interior_proximo_polo,0.12102449497426751,0.0003744779719272312,0.008684364677174549,8
110028,estrato_metropolitano,0.27979408906530223,0.0005084234090326212,0.008683515466981618,7
260010,estrato_metropolitano,0.2797927749299698,0.0005071092737001792,0.008661070956594736,1
291080,estrato_interior_proximo_polo,0.12102154982108021,0.0003715328187399308,0.008616064840532543,5
432240,estrato_capital,0.3257859904213475,-0.0006178141199988385,-0.008605659751338637,1
293290,estrato_capital,0.32578938724537065,-0.0006144172959756666,-0.008558344691950473,5
520140,estrato_interior_proximo_polo,0.12101716031159093,0.0003671433092506532,0.00851426953075071,3
120010,estrato_metropolitano,0.2797826960251575,0.0004970303688878741,0.00848893032681057,3
330630,estrato_interior_proximo_polo,0.12028470589761231,-0.00036531110472796946,-0.008471779628991559,2
420540,estrato_interior_proximo_polo,0.1210125045097428,0.00036248750740251745,0.008406298744362956,1
354150,estrato_capital,0.32580266080649734,-0.0006011437348489856,-0.00837345453316772,2
260010,estrato_capital,0.3269872123891899,0.0005834078478435534,0.008126407720839727,1
410480,estrato_capital,0.32582274042856774,-0.0005810641127785843,-0.008093761353811981,1
241220,estrato_interior_proximo_polo,0.12099736589218948,0.00034734888984920553,0.008055225289054927,6
291170,estrato_capital,0.3269765658226288,0.0005727612812824745,0.00797810950883901,4
210990,estrato_capital,0.3258320403004412,-0.0005717642409051038,-0.007964221528671099,8
510785,estrato_capital,0.32697043590390207,0.0005666313625557473,0.00789272461205861,1
510625,estrato_capital,0.32697043590390185,0.0005666313625555253,0.007892724612055518,1
510562,estrato_capital,0.3269704359039016,0.0005666313625553032,0.007892724612052426,1
510410,estrato_capital,0.32697043590390107,0.0005666313625547481,0.007892724612044693,1
510510,estrato_capital,0.32697043590390096,0.0005666313625546371,0.007892724612043147,1
510270,estrato_capital,0.3269686889547183,0.000564884413371991,0.007868390998125809,2
354140,estrato_metropolitano,0.2788251432312685,-0.0004605224250011086,-0.007865400234025082,1
110028,estrato_interior_proximo_polo,0.12098668230296904,0.0003366653006287579,0.007807466564091719,7
293290,estrato_interior_proximo_polo,0.12031932176057751,-0.00033069524176276843,-0.0076690173835708255,5
230410,estrato_interior_proximo_polo,0.12097692320918563,0.0003269062068453482,0.0075811474326947315,7
510625,estrato_metropolitano,0.2797269142024703,0.000441248546200701,0.007536215893377756,1
510410,estrato_metropolitano,0.27972691420247014,0.00044124854620053444,0.007536215893374912,1
510510,estrato_metropolitano,0.27972691420247014,0.00044124854620053444,0.007536215893374912,1
510785,estrato_metropolitano,0.2797269142024701,0.00044124854620047893,0.007536215893373964,1
510562,estrato_metropolitano,0.2797269142024699,0.0004412485462003124,0.00753621589337112,1
231180,estrato_interior_proximo_polo,0.12032571385647123,-0.00032430314586905096,-0.007520780915863989,4
230765,estrato_interior_proximo_polo,0.1209725129606083,0.00032249595826802646,0.007478871171249119,1
230370,estrato_interior_proximo_polo,0.12097251296060783,0.0003224959582675546,0.007478871171238176,1
420890,estrato_capital,0.3258669105121833,-0.0005368940291630153,-0.007478507188393297,3
210005,estrato_interior_proximo_polo,0.12032792842688089,-0.00032208857545938663,-0.007469423724032845,5
240020,estrato_metropolitano,0.2788487466764126,-0.0004369189798570372,-0.007462269934866402,3
510270,estrato_metropolitano,0.2797208979427399,0.00043523228647029955,0.007433462394041994,2
260990,estrato_capital,0.32693055115208924,0.0005267466107429231,0.007337161713353095,1
230765,estrato_capital,0.3258815265700694,-0.0005222779712769077,-0.007274917116554297,1
230370,estrato_capital,0.3258815265700702,-0.0005222779712761305,-0.007274917116543472,1
221120,estrato_interior_proximo_polo,0.12034666899461938,-0.0003033480077209022,-0.007034818922952805,6
220700,estrato_interior_proximo_polo,0.12034666899461956,-0.0003033480077207218,-0.007034818922948621,6
293050,estrato_capital,0.32690272563163675,0.0004989210902904273,0.006949574324740897,3
510706,estrato_metropolitano,0.27887903532142244,-0.00040663033484716893,-0.006944961107726557,1
510260,estrato_metropolitano,0.2788790353214227,-0.00040663033484689137,-0.006944961107721817,1
510718,estrato_metropolitano,0.2788790353214229,-0.00040663033484672484,-0.006944961107718973,1
510642,estrato_metropolitano,0.27887903532142294,-0.00040663033484666933,-0.006944961107718025,1
431020,estrato_capital,0.3269007590302029,0.0004969544888565602,0.006922181129508671,5
260010,estrato_interior_proximo_polo,0.12035232819495245,-0.00029768880738782755,-0.00690357873485662,1
150140,estrato_interior_proximo_polo,0.1209459529569511,0.0002959359546108181,0.006862929046805259,9
150420,estrato_capital,0.3259124741191491,-0.0004913304221972337,-0.006843842350056522,4
110020,estrato_interior_proximo_polo,0.12035687390490371,-0.0002931430974365684,-0.006798161044384116,5
293135,estrato_capital,0.3259191886824496,-0.00048461585889669756,-0.0067503138189453395,8
210570,estrato_metropolitano,0.2788922199881607,-0.0003934456681088938,-0.006719776241107908,1
130190,estrato_capital,0.32593084124077254,-0.000472963300573781,-0.006588002941104222,1
250370,estrato_interior_proximo_polo,0.12093270154461527,0.00028268454227499407,0.00655562099175558,1
500830,estrato_interior_proximo_polo,0.12093259701073533,0.00028258000839505304,0.006553196789525859,5
291460,estrato_metropolitano,0.27890214257514556,-0.00038352308112404865,-0.006550305410251957,9
500830,estrato_metropolitano,0.2796686308320563,0.0003829651757866759,0.0065407767781313275,5
150140,estrato_metropolitano,0.2796664830330037,0.0003808173767340661,0.006504093875727617,9
430530,estrato_interior_proximo_polo,0.12093024820740411,0.0002802312050638328,0.006498726657201913,1
330250,estrato_capital,0.32686768996945076,0.000463885428104438,0.006461555391253214,1
330350,estrato_capital,0.3268676899694505,0.00046388542810416045,0.006461555391249347,1
330045,estrato_capital,0.32686768996945037,0.0004638854281040494,0.0064615553912478006,1
330490,estrato_capital,0.32686768996945037,0.0004638854281040494,0.0064615553912478006,1
330200,estrato_capital,0.32686768996945037,0.0004638854281040494,0.0064615553912478006,1
330190,estrato_capital,0.32686768996945,0.00046388542810366085,0.006461555391242388,1
330220,estrato_metropolitano,0.2796638869428908,0.00037822128662118315,0.006459754476226342,2
270930,estrato_interior_proximo_polo,0.12037483266916889,-0.000275184333171391,-0.00638168672620842,1
330370,estrato_metropolitano,0.2796567788593084,0.0003711132030387865,0.006338353390769281,1
210860,estrato_metropolitano,0.27891460870714213,-0.00037105694912747955,-0.006337392613393115,7
231340,estrato_capital,0.32595383092641694,-0.0004499736149293776,-0.00626777488861759,7
510320,estrato_capital,0.32684980637568195,0.0004460018343356298,0.006212451141085197,4
330010,estrato_capital,0.3259609650249701,-0.00044283951637624774,-0.006168402564817565,7
521308,estrato_metropolitano,0.2796428749345405,0.0003572092782708758,0.006100884101139946,1
110004,estrato_capital,0.32596706116928903,-0.0004367433720572911,-0.006083488118698891,1
431690,estrato_metropolitano,0.2789312483517451,-0.0003544173045245125,-0.006053199146475719,3
210320,estrato_interior_proximo_polo,0.12091074031383954,0.0002607233114992613,0.0060463271183816,3
240310,estrato_metropolitano,0.2796359173429014,0.0003502516866317751,0.005982053312593,1
160030,estrato_interior_proximo_polo,0.12090608856492326,0.0002560715625829768,0.005938450321870012,8
230540,estrato_metropolitano,0.2796331836824488,0.00034751802617921657,0.00593536430811456,6
520170,estrato_metropolitano,0.2796253349926259,0.00033966933635626306,0.005801314187167464,1
521380,estrato_metropolitano,0.27962533499262576,0.00033966933635615204,0.005801314187165568,1
220220,estrato_metropolitano,0.2796249599693362,0.00033929431306656266,0.005794909052237135,6
411370,estrato_metropolitano,0.27962193235126015,0.00033626669499053907,0.00574319945758789,4
353440,estrato_interior_proximo_polo,0.12089474776864699,0.0002447307663067111,0.005675450578291576,3
350950,estrato_capital,0.32680943973865595,0.0004056351973096284,0.005650175964285727,2
210320,estrato_capital,0.3259982455149093,-0.000405559026437019,-0.005649114964558754,3
130420,estrato_capital,0.3268081945663547,0.00040439002500836096,0.005632831703593662,2
350190,estrato_metropolitano,0.27896511790675416,-0.00032054774951545406,-0.005474730886447053,1
210120,estrato_capital,0.32679280669351984,0.0003890021521735232,0.005418490862834423,2
110012,estrato_capital,0.32678993893848424,0.0003861343971379161,0.005378545314023286,4
500320,estrato_interior_proximo_polo,0.12087842016789434,0.0002284031655540586,0.0052968039024681515,3
352010,estrato_capital,0.32602697753983595,-0.0003768270015103714,-0.005248900688966972,3
352900,estrato_interior_proximo_polo,0.1204241807688686,-0.00022583623347167958,-0.005237275235961567,2
411820,estrato_interior_proximo_polo,0.12087562706639526,0.00022561006405498463,0.005232030234010465,3
411990,estrato_interior_proximo_polo,0.12087562706639489,0.00022561006405460993,0.005232030234001776,3
431340,estrato_interior_proximo_polo,0.12087543709990592,0.00022542009756564008,0.005227624799262406,3
211050,estrato_interior_proximo_polo,0.12042680933747499,-0.00022320766486529087,-0.005176317182169051,2
510320,estrato_interior_proximo_polo,0.12087265929534564,0.0002226422930053651,0.005163205875822942,4
431690,estrato_interior_proximo_polo,0.12042899486029479,-0.00022102214204548776,-0.005125633621051216,3
312430,estrato_capital,0.32603850572179494,-0.0003652988195513851,-0.005088322275040882,4
270930,estrato_capital,0.32604228834898796,-0.00036151619235835764,-0.005035633284071531,1
291480,estrato_metropolitano,0.2789913988924919,-0.00029426676377769523,-0.005025870070664454,2
210160,estrato_metropolitano,0.2789939638036899,-0.0002917018525797066,-0.004982063185175947,2
330040,estrato_interior_proximo_polo,0.12086421015492954,0.00021419315258926208,0.00496726533436874,2
510250,estrato_metropolitano,0.27957640530218975,0.000290739645920135,0.004965629369851196,15
211050,estrato_capital,0.3260489434643452,-0.0003548610770011118,-0.004942932815570627,2
290320,estrato_interior_proximo_polo,0.12086314295596252,0.00021312595362224518,0.004942516361912545,10
431490,estrato_interior_proximo_polo,0.12043757715710869,-0.00021243984523158788,-0.004926605104324088,1
500370,estrato_metropolitano,0.27957395657726336,0.0002882909209937501,0.004923806864445504,3
430530,estrato_metropolitano,0.2795729097404765,0.0002872440842068835,0.004905927625864698,1
130406,estrato_capital,0.3260519972066397,-0.00035180733470663306,-0.004900396612036455,3
354940,estrato_metropolitano,0.27900055731079215,-0.00028510834547745834,-0.004869450705327773,2
355710,estrato_metropolitano,0.2790005573107923,-0.0002851083454772918,-0.004869450705324929,2
330510,estrato_interior_proximo_polo,0.12085806686236361,0.00020804986002333214,0.0048247987623390295,1
160027,estrato_interior_proximo_polo,0.12085660323406289,0.00020658623172260804,0.004790856360200109,1
220190,estrato_interior_proximo_polo,0.12085376752151337,0.00020375051917309595,0.0047250945163916066,5
420930,estrato_capital,0.3267419855580544,0.0003381810167080723,0.004710592830343386,2
510260,estrato_capital,0.32606958003717645,-0.0003342245041698666,-0.004655481754692076,1
510642,estrato_capital,0.32606958003717657,-0.0003342245041697556,-0.004655481754690529,1
510718,estrato_capital,0.326069580037177,-0.0003342245041693115,-0.004655481754684343,1
510706,estrato_capital,0.3260695800371772,-0.00033422450416914495,-0.004655481754682024,1
290070,estrato_metropolitano,0.2795553881918053,0.00026972253553569914,0.004606671855597953,4
291800,estrato_interior_proximo_polo,0.1204515799362656,-0.00019843706607468314,-0.00460187241025756,3
411370,estrato_interior_proximo_polo,0.12045197750392743,-0.00019803949841284973,-0.0045926525820752925,4
522060,estrato_capital,0.32607773109254884,-0.00032607344879748146,-0.004541944030515103,3
510320,estrato_metropolitano,0.27954721264615223,0.0002615469898826217,0.004467039266169017,4
350950,estrato_metropolitano,0.2790252127072519,-0.00026045294901771987,-0.004448353815021201,2
240020,estrato_interior_proximo_polo,0.12083851920522035,0.00018850220288006703,0.004371477082714365,3
231330,estrato_metropolitano,0.2795409515763766,0.0002552859201069846,0.004360104582850555,1
330452,estrato_metropolitano,0.2790312923372491,-0.00025437331902050664,-0.004344517995945178,1
291480,estrato_interior_proximo_polo,0.12083448451637505,0.0001844675140347668,0.004277910272599499,2
500330,estrato_interior_proximo_polo,0.12083425726916056,0.0001842402668202764,0.004272640275882869,1
270930,estrato_metropolitano,0.2790356586889658,-0.00025000696730381744,-0.004269943769045803,1
430700,estrato_metropolitano,0.27953435244781155,0.00024868679154194107,0.004247396092357981,3
421720,estrato_capital,0.3267052164001386,0.0003014118587922887,0.0041984276788459285,1
421580,estrato_capital,0.32670521640013844,0.0003014118587921222,0.004198427678843608,1
210820,estrato_interior_proximo_polo,0.1208309503362273,0.00018093333388702337,0.004195950553901282,3
210735,estrato_interior_proximo_polo,0.1204694995011198,-0.00018051750122047294,-0.004186307149504434,1
240580,estrato_metropolitano,0.27904091923121394,-0.00024474642505567523,-0.0041800973946167245,1
110004,estrato_interior_proximo_polo,0.12082887183872443,0.00017885483638414856,0.004147748972903965,1
230110,estrato_interior_proximo_polo,0.12082714919500438,0.0001771321926641034,0.0041077998506719535,6
315220,estrato_metropolitano,0.2790500040029677,-0.0002356616533019107,-0.004024935860674155,2
313120,estrato_metropolitano,0.2790500040029681,-0.0002356616533015221,-0.0040249358606675185,2
521880,estrato_metropolitano,0.2790546625706243,-0.00023100308564533156,-0.003945370790338675,1
313120,estrato_interior_proximo_polo,0.12048503110991973,-0.00016498589242054662,-0.0038261199957778484,2
315220,estrato_interior_proximo_polo,0.12048503110992043,-0.00016498589241985273,-0.0038261199957617567,2
172100,estrato_metropolitano,0.2790619470518906,-0.00022371860437903068,-0.003820956956079515,1
241250,estrato_metropolitano,0.2790623273992323,-0.0002233382570372977,-0.003814460890072153,1
313630,estrato_metropolitano,0.27950370146292547,0.00021803580665585853,0.003723898754100213,6
210735,estrato_metropolitano,0.27906831555863243,-0.00021735009763718116,-0.003712187324681841,1
220840,estrato_metropolitano,0.27950188965997136,0.0002162240037017482,0.0036929544295556866,7
240020,estrato_capital,0.3261397941611939,-0.00026401038015244627,-0.0036774548021301146,3
510792,estrato_interior_proximo_polo,0.12049193245663674,-0.0001580845457035407,-0.0036660737016109193,3
280030,estrato_interior_proximo_polo,0.12080766599132829,0.00015764898898801283,0.003655972884903945,2
430530,estrato_capital,0.3266653248878868,0.00026152034654047807,0.0036427706125974515,1
170255,estrato_interior_proximo_polo,0.12049307232884728,-0.00015694467349300356,-0.0036396393938444662,2
130190,estrato_interior_proximo_polo,0.12080629827892056,0.00015628127658028068,0.0036242548288027694,1
355370,estrato_metropolitano,0.27907822323236725,-0.00020744242390235978,-0.0035429712016834427,2
354340,estrato_interior_proximo_polo,0.12049750503942266,-0.0001525119629176147,-0.00353684222543712,1
221100,estrato_interior_proximo_polo,0.12080138112135257,0.0001513641190122872,0.0035102230493744132,3
355010,estrato_metropolitano,0.2790803052726461,-0.0002053603836235096,-0.0035074114130445324,1
500330,estrato_metropolitano,0.2794825241329982,0.0001968584767285675,0.003362204802354562,1
330240,estrato_metropolitano,0.27908881133445906,-0.00019685432181054674,-0.003362133839266993,1
330340,estrato_metropolitano,0.27908881133445984,-0.00019685432180976958,-0.0033621338392537197,1
210820,estrato_capital,0.3266450191185165,0.00024121457717019013,0.00335992738106014,3
500370,estrato_interior_proximo_polo,0.12079387714337377,0.0001438601410334861,0.0033362013813921392,3
231340,estrato_interior_proximo_polo,0.12050655922617687,-0.00014345777616341093,-0.0033268703031259506,7
313630,estrato_capital,0.3266398950507885,0.00023609050944217724,0.00328855318940169,6
520025,estrato_interior_proximo_polo,0.12079105283668257,0.0001410358343422874,0.0032707040461541674,1
230730,estrato_interior_proximo_polo,0.1207907523159575,0.00014073531361721847,0.0032637347935807353,2
431020,estrato_metropolitano,0.2790962417686036,-0.00018942388766601814,-0.0032352272321476056,5
410480,estrato_interior_proximo_polo,0.12051244867752116,-0.00013756832481912062,-0.003190290458498316,1
110028,estrato_capital,0.3266312798273488,0.00022747528600247646,0.003168549972893849,7
293330,estrato_capital,0.3266298728424367,0.00022606830109039855,0.00314895179111608,10
110015,estrato_capital,0.3266296195347985,0.00022581499345220024,0.0031454234170045364,1
170210,estrato_capital,0.32662836702474446,0.00022456248339813856,0.003127976947246924,6
290070,estrato_capital,0.32618103732913883,-0.0002227672122074864,-0.0031029702461566966,4
291800,estrato_capital,0.32618137803341285,-0.00022242650793347085,-0.0030982245063571425,3
320120,estrato_capital,0.32662581880972275,0.0002220142683764248,0.003092482336909822,3
280030,estrato_metropolitano,0.27946614809536746,0.000180482439097851,0.0030825135577583164,2
430930,estrato_interior_proximo_polo,0.12078245937796991,0.000132442375629635,0.0030714166784223795,2
420930,estrato_metropolitano,0.27946347626708573,0.00017781061081612037,0.0030368806034188002,2
231130,estrato_metropolitano,0.27946269537197843,0.00017702971570882076,0.003023543462323687,3
211050,estrato_metropolitano,0.2791105343044366,-0.0001751313518330022,-0.0029911207379078415,2
317010,estrato_metropolitano,0.27911074638625183,-0.00017491927001778151,-0.0029874985291542385,3
110002,estrato_capital,0.3266140716812287,0.00021026713988236967,0.002928854171734051,6
316110,estrato_metropolitano,0.27911538379335793,-0.0001702818629116809,-0.00290829486618928,8
521880,estrato_interior_proximo_polo,0.12077498608807863,0.00012496908573834953,0.0028981066852600133,1
291170,estrato_interior_proximo_polo,0.12077377661086751,0.00012375960852722967,0.002870058196543732,4
320120,estrato_metropolitano,0.27945011346664883,0.00016444781037922018,0.00280865333808341,3
170950,estrato_interior_proximo_polo,0.12052961691988723,-0.000120400082453051,-0.002792148808655054,4
521880,estrato_capital,0.3262040775773752,-0.00019972696397113632,-0.002782037896943341,1
110011,estrato_capital,0.3266016115809439,0.00019780703959759727,0.0027552948760699914,5
170950,estrato_capital,0.32660048613032644,0.00019668158898011878,0.0027396182432973836,4
432240,estrato_metropolitano,0.27912531594416773,-0.00016034971210188154,-0.002738660691906496,1
231330,estrato_capital,0.3262118648092981,-0.00019193973204822967,-0.002673567944308683,1
292870,estrato_interior_proximo_polo,0.12076339901454691,0.00011338201220663369,0.0026293956271094127,9
330630,estrato_capital,0.32659113394336514,0.00018732940201882098,0.002609349710554905,2
350600,estrato_metropolitano,0.27913293145514995,-0.00015273420111966418,-0.00260859310212168,2
210735,estrato_capital,0.3262177933346858,-0.00018601120666050797,-0.0025909882967052873,1
420460,estrato_metropolitano,0.279436073608207,0.00015040795193738132,0.002568862396580719,3
430610,estrato_capital,0.3262206488914497,-0.00018315564989662692,-0.002551212660126052,1
431405,estrato_interior_proximo_polo,0.12075779458974831,0.00010777758740802834,0.0024994257159116798,4
330190,estrato_interior_proximo_polo,0.12054372637811876,-0.0001062906242215167,-0.0024649421640307962,1
330350,estrato_interior_proximo_polo,0.12054372637811897,-0.00010629062422130853,-0.002464942164025969,1
330200,estrato_interior_proximo_polo,0.120543726378119,-0.00010629062422128077,-0.0024649421640253254,1
330490,estrato_interior_proximo_polo,0.120543726378119,-0.00010629062422128077,-0.0024649421640253254,1
330045,estrato_interior_proximo_polo,0.120543726378119,-0.00010629062422128077,-0.0024649421640253254,1
330250,estrato_interior_proximo_polo,0.12054372637811953,-0.00010629062422075342,-0.0024649421640130956,1
411370,estrato_capital,0.3262291839444832,-0.0001746205968631287,-0.0024323261536699442,4
210570,estrato_interior_proximo_polo,0.12075465495065144,0.00010463794831115647,0.0024266156365053307,1
160027,estrato_metropolitano,0.27914419198668405,-0.00014147366958555674,-0.0024162711161436847,1
431490,estrato_metropolitano,0.27914781710754,-0.00013784854872961327,-0.0023543565928093686,1
210820,estrato_metropolitano,0.2791484828108574,-0.00013718284541219816,-0.00234298684674635,3
350190,estrato_interior_proximo_polo,0.12075076726471956,0.00010075026237928164,0.0023364579105142197,1
221130,estrato_interior_proximo_polo,0.12054953107614452,-0.00010048592619575636,-0.0023303277987661458,5
171820,estrato_interior_proximo_polo,0.12074972322798275,9.9706225642468e-05,0.002312246083815322,5
430610,estrato_metropolitano,0.2791504662693125,-0.00013519938695710776,-0.0023091107665602234,1
330240,estrato_interior_proximo_polo,0.12074915966710947,9.914266476919453e-05,0.002299176775316063,1
330340,estrato_interior_proximo_polo,0.12074915966710938,9.914266476909739e-05,0.00229917677531381,1
310160,estrato_metropolitano,0.2791512482727688,-0.00013441738350078447,-0.0022957546956406394,6
170210,estrato_interior_proximo_polo,0.12055105220193367,-9.896480040660904e-05,-0.002295051996013782,6
172100,estrato_interior_proximo_polo,0.12055225788075705,-9.775912158323241e-05,-0.0022670915941459145,1
210570,estrato_capital,0.3262451248330016,-0.00015867970834471112,-0.0022102822438872087,1
354140,estrato_interior_proximo_polo,0.12074292349208743,9.290648974714932e-05,0.0021545562044359913,1
292660,estrato_capital,0.3262505874528362,-0.00015321708851012694,-0.002134192290411504,4
430610,estrato_interior_proximo_polo,0.12074043845531562,9.042145297534498e-05,0.0020969267384049932,1
292660,estrato_interior_proximo_polo,0.12056078766534697,-8.922933699330449e-05,-0.0020692808668140747,4
290070,estrato_interior_proximo_polo,0.12056149296310645,-8.852403923383101e-05,-0.0020529245964632727,4
352590,estrato_interior_proximo_polo,0.12056262924041096,-8.738776192931952e-05,-0.0020265736566843847,3
291170,estrato_metropolitano,0.2791704300962856,-0.00011523555998399493,-0.001968142594714998,4
510025,estrato_interior_proximo_polo,0.12056609822158072,-8.39187807595565e-05,-0.0019461259406773994,1
510760,estrato_interior_proximo_polo,0.12056609822158115,-8.391878075912629e-05,-0.0019461259406674226,1
420460,estrato_interior_proximo_polo,0.12056668291427515,-8.333408806512899e-05,-0.0019325665728022845,3
315220,estrato_capital,0.32626714729072265,-0.00013665725062367295,-0.0019035269077743804,2
313120,estrato_capital,0.32626714729072326,-0.00013665725062306233,-0.001903526907765875,2
500320,estrato_metropolitano,0.27939236985412397,0.00010670419785435703,0.0018224329092619064,3
521150,estrato_interior_proximo_polo,0.12072854981675132,7.853281441104476e-05,0.0018212222095747453,3
522160,estrato_interior_proximo_polo,0.12072854981675103,7.853281441075333e-05,0.0018212222095679868,3
421720,estrato_interior_proximo_polo,0.1205720384661556,-7.797853618467243e-05,-0.001808368171123132,1
421580,estrato_interior_proximo_polo,0.120572038466156,-7.797853618428385e-05,-0.0018083681711141206,1
350600,estrato_interior_proximo_polo,0.12057225786793269,-7.775913440759286e-05,-0.0018032801147197784,2
210340,estrato_metropolitano,0.2791814223866774,-0.00010424326959218577,-0.00178040197943443,1
316110,estrato_interior_proximo_polo,0.12072672481186278,7.670780952249989e-05,0.0017788992715707184,8
330452,estrato_interior_proximo_polo,0.12072291959584727,7.290259350699324e-05,0.0016906540715018975,1
354150,estrato_metropolitano,0.27918702709893195,-9.863855733766025e-05,-0.0016846774225286894,2
431720,estrato_capital,0.32652422990807656,0.00012042536673023685,0.0016774296636544053,7
430930,estrato_capital,0.3262910885377551,-0.0001127160035911956,-0.001570044361301287,2
432240,estrato_interior_proximo_polo,0.12071522561707282,6.52086147325398e-05,0.0015122261731880865,1
431800,estrato_metropolitano,0.27919791560438345,-8.775005188615959e-05,-0.0014987093812846382,2
420930,estrato_interior_proximo_polo,0.12058600778065393,-6.400922168635359e-05,-0.0014844115421945915,2
310740,estrato_interior_proximo_polo,0.12071221276574637,6.219576340608934e-05,0.0014423563768357146,3
310400,estrato_interior_proximo_polo,0.12071221276574617,6.219576340589505e-05,0.0014423563768312091,3
312870,estrato_interior_proximo_polo,0.12071221276574617,6.219576340589505e-05,0.0014423563768312091,3
314560,estrato_interior_proximo_polo,0.12071221276574615,6.21957634058673e-05,0.0014423563768305653,3
313620,estrato_interior_proximo_polo,0.12071221276574567,6.219576340539545e-05,0.001442356376819623,3
313820,estrato_interior_proximo_polo,0.12071221276574562,6.219576340533994e-05,0.0014423563768183358,3
230260,estrato_metropolitano,0.27920170812112455,-8.395753514506277e-05,-0.001433935853561433,5
221060,estrato_metropolitano,0.2793685802578748,8.291460160519959e-05,0.0014161232797036177,6
521150,estrato_metropolitano,0.27920380063714134,-8.186501912826882e-05,-0.0013981971466609977,3
522160,estrato_metropolitano,0.27920380063714156,-8.186501912804678e-05,-0.0013981971466572054,3
210360,estrato_interior_proximo_polo,0.12071007454777372,6.0057545433436776e-05,0.0013927698429783584,5
420820,estrato_metropolitano,0.279362023161106,7.635750483636627e-05,0.0013041326628297869,1
420890,estrato_interior_proximo_polo,0.12059398148343313,-5.6035518907149307e-05,-0.0012994966794974974,3
110004,estrato_metropolitano,0.27935685968488194,7.119402861233137e-05,0.0012159441080578683,1
510792,estrato_metropolitano,0.2792162700585589,-6.939559771068637e-05,-0.0011852281687968378,3
314810,estrato_metropolitano,0.2792220224577887,-6.36431984809005e-05,-0.001086981221868999,9
430850,estrato_metropolitano,0.27922416602649686,-6.149962977275436e-05,-0.0010503705707836347,4
210140,estrato_capital,0.32647870930050416,7.490475915783446e-05,0.001043363772698335,7
221100,estrato_metropolitano,0.2793462306460224,6.056498975276492e-05,0.0010344075743411998,3
320320,estrato_interior_proximo_polo,0.12069406686749579,4.404986515550713e-05,0.0010215423113462184,1
210350,estrato_metropolitano,0.2792280324439472,-5.7633212322383276e-05,-0.0009843348707438066,1
210632,estrato_metropolitano,0.2792280324439472,-5.7633212322383276e-05,-0.0009843348707438066,1
210170,estrato_metropolitano,0.27922803244394745,-5.763321232216123e-05,-0.0009843348707400143,1
211300,estrato_metropolitano,0.2792280324439481,-5.76332123214951e-05,-0.000984334870728637,1
210170,estrato_capital,0.3264734062944764,6.960175313008854e-05,0.00096949711271626,1
211300,estrato_capital,0.32647340629447635,6.960175313003303e-05,0.0009694971127154867,1
210350,estrato_capital,0.32647340629447563,6.960175312931138e-05,0.0009694971127054348,1
210632,estrato_capital,0.3264734062944756,6.960175312925587e-05,0.0009694971127046615,1
290320,estrato_capital,0.3263346553703948,-6.914917095152129e-05,-0.0009631930026090377,10
430850,estrato_capital,0.32633471649358436,-6.908804776195598e-05,-0.0009623416051493672,4
110018,estrato_interior_proximo_polo,0.1206120956676895,-3.792133465077563e-05,-0.000879418080208214,2
330455,estrato_metropolitano,0.27923473378123476,-5.093187503485419e-05,-0.0008698807269103432,1
420820,estrato_interior_proximo_polo,0.12068571208657353,3.569508423324763e-05,0.0008277900221170371,1
110006,estrato_interior_proximo_polo,0.12068244766887533,3.2430666535049335e-05,0.0007520862534711056,1
110005,estrato_interior_proximo_polo,0.12068244766887504,3.24306665347579e-05,0.0007520862534643471,1
110006,estrato_capital,0.3263500838011364,-5.372074020992823e-05,-0.0007482872224376607,1
110005,estrato_capital,0.3263500838011373,-5.372074020904005e-05,-0.0007482872224252891,1
320320,estrato_capital,0.32645739158220755,5.35870408612249e-05,0.0007464248967531674,1
421720,estrato_metropolitano,0.27932927514260125,4.3609486331641634e-05,0.0007448194601984518,1
421580,estrato_metropolitano,0.2793292751426012,4.360948633158612e-05,0.0007448194601975037,1
130406,estrato_metropolitano,0.27932893483348276,4.326917721314549e-05,0.0007390072189807652,3
310740,estrato_metropolitano,0.2793286071245029,4.2941468233304025e-05,0.0007334101792997312,3
313620,estrato_metropolitano,0.27932860712450275,4.294146823313749e-05,0.000733410179296887,3
314560,estrato_metropolitano,0.2793286071245027,4.294146823308198e-05,0.0007334101792959389,3
313820,estrato_metropolitano,0.2793286071245026,4.294146823297096e-05,0.0007334101792940427,3
310400,estrato_metropolitano,0.2793286071245023,4.29414682326934e-05,0.0007334101792893022,3
312870,estrato_metropolitano,0.2793286071245023,4.29414682326934e-05,0.0007334101792893022,3
351050,estrato_interior_proximo_polo,0.12061847753559568,-3.15394667445984e-05,-0.0007314188055550999,6
330240,estrato_capital,0.3263529647615937,-5.083977975262055e-05,-0.000708157732595801,1
330340,estrato_capital,0.32635296476159403,-5.0839779752287484e-05,-0.0007081577325911616,1
350950,estrato_interior_proximo_polo,0.12067982444230874,2.980743996845725e-05,0.0006912520847270892,2
320320,estrato_metropolitano,0.2793252536472731,3.958799100350907e-05,0.0006761351387021674,1
110018,estrato_capital,0.3264510120197993,4.7207478452993e-05,0.0006575626618664389,2
231140,estrato_interior_proximo_polo,0.12067767041597904,2.7653413638764612e-05,0.0006412989457613567,2
522060,estrato_metropolitano,0.27932304104546235,3.737538919273975e-05,0.0006383454506100241,3
510025,estrato_metropolitano,0.27924913387800054,-3.653177826906662e-05,-0.0006239371673294243,1
510760,estrato_metropolitano,0.2792491338780009,-3.653177826873355e-05,-0.0006239371673237358,1
330452,estrato_capital,0.3263591568034612,-4.464773788509513e-05,-0.0006219075098296599,1
130250,estrato_capital,0.3263640469713526,-3.975756999374802e-05,-0.0005537913570296341,1
420240,estrato_metropolitano,0.2792535455256086,-3.2120130661006385e-05,-0.0005485893183537971,1
420900,estrato_metropolitano,0.27925354552560866,-3.2120130660950874e-05,-0.000548589318352849,1
421870,estrato_metropolitano,0.279253545525609,-3.212013066061781e-05,-0.0005485893183471604,1
110030,estrato_capital,0.32644264795495154,3.884341360521626e-05,0.0005410578849632599,5
310740,estrato_capital,0.3264419320696026,3.812752825627097e-05,0.0005310861709240872,3
310400,estrato_capital,0.32644193206960226,3.8127528255937904e-05,0.0005310861709194478,3
312870,estrato_capital,0.32644193206960226,3.8127528255937904e-05,0.0005310861709194478,3
313820,estrato_capital,0.3264419320696018,3.8127528255493814e-05,0.000531086170913262,3
314560,estrato_capital,0.3264419320696017,3.812752825538279e-05,0.0005310861709117156,3
313620,estrato_capital,0.3264419320696017,3.812752825538279e-05,0.0005310861709117156,3
522160,estrato_capital,0.326365964880275,-3.7839661071348285e-05,-0.0005270764097890957,3
521150,estrato_capital,0.3263659648802755,-3.7839661070793174e-05,-0.0005270764097813635,3
500110,estrato_capital,0.32636645602692227,-3.7348514424051515e-05,-0.0005202351272773677,1
291480,estrato_capital,0.3264406629647669,3.685842342060486e-05,0.000513408549045614,2
230420,estrato_capital,0.3263698451150497,-3.395942629663695e-05,-0.0004730278227698469,6
330070,estrato_capital,0.32643651824598247,3.271370463614476e-05,0.0004556759099403237,9
500270,estrato_metropolitano,0.2793110420884195,2.5376432149892825e-05,0.00043341167451293636,2
160050,estrato_interior_proximo_polo,0.12066627450163825,1.6257499297969713e-05,0.00037702098181068326,1
230810,estrato_metropolitano,0.2793063350348058,2.0669378536175564e-05,0.00035301849801385224,5
420420,estrato_metropolitano,0.27926508024313773,-2.058541313187945e-05,-0.0003515844277607064,3
420240,estrato_interior_proximo_polo,0.12063500170329454,-1.5015299045739727e-05,-0.00034821362650237244,1
420900,estrato_interior_proximo_polo,0.12063500170329511,-1.5015299045170738e-05,-0.0003482136264891772,1
421870,estrato_interior_proximo_polo,0.12063500170329515,-1.5015299045129105e-05,-0.0003482136264882117,1
431440,estrato_metropolitano,0.27926528815005264,-2.0377506216973096e-05,-0.0003480335233782414,1
110005,estrato_metropolitano,0.27930509769694534,1.943204067572646e-05,0.00033188563462045495,1
110006,estrato_metropolitano,0.2793050976969444,1.943204067478277e-05,0.00033188563460433737,1
330220,estrato_interior_proximo_polo,0.12063583391944008,-1.4183082900201538e-05,-0.00032891404404391313,2
431440,estrato_interior_proximo_polo,0.12066136319414396,1.1346191803679462e-05,0.0002631248690362716,1
420890,estrato_metropolitano,0.27930069029058313,1.5024634313520746e-05,0.0002566102231512893,3
420420,estrato_interior_proximo_polo,0.12065991233305814,9.895330717865636e-06,0.00022947854612898692,3
160050,estrato_metropolitano,0.27929883277541245,1.3167119142842854e-05,0.0002248851659879603,1
310670,estrato_capital,0.32641839033276704,1.4585791420718142e-05,0.0002031684840270897,4
110018,estrato_metropolitano,0.2792750544311146,-1.061122515499946e-05,-0.0001812322881284764,2
510792,estrato_capital,0.3264155274138867,1.1722872540365081e-05,0.00016329029901563654,3
350190,estrato_capital,0.32639409427238986,-9.710268956464319e-06,-0.00013525633038862094,1
130406,estrato_interior_proximo_polo,0.12065557423227924,5.557229938960018e-06,0.00012887543461226436,3
354140,estrato_capital,0.32641301019869395,9.2056573476329e-06,0.0001282274916625217,1
430850,estrato_interior_proximo_polo,0.1206553773637755,5.360361435224892e-06,0.00012430993808629578,4
310560,estrato_interior_proximo_polo,0.1206448911983879,-5.125803952385488e-06,-0.00011887041194206286,1
311800,estrato_interior_proximo_polo,0.12064489119838806,-5.125803952218955e-06,-0.00011887041193820085,1
160050,estrato_capital,0.32641173164660053,7.927105254212918e-06,0.00011041827699071266,1
210120,estrato_metropolitano,0.27927970861862955,-5.957037640058616e-06,-0.00010174202754209084,2
500330,estrato_capital,0.3264094984947772,5.693953430863097e-06,7.93122466447792e-05,1
310560,estrato_metropolitano,0.2792834119037517,-2.2537525178889517e-06,-3.8492513326784694e-05,1
311800,estrato_metropolitano,0.27928341190375194,-2.253752517666907e-06,-3.8492513322992325e-05,1
311800,estrato_capital,0.32640179139380987,-2.0131475364504325e-06,-2.804154545378566e-05,1
310560,estrato_capital,0.32640179139381004,-2.013147536283899e-06,-2.804154545146598e-05,1
510760,estrato_capital,0.32640519547679514,1.3909354488195191e-06,1.93746255081363e-05,1
510025,estrato_capital,0.3264051954767946,1.3909354482644076e-06,1.9374625500404037e-05,1
431440,estrato_capital,0.32640250104267443,-1.3034986718896135e-06,-1.8156700686324395e-05,1
320530,estrato_capital,0.32640380454134776,1.4432899320127035e-15,2.010388185601415e-14,1
320530,estrato_interior_proximo_polo,0.12065001700234108,8.049116928532385e-16,1.8666376122699586e-14,1
530010,estrato_capital,0.32640380454134643,1.1102230246251565e-16,1.546452450462627e-15,2
320530,estrato_metropolitano,0.27928566565626967,5.551115123125783e-17,9.480915546822414e-16,1
530010,estrato_metropolitano,0.27928566565626967,5.551115123125783e-17,9.480915546822414e-16,2
530010,estrato_interior_proximo_polo,0.12065001700234027,-1.3877787807814457e-17,-3.2183407108102733e-16,2
