co_ibge_6d,cod_curso,estrato,ivs_2010,log_pop,estoque_por_10k,atracao_muni,amostra_confirmatoria,estoque_baseline,cobertura_baseline,entradas_baseline,sg_uf,uf_fe,co_ibge_7d,no_municipio,macro_regiao_saude,estoque_6m,cobertura_6m,entradas_6m,saidas_3m,saldo_6m,presentes_6m,coorte_6m_madura,elegiveis_6m,presentes_baseline_6m,elegiveis_baseline_6m,coorte_madura_baseline,delta_estoque_6m,delta_estoque_jun25_mar26,delta_cobertura_6m
110001,1,interior_remoto,0.332,8.252185436003328,2.607561929595828,0,True,2,1,1.0,11,11,1100015,Alta Floresta D'Oeste,NORTE,2,1,0.0,0.0,0.0,0.0,False,,1.0,1.0,True,0,0,0
110002,1,interior_proximo_polo,0.26,10.066073979755881,5.4186145346366335,0,False,9,1,0.0,11,11,1100023,Ariquemes,NORTE,9,1,0.0,0.0,0.0,0.0,False,,0.0,0.0,True,0,0,0
110002,2,interior_proximo_polo,0.26,10.066073979755881,5.4186145346366335,1,True,12,1,0.0,11,11,1100023,Ariquemes,NORTE,12,1,0.0,0.0,0.0,0.0,False,,0.0,0.0,True,0,0,0
110002,7,interior_proximo_polo,0.26,10.066073979755881,5.4186145346366335,0,False,4,1,0.0,11,11,1100023,Ariquemes,NORTE,4,1,0.0,0.0,0.0,0.0,False,,0.0,0.0,True,0,0,0
110002,9,interior_proximo_polo,0.26,10.066073979755881,5.4186145346366335,0,True,14,1,0.0,11,11,1100023,Ariquemes,NORTE,14,1,0.0,0.0,0.0,0.0,False,,0.0,0.0,True,0,0,0
110002,10,interior_proximo_polo,0.26,10.066073979755881,5.4186145346366335,0,False,4,1,0.0,11,11,1100023,Ariquemes,NORTE,4,1,0.0,0.0,0.0,0.0,False,,0.0,0.0,True,0,0,0
110002,11,interior_proximo_polo,0.26,10.066073979755881,5.4186145346366335,0,False,4,1,0.0,11,11,1100023,Ariquemes,NORTE,4,1,0.0,0.0,0.0,0.0,False,,0.0,0.0,True,0,0,0
110004,5,interior_proximo_polo,0.256,9.79322615827859,0.0,0,True,1,1,0.0,11,11,1100049,Cacoal,NORTE,1,1,0.0,0.0,0.0,0.0,False,,0.0,0.0,True,0,0,0
110005,7,interior_proximo_polo,0.305,8.196987927258897,0.0,0,False,0,0,0.0,11,11,1100056,Cerejeiras,NORTE,1,1,0.0,0.0,0.0,0.0,False,,0.0,0.0,True,1,1,1
110006,7,interior_proximo_polo,0.316,8.227375506834035,0.0,0,False,0,0,0.0,11,11,1100064,Colorado do Oeste,NORTE,2,1,0.0,0.0,0.0,0.0,False,,0.0,0.0,True,2,2,1
110011,1,interior_proximo_polo,0.308,9.350884616968491,8.834434016915768,0,True,7,1,0.0,11,11,1100114,Jaru,NORTE,7,1,0.0,0.0,0.0,0.0,False,,0.0,0.0,True,0,0,0
110011,2,interior_proximo_polo,0.308,9.350884616968491,8.834434016915768,0,True,2,1,0.0,11,11,1100114,Jaru,NORTE,2,1,0.0,0.0,0.0,0.0,False,,0.0,0.0,True,0,0,0
110011,7,interior_proximo_polo,0.308,9.350884616968491,8.834434016915768,0,False,5,1,0.0,11,11,1100114,Jaru,NORTE,7,1,2.0,0.0,2.0,0.0,False,,0.0,0.0,True,2,2,0
110011,9,interior_proximo_polo,0.308,9.350884616968491,8.834434016915768,0,True,3,1,0.0,11,11,1100114,Jaru,NORTE,4,1,2.0,0.0,2.0,0.0,False,,0.0,0.0,True,1,1,0
110011,11,interior_proximo_polo,0.308,9.350884616968491,8.834434016915768,0,False,5,1,0.0,11,11,1100114,Jaru,NORTE,6,1,1.0,0.0,1.0,0.0,False,,0.0,0.0,True,1,1,0
110012,1,interior_proximo_polo,0.289,10.33237617558788,4.0703353956366,0,True,10,1,0.0,11,11,1100122,Ji-Paraná,NORTE,11,1,0.0,0.0,0.0,0.0,False,,0.0,0.0,True,1,1,0
110012,7,interior_proximo_polo,0.289,10.33237617558788,4.0703353956366,0,False,6,1,0.0,11,11,1100122,Ji-Paraná,NORTE,6,1,0.0,0.0,0.0,0.0,False,,0.0,0.0,True,0,0,0
110012,10,interior_proximo_polo,0.289,10.33237617558788,4.0703353956366,0,False,5,1,0.0,11,11,1100122,Ji-Paraná,NORTE,5,1,0.0,0.0,0.0,0.0,False,,0.0,0.0,True,0,0,0
110012,11,interior_proximo_polo,0.289,10.33237617558788,4.0703353956366,0,False,5,1,0.0,11,11,1100122,Ji-Paraná,NORTE,5,1,0.0,0.0,0.0,0.0,False,,0.0,0.0,True,0,0,0
110014,1,interior_remoto,0.315,7.885329239273191,0.0,0,True,0,0,0.0,11,11,1100148,Nova Brasilândia D'Oeste,,0,0,0.0,0.0,0.0,0.0,False,,0.0,0.0,True,0,0,0
110015,1,interior_proximo_polo,0.265,9.109303827798412,8.851515822084531,0,True,10,1,0.0,11,11,1100155,Ouro Preto do Oeste,NORTE,11,1,0.0,0.0,0.0,0.0,False,,0.0,0.0,True,1,1,0
110018,7,interior_proximo_polo,0.25,9.006263883379198,0.0,0,False,0,0,0.0,11,11,1100189,Pimenta Bueno,NORTE,0,0,0.0,0.0,0.0,0.0,False,,0.0,0.0,True,0,0,0
110018,11,interior_proximo_polo,0.25,9.006263883379198,0.0,0,False,0,0,0.0,11,11,1100189,Pimenta Bueno,NORTE,0,0,0.0,0.0,0.0,0.0,False,,0.0,0.0,True,0,0,0
110020,7,capital,0.309,11.796350991168824,2.0210997795620362,0,False,28,1,0.0,11,11,1100205,Porto Velho,NORTE,27,1,0.0,0.0,0.0,0.0,False,,0.0,0.0,True,-1,-1,0
110020,9,capital,0.309,11.796350991168824,2.0210997795620362,1,True,61,1,0.0,11,11,1100205,Porto Velho,NORTE,57,1,0.0,1.0,-1.0,0.0,False,,0.0,0.0,True,-4,-4,0
110020,10,capital,0.309,11.796350991168824,2.0210997795620362,1,False,25,1,0.0,11,11,1100205,Porto Velho,NORTE,24,1,0.0,0.0,0.0,0.0,False,,0.0,0.0,True,-1,-1,0
110020,11,capital,0.309,11.796350991168824,2.0210997795620362,0,False,25,1,0.0,11,11,1100205,Porto Velho,NORTE,24,1,0.0,0.0,0.0,0.0,False,,0.0,0.0,True,-1,-1,0
110025,1,interior_remoto,0.357,8.253748343328501,2.6034886748242645,0,True,1,1,0.0,11,11,1100254,Presidente Médici,,1,1,0.0,0.0,0.0,0.0,False,,0.0,0.0,True,0,0,0
110028,1,interior_proximo_polo,0.279,9.391911647379434,8.68779538504309,0,True,5,1,0.0,11,11,1100288,Rolim de Moura,NORTE,8,1,1.0,0.0,1.0,0.0,False,,0.0,0.0,True,3,3,0
110028,7,interior_proximo_polo,0.279,9.391911647379434,8.68779538504309,0,False,0,0,0.0,11,11,1100288,Rolim de Moura,NORTE,0,0,0.0,0.0,0.0,0.0,False,,0.0,0.0,True,0,0,0
110028,8,interior_proximo_polo,0.279,9.391911647379434,8.68779538504309,0,False,11,1,0.0,11,11,1100288,Rolim de Moura,NORTE,11,1,1.0,0.0,1.0,0.0,False,,0.0,0.0,True,0,0,0
110028,9,interior_proximo_polo,0.279,9.391911647379434,8.68779538504309,0,True,3,1,0.0,11,11,1100288,Rolim de Moura,NORTE,4,1,0.0,0.0,0.0,0.0,False,,0.0,0.0,True,1,1,0
110028,10,interior_proximo_polo,0.279,9.391911647379434,8.68779538504309,0,False,0,0,0.0,11,11,1100288,Rolim de Moura,NORTE,0,0,0.0,0.0,0.0,0.0,False,,0.0,0.0,True,0,0,0
110028,11,interior_proximo_polo,0.279,9.391911647379434,8.68779538504309,0,False,0,0,0.0,11,11,1100288,Rolim de Moura,NORTE,0,0,0.0,0.0,0.0,0.0,False,,0.0,0.0,True,0,0,0
110028,14,interior_proximo_polo,0.279,9.391911647379434,8.68779538504309,1,True,8,1,0.0,11,11,1100288,Rolim de Moura,NORTE,8,1,0.0,0.0,0.0,0.0,False,,0.0,0.0,True,0,0,0
110030,7,interior_proximo_polo,0.259,9.889439336810069,14.494590939824205,0,False,9,1,0.0,11,11,1100304,Vilhena,NORTE,12,1,0.0,0.0,0.0,0.0,False,,0.0,0.0,True,3,3,0
110030,8,interior_proximo_polo,0.259,9.889439336810069,14.494590939824205,1,False,23,1,1.0,11,11,1100304,Vilhena,NORTE,24,1,0.0,0.0,0.0,0.0,False,,1.0,1.0,True,1,1,0
110030,9,interior_proximo_polo,0.259,9.889439336810069,14.494590939824205,0,True,17,1,0.0,11,11,1100304,Vilhena,NORTE,13,1,0.0,0.0,0.0,0.0,False,,0.0,0.0,True,-4,-4,0
110030,10,interior_proximo_polo,0.259,9.889439336810069,14.494590939824205,0,False,9,1,0.0,11,11,1100304,Vilhena,NORTE,12,1,0.0,0.0,0.0,0.0,False,,0.0,0.0,True,3,3,0
110030,11,interior_proximo_polo,0.259,9.889439336810069,14.494590939824205,0,False,9,1,0.0,11,11,1100304,Vilhena,NORTE,12,1,0.0,0.0,0.0,0.0,False,,0.0,0.0,True,3,3,0
110032,1,interior_remoto,0.336,7.848153086199526,0.0,0,True,0,0,0.0,11,11,1100320,São Miguel do Guaporé,,0,0,0.0,0.0,0.0,0.0,False,,0.0,0.0,True,0,0,0
110034,14,interior_remoto,0.279,7.903596289614301,0.0,0,True,0,0,0.0,11,11,1100346,Alvorada D'Oeste,,1,1,0.0,0.0,0.0,0.0,False,,0.0,0.0,True,1,1,1
110140,7,interior_remoto,0.277,7.674617497364363,0.0,0,False,0,0,0.0,11,11,1101401,Monte Negro,NORTE,3,1,2.0,0.0,2.0,0.0,False,,0.0,0.0,True,3,3,1
110140,11,interior_remoto,0.277,7.674617497364363,0.0,0,False,0,0,0.0,11,11,1101401,Monte Negro,NORTE,3,1,2.0,0.0,2.0,0.0,False,,0.0,0.0,True,3,3,1
110149,1,interior_remoto,0.387,7.846980982138788,49.53721809412072,0,True,3,1,0.0,11,11,1101492,São Francisco do Guaporé,,6,1,0.0,0.0,0.0,0.0,False,,0.0,0.0,True,3,3,0
110170,1,interior_remoto,0.299,7.325807502595773,6.038647342995169,0,True,1,1,0.0,11,11,1101708,Urupá,,0,0,0.0,0.0,0.0,0.0,False,,0.0,0.0,True,-1,-1,-1
120010,1,interior_proximo_polo,0.426,8.550627967502475,9.511833365576836,0,True,3,1,0.0,12,12,1200104,Brasiléia,NORTE,3,1,0.0,0.0,0.0,0.0,False,,0.0,0.0,True,0,0,0
120010,12,interior_proximo_polo,0.426,8.550627967502475,9.511833365576836,0,True,0,0,0.0,12,12,1200104,Brasiléia,NORTE,0,0,0.0,0.0,0.0,0.0,False,,0.0,0.0,True,0,0,0
120010,14,interior_proximo_polo,0.426,8.550627967502475,9.511833365576836,0,True,1,1,0.0,12,12,1200104,Brasiléia,NORTE,1,1,0.0,0.0,0.0,0.0,False,,0.0,0.0,True,0,0,0
120020,6,interior_proximo_polo,0.411,9.90028242158718,7.984282250647938,0,False,26,1,0.0,12,12,1200203,Cruzeiro do Sul,,32,1,0.0,0.0,0.0,0.0,False,,0.0,0.0,True,6,6,0
120020,9,interior_proximo_polo,0.411,9.90028242158718,7.984282250647938,0,True,10,1,0.0,12,12,1200203,Cruzeiro do Sul,,12,1,0.0,0.0,0.0,0.0,False,,0.0,0.0,True,2,2,0
120020,11,interior_proximo_polo,0.411,9.90028242158718,7.984282250647938,0,False,3,1,0.0,12,12,1200203,Cruzeiro do Sul,,3,1,0.0,0.0,0.0,0.0,False,,0.0,0.0,True,0,0,0
120020,12,interior_proximo_polo,0.411,9.90028242158718,7.984282250647938,0,True,4,1,0.0,12,12,1200203,Cruzeiro do Sul,,4,1,0.0,0.0,0.0,0.0,False,,0.0,0.0,True,0,0,0
120020,14,interior_proximo_polo,0.411,9.90028242158718,7.984282250647938,1,True,11,1,0.0,12,12,1200203,Cruzeiro do Sul,,11,1,0.0,0.0,0.0,0.0,False,,0.0,0.0,True,0,0,0
120030,1,interior_remoto,0.498,8.601166625192416,0.0,0,True,0,0,0.0,12,12,1200302,Feijó,,0,0,0.0,0.0,0.0,0.0,False,,0.0,0.0,True,0,0,0
120033,1,interior_remoto,0.427,8.142936010432265,0.4847779716889664,0,True,1,1,0.0,12,12,1200336,Mâncio Lima,,2,1,0.0,0.0,0.0,0.0,False,,0.0,0.0,True,1,1,0
120038,1,interior_remoto,0.466,8.22040309993373,21.085688649618664,0,True,8,1,0.0,12,12,1200385,Plácido de Castro,,8,1,0.0,0.0,0.0,0.0,False,,0.0,0.0,True,0,0,0
120040,3,capital,0.343,11.6337350271823,7.355547678128323,1,True,4,1,0.0,12,12,1200401,Rio Branco,NORTE,4,1,0.0,0.0,0.0,0.0,False,,0.0,0.0,True,0,0,0
120040,4,capital,0.343,11.6337350271823,7.355547678128323,0,False,2,1,0.0,12,12,1200401,Rio Branco,NORTE,2,1,0.0,0.0,0.0,0.0,False,,0.0,0.0,True,0,0,0
120040,5,capital,0.343,11.6337350271823,7.355547678128323,0,True,7,1,0.0,12,12,1200401,Rio Branco,NORTE,7,1,0.0,0.0,0.0,0.0,False,,0.0,0.0,True,0,0,0
120040,6,capital,0.343,11.6337350271823,7.355547678128323,0,False,80,1,0.0,12,12,1200401,Rio Branco,NORTE,84,1,0.0,1.0,-1.0,0.0,False,,0.0,0.0,True,4,4,0
120040,7,capital,0.343,11.6337350271823,7.355547678128323,0,False,22,1,0.0,12,12,1200401,Rio Branco,NORTE,20,1,0.0,0.0,0.0,0.0,False,,0.0,0.0,True,-2,-2,0
120040,9,capital,0.343,11.6337350271823,7.355547678128323,0,True,44,1,0.0,12,12,1200401,Rio Branco,NORTE,43,1,0.0,0.0,0.0,0.0,False,,0.0,0.0,True,-1,-1,0
120040,10,capital,0.343,11.6337350271823,7.355547678128323,0,False,20,1,0.0,12,12,1200401,Rio Branco,NORTE,18,1,0.0,0.0,0.0,0.0,False,,0.0,0.0,True,-2,-2,0
120040,11,capital,0.343,11.6337350271823,7.355547678128323,0,False,20,1,0.0,12,12,1200401,Rio Branco,NORTE,18,1,0.0,0.0,0.0,0.0,False,,0.0,0.0,True,-2,-2,0
120040,13,capital,0.343,11.6337350271823,7.355547678128323,0,True,5,1,0.0,12,12,1200401,Rio Branco,NORTE,5,1,0.0,0.0,0.0,0.0,False,,0.0,0.0,True,0,0,0
120040,14,capital,0.343,11.6337350271823,7.355547678128323,0,True,46,1,0.0,12,12,1200401,Rio Branco,NORTE,46,1,0.0,0.0,0.0,0.0,False,,0.0,0.0,True,0,0,0
120045,1,interior_remoto,0.387,8.53089883847235,4.932912391475927,0,True,3,1,0.0,12,12,1200450,Senador Guiomard,,3,1,0.0,0.0,0.0,0.0,False,,0.0,0.0,True,0,0,0
130080,8,interior_remoto,0.425,8.651024539049757,1.7497812773403325,0,False,1,1,0.0,13,13,1300805,Borba,,1,1,0.0,0.0,0.0,0.0,False,,0.0,0.0,True,0,0,0
130120,11,interior_remoto,0.446,9.896211143565353,0.5036768409388536,0,False,1,1,0.0,13,13,1301209,Coari,NORTE,1,1,0.0,0.0,0.0,0.0,False,,0.0,0.0,True,0,0,0
130170,8,interior_remoto,0.401,9.276502574229852,2.808199943836001,1,False,3,1,0.0,13,13,1301704,Humaitá,NORTE,5,1,0.0,0.0,0.0,0.0,False,,0.0,0.0,True,2,2,0
130190,11,metropolitano,0.335,10.03950335645357,0.4364334657181512,0,False,1,1,0.0,13,13,1301902,Itacoatiara,NORTE,1,1,0.0,0.0,0.0,0.0,False,,0.0,0.0,True,0,0,0
130250,8,metropolitano,0.458,10.074116010739036,3.3375491849353573,1,False,13,1,0.0,13,13,1302504,Manacapuru,NORTE,17,1,2.0,0.0,2.0,0.0,False,,0.0,0.0,True,4,4,0
130260,4,capital,0.414,13.38920988926797,0.3152509474120577,0,False,12,1,0.0,13,13,1302603,Manaus,NORTE,16,1,0.0,0.0,0.0,0.0,False,,0.0,0.0,True,4,4,0
130260,5,capital,0.414,13.38920988926797,0.3152509474120577,0,False,22,1,3.0,13,13,1302603,Manaus,NORTE,26,1,0.0,0.0,0.0,0.0,False,,3.0,3.0,True,4,4,0
130260,12,capital,0.414,13.38920988926797,0.3152509474120577,0,True,40,1,0.0,13,13,1302603,Manaus,NORTE,26,1,0.0,0.0,0.0,0.0,False,,0.0,0.0,True,-14,-14,0
130260,13,capital,0.414,13.38920988926797,0.3152509474120577,0,True,6,1,0.0,13,13,1302603,Manaus,NORTE,7,1,0.0,0.0,0.0,0.0,False,,0.0,0.0,True,1,1,0
130260,16,capital,0.414,13.38920988926797,0.3152509474120577,1,True,19,1,0.0,13,13,1302603,Manaus,NORTE,19,1,0.0,0.0,0.0,0.0,False,,0.0,0.0,True,0,0,0
130270,8,interior_remoto,0.475,8.904901577935142,8.596896068051219,0,False,6,1,0.0,13,13,1302702,Manicoré,NORTE,6,1,0.0,0.0,0.0,0.0,False,,0.0,0.0,True,0,0,0
130340,1,interior_proximo_polo,0.347,10.274395721835582,7.591442374051069,1,True,5,1,0.0,13,13,1303403,Parintins,NORTE,5,1,0.0,0.0,0.0,0.0,False,,0.0,0.0,True,0,0,0
130340,7,interior_proximo_polo,0.347,10.274395721835582,7.591442374051069,0,False,5,1,0.0,13,13,1303403,Parintins,NORTE,6,1,1.0,0.0,1.0,0.0,False,,0.0,0.0,True,1,1,0
130340,8,interior_proximo_polo,0.347,10.274395721835582,7.591442374051069,1,False,9,1,0.0,13,13,1303403,Parintins,NORTE,11,1,0.0,0.0,0.0,0.0,False,,0.0,0.0,True,2,2,0
130340,10,interior_proximo_polo,0.347,10.274395721835582,7.591442374051069,0,False,5,1,0.0,13,13,1303403,Parintins,NORTE,5,1,0.0,0.0,0.0,0.0,False,,0.0,0.0,True,0,0,0
130340,11,interior_proximo_polo,0.347,10.274395721835582,7.591442374051069,1,False,5,1,0.0,13,13,1303403,Parintins,NORTE,5,1,0.0,0.0,0.0,0.0,False,,0.0,0.0,True,0,0,0
130340,15,interior_proximo_polo,0.347,10.274395721835582,7.591442374051069,0,True,1,1,0.0,13,13,1303403,Parintins,NORTE,1,1,0.0,0.0,0.0,0.0,False,,0.0,0.0,True,0,0,0
130395,8,interior_remoto,0.393,7.757906208351747,4.275331338178709,1,False,1,1,0.0,13,13,1303957,São Sebastião do Uatumã,NORTE,2,1,0.0,0.0,0.0,0.0,False,,0.0,0.0,True,1,1,0
130406,1,interior_proximo_polo,0.496,9.582317635923358,6.319659887395151,1,True,8,1,1.0,13,13,1304062,Tabatinga,NORTE,8,1,5.0,0.0,5.0,0.0,False,,1.0,1.0,True,0,0,0
130406,2,interior_proximo_polo,0.496,9.582317635923358,6.319659887395151,0,True,7,1,0.0,13,13,1304062,Tabatinga,NORTE,15,1,3.0,0.0,3.0,0.0,False,,0.0,0.0,True,8,8,0
130420,8,interior_proximo_polo,0.459,9.907877900837422,2.240254891223179,1,False,6,1,0.0,13,13,1304203,Tefé,,6,1,0.0,0.0,0.0,0.0,False,,0.0,0.0,True,0,0,0
130420,11,interior_proximo_polo,0.459,9.907877900837422,2.240254891223179,0,False,1,1,0.0,13,13,1304203,Tefé,,1,1,0.0,0.0,0.0,0.0,False,,0.0,0.0,True,0,0,0
140010,1,capital,0.274,11.499749035853597,13.924072009997635,1,True,48,1,3.0,14,RESTO,1400100,Boa Vista,NORTE,49,1,1.0,0.0,1.0,0.0,False,,3.0,3.0,True,1,1,0
140010,2,capital,0.274,11.499749035853597,13.924072009997635,1,True,57,1,0.0,14,RESTO,1400100,Boa Vista,NORTE,54,1,0.0,1.0,-1.0,0.0,False,,0.0,0.0,True,-3,-3,0
140010,4,capital,0.274,11.499749035853597,13.924072009997635,1,False,3,1,0.0,14,RESTO,1400100,Boa Vista,NORTE,3,1,0.0,0.0,0.0,0.0,False,,0.0,0.0,True,0,0,0
140010,5,capital,0.274,11.499749035853597,13.924072009997635,0,True,3,1,1.0,14,RESTO,1400100,Boa Vista,NORTE,3,1,0.0,0.0,0.0,0.0,False,,1.0,1.0,True,0,0,0
140010,6,capital,0.274,11.499749035853597,13.924072009997635,1,False,66,1,0.0,14,RESTO,1400100,Boa Vista,NORTE,67,1,1.0,0.0,1.0,0.0,False,,0.0,0.0,True,1,1,0
140010,7,capital,0.274,11.499749035853597,13.924072009997635,0,False,20,1,0.0,14,RESTO,1400100,Boa Vista,NORTE,21,1,1.0,0.0,1.0,0.0,False,,0.0,0.0,True,1,1,0
140010,8,capital,0.274,11.499749035853597,13.924072009997635,1,False,66,1,0.0,14,RESTO,1400100,Boa Vista,NORTE,67,1,1.0,0.0,1.0,0.0,False,,0.0,0.0,True,1,1,0
140010,9,capital,0.274,11.499749035853597,13.924072009997635,0,True,29,1,0.0,14,RESTO,1400100,Boa Vista,NORTE,26,1,0.0,0.0,0.0,0.0,False,,0.0,0.0,True,-3,-3,0
140010,10,capital,0.274,11.499749035853597,13.924072009997635,0,False,17,1,0.0,14,RESTO,1400100,Boa Vista,NORTE,18,1,1.0,0.0,1.0,0.0,False,,0.0,0.0,True,1,1,0
140010,11,capital,0.274,11.499749035853597,13.924072009997635,0,False,17,1,0.0,14,RESTO,1400100,Boa Vista,NORTE,18,1,1.0,0.0,1.0,0.0,False,,0.0,0.0,True,1,1,0
140010,12,capital,0.274,11.499749035853597,13.924072009997635,0,True,5,1,0.0,14,RESTO,1400100,Boa Vista,NORTE,5,1,0.0,0.0,0.0,0.0,False,,0.0,0.0,True,0,0,0
140010,13,capital,0.274,11.499749035853597,13.924072009997635,0,True,1,1,0.0,14,RESTO,1400100,Boa Vista,NORTE,1,1,0.0,0.0,0.0,0.0,False,,0.0,0.0,True,0,0,0
140010,14,capital,0.274,11.499749035853597,13.924072009997635,0,True,42,1,0.0,14,RESTO,1400100,Boa Vista,NORTE,45,1,0.0,0.0,0.0,0.0,False,,0.0,0.0,True,3,3,0
140010,15,capital,0.274,11.499749035853597,13.924072009997635,1,True,9,1,0.0,14,RESTO,1400100,Boa Vista,NORTE,11,1,1.0,0.0,1.0,0.0,False,,0.0,0.0,True,2,2,0
140047,1,metropolitano,0.393,8.344742754417545,32.88170509468346,0,True,3,1,0.0,14,RESTO,1400472,Rorainópolis,NORTE,2,1,0.0,0.0,0.0,0.0,False,,0.0,0.0,True,-1,-1,0
140047,2,metropolitano,0.393,8.344742754417545,32.88170509468346,0,True,3,1,0.0,14,RESTO,1400472,Rorainópolis,NORTE,5,1,0.0,0.0,0.0,0.0,False,,0.0,0.0,True,2,2,0
140047,6,metropolitano,0.393,8.344742754417545,32.88170509468346,0,False,4,1,0.0,14,RESTO,1400472,Rorainópolis,NORTE,2,1,0.0,0.0,0.0,0.0,False,,0.0,0.0,True,-2,-2,0
140047,7,metropolitano,0.393,8.344742754417545,32.88170509468346,0,False,1,1,0.0,14,RESTO,1400472,Rorainópolis,NORTE,1,1,0.0,0.0,0.0,0.0,False,,0.0,0.0,True,0,0,0
140047,10,metropolitano,0.393,8.344742754417545,32.88170509468346,0,False,1,1,0.0,14,RESTO,1400472,Rorainópolis,NORTE,1,1,0.0,0.0,0.0,0.0,False,,0.0,0.0,True,0,0,0
140047,11,metropolitano,0.393,8.344742754417545,32.88170509468346,0,False,1,1,0.0,14,RESTO,1400472,Rorainópolis,NORTE,1,1,0.0,0.0,0.0,0.0,False,,0.0,0.0,True,0,0,0
140047,14,metropolitano,0.393,8.344742754417545,32.88170509468346,1,True,1,1,0.0,14,RESTO,1400472,Rorainópolis,NORTE,2,1,0.0,0.0,0.0,0.0,False,,0.0,0.0,True,1,1,0
140047,15,metropolitano,0.393,8.344742754417545,32.88170509468346,0,True,1,1,0.0,14,RESTO,1400472,Rorainópolis,NORTE,1,1,0.0,0.0,0.0,0.0,False,,0.0,0.0,True,0,0,0
150060,1,interior_proximo_polo,0.381,10.33514009039794,6.54868214536992,0,True,17,1,0.0,15,15,1500602,Altamira,NORTE,15,1,0.0,0.0,0.0,0.0,False,,0.0,0.0,True,-2,-2,0
150060,7,interior_proximo_polo,0.381,10.33514009039794,6.54868214536992,0,False,4,1,0.0,15,15,1500602,Altamira,NORTE,3,1,0.0,0.0,0.0,0.0,False,,0.0,0.0,True,-1,-1,0
150060,8,interior_proximo_polo,0.381,10.33514009039794,6.54868214536992,0,False,21,1,0.0,15,15,1500602,Altamira,NORTE,20,1,0.0,0.0,0.0,0.0,False,,0.0,0.0,True,-1,-1,0
150060,10,interior_proximo_polo,0.381,10.33514009039794,6.54868214536992,0,False,4,1,0.0,15,15,1500602,Altamira,NORTE,3,1,0.0,0.0,0.0,0.0,False,,0.0,0.0,True,-1,-1,0
150060,11,interior_proximo_polo,0.381,10.33514009039794,6.54868214536992,0,False,4,1,0.0,15,15,1500602,Altamira,NORTE,3,1,0.0,0.0,0.0,0.0,False,,0.0,0.0,True,-1,-1,0
150060,14,interior_proximo_polo,0.381,10.33514009039794,6.54868214536992,1,True,16,1,0.0,15,15,1500602,Altamira,NORTE,14,1,0.0,0.0,0.0,0.0,False,,0.0,0.0,True,-2,-2,0
150085,1,interior_remoto,0.573,8.205218426395412,2.7329871549603717,0,True,0,0,0.0,15,15,1500859,Anapu,,0,0,0.0,0.0,0.0,0.0,False,,0.0,0.0,True,0,0,0
150085,11,interior_remoto,0.573,8.205218426395412,2.7329871549603717,0,False,0,0,0.0,15,15,1500859,Anapu,,0,0,0.0,0.0,0.0,0.0,False,,0.0,0.0,True,0,0,0
150085,14,interior_remoto,0.573,8.205218426395412,2.7329871549603717,0,True,1,1,0.0,15,15,1500859,Anapu,,1,1,0.0,0.0,0.0,0.0,False,,0.0,0.0,True,0,0,0
150140,4,capital,0.334,13.159127228789044,1.5534945112002614,1,False,16,1,0.0,15,15,1501402,Belém,NORTE,16,1,0.0,0.0,0.0,0.0,False,,0.0,0.0,True,0,0,0
150140,7,capital,0.334,13.159127228789044,1.5534945112002614,1,False,131,1,0.0,15,15,1501402,Belém,NORTE,126,1,0.0,1.0,-1.0,0.0,False,,0.0,0.0,True,-5,-5,0
150140,10,capital,0.334,13.159127228789044,1.5534945112002614,0,False,117,1,0.0,15,15,1501402,Belém,NORTE,111,1,0.0,1.0,-1.0,0.0,False,,0.0,0.0,True,-6,-6,0
150140,11,capital,0.334,13.159127228789044,1.5534945112002614,0,False,117,1,0.0,15,15,1501402,Belém,NORTE,111,1,0.0,1.0,-1.0,0.0,False,,0.0,0.0,True,-6,-6,0
150140,16,capital,0.334,13.159127228789044,1.5534945112002614,0,True,30,1,0.0,15,15,1501402,Belém,NORTE,30,1,0.0,0.0,0.0,0.0,False,,0.0,0.0,True,0,0,0
150170,1,interior_proximo_polo,0.413,10.341968264428457,4.972155926809864,0,True,6,1,0.0,15,15,1501709,Bragança,NORTE,6,1,0.0,1.0,-1.0,0.0,False,,0.0,0.0,True,0,0,0
150170,7,interior_proximo_polo,0.413,10.341968264428457,4.972155926809864,0,False,7,1,0.0,15,15,1501709,Bragança,NORTE,6,1,0.0,0.0,0.0,0.0,False,,0.0,0.0,True,-1,-1,0
150170,9,interior_proximo_polo,0.413,10.341968264428457,4.972155926809864,0,True,10,1,0.0,15,15,1501709,Bragança,NORTE,12,1,0.0,1.0,-1.0,0.0,False,,0.0,0.0,True,2,2,0
150170,10,interior_proximo_polo,0.413,10.341968264428457,4.972155926809864,0,False,7,1,0.0,15,15,1501709,Bragança,NORTE,6,1,0.0,0.0,0.0,0.0,False,,0.0,0.0,True,-1,-1,0
150170,11,interior_proximo_polo,0.413,10.341968264428457,4.972155926809864,0,False,7,1,0.0,15,15,1501709,Bragança,NORTE,6,1,0.0,0.0,0.0,0.0,False,,0.0,0.0,True,-1,-1,0
150170,12,interior_proximo_polo,0.413,10.341968264428457,4.972155926809864,1,True,0,0,0.0,15,15,1501709,Bragança,NORTE,1,1,0.0,0.0,0.0,0.0,False,,0.0,0.0,True,1,1,1
150170,15,interior_proximo_polo,0.413,10.341968264428457,4.972155926809864,1,True,5,1,0.0,15,15,1501709,Bragança,NORTE,6,1,0.0,0.0,0.0,0.0,False,,0.0,0.0,True,1,1,0
150220,7,interior_proximo_polo,0.36,9.843312829500057,11.771369904235923,0,False,9,1,1.0,15,15,1502202,Capanema,NORTE,10,1,1.0,0.0,1.0,0.0,False,,1.0,1.0,True,1,1,0
150220,8,interior_proximo_polo,0.36,9.843312829500057,11.771369904235923,1,False,15,1,0.0,15,15,1502202,Capanema,NORTE,16,1,0.0,0.0,0.0,0.0,False,,0.0,0.0,True,1,1,0
150220,9,interior_proximo_polo,0.36,9.843312829500057,11.771369904235923,0,True,9,1,2.0,15,15,1502202,Capanema,NORTE,12,1,0.0,1.0,-1.0,0.0,False,,2.0,2.0,True,3,3,0
150220,10,interior_proximo_polo,0.36,9.843312829500057,11.771369904235923,0,False,9,1,1.0,15,15,1502202,Capanema,NORTE,10,1,1.0,0.0,1.0,0.0,False,,1.0,1.0,True,1,1,0
150220,11,interior_proximo_polo,0.36,9.843312829500057,11.771369904235923,0,False,9,1,1.0,15,15,1502202,Capanema,NORTE,10,1,1.0,0.0,1.0,0.0,False,,1.0,1.0,True,1,1,0
150220,14,interior_proximo_polo,0.36,9.843312829500057,11.771369904235923,1,True,23,1,1.0,15,15,1502202,Capanema,NORTE,24,1,1.0,0.0,1.0,0.0,False,,1.0,1.0,True,1,1,0
150220,15,interior_proximo_polo,0.36,9.843312829500057,11.771369904235923,1,True,8,1,0.0,15,15,1502202,Capanema,NORTE,9,1,0.0,0.0,0.0,0.0,False,,0.0,0.0,True,1,1,0
150240,7,metropolitano,0.359,10.974523073434003,1.9560139576587223,0,False,19,1,0.0,15,15,1502400,Castanhal,NORTE,20,1,0.0,0.0,0.0,0.0,False,,0.0,0.0,True,1,1,0
150240,8,metropolitano,0.359,10.974523073434003,1.9560139576587223,1,False,33,1,0.0,15,15,1502400,Castanhal,NORTE,33,1,0.0,0.0,0.0,0.0,False,,0.0,0.0,True,0,0,0
150240,9,metropolitano,0.359,10.974523073434003,1.9560139576587223,0,True,30,1,0.0,15,15,1502400,Castanhal,NORTE,32,1,3.0,0.0,3.0,0.0,False,,0.0,0.0,True,2,2,0
150240,10,metropolitano,0.359,10.974523073434003,1.9560139576587223,0,False,18,1,0.0,15,15,1502400,Castanhal,NORTE,19,1,0.0,0.0,0.0,0.0,False,,0.0,0.0,True,1,1,0
150240,11,metropolitano,0.359,10.974523073434003,1.9560139576587223,0,False,18,1,0.0,15,15,1502400,Castanhal,NORTE,19,1,0.0,0.0,0.0,0.0,False,,0.0,0.0,True,1,1,0
150240,14,metropolitano,0.359,10.974523073434003,1.9560139576587223,0,True,33,1,0.0,15,15,1502400,Castanhal,NORTE,34,1,0.0,0.0,0.0,0.0,False,,0.0,0.0,True,1,1,0
150270,1,interior_proximo_polo,0.321,9.328834266023971,6.884605134582927,0,True,2,1,0.0,15,15,1502707,Conceição do Araguaia,NORTE,2,1,0.0,0.0,0.0,0.0,False,,0.0,0.0,True,0,0,0
150270,2,interior_proximo_polo,0.321,9.328834266023971,6.884605134582927,0,True,9,1,0.0,15,15,1502707,Conceição do Araguaia,NORTE,9,1,0.0,0.0,0.0,0.0,False,,0.0,0.0,True,0,0,0
150360,1,interior_proximo_polo,0.412,10.17458282138351,0.5401558190668649,0,True,17,1,0.0,15,15,1503606,Itaituba,NORTE,13,1,0.0,0.0,0.0,0.0,False,,0.0,0.0,True,-4,-4,0
150360,7,interior_proximo_polo,0.412,10.17458282138351,0.5401558190668649,0,False,11,1,0.0,15,15,1503606,Itaituba,NORTE,11,1,0.0,0.0,0.0,0.0,False,,0.0,0.0,True,0,0,0
150380,1,interior_remoto,0.486,9.739438040529622,1.178342072703706,0,True,2,1,0.0,15,15,1503804,Jacundá,,2,1,0.0,0.0,0.0,0.0,False,,0.0,0.0,True,0,0,0
150380,8,interior_remoto,0.486,9.739438040529622,1.178342072703706,0,False,1,1,0.0,15,15,1503804,Jacundá,,1,1,0.0,0.0,0.0,0.0,False,,0.0,0.0,True,0,0,0
150380,11,interior_remoto,0.486,9.739438040529622,1.178342072703706,0,False,0,0,0.0,15,15,1503804,Jacundá,,0,0,0.0,0.0,0.0,0.0,False,,0.0,0.0,True,0,0,0
150380,14,interior_remoto,0.486,9.739438040529622,1.178342072703706,0,False,3,1,0.0,15,15,1503804,Jacundá,,4,1,0.0,0.0,0.0,0.0,False,,0.0,0.0,True,1,1,0
150380,15,interior_remoto,0.486,9.739438040529622,1.178342072703706,0,True,0,0,0.0,15,15,1503804,Jacundá,,0,0,0.0,0.0,0.0,0.0,False,,0.0,0.0,True,0,0,0
150420,1,interior_proximo_polo,0.407,11.179925194094393,2.964730174674926,0,True,20,1,1.0,15,15,1504208,Marabá,NORTE,22,1,0.0,0.0,0.0,0.0,False,,1.0,1.0,True,2,2,0
150420,2,interior_proximo_polo,0.407,11.179925194094393,2.964730174674926,1,True,23,1,0.0,15,15,1504208,Marabá,NORTE,25,1,0.0,0.0,0.0,0.0,False,,0.0,0.0,True,2,2,0
150420,11,interior_proximo_polo,0.407,11.179925194094393,2.964730174674926,0,False,13,1,0.0,15,15,1504208,Marabá,NORTE,13,1,0.0,2.0,-2.0,0.0,False,,0.0,0.0,True,0,0,0
150420,15,interior_proximo_polo,0.407,11.179925194094393,2.964730174674926,1,False,8,1,0.0,15,15,1504208,Marabá,NORTE,10,1,0.0,0.0,0.0,0.0,False,,0.0,0.0,True,2,2,0
150470,1,interior_remoto,0.491,9.187174093944343,3.0706243602865917,0,True,0,0,0.0,15,15,1504703,Moju,NORTE,0,0,0.0,0.0,0.0,0.0,False,,0.0,0.0,True,0,0,0
150470,7,interior_remoto,0.491,9.187174093944343,3.0706243602865917,0,False,1,1,0.0,15,15,1504703,Moju,NORTE,3,1,0.0,0.0,0.0,0.0,False,,0.0,0.0,True,2,2,0
150470,10,interior_remoto,0.491,9.187174093944343,3.0706243602865917,1,False,1,1,0.0,15,15,1504703,Moju,NORTE,3,1,0.0,0.0,0.0,0.0,False,,0.0,0.0,True,2,2,0
150470,11,interior_remoto,0.491,9.187174093944343,3.0706243602865917,0,False,1,1,0.0,15,15,1504703,Moju,NORTE,3,1,0.0,0.0,0.0,0.0,False,,0.0,0.0,True,2,2,0
150510,1,interior_remoto,0.475,9.13227071655426,1.0813148788927336,0,True,1,1,1.0,15,15,1505106,Óbidos,,1,1,0.0,0.0,0.0,0.0,False,,0.0,1.0,True,0,0,0
150510,2,interior_remoto,0.475,9.13227071655426,1.0813148788927336,0,True,2,1,1.0,15,15,1505106,Óbidos,,2,1,0.0,0.0,0.0,0.0,False,,0.0,1.0,True,0,0,0
150580,1,interior_remoto,0.522,9.178230318057949,3.098213363626975,0,True,0,0,0.0,15,15,1505809,Portel,NORTE,0,0,0.0,0.0,0.0,0.0,False,,0.0,0.0,True,0,0,0
150580,2,interior_remoto,0.522,9.178230318057949,3.098213363626975,0,True,2,1,0.0,15,15,1505809,Portel,NORTE,4,1,1.0,0.0,1.0,0.0,False,,0.0,0.0,True,2,2,0
150580,7,interior_remoto,0.522,9.178230318057949,3.098213363626975,0,False,0,0,0.0,15,15,1505809,Portel,NORTE,0,0,0.0,0.0,0.0,0.0,False,,0.0,0.0,True,0,0,0
150580,8,interior_remoto,0.522,9.178230318057949,3.098213363626975,0,False,1,1,0.0,15,15,1505809,Portel,NORTE,2,1,2.0,0.0,2.0,0.0,False,,0.0,0.0,True,1,1,0
150580,9,interior_remoto,0.522,9.178230318057949,3.098213363626975,0,True,0,0,0.0,15,15,1505809,Portel,NORTE,0,0,0.0,0.0,0.0,0.0,False,,0.0,0.0,True,0,0,0
150580,10,interior_remoto,0.522,9.178230318057949,3.098213363626975,0,False,0,0,0.0,15,15,1505809,Portel,NORTE,0,0,0.0,0.0,0.0,0.0,False,,0.0,0.0,True,0,0,0
150580,11,interior_remoto,0.522,9.178230318057949,3.098213363626975,0,False,0,0,0.0,15,15,1505809,Portel,NORTE,0,0,0.0,0.0,0.0,0.0,False,,0.0,0.0,True,0,0,0
150613,2,interior_proximo_polo,0.415,10.12137732690179,2.714331671224063,1,True,10,1,0.0,15,15,1506138,Redenção,NORTE,10,1,0.0,0.0,0.0,0.0,False,,0.0,0.0,True,0,0,0
150613,5,interior_proximo_polo,0.415,10.12137732690179,2.714331671224063,0,True,0,0,0.0,15,15,1506138,Redenção,NORTE,0,0,0.0,0.0,0.0,0.0,False,,0.0,0.0,True,0,0,0
150620,7,interior_remoto,0.383,9.49016666846238,3.779860901118839,0,False,1,1,0.0,15,15,1506203,Salinópolis,,3,1,0.0,0.0,0.0,0.0,False,,0.0,0.0,True,2,2,0
150620,9,interior_remoto,0.383,9.49016666846238,3.779860901118839,0,True,1,1,0.0,15,15,1506203,Salinópolis,,2,1,0.0,0.0,0.0,0.0,False,,0.0,0.0,True,1,1,0
150620,10,interior_remoto,0.383,9.49016666846238,3.779860901118839,0,False,1,1,0.0,15,15,1506203,Salinópolis,,3,1,0.0,0.0,0.0,0.0,False,,0.0,0.0,True,2,2,0
150620,11,interior_remoto,0.383,9.49016666846238,3.779860901118839,0,False,1,1,0.0,15,15,1506203,Salinópolis,,3,1,0.0,0.0,0.0,0.0,False,,0.0,0.0,True,2,2,0
150620,15,interior_remoto,0.383,9.49016666846238,3.779860901118839,1,True,1,1,0.0,15,15,1506203,Salinópolis,,2,1,0.0,0.0,0.0,0.0,False,,0.0,0.0,True,1,1,0
150630,11,interior_remoto,0.456,8.576970395452099,4.396708749450412,0,False,0,0,0.0,15,15,1506302,Salvaterra,,0,0,0.0,0.0,0.0,0.0,False,,0.0,0.0,True,0,0,0
150630,14,interior_remoto,0.456,8.576970395452099,4.396708749450412,1,True,2,1,0.0,15,15,1506302,Salvaterra,,3,1,1.0,0.0,1.0,0.0,False,,0.0,0.0,True,1,1,0
150680,1,metropolitano,0.322,11.331535474133938,4.156176317787636,0,True,25,1,0.0,15,15,1506807,Santarém,NORTE,25,1,0.0,0.0,0.0,0.0,False,,0.0,0.0,True,0,0,0
150680,2,metropolitano,0.322,11.331535474133938,4.156176317787636,1,True,21,1,0.0,15,15,1506807,Santarém,NORTE,18,1,0.0,0.0,0.0,0.0,False,,0.0,0.0,True,-3,-3,0
150680,9,metropolitano,0.322,11.331535474133938,4.156176317787636,0,True,17,1,0.0,15,15,1506807,Santarém,NORTE,16,1,0.0,0.0,0.0,0.0,False,,0.0,0.0,True,-1,-1,0
150680,14,metropolitano,0.322,11.331535474133938,4.156176317787636,0,True,29,1,1.0,15,15,1506807,Santarém,NORTE,25,1,0.0,0.0,0.0,0.0,False,,1.0,1.0,True,-4,-4,0
150680,15,metropolitano,0.322,11.331535474133938,4.156176317787636,0,True,7,1,0.0,15,15,1506807,Santarém,NORTE,8,1,0.0,0.0,0.0,0.0,False,,0.0,0.0,True,1,1,0
150747,1,interior_remoto,0.553,8.287276755814599,3.356831151393085,1,True,2,1,0.0,15,15,1507474,São João de Pirabas,,1,1,0.0,0.0,0.0,0.0,False,,0.0,0.0,True,-1,-1,0
150747,14,interior_remoto,0.553,8.287276755814599,3.356831151393085,0,True,2,1,0.0,15,15,1507474,São João de Pirabas,,1,1,0.0,0.0,0.0,0.0,False,,0.0,0.0,True,-1,-1,0
150803,2,interior_remoto,0.589,8.078998258685154,0.0,1,True,0,0,0.0,15,15,1508035,Tracuateua,NORTE,0,0,0.0,0.0,0.0,0.0,False,,0.0,0.0,True,0,0,0
150810,1,interior_proximo_polo,0.361,10.413342705547674,5.155155155155155,0,True,8,1,0.0,15,15,1508100,Tucuruí,NORTE,7,1,1.0,0.0,1.0,0.0,False,,0.0,0.0,True,-1,-1,0
150810,7,interior_proximo_polo,0.361,10.413342705547674,5.155155155155155,1,False,12,1,0.0,15,15,1508100,Tucuruí,NORTE,11,1,0.0,0.0,0.0,0.0,False,,0.0,0.0,True,-1,-1,0
150810,8,interior_proximo_polo,0.361,10.413342705547674,5.155155155155155,1,False,22,1,0.0,15,15,1508100,Tucuruí,NORTE,18,1,1.0,0.0,1.0,0.0,False,,0.0,0.0,True,-4,-4,0
150810,10,interior_proximo_polo,0.361,10.413342705547674,5.155155155155155,0,False,11,1,0.0,15,15,1508100,Tucuruí,NORTE,10,1,0.0,0.0,0.0,0.0,False,,0.0,0.0,True,-1,-1,0
150810,11,interior_proximo_polo,0.361,10.413342705547674,5.155155155155155,0,False,11,1,0.0,15,15,1508100,Tucuruí,NORTE,10,1,0.0,0.0,0.0,0.0,False,,0.0,0.0,True,-1,-1,0
150810,13,interior_proximo_polo,0.361,10.413342705547674,5.155155155155155,1,True,5,1,1.0,15,15,1508100,Tucuruí,NORTE,4,1,1.0,0.0,1.0,0.0,False,,1.0,1.0,True,-1,-1,0
150810,14,interior_proximo_polo,0.361,10.413342705547674,5.155155155155155,0,True,21,1,0.0,15,15,1508100,Tucuruí,NORTE,21,1,0.0,0.0,0.0,0.0,False,,0.0,0.0,True,0,0,0
160027,1,interior_proximo_polo,0.453,9.579003173560242,1.383412879573909,0,True,2,1,0.0,16,RESTO,1600279,Laranjal do Jari,NORTE,4,1,0.0,0.0,0.0,0.0,False,,0.0,0.0,True,2,2,0
160030,1,capital,0.35,11.825441603422009,2.786211605760203,0,True,35,1,0.0,16,RESTO,1600303,Macapá,NORTE,42,1,0.0,1.0,-1.0,0.0,False,,0.0,0.0,True,7,7,0
160030,7,capital,0.35,11.825441603422009,2.786211605760203,0,False,26,1,0.0,16,RESTO,1600303,Macapá,NORTE,28,1,0.0,0.0,0.0,0.0,False,,0.0,0.0,True,2,2,0
160030,8,capital,0.35,11.825441603422009,2.786211605760203,1,False,80,1,0.0,16,RESTO,1600303,Macapá,NORTE,87,1,2.0,3.0,-1.0,0.0,False,,0.0,0.0,True,7,7,0
160030,9,capital,0.35,11.825441603422009,2.786211605760203,0,True,35,1,1.0,16,RESTO,1600303,Macapá,NORTE,40,1,0.0,1.0,-1.0,0.0,False,,1.0,1.0,True,5,5,0
160030,10,capital,0.35,11.825441603422009,2.786211605760203,0,False,20,1,0.0,16,RESTO,1600303,Macapá,NORTE,23,1,0.0,0.0,0.0,0.0,False,,0.0,0.0,True,3,3,0
160030,11,capital,0.35,11.825441603422009,2.786211605760203,0,False,20,1,0.0,16,RESTO,1600303,Macapá,NORTE,23,1,0.0,0.0,0.0,0.0,False,,0.0,0.0,True,3,3,0
160030,14,capital,0.35,11.825441603422009,2.786211605760203,0,True,68,1,3.0,16,RESTO,1600303,Macapá,NORTE,80,1,3.0,0.0,3.0,0.0,False,,3.0,3.0,True,12,12,0
160050,1,interior_remoto,0.41,8.522976436171964,4.309201803235216,0,True,1,1,0.0,16,RESTO,1600501,Oiapoque,,1,1,0.0,0.0,0.0,0.0,False,,0.0,0.0,True,0,0,0
160060,1,metropolitano,0.407,10.543418538488748,1.3183568000843748,1,True,6,1,1.0,16,RESTO,1600600,Santana,NORTE,8,1,1.0,0.0,1.0,0.0,False,,1.0,1.0,True,2,2,0
170210,3,interior_proximo_polo,0.268,10.831588271169641,4.61196871767504,0,True,4,1,0.0,17,17,1702109,Araguaína,NORTE,4,1,0.0,0.0,0.0,0.0,False,,0.0,0.0,True,0,0,0
170210,4,interior_proximo_polo,0.268,10.831588271169641,4.61196871767504,0,False,2,1,0.0,17,17,1702109,Araguaína,NORTE,2,1,0.0,0.0,0.0,0.0,False,,0.0,0.0,True,0,0,0
170210,7,interior_proximo_polo,0.268,10.831588271169641,4.61196871767504,0,False,17,1,0.0,17,17,1702109,Araguaína,NORTE,17,1,0.0,0.0,0.0,0.0,False,,0.0,0.0,True,0,0,0
170210,9,interior_proximo_polo,0.268,10.831588271169641,4.61196871767504,0,True,26,1,0.0,17,17,1702109,Araguaína,NORTE,29,1,1.0,0.0,1.0,0.0,False,,0.0,0.0,True,3,3,0
170210,10,interior_proximo_polo,0.268,10.831588271169641,4.61196871767504,0,False,15,1,0.0,17,17,1702109,Araguaína,NORTE,15,1,0.0,0.0,0.0,0.0,False,,0.0,0.0,True,0,0,0
170210,11,interior_proximo_polo,0.268,10.831588271169641,4.61196871767504,0,False,15,1,0.0,17,17,1702109,Araguaína,NORTE,15,1,0.0,0.0,0.0,0.0,False,,0.0,0.0,True,0,0,0
170255,7,interior_proximo_polo,0.412,8.53030683056162,7.568279039157619,0,False,5,1,1.0,17,17,1702554,Augustinópolis,NORTE,7,1,0.0,0.0,0.0,0.0,False,,1.0,1.0,True,2,2,0
170255,11,interior_proximo_polo,0.412,8.53030683056162,7.568279039157619,0,False,4,1,1.0,17,17,1702554,Augustinópolis,NORTE,5,1,0.0,0.0,0.0,0.0,False,,1.0,1.0,True,1,1,0
170950,7,metropolitano,0.244,10.148705658168648,0.7825644637477013,0,False,5,1,0.0,17,17,1709500,Gurupi,NORTE,5,1,0.0,0.0,0.0,0.0,False,,0.0,0.0,True,0,0,0
170950,10,metropolitano,0.244,10.148705658168648,0.7825644637477013,0,False,5,1,0.0,17,17,1709500,Gurupi,NORTE,5,1,0.0,0.0,0.0,0.0,False,,0.0,0.0,True,0,0,0
170950,11,metropolitano,0.244,10.148705658168648,0.7825644637477013,0,False,5,1,0.0,17,17,1709500,Gurupi,NORTE,5,1,0.0,0.0,0.0,0.0,False,,0.0,0.0,True,0,0,0
170950,15,metropolitano,0.244,10.148705658168648,0.7825644637477013,0,True,4,1,0.0,17,17,1709500,Gurupi,NORTE,4,1,0.0,0.0,0.0,0.0,False,,0.0,0.0,True,0,0,0
171610,2,metropolitano,0.233,9.500693872983122,8.415619389587073,1,True,8,1,0.0,17,17,1716109,Paraíso do Tocantins,NORTE,8,1,0.0,0.0,0.0,0.0,False,,0.0,0.0,True,0,0,0
171610,7,metropolitano,0.233,9.500693872983122,8.415619389587073,0,False,3,1,0.0,17,17,1716109,Paraíso do Tocantins,NORTE,3,1,1.0,0.0,1.0,0.0,False,,0.0,0.0,True,0,0,0
171610,10,metropolitano,0.233,9.500693872983122,8.415619389587073,0,False,3,1,0.0,17,17,1716109,Paraíso do Tocantins,NORTE,2,1,0.0,0.0,0.0,0.0,False,,0.0,0.0,True,-1,-1,0
171610,11,metropolitano,0.233,9.500693872983122,8.415619389587073,0,False,3,1,0.0,17,17,1716109,Paraíso do Tocantins,NORTE,2,1,0.0,0.0,0.0,0.0,False,,0.0,0.0,True,-1,-1,0
171820,2,metropolitano,0.251,9.665103451805633,10.259990268875208,0,True,15,1,0.0,17,17,1718204,Porto Nacional,NORTE,16,1,0.0,1.0,-1.0,0.0,False,,0.0,0.0,True,1,1,0
171820,7,metropolitano,0.251,9.665103451805633,10.259990268875208,0,False,2,1,0.0,17,17,1718204,Porto Nacional,NORTE,3,1,1.0,0.0,1.0,0.0,False,,0.0,0.0,True,1,1,0
171820,10,metropolitano,0.251,9.665103451805633,10.259990268875208,0,False,2,1,0.0,17,17,1718204,Porto Nacional,NORTE,3,1,1.0,0.0,1.0,0.0,False,,0.0,0.0,True,1,1,0
171820,11,metropolitano,0.251,9.665103451805633,10.259990268875208,0,False,2,1,0.0,17,17,1718204,Porto Nacional,NORTE,3,1,1.0,0.0,1.0,0.0,False,,0.0,0.0,True,1,1,0
171820,15,metropolitano,0.251,9.665103451805633,10.259990268875208,0,True,1,1,0.0,17,17,1718204,Porto Nacional,NORTE,1,1,0.0,0.0,0.0,0.0,False,,0.0,0.0,True,0,0,0
172100,7,capital,0.272,11.192789068964839,1.365856793932382,0,False,22,1,0.0,17,17,1721000,Palmas,NORTE,24,1,0.0,0.0,0.0,0.0,False,,0.0,0.0,True,2,2,0
210005,7,metropolitano,0.366,10.260357477464831,3.3536300858529304,0,False,3,1,0.0,21,21,2100055,Açailândia,NORDESTE,6,1,0.0,0.0,0.0,0.0,False,,0.0,0.0,True,3,3,0
210005,10,metropolitano,0.366,10.260357477464831,3.3536300858529304,1,False,3,1,0.0,21,21,2100055,Açailândia,NORDESTE,5,1,0.0,0.0,0.0,0.0,False,,0.0,0.0,True,2,2,0
210005,11,metropolitano,0.366,10.260357477464831,3.3536300858529304,0,False,3,1,0.0,21,21,2100055,Açailândia,NORDESTE,5,1,0.0,0.0,0.0,0.0,False,,0.0,0.0,True,2,2,0
210005,14,metropolitano,0.366,10.260357477464831,3.3536300858529304,1,True,20,1,0.0,21,21,2100055,Açailândia,NORDESTE,22,1,3.0,0.0,3.0,0.0,False,,0.0,0.0,True,2,2,0
210005,15,metropolitano,0.366,10.260357477464831,3.3536300858529304,1,True,5,1,0.0,21,21,2100055,Açailândia,NORDESTE,5,1,0.0,0.0,0.0,0.0,False,,0.0,0.0,True,0,0,0
210090,15,interior_remoto,0.502,8.430327258394575,0.0,0,True,0,0,0.0,21,21,2100907,Araioses,,0,0,0.0,0.0,0.0,0.0,False,,0.0,0.0,True,0,0,0
210120,8,interior_proximo_polo,0.373,10.317086160541015,0.3306440946964687,1,False,11,1,0.0,21,21,2101202,Bacabal,NORDESTE,15,1,0.0,0.0,0.0,0.0,False,,0.0,0.0,True,4,4,0
210120,14,interior_proximo_polo,0.373,10.317086160541015,0.3306440946964687,0,True,14,1,0.0,21,21,2101202,Bacabal,NORDESTE,14,1,0.0,0.0,0.0,0.0,False,,0.0,0.0,True,0,0,0
210140,1,interior_proximo_polo,0.337,10.21982996548112,2.2472456057237955,0,True,9,1,0.0,21,21,2101400,Balsas,,9,1,0.0,0.0,0.0,0.0,False,,0.0,0.0,True,0,0,0
210140,7,interior_proximo_polo,0.337,10.21982996548112,2.2472456057237955,0,False,7,1,0.0,21,21,2101400,Balsas,,7,1,0.0,0.0,0.0,0.0,False,,0.0,0.0,True,0,0,0
210140,9,interior_proximo_polo,0.337,10.21982996548112,2.2472456057237955,0,True,6,1,0.0,21,21,2101400,Balsas,,6,1,0.0,0.0,0.0,0.0,False,,0.0,0.0,True,0,0,0
210140,10,interior_proximo_polo,0.337,10.21982996548112,2.2472456057237955,0,False,5,1,0.0,21,21,2101400,Balsas,,5,1,0.0,0.0,0.0,0.0,False,,0.0,0.0,True,0,0,0
210140,11,interior_proximo_polo,0.337,10.21982996548112,2.2472456057237955,0,False,5,1,0.0,21,21,2101400,Balsas,,5,1,0.0,0.0,0.0,0.0,False,,0.0,0.0,True,0,0,0
210140,14,interior_proximo_polo,0.337,10.21982996548112,2.2472456057237955,1,True,13,1,1.0,21,21,2101400,Balsas,,11,1,0.0,0.0,0.0,0.0,False,,0.0,1.0,True,-2,-2,0
210140,15,interior_proximo_polo,0.337,10.21982996548112,2.2472456057237955,0,True,4,1,1.0,21,21,2101400,Balsas,,4,1,1.0,0.0,1.0,0.0,False,,1.0,1.0,True,0,0,0
210160,7,interior_proximo_polo,0.502,9.845540592581278,1.3246436708525406,0,False,3,1,0.0,21,21,2101608,Barra do Corda,NORDESTE,3,1,0.0,0.0,0.0,0.0,False,,0.0,0.0,True,0,0,0
210160,14,interior_proximo_polo,0.502,9.845540592581278,1.3246436708525406,0,True,8,1,0.0,21,21,2101608,Barra do Corda,NORDESTE,9,1,0.0,0.0,0.0,0.0,False,,0.0,0.0,True,1,1,0
210170,9,interior_proximo_polo,0.477,9.098961783992793,1.1179429849077698,0,True,4,1,0.0,21,21,2101707,Barreirinhas,NORDESTE,4,1,0.0,0.0,0.0,0.0,False,,0.0,0.0,True,0,0,0
210200,9,interior_remoto,0.534,8.759197750371365,1.5703517587939697,0,True,1,1,0.0,21,21,2102002,Bom Jardim,,1,1,0.0,0.0,0.0,0.0,False,,0.0,0.0,True,0,0,0
210230,14,interior_remoto,0.578,8.857230494201946,1.4236902050113895,1,True,2,1,0.0,21,21,2102309,Buriti Bravo,NORDESTE,3,1,0.0,0.0,0.0,0.0,False,,0.0,0.0,True,1,1,0
210300,1,metropolitano,0.436,10.810192487106686,3.0794394410565,1,True,6,1,0.0,21,21,2103000,Caxias,NORDESTE,7,1,0.0,0.0,0.0,0.0,False,,0.0,0.0,True,1,1,0
210300,4,metropolitano,0.436,10.810192487106686,3.0794394410565,0,False,2,1,0.0,21,21,2103000,Caxias,NORDESTE,2,1,0.0,0.0,0.0,0.0,False,,0.0,0.0,True,0,0,0
210300,5,metropolitano,0.436,10.810192487106686,3.0794394410565,0,True,1,1,0.0,21,21,2103000,Caxias,NORDESTE,1,1,0.0,0.0,0.0,0.0,False,,0.0,0.0,True,0,0,0
210300,6,metropolitano,0.436,10.810192487106686,3.0794394410565,1,False,16,1,0.0,21,21,2103000,Caxias,NORDESTE,16,1,0.0,0.0,0.0,0.0,False,,0.0,0.0,True,0,0,0
210300,7,metropolitano,0.436,10.810192487106686,3.0794394410565,0,False,8,1,0.0,21,21,2103000,Caxias,NORDESTE,9,1,0.0,0.0,0.0,0.0,False,,0.0,0.0,True,1,1,0
210300,8,metropolitano,0.436,10.810192487106686,3.0794394410565,1,False,16,1,0.0,21,21,2103000,Caxias,NORDESTE,16,1,0.0,0.0,0.0,0.0,False,,0.0,0.0,True,0,0,0
210300,10,metropolitano,0.436,10.810192487106686,3.0794394410565,0,False,6,1,0.0,21,21,2103000,Caxias,NORDESTE,7,1,0.0,0.0,0.0,0.0,False,,0.0,0.0,True,1,1,0
210300,11,metropolitano,0.436,10.810192487106686,3.0794394410565,0,False,6,1,0.0,21,21,2103000,Caxias,NORDESTE,7,1,0.0,0.0,0.0,0.0,False,,0.0,0.0,True,1,1,0
210300,12,metropolitano,0.436,10.810192487106686,3.0794394410565,0,True,2,1,0.0,21,21,2103000,Caxias,NORDESTE,2,1,0.0,0.0,0.0,0.0,False,,0.0,0.0,True,0,0,0
210300,15,metropolitano,0.436,10.810192487106686,3.0794394410565,1,True,8,1,0.0,21,21,2103000,Caxias,NORDESTE,10,1,0.0,0.0,0.0,0.0,False,,0.0,0.0,True,2,2,0
210320,7,interior_proximo_polo,0.549,9.900633483553221,1.5043626516899007,0,False,2,1,0.0,21,21,2103208,Chapadinha,,2,1,0.0,0.0,0.0,0.0,False,,0.0,0.0,True,0,0,0
210320,10,interior_proximo_polo,0.549,9.900633483553221,1.5043626516899007,0,False,2,1,0.0,21,21,2103208,Chapadinha,,2,1,0.0,0.0,0.0,0.0,False,,0.0,0.0,True,0,0,0
210320,11,interior_proximo_polo,0.549,9.900633483553221,1.5043626516899007,0,False,2,1,0.0,21,21,2103208,Chapadinha,,2,1,0.0,0.0,0.0,0.0,False,,0.0,0.0,True,0,0,0
210330,1,metropolitano,0.49,10.492440204078216,0.9942380437094791,0,True,2,1,0.0,21,21,2103307,Codó,NORDESTE,2,1,0.0,0.0,0.0,0.0,False,,0.0,0.0,True,0,0,0
210340,14,interior_proximo_polo,0.715,9.680531483645991,0.0,1,True,10,1,0.0,21,21,2103406,Coelho Neto,NORDESTE,10,1,0.0,0.0,0.0,0.0,False,,0.0,0.0,True,0,0,0
210350,9,interior_proximo_polo,0.629,9.243871855184976,0.0,0,True,3,1,0.0,21,21,2103505,Colinas,,3,1,0.0,0.0,0.0,0.0,False,,0.0,0.0,True,0,0,0
210360,7,interior_proximo_polo,0.57,9.7242412622591,9.072600745747842,0,False,3,1,0.0,21,21,2103604,Coroatá,NORDESTE,3,1,0.0,0.0,0.0,0.0,False,,0.0,0.0,True,0,0,0
210360,8,interior_proximo_polo,0.57,9.7242412622591,9.072600745747842,1,False,7,1,0.0,21,21,2103604,Coroatá,NORDESTE,8,1,0.0,0.0,0.0,0.0,False,,0.0,0.0,True,1,1,0
210360,9,interior_proximo_polo,0.57,9.7242412622591,9.072600745747842,0,True,4,1,0.0,21,21,2103604,Coroatá,NORDESTE,3,1,0.0,0.0,0.0,0.0,False,,0.0,0.0,True,-1,-1,0
210360,10,interior_proximo_polo,0.57,9.7242412622591,9.072600745747842,0,False,3,1,0.0,21,21,2103604,Coroatá,NORDESTE,3,1,0.0,0.0,0.0,0.0,False,,0.0,0.0,True,0,0,0
210360,11,interior_proximo_polo,0.57,9.7242412622591,9.072600745747842,0,False,3,1,0.0,21,21,2103604,Coroatá,NORDESTE,3,1,0.0,0.0,0.0,0.0,False,,0.0,0.0,True,0,0,0
210440,9,interior_remoto,0.447,7.978996370854115,0.0,1,True,1,1,0.0,21,21,2104404,Gonçalves Dias,,2,1,0.0,0.0,0.0,0.0,False,,0.0,0.0,True,1,1,0
210530,4,metropolitano,0.264,11.3011050641372,2.8941622378774774,1,False,3,1,0.0,21,21,2105302,Imperatriz,NORDESTE,4,1,0.0,1.0,-1.0,0.0,False,,0.0,0.0,True,1,1,0
210530,5,metropolitano,0.264,11.3011050641372,2.8941622378774774,1,True,8,1,0.0,21,21,2105302,Imperatriz,NORDESTE,10,1,0.0,0.0,0.0,0.0,False,,0.0,0.0,True,2,2,0
210530,6,metropolitano,0.264,11.3011050641372,2.8941622378774774,1,False,67,1,0.0,21,21,2105302,Imperatriz,NORDESTE,68,1,0.0,0.0,0.0,0.0,False,,0.0,0.0,True,1,1,0
210530,7,metropolitano,0.264,11.3011050641372,2.8941622378774774,0,False,14,1,0.0,21,21,2105302,Imperatriz,NORDESTE,17,1,0.0,1.0,-1.0,0.0,False,,0.0,0.0,True,3,3,0
210530,10,metropolitano,0.264,11.3011050641372,2.8941622378774774,0,False,11,1,0.0,21,21,2105302,Imperatriz,NORDESTE,13,1,0.0,0.0,0.0,0.0,False,,0.0,0.0,True,2,2,0
210530,11,metropolitano,0.264,11.3011050641372,2.8941622378774774,1,False,11,1,0.0,21,21,2105302,Imperatriz,NORDESTE,13,1,0.0,0.0,0.0,0.0,False,,0.0,0.0,True,2,2,0
210530,12,metropolitano,0.264,11.3011050641372,2.8941622378774774,0,True,9,1,0.0,21,21,2105302,Imperatriz,NORDESTE,10,1,0.0,1.0,-1.0,0.0,False,,0.0,0.0,True,1,1,0
210530,13,metropolitano,0.264,11.3011050641372,2.8941622378774774,1,True,3,1,0.0,21,21,2105302,Imperatriz,NORDESTE,3,1,0.0,0.0,0.0,0.0,False,,0.0,0.0,True,0,0,0
210540,14,interior_remoto,0.467,9.592536853144992,0.682407533779173,1,True,7,1,0.0,21,21,2105401,Itapecuru Mirim,NORDESTE,8,1,0.0,0.0,0.0,0.0,False,,0.0,0.0,True,1,1,0
210570,7,interior_proximo_polo,0.51,9.354700422483019,1.3706140350877192,0,False,5,1,2.0,21,21,2105708,Lago da Pedra,,5,1,0.0,0.0,0.0,0.0,False,,2.0,2.0,True,0,0,0
210632,9,interior_proximo_polo,0.614,8.787525625532906,1.5264845061822623,0,True,1,1,0.0,21,21,2106326,Maracaçumé,,1,1,0.0,0.0,0.0,0.0,False,,0.0,0.0,True,0,0,0
210663,7,interior_remoto,0.542,7.544861068658458,10.582010582010582,0,False,2,1,0.0,21,21,2106631,Matões do Norte,NORDESTE,1,1,0.0,0.0,0.0,0.0,False,,0.0,0.0,True,-1,-1,0
210675,9,interior_remoto,0.509,8.868413284672005,1.4078558355624384,1,True,2,1,0.0,21,21,2106755,Miranda do Norte,NORDESTE,3,1,0.0,1.0,-1.0,0.0,False,,0.0,0.0,True,1,1,0
210710,14,metropolitano,0.482,7.938802248154481,3.270305624925675,1,True,1,1,0.0,21,21,2107100,Morros,,2,1,1.0,0.0,1.0,0.0,False,,0.0,0.0,True,1,1,0
210735,11,interior_remoto,0.517,8.46884293047519,2.099517111064455,0,False,1,1,0.0,21,21,2107357,Nova Olinda do Maranhão,,1,1,0.0,0.0,0.0,0.0,False,,0.0,0.0,True,0,0,0
210820,1,interior_proximo_polo,0.373,9.412055975876772,3.8145060214702196,0,True,3,1,0.0,21,21,2108207,Pedreiras,NORDESTE,4,1,1.0,0.0,1.0,0.0,False,,0.0,0.0,True,1,1,0
210820,9,interior_proximo_polo,0.373,9.412055975876772,3.8145060214702196,0,True,4,1,0.0,21,21,2108207,Pedreiras,NORDESTE,4,1,0.0,0.0,0.0,0.0,False,,0.0,0.0,True,0,0,0
210820,14,interior_proximo_polo,0.373,9.412055975876772,3.8145060214702196,1,True,4,1,0.0,21,21,2108207,Pedreiras,NORDESTE,4,1,0.0,0.0,0.0,0.0,False,,0.0,0.0,True,0,0,0
210860,1,interior_proximo_polo,0.349,9.803225130597733,8.705986402078382,0,True,7,1,0.0,21,21,2108603,Pinheiro,NORDESTE,7,1,0.0,1.0,-1.0,0.0,False,,0.0,0.0,True,0,0,0
210860,7,interior_proximo_polo,0.349,9.803225130597733,8.705986402078382,0,False,3,1,1.0,21,21,2108603,Pinheiro,NORDESTE,3,1,0.0,0.0,0.0,0.0,False,,1.0,1.0,True,0,0,0
210860,8,interior_proximo_polo,0.349,9.803225130597733,8.705986402078382,1,False,8,1,2.0,21,21,2108603,Pinheiro,NORDESTE,9,1,0.0,0.0,0.0,0.0,False,,2.0,2.0,True,1,1,0
210860,10,interior_proximo_polo,0.349,9.803225130597733,8.705986402078382,0,False,3,1,1.0,21,21,2108603,Pinheiro,NORDESTE,3,1,0.0,0.0,0.0,0.0,False,,1.0,1.0,True,0,0,0
210860,11,interior_proximo_polo,0.349,9.803225130597733,8.705986402078382,0,False,3,1,1.0,21,21,2108603,Pinheiro,NORDESTE,3,1,0.0,0.0,0.0,0.0,False,,1.0,1.0,True,0,0,0
210860,14,interior_proximo_polo,0.349,9.803225130597733,8.705986402078382,0,True,23,1,2.0,21,21,2108603,Pinheiro,NORDESTE,24,1,0.0,0.0,0.0,0.0,False,,1.0,2.0,True,1,1,0
210860,15,interior_proximo_polo,0.349,9.803225130597733,8.705986402078382,1,True,0,0,0.0,21,21,2108603,Pinheiro,NORDESTE,1,1,0.0,0.0,0.0,0.0,False,,0.0,0.0,True,1,1,1
210910,7,interior_proximo_polo,0.39,9.308827318690836,4.531448250860976,0,False,3,1,0.0,21,21,2109106,Presidente Dutra,NORDESTE,3,1,0.0,0.0,0.0,0.0,False,,0.0,0.0,True,0,0,0
210910,10,interior_proximo_polo,0.39,9.308827318690836,4.531448250860976,1,False,3,1,0.0,21,21,2109106,Presidente Dutra,NORDESTE,3,1,0.0,0.0,0.0,0.0,False,,0.0,0.0,True,0,0,0
210910,11,interior_proximo_polo,0.39,9.308827318690836,4.531448250860976,0,False,3,1,0.0,21,21,2109106,Presidente Dutra,NORDESTE,3,1,0.0,0.0,0.0,0.0,False,,0.0,0.0,True,0,0,0
210910,14,interior_proximo_polo,0.39,9.308827318690836,4.531448250860976,0,True,28,1,0.0,21,21,2109106,Presidente Dutra,NORDESTE,29,1,0.0,0.0,0.0,0.0,False,,0.0,0.0,True,1,1,0
210990,1,interior_proximo_polo,0.359,10.23577246310278,6.575329364225427,0,True,4,1,0.0,21,21,2109908,Santa Inês,NORDESTE,8,1,0.0,0.0,0.0,0.0,False,,0.0,0.0,True,4,4,0
210990,7,interior_proximo_polo,0.359,10.23577246310278,6.575329364225427,0,False,5,1,0.0,21,21,2109908,Santa Inês,NORDESTE,7,1,1.0,0.0,1.0,0.0,False,,0.0,0.0,True,2,2,0
210990,8,interior_proximo_polo,0.359,10.23577246310278,6.575329364225427,1,False,11,1,0.0,21,21,2109908,Santa Inês,NORDESTE,15,1,1.0,0.0,1.0,0.0,False,,0.0,0.0,True,4,4,0
210990,10,interior_proximo_polo,0.359,10.23577246310278,6.575329364225427,0,False,4,1,0.0,21,21,2109908,Santa Inês,NORDESTE,5,1,1.0,0.0,1.0,0.0,False,,0.0,0.0,True,1,1,0
210990,11,interior_proximo_polo,0.359,10.23577246310278,6.575329364225427,0,False,4,1,0.0,21,21,2109908,Santa Inês,NORDESTE,5,1,1.0,0.0,1.0,0.0,False,,0.0,0.0,True,1,1,0
210990,14,interior_proximo_polo,0.359,10.23577246310278,6.575329364225427,1,True,17,1,0.0,21,21,2109908,Santa Inês,NORDESTE,21,1,0.0,0.0,0.0,0.0,False,,0.0,0.0,True,4,4,0
210990,15,interior_proximo_polo,0.359,10.23577246310278,6.575329364225427,1,True,2,1,0.0,21,21,2109908,Santa Inês,NORDESTE,3,1,0.0,0.0,0.0,0.0,False,,0.0,0.0,True,1,1,0
211050,8,interior_proximo_polo,0.507,9.120196822123217,4.37780453102769,1,False,3,1,0.0,21,21,2110500,São Bento,NORDESTE,2,1,0.0,0.0,0.0,0.0,False,,0.0,0.0,True,-1,-1,0
211050,9,interior_proximo_polo,0.507,9.120196822123217,4.37780453102769,0,True,3,1,0.0,21,21,2110500,São Bento,NORDESTE,3,1,0.0,0.0,0.0,0.0,False,,0.0,0.0,True,0,0,0
211060,9,interior_remoto,0.46,8.537191877922927,1.9607843137254901,0,True,1,1,0.0,21,21,2110609,São Bernardo,,1,1,0.0,0.0,0.0,0.0,False,,0.0,0.0,True,0,0,0
211130,16,capital,0.385,12.759546754765811,0.1844633028226239,1,True,18,1,0.0,21,21,2111300,São Luís,NORDESTE,18,1,0.0,0.0,0.0,0.0,False,,0.0,0.0,True,0,0,0
211220,7,metropolitano,0.383,10.939816552894099,4.582328177475048,1,False,2,1,0.0,21,21,2112209,Timon,NORDESTE,5,1,0.0,0.0,0.0,0.0,False,,0.0,0.0,True,3,3,0
211220,8,metropolitano,0.383,10.939816552894099,4.582328177475048,1,False,27,1,0.0,21,21,2112209,Timon,NORDESTE,25,1,0.0,0.0,0.0,0.0,False,,0.0,0.0,True,-2,-2,0
211220,9,metropolitano,0.383,10.939816552894099,4.582328177475048,1,True,5,1,0.0,21,21,2112209,Timon,NORDESTE,7,1,0.0,0.0,0.0,0.0,False,,0.0,0.0,True,2,2,0
211220,10,metropolitano,0.383,10.939816552894099,4.582328177475048,1,False,1,1,0.0,21,21,2112209,Timon,NORDESTE,3,1,0.0,0.0,0.0,0.0,False,,0.0,0.0,True,2,2,0
211220,11,metropolitano,0.383,10.939816552894099,4.582328177475048,1,False,1,1,0.0,21,21,2112209,Timon,NORDESTE,3,1,0.0,0.0,0.0,0.0,False,,0.0,0.0,True,2,2,0
211220,14,metropolitano,0.383,10.939816552894099,4.582328177475048,1,True,18,1,0.0,21,21,2112209,Timon,NORDESTE,20,1,0.0,0.0,0.0,0.0,False,,0.0,0.0,True,2,2,0
211300,9,interior_proximo_polo,0.537,8.752897524775305,0.0,0,True,2,1,0.0,21,21,2113009,Vitorino Freire,,2,1,0.0,0.0,0.0,0.0,False,,0.0,0.0,True,0,0,0
220190,1,interior_proximo_polo,0.33,8.767017621311778,4.674353381115612,0,True,1,1,0.0,22,22,2201903,Bom Jesus,NORDESTE,1,1,0.0,0.0,0.0,0.0,False,,0.0,0.0,True,0,0,0
220190,4,interior_proximo_polo,0.33,8.767017621311778,4.674353381115612,0,False,1,1,0.0,22,22,2201903,Bom Jesus,NORDESTE,1,1,0.0,0.0,0.0,0.0,False,,0.0,0.0,True,0,0,0
220190,5,interior_proximo_polo,0.33,8.767017621311778,4.674353381115612,0,True,0,0,0.0,22,22,2201903,Bom Jesus,NORDESTE,0,0,0.0,0.0,0.0,0.0,False,,0.0,0.0,True,0,0,0
220190,6,interior_proximo_polo,0.33,8.767017621311778,4.674353381115612,0,False,2,1,0.0,22,22,2201903,Bom Jesus,NORDESTE,2,1,0.0,0.0,0.0,0.0,False,,0.0,0.0,True,0,0,0
220190,9,interior_proximo_polo,0.33,8.767017621311778,4.674353381115612,0,True,1,1,0.0,22,22,2201903,Bom Jesus,NORDESTE,1,1,0.0,0.0,0.0,0.0,False,,0.0,0.0,True,0,0,0
220220,1,interior_proximo_polo,0.331,9.549024446393997,16.334046091708245,0,True,1,1,0.0,22,22,2202208,Campo Maior,NORDESTE,2,1,0.0,1.0,-1.0,0.0,False,,0.0,0.0,True,1,1,0
220220,2,interior_proximo_polo,0.331,9.549024446393997,16.334046091708245,1,True,13,1,0.0,22,22,2202208,Campo Maior,NORDESTE,14,1,0.0,4.0,-4.0,0.0,False,,0.0,0.0,True,1,1,0
220220,4,interior_proximo_polo,0.331,9.549024446393997,16.334046091708245,0,False,1,1,0.0,22,22,2202208,Campo Maior,NORDESTE,1,1,0.0,0.0,0.0,0.0,False,,0.0,0.0,True,0,0,0
220220,5,interior_proximo_polo,0.331,9.549024446393997,16.334046091708245,0,True,0,0,0.0,22,22,2202208,Campo Maior,NORDESTE,0,0,0.0,0.0,0.0,0.0,False,,0.0,0.0,True,0,0,0
220220,6,interior_proximo_polo,0.331,9.549024446393997,16.334046091708245,1,False,9,1,0.0,22,22,2202208,Campo Maior,NORDESTE,11,1,0.0,1.0,-1.0,0.0,False,,0.0,0.0,True,2,2,0
220220,9,interior_proximo_polo,0.331,9.549024446393997,16.334046091708245,1,True,10,1,0.0,22,22,2202208,Campo Maior,NORDESTE,12,1,0.0,1.0,-1.0,0.0,False,,0.0,0.0,True,2,2,0
220290,1,interior_proximo_polo,0.397,8.652248422409102,12.524758243038564,0,True,2,1,0.0,22,22,2202901,Corrente,NORDESTE,2,1,0.0,0.0,0.0,0.0,False,,0.0,0.0,True,0,0,0
220290,2,interior_proximo_polo,0.397,8.652248422409102,12.524758243038564,1,True,5,1,0.0,22,22,2202901,Corrente,NORDESTE,5,1,0.0,0.0,0.0,0.0,False,,0.0,0.0,True,0,0,0
220290,4,interior_proximo_polo,0.397,8.652248422409102,12.524758243038564,0,False,0,0,0.0,22,22,2202901,Corrente,NORDESTE,0,0,0.0,0.0,0.0,0.0,False,,0.0,0.0,True,0,0,0
220290,5,interior_proximo_polo,0.397,8.652248422409102,12.524758243038564,0,True,0,0,0.0,22,22,2202901,Corrente,NORDESTE,0,0,0.0,0.0,0.0,0.0,False,,0.0,0.0,True,0,0,0
220290,6,interior_proximo_polo,0.397,8.652248422409102,12.524758243038564,0,False,1,1,0.0,22,22,2202901,Corrente,NORDESTE,1,1,0.0,0.0,0.0,0.0,False,,0.0,0.0,True,0,0,0
220390,1,interior_proximo_polo,0.267,9.872461173931006,21.018155560140293,0,True,4,1,0.0,22,22,2203909,Floriano,NORDESTE,5,1,0.0,0.0,0.0,0.0,False,,0.0,0.0,True,1,1,0
220390,2,interior_proximo_polo,0.267,9.872461173931006,21.018155560140293,0,True,7,1,0.0,22,22,2203909,Floriano,NORDESTE,8,1,0.0,0.0,0.0,0.0,False,,0.0,0.0,True,1,1,0
220390,4,interior_proximo_polo,0.267,9.872461173931006,21.018155560140293,1,False,0,0,0.0,22,22,2203909,Floriano,NORDESTE,0,0,0.0,0.0,0.0,0.0,False,,0.0,0.0,True,0,0,0
220390,5,interior_proximo_polo,0.267,9.872461173931006,21.018155560140293,1,True,1,1,0.0,22,22,2203909,Floriano,NORDESTE,1,1,0.0,0.0,0.0,0.0,False,,0.0,0.0,True,0,0,0
220390,6,interior_proximo_polo,0.267,9.872461173931006,21.018155560140293,0,False,19,1,0.0,22,22,2203909,Floriano,NORDESTE,23,1,0.0,0.0,0.0,0.0,False,,0.0,0.0,True,4,4,0
220390,7,interior_proximo_polo,0.267,9.872461173931006,21.018155560140293,0,False,4,1,0.0,22,22,2203909,Floriano,NORDESTE,4,1,0.0,0.0,0.0,0.0,False,,0.0,0.0,True,0,0,0
220390,8,interior_proximo_polo,0.267,9.872461173931006,21.018155560140293,1,False,19,1,0.0,22,22,2203909,Floriano,NORDESTE,23,1,0.0,0.0,0.0,0.0,False,,0.0,0.0,True,4,4,0
220390,9,interior_proximo_polo,0.267,9.872461173931006,21.018155560140293,0,True,6,1,0.0,22,22,2203909,Floriano,NORDESTE,7,1,0.0,0.0,0.0,0.0,False,,0.0,0.0,True,1,1,0
220390,10,interior_proximo_polo,0.267,9.872461173931006,21.018155560140293,0,False,4,1,0.0,22,22,2203909,Floriano,NORDESTE,4,1,0.0,0.0,0.0,0.0,False,,0.0,0.0,True,0,0,0
220390,11,interior_proximo_polo,0.267,9.872461173931006,21.018155560140293,0,False,4,1,0.0,22,22,2203909,Floriano,NORDESTE,4,1,0.0,0.0,0.0,0.0,False,,0.0,0.0,True,0,0,0
220390,12,interior_proximo_polo,0.267,9.872461173931006,21.018155560140293,0,True,1,1,0.0,22,22,2203909,Floriano,NORDESTE,1,1,0.0,0.0,0.0,0.0,False,,0.0,0.0,True,0,0,0
220390,14,interior_proximo_polo,0.267,9.872461173931006,21.018155560140293,0,True,13,1,0.0,22,22,2203909,Floriano,NORDESTE,14,1,0.0,0.0,0.0,0.0,False,,0.0,0.0,True,1,1,0
220390,15,interior_proximo_polo,0.267,9.872461173931006,21.018155560140293,0,True,2,1,0.0,22,22,2203909,Floriano,NORDESTE,2,1,0.0,0.0,0.0,0.0,False,,0.0,0.0,True,0,0,0
220700,1,interior_proximo_polo,0.328,9.165238398063762,17.786147729650555,0,True,2,1,0.0,22,22,2207009,Oeiras,NORDESTE,2,1,0.0,0.0,0.0,0.0,False,,0.0,0.0,True,0,0,0
220700,2,interior_proximo_polo,0.328,9.165238398063762,17.786147729650555,1,True,7,1,0.0,22,22,2207009,Oeiras,NORDESTE,8,1,0.0,0.0,0.0,0.0,False,,0.0,0.0,True,1,1,0
220700,4,interior_proximo_polo,0.328,9.165238398063762,17.786147729650555,0,False,0,0,0.0,22,22,2207009,Oeiras,NORDESTE,0,0,0.0,0.0,0.0,0.0,False,,0.0,0.0,True,0,0,0
220700,5,interior_proximo_polo,0.328,9.165238398063762,17.786147729650555,0,True,1,1,0.0,22,22,2207009,Oeiras,NORDESTE,1,1,0.0,0.0,0.0,0.0,False,,0.0,0.0,True,0,0,0
220700,6,interior_proximo_polo,0.328,9.165238398063762,17.786147729650555,0,False,5,1,0.0,22,22,2207009,Oeiras,NORDESTE,6,1,0.0,0.0,0.0,0.0,False,,0.0,0.0,True,1,1,0
220700,9,interior_proximo_polo,0.328,9.165238398063762,17.786147729650555,0,True,3,1,0.0,22,22,2207009,Oeiras,NORDESTE,4,1,0.0,0.0,0.0,0.0,False,,0.0,0.0,True,1,1,0
220770,1,metropolitano,0.387,10.71121263780351,23.873221119904876,0,True,10,1,0.0,22,22,2207702,Parnaíba,NORDESTE,10,1,0.0,0.0,0.0,0.0,False,,0.0,0.0,True,0,0,0
220770,3,metropolitano,0.387,10.71121263780351,23.873221119904876,1,True,1,1,0.0,22,22,2207702,Parnaíba,NORDESTE,2,1,0.0,0.0,0.0,0.0,False,,0.0,0.0,True,1,1,0
220770,4,metropolitano,0.387,10.71121263780351,23.873221119904876,0,False,3,1,0.0,22,22,2207702,Parnaíba,NORDESTE,4,1,0.0,0.0,0.0,0.0,False,,0.0,0.0,True,1,1,0
220770,5,metropolitano,0.387,10.71121263780351,23.873221119904876,0,True,2,1,0.0,22,22,2207702,Parnaíba,NORDESTE,2,1,0.0,0.0,0.0,0.0,False,,0.0,0.0,True,0,0,0
220770,6,metropolitano,0.387,10.71121263780351,23.873221119904876,1,False,34,1,0.0,22,22,2207702,Parnaíba,NORDESTE,37,1,0.0,0.0,0.0,0.0,False,,0.0,0.0,True,3,3,0
220770,7,metropolitano,0.387,10.71121263780351,23.873221119904876,1,False,8,1,0.0,22,22,2207702,Parnaíba,NORDESTE,11,1,1.0,0.0,1.0,0.0,False,,0.0,0.0,True,3,3,0
220770,9,metropolitano,0.387,10.71121263780351,23.873221119904876,1,True,18,1,0.0,22,22,2207702,Parnaíba,NORDESTE,19,1,1.0,0.0,1.0,0.0,False,,0.0,0.0,True,1,1,0
220770,10,metropolitano,0.387,10.71121263780351,23.873221119904876,0,False,6,1,0.0,22,22,2207702,Parnaíba,NORDESTE,8,1,1.0,0.0,1.0,0.0,False,,0.0,0.0,True,2,2,0
220770,11,metropolitano,0.387,10.71121263780351,23.873221119904876,0,False,6,1,0.0,22,22,2207702,Parnaíba,NORDESTE,8,1,1.0,0.0,1.0,0.0,False,,0.0,0.0,True,2,2,0
220770,12,metropolitano,0.387,10.71121263780351,23.873221119904876,0,True,5,1,1.0,22,22,2207702,Parnaíba,NORDESTE,5,1,0.0,0.0,0.0,0.0,False,,1.0,1.0,True,0,0,0
220770,13,metropolitano,0.387,10.71121263780351,23.873221119904876,0,True,4,1,0.0,22,22,2207702,Parnaíba,NORDESTE,4,1,0.0,0.0,0.0,0.0,False,,0.0,0.0,True,0,0,0
220770,15,metropolitano,0.387,10.71121263780351,23.873221119904876,1,True,12,1,0.0,22,22,2207702,Parnaíba,NORDESTE,12,1,0.0,0.0,0.0,0.0,False,,0.0,0.0,True,0,0,0
220800,1,interior_proximo_polo,0.321,9.772239265926174,37.77296311078169,0,True,8,1,0.0,22,22,2208007,Picos,NORDESTE,8,1,0.0,0.0,0.0,0.0,False,,0.0,0.0,True,0,0,0
220800,2,interior_proximo_polo,0.321,9.772239265926174,37.77296311078169,0,True,27,1,0.0,22,22,2208007,Picos,NORDESTE,29,1,1.0,1.0,0.0,0.0,False,,0.0,0.0,True,2,2,0
220800,4,interior_proximo_polo,0.321,9.772239265926174,37.77296311078169,0,False,1,1,0.0,22,22,2208007,Picos,NORDESTE,1,1,0.0,0.0,0.0,0.0,False,,0.0,0.0,True,0,0,0
220800,5,interior_proximo_polo,0.321,9.772239265926174,37.77296311078169,0,True,1,1,0.0,22,22,2208007,Picos,NORDESTE,1,1,0.0,0.0,0.0,0.0,False,,0.0,0.0,True,0,0,0
220800,6,interior_proximo_polo,0.321,9.772239265926174,37.77296311078169,0,False,25,1,0.0,22,22,2208007,Picos,NORDESTE,29,1,0.0,0.0,0.0,0.0,False,,0.0,0.0,True,4,4,0
220800,7,interior_proximo_polo,0.321,9.772239265926174,37.77296311078169,0,False,8,1,0.0,22,22,2208007,Picos,NORDESTE,7,1,0.0,0.0,0.0,0.0,False,,0.0,0.0,True,-1,-1,0
220800,8,interior_proximo_polo,0.321,9.772239265926174,37.77296311078169,1,False,25,1,0.0,22,22,2208007,Picos,NORDESTE,29,1,0.0,0.0,0.0,0.0,False,,0.0,0.0,True,4,4,0
220800,9,interior_proximo_polo,0.321,9.772239265926174,37.77296311078169,0,True,10,1,1.0,22,22,2208007,Picos,NORDESTE,10,1,0.0,0.0,0.0,0.0,False,,0.0,1.0,True,0,0,0
220800,10,interior_proximo_polo,0.321,9.772239265926174,37.77296311078169,0,False,7,1,0.0,22,22,2208007,Picos,NORDESTE,6,1,0.0,0.0,0.0,0.0,False,,0.0,0.0,True,-1,-1,0
220800,11,interior_proximo_polo,0.321,9.772239265926174,37.77296311078169,0,False,7,1,0.0,22,22,2208007,Picos,NORDESTE,6,1,0.0,0.0,0.0,0.0,False,,0.0,0.0,True,-1,-1,0
220800,12,interior_proximo_polo,0.321,9.772239265926174,37.77296311078169,0,True,3,1,1.0,22,22,2208007,Picos,NORDESTE,3,1,0.0,0.0,0.0,0.0,False,,0.0,1.0,True,0,0,0
220800,14,interior_proximo_polo,0.321,9.772239265926174,37.77296311078169,1,True,21,1,0.0,22,22,2208007,Picos,NORDESTE,22,1,1.0,0.0,1.0,0.0,False,,0.0,0.0,True,1,1,0
220800,15,interior_proximo_polo,0.321,9.772239265926174,37.77296311078169,1,True,6,1,0.0,22,22,2208007,Picos,NORDESTE,8,1,0.0,0.0,0.0,0.0,False,,0.0,0.0,True,2,2,0
220840,1,interior_proximo_polo,0.361,9.684086987500752,23.870311559457832,0,True,9,1,0.0,22,22,2208403,Piripiri,NORDESTE,9,1,2.0,0.0,2.0,0.0,False,,0.0,0.0,True,0,0,0
220840,2,interior_proximo_polo,0.361,9.684086987500752,23.870311559457832,1,True,11,1,2.0,22,22,2208403,Piripiri,NORDESTE,12,1,0.0,0.0,0.0,0.0,False,,2.0,2.0,True,1,1,0
220840,4,interior_proximo_polo,0.361,9.684086987500752,23.870311559457832,0,False,1,1,1.0,22,22,2208403,Piripiri,NORDESTE,2,1,0.0,0.0,0.0,0.0,False,,1.0,1.0,True,1,1,0
220840,5,interior_proximo_polo,0.361,9.684086987500752,23.870311559457832,0,True,0,0,0.0,22,22,2208403,Piripiri,NORDESTE,1,1,0.0,0.0,0.0,0.0,False,,0.0,0.0,True,1,1,1
220840,6,interior_proximo_polo,0.361,9.684086987500752,23.870311559457832,1,False,16,1,1.0,22,22,2208403,Piripiri,NORDESTE,21,1,5.0,0.0,5.0,0.0,False,,1.0,1.0,True,5,5,0
220840,8,interior_proximo_polo,0.361,9.684086987500752,23.870311559457832,1,False,16,1,1.0,22,22,2208403,Piripiri,NORDESTE,21,1,5.0,0.0,5.0,0.0,False,,1.0,1.0,True,5,5,0
220840,9,interior_proximo_polo,0.361,9.684086987500752,23.870311559457832,1,True,2,1,0.0,22,22,2208403,Piripiri,NORDESTE,4,1,1.0,0.0,1.0,0.0,False,,0.0,0.0,True,2,2,0
221060,1,interior_proximo_polo,0.362,8.978912601074276,32.45934703138787,1,True,4,1,0.0,22,22,2210607,São Raimundo Nonato,NORDESTE,5,1,1.0,0.0,1.0,0.0,False,,0.0,0.0,True,1,1,0
221060,2,interior_proximo_polo,0.362,8.978912601074276,32.45934703138787,1,True,13,1,0.0,22,22,2210607,São Raimundo Nonato,NORDESTE,14,1,0.0,0.0,0.0,0.0,False,,0.0,0.0,True,1,1,0
221060,4,interior_proximo_polo,0.362,8.978912601074276,32.45934703138787,0,False,0,0,0.0,22,22,2210607,São Raimundo Nonato,NORDESTE,0,0,0.0,0.0,0.0,0.0,False,,0.0,0.0,True,0,0,0
221060,5,interior_proximo_polo,0.362,8.978912601074276,32.45934703138787,0,True,0,0,0.0,22,22,2210607,São Raimundo Nonato,NORDESTE,0,0,0.0,0.0,0.0,0.0,False,,0.0,0.0,True,0,0,0
221060,6,interior_proximo_polo,0.362,8.978912601074276,32.45934703138787,1,False,9,1,0.0,22,22,2210607,São Raimundo Nonato,NORDESTE,10,1,1.0,0.0,1.0,0.0,False,,0.0,0.0,True,1,1,0
221060,9,interior_proximo_polo,0.362,8.978912601074276,32.45934703138787,0,True,1,1,0.0,22,22,2210607,São Raimundo Nonato,NORDESTE,2,1,0.0,0.0,0.0,0.0,False,,0.0,0.0,True,1,1,0
221100,5,capital,0.296,12.565518247648228,0.5380922796264883,1,True,18,1,0.0,22,22,2211001,Teresina,NORDESTE,21,1,0.0,0.0,0.0,0.0,False,,0.0,0.0,True,3,3,0
221100,11,capital,0.296,12.565518247648228,0.5380922796264883,0,False,91,1,0.0,22,22,2211001,Teresina,NORDESTE,93,1,1.0,0.0,1.0,0.0,False,,0.0,0.0,True,2,2,0
221100,12,capital,0.296,12.565518247648228,0.5380922796264883,0,True,23,1,0.0,22,22,2211001,Teresina,NORDESTE,24,1,1.0,0.0,1.0,0.0,False,,0.0,0.0,True,1,1,0
221120,1,interior_proximo_polo,0.386,8.669055540725484,11.170304175975254,0,True,0,0,0.0,22,22,2211209,Uruçuí,NORDESTE,0,0,0.0,0.0,0.0,0.0,False,,0.0,0.0,True,0,0,0
221120,2,interior_proximo_polo,0.386,8.669055540725484,11.170304175975254,1,True,1,1,0.0,22,22,2211209,Uruçuí,NORDESTE,2,1,0.0,0.0,0.0,0.0,False,,0.0,0.0,True,1,1,0
221120,4,interior_proximo_polo,0.386,8.669055540725484,11.170304175975254,0,False,0,0,0.0,22,22,2211209,Uruçuí,NORDESTE,0,0,0.0,0.0,0.0,0.0,False,,0.0,0.0,True,0,0,0
221120,5,interior_proximo_polo,0.386,8.669055540725484,11.170304175975254,0,True,0,0,0.0,22,22,2211209,Uruçuí,NORDESTE,0,0,0.0,0.0,0.0,0.0,False,,0.0,0.0,True,0,0,0
221120,6,interior_proximo_polo,0.386,8.669055540725484,11.170304175975254,0,False,4,1,0.0,22,22,2211209,Uruçuí,NORDESTE,3,1,0.0,0.0,0.0,0.0,False,,0.0,0.0,True,-1,-1,0
221120,9,interior_proximo_polo,0.386,8.669055540725484,11.170304175975254,0,True,1,1,0.0,22,22,2211209,Uruçuí,NORDESTE,1,1,0.0,0.0,0.0,0.0,False,,0.0,0.0,True,0,0,0
221130,1,interior_proximo_polo,0.375,8.756839814829462,25.18495199118527,0,True,2,1,0.0,22,22,2211308,Valença do Piauí,NORDESTE,1,1,0.0,0.0,0.0,0.0,False,,0.0,0.0,True,-1,-1,0
221130,2,interior_proximo_polo,0.375,8.756839814829462,25.18495199118527,1,True,9,1,1.0,22,22,2211308,Valença do Piauí,NORDESTE,9,1,0.0,0.0,0.0,0.0,False,,1.0,1.0,True,0,0,0
221130,4,interior_proximo_polo,0.375,8.756839814829462,25.18495199118527,0,False,0,0,0.0,22,22,2211308,Valença do Piauí,NORDESTE,0,0,0.0,0.0,0.0,0.0,False,,0.0,0.0,True,0,0,0
221130,5,interior_proximo_polo,0.375,8.756839814829462,25.18495199118527,1,True,0,0,0.0,22,22,2211308,Valença do Piauí,NORDESTE,0,0,0.0,0.0,0.0,0.0,False,,0.0,0.0,True,0,0,0
221130,6,interior_proximo_polo,0.375,8.756839814829462,25.18495199118527,0,False,7,1,0.0,22,22,2211308,Valença do Piauí,NORDESTE,8,1,0.0,0.0,0.0,0.0,False,,0.0,0.0,True,1,1,0
230020,8,interior_remoto,0.499,9.23824732522919,10.13097322181158,1,False,6,1,0.0,23,23,2300200,Acaraú,NORDESTE,9,1,0.0,0.0,0.0,0.0,False,,0.0,0.0,True,3,3,0
230020,9,interior_remoto,0.499,9.23824732522919,10.13097322181158,1,True,1,1,0.0,23,23,2300200,Acaraú,NORDESTE,2,1,0.0,0.0,0.0,0.0,False,,0.0,0.0,True,1,1,0
230020,11,interior_remoto,0.499,9.23824732522919,10.13097322181158,0,False,4,1,0.0,23,23,2300200,Acaraú,NORDESTE,4,1,0.0,0.0,0.0,0.0,False,,0.0,0.0,True,0,0,0
230020,14,interior_remoto,0.499,9.23824732522919,10.13097322181158,1,True,13,1,0.0,23,23,2300200,Acaraú,NORDESTE,17,1,4.0,0.0,4.0,0.0,False,,0.0,0.0,True,4,4,0
230110,7,interior_proximo_polo,0.384,9.671996759734089,5.357367956636834,0,False,5,1,0.0,23,23,2301109,Aracati,NORDESTE,6,1,0.0,0.0,0.0,0.0,False,,0.0,0.0,True,1,1,0
230110,10,interior_proximo_polo,0.384,9.671996759734089,5.357367956636834,0,False,2,1,0.0,23,23,2301109,Aracati,NORDESTE,3,1,0.0,0.0,0.0,0.0,False,,0.0,0.0,True,1,1,0
230110,11,interior_proximo_polo,0.384,9.671996759734089,5.357367956636834,0,False,2,1,0.0,23,23,2301109,Aracati,NORDESTE,3,1,0.0,0.0,0.0,0.0,False,,0.0,0.0,True,1,1,0
230190,13,metropolitano,0.355,9.583075655461428,3.444475062000551,1,True,3,1,0.0,23,23,2301901,Barbalha,NORDESTE,3,1,0.0,0.0,0.0,0.0,False,,0.0,0.0,True,0,0,0
230190,16,metropolitano,0.355,9.583075655461428,3.444475062000551,1,True,6,1,0.0,23,23,2301901,Barbalha,NORDESTE,6,1,0.0,0.0,0.0,0.0,False,,0.0,0.0,True,0,0,0
230250,7,interior_proximo_polo,0.374,9.193295937366925,16.276703967446593,1,False,10,1,0.0,23,23,2302503,Brejo Santo,NORDESTE,11,1,0.0,0.0,0.0,0.0,False,,0.0,0.0,True,1,1,0
230250,8,interior_proximo_polo,0.374,9.193295937366925,16.276703967446593,0,False,17,1,0.0,23,23,2302503,Brejo Santo,NORDESTE,18,1,0.0,0.0,0.0,0.0,False,,0.0,0.0,True,1,1,0
230250,14,interior_proximo_polo,0.374,9.193295937366925,16.276703967446593,1,True,19,1,0.0,23,23,2302503,Brejo Santo,NORDESTE,21,1,1.0,0.0,1.0,0.0,False,,0.0,0.0,True,2,2,0
230260,8,interior_proximo_polo,0.396,9.749053499229063,7.634552916690981,1,False,10,1,2.0,23,23,2302602,Camocim,NORDESTE,11,1,1.0,0.0,1.0,0.0,False,,2.0,2.0,True,1,1,0
230260,9,interior_proximo_polo,0.396,9.749053499229063,7.634552916690981,0,True,2,1,0.0,23,23,2302602,Camocim,NORDESTE,3,1,0.0,0.0,0.0,0.0,False,,0.0,0.0,True,1,1,0
230260,11,interior_proximo_polo,0.396,9.749053499229063,7.634552916690981,0,False,2,1,0.0,23,23,2302602,Camocim,NORDESTE,2,1,1.0,0.0,1.0,0.0,False,,0.0,0.0,True,0,0,0
230260,14,interior_proximo_polo,0.396,9.749053499229063,7.634552916690981,1,True,11,1,0.0,23,23,2302602,Camocim,NORDESTE,12,1,0.0,0.0,0.0,0.0,False,,0.0,0.0,True,1,1,0
230260,15,interior_proximo_polo,0.396,9.749053499229063,7.634552916690981,1,True,0,0,0.0,23,23,2302602,Camocim,NORDESTE,2,1,0.0,0.0,0.0,0.0,False,,0.0,0.0,True,2,2,1
230280,1,interior_proximo_polo,0.392,9.727525729694754,5.6642022418316245,1,True,7,1,0.0,23,23,2302800,Canindé,NORDESTE,5,1,0.0,0.0,0.0,0.0,False,,0.0,0.0,True,-2,-2,0
230280,7,interior_proximo_polo,0.392,9.727525729694754,5.6642022418316245,0,False,3,1,0.0,23,23,2302800,Canindé,NORDESTE,4,1,0.0,0.0,0.0,0.0,False,,0.0,0.0,True,1,1,0
230280,10,interior_proximo_polo,0.392,9.727525729694754,5.6642022418316245,0,False,3,1,0.0,23,23,2302800,Canindé,NORDESTE,4,1,0.0,0.0,0.0,0.0,False,,0.0,0.0,True,1,1,0
230280,11,interior_proximo_polo,0.392,9.727525729694754,5.6642022418316245,0,False,3,1,0.0,23,23,2302800,Canindé,NORDESTE,4,1,0.0,0.0,0.0,0.0,False,,0.0,0.0,True,1,1,0
230280,15,interior_proximo_polo,0.392,9.727525729694754,5.6642022418316245,1,True,2,1,0.0,23,23,2302800,Canindé,NORDESTE,5,1,0.0,0.0,0.0,0.0,False,,0.0,0.0,True,3,3,0
230370,11,metropolitano,0.415,11.53411928097723,0.0979038779726065,1,False,7,1,0.0,23,23,2303709,Caucaia,NORDESTE,8,1,1.0,0.0,1.0,0.0,False,,0.0,0.0,True,1,1,0
230410,3,interior_proximo_polo,0.433,9.74537068443899,13.275545663972512,1,True,1,1,0.0,23,23,2304103,Crateús,NORDESTE,3,1,0.0,0.0,0.0,0.0,False,,0.0,0.0,True,2,2,0
230410,4,interior_proximo_polo,0.433,9.74537068443899,13.275545663972512,0,False,0,0,0.0,23,23,2304103,Crateús,NORDESTE,0,0,0.0,0.0,0.0,0.0,False,,0.0,0.0,True,0,0,0
230410,5,interior_proximo_polo,0.433,9.74537068443899,13.275545663972512,0,True,1,1,0.0,23,23,2304103,Crateús,NORDESTE,0,0,0.0,0.0,0.0,0.0,False,,0.0,0.0,True,-1,-1,-1
230410,6,interior_proximo_polo,0.433,9.74537068443899,13.275545663972512,0,False,14,1,0.0,23,23,2304103,Crateús,NORDESTE,11,1,0.0,0.0,0.0,0.0,False,,0.0,0.0,True,-3,-3,0
230410,9,interior_proximo_polo,0.433,9.74537068443899,13.275545663972512,0,True,6,1,0.0,23,23,2304103,Crateús,NORDESTE,5,1,0.0,0.0,0.0,0.0,False,,0.0,0.0,True,-1,-1,0
230410,11,interior_proximo_polo,0.433,9.74537068443899,13.275545663972512,0,False,5,1,0.0,23,23,2304103,Crateús,NORDESTE,6,1,1.0,0.0,1.0,0.0,False,,0.0,0.0,True,1,1,0
230410,14,interior_proximo_polo,0.433,9.74537068443899,13.275545663972512,1,True,14,1,0.0,23,23,2304103,Crateús,NORDESTE,20,1,0.0,0.0,0.0,0.0,False,,0.0,0.0,True,6,6,0
230420,2,metropolitano,0.318,10.457343929717506,9.69883326627967,0,True,37,1,0.0,23,23,2304202,Crato,NORDESTE,46,1,0.0,0.0,0.0,0.0,False,,0.0,0.0,True,9,9,0
230420,7,metropolitano,0.318,10.457343929717506,9.69883326627967,1,False,7,1,0.0,23,23,2304202,Crato,NORDESTE,13,1,2.0,0.0,2.0,0.0,False,,0.0,0.0,True,6,6,0
230420,9,metropolitano,0.318,10.457343929717506,9.69883326627967,1,True,15,1,0.0,23,23,2304202,Crato,NORDESTE,18,1,0.0,0.0,0.0,0.0,False,,0.0,0.0,True,3,3,0
230420,10,metropolitano,0.318,10.457343929717506,9.69883326627967,0,False,5,1,0.0,23,23,2304202,Crato,NORDESTE,8,1,1.0,0.0,1.0,0.0,False,,0.0,0.0,True,3,3,0
230420,11,metropolitano,0.318,10.457343929717506,9.69883326627967,1,False,5,1,0.0,23,23,2304202,Crato,NORDESTE,8,1,1.0,0.0,1.0,0.0,False,,0.0,0.0,True,3,3,0
230540,7,interior_proximo_polo,0.368,9.251194365984448,27.28174603174603,1,False,3,1,0.0,23,23,2305407,Icó,NORDESTE,7,1,1.0,0.0,1.0,0.0,False,,0.0,0.0,True,4,4,0
230540,8,interior_proximo_polo,0.368,9.251194365984448,27.28174603174603,1,False,6,1,0.0,23,23,2305407,Icó,NORDESTE,9,1,1.0,0.0,1.0,0.0,False,,0.0,0.0,True,3,3,0
230540,9,interior_proximo_polo,0.368,9.251194365984448,27.28174603174603,0,True,1,1,0.0,23,23,2305407,Icó,NORDESTE,2,1,1.0,0.0,1.0,0.0,False,,0.0,0.0,True,1,1,0
230540,10,interior_proximo_polo,0.368,9.251194365984448,27.28174603174603,0,False,3,1,0.0,23,23,2305407,Icó,NORDESTE,6,1,1.0,0.0,1.0,0.0,False,,0.0,0.0,True,3,3,0
230540,11,interior_proximo_polo,0.368,9.251194365984448,27.28174603174603,0,False,3,1,0.0,23,23,2305407,Icó,NORDESTE,6,1,1.0,0.0,1.0,0.0,False,,0.0,0.0,True,3,3,0
230540,14,interior_proximo_polo,0.368,9.251194365984448,27.28174603174603,1,True,21,1,0.0,23,23,2305407,Icó,NORDESTE,21,1,0.0,0.0,0.0,0.0,False,,0.0,0.0,True,0,0,0
230550,1,interior_proximo_polo,0.355,10.015476054484175,8.38213599177433,1,True,17,1,3.0,23,23,2305506,Iguatu,NORDESTE,16,1,0.0,0.0,0.0,0.0,False,,3.0,3.0,True,-1,-1,0
230550,6,interior_proximo_polo,0.355,10.015476054484175,8.38213599177433,1,False,20,1,1.0,23,23,2305506,Iguatu,NORDESTE,22,1,0.0,0.0,0.0,0.0,False,,1.0,1.0,True,2,2,0
230550,8,interior_proximo_polo,0.355,10.015476054484175,8.38213599177433,1,False,20,1,1.0,23,23,2305506,Iguatu,NORDESTE,22,1,0.0,0.0,0.0,0.0,False,,1.0,1.0,True,2,2,0
230550,9,interior_proximo_polo,0.355,10.015476054484175,8.38213599177433,0,True,11,1,1.0,23,23,2305506,Iguatu,NORDESTE,10,1,0.0,0.0,0.0,0.0,False,,1.0,1.0,True,-1,-1,0
230550,14,interior_proximo_polo,0.355,10.015476054484175,8.38213599177433,1,True,19,1,0.0,23,23,2305506,Iguatu,NORDESTE,19,1,0.0,0.0,0.0,0.0,False,,0.0,0.0,True,0,0,0
230550,15,interior_proximo_polo,0.355,10.015476054484175,8.38213599177433,1,True,4,1,0.0,23,23,2305506,Iguatu,NORDESTE,4,1,1.0,0.0,1.0,0.0,False,,0.0,0.0,True,0,0,0
230690,1,interior_remoto,0.422,8.980046316633132,3.7773860488541926,1,True,3,1,0.0,23,23,2306900,Jaguaribe,NORDESTE,5,1,0.0,0.0,0.0,0.0,False,,0.0,0.0,True,2,2,0
230730,2,metropolitano,0.354,11.303549208052376,4.161118508655127,0,True,45,1,2.0,23,23,2307304,Juazeiro do Norte,NORDESTE,47,1,1.0,0.0,1.0,0.0,False,,1.0,2.0,True,2,2,0
230730,11,metropolitano,0.354,11.303549208052376,4.161118508655127,0,False,21,1,0.0,23,23,2307304,Juazeiro do Norte,NORDESTE,23,1,1.0,1.0,0.0,0.0,False,,0.0,0.0,True,2,2,0
230765,11,metropolitano,0.34,11.18115217100548,0.5573825316314587,1,False,10,1,0.0,23,23,2307650,Maracanaú,NORDESTE,11,1,1.0,0.0,1.0,0.0,False,,0.0,0.0,True,1,1,0
230810,1,interior_proximo_polo,0.442,8.959054514715692,16.394496592516397,1,True,8,1,1.0,23,23,2308104,Mauriti,NORDESTE,2,1,0.0,0.0,0.0,0.0,False,,0.0,1.0,True,-6,-6,0
230810,2,interior_proximo_polo,0.442,8.959054514715692,16.394496592516397,1,True,2,1,0.0,23,23,2308104,Mauriti,NORDESTE,2,1,0.0,0.0,0.0,0.0,False,,0.0,0.0,True,0,0,0
230810,8,interior_proximo_polo,0.442,8.959054514715692,16.394496592516397,1,False,5,1,0.0,23,23,2308104,Mauriti,NORDESTE,5,1,0.0,0.0,0.0,0.0,False,,0.0,0.0,True,0,0,0
230810,9,interior_proximo_polo,0.442,8.959054514715692,16.394496592516397,1,True,1,1,0.0,23,23,2308104,Mauriti,NORDESTE,2,1,0.0,0.0,0.0,0.0,False,,0.0,0.0,True,1,1,0
230810,11,interior_proximo_polo,0.442,8.959054514715692,16.394496592516397,0,False,2,1,0.0,23,23,2308104,Mauriti,NORDESTE,2,1,0.0,0.0,0.0,0.0,False,,0.0,0.0,True,0,0,0
231130,1,interior_proximo_polo,0.381,9.885018036252466,12.139425117574152,1,True,14,1,0.0,23,23,2311306,Quixadá,NORDESTE,15,1,0.0,0.0,0.0,0.0,False,,0.0,0.0,True,1,1,0
231130,2,interior_proximo_polo,0.381,9.885018036252466,12.139425117574152,1,True,12,1,0.0,23,23,2311306,Quixadá,NORDESTE,14,1,0.0,0.0,0.0,0.0,False,,0.0,0.0,True,2,2,0
231130,8,interior_proximo_polo,0.381,9.885018036252466,12.139425117574152,1,False,20,1,0.0,23,23,2311306,Quixadá,NORDESTE,20,1,0.0,1.0,-1.0,0.0,False,,0.0,0.0,True,0,0,0
231140,7,interior_proximo_polo,0.304,9.628984915196462,4.880028073869369,0,False,7,1,0.0,23,23,2311405,Quixeramobim,NORDESTE,7,1,1.0,0.0,1.0,0.0,False,,0.0,0.0,True,0,0,0
231140,12,interior_proximo_polo,0.304,9.628984915196462,4.880028073869369,0,True,3,1,0.0,23,23,2311405,Quixeramobim,NORDESTE,4,1,0.0,0.0,0.0,0.0,False,,0.0,0.0,True,1,1,0
231180,7,interior_proximo_polo,0.288,9.495594499353297,3.007518796992481,0,False,3,1,0.0,23,23,2311801,Russas,NORDESTE,3,1,0.0,0.0,0.0,0.0,False,,0.0,0.0,True,0,0,0
231180,8,interior_proximo_polo,0.288,9.495594499353297,3.007518796992481,1,False,9,1,0.0,23,23,2311801,Russas,NORDESTE,11,1,0.0,0.0,0.0,0.0,False,,0.0,0.0,True,2,2,0
231180,10,interior_proximo_polo,0.288,9.495594499353297,3.007518796992481,0,False,3,1,0.0,23,23,2311801,Russas,NORDESTE,3,1,0.0,0.0,0.0,0.0,False,,0.0,0.0,True,0,0,0
231180,11,interior_proximo_polo,0.288,9.495594499353297,3.007518796992481,0,False,3,1,0.0,23,23,2311801,Russas,NORDESTE,3,1,0.0,0.0,0.0,0.0,False,,0.0,0.0,True,0,0,0
231290,3,metropolitano,0.296,10.955078112430767,18.6485683839072,1,True,6,1,0.0,23,23,2312908,Sobral,NORDESTE,7,1,0.0,0.0,0.0,0.0,False,,0.0,0.0,True,1,1,0
231290,4,metropolitano,0.296,10.955078112430767,18.6485683839072,1,False,5,1,0.0,23,23,2312908,Sobral,NORDESTE,5,1,0.0,0.0,0.0,0.0,False,,0.0,0.0,True,0,0,0
231290,5,metropolitano,0.296,10.955078112430767,18.6485683839072,1,True,1,1,0.0,23,23,2312908,Sobral,NORDESTE,1,1,1.0,0.0,1.0,0.0,False,,0.0,0.0,True,0,0,0
231290,6,metropolitano,0.296,10.955078112430767,18.6485683839072,1,False,67,1,0.0,23,23,2312908,Sobral,NORDESTE,74,1,3.0,0.0,3.0,0.0,False,,0.0,0.0,True,7,7,0
231290,7,metropolitano,0.296,10.955078112430767,18.6485683839072,0,False,24,1,1.0,23,23,2312908,Sobral,NORDESTE,24,1,0.0,1.0,-1.0,0.0,False,,1.0,1.0,True,0,0,0
231290,9,metropolitano,0.296,10.955078112430767,18.6485683839072,0,True,26,1,0.0,23,23,2312908,Sobral,NORDESTE,27,1,0.0,0.0,0.0,0.0,False,,0.0,0.0,True,1,1,0
231290,10,metropolitano,0.296,10.955078112430767,18.6485683839072,0,False,20,1,1.0,23,23,2312908,Sobral,NORDESTE,20,1,0.0,1.0,-1.0,0.0,False,,1.0,1.0,True,0,0,0
231290,11,metropolitano,0.296,10.955078112430767,18.6485683839072,0,False,20,1,1.0,23,23,2312908,Sobral,NORDESTE,20,1,0.0,1.0,-1.0,0.0,False,,1.0,1.0,True,0,0,0
231290,12,metropolitano,0.296,10.955078112430767,18.6485683839072,0,True,9,1,0.0,23,23,2312908,Sobral,NORDESTE,11,1,0.0,0.0,0.0,0.0,False,,0.0,0.0,True,2,2,0
231290,13,metropolitano,0.296,10.955078112430767,18.6485683839072,0,True,2,1,0.0,23,23,2312908,Sobral,NORDESTE,2,1,0.0,0.0,0.0,0.0,False,,0.0,0.0,True,0,0,0
231290,15,metropolitano,0.296,10.955078112430767,18.6485683839072,1,True,9,1,0.0,23,23,2312908,Sobral,NORDESTE,9,1,0.0,0.0,0.0,0.0,False,,0.0,0.0,True,0,0,0
231290,16,metropolitano,0.296,10.955078112430767,18.6485683839072,1,True,6,1,0.0,23,23,2312908,Sobral,NORDESTE,6,1,0.0,0.0,0.0,0.0,False,,0.0,0.0,True,0,0,0
231330,9,interior_proximo_polo,0.351,9.11085147347544,4.418912947414936,1,True,4,1,0.0,23,23,2313302,Tauá,NORDESTE,4,1,0.0,0.0,0.0,0.0,False,,0.0,0.0,True,0,0,0
231340,1,interior_proximo_polo,0.385,9.583075655461428,20.839074125103334,0,True,11,1,0.0,23,23,2313401,Tianguá,NORDESTE,10,1,0.0,0.0,0.0,0.0,False,,0.0,0.0,True,-1,-1,0
231340,2,interior_proximo_polo,0.385,9.583075655461428,20.839074125103334,1,True,11,1,2.0,23,23,2313401,Tianguá,NORDESTE,11,1,0.0,0.0,0.0,0.0,False,,2.0,2.0,True,0,0,0
231340,7,interior_proximo_polo,0.385,9.583075655461428,20.839074125103334,0,False,4,1,0.0,23,23,2313401,Tianguá,NORDESTE,5,1,1.0,0.0,1.0,0.0,False,,0.0,0.0,True,1,1,0
231340,10,interior_proximo_polo,0.385,9.583075655461428,20.839074125103334,0,False,4,1,0.0,23,23,2313401,Tianguá,NORDESTE,5,1,1.0,0.0,1.0,0.0,False,,0.0,0.0,True,1,1,0
231340,11,interior_proximo_polo,0.385,9.583075655461428,20.839074125103334,0,False,4,1,0.0,23,23,2313401,Tianguá,NORDESTE,5,1,1.0,0.0,1.0,0.0,False,,0.0,0.0,True,1,1,0
231340,14,interior_proximo_polo,0.385,9.583075655461428,20.839074125103334,1,True,19,1,1.0,23,23,2313401,Tianguá,NORDESTE,22,1,1.0,0.0,1.0,0.0,False,,1.0,1.0,True,3,3,0
231340,15,interior_proximo_polo,0.385,9.583075655461428,20.839074125103334,0,True,3,1,0.0,23,23,2313401,Tianguá,NORDESTE,3,1,0.0,0.0,0.0,0.0,False,,0.0,0.0,True,0,0,0
240020,8,interior_proximo_polo,0.311,9.403189650656792,3.642311287041619,1,False,11,1,1.0,24,24,2400208,Açu,NORDESTE,19,1,0.0,1.0,-1.0,0.0,False,,1.0,1.0,True,8,8,0
240020,9,interior_proximo_polo,0.311,9.403189650656792,3.642311287041619,0,True,4,1,0.0,24,24,2400208,Açu,NORDESTE,5,1,0.0,1.0,-1.0,0.0,False,,0.0,0.0,True,1,1,0
240020,11,interior_proximo_polo,0.311,9.403189650656792,3.642311287041619,0,False,3,1,0.0,24,24,2400208,Açu,NORDESTE,4,1,0.0,1.0,-1.0,0.0,False,,0.0,0.0,True,1,1,0
240050,8,interior_remoto,0.381,7.8407064517494,19.677292404565133,1,False,9,1,0.0,24,24,2400505,Alexandria,NORDESTE,11,1,0.0,0.0,0.0,0.0,False,,0.0,0.0,True,2,2,0
240050,9,interior_remoto,0.381,7.8407064517494,19.677292404565133,0,True,3,1,1.0,24,24,2400505,Alexandria,NORDESTE,3,1,0.0,0.0,0.0,0.0,False,,0.0,1.0,True,0,0,0
240050,14,interior_remoto,0.381,7.8407064517494,19.677292404565133,1,True,8,1,1.0,24,24,2400505,Alexandria,NORDESTE,11,1,0.0,0.0,0.0,0.0,False,,1.0,1.0,True,3,3,0
240060,9,interior_remoto,0.334,6.872128101338986,0.0,0,True,0,0,0.0,24,24,2400604,Almino Afonso,NORDESTE,0,0,0.0,0.0,0.0,0.0,False,,0.0,0.0,True,0,0,0
240200,1,interior_proximo_polo,0.265,9.346268889200427,11.276007565837334,1,True,8,1,0.0,24,24,2402006,Caicó,NORDESTE,10,1,0.0,0.0,0.0,0.0,False,,0.0,0.0,True,2,2,0
240200,14,interior_proximo_polo,0.265,9.346268889200427,11.276007565837334,1,True,21,1,1.0,24,24,2402006,Caicó,NORDESTE,30,1,1.0,0.0,1.0,0.0,False,,1.0,1.0,True,9,9,0
240260,1,metropolitano,0.442,9.350537002469466,10.141400092721371,1,True,2,1,0.0,24,24,2402600,Ceará-Mirim,NORDESTE,2,1,0.0,0.0,0.0,0.0,False,,0.0,0.0,True,0,0,0
240260,2,metropolitano,0.442,9.350537002469466,10.141400092721371,1,True,4,1,0.0,24,24,2402600,Ceará-Mirim,NORDESTE,3,1,0.0,0.0,0.0,0.0,False,,0.0,0.0,True,-1,-1,0
240260,7,metropolitano,0.442,9.350537002469466,10.141400092721371,0,False,3,1,0.0,24,24,2402600,Ceará-Mirim,NORDESTE,4,1,1.0,0.0,1.0,0.0,False,,0.0,0.0,True,1,1,0
240260,8,metropolitano,0.442,9.350537002469466,10.141400092721371,0,False,9,1,0.0,24,24,2402600,Ceará-Mirim,NORDESTE,8,1,0.0,0.0,0.0,0.0,False,,0.0,0.0,True,-1,-1,0
240260,10,metropolitano,0.442,9.350537002469466,10.141400092721371,0,False,3,1,0.0,24,24,2402600,Ceará-Mirim,NORDESTE,4,1,1.0,0.0,1.0,0.0,False,,0.0,0.0,True,1,1,0
240260,11,metropolitano,0.442,9.350537002469466,10.141400092721371,0,False,3,1,0.0,24,24,2402600,Ceará-Mirim,NORDESTE,4,1,1.0,0.0,1.0,0.0,False,,0.0,0.0,True,1,1,0
240260,14,metropolitano,0.442,9.350537002469466,10.141400092721371,0,True,4,1,0.0,24,24,2402600,Ceará-Mirim,NORDESTE,5,1,2.0,0.0,2.0,0.0,False,,0.0,0.0,True,1,1,0
240310,14,interior_proximo_polo,0.301,9.111955470054781,4.781873022879423,0,True,28,1,0.0,24,24,2403103,Currais Novos,NORDESTE,30,1,2.0,7.0,-5.0,0.0,False,,0.0,0.0,True,2,2,0
240580,14,interior_proximo_polo,0.485,8.898365606955357,1.252447966479938,1,True,3,1,0.0,24,24,2405801,João Câmara,NORDESTE,5,1,0.0,0.0,0.0,0.0,False,,0.0,0.0,True,2,2,0
240800,3,interior_proximo_polo,0.266,11.110774857829893,9.306741220267018,1,True,5,1,0.0,24,24,2408003,Mossoró,NORDESTE,7,1,0.0,0.0,0.0,0.0,False,,0.0,0.0,True,2,2,0
240800,5,interior_proximo_polo,0.266,11.110774857829893,9.306741220267018,1,True,3,1,0.0,24,24,2408003,Mossoró,NORDESTE,3,1,0.0,0.0,0.0,0.0,False,,0.0,0.0,True,0,0,0
240800,6,interior_proximo_polo,0.266,11.110774857829893,9.306741220267018,1,False,84,1,1.0,24,24,2408003,Mossoró,NORDESTE,95,1,0.0,1.0,-1.0,0.0,False,,1.0,1.0,True,11,11,0
240800,7,interior_proximo_polo,0.266,11.110774857829893,9.306741220267018,0,False,19,1,0.0,24,24,2408003,Mossoró,NORDESTE,22,1,0.0,0.0,0.0,0.0,False,,0.0,0.0,True,3,3,0
240800,10,interior_proximo_polo,0.266,11.110774857829893,9.306741220267018,0,False,13,1,0.0,24,24,2408003,Mossoró,NORDESTE,16,1,0.0,0.0,0.0,0.0,False,,0.0,0.0,True,3,3,0
240800,11,interior_proximo_polo,0.266,11.110774857829893,9.306741220267018,0,False,13,1,0.0,24,24,2408003,Mossoró,NORDESTE,16,1,0.0,0.0,0.0,0.0,False,,0.0,0.0,True,3,3,0
240800,12,interior_proximo_polo,0.266,11.110774857829893,9.306741220267018,0,True,14,1,0.0,24,24,2408003,Mossoró,NORDESTE,12,1,0.0,0.0,0.0,0.0,False,,0.0,0.0,True,-2,-2,0
240800,13,interior_proximo_polo,0.266,11.110774857829893,9.306741220267018,0,True,2,1,0.0,24,24,2408003,Mossoró,NORDESTE,2,1,0.0,0.0,0.0,0.0,False,,0.0,0.0,True,0,0,0
240800,16,interior_proximo_polo,0.266,11.110774857829893,9.306741220267018,0,True,9,1,1.0,24,24,2408003,Mossoró,NORDESTE,8,1,0.0,0.0,0.0,0.0,False,,1.0,1.0,True,-1,-1,0
241120,2,interior_proximo_polo,0.425,9.09268232850795,12.468594142573219,1,True,8,1,0.0,24,24,2411205,Santa Cruz,NORDESTE,6,1,0.0,0.0,0.0,0.0,False,,0.0,0.0,True,-2,-2,0
241120,7,interior_proximo_polo,0.425,9.09268232850795,12.468594142573219,0,False,2,1,0.0,24,24,2411205,Santa Cruz,NORDESTE,0,0,0.0,0.0,0.0,0.0,False,,0.0,0.0,True,-2,-2,-1
241120,9,interior_proximo_polo,0.425,9.09268232850795,12.468594142573219,1,True,4,1,1.0,24,24,2411205,Santa Cruz,NORDESTE,6,1,0.0,0.0,0.0,0.0,False,,1.0,1.0,True,2,2,0
241120,10,interior_proximo_polo,0.425,9.09268232850795,12.468594142573219,0,False,2,1,0.0,24,24,2411205,Santa Cruz,NORDESTE,0,0,0.0,0.0,0.0,0.0,False,,0.0,0.0,True,-2,-2,-1
241120,11,interior_proximo_polo,0.425,9.09268232850795,12.468594142573219,0,False,2,1,0.0,24,24,2411205,Santa Cruz,NORDESTE,0,0,0.0,0.0,0.0,0.0,False,,0.0,0.0,True,-2,-2,-1
241220,7,metropolitano,0.39,8.645762292210945,19.64233362650249,1,False,3,1,0.0,24,24,2412203,São José de Mipibu,NORDESTE,4,1,0.0,0.0,0.0,0.0,False,,0.0,0.0,True,1,1,0
241220,9,metropolitano,0.39,8.645762292210945,19.64233362650249,1,True,2,1,0.0,24,24,2412203,São José de Mipibu,NORDESTE,3,1,0.0,0.0,0.0,0.0,False,,0.0,0.0,True,1,1,0
241220,10,metropolitano,0.39,8.645762292210945,19.64233362650249,1,False,2,1,0.0,24,24,2412203,São José de Mipibu,NORDESTE,2,1,0.0,0.0,0.0,0.0,False,,0.0,0.0,True,0,0,0
241220,11,metropolitano,0.39,8.645762292210945,19.64233362650249,1,False,2,1,0.0,24,24,2412203,São José de Mipibu,NORDESTE,2,1,0.0,0.0,0.0,0.0,False,,0.0,0.0,True,0,0,0
241220,14,metropolitano,0.39,8.645762292210945,19.64233362650249,1,True,9,1,0.0,24,24,2412203,São José de Mipibu,NORDESTE,11,1,0.0,0.0,0.0,0.0,False,,0.0,0.0,True,2,2,0
241220,15,metropolitano,0.39,8.645762292210945,19.64233362650249,1,True,1,1,0.0,24,24,2412203,São José de Mipibu,NORDESTE,2,1,0.0,0.0,0.0,0.0,False,,0.0,0.0,True,1,1,0
241250,1,interior_proximo_polo,0.369,7.909122183211411,0.0,1,True,0,0,0.0,24,24,2412500,São Miguel,NORDESTE,1,1,0.0,0.0,0.0,0.0,False,,0.0,0.0,True,1,1,1
250370,11,metropolitano,0.302,9.461721464701633,3.888932099245547,1,False,12,1,0.0,25,RESTO,2503704,Cajazeiras,NORDESTE,11,1,0.0,0.0,0.0,0.0,False,,0.0,0.0,True,-1,-1,0
251080,1,metropolitano,0.321,10.200141754786113,15.362124928764342,1,True,14,1,0.0,25,RESTO,2510808,Patos,NORDESTE,13,1,0.0,0.0,0.0,0.0,False,,0.0,0.0,True,-1,-1,0
251080,2,metropolitano,0.321,10.200141754786113,15.362124928764342,1,True,24,1,1.0,25,RESTO,2510808,Patos,NORDESTE,23,1,1.0,0.0,1.0,0.0,False,,1.0,1.0,True,-1,-1,0
251080,3,metropolitano,0.321,10.200141754786113,15.362124928764342,1,True,2,1,0.0,25,RESTO,2510808,Patos,NORDESTE,2,1,0.0,0.0,0.0,0.0,False,,0.0,0.0,True,0,0,0
251080,4,metropolitano,0.321,10.200141754786113,15.362124928764342,1,False,0,0,0.0,25,RESTO,2510808,Patos,NORDESTE,0,0,0.0,0.0,0.0,0.0,False,,0.0,0.0,True,0,0,0
251080,5,metropolitano,0.321,10.200141754786113,15.362124928764342,1,True,0,0,0.0,25,RESTO,2510808,Patos,NORDESTE,0,0,0.0,0.0,0.0,0.0,False,,0.0,0.0,True,0,0,0
251080,6,metropolitano,0.321,10.200141754786113,15.362124928764342,1,False,29,1,0.0,25,RESTO,2510808,Patos,NORDESTE,33,1,1.0,1.0,0.0,0.0,False,,0.0,0.0,True,4,4,0
251080,7,metropolitano,0.321,10.200141754786113,15.362124928764342,1,False,7,1,0.0,25,RESTO,2510808,Patos,NORDESTE,12,1,0.0,0.0,0.0,0.0,False,,0.0,0.0,True,5,5,0
251080,10,metropolitano,0.321,10.200141754786113,15.362124928764342,0,False,7,1,0.0,25,RESTO,2510808,Patos,NORDESTE,12,1,0.0,0.0,0.0,0.0,False,,0.0,0.0,True,5,5,0
251080,11,metropolitano,0.321,10.200141754786113,15.362124928764342,1,False,7,1,0.0,25,RESTO,2510808,Patos,NORDESTE,12,1,0.0,0.0,0.0,0.0,False,,0.0,0.0,True,5,5,0
251080,12,metropolitano,0.321,10.200141754786113,15.362124928764342,1,True,9,1,0.0,25,RESTO,2510808,Patos,NORDESTE,9,1,0.0,0.0,0.0,0.0,False,,0.0,0.0,True,0,0,0
251620,1,metropolitano,0.412,9.569621915779866,41.60266257040451,1,True,9,1,0.0,25,RESTO,2516201,Sousa,NORDESTE,11,1,1.0,0.0,1.0,0.0,False,,0.0,0.0,True,2,2,0
251620,2,metropolitano,0.412,9.569621915779866,41.60266257040451,1,True,28,1,0.0,25,RESTO,2516201,Sousa,NORDESTE,39,1,0.0,0.0,0.0,0.0,False,,0.0,0.0,True,11,11,0
251620,3,metropolitano,0.412,9.569621915779866,41.60266257040451,0,True,1,1,0.0,25,RESTO,2516201,Sousa,NORDESTE,1,1,0.0,0.0,0.0,0.0,False,,0.0,0.0,True,0,0,0
251620,7,metropolitano,0.412,9.569621915779866,41.60266257040451,1,False,11,1,1.0,25,RESTO,2516201,Sousa,NORDESTE,14,1,1.0,0.0,1.0,0.0,False,,1.0,1.0,True,3,3,0
251620,8,metropolitano,0.412,9.569621915779866,41.60266257040451,1,False,24,1,1.0,25,RESTO,2516201,Sousa,NORDESTE,30,1,0.0,0.0,0.0,0.0,False,,1.0,1.0,True,6,6,0
251620,10,metropolitano,0.412,9.569621915779866,41.60266257040451,1,False,9,1,1.0,25,RESTO,2516201,Sousa,NORDESTE,12,1,1.0,0.0,1.0,0.0,False,,1.0,1.0,True,3,3,0
251620,11,metropolitano,0.412,9.569621915779866,41.60266257040451,1,False,9,1,1.0,25,RESTO,2516201,Sousa,NORDESTE,12,1,1.0,0.0,1.0,0.0,False,,1.0,1.0,True,3,3,0
260010,2,interior_proximo_polo,0.419,8.974744612722734,15.611814345991561,1,True,19,1,0.0,26,RESTO,2600104,Afogados da Ingazeira,NORDESTE,22,1,1.0,0.0,1.0,0.0,False,,0.0,0.0,True,3,3,0
260990,1,interior_proximo_polo,0.464,9.326700173092378,12.018160776284162,1,True,14,1,0.0,26,RESTO,2609907,Ouricuri,NORDESTE,14,1,5.0,0.0,5.0,0.0,False,,0.0,0.0,True,0,0,0
261000,1,interior_proximo_polo,0.395,9.616405300156314,36.813699360341154,1,True,38,1,1.0,26,RESTO,2610004,Palmares,NORDESTE,48,1,0.0,0.0,0.0,0.0,False,,1.0,1.0,True,10,10,0
261000,2,interior_proximo_polo,0.395,9.616405300156314,36.813699360341154,1,True,42,1,1.0,26,RESTO,2610004,Palmares,NORDESTE,52,1,1.0,0.0,1.0,0.0,False,,1.0,1.0,True,10,10,0
261390,1,interior_proximo_polo,0.377,9.897720957641791,1.5087507543753773,0,True,20,1,1.0,26,RESTO,2613909,Serra Talhada,NORDESTE,23,1,3.0,0.0,3.0,0.0,False,,1.0,1.0,True,3,3,0
261390,9,interior_proximo_polo,0.377,9.897720957641791,1.5087507543753773,0,True,23,1,0.0,26,RESTO,2613909,Serra Talhada,NORDESTE,26,1,1.0,0.0,1.0,0.0,False,,0.0,0.0,True,3,3,0
270030,3,metropolitano,0.391,10.976269081169717,4.489558569498366,0,True,6,1,1.0,27,RESTO,2700300,Arapiraca,NORDESTE,7,1,0.0,0.0,0.0,0.0,False,,1.0,1.0,True,1,1,0
270030,12,metropolitano,0.391,10.976269081169717,4.489558569498366,1,True,12,1,0.0,27,RESTO,2700300,Arapiraca,NORDESTE,14,1,0.0,0.0,0.0,0.0,False,,0.0,0.0,True,2,2,0
270030,13,metropolitano,0.391,10.976269081169717,4.489558569498366,1,True,4,1,0.0,27,RESTO,2700300,Arapiraca,NORDESTE,4,1,0.0,0.0,0.0,0.0,False,,0.0,0.0,True,0,0,0
270030,14,metropolitano,0.391,10.976269081169717,4.489558569498366,1,True,55,1,0.0,27,RESTO,2700300,Arapiraca,NORDESTE,59,1,0.0,0.0,0.0,0.0,False,,0.0,0.0,True,4,4,0
270030,16,metropolitano,0.391,10.976269081169717,4.489558569498366,0,True,7,1,0.0,27,RESTO,2700300,Arapiraca,NORDESTE,7,1,0.0,0.0,0.0,0.0,False,,0.0,0.0,True,0,0,0
270240,9,interior_proximo_polo,0.363,9.445649620189263,4.610601749394035,0,True,5,1,0.0,27,RESTO,2702405,Delmiro Gouveia,NORDESTE,5,1,0.0,0.0,0.0,0.0,False,,0.0,0.0,True,0,0,0
270240,11,interior_proximo_polo,0.363,9.445649620189263,4.610601749394035,0,False,4,1,0.0,27,RESTO,2702405,Delmiro Gouveia,NORDESTE,4,1,0.0,0.0,0.0,0.0,False,,0.0,0.0,True,0,0,0
270240,15,interior_proximo_polo,0.363,9.445649620189263,4.610601749394035,1,True,3,1,0.0,27,RESTO,2702405,Delmiro Gouveia,NORDESTE,5,1,1.0,0.0,1.0,0.0,False,,0.0,0.0,True,2,2,0
270430,5,capital,0.434,12.631382863692243,1.3534327629853296,0,True,11,1,0.0,27,RESTO,2704302,Maceió,NORDESTE,13,1,0.0,0.0,0.0,0.0,False,,0.0,0.0,True,2,2,0
270430,11,capital,0.434,12.631382863692243,1.3534327629853296,1,False,104,1,0.0,27,RESTO,2704302,Maceió,NORDESTE,105,1,0.0,0.0,0.0,0.0,False,,0.0,0.0,True,1,1,0
270430,16,capital,0.434,12.631382863692243,1.3534327629853296,1,True,32,1,0.0,27,RESTO,2704302,Maceió,NORDESTE,38,1,1.0,0.0,1.0,0.0,False,,0.0,0.0,True,6,6,0
270930,11,interior_proximo_polo,0.395,9.682716185366974,0.0,0,False,2,1,0.0,27,RESTO,2709301,União dos Palmares,,3,1,0.0,0.0,0.0,0.0,False,,0.0,0.0,True,1,1,0
280030,8,capital,0.333,12.19979800105738,2.863760473899947,1,False,344,1,1.0,28,RESTO,2800308,Aracaju,NORDESTE,362,1,3.0,0.0,3.0,0.0,False,,1.0,1.0,True,18,18,0
280030,9,capital,0.333,12.19979800105738,2.863760473899947,1,True,249,1,0.0,28,RESTO,2800308,Aracaju,NORDESTE,262,1,1.0,1.0,0.0,0.0,False,,0.0,0.0,True,13,13,0
280350,7,interior_proximo_polo,0.331,9.673508190212637,19.87623243129851,1,False,13,1,0.0,28,RESTO,2803500,Lagarto,NORDESTE,12,1,0.0,0.0,0.0,0.0,False,,0.0,0.0,True,-1,-1,0
280350,9,interior_proximo_polo,0.331,9.673508190212637,19.87623243129851,1,True,18,1,0.0,28,RESTO,2803500,Lagarto,NORDESTE,22,1,1.0,0.0,1.0,0.0,False,,0.0,0.0,True,4,4,0
280350,10,interior_proximo_polo,0.331,9.673508190212637,19.87623243129851,0,False,10,1,0.0,28,RESTO,2803500,Lagarto,NORDESTE,10,1,0.0,0.0,0.0,0.0,False,,0.0,0.0,True,0,0,0
280350,11,interior_proximo_polo,0.331,9.673508190212637,19.87623243129851,0,False,10,1,0.0,28,RESTO,2803500,Lagarto,NORDESTE,10,1,0.0,0.0,0.0,0.0,False,,0.0,0.0,True,0,0,0
290070,7,interior_proximo_polo,0.327,10.857131870951632,1.990931627554494,0,False,14,1,0.0,29,29,2900702,Alagoinhas,NORDESTE,19,1,0.0,0.0,0.0,0.0,False,,0.0,0.0,True,5,5,0
290070,8,interior_proximo_polo,0.327,10.857131870951632,1.990931627554494,1,False,57,1,0.0,29,29,2900702,Alagoinhas,NORDESTE,42,1,0.0,0.0,0.0,0.0,False,,0.0,0.0,True,-15,-15,0
290070,10,interior_proximo_polo,0.327,10.857131870951632,1.990931627554494,1,False,11,1,0.0,29,29,2900702,Alagoinhas,NORDESTE,16,1,0.0,0.0,0.0,0.0,False,,0.0,0.0,True,5,5,0
290070,11,interior_proximo_polo,0.327,10.857131870951632,1.990931627554494,0,False,11,1,0.0,29,29,2900702,Alagoinhas,NORDESTE,16,1,0.0,0.0,0.0,0.0,False,,0.0,0.0,True,5,5,0
290320,1,interior_proximo_polo,0.283,10.690716886457212,12.913869609739448,1,True,16,1,0.0,29,29,2903201,Barreiras,NORDESTE,19,1,1.0,0.0,1.0,0.0,False,,0.0,0.0,True,3,3,0
290320,3,interior_proximo_polo,0.283,10.690716886457212,12.913869609739448,0,True,5,1,0.0,29,29,2903201,Barreiras,NORDESTE,7,1,0.0,0.0,0.0,0.0,False,,0.0,0.0,True,2,2,0
290320,4,interior_proximo_polo,0.283,10.690716886457212,12.913869609739448,1,False,3,1,0.0,29,29,2903201,Barreiras,NORDESTE,3,1,0.0,0.0,0.0,0.0,False,,0.0,0.0,True,0,0,0
290320,5,interior_proximo_polo,0.283,10.690716886457212,12.913869609739448,0,True,0,0,0.0,29,29,2903201,Barreiras,NORDESTE,0,0,0.0,0.0,0.0,0.0,False,,0.0,0.0,True,0,0,0
290320,6,interior_proximo_polo,0.283,10.690716886457212,12.913869609739448,0,False,37,1,0.0,29,29,2903201,Barreiras,NORDESTE,41,1,2.0,0.0,2.0,0.0,False,,0.0,0.0,True,4,4,0
290320,7,interior_proximo_polo,0.283,10.690716886457212,12.913869609739448,0,False,14,1,0.0,29,29,2903201,Barreiras,NORDESTE,14,1,0.0,0.0,0.0,0.0,False,,0.0,0.0,True,0,0,0
290320,8,interior_proximo_polo,0.283,10.690716886457212,12.913869609739448,0,False,37,1,0.0,29,29,2903201,Barreiras,NORDESTE,41,1,2.0,0.0,2.0,0.0,False,,0.0,0.0,True,4,4,0
290320,10,interior_proximo_polo,0.283,10.690716886457212,12.913869609739448,0,False,12,1,0.0,29,29,2903201,Barreiras,NORDESTE,12,1,0.0,0.0,0.0,0.0,False,,0.0,0.0,True,0,0,0
290320,11,interior_proximo_polo,0.283,10.690716886457212,12.913869609739448,0,False,12,1,0.0,29,29,2903201,Barreiras,NORDESTE,12,1,0.0,0.0,0.0,0.0,False,,0.0,0.0,True,0,0,0
290320,12,interior_proximo_polo,0.283,10.690716886457212,12.913869609739448,0,True,3,1,0.0,29,29,2903201,Barreiras,NORDESTE,3,1,0.0,0.0,0.0,0.0,False,,0.0,0.0,True,0,0,0
290460,7,interior_proximo_polo,0.339,9.502711433914095,11.509269627970635,0,False,10,1,0.0,29,29,2904605,Brumado,NORDESTE,15,1,2.0,0.0,2.0,0.0,False,,0.0,0.0,True,5,5,0
290460,8,interior_proximo_polo,0.339,9.502711433914095,11.509269627970635,1,False,16,1,0.0,29,29,2904605,Brumado,NORDESTE,19,1,1.0,0.0,1.0,0.0,False,,0.0,0.0,True,3,3,0
290460,10,interior_proximo_polo,0.339,9.502711433914095,11.509269627970635,0,False,9,1,0.0,29,29,2904605,Brumado,NORDESTE,13,1,1.0,0.0,1.0,0.0,False,,0.0,0.0,True,4,4,0
290460,11,interior_proximo_polo,0.339,9.502711433914095,11.509269627970635,0,False,9,1,0.0,29,29,2904605,Brumado,NORDESTE,13,1,1.0,0.0,1.0,0.0,False,,0.0,0.0,True,4,4,0
290460,14,interior_proximo_polo,0.339,9.502711433914095,11.509269627970635,1,True,20,1,0.0,29,29,2904605,Brumado,NORDESTE,22,1,1.0,0.0,1.0,0.0,False,,0.0,0.0,True,2,2,0
291072,7,interior_proximo_polo,0.38,10.413192548633416,2.4027631776543026,0,False,7,1,0.0,29,29,2910727,Eunápolis,NORDESTE,10,1,0.0,0.0,0.0,0.0,False,,0.0,0.0,True,3,3,0
291072,8,interior_proximo_polo,0.38,10.413192548633416,2.4027631776543026,1,False,25,1,0.0,29,29,2910727,Eunápolis,NORDESTE,26,1,0.0,0.0,0.0,0.0,False,,0.0,0.0,True,1,1,0
291072,14,interior_proximo_polo,0.38,10.413192548633416,2.4027631776543026,1,True,18,1,0.0,29,29,2910727,Eunápolis,NORDESTE,20,1,0.0,0.0,0.0,0.0,False,,0.0,0.0,True,2,2,0
291080,3,metropolitano,0.355,12.250204356890082,0.9568325016864173,0,True,13,1,0.0,29,29,2910800,Feira de Santana,NORDESTE,13,1,0.0,0.0,0.0,0.0,False,,0.0,0.0,True,0,0,0
291080,4,metropolitano,0.355,12.250204356890082,0.9568325016864173,1,False,14,1,0.0,29,29,2910800,Feira de Santana,NORDESTE,14,1,0.0,0.0,0.0,0.0,False,,0.0,0.0,True,0,0,0
291080,5,metropolitano,0.355,12.250204356890082,0.9568325016864173,1,True,6,1,0.0,29,29,2910800,Feira de Santana,NORDESTE,8,1,0.0,0.0,0.0,0.0,False,,0.0,0.0,True,2,2,0
291080,6,metropolitano,0.355,12.250204356890082,0.9568325016864173,1,False,154,1,0.0,29,29,2910800,Feira de Santana,NORDESTE,152,1,0.0,0.0,0.0,0.0,False,,0.0,0.0,True,-2,-2,0
291080,13,metropolitano,0.355,12.250204356890082,0.9568325016864173,1,True,4,1,0.0,29,29,2910800,Feira de Santana,NORDESTE,4,1,0.0,0.0,0.0,0.0,False,,0.0,0.0,True,0,0,0
291170,7,interior_proximo_polo,0.294,9.84882015119382,5.281225244256667,1,False,11,1,0.0,29,29,2911709,Guanambi,NORDESTE,13,1,0.0,0.0,0.0,0.0,False,,0.0,0.0,True,2,2,0
291170,10,interior_proximo_polo,0.294,9.84882015119382,5.281225244256667,0,False,8,1,0.0,29,29,2911709,Guanambi,NORDESTE,10,1,0.0,0.0,0.0,0.0,False,,0.0,0.0,True,2,2,0
291170,11,interior_proximo_polo,0.294,9.84882015119382,5.281225244256667,0,False,8,1,0.0,29,29,2911709,Guanambi,NORDESTE,10,1,0.0,0.0,0.0,0.0,False,,0.0,0.0,True,2,2,0
291170,15,interior_proximo_polo,0.294,9.84882015119382,5.281225244256667,0,True,6,1,0.0,29,29,2911709,Guanambi,NORDESTE,7,1,0.0,0.0,0.0,0.0,False,,0.0,0.0,True,1,1,0
291460,3,interior_proximo_polo,0.336,9.93076219467101,21.40910860256909,1,True,4,1,0.0,29,29,2914604,Irecê,NORDESTE,6,1,0.0,0.0,0.0,0.0,False,,0.0,0.0,True,2,2,0
291460,4,interior_proximo_polo,0.336,9.93076219467101,21.40910860256909,0,False,3,1,0.0,29,29,2914604,Irecê,NORDESTE,3,1,0.0,0.0,0.0,0.0,False,,0.0,0.0,True,0,0,0
291460,5,interior_proximo_polo,0.336,9.93076219467101,21.40910860256909,0,True,0,0,0.0,29,29,2914604,Irecê,NORDESTE,0,0,0.0,0.0,0.0,0.0,False,,0.0,0.0,True,0,0,0
291460,6,interior_proximo_polo,0.336,9.93076219467101,21.40910860256909,1,False,36,1,0.0,29,29,2914604,Irecê,NORDESTE,39,1,1.0,0.0,1.0,0.0,False,,0.0,0.0,True,3,3,0
291460,7,interior_proximo_polo,0.336,9.93076219467101,21.40910860256909,0,False,11,1,0.0,29,29,2914604,Irecê,NORDESTE,14,1,1.0,0.0,1.0,0.0,False,,0.0,0.0,True,3,3,0
291460,10,interior_proximo_polo,0.336,9.93076219467101,21.40910860256909,0,False,9,1,0.0,29,29,2914604,Irecê,NORDESTE,11,1,1.0,0.0,1.0,0.0,False,,0.0,0.0,True,2,2,0
291460,11,interior_proximo_polo,0.336,9.93076219467101,21.40910860256909,0,False,9,1,0.0,29,29,2914604,Irecê,NORDESTE,11,1,1.0,0.0,1.0,0.0,False,,0.0,0.0,True,2,2,0
291460,12,interior_proximo_polo,0.336,9.93076219467101,21.40910860256909,1,True,3,1,0.0,29,29,2914604,Irecê,NORDESTE,3,1,0.0,0.0,0.0,0.0,False,,0.0,0.0,True,0,0,0
291460,14,interior_proximo_polo,0.336,9.93076219467101,21.40910860256909,1,True,42,1,0.0,29,29,2914604,Irecê,NORDESTE,45,1,0.0,0.0,0.0,0.0,False,,0.0,0.0,True,3,3,0
291470,7,interior_proximo_polo,0.384,9.8685337232726,1.337682960508147,0,False,2,1,0.0,29,29,2914703,Itaberaba,NORDESTE,5,1,2.0,0.0,2.0,0.0,False,,0.0,0.0,True,3,3,0
291470,8,interior_proximo_polo,0.384,9.8685337232726,1.337682960508147,1,False,14,1,0.0,29,29,2914703,Itaberaba,NORDESTE,15,1,1.0,0.0,1.0,0.0,False,,0.0,0.0,True,1,1,0
291470,10,interior_proximo_polo,0.384,9.8685337232726,1.337682960508147,0,False,2,1,0.0,29,29,2914703,Itaberaba,NORDESTE,5,1,2.0,0.0,2.0,0.0,False,,0.0,0.0,True,3,3,0
291470,11,interior_proximo_polo,0.384,9.8685337232726,1.337682960508147,0,False,2,1,0.0,29,29,2914703,Itaberaba,NORDESTE,5,1,2.0,0.0,2.0,0.0,False,,0.0,0.0,True,3,3,0
291470,15,interior_proximo_polo,0.384,9.8685337232726,1.337682960508147,1,True,5,1,0.0,29,29,2914703,Itaberaba,NORDESTE,6,1,0.0,0.0,0.0,0.0,False,,0.0,0.0,True,1,1,0
291480,4,interior_proximo_polo,0.334,11.287153462302326,0.37599167805085915,1,False,8,1,0.0,29,29,2914802,Itabuna,NORDESTE,9,1,0.0,0.0,0.0,0.0,False,,0.0,0.0,True,1,1,0
291480,13,interior_proximo_polo,0.334,11.287153462302326,0.37599167805085915,0,True,2,1,0.0,29,29,2914802,Itabuna,NORDESTE,2,1,0.0,0.0,0.0,0.0,False,,0.0,0.0,True,0,0,0
291750,7,interior_proximo_polo,0.369,9.966744002171144,3.0118125635609796,0,False,7,1,0.0,29,29,2917508,Jacobina,NORDESTE,9,1,0.0,0.0,0.0,0.0,False,,0.0,0.0,True,2,2,0
291750,8,interior_proximo_polo,0.369,9.966744002171144,3.0118125635609796,1,False,18,1,0.0,29,29,2917508,Jacobina,NORDESTE,19,1,0.0,0.0,0.0,0.0,False,,0.0,0.0,True,1,1,0
291750,10,interior_proximo_polo,0.369,9.966744002171144,3.0118125635609796,0,False,6,1,0.0,29,29,2917508,Jacobina,NORDESTE,8,1,0.0,0.0,0.0,0.0,False,,0.0,0.0,True,2,2,0
291750,11,interior_proximo_polo,0.369,9.966744002171144,3.0118125635609796,0,False,6,1,0.0,29,29,2917508,Jacobina,NORDESTE,8,1,0.0,0.0,0.0,0.0,False,,0.0,0.0,True,2,2,0
291800,7,interior_proximo_polo,0.346,10.858248716172861,0.5773672055427252,0,False,16,1,0.0,29,29,2918001,Jequié,NORDESTE,17,1,0.0,0.0,0.0,0.0,False,,0.0,0.0,True,1,1,0
291800,10,interior_proximo_polo,0.346,10.858248716172861,0.5773672055427252,0,False,13,1,0.0,29,29,2918001,Jequié,NORDESTE,13,1,0.0,0.0,0.0,0.0,False,,0.0,0.0,True,0,0,0
291800,11,interior_proximo_polo,0.346,10.858248716172861,0.5773672055427252,0,False,13,1,0.0,29,29,2918001,Jequié,NORDESTE,13,1,0.0,0.0,0.0,0.0,False,,0.0,0.0,True,0,0,0
291840,1,metropolitano,0.368,10.98979106473664,7.902359458927417,1,True,34,1,4.0,29,29,2918407,Juazeiro,NORDESTE,36,1,0.0,0.0,0.0,0.0,False,,1.0,4.0,True,2,2,0
291840,3,metropolitano,0.368,10.98979106473664,7.902359458927417,1,True,2,1,0.0,29,29,2918407,Juazeiro,NORDESTE,2,1,0.0,0.0,0.0,0.0,False,,0.0,0.0,True,0,0,0
291840,4,metropolitano,0.368,10.98979106473664,7.902359458927417,1,False,7,1,0.0,29,29,2918407,Juazeiro,NORDESTE,8,1,0.0,0.0,0.0,0.0,False,,0.0,0.0,True,1,1,0
291840,5,metropolitano,0.368,10.98979106473664,7.902359458927417,0,True,3,1,0.0,29,29,2918407,Juazeiro,NORDESTE,3,1,0.0,0.0,0.0,0.0,False,,0.0,0.0,True,0,0,0
291840,6,metropolitano,0.368,10.98979106473664,7.902359458927417,1,False,71,1,1.0,29,29,2918407,Juazeiro,NORDESTE,72,1,1.0,0.0,1.0,0.0,False,,1.0,1.0,True,1,1,0
291840,8,metropolitano,0.368,10.98979106473664,7.902359458927417,1,False,71,1,1.0,29,29,2918407,Juazeiro,NORDESTE,72,1,1.0,0.0,1.0,0.0,False,,1.0,1.0,True,1,1,0
291840,12,metropolitano,0.368,10.98979106473664,7.902359458927417,0,True,9,1,0.0,29,29,2918407,Juazeiro,NORDESTE,9,1,0.0,0.0,0.0,0.0,False,,0.0,0.0,True,0,0,0
291840,13,metropolitano,0.368,10.98979106473664,7.902359458927417,0,True,2,1,0.0,29,29,2918407,Juazeiro,NORDESTE,2,1,0.0,0.0,0.0,0.0,False,,0.0,0.0,True,0,0,0
291840,14,metropolitano,0.368,10.98979106473664,7.902359458927417,1,True,38,1,0.0,29,29,2918407,Juazeiro,NORDESTE,44,1,0.0,0.0,0.0,0.0,False,,0.0,0.0,True,6,6,0
291840,15,metropolitano,0.368,10.98979106473664,7.902359458927417,1,True,10,1,0.0,29,29,2918407,Juazeiro,NORDESTE,11,1,0.0,0.0,0.0,0.0,False,,0.0,0.0,True,1,1,0
292400,7,interior_proximo_polo,0.355,10.33734573514551,6.1832399097084965,0,False,7,1,0.0,29,29,2924009,Paulo Afonso,NORDESTE,7,1,0.0,0.0,0.0,0.0,False,,0.0,0.0,True,0,0,0
292400,8,interior_proximo_polo,0.355,10.33734573514551,6.1832399097084965,1,False,14,1,0.0,29,29,2924009,Paulo Afonso,NORDESTE,13,1,0.0,0.0,0.0,0.0,False,,0.0,0.0,True,-1,-1,0
292400,10,interior_proximo_polo,0.355,10.33734573514551,6.1832399097084965,0,False,6,1,0.0,29,29,2924009,Paulo Afonso,NORDESTE,6,1,0.0,0.0,0.0,0.0,False,,0.0,0.0,True,0,0,0
292400,11,interior_proximo_polo,0.355,10.33734573514551,6.1832399097084965,0,False,6,1,0.0,29,29,2924009,Paulo Afonso,NORDESTE,6,1,0.0,0.0,0.0,0.0,False,,0.0,0.0,True,0,0,0
292400,14,interior_proximo_polo,0.355,10.33734573514551,6.1832399097084965,1,True,33,1,0.0,29,29,2924009,Paulo Afonso,NORDESTE,35,1,0.0,0.0,0.0,0.0,False,,0.0,0.0,True,2,2,0
292660,7,interior_proximo_polo,0.408,9.23366619727968,6.8392769907181235,0,False,4,1,0.0,29,29,2926608,Ribeira do Pombal,NORDESTE,4,1,0.0,0.0,0.0,0.0,False,,0.0,0.0,True,0,0,0
292660,10,interior_proximo_polo,0.408,9.23366619727968,6.8392769907181235,0,False,3,1,0.0,29,29,2926608,Ribeira do Pombal,NORDESTE,3,1,0.0,0.0,0.0,0.0,False,,0.0,0.0,True,0,0,0
292660,11,interior_proximo_polo,0.408,9.23366619727968,6.8392769907181235,1,False,3,1,0.0,29,29,2926608,Ribeira do Pombal,NORDESTE,3,1,0.0,0.0,0.0,0.0,False,,0.0,0.0,True,0,0,0
292660,15,interior_proximo_polo,0.408,9.23366619727968,6.8392769907181235,1,True,5,1,0.0,29,29,2926608,Ribeira do Pombal,NORDESTE,5,1,0.0,0.0,0.0,0.0,False,,0.0,0.0,True,0,0,0
292810,7,interior_proximo_polo,0.363,8.96482339168508,4.048410466206426,0,False,1,1,0.0,29,29,2928109,Santa Maria da Vitória,,1,1,0.0,0.0,0.0,0.0,False,,0.0,0.0,True,0,0,0
292810,8,interior_proximo_polo,0.363,8.96482339168508,4.048410466206426,0,False,6,1,0.0,29,29,2928109,Santa Maria da Vitória,,8,1,0.0,0.0,0.0,0.0,False,,0.0,0.0,True,2,2,0
292810,11,interior_proximo_polo,0.363,8.96482339168508,4.048410466206426,0,False,1,1,0.0,29,29,2928109,Santa Maria da Vitória,,1,1,0.0,0.0,0.0,0.0,False,,0.0,0.0,True,0,0,0
292870,3,interior_proximo_polo,0.306,10.367441670330306,13.12645412815192,1,True,4,1,0.0,29,29,2928703,Santo Antônio de Jesus,NORTE,4,1,0.0,0.0,0.0,0.0,False,,0.0,0.0,True,0,0,0
292870,4,interior_proximo_polo,0.306,10.367441670330306,13.12645412815192,0,False,5,1,0.0,29,29,2928703,Santo Antônio de Jesus,NORTE,5,1,0.0,0.0,0.0,0.0,False,,0.0,0.0,True,0,0,0
292870,5,interior_proximo_polo,0.306,10.367441670330306,13.12645412815192,0,True,0,0,0.0,29,29,2928703,Santo Antônio de Jesus,NORTE,0,0,0.0,0.0,0.0,0.0,False,,0.0,0.0,True,0,0,0
292870,6,interior_proximo_polo,0.306,10.367441670330306,13.12645412815192,1,False,45,1,1.0,29,29,2928703,Santo Antônio de Jesus,NORTE,44,1,0.0,0.0,0.0,0.0,False,,1.0,1.0,True,-1,-1,0
292870,7,interior_proximo_polo,0.306,10.367441670330306,13.12645412815192,0,False,17,1,0.0,29,29,2928703,Santo Antônio de Jesus,NORTE,21,1,1.0,0.0,1.0,0.0,False,,0.0,0.0,True,4,4,0
292870,10,interior_proximo_polo,0.306,10.367441670330306,13.12645412815192,0,False,12,1,0.0,29,29,2928703,Santo Antônio de Jesus,NORTE,16,1,1.0,0.0,1.0,0.0,False,,0.0,0.0,True,4,4,0
292870,11,interior_proximo_polo,0.306,10.367441670330306,13.12645412815192,0,False,12,1,0.0,29,29,2928703,Santo Antônio de Jesus,NORTE,16,1,1.0,0.0,1.0,0.0,False,,0.0,0.0,True,4,4,0
292870,12,interior_proximo_polo,0.306,10.367441670330306,13.12645412815192,1,True,8,1,0.0,29,29,2928703,Santo Antônio de Jesus,NORTE,9,1,0.0,0.0,0.0,0.0,False,,0.0,0.0,True,1,1,0
292870,13,interior_proximo_polo,0.306,10.367441670330306,13.12645412815192,0,True,0,0,0.0,29,29,2928703,Santo Antônio de Jesus,NORTE,0,0,0.0,0.0,0.0,0.0,False,,0.0,0.0,True,0,0,0
293010,7,interior_proximo_polo,0.348,9.934016757570951,2.9099374363451185,0,False,7,1,0.0,29,29,2930105,Senhor do Bonfim,NORDESTE,8,1,0.0,0.0,0.0,0.0,False,,0.0,0.0,True,1,1,0
293010,8,interior_proximo_polo,0.348,9.934016757570951,2.9099374363451185,1,False,21,1,0.0,29,29,2930105,Senhor do Bonfim,NORDESTE,21,1,1.0,0.0,1.0,0.0,False,,0.0,0.0,True,0,0,0
293010,10,interior_proximo_polo,0.348,9.934016757570951,2.9099374363451185,0,False,5,1,0.0,29,29,2930105,Senhor do Bonfim,NORDESTE,6,1,0.0,0.0,0.0,0.0,False,,0.0,0.0,True,1,1,0
293010,11,interior_proximo_polo,0.348,9.934016757570951,2.9099374363451185,0,False,5,1,0.0,29,29,2930105,Senhor do Bonfim,NORDESTE,6,1,0.0,0.0,0.0,0.0,False,,0.0,0.0,True,1,1,0
293050,7,interior_proximo_polo,0.367,9.813945703874634,6.562397462539648,1,False,11,1,0.0,29,29,2930501,Serrinha,NORDESTE,16,1,2.0,1.0,1.0,0.0,False,,0.0,0.0,True,5,5,0
293050,10,interior_proximo_polo,0.367,9.813945703874634,6.562397462539648,1,False,9,1,0.0,29,29,2930501,Serrinha,NORDESTE,14,1,2.0,1.0,1.0,0.0,False,,0.0,0.0,True,5,5,0
293050,11,interior_proximo_polo,0.367,9.813945703874634,6.562397462539648,0,False,9,1,0.0,29,29,2930501,Serrinha,NORDESTE,14,1,2.0,1.0,1.0,0.0,False,,0.0,0.0,True,5,5,0
293135,3,interior_proximo_polo,0.383,10.709874128702584,5.376344086021505,0,True,3,1,0.0,29,29,2931350,Teixeira de Freitas,NORDESTE,3,1,0.0,0.0,0.0,0.0,False,,0.0,0.0,True,0,0,0
293135,4,interior_proximo_polo,0.383,10.709874128702584,5.376344086021505,0,False,3,1,0.0,29,29,2931350,Teixeira de Freitas,NORDESTE,3,1,0.0,0.0,0.0,0.0,False,,0.0,0.0,True,0,0,0
293135,5,interior_proximo_polo,0.383,10.709874128702584,5.376344086021505,0,True,1,1,0.0,29,29,2931350,Teixeira de Freitas,NORDESTE,1,1,0.0,0.0,0.0,0.0,False,,0.0,0.0,True,0,0,0
293135,6,interior_proximo_polo,0.383,10.709874128702584,5.376344086021505,1,False,32,1,0.0,29,29,2931350,Teixeira de Freitas,NORDESTE,33,1,0.0,0.0,0.0,0.0,False,,0.0,0.0,True,1,1,0
293135,11,interior_proximo_polo,0.383,10.709874128702584,5.376344086021505,0,False,13,1,0.0,29,29,2931350,Teixeira de Freitas,NORDESTE,12,1,0.0,0.0,0.0,0.0,False,,0.0,0.0,True,-1,-1,0
293135,12,interior_proximo_polo,0.383,10.709874128702584,5.376344086021505,0,True,10,1,0.0,29,29,2931350,Teixeira de Freitas,NORDESTE,5,1,0.0,0.0,0.0,0.0,False,,0.0,0.0,True,-5,-5,0
293135,13,interior_proximo_polo,0.383,10.709874128702584,5.376344086021505,1,True,1,1,0.0,29,29,2931350,Teixeira de Freitas,NORDESTE,2,1,0.0,0.0,0.0,0.0,False,,0.0,0.0,True,1,1,0
293135,14,interior_proximo_polo,0.383,10.709874128702584,5.376344086021505,0,True,34,1,0.0,29,29,2931350,Teixeira de Freitas,NORDESTE,35,1,0.0,0.0,0.0,0.0,False,,0.0,0.0,True,1,1,0
293290,7,interior_proximo_polo,0.358,10.20181278508639,4.6071265135492805,0,False,7,1,2.0,29,29,2932903,Valença,NORDESTE,7,1,0.0,0.0,0.0,0.0,False,,2.0,2.0,True,0,0,0
293290,10,interior_proximo_polo,0.358,10.20181278508639,4.6071265135492805,1,False,6,1,2.0,29,29,2932903,Valença,NORDESTE,6,1,0.0,0.0,0.0,0.0,False,,2.0,2.0,True,0,0,0
293290,11,interior_proximo_polo,0.358,10.20181278508639,4.6071265135492805,1,False,6,1,2.0,29,29,2932903,Valença,NORDESTE,6,1,0.0,0.0,0.0,0.0,False,,2.0,2.0,True,0,0,0
293290,14,interior_proximo_polo,0.358,10.20181278508639,4.6071265135492805,1,True,21,1,1.0,29,29,2932903,Valença,NORDESTE,21,1,0.0,0.0,0.0,0.0,False,,1.0,1.0,True,0,0,0
293290,15,interior_proximo_polo,0.358,10.20181278508639,4.6071265135492805,1,False,3,1,0.0,29,29,2932903,Valença,NORDESTE,4,1,0.0,0.0,0.0,0.0,False,,0.0,0.0,True,1,1,0
293330,3,interior_proximo_polo,0.328,11.428717427676796,4.677828182282998,0,True,8,1,0.0,29,29,2933307,Vitória da Conquista,NORDESTE,8,1,0.0,0.0,0.0,0.0,False,,0.0,0.0,True,0,0,0
293330,4,interior_proximo_polo,0.328,11.428717427676796,4.677828182282998,1,False,15,1,0.0,29,29,2933307,Vitória da Conquista,NORDESTE,16,1,0.0,1.0,-1.0,0.0,False,,0.0,0.0,True,1,1,0
293330,5,interior_proximo_polo,0.328,11.428717427676796,4.677828182282998,1,True,6,1,0.0,29,29,2933307,Vitória da Conquista,NORDESTE,7,1,0.0,0.0,0.0,0.0,False,,0.0,0.0,True,1,1,0
293330,6,interior_proximo_polo,0.328,11.428717427676796,4.677828182282998,1,False,112,1,0.0,29,29,2933307,Vitória da Conquista,NORDESTE,113,1,0.0,2.0,-2.0,0.0,False,,0.0,0.0,True,1,1,0
293330,7,interior_proximo_polo,0.328,11.428717427676796,4.677828182282998,1,False,56,1,0.0,29,29,2933307,Vitória da Conquista,NORDESTE,64,1,1.0,1.0,0.0,0.0,False,,0.0,0.0,True,8,8,0
293330,10,interior_proximo_polo,0.328,11.428717427676796,4.677828182282998,0,False,42,1,0.0,29,29,2933307,Vitória da Conquista,NORDESTE,50,1,1.0,0.0,1.0,0.0,False,,0.0,0.0,True,8,8,0
293330,11,interior_proximo_polo,0.328,11.428717427676796,4.677828182282998,1,False,42,1,0.0,29,29,2933307,Vitória da Conquista,NORDESTE,50,1,1.0,0.0,1.0,0.0,False,,0.0,0.0,True,8,8,0
293330,13,interior_proximo_polo,0.328,11.428717427676796,4.677828182282998,0,True,9,1,0.0,29,29,2933307,Vitória da Conquista,NORDESTE,12,1,0.0,1.0,-1.0,0.0,False,,0.0,0.0,True,3,3,0
293330,16,interior_proximo_polo,0.328,11.428717427676796,4.677828182282998,0,True,12,1,0.0,29,29,2933307,Vitória da Conquista,NORDESTE,8,1,0.0,0.0,0.0,0.0,False,,0.0,0.0,True,-4,-4,0
310030,1,interior_remoto,0.323,7.640603826393634,36.858974358974365,0,True,4,1,0.0,31,31,3100302,Abre Campo,,6,1,0.0,0.0,0.0,0.0,False,,0.0,0.0,True,2,2,0
310030,2,interior_remoto,0.323,7.640603826393634,36.858974358974365,0,True,5,1,1.0,31,31,3100302,Abre Campo,,5,1,1.0,0.0,1.0,0.0,False,,1.0,1.0,True,0,0,0
310090,1,interior_proximo_polo,0.43,8.525161361065415,11.907124429450288,0,True,1,1,0.0,31,31,3100906,Águas Formosas,SUDESTE,1,1,0.0,0.0,0.0,0.0,False,,0.0,0.0,True,0,0,0
310090,2,interior_proximo_polo,0.43,8.525161361065415,11.907124429450288,0,True,2,1,1.0,31,31,3100906,Águas Formosas,SUDESTE,3,1,0.0,0.0,0.0,0.0,False,,1.0,1.0,True,1,1,0
310090,7,interior_proximo_polo,0.43,8.525161361065415,11.907124429450288,0,False,2,1,0.0,31,31,3100906,Águas Formosas,SUDESTE,3,1,0.0,0.0,0.0,0.0,False,,0.0,0.0,True,1,1,0
310090,8,interior_proximo_polo,0.43,8.525161361065415,11.907124429450288,1,False,5,1,0.0,31,31,3100906,Águas Formosas,SUDESTE,6,1,0.0,0.0,0.0,0.0,False,,0.0,0.0,True,1,1,0
310090,9,interior_proximo_polo,0.43,8.525161361065415,11.907124429450288,0,True,5,1,0.0,31,31,3100906,Águas Formosas,SUDESTE,5,1,0.0,0.0,0.0,0.0,False,,0.0,0.0,True,0,0,0
310090,10,interior_proximo_polo,0.43,8.525161361065415,11.907124429450288,0,False,2,1,0.0,31,31,3100906,Águas Formosas,SUDESTE,3,1,0.0,0.0,0.0,0.0,False,,0.0,0.0,True,1,1,0
310090,11,interior_proximo_polo,0.43,8.525161361065415,11.907124429450288,0,False,2,1,0.0,31,31,3100906,Águas Formosas,SUDESTE,3,1,0.0,0.0,0.0,0.0,False,,0.0,0.0,True,1,1,0
310090,14,interior_proximo_polo,0.43,8.525161361065415,11.907124429450288,0,True,3,1,0.0,31,31,3100906,Águas Formosas,SUDESTE,7,1,0.0,0.0,0.0,0.0,False,,0.0,0.0,True,4,4,0
310090,15,interior_proximo_polo,0.43,8.525161361065415,11.907124429450288,0,True,1,1,0.0,31,31,3100906,Águas Formosas,SUDESTE,1,1,0.0,0.0,0.0,0.0,False,,0.0,0.0,True,0,0,0
310150,7,interior_proximo_polo,0.322,9.051813463747946,2.3438415563107937,0,False,4,1,0.0,31,31,3101508,Além Paraíba,SUDESTE,4,1,0.0,0.0,0.0,0.0,False,,0.0,0.0,True,0,0,0
310150,8,interior_proximo_polo,0.322,9.051813463747946,2.3438415563107937,1,False,6,1,0.0,31,31,3101508,Além Paraíba,SUDESTE,6,1,0.0,0.0,0.0,0.0,False,,0.0,0.0,True,0,0,0
310150,10,interior_proximo_polo,0.322,9.051813463747946,2.3438415563107937,0,False,4,1,0.0,31,31,3101508,Além Paraíba,SUDESTE,4,1,0.0,0.0,0.0,0.0,False,,0.0,0.0,True,0,0,0
310150,11,interior_proximo_polo,0.322,9.051813463747946,2.3438415563107937,0,False,4,1,0.0,31,31,3101508,Além Paraíba,SUDESTE,4,1,0.0,0.0,0.0,0.0,False,,0.0,0.0,True,0,0,0
310150,14,interior_proximo_polo,0.322,9.051813463747946,2.3438415563107937,1,True,4,1,0.0,31,31,3101508,Além Paraíba,SUDESTE,5,1,0.0,0.0,0.0,0.0,False,,0.0,0.0,True,1,1,0
310160,5,interior_proximo_polo,0.317,9.322775801305971,19.438734471355797,0,True,3,1,0.0,31,31,3101607,Alfenas,,3,1,0.0,0.0,0.0,0.0,False,,0.0,0.0,True,0,0,0
310160,7,interior_proximo_polo,0.317,9.322775801305971,19.438734471355797,0,False,12,1,0.0,31,31,3101607,Alfenas,,14,1,1.0,0.0,1.0,0.0,False,,0.0,0.0,True,2,2,0
310160,10,interior_proximo_polo,0.317,9.322775801305971,19.438734471355797,0,False,9,1,0.0,31,31,3101607,Alfenas,,11,1,1.0,0.0,1.0,0.0,False,,0.0,0.0,True,2,2,0
310160,11,interior_proximo_polo,0.317,9.322775801305971,19.438734471355797,0,False,9,1,0.0,31,31,3101607,Alfenas,,11,1,1.0,0.0,1.0,0.0,False,,0.0,0.0,True,2,2,0
310160,12,interior_proximo_polo,0.317,9.322775801305971,19.438734471355797,1,True,5,1,0.0,31,31,3101607,Alfenas,,5,1,0.0,0.0,0.0,0.0,False,,0.0,0.0,True,0,0,0
310160,16,interior_proximo_polo,0.317,9.322775801305971,19.438734471355797,0,True,9,1,0.0,31,31,3101607,Alfenas,,8,1,0.0,0.0,0.0,0.0,False,,0.0,0.0,True,-1,-1,0
310400,7,interior_proximo_polo,0.264,9.720585827477107,5.403458213256484,0,False,8,1,0.0,31,31,3104007,Araxá,SUDESTE,10,1,0.0,0.0,0.0,0.0,False,,0.0,0.0,True,2,2,0
310400,10,interior_proximo_polo,0.264,9.720585827477107,5.403458213256484,0,False,7,1,0.0,31,31,3104007,Araxá,SUDESTE,9,1,0.0,0.0,0.0,0.0,False,,0.0,0.0,True,2,2,0
310400,11,interior_proximo_polo,0.264,9.720585827477107,5.403458213256484,0,False,7,1,0.0,31,31,3104007,Araxá,SUDESTE,9,1,0.0,0.0,0.0,0.0,False,,0.0,0.0,True,2,2,0
310470,8,interior_remoto,0.381,7.9617188159813645,10.460251046025105,0,False,3,1,0.0,31,31,3104700,Ataléia,,3,1,0.0,0.0,0.0,0.0,False,,0.0,0.0,True,0,0,0
310470,14,interior_remoto,0.381,7.9617188159813645,10.460251046025105,0,True,3,1,0.0,31,31,3104700,Ataléia,,3,1,0.0,0.0,0.0,0.0,False,,0.0,0.0,True,0,0,0
310560,11,interior_proximo_polo,0.327,10.003151875649074,1.3200573282039678,0,False,16,1,0.0,31,31,3105608,Barbacena,SUDESTE,17,1,0.0,0.0,0.0,0.0,False,,0.0,0.0,True,1,1,0
310670,7,metropolitano,0.355,11.723299836206218,3.7678364515893787,0,False,156,1,4.0,31,31,3106705,Betim,SUDESTE,157,1,0.0,4.0,-4.0,0.0,False,,4.0,4.0,True,1,1,0
310670,10,metropolitano,0.355,11.723299836206218,3.7678364515893787,0,False,92,1,1.0,31,31,3106705,Betim,SUDESTE,93,1,0.0,3.0,-3.0,0.0,False,,1.0,1.0,True,1,1,0
310670,11,metropolitano,0.355,11.723299836206218,3.7678364515893787,0,False,92,1,1.0,31,31,3106705,Betim,SUDESTE,93,1,0.0,3.0,-3.0,0.0,False,,1.0,1.0,True,1,1,0
310670,16,metropolitano,0.355,11.723299836206218,3.7678364515893787,0,True,14,1,0.0,31,31,3106705,Betim,SUDESTE,16,1,3.0,0.0,3.0,0.0,False,,0.0,0.0,True,2,2,0
310730,1,interior_proximo_polo,0.283,9.497847429113676,14.441110277569393,1,True,6,1,0.0,31,31,3107307,Bocaiúva,SUDESTE,6,1,0.0,0.0,0.0,0.0,False,,0.0,0.0,True,0,0,0
310730,7,interior_proximo_polo,0.283,9.497847429113676,14.441110277569393,0,False,7,1,0.0,31,31,3107307,Bocaiúva,SUDESTE,10,1,0.0,0.0,0.0,0.0,False,,0.0,0.0,True,3,3,0
310730,8,interior_proximo_polo,0.283,9.497847429113676,14.441110277569393,1,False,14,1,0.0,31,31,3107307,Bocaiúva,SUDESTE,16,1,0.0,0.0,0.0,0.0,False,,0.0,0.0,True,2,2,0
310730,9,interior_proximo_polo,0.283,9.497847429113676,14.441110277569393,0,True,9,1,0.0,31,31,3107307,Bocaiúva,SUDESTE,11,1,0.0,0.0,0.0,0.0,False,,0.0,0.0,True,2,2,0
310730,10,interior_proximo_polo,0.283,9.497847429113676,14.441110277569393,0,False,6,1,0.0,31,31,3107307,Bocaiúva,SUDESTE,9,1,0.0,0.0,0.0,0.0,False,,0.0,0.0,True,3,3,0
310730,11,interior_proximo_polo,0.283,9.497847429113676,14.441110277569393,1,False,6,1,0.0,31,31,3107307,Bocaiúva,SUDESTE,9,1,0.0,0.0,0.0,0.0,False,,0.0,0.0,True,3,3,0
310730,14,interior_proximo_polo,0.283,9.497847429113676,14.441110277569393,1,True,5,1,0.0,31,31,3107307,Bocaiúva,SUDESTE,10,1,1.0,0.0,1.0,0.0,False,,0.0,0.0,True,5,5,0
310730,15,interior_proximo_polo,0.283,9.497847429113676,14.441110277569393,1,True,3,1,0.0,31,31,3107307,Bocaiúva,SUDESTE,4,1,0.0,0.0,0.0,0.0,False,,0.0,0.0,True,1,1,0
310740,7,interior_proximo_polo,0.217,9.11866358340428,3.288391976323578,0,False,4,1,0.0,31,31,3107406,Bom Despacho,,6,1,0.0,0.0,0.0,0.0,False,,0.0,0.0,True,2,2,0
310740,10,interior_proximo_polo,0.217,9.11866358340428,3.288391976323578,0,False,4,1,0.0,31,31,3107406,Bom Despacho,,6,1,0.0,0.0,0.0,0.0,False,,0.0,0.0,True,2,2,0
310740,11,interior_proximo_polo,0.217,9.11866358340428,3.288391976323578,0,False,4,1,0.0,31,31,3107406,Bom Despacho,,6,1,0.0,0.0,0.0,0.0,False,,0.0,0.0,True,2,2,0
311050,1,interior_remoto,0.252,7.717796211013582,4.450378282153983,0,True,1,1,0.0,31,31,3110509,Camanducaia,,1,1,0.0,0.0,0.0,0.0,False,,0.0,0.0,True,0,0,0
311230,1,interior_proximo_polo,0.329,9.106756055719613,8.411906082455168,1,True,3,1,0.0,31,31,3112307,Capelinha,SUDESTE,3,1,0.0,0.0,0.0,0.0,False,,0.0,0.0,True,0,0,0
311230,2,interior_proximo_polo,0.329,9.106756055719613,8.411906082455168,0,True,4,1,0.0,31,31,3112307,Capelinha,SUDESTE,5,1,1.0,0.0,1.0,0.0,False,,0.0,0.0,True,1,1,0
311230,14,interior_proximo_polo,0.329,9.106756055719613,8.411906082455168,1,True,11,1,0.0,31,31,3112307,Capelinha,SUDESTE,13,1,0.0,0.0,0.0,0.0,False,,0.0,0.0,True,2,2,0
311340,1,interior_proximo_polo,0.286,9.901034546375062,25.31328320802005,0,True,11,1,0.0,31,31,3113404,Caratinga,SUDESTE,19,1,0.0,0.0,0.0,0.0,False,,0.0,0.0,True,8,8,0
311340,2,interior_proximo_polo,0.286,9.901034546375062,25.31328320802005,0,True,15,1,0.0,31,31,3113404,Caratinga,SUDESTE,16,1,0.0,0.0,0.0,0.0,False,,0.0,0.0,True,1,1,0
311340,7,interior_proximo_polo,0.286,9.901034546375062,25.31328320802005,0,False,8,1,0.0,31,31,3113404,Caratinga,SUDESTE,8,1,0.0,0.0,0.0,0.0,False,,0.0,0.0,True,0,0,0
311340,8,interior_proximo_polo,0.286,9.901034546375062,25.31328320802005,1,False,26,1,1.0,31,31,3113404,Caratinga,SUDESTE,28,1,0.0,0.0,0.0,0.0,False,,1.0,1.0,True,2,2,0
311340,9,interior_proximo_polo,0.286,9.901034546375062,25.31328320802005,1,True,17,1,0.0,31,31,3113404,Caratinga,SUDESTE,18,1,1.0,0.0,1.0,0.0,False,,0.0,0.0,True,1,1,0
311340,10,interior_proximo_polo,0.286,9.901034546375062,25.31328320802005,0,False,8,1,0.0,31,31,3113404,Caratinga,SUDESTE,8,1,0.0,0.0,0.0,0.0,False,,0.0,0.0,True,0,0,0
311340,11,interior_proximo_polo,0.286,9.901034546375062,25.31328320802005,0,False,8,1,0.0,31,31,3113404,Caratinga,SUDESTE,8,1,0.0,0.0,0.0,0.0,False,,0.0,0.0,True,0,0,0
311340,14,interior_proximo_polo,0.286,9.901034546375062,25.31328320802005,0,True,19,1,0.0,31,31,3113404,Caratinga,SUDESTE,19,1,0.0,0.0,0.0,0.0,False,,0.0,0.0,True,0,0,0
311340,15,interior_proximo_polo,0.286,9.901034546375062,25.31328320802005,1,True,6,1,0.0,31,31,3113404,Caratinga,SUDESTE,9,1,1.0,0.0,1.0,0.0,False,,0.0,0.0,True,3,3,0
311430,1,interior_remoto,0.286,8.361941906144946,11.098130841121495,0,True,6,1,0.0,31,31,3114303,Carmo do Paranaíba,,6,1,0.0,0.0,0.0,0.0,False,,0.0,0.0,True,0,0,0
311430,2,interior_remoto,0.286,8.361941906144946,11.098130841121495,0,True,9,1,0.0,31,31,3114303,Carmo do Paranaíba,,9,1,0.0,0.0,0.0,0.0,False,,0.0,0.0,True,0,0,0
311430,8,interior_remoto,0.286,8.361941906144946,11.098130841121495,0,False,9,1,0.0,31,31,3114303,Carmo do Paranaíba,,10,1,0.0,0.0,0.0,0.0,False,,0.0,0.0,True,1,1,0
311430,14,interior_remoto,0.286,8.361941906144946,11.098130841121495,0,True,2,1,0.0,31,31,3114303,Carmo do Paranaíba,,5,1,0.0,0.0,0.0,0.0,False,,0.0,0.0,True,3,3,0
311800,11,interior_proximo_polo,0.252,9.617271072245957,1.608858708918625,0,False,6,1,0.0,31,31,3118007,Congonhas,SUDESTE,7,1,0.0,0.0,0.0,0.0,False,,0.0,0.0,True,1,1,0
311830,1,interior_proximo_polo,0.278,10.252593926974908,3.232821959677893,0,True,15,1,0.0,31,31,3118304,Conselheiro Lafaiete,SUDESTE,16,1,0.0,0.0,0.0,0.0,False,,0.0,0.0,True,1,1,0
311830,7,interior_proximo_polo,0.278,10.252593926974908,3.232821959677893,0,False,14,1,0.0,31,31,3118304,Conselheiro Lafaiete,SUDESTE,15,1,0.0,0.0,0.0,0.0,False,,0.0,0.0,True,1,1,0
311830,10,interior_proximo_polo,0.278,10.252593926974908,3.232821959677893,0,False,12,1,0.0,31,31,3118304,Conselheiro Lafaiete,SUDESTE,13,1,0.0,0.0,0.0,0.0,False,,0.0,0.0,True,1,1,0
311830,11,interior_proximo_polo,0.278,10.252593926974908,3.232821959677893,0,False,12,1,0.0,31,31,3118304,Conselheiro Lafaiete,SUDESTE,13,1,0.0,0.0,0.0,0.0,False,,0.0,0.0,True,1,1,0
311940,7,metropolitano,0.267,10.376486690761663,2.4926000934725034,0,False,9,1,0.0,31,31,3119401,Coronel Fabriciano,SUDESTE,10,1,0.0,0.0,0.0,0.0,False,,0.0,0.0,True,1,1,0
311940,8,metropolitano,0.267,10.376486690761663,2.4926000934725034,1,False,24,1,1.0,31,31,3119401,Coronel Fabriciano,SUDESTE,28,1,0.0,1.0,-1.0,0.0,False,,1.0,1.0,True,4,4,0
311940,10,metropolitano,0.267,10.376486690761663,2.4926000934725034,0,False,6,1,0.0,31,31,3119401,Coronel Fabriciano,SUDESTE,7,1,0.0,0.0,0.0,0.0,False,,0.0,0.0,True,1,1,0
311940,11,metropolitano,0.267,10.376486690761663,2.4926000934725034,0,False,6,1,0.0,31,31,3119401,Coronel Fabriciano,SUDESTE,7,1,0.0,0.0,0.0,0.0,False,,0.0,0.0,True,1,1,0
311940,14,metropolitano,0.267,10.376486690761663,2.4926000934725034,0,True,29,1,0.0,31,31,3119401,Coronel Fabriciano,SUDESTE,26,1,0.0,0.0,0.0,0.0,False,,0.0,0.0,True,-3,-3,0
312160,1,interior_proximo_polo,0.281,9.608042089466514,23.1808103204999,1,True,20,1,0.0,31,31,3121605,Diamantina,SUDESTE,20,1,1.0,0.0,1.0,0.0,False,,0.0,0.0,True,0,0,0
312160,7,interior_proximo_polo,0.281,9.608042089466514,23.1808103204999,0,False,7,1,0.0,31,31,3121605,Diamantina,SUDESTE,8,1,0.0,0.0,0.0,0.0,False,,0.0,0.0,True,1,1,0
312160,10,interior_proximo_polo,0.281,9.608042089466514,23.1808103204999,0,False,6,1,0.0,31,31,3121605,Diamantina,SUDESTE,6,1,0.0,0.0,0.0,0.0,False,,0.0,0.0,True,0,0,0
312160,11,interior_proximo_polo,0.281,9.608042089466514,23.1808103204999,0,False,6,1,0.0,31,31,3121605,Diamantina,SUDESTE,6,1,0.0,0.0,0.0,0.0,False,,0.0,0.0,True,0,0,0
312160,15,interior_proximo_polo,0.281,9.608042089466514,23.1808103204999,0,True,5,1,0.0,31,31,3121605,Diamantina,SUDESTE,5,1,0.0,0.0,0.0,0.0,False,,0.0,0.0,True,0,0,0
312200,8,interior_proximo_polo,0.439,7.7886260656250315,11.746821448313986,0,False,5,1,0.0,31,31,3122009,Divino,,5,1,0.0,0.0,0.0,0.0,False,,0.0,0.0,True,0,0,0
312200,14,interior_proximo_polo,0.439,7.7886260656250315,11.746821448313986,0,True,2,1,0.0,31,31,3122009,Divino,,1,1,0.0,0.0,0.0,0.0,False,,0.0,0.0,True,-1,-1,0
312430,1,interior_remoto,0.448,8.713417653379183,9.452572743711984,0,True,2,1,0.0,31,31,3124302,Espinosa,SUDESTE,3,1,0.0,0.0,0.0,0.0,False,,0.0,0.0,True,1,1,0
312430,2,interior_remoto,0.448,8.713417653379183,9.452572743711984,0,True,2,1,0.0,31,31,3124302,Espinosa,SUDESTE,3,1,1.0,0.0,1.0,0.0,False,,0.0,0.0,True,1,1,0
312430,8,interior_remoto,0.448,8.713417653379183,9.452572743711984,1,False,5,1,0.0,31,31,3124302,Espinosa,SUDESTE,5,1,0.0,0.0,0.0,0.0,False,,0.0,0.0,True,0,0,0
312430,14,interior_remoto,0.448,8.713417653379183,9.452572743711984,0,True,5,1,0.0,31,31,3124302,Espinosa,SUDESTE,7,1,0.0,0.0,0.0,0.0,False,,0.0,0.0,True,2,2,0
312670,1,interior_remoto,0.38,8.585599224080298,15.4119185503456,1,True,2,1,1.0,31,31,3126703,Francisco Sá,SUDESTE,5,1,0.0,0.0,0.0,0.0,False,,1.0,1.0,True,3,3,0
312670,7,interior_remoto,0.38,8.585599224080298,15.4119185503456,0,False,2,1,0.0,31,31,3126703,Francisco Sá,SUDESTE,3,1,0.0,0.0,0.0,0.0,False,,0.0,0.0,True,1,1,0
312670,8,interior_remoto,0.38,8.585599224080298,15.4119185503456,1,False,7,1,0.0,31,31,3126703,Francisco Sá,SUDESTE,10,1,0.0,0.0,0.0,0.0,False,,0.0,0.0,True,3,3,0
312670,9,interior_remoto,0.38,8.585599224080298,15.4119185503456,0,True,2,1,0.0,31,31,3126703,Francisco Sá,SUDESTE,3,1,0.0,0.0,0.0,0.0,False,,0.0,0.0,True,1,1,0
312670,10,interior_remoto,0.38,8.585599224080298,15.4119185503456,0,False,2,1,0.0,31,31,3126703,Francisco Sá,SUDESTE,3,1,0.0,0.0,0.0,0.0,False,,0.0,0.0,True,1,1,0
312670,11,interior_remoto,0.38,8.585599224080298,15.4119185503456,0,False,2,1,0.0,31,31,3126703,Francisco Sá,SUDESTE,3,1,0.0,0.0,0.0,0.0,False,,0.0,0.0,True,1,1,0
312670,14,interior_remoto,0.38,8.585599224080298,15.4119185503456,0,True,5,1,0.0,31,31,3126703,Francisco Sá,SUDESTE,7,1,0.0,0.0,0.0,0.0,False,,0.0,0.0,True,2,2,0
312670,15,interior_remoto,0.38,8.585599224080298,15.4119185503456,1,True,2,1,1.0,31,31,3126703,Francisco Sá,SUDESTE,4,1,0.0,0.0,0.0,0.0,False,,1.0,1.0,True,2,2,0
312800,7,interior_proximo_polo,0.32,9.100860271357362,9.763445659451016,0,False,8,1,0.0,31,31,3128006,Guanhães,,10,1,0.0,0.0,0.0,0.0,False,,0.0,0.0,True,2,2,0
312800,9,interior_proximo_polo,0.32,9.100860271357362,9.763445659451016,1,True,10,1,0.0,31,31,3128006,Guanhães,,11,1,1.0,0.0,1.0,0.0,False,,0.0,0.0,True,1,1,0
312800,10,interior_proximo_polo,0.32,9.100860271357362,9.763445659451016,0,False,7,1,0.0,31,31,3128006,Guanhães,,8,1,0.0,0.0,0.0,0.0,False,,0.0,0.0,True,1,1,0
312800,11,interior_proximo_polo,0.32,9.100860271357362,9.763445659451016,0,False,7,1,0.0,31,31,3128006,Guanhães,,8,1,0.0,0.0,0.0,0.0,False,,0.0,0.0,True,1,1,0
312870,7,interior_proximo_polo,0.273,8.722580021141189,4.886789379377749,0,False,6,1,0.0,31,31,3128709,Guaxupé,SUDESTE,7,1,0.0,0.0,0.0,0.0,False,,0.0,0.0,True,1,1,0
312870,10,interior_proximo_polo,0.273,8.722580021141189,4.886789379377749,0,False,6,1,0.0,31,31,3128709,Guaxupé,SUDESTE,7,1,0.0,0.0,0.0,0.0,False,,0.0,0.0,True,1,1,0
312870,11,interior_proximo_polo,0.273,8.722580021141189,4.886789379377749,0,False,6,1,0.0,31,31,3128709,Guaxupé,SUDESTE,7,1,0.0,0.0,0.0,0.0,False,,0.0,0.0,True,1,1,0
312950,14,interior_remoto,0.196,8.284756593190435,0.0,0,True,2,1,0.0,31,31,3129509,Ibiá,,2,1,0.0,0.0,0.0,0.0,False,,0.0,0.0,True,0,0,0
313120,8,interior_proximo_polo,0.356,8.25582842728183,7.79423226812159,1,False,5,1,0.0,31,31,3131208,Ipanema,SUDESTE,4,1,0.0,0.0,0.0,0.0,False,,0.0,0.0,True,-1,-1,0
313120,14,interior_proximo_polo,0.356,8.25582842728183,7.79423226812159,0,True,3,1,0.0,31,31,3131208,Ipanema,SUDESTE,3,1,0.0,0.0,0.0,0.0,False,,0.0,0.0,True,0,0,0
313250,1,interior_proximo_polo,0.355,8.845201135339584,8.765609990393852,0,True,5,1,0.0,31,31,3132503,Itamarandiba,SUDESTE,5,1,0.0,0.0,0.0,0.0,False,,0.0,0.0,True,0,0,0
313270,8,interior_remoto,0.361,8.744009988096744,3.188775510204082,0,False,3,1,0.0,31,31,3132701,Itambacuri,,4,1,0.0,0.0,0.0,0.0,False,,0.0,0.0,True,1,1,0
313270,9,interior_remoto,0.361,8.744009988096744,3.188775510204082,0,True,2,1,0.0,31,31,3132701,Itambacuri,,2,1,0.0,0.0,0.0,0.0,False,,0.0,0.0,True,0,0,0
313270,14,interior_remoto,0.361,8.744009988096744,3.188775510204082,0,True,2,1,0.0,31,31,3132701,Itambacuri,,3,1,0.0,0.0,0.0,0.0,False,,0.0,0.0,True,1,1,0
313380,1,interior_proximo_polo,0.195,9.68942761995496,6.761639310416021,0,True,8,1,0.0,31,31,3133808,Itaúna,SUDESTE,8,1,0.0,0.0,0.0,0.0,False,,0.0,0.0,True,0,0,0
313380,8,interior_proximo_polo,0.195,9.68942761995496,6.761639310416021,0,False,26,1,0.0,31,31,3133808,Itaúna,SUDESTE,36,1,0.0,0.0,0.0,0.0,False,,0.0,0.0,True,10,10,0
313380,14,interior_proximo_polo,0.195,9.68942761995496,6.761639310416021,1,True,21,1,0.0,31,31,3133808,Itaúna,SUDESTE,29,1,3.0,0.0,3.0,0.0,False,,0.0,0.0,True,8,8,0
313520,7,interior_proximo_polo,0.375,9.65265158120501,2.5703637064644647,1,False,5,1,0.0,31,31,3135209,Januária,SUDESTE,4,1,0.0,0.0,0.0,0.0,False,,0.0,0.0,True,-1,-1,0
313520,8,interior_proximo_polo,0.375,9.65265158120501,2.5703637064644647,1,False,7,1,0.0,31,31,3135209,Januária,SUDESTE,8,1,0.0,0.0,0.0,0.0,False,,0.0,0.0,True,1,1,0
313520,9,interior_proximo_polo,0.375,9.65265158120501,2.5703637064644647,0,True,4,1,0.0,31,31,3135209,Januária,SUDESTE,6,1,0.0,0.0,0.0,0.0,False,,0.0,0.0,True,2,2,0
313520,10,interior_proximo_polo,0.375,9.65265158120501,2.5703637064644647,0,False,3,1,0.0,31,31,3135209,Januária,SUDESTE,3,1,0.0,0.0,0.0,0.0,False,,0.0,0.0,True,0,0,0
313520,11,interior_proximo_polo,0.375,9.65265158120501,2.5703637064644647,0,False,3,1,0.0,31,31,3135209,Januária,SUDESTE,3,1,0.0,0.0,0.0,0.0,False,,0.0,0.0,True,0,0,0
313520,14,interior_proximo_polo,0.375,9.65265158120501,2.5703637064644647,0,True,14,1,0.0,31,31,3135209,Januária,SUDESTE,15,1,0.0,0.0,0.0,0.0,False,,0.0,0.0,True,1,1,0
313520,15,interior_proximo_polo,0.375,9.65265158120501,2.5703637064644647,1,True,3,1,0.0,31,31,3135209,Januária,SUDESTE,3,1,0.0,0.0,0.0,0.0,False,,0.0,0.0,True,0,0,0
313600,1,interior_remoto,0.431,8.250620082174692,10.446591799425438,0,True,1,1,0.0,31,31,3136009,Joaíma,,1,1,0.0,0.0,0.0,0.0,False,,0.0,0.0,True,0,0,0
313600,2,interior_remoto,0.431,8.250620082174692,10.446591799425438,0,True,1,1,0.0,31,31,3136009,Joaíma,,1,1,0.0,0.0,0.0,0.0,False,,0.0,0.0,True,0,0,0
313600,8,interior_remoto,0.431,8.250620082174692,10.446591799425438,0,False,1,1,0.0,31,31,3136009,Joaíma,,1,1,0.0,0.0,0.0,0.0,False,,0.0,0.0,True,0,0,0
313600,14,interior_remoto,0.431,8.250620082174692,10.446591799425438,0,True,1,1,0.0,31,31,3136009,Joaíma,,1,1,0.0,0.0,0.0,0.0,False,,0.0,0.0,True,0,0,0
313620,7,interior_proximo_polo,0.216,10.055908165231354,3.005323716297441,0,False,5,1,0.0,31,31,3136207,João Monlevade,,5,1,0.0,0.0,0.0,0.0,False,,0.0,0.0,True,0,0,0
313620,10,interior_proximo_polo,0.216,10.055908165231354,3.005323716297441,0,False,4,1,0.0,31,31,3136207,João Monlevade,,4,1,0.0,0.0,0.0,0.0,False,,0.0,0.0,True,0,0,0
313620,11,interior_proximo_polo,0.216,10.055908165231354,3.005323716297441,0,False,4,1,0.0,31,31,3136207,João Monlevade,,4,1,0.0,0.0,0.0,0.0,False,,0.0,0.0,True,0,0,0
313630,1,interior_proximo_polo,0.347,9.314880551250107,14.413115935501304,0,True,4,1,1.0,31,31,3136306,João Pinheiro,,5,1,0.0,0.0,0.0,0.0,False,,1.0,1.0,True,1,1,0
313630,2,interior_proximo_polo,0.347,9.314880551250107,14.413115935501304,1,True,7,1,0.0,31,31,3136306,João Pinheiro,,9,1,3.0,0.0,3.0,0.0,False,,0.0,0.0,True,2,2,0
313630,7,interior_proximo_polo,0.347,9.314880551250107,14.413115935501304,0,False,2,1,0.0,31,31,3136306,João Pinheiro,,1,1,0.0,0.0,0.0,0.0,False,,0.0,0.0,True,-1,-1,0
313630,10,interior_proximo_polo,0.347,9.314880551250107,14.413115935501304,0,False,2,1,0.0,31,31,3136306,João Pinheiro,,1,1,0.0,0.0,0.0,0.0,False,,0.0,0.0,True,-1,-1,0
313630,11,interior_proximo_polo,0.347,9.314880551250107,14.413115935501304,0,False,2,1,0.0,31,31,3136306,João Pinheiro,,1,1,0.0,0.0,0.0,0.0,False,,0.0,0.0,True,-1,-1,0
313630,14,interior_proximo_polo,0.347,9.314880551250107,14.413115935501304,0,True,8,1,0.0,31,31,3136306,João Pinheiro,,11,1,0.0,0.0,0.0,0.0,False,,0.0,0.0,True,3,3,0
313700,1,interior_remoto,0.432,7.524021415206125,0.0,0,True,0,0,0.0,31,31,3137007,Ladainha,,0,0,0.0,0.0,0.0,0.0,False,,0.0,0.0,True,0,0,0
313700,2,interior_remoto,0.432,7.524021415206125,0.0,0,True,0,0,0.0,31,31,3137007,Ladainha,,0,0,0.0,0.0,0.0,0.0,False,,0.0,0.0,True,0,0,0
313700,8,interior_remoto,0.432,7.524021415206125,0.0,0,False,1,1,0.0,31,31,3137007,Ladainha,,1,1,0.0,0.0,0.0,0.0,False,,0.0,0.0,True,0,0,0
313700,14,interior_remoto,0.432,7.524021415206125,0.0,0,True,0,0,0.0,31,31,3137007,Ladainha,,0,0,0.0,0.0,0.0,0.0,False,,0.0,0.0,True,0,0,0
313820,7,interior_proximo_polo,0.241,9.908276069267925,0.0,0,False,15,1,0.0,31,31,3138203,Lavras,SUDESTE,16,1,0.0,0.0,0.0,0.0,False,,0.0,0.0,True,1,1,0
313820,10,interior_proximo_polo,0.241,9.908276069267925,0.0,0,False,10,1,0.0,31,31,3138203,Lavras,SUDESTE,12,1,0.0,0.0,0.0,0.0,False,,0.0,0.0,True,2,2,0
313820,11,interior_proximo_polo,0.241,9.908276069267925,0.0,0,False,10,1,0.0,31,31,3138203,Lavras,SUDESTE,12,1,0.0,0.0,0.0,0.0,False,,0.0,0.0,True,2,2,0
313868,8,interior_remoto,0.405,7.007600613951853,9.057971014492754,1,False,1,1,0.0,31,31,3138682,Luislândia,SUDESTE,1,1,0.0,0.0,0.0,0.0,False,,0.0,0.0,True,0,0,0
313868,14,interior_remoto,0.405,7.007600613951853,9.057971014492754,0,True,0,0,0.0,31,31,3138682,Luislândia,SUDESTE,0,0,0.0,0.0,0.0,0.0,False,,0.0,0.0,True,0,0,0
313980,8,interior_remoto,0.213,7.720017940432244,4.440497335701599,0,False,4,1,0.0,31,31,3139805,Mar de Espanha,,3,1,1.0,1.0,0.0,0.0,False,,0.0,0.0,True,-1,-1,0
313980,14,interior_remoto,0.213,7.720017940432244,4.440497335701599,0,True,5,1,0.0,31,31,3139805,Mar de Espanha,,5,1,0.0,0.0,0.0,0.0,False,,0.0,0.0,True,0,0,0
314220,1,interior_remoto,0.257,7.806289289267033,9.504412763068569,1,True,2,1,0.0,31,31,3142205,Miraí,,2,1,0.0,0.0,0.0,0.0,False,,0.0,0.0,True,0,0,0
314270,14,interior_proximo_polo,0.378,8.156797046675651,0.0,0,True,1,1,0.0,31,31,3142700,Montalvânia,SUDESTE,1,1,0.0,0.0,0.0,0.0,False,,0.0,0.0,True,0,0,0
314400,1,interior_remoto,0.316,8.353025845202325,8.447273298758446,1,True,3,1,0.0,31,31,3144003,Mutum,SUDESTE,3,1,0.0,0.0,0.0,0.0,False,,0.0,0.0,True,0,0,0
314560,7,interior_proximo_polo,0.27,9.008224187854049,8.56898029134533,0,False,5,1,0.0,31,31,3145604,Oliveira,SUDESTE,4,1,0.0,0.0,0.0,0.0,False,,0.0,0.0,True,-1,-1,0
314560,10,interior_proximo_polo,0.27,9.008224187854049,8.56898029134533,0,False,4,1,0.0,31,31,3145604,Oliveira,SUDESTE,3,1,0.0,0.0,0.0,0.0,False,,0.0,0.0,True,-1,-1,0
314560,11,interior_proximo_polo,0.27,9.008224187854049,8.56898029134533,0,False,4,1,0.0,31,31,3145604,Oliveira,SUDESTE,3,1,0.0,0.0,0.0,0.0,False,,0.0,0.0,True,-1,-1,0
314700,1,interior_proximo_polo,0.288,10.232647404434218,4.0474905558553695,1,True,6,1,0.0,31,31,3147006,Paracatu,SUDESTE,6,1,0.0,0.0,0.0,0.0,False,,0.0,0.0,True,0,0,0
314700,2,interior_proximo_polo,0.288,10.232647404434218,4.0474905558553695,0,True,14,1,0.0,31,31,3147006,Paracatu,SUDESTE,15,1,0.0,0.0,0.0,0.0,False,,0.0,0.0,True,1,1,0
314700,7,interior_proximo_polo,0.288,10.232647404434218,4.0474905558553695,0,False,4,1,0.0,31,31,3147006,Paracatu,SUDESTE,4,1,0.0,0.0,0.0,0.0,False,,0.0,0.0,True,0,0,0
314700,10,interior_proximo_polo,0.288,10.232647404434218,4.0474905558553695,0,False,4,1,0.0,31,31,3147006,Paracatu,SUDESTE,4,1,0.0,0.0,0.0,0.0,False,,0.0,0.0,True,0,0,0
314700,11,interior_proximo_polo,0.288,10.232647404434218,4.0474905558553695,0,False,4,1,0.0,31,31,3147006,Paracatu,SUDESTE,4,1,0.0,0.0,0.0,0.0,False,,0.0,0.0,True,0,0,0
314710,1,interior_proximo_polo,0.272,9.733529254725571,11.260593848159782,1,True,12,1,0.0,31,31,3147105,Pará de Minas,SUDESTE,14,1,0.0,0.0,0.0,0.0,False,,0.0,0.0,True,2,2,0
314710,7,interior_proximo_polo,0.272,9.733529254725571,11.260593848159782,1,False,8,1,0.0,31,31,3147105,Pará de Minas,SUDESTE,7,1,0.0,0.0,0.0,0.0,False,,0.0,0.0,True,-1,-1,0
314710,14,interior_proximo_polo,0.272,9.733529254725571,11.260593848159782,0,True,20,1,1.0,31,31,3147105,Pará de Minas,SUDESTE,22,1,0.0,0.0,0.0,0.0,False,,1.0,1.0,True,2,2,0
314760,1,interior_remoto,0.306,6.9584483932976555,0.0,1,True,2,1,0.0,31,31,3147600,Passa Quatro,,2,1,0.0,0.0,0.0,0.0,False,,0.0,0.0,True,0,0,0
314800,7,interior_proximo_polo,0.198,10.21712972665744,5.085199936663378,1,False,15,1,0.0,31,31,3148004,Patos de Minas,SUDESTE,17,1,0.0,0.0,0.0,0.0,False,,0.0,0.0,True,2,2,0
314800,10,interior_proximo_polo,0.198,10.21712972665744,5.085199936663378,0,False,13,1,0.0,31,31,3148004,Patos de Minas,SUDESTE,14,1,0.0,0.0,0.0,0.0,False,,0.0,0.0,True,1,1,0
314800,11,interior_proximo_polo,0.198,10.21712972665744,5.085199936663378,0,False,13,1,0.0,31,31,3148004,Patos de Minas,SUDESTE,14,1,0.0,0.0,0.0,0.0,False,,0.0,0.0,True,1,1,0
314810,3,interior_proximo_polo,0.284,9.55016412883091,39.15705538943471,0,True,1,1,0.0,31,31,3148103,Patrocínio,,1,1,0.0,0.0,0.0,0.0,False,,0.0,0.0,True,0,0,0
314810,4,interior_proximo_polo,0.284,9.55016412883091,39.15705538943471,0,False,1,1,0.0,31,31,3148103,Patrocínio,,1,1,0.0,0.0,0.0,0.0,False,,0.0,0.0,True,0,0,0
314810,5,interior_proximo_polo,0.284,9.55016412883091,39.15705538943471,0,True,2,1,0.0,31,31,3148103,Patrocínio,,4,1,0.0,0.0,0.0,0.0,False,,0.0,0.0,True,2,2,0
314810,6,interior_proximo_polo,0.284,9.55016412883091,39.15705538943471,1,False,37,1,0.0,31,31,3148103,Patrocínio,,44,1,0.0,0.0,0.0,0.0,False,,0.0,0.0,True,7,7,0
314810,7,interior_proximo_polo,0.284,9.55016412883091,39.15705538943471,0,False,8,1,0.0,31,31,3148103,Patrocínio,,8,1,0.0,0.0,0.0,0.0,False,,0.0,0.0,True,0,0,0
314810,10,interior_proximo_polo,0.284,9.55016412883091,39.15705538943471,0,False,7,1,0.0,31,31,3148103,Patrocínio,,7,1,0.0,0.0,0.0,0.0,False,,0.0,0.0,True,0,0,0
314810,11,interior_proximo_polo,0.284,9.55016412883091,39.15705538943471,0,False,7,1,0.0,31,31,3148103,Patrocínio,,7,1,0.0,0.0,0.0,0.0,False,,0.0,0.0,True,0,0,0
314810,12,interior_proximo_polo,0.284,9.55016412883091,39.15705538943471,0,True,2,1,0.0,31,31,3148103,Patrocínio,,3,1,0.0,0.0,0.0,0.0,False,,0.0,0.0,True,1,1,0
314810,13,interior_proximo_polo,0.284,9.55016412883091,39.15705538943471,0,True,1,1,0.0,31,31,3148103,Patrocínio,,1,1,0.0,0.0,0.0,0.0,False,,0.0,0.0,True,0,0,0
314870,1,interior_proximo_polo,0.396,9.032886946579088,11.5450455830248,0,True,4,1,0.0,31,31,3148707,Pedra Azul,,4,1,0.0,0.0,0.0,0.0,False,,0.0,0.0,True,0,0,0
314870,2,interior_proximo_polo,0.396,9.032886946579088,11.5450455830248,0,True,2,1,0.0,31,31,3148707,Pedra Azul,,3,1,0.0,0.0,0.0,0.0,False,,0.0,0.0,True,1,1,0
314870,7,interior_proximo_polo,0.396,9.032886946579088,11.5450455830248,0,False,0,0,0.0,31,31,3148707,Pedra Azul,,1,1,0.0,0.0,0.0,0.0,False,,0.0,0.0,True,1,1,1
314870,8,interior_proximo_polo,0.396,9.032886946579088,11.5450455830248,0,False,3,1,0.0,31,31,3148707,Pedra Azul,,5,1,0.0,0.0,0.0,0.0,False,,0.0,0.0,True,2,2,0
314870,9,interior_proximo_polo,0.396,9.032886946579088,11.5450455830248,0,True,3,1,0.0,31,31,3148707,Pedra Azul,,3,1,0.0,0.0,0.0,0.0,False,,0.0,0.0,True,0,0,0
314870,10,interior_proximo_polo,0.396,9.032886946579088,11.5450455830248,0,False,0,0,0.0,31,31,3148707,Pedra Azul,,1,1,0.0,0.0,0.0,0.0,False,,0.0,0.0,True,1,1,1
314870,11,interior_proximo_polo,0.396,9.032886946579088,11.5450455830248,0,False,0,0,0.0,31,31,3148707,Pedra Azul,,1,1,0.0,0.0,0.0,0.0,False,,0.0,0.0,True,1,1,1
314870,14,interior_proximo_polo,0.396,9.032886946579088,11.5450455830248,0,True,2,1,0.0,31,31,3148707,Pedra Azul,,2,1,0.0,0.0,0.0,0.0,False,,0.0,0.0,True,0,0,0
314870,15,interior_proximo_polo,0.396,9.032886946579088,11.5450455830248,0,True,0,0,0.0,31,31,3148707,Pedra Azul,,1,1,0.0,0.0,0.0,0.0,False,,0.0,0.0,True,1,1,1
315220,8,interior_proximo_polo,0.342,8.784315349902657,0.0,1,False,3,1,0.0,31,31,3152204,Porteirinha,SUDESTE,5,1,1.0,0.0,1.0,0.0,False,,0.0,0.0,True,2,2,0
315220,14,interior_proximo_polo,0.342,8.784315349902657,0.0,0,True,3,1,0.0,31,31,3152204,Porteirinha,SUDESTE,3,1,0.0,0.0,0.0,0.0,False,,0.0,0.0,True,0,0,0
315240,8,interior_remoto,0.455,8.17948018535889,2.8042624789680315,0,False,2,1,0.0,31,31,3152402,Poté,,2,1,0.0,0.0,0.0,0.0,False,,0.0,0.0,True,0,0,0
315240,14,interior_remoto,0.455,8.17948018535889,2.8042624789680315,0,True,1,1,0.0,31,31,3152402,Poté,,1,1,0.0,0.0,0.0,0.0,False,,0.0,0.0,True,0,0,0
315400,1,interior_remoto,0.282,8.431417414394833,8.900029061319383,0,True,7,1,0.0,31,31,3154002,Raul Soares,SUDESTE,11,1,0.0,0.0,0.0,0.0,False,,0.0,0.0,True,4,4,0
315400,2,interior_remoto,0.282,8.431417414394833,8.900029061319383,0,True,10,1,1.0,31,31,3154002,Raul Soares,SUDESTE,10,1,0.0,1.0,-1.0,0.0,False,,1.0,1.0,True,0,0,0
315400,8,interior_remoto,0.282,8.431417414394833,8.900029061319383,0,False,3,1,0.0,31,31,3154002,Raul Soares,SUDESTE,6,1,1.0,1.0,0.0,0.0,False,,0.0,0.0,True,3,3,0
315400,14,interior_remoto,0.282,8.431417414394833,8.900029061319383,0,True,5,1,0.0,31,31,3154002,Raul Soares,SUDESTE,5,1,0.0,0.0,0.0,0.0,False,,0.0,0.0,True,0,0,0
315765,8,interior_remoto,0.422,7.286191714702382,0.0,1,False,0,0,0.0,31,31,3157658,Santa Helena de Minas,,0,0,0.0,0.0,0.0,0.0,False,,0.0,0.0,True,0,0,0
315765,14,interior_remoto,0.422,7.286191714702382,0.0,0,True,0,0,0.0,31,31,3157658,Santa Helena de Minas,,0,0,0.0,0.0,0.0,0.0,False,,0.0,0.0,True,0,0,0
315790,8,interior_remoto,0.365,7.641564441260972,4.803073967339097,1,False,1,1,0.0,31,31,3157906,Santa Margarida,,2,1,1.0,1.0,0.0,0.0,False,,0.0,0.0,True,1,1,0
315790,14,interior_remoto,0.365,7.641564441260972,4.803073967339097,0,True,3,1,0.0,31,31,3157906,Santa Margarida,,2,1,0.0,0.0,0.0,0.0,False,,0.0,0.0,True,-1,-1,0
316070,1,interior_remoto,0.319,9.134430777875833,12.048626096964465,1,True,3,1,0.0,31,31,3160702,Santos Dumont,SUDESTE,3,1,0.0,0.0,0.0,0.0,False,,0.0,0.0,True,0,0,0
316070,2,interior_remoto,0.319,9.134430777875833,12.048626096964465,0,True,7,1,0.0,31,31,3160702,Santos Dumont,SUDESTE,9,1,1.0,0.0,1.0,0.0,False,,0.0,0.0,True,2,2,0
316070,7,interior_remoto,0.319,9.134430777875833,12.048626096964465,0,False,2,1,1.0,31,31,3160702,Santos Dumont,SUDESTE,2,1,0.0,0.0,0.0,0.0,False,,1.0,1.0,True,0,0,0
316110,1,interior_proximo_polo,0.374,9.531481398171628,8.34179602495285,1,True,2,1,0.0,31,31,3161106,São Francisco,SUDESTE,4,1,0.0,0.0,0.0,0.0,False,,0.0,0.0,True,2,2,0
316110,2,interior_proximo_polo,0.374,9.531481398171628,8.34179602495285,1,True,4,1,0.0,31,31,3161106,São Francisco,SUDESTE,4,1,0.0,0.0,0.0,0.0,False,,0.0,0.0,True,0,0,0
316110,7,interior_proximo_polo,0.374,9.531481398171628,8.34179602495285,0,False,2,1,0.0,31,31,3161106,São Francisco,SUDESTE,2,1,0.0,0.0,0.0,0.0,False,,0.0,0.0,True,0,0,0
316110,8,interior_proximo_polo,0.374,9.531481398171628,8.34179602495285,0,False,6,1,0.0,31,31,3161106,São Francisco,SUDESTE,6,1,0.0,0.0,0.0,0.0,False,,0.0,0.0,True,0,0,0
316110,10,interior_proximo_polo,0.374,9.531481398171628,8.34179602495285,0,False,2,1,0.0,31,31,3161106,São Francisco,SUDESTE,2,1,0.0,0.0,0.0,0.0,False,,0.0,0.0,True,0,0,0
316110,11,interior_proximo_polo,0.374,9.531481398171628,8.34179602495285,0,False,2,1,0.0,31,31,3161106,São Francisco,SUDESTE,2,1,0.0,0.0,0.0,0.0,False,,0.0,0.0,True,0,0,0
316110,14,interior_proximo_polo,0.374,9.531481398171628,8.34179602495285,0,True,3,1,0.0,31,31,3161106,São Francisco,SUDESTE,6,1,0.0,0.0,0.0,0.0,False,,0.0,0.0,True,3,3,0
316110,15,interior_proximo_polo,0.374,9.531481398171628,8.34179602495285,0,True,2,1,0.0,31,31,3161106,São Francisco,SUDESTE,2,1,0.0,0.0,0.0,0.0,False,,0.0,0.0,True,0,0,0
316210,1,interior_proximo_polo,0.321,8.840724916761715,13.870796545568584,0,True,1,1,0.0,31,31,3162104,São Gotardo,,1,1,0.0,0.0,0.0,0.0,False,,0.0,0.0,True,0,0,0
316210,2,interior_proximo_polo,0.321,8.840724916761715,13.870796545568584,0,True,3,1,1.0,31,31,3162104,São Gotardo,,4,1,0.0,0.0,0.0,0.0,False,,1.0,1.0,True,1,1,0
316210,7,interior_proximo_polo,0.321,8.840724916761715,13.870796545568584,0,False,2,1,0.0,31,31,3162104,São Gotardo,,2,1,0.0,0.0,0.0,0.0,False,,0.0,0.0,True,0,0,0
316210,8,interior_proximo_polo,0.321,8.840724916761715,13.870796545568584,0,False,8,1,0.0,31,31,3162104,São Gotardo,,8,1,0.0,0.0,0.0,0.0,False,,0.0,0.0,True,0,0,0
316210,9,interior_proximo_polo,0.321,8.840724916761715,13.870796545568584,0,True,2,1,0.0,31,31,3162104,São Gotardo,,2,1,0.0,0.0,0.0,0.0,False,,0.0,0.0,True,0,0,0
316210,10,interior_proximo_polo,0.321,8.840724916761715,13.870796545568584,0,False,2,1,0.0,31,31,3162104,São Gotardo,,2,1,0.0,0.0,0.0,0.0,False,,0.0,0.0,True,0,0,0
316210,11,interior_proximo_polo,0.321,8.840724916761715,13.870796545568584,0,False,2,1,0.0,31,31,3162104,São Gotardo,,2,1,0.0,0.0,0.0,0.0,False,,0.0,0.0,True,0,0,0
316210,14,interior_proximo_polo,0.321,8.840724916761715,13.870796545568584,0,True,7,1,0.0,31,31,3162104,São Gotardo,,7,1,0.0,0.0,0.0,0.0,False,,0.0,0.0,True,0,0,0
316210,15,interior_proximo_polo,0.321,8.840724916761715,13.870796545568584,0,True,1,1,0.0,31,31,3162104,São Gotardo,,1,1,0.0,0.0,0.0,0.0,False,,0.0,0.0,True,0,0,0
316470,1,interior_proximo_polo,0.356,9.140775908590273,4.288624423716093,0,True,8,1,0.0,31,31,3164704,São Sebastião do Paraíso,,8,1,0.0,0.0,0.0,0.0,False,,0.0,0.0,True,0,0,0
316470,7,interior_proximo_polo,0.356,9.140775908590273,4.288624423716093,0,False,6,1,1.0,31,31,3164704,São Sebastião do Paraíso,,6,1,0.0,0.0,0.0,0.0,False,,1.0,1.0,True,0,0,0
316470,10,interior_proximo_polo,0.356,9.140775908590273,4.288624423716093,0,False,6,1,1.0,31,31,3164704,São Sebastião do Paraíso,,6,1,0.0,0.0,0.0,0.0,False,,1.0,1.0,True,0,0,0
316470,11,interior_proximo_polo,0.356,9.140775908590273,4.288624423716093,0,False,6,1,1.0,31,31,3164704,São Sebastião do Paraíso,,6,1,0.0,0.0,0.0,0.0,False,,1.0,1.0,True,0,0,0
316710,1,interior_proximo_polo,0.365,8.571491964823617,7.57862826828344,0,True,4,1,0.0,31,31,3167103,Serro,,4,1,0.0,0.0,0.0,0.0,False,,0.0,0.0,True,0,0,0
316860,1,interior_proximo_polo,0.324,10.600178446719438,15.756956727535437,0,True,19,1,0.0,31,31,3168606,Teófilo Otoni,SUDESTE,20,1,1.0,0.0,1.0,0.0,False,,0.0,0.0,True,1,1,0
316860,2,interior_proximo_polo,0.324,10.600178446719438,15.756956727535437,1,True,40,1,0.0,31,31,3168606,Teófilo Otoni,SUDESTE,44,1,1.0,0.0,1.0,0.0,False,,0.0,0.0,True,4,4,0
316860,3,interior_proximo_polo,0.324,10.600178446719438,15.756956727535437,1,True,4,1,0.0,31,31,3168606,Teófilo Otoni,SUDESTE,4,1,0.0,0.0,0.0,0.0,False,,0.0,0.0,True,0,0,0
316860,4,interior_proximo_polo,0.324,10.600178446719438,15.756956727535437,1,False,1,1,0.0,31,31,3168606,Teófilo Otoni,SUDESTE,2,1,0.0,0.0,0.0,0.0,False,,0.0,0.0,True,1,1,0
316860,5,interior_proximo_polo,0.324,10.600178446719438,15.756956727535437,0,True,1,1,0.0,31,31,3168606,Teófilo Otoni,SUDESTE,1,1,0.0,0.0,0.0,0.0,False,,0.0,0.0,True,0,0,0
316860,6,interior_proximo_polo,0.324,10.600178446719438,15.756956727535437,1,False,37,1,0.0,31,31,3168606,Teófilo Otoni,SUDESTE,42,1,3.0,0.0,3.0,0.0,False,,0.0,0.0,True,5,5,0
316860,7,interior_proximo_polo,0.324,10.600178446719438,15.756956727535437,1,False,17,1,0.0,31,31,3168606,Teófilo Otoni,SUDESTE,19,1,0.0,0.0,0.0,0.0,False,,0.0,0.0,True,2,2,0
316860,10,interior_proximo_polo,0.324,10.600178446719438,15.756956727535437,0,False,16,1,0.0,31,31,3168606,Teófilo Otoni,SUDESTE,17,1,0.0,0.0,0.0,0.0,False,,0.0,0.0,True,1,1,0
316860,11,interior_proximo_polo,0.324,10.600178446719438,15.756956727535437,0,False,16,1,0.0,31,31,3168606,Teófilo Otoni,SUDESTE,17,1,0.0,0.0,0.0,0.0,False,,0.0,0.0,True,1,1,0
316860,12,interior_proximo_polo,0.324,10.600178446719438,15.756956727535437,1,True,5,1,0.0,31,31,3168606,Teófilo Otoni,SUDESTE,6,1,0.0,0.0,0.0,0.0,False,,0.0,0.0,True,1,1,0
316870,1,metropolitano,0.248,10.074200320662365,6.358373380546891,0,True,17,1,1.0,31,31,3168705,Timóteo,,17,1,1.0,0.0,1.0,0.0,False,,1.0,1.0,True,0,0,0
316970,1,interior_proximo_polo,0.278,8.239329427901795,7.9239302694136295,0,True,1,1,0.0,31,31,3169703,Turmalina,SUDESTE,1,1,0.0,0.0,0.0,0.0,False,,0.0,0.0,True,0,0,0
316970,2,interior_proximo_polo,0.278,8.239329427901795,7.9239302694136295,0,True,2,1,0.0,31,31,3169703,Turmalina,SUDESTE,2,1,0.0,0.0,0.0,0.0,False,,0.0,0.0,True,0,0,0
316970,9,interior_proximo_polo,0.278,8.239329427901795,7.9239302694136295,0,True,3,1,1.0,31,31,3169703,Turmalina,SUDESTE,4,1,0.0,0.0,0.0,0.0,False,,1.0,1.0,True,1,1,0
316970,14,interior_proximo_polo,0.278,8.239329427901795,7.9239302694136295,0,True,3,1,0.0,31,31,3169703,Turmalina,SUDESTE,3,1,0.0,0.0,0.0,0.0,False,,0.0,0.0,True,0,0,0
317010,7,interior_proximo_polo,0.238,10.875099455998244,5.424874944016552,0,False,34,1,0.0,31,31,3170107,Uberaba,SUDESTE,35,1,1.0,1.0,0.0,0.0,False,,0.0,0.0,True,1,1,0
317010,16,interior_proximo_polo,0.238,10.875099455998244,5.424874944016552,1,True,22,1,0.0,31,31,3170107,Uberaba,SUDESTE,22,1,0.0,1.0,-1.0,0.0,False,,0.0,0.0,True,0,0,0
317040,1,metropolitano,0.264,9.79773807235252,2.732696013042834,0,True,8,1,0.0,31,31,3170404,Unaí,SUDESTE,8,1,1.0,0.0,1.0,0.0,False,,0.0,0.0,True,0,0,0
317052,8,interior_remoto,0.34,7.87777633327726,1.896094046264695,0,False,1,1,0.0,31,31,3170529,Urucuia,SUDESTE,1,1,0.0,0.0,0.0,0.0,False,,0.0,0.0,True,0,0,0
317052,14,interior_remoto,0.34,7.87777633327726,1.896094046264695,0,True,4,1,0.0,31,31,3170529,Urucuia,SUDESTE,4,1,0.0,0.0,0.0,0.0,False,,0.0,0.0,True,0,0,0
317080,1,interior_proximo_polo,0.4,9.376363155800634,0.847098686997035,1,True,1,1,0.0,31,31,3170800,Várzea da Palma,SUDESTE,2,1,0.0,0.0,0.0,0.0,False,,0.0,0.0,True,1,1,0
320120,3,interior_proximo_polo,0.254,10.691194631509694,3.8666242096165218,0,True,6,1,0.0,32,RESTO,3201209,Cachoeiro de Itapemirim,,6,1,0.0,0.0,0.0,0.0,False,,0.0,0.0,True,0,0,0
320120,7,interior_proximo_polo,0.254,10.691194631509694,3.8666242096165218,0,False,22,1,0.0,32,RESTO,3201209,Cachoeiro de Itapemirim,,22,1,0.0,0.0,0.0,0.0,False,,0.0,0.0,True,0,0,0
320120,16,interior_proximo_polo,0.254,10.691194631509694,3.8666242096165218,0,True,7,1,0.0,32,RESTO,3201209,Cachoeiro de Itapemirim,,8,1,0.0,0.0,0.0,0.0,False,,0.0,0.0,True,1,1,0
320320,12,interior_proximo_polo,0.267,10.544235564296866,1.0977334000755241,0,True,7,1,0.0,32,RESTO,3203205,Linhares,,7,1,0.0,0.0,0.0,0.0,False,,0.0,0.0,True,0,0,0
320530,16,capital,0.221,11.368338902811566,1.3096517481924879,0,True,38,1,0.0,32,RESTO,3205309,Vitória,SUDESTE,39,1,1.0,0.0,1.0,0.0,False,,0.0,0.0,True,1,1,0
330010,3,interior_proximo_polo,0.29,10.494685060560329,2.2147167930900835,0,True,1,1,0.0,33,33,3300100,Angra dos Reis,,2,1,0.0,0.0,0.0,0.0,False,,0.0,0.0,True,1,1,0
330010,7,interior_proximo_polo,0.29,10.494685060560329,2.2147167930900835,1,False,20,1,1.0,33,33,3300100,Angra dos Reis,,20,1,0.0,0.0,0.0,0.0,False,,1.0,1.0,True,0,0,0
330010,10,interior_proximo_polo,0.29,10.494685060560329,2.2147167930900835,0,False,15,1,1.0,33,33,3300100,Angra dos Reis,,15,1,0.0,0.0,0.0,0.0,False,,1.0,1.0,True,0,0,0
330010,11,interior_proximo_polo,0.29,10.494685060560329,2.2147167930900835,0,False,15,1,1.0,33,33,3300100,Angra dos Reis,,15,1,0.0,0.0,0.0,0.0,False,,1.0,1.0,True,0,0,0
330040,7,interior_proximo_polo,0.266,10.682170021202337,2.5246149962130775,0,False,27,1,0.0,33,33,3300407,Barra Mansa,SUDESTE,27,1,0.0,0.0,0.0,0.0,False,,0.0,0.0,True,0,0,0
330040,16,interior_proximo_polo,0.266,10.682170021202337,2.5246149962130775,0,True,3,1,0.0,33,33,3300407,Barra Mansa,SUDESTE,3,1,0.0,0.0,0.0,0.0,False,,0.0,0.0,True,0,0,0
330045,11,metropolitano,0.42,12.000676915765618,0.005116743622490748,0,False,19,1,1.0,33,33,3300456,Belford Roxo,,22,1,1.0,0.0,1.0,0.0,False,,1.0,1.0,True,3,3,0
330070,3,interior_proximo_polo,0.259,10.455618254118846,5.037710864183315,1,True,2,1,0.0,33,33,3300704,Cabo Frio,SUDESTE,3,1,0.0,0.0,0.0,0.0,False,,0.0,0.0,True,1,1,0
330070,5,interior_proximo_polo,0.259,10.455618254118846,5.037710864183315,1,True,0,0,0.0,33,33,3300704,Cabo Frio,SUDESTE,0,0,0.0,0.0,0.0,0.0,False,,0.0,0.0,True,0,0,0
330070,6,interior_proximo_polo,0.259,10.455618254118846,5.037710864183315,1,False,68,1,0.0,33,33,3300704,Cabo Frio,SUDESTE,72,1,0.0,0.0,0.0,0.0,False,,0.0,0.0,True,4,4,0
330070,7,interior_proximo_polo,0.259,10.455618254118846,5.037710864183315,0,False,30,1,0.0,33,33,3300704,Cabo Frio,SUDESTE,33,1,0.0,1.0,-1.0,0.0,False,,0.0,0.0,True,3,3,0
330070,10,interior_proximo_polo,0.259,10.455618254118846,5.037710864183315,0,False,26,1,0.0,33,33,3300704,Cabo Frio,SUDESTE,27,1,0.0,1.0,-1.0,0.0,False,,0.0,0.0,True,1,1,0
330070,11,interior_proximo_polo,0.259,10.455618254118846,5.037710864183315,0,False,26,1,0.0,33,33,3300704,Cabo Frio,SUDESTE,27,1,0.0,1.0,-1.0,0.0,False,,0.0,0.0,True,1,1,0
330070,13,interior_proximo_polo,0.259,10.455618254118846,5.037710864183315,1,True,1,1,0.0,33,33,3300704,Cabo Frio,SUDESTE,1,1,0.0,0.0,0.0,0.0,False,,0.0,0.0,True,0,0,0
330070,15,interior_proximo_polo,0.259,10.455618254118846,5.037710864183315,1,True,8,1,1.0,33,33,3300704,Cabo Frio,SUDESTE,10,1,0.0,0.0,0.0,0.0,False,,1.0,1.0,True,2,2,0
330070,16,interior_proximo_polo,0.259,10.455618254118846,5.037710864183315,0,True,3,1,0.0,33,33,3300704,Cabo Frio,SUDESTE,2,1,0.0,0.0,0.0,0.0,False,,0.0,0.0,True,-1,-1,0
330190,11,metropolitano,0.437,11.144438171983634,0.1445567168278474,0,False,14,1,1.0,33,33,3301900,Itaboraí,SUDESTE,14,1,0.0,0.0,0.0,0.0,False,,1.0,1.0,True,0,0,0
330200,11,metropolitano,0.288,10.324497871979755,0.6564048705241393,0,False,12,1,0.0,33,33,3302007,Itaguaí,,12,1,0.0,0.0,0.0,0.0,False,,0.0,0.0,True,0,0,0
330220,12,interior_proximo_polo,0.255,10.020247843144828,4.931185857507268,1,True,10,1,0.0,33,33,3302205,Itaperuna,SUDESTE,11,1,0.0,0.0,0.0,0.0,False,,0.0,0.0,True,1,1,0
330220,16,interior_proximo_polo,0.255,10.020247843144828,4.931185857507268,0,True,3,1,0.0,33,33,3302205,Itaperuna,SUDESTE,4,1,0.0,0.0,0.0,0.0,False,,0.0,0.0,True,1,1,0
330240,11,interior_proximo_polo,0.335,10.95764277558904,1.7569843759075334,0,False,38,1,1.0,33,33,3302403,Macaé,SUDESTE,38,1,0.0,0.0,0.0,0.0,False,,1.0,1.0,True,0,0,0
330250,11,metropolitano,0.427,11.13056634557654,0.036643996247654784,0,False,10,1,0.0,33,33,3302502,Magé,,10,1,0.0,0.0,0.0,0.0,False,,0.0,0.0,True,0,0,0
330330,5,metropolitano,0.291,11.426201319452963,0.21812153732059503,1,True,4,1,0.0,33,33,3303302,Niterói,SUDESTE,8,1,0.0,0.0,0.0,0.0,False,,0.0,0.0,True,4,4,0
330330,11,metropolitano,0.291,11.426201319452963,0.21812153732059503,1,False,108,1,1.0,33,33,3303302,Niterói,SUDESTE,121,1,4.0,3.0,1.0,0.0,False,,1.0,1.0,True,13,13,0
330340,11,interior_proximo_polo,0.225,9.983730240212331,4.1147515766805105,0,False,22,1,0.0,33,33,3303401,Nova Friburgo,SUDESTE,24,1,1.0,0.0,1.0,0.0,False,,0.0,0.0,True,2,2,0
330350,11,metropolitano,0.408,12.439966207868116,0.40891541123040015,0,False,66,1,0.0,33,33,3303500,Nova Iguaçu,SUDESTE,71,1,2.0,0.0,2.0,0.0,False,,0.0,0.0,True,5,5,0
330370,2,interior_proximo_polo,0.305,9.200895913148184,8.497391889618036,0,True,13,1,2.0,33,33,3303708,Paraíba do Sul,,13,1,0.0,0.0,0.0,0.0,False,,2.0,2.0,True,0,0,0
330452,7,interior_proximo_polo,0.244,10.039808799894367,0.43630017452006986,0,False,14,1,0.0,33,33,3304524,Rio das Ostras,,14,1,0.0,0.0,0.0,0.0,False,,0.0,0.0,True,0,0,0
330455,11,capital,0.334,14.267641671050368,0.01484632673244438,1,False,787,1,5.0,33,33,3304557,Rio de Janeiro,SUDESTE,810,1,14.0,4.0,10.0,0.0,False,,4.0,5.0,True,23,23,0
330490,11,metropolitano,0.379,12.575050102266887,0.17286084701815038,0,False,47,1,0.0,33,33,3304904,São Gonçalo,SUDESTE,37,1,0.0,1.0,-1.0,0.0,False,,0.0,0.0,True,-10,-10,0
330510,11,metropolitano,0.37,11.936125705101265,0.02183172542675565,1,False,15,1,1.0,33,33,3305109,São João de Meriti,SUDESTE,15,1,2.0,0.0,2.0,0.0,False,,1.0,1.0,True,0,0,0
330620,13,interior_remoto,0.186,8.665957964681349,5.171522151353216,0,True,3,1,0.0,33,33,3306206,Vassouras,SUDESTE,3,1,0.0,0.0,0.0,0.0,False,,0.0,0.0,True,0,0,0
330630,11,interior_proximo_polo,0.236,11.028985169985619,3.3125655752777146,1,False,55,1,0.0,33,33,3306305,Volta Redonda,,54,1,0.0,0.0,0.0,0.0,False,,0.0,0.0,True,-1,-1,0
350190,11,interior_proximo_polo,0.182,8.544224530467268,0.0,0,False,7,1,1.0,35,35,3501905,Amparo,,7,1,1.0,1.0,0.0,0.0,False,,1.0,1.0,True,0,0,0
350210,1,interior_proximo_polo,0.223,9.197153810172008,48.97986758546143,1,True,3,1,0.0,35,35,3502101,Andradina,SUDESTE,3,1,0.0,0.0,0.0,0.0,False,,0.0,0.0,True,0,0,0
350210,2,interior_proximo_polo,0.223,9.197153810172008,48.97986758546143,0,True,26,1,0.0,35,35,3502101,Andradina,SUDESTE,26,1,0.0,0.0,0.0,0.0,False,,0.0,0.0,True,0,0,0
350210,7,interior_proximo_polo,0.223,9.197153810172008,48.97986758546143,0,False,11,1,0.0,35,35,3502101,Andradina,SUDESTE,11,1,0.0,0.0,0.0,0.0,False,,0.0,0.0,True,0,0,0
350210,10,interior_proximo_polo,0.223,9.197153810172008,48.97986758546143,0,False,10,1,0.0,35,35,3502101,Andradina,SUDESTE,10,1,0.0,0.0,0.0,0.0,False,,0.0,0.0,True,0,0,0
350210,11,interior_proximo_polo,0.223,9.197153810172008,48.97986758546143,0,False,10,1,0.0,35,35,3502101,Andradina,SUDESTE,10,1,0.0,0.0,0.0,0.0,False,,0.0,0.0,True,0,0,0
350210,14,interior_proximo_polo,0.223,9.197153810172008,48.97986758546143,1,True,14,1,0.0,35,35,3502101,Andradina,SUDESTE,17,1,1.0,0.0,1.0,0.0,False,,0.0,0.0,True,3,3,0
350600,5,interior_proximo_polo,0.257,10.754514166757886,4.056362083689154,0,True,34,1,0.0,35,35,3506003,Bauru,SUDESTE,33,1,0.0,0.0,0.0,0.0,False,,0.0,0.0,True,-1,-1,0
350600,6,interior_proximo_polo,0.257,10.754514166757886,4.056362083689154,1,False,132,1,0.0,35,35,3506003,Bauru,SUDESTE,137,1,3.0,0.0,3.0,0.0,False,,0.0,0.0,True,5,5,0
350750,4,interior_proximo_polo,0.288,9.475930197953147,69.07701352145796,1,False,3,1,0.0,35,35,3507506,Botucatu,,3,1,0.0,0.0,0.0,0.0,False,,0.0,0.0,True,0,0,0
350750,7,interior_proximo_polo,0.288,9.475930197953147,69.07701352145796,1,False,40,1,1.0,35,35,3507506,Botucatu,,40,1,0.0,0.0,0.0,0.0,False,,1.0,1.0,True,0,0,0
350750,10,interior_proximo_polo,0.288,9.475930197953147,69.07701352145796,1,False,39,1,1.0,35,35,3507506,Botucatu,,39,1,0.0,0.0,0.0,0.0,False,,1.0,1.0,True,0,0,0
350750,11,interior_proximo_polo,0.288,9.475930197953147,69.07701352145796,0,False,39,1,1.0,35,35,3507506,Botucatu,,39,1,0.0,0.0,0.0,0.0,False,,1.0,1.0,True,0,0,0
350750,16,interior_proximo_polo,0.288,9.475930197953147,69.07701352145796,0,True,18,1,0.0,35,35,3507506,Botucatu,,19,1,0.0,0.0,0.0,0.0,False,,0.0,0.0,True,1,1,0
350760,12,interior_proximo_polo,0.221,9.583695426166113,5.737234652897304,1,True,7,1,0.0,35,35,3507605,Bragança Paulista,,6,1,0.0,0.0,0.0,0.0,False,,0.0,0.0,True,-1,-1,0
350760,13,interior_proximo_polo,0.221,9.583695426166113,5.737234652897304,1,True,7,1,0.0,35,35,3507605,Bragança Paulista,,7,1,0.0,0.0,0.0,0.0,False,,0.0,0.0,True,0,0,0
350950,16,metropolitano,0.332,12.035088575855,1.9873521350687564,1,True,76,1,0.0,35,35,3509502,Campinas,SUDESTE,76,1,0.0,0.0,0.0,0.0,False,,0.0,0.0,True,0,0,0
351050,3,metropolitano,0.238,9.61780348274702,9.370772062900615,1,True,1,1,0.0,35,35,3510500,Caraguatatuba,SUDESTE,2,1,0.0,0.0,0.0,0.0,False,,0.0,0.0,True,1,1,0
351050,4,metropolitano,0.238,9.61780348274702,9.370772062900615,1,False,7,1,0.0,35,35,3510500,Caraguatatuba,SUDESTE,6,1,0.0,1.0,-1.0,0.0,False,,0.0,0.0,True,-1,-1,0
351050,5,metropolitano,0.238,9.61780348274702,9.370772062900615,1,True,0,0,0.0,35,35,3510500,Caraguatatuba,SUDESTE,0,0,0.0,0.0,0.0,0.0,False,,0.0,0.0,True,0,0,0
351050,11,metropolitano,0.238,9.61780348274702,9.370772062900615,0,False,18,1,1.0,35,35,3510500,Caraguatatuba,SUDESTE,22,1,0.0,1.0,-1.0,0.0,False,,1.0,1.0,True,4,4,0
351050,13,metropolitano,0.238,9.61780348274702,9.370772062900615,1,True,3,1,0.0,35,35,3510500,Caraguatatuba,SUDESTE,4,1,0.0,0.0,0.0,0.0,False,,0.0,0.0,True,1,1,0
351050,16,metropolitano,0.238,9.61780348274702,9.370772062900615,0,True,2,1,0.0,35,35,3510500,Caraguatatuba,SUDESTE,2,1,0.0,0.0,0.0,0.0,False,,0.0,0.0,True,0,0,0
351300,1,metropolitano,0.342,10.618127108434171,6.932889628397115,1,True,29,1,0.0,35,35,3513009,Cotia,SUDESTE,27,1,1.0,4.0,-3.0,0.0,False,,0.0,0.0,True,-2,-2,0
351390,9,interior_remoto,0.303,7.033506484287697,0.0,0,True,0,0,0.0,35,35,3513900,Divinolândia,,0,0,0.0,0.0,0.0,0.0,False,,0.0,0.0,True,0,0,0
351880,4,metropolitano,0.365,12.524275436074847,3.885837607148486,1,False,8,1,0.0,35,35,3518800,Guarulhos,SUDESTE,9,1,2.0,0.0,2.0,0.0,False,,0.0,0.0,True,1,1,0
351880,7,metropolitano,0.365,12.524275436074847,3.885837607148486,1,False,116,1,2.0,35,35,3518800,Guarulhos,SUDESTE,103,1,2.0,2.0,0.0,0.0,False,,1.0,2.0,True,-13,-13,0
351880,10,metropolitano,0.365,12.524275436074847,3.885837607148486,0,False,113,1,2.0,35,35,3518800,Guarulhos,SUDESTE,98,1,0.0,2.0,-2.0,0.0,False,,1.0,2.0,True,-15,-15,0
351880,11,metropolitano,0.365,12.524275436074847,3.885837607148486,0,False,113,1,2.0,35,35,3518800,Guarulhos,SUDESTE,98,1,0.0,2.0,-2.0,0.0,False,,1.0,2.0,True,-15,-15,0
351880,12,metropolitano,0.365,12.524275436074847,3.885837607148486,1,True,43,1,2.0,35,35,3518800,Guarulhos,SUDESTE,46,1,0.0,0.0,0.0,0.0,False,,2.0,2.0,True,3,3,0
351880,13,metropolitano,0.365,12.524275436074847,3.885837607148486,1,True,7,1,1.0,35,35,3518800,Guarulhos,SUDESTE,7,1,1.0,0.0,1.0,0.0,False,,1.0,1.0,True,0,0,0
352010,1,interior_remoto,0.372,8.705331133531631,22.37321842890288,0,True,10,1,2.0,35,35,3520103,Igarapava,SUDESTE,14,1,2.0,0.0,2.0,0.0,False,,2.0,2.0,True,4,4,0
352010,2,interior_remoto,0.372,8.705331133531631,22.37321842890288,0,True,4,1,1.0,35,35,3520103,Igarapava,SUDESTE,3,1,0.0,0.0,0.0,0.0,False,,0.0,1.0,True,-1,-1,0
352010,14,interior_remoto,0.372,8.705331133531631,22.37321842890288,1,True,4,1,0.0,35,35,3520103,Igarapava,SUDESTE,5,1,1.0,0.0,1.0,0.0,False,,0.0,0.0,True,1,1,0
352590,5,metropolitano,0.219,10.583676131931682,2.026137169486374,1,True,13,1,0.0,35,35,3525904,Jundiaí,,13,1,0.0,0.0,0.0,0.0,False,,0.0,0.0,True,0,0,0
352590,11,metropolitano,0.219,10.583676131931682,2.026137169486374,0,False,59,1,0.0,35,35,3525904,Jundiaí,,61,1,0.0,1.0,-1.0,0.0,False,,0.0,0.0,True,2,2,0
352590,16,metropolitano,0.219,10.583676131931682,2.026137169486374,0,True,6,1,0.0,35,35,3525904,Jundiaí,,5,1,0.0,0.0,0.0,0.0,False,,0.0,0.0,True,-1,-1,0
352900,4,interior_proximo_polo,0.268,10.446015311032632,4.940998663023891,1,False,6,1,0.0,35,35,3529005,Marília,SUDESTE,6,1,0.0,0.0,0.0,0.0,False,,0.0,0.0,True,0,0,0
352900,7,interior_proximo_polo,0.268,10.446015311032632,4.940998663023891,0,False,40,1,0.0,35,35,3529005,Marília,SUDESTE,40,1,0.0,0.0,0.0,0.0,False,,0.0,0.0,True,0,0,0
353440,7,metropolitano,0.354,11.822349459540414,2.0365029391691065,1,False,79,1,0.0,35,35,3534401,Osasco,SUDESTE,66,1,0.0,0.0,0.0,0.0,False,,0.0,0.0,True,-13,-13,0
353440,10,metropolitano,0.354,11.822349459540414,2.0365029391691065,0,False,71,1,0.0,35,35,3534401,Osasco,SUDESTE,58,1,0.0,0.0,0.0,0.0,False,,0.0,0.0,True,-13,-13,0
353440,11,metropolitano,0.354,11.822349459540414,2.0365029391691065,1,False,71,1,0.0,35,35,3534401,Osasco,SUDESTE,58,1,0.0,0.0,0.0,0.0,False,,0.0,0.0,True,-13,-13,0
354140,7,interior_proximo_polo,0.228,10.399646139258715,3.0951583604793944,0,False,49,1,0.0,35,35,3541406,Presidente Prudente,,47,1,0.0,0.0,0.0,0.0,False,,0.0,0.0,True,-2,-2,0
354150,1,interior_proximo_polo,0.22,8.789964651132264,12.182122734886555,1,True,2,1,0.0,35,35,3541505,Presidente Venceslau,,2,1,0.0,0.0,0.0,0.0,False,,0.0,0.0,True,0,0,0
354150,2,interior_proximo_polo,0.22,8.789964651132264,12.182122734886555,0,True,7,1,0.0,35,35,3541505,Presidente Venceslau,,7,1,0.0,0.0,0.0,0.0,False,,0.0,0.0,True,0,0,0
354340,16,metropolitano,0.319,11.391604929733672,0.0,0,True,34,1,0.0,35,35,3543402,Ribeirão Preto,SUDESTE,36,1,1.0,0.0,1.0,0.0,False,,0.0,0.0,True,2,2,0
354940,1,interior_proximo_polo,0.216,9.069352678675205,15.161983724857977,0,True,8,1,0.0,35,35,3549409,São Joaquim da Barra,,9,1,0.0,0.0,0.0,0.0,False,,0.0,0.0,True,1,1,0
354940,2,interior_proximo_polo,0.216,9.069352678675205,15.161983724857977,0,True,9,1,0.0,35,35,3549409,São Joaquim da Barra,,10,1,0.0,0.0,0.0,0.0,False,,0.0,0.0,True,1,1,0
355010,2,interior_proximo_polo,0.336,8.62299361030245,8.997660608241858,0,True,5,1,0.0,35,35,3550100,São Manuel,,5,1,0.0,0.0,0.0,0.0,False,,0.0,0.0,True,0,0,0
355370,1,interior_proximo_polo,0.372,9.006754319877503,12.15724735401087,0,True,5,1,0.0,35,35,3553708,Taquaritinga,,25,1,1.0,0.0,1.0,0.0,False,,0.0,0.0,True,20,20,0
355370,9,interior_proximo_polo,0.372,9.006754319877503,12.15724735401087,0,True,17,1,0.0,35,35,3553708,Taquaritinga,,17,1,2.0,0.0,2.0,0.0,False,,0.0,0.0,True,0,0,0
355500,1,interior_proximo_polo,0.326,9.150165648940114,58.41741901221455,0,True,28,1,0.0,35,35,3555000,Tupã,,28,1,0.0,0.0,0.0,0.0,False,,0.0,0.0,True,0,0,0
355500,4,interior_proximo_polo,0.326,9.150165648940114,58.41741901221455,0,False,1,1,0.0,35,35,3555000,Tupã,,1,1,0.0,0.0,0.0,0.0,False,,0.0,0.0,True,0,0,0
355500,5,interior_proximo_polo,0.326,9.150165648940114,58.41741901221455,0,True,7,1,0.0,35,35,3555000,Tupã,,7,1,0.0,0.0,0.0,0.0,False,,0.0,0.0,True,0,0,0
355500,7,interior_proximo_polo,0.326,9.150165648940114,58.41741901221455,1,False,8,1,0.0,35,35,3555000,Tupã,,8,1,0.0,0.0,0.0,0.0,False,,0.0,0.0,True,0,0,0
355500,10,interior_proximo_polo,0.326,9.150165648940114,58.41741901221455,0,False,8,1,0.0,35,35,3555000,Tupã,,8,1,0.0,0.0,0.0,0.0,False,,0.0,0.0,True,0,0,0
355500,11,interior_proximo_polo,0.326,9.150165648940114,58.41741901221455,0,False,8,1,0.0,35,35,3555000,Tupã,,8,1,0.0,0.0,0.0,0.0,False,,0.0,0.0,True,0,0,0
355500,12,interior_proximo_polo,0.326,9.150165648940114,58.41741901221455,0,True,2,1,0.0,35,35,3555000,Tupã,,2,1,0.0,0.0,0.0,0.0,False,,0.0,0.0,True,0,0,0
355500,15,interior_proximo_polo,0.326,9.150165648940114,58.41741901221455,1,True,4,1,0.0,35,35,3555000,Tupã,,4,1,1.0,0.0,1.0,0.0,False,,0.0,0.0,True,0,0,0
355710,1,interior_proximo_polo,0.195,9.069467813094768,116.67626175398195,0,True,58,1,0.0,35,35,3557105,Votuporanga,,83,1,3.0,0.0,3.0,0.0,False,,0.0,0.0,True,25,25,0
355710,2,interior_proximo_polo,0.195,9.069467813094768,116.67626175398195,0,True,69,1,2.0,35,35,3557105,Votuporanga,,75,1,2.0,0.0,2.0,0.0,False,,1.0,2.0,True,6,6,0
410480,7,metropolitano,0.318,10.546735203808643,2.6279827604330914,0,False,35,1,0.0,41,41,4104808,Cascavel,,36,1,1.0,0.0,1.0,0.0,False,,0.0,0.0,True,1,1,0
410690,16,capital,0.297,12.037967554207496,1.217574079770327,1,True,63,1,0.0,41,41,4106902,Curitiba,SUL,67,1,1.0,0.0,1.0,0.0,False,,0.0,0.0,True,4,4,0
411370,7,metropolitano,0.335,11.06137453266671,9.79113980386305,0,False,105,1,0.0,41,41,4113700,Londrina,SUL,110,1,3.0,2.0,1.0,0.0,False,,0.0,0.0,True,5,5,0
411370,10,metropolitano,0.335,11.06137453266671,9.79113980386305,0,False,102,1,0.0,41,41,4113700,Londrina,SUL,107,1,3.0,2.0,1.0,0.0,False,,0.0,0.0,True,5,5,0
411370,11,metropolitano,0.335,11.06137453266671,9.79113980386305,1,False,102,1,0.0,41,41,4113700,Londrina,SUL,107,1,3.0,2.0,1.0,0.0,False,,0.0,0.0,True,5,5,0
411820,7,interior_proximo_polo,0.244,9.993419660036736,1.3710525113111833,0,False,9,1,1.0,41,41,4118204,Paranaguá,,8,1,0.0,0.0,0.0,0.0,False,,1.0,1.0,True,-1,-1,0
411820,10,interior_proximo_polo,0.244,9.993419660036736,1.3710525113111833,0,False,8,1,1.0,41,41,4118204,Paranaguá,,7,1,0.0,0.0,0.0,0.0,False,,1.0,1.0,True,-1,-1,0
411820,11,interior_proximo_polo,0.244,9.993419660036736,1.3710525113111833,0,False,8,1,1.0,41,41,4118204,Paranaguá,,7,1,0.0,0.0,0.0,0.0,False,,1.0,1.0,True,-1,-1,0
411990,7,interior_proximo_polo,0.358,10.343804871411503,5.392267327688891,0,False,31,1,1.0,41,41,4119905,Ponta Grossa,,31,1,0.0,0.0,0.0,0.0,False,,1.0,1.0,True,0,0,0
411990,10,interior_proximo_polo,0.358,10.343804871411503,5.392267327688891,0,False,28,1,1.0,41,41,4119905,Ponta Grossa,,28,1,0.0,0.0,0.0,0.0,False,,1.0,1.0,True,0,0,0
411990,11,interior_proximo_polo,0.358,10.343804871411503,5.392267327688891,0,False,28,1,1.0,41,41,4119905,Ponta Grossa,,28,1,0.0,0.0,0.0,0.0,False,,1.0,1.0,True,0,0,0
420240,16,metropolitano,0.212,9.500693872983122,8.228605625374028,0,True,18,1,1.0,42,42,4202404,Blumenau,,18,1,2.0,0.0,2.0,0.0,False,,1.0,1.0,True,0,0,0
420420,4,metropolitano,0.257,9.854717388166698,6.125199068969741,1,False,7,1,0.0,42,42,4204202,Chapecó,SUL,11,1,1.0,0.0,1.0,0.0,False,,0.0,0.0,True,4,4,0
420420,5,metropolitano,0.257,9.854717388166698,6.125199068969741,0,True,14,1,0.0,42,42,4204202,Chapecó,SUL,15,1,0.0,0.0,0.0,0.0,False,,0.0,0.0,True,1,1,0
420420,16,metropolitano,0.257,9.854717388166698,6.125199068969741,1,True,7,1,2.0,42,42,4204202,Chapecó,SUL,10,1,0.0,0.0,0.0,0.0,False,,2.0,2.0,True,3,3,0
420460,5,metropolitano,0.197,9.40351943877092,11.060730970046714,0,True,7,1,1.0,42,42,4204608,Criciúma,SUL,7,1,0.0,0.0,0.0,0.0,False,,1.0,1.0,True,0,0,0
420460,12,metropolitano,0.197,9.40351943877092,11.060730970046714,0,True,10,1,0.0,42,42,4204608,Criciúma,SUL,10,1,0.0,0.0,0.0,0.0,False,,0.0,0.0,True,0,0,0
420460,16,metropolitano,0.197,9.40351943877092,11.060730970046714,0,True,8,1,0.0,42,42,4204608,Criciúma,SUL,8,1,0.0,0.0,0.0,0.0,False,,0.0,0.0,True,0,0,0
420540,16,capital,0.237,10.278355986666824,3.0933150025777625,1,True,36,1,0.0,42,42,4205407,Florianópolis,SUL,36,1,0.0,0.0,0.0,0.0,False,,0.0,0.0,True,0,0,0
420820,16,metropolitano,0.188,9.429074214801693,0.8036001285760206,1,True,8,1,0.0,42,42,4208203,Itajaí,SUL,7,1,0.0,0.0,0.0,0.0,False,,0.0,0.0,True,-1,-1,0
420890,3,metropolitano,0.202,9.014325488050225,15.817009368536318,1,True,6,1,0.0,42,42,4208906,Jaraguá do Sul,SUL,7,1,1.0,0.0,1.0,0.0,False,,0.0,0.0,True,1,1,0
420890,4,metropolitano,0.202,9.014325488050225,15.817009368536318,1,False,4,1,0.0,42,42,4208906,Jaraguá do Sul,SUL,4,1,0.0,0.0,0.0,0.0,False,,0.0,0.0,True,0,0,0
420890,5,metropolitano,0.202,9.014325488050225,15.817009368536318,0,True,4,1,0.0,42,42,4208906,Jaraguá do Sul,SUL,4,1,0.0,0.0,0.0,0.0,False,,0.0,0.0,True,0,0,0
420900,16,metropolitano,0.189,7.765569081097317,4.2426813746287655,0,True,4,1,0.0,42,42,4209003,Joaçaba,SUL,4,1,0.0,0.0,0.0,0.0,False,,0.0,0.0,True,0,0,0
420930,5,metropolitano,0.365,9.918080554839028,4.9278076183905775,0,True,7,1,0.0,42,42,4209300,Lages,SUL,6,1,0.0,0.0,0.0,0.0,False,,0.0,0.0,True,-1,-1,0
420930,12,metropolitano,0.365,9.918080554839028,4.9278076183905775,0,True,12,1,0.0,42,42,4209300,Lages,SUL,11,1,0.0,0.0,0.0,0.0,False,,0.0,0.0,True,-1,-1,0
421480,1,metropolitano,0.15,7.969011781106478,143.93677166262836,0,True,46,1,0.0,42,42,4214805,Rio do Sul,,47,1,0.0,0.0,0.0,0.0,False,,0.0,0.0,True,1,1,0
421480,12,metropolitano,0.15,7.969011781106478,143.93677166262836,1,True,5,1,0.0,42,42,4214805,Rio do Sul,,6,1,0.0,0.0,0.0,0.0,False,,0.0,0.0,True,1,1,0
421580,12,metropolitano,0.194,8.467582690862903,10.510826150935463,0,True,7,1,0.0,42,42,4215802,São Bento do Sul,,7,1,0.0,0.0,0.0,0.0,False,,0.0,0.0,True,0,0,0
421720,12,metropolitano,0.243,7.940583827104244,7.122507122507122,0,True,3,1,0.0,42,42,4217204,São Miguel do Oeste,SUL,3,1,0.0,0.0,0.0,0.0,False,,0.0,0.0,True,0,0,0
421870,16,metropolitano,0.153,8.344267356262645,4.756242568370987,0,True,8,1,0.0,42,42,4218707,Tubarão,SUL,8,1,0.0,0.0,0.0,0.0,False,,0.0,0.0,True,0,0,0
430530,9,interior_remoto,0.141,7.9865049385539955,11.337868480725625,0,True,6,1,0.0,43,43,4305306,Chapada,,6,1,0.0,0.0,0.0,0.0,False,,0.0,0.0,True,0,0,0
430535,14,metropolitano,0.201,9.649175779559453,1.6120711890637092,0,True,5,1,0.0,43,43,4305355,Charqueadas,,5,1,0.0,0.0,0.0,0.0,False,,0.0,0.0,True,0,0,0
430610,5,interior_proximo_polo,0.252,8.384804003370492,9.134505594884677,0,True,5,1,0.0,43,43,4306106,Cruz Alta,,6,1,0.0,0.0,0.0,0.0,False,,0.0,0.0,True,1,1,0
430700,1,interior_proximo_polo,0.275,8.766394277049736,28.063610851262865,0,True,19,1,0.0,43,43,4307005,Erechim,,19,1,0.0,0.0,0.0,0.0,False,,0.0,0.0,True,0,0,0
430700,16,interior_proximo_polo,0.275,8.766394277049736,28.063610851262865,0,True,7,1,0.0,43,43,4307005,Erechim,,7,1,0.0,0.0,0.0,0.0,False,,0.0,0.0,True,0,0,0
430850,7,interior_proximo_polo,0.153,9.400878083541478,3.306331625061994,0,False,3,1,0.0,43,43,4308508,Frederico Westphalen,,3,1,0.0,0.0,0.0,0.0,False,,0.0,0.0,True,0,0,0
430850,10,interior_proximo_polo,0.153,9.400878083541478,3.306331625061994,0,False,3,1,0.0,43,43,4308508,Frederico Westphalen,,3,1,0.0,0.0,0.0,0.0,False,,0.0,0.0,True,0,0,0
430850,11,interior_proximo_polo,0.153,9.400878083541478,3.306331625061994,0,False,3,1,0.0,43,43,4308508,Frederico Westphalen,,3,1,0.0,0.0,0.0,0.0,False,,0.0,0.0,True,0,0,0
430850,12,interior_proximo_polo,0.153,9.400878083541478,3.306331625061994,0,True,1,1,0.0,43,43,4308508,Frederico Westphalen,,1,1,0.0,0.0,0.0,0.0,False,,0.0,0.0,True,0,0,0
430900,6,interior_remoto,0.253,7.21081845347222,42.49815225424982,0,False,7,1,0.0,43,43,4309001,Giruá,,8,1,0.0,0.0,0.0,0.0,False,,0.0,0.0,True,1,1,0
430930,9,metropolitano,0.36,8.940760134888384,8.94883883359525,1,True,9,1,0.0,43,43,4309308,Guaíba,,17,1,6.0,0.0,6.0,0.0,False,,0.0,0.0,True,8,8,0
430930,14,metropolitano,0.36,8.940760134888384,8.94883883359525,0,True,12,1,0.0,43,43,4309308,Guaíba,,13,1,0.0,0.0,0.0,0.0,False,,0.0,0.0,True,1,1,0
431010,1,metropolitano,0.154,9.64711032991276,8.400103385887826,1,True,13,1,0.0,43,43,4310108,Igrejinha,,16,1,0.0,0.0,0.0,0.0,False,,0.0,0.0,True,3,3,0
431020,1,interior_proximo_polo,0.298,8.776784383701493,106.59363266985547,0,True,16,1,0.0,43,43,4310207,Ijuí,,18,1,0.0,0.0,0.0,0.0,False,,0.0,0.0,True,2,2,0
431020,7,interior_proximo_polo,0.298,8.776784383701493,106.59363266985547,0,False,16,1,0.0,43,43,4310207,Ijuí,,15,1,0.0,0.0,0.0,0.0,False,,0.0,0.0,True,-1,-1,0
431020,9,interior_proximo_polo,0.298,8.776784383701493,106.59363266985547,0,True,39,1,0.0,43,43,4310207,Ijuí,,40,1,0.0,0.0,0.0,0.0,False,,0.0,0.0,True,1,1,0
431020,15,interior_proximo_polo,0.298,8.776784383701493,106.59363266985547,0,True,7,1,0.0,43,43,4310207,Ijuí,,7,1,0.0,0.0,0.0,0.0,False,,0.0,0.0,True,0,0,0
431020,16,interior_proximo_polo,0.298,8.776784383701493,106.59363266985547,0,True,11,1,0.0,43,43,4310207,Ijuí,,11,1,0.0,0.0,0.0,0.0,False,,0.0,0.0,True,0,0,0
431270,1,interior_remoto,0.296,6.871091294610546,114.2263759086189,0,True,2,1,0.0,43,43,4312708,Nonoai,,2,1,0.0,0.0,0.0,0.0,False,,0.0,0.0,True,0,0,0
431270,2,interior_remoto,0.296,6.871091294610546,114.2263759086189,0,True,8,1,0.0,43,43,4312708,Nonoai,,8,1,0.0,0.0,0.0,0.0,False,,0.0,0.0,True,0,0,0
431340,7,metropolitano,0.228,9.277812087091196,9.192608519522608,1,False,45,1,0.0,43,43,4313409,Novo Hamburgo,,49,1,1.0,0.0,1.0,0.0,False,,0.0,0.0,True,4,4,0
431340,10,metropolitano,0.228,9.277812087091196,9.192608519522608,0,False,28,1,0.0,43,43,4313409,Novo Hamburgo,,30,1,0.0,0.0,0.0,0.0,False,,0.0,0.0,True,2,2,0
431340,11,metropolitano,0.228,9.277812087091196,9.192608519522608,0,False,28,1,0.0,43,43,4313409,Novo Hamburgo,,30,1,0.0,0.0,0.0,0.0,False,,0.0,0.0,True,2,2,0
431405,7,metropolitano,0.21,7.962067308753666,44.73103288021378,0,False,7,1,0.0,43,43,4314050,Parobé,SUL,8,1,0.0,0.0,0.0,0.0,False,,0.0,0.0,True,1,1,0
431405,9,metropolitano,0.21,7.962067308753666,44.73103288021378,0,True,6,1,0.0,43,43,4314050,Parobé,SUL,5,1,0.0,0.0,0.0,0.0,False,,0.0,0.0,True,-1,-1,0
431405,10,metropolitano,0.21,7.962067308753666,44.73103288021378,0,False,3,1,0.0,43,43,4314050,Parobé,SUL,4,1,0.0,0.0,0.0,0.0,False,,0.0,0.0,True,1,1,0
431405,11,metropolitano,0.21,7.962067308753666,44.73103288021378,0,False,3,1,0.0,43,43,4314050,Parobé,SUL,4,1,0.0,0.0,0.0,0.0,False,,0.0,0.0,True,1,1,0
431440,7,interior_proximo_polo,0.31,10.334977718468442,3.085417343293277,0,False,47,1,0.0,43,43,4314407,Pelotas,SUL,47,1,0.0,0.0,0.0,0.0,False,,0.0,0.0,True,0,0,0
431490,16,capital,0.319,11.881519098302489,1.314251326356273,0,True,85,1,0.0,43,43,4314902,Porto Alegre,SUL,88,1,0.0,1.0,-1.0,0.0,False,,0.0,0.0,True,3,3,0
431560,5,interior_proximo_polo,0.334,9.88674822853183,4.321960644734835,1,True,2,1,0.0,43,43,4315602,Rio Grande,SUL,2,1,0.0,0.0,0.0,0.0,False,,0.0,0.0,True,0,0,0
431560,7,interior_proximo_polo,0.334,9.88674822853183,4.321960644734835,0,False,18,1,0.0,43,43,4315602,Rio Grande,SUL,19,1,0.0,0.0,0.0,0.0,False,,0.0,0.0,True,1,1,0
431560,10,interior_proximo_polo,0.334,9.88674822853183,4.321960644734835,0,False,16,1,0.0,43,43,4315602,Rio Grande,SUL,17,1,0.0,0.0,0.0,0.0,False,,0.0,0.0,True,1,1,0
431560,11,interior_proximo_polo,0.334,9.88674822853183,4.321960644734835,0,False,16,1,0.0,43,43,4315602,Rio Grande,SUL,17,1,0.0,0.0,0.0,0.0,False,,0.0,0.0,True,1,1,0
431690,3,interior_proximo_polo,0.281,9.919754525,18.89932929928994,0,True,3,1,0.0,43,43,4316907,Santa Maria,SUL,3,1,0.0,0.0,0.0,0.0,False,,0.0,0.0,True,0,0,0
431690,6,interior_proximo_polo,0.281,9.919754525,18.89932929928994,1,False,119,1,0.0,43,43,4316907,Santa Maria,SUL,114,1,3.0,0.0,3.0,0.0,False,,0.0,0.0,True,-5,-5,0
431690,16,interior_proximo_polo,0.281,9.919754525,18.89932929928994,0,True,10,1,0.0,43,43,4316907,Santa Maria,SUL,9,1,0.0,1.0,-1.0,0.0,False,,0.0,0.0,True,-1,-1,0
431720,4,interior_proximo_polo,0.247,8.307705966549513,167.32445321493174,1,False,2,1,0.0,43,43,4317202,Santa Rosa,,2,1,0.0,0.0,0.0,0.0,False,,0.0,0.0,True,0,0,0
431720,5,interior_proximo_polo,0.247,8.307705966549513,167.32445321493174,0,True,7,1,0.0,43,43,4317202,Santa Rosa,,7,1,0.0,0.0,0.0,0.0,False,,0.0,0.0,True,0,0,0
431720,6,interior_proximo_polo,0.247,8.307705966549513,167.32445321493174,1,False,24,1,0.0,43,43,4317202,Santa Rosa,,25,1,0.0,0.0,0.0,0.0,False,,0.0,0.0,True,1,1,0
431720,7,interior_proximo_polo,0.247,8.307705966549513,167.32445321493174,0,False,10,1,0.0,43,43,4317202,Santa Rosa,,10,1,0.0,0.0,0.0,0.0,False,,0.0,0.0,True,0,0,0
431720,10,interior_proximo_polo,0.247,8.307705966549513,167.32445321493174,0,False,10,1,0.0,43,43,4317202,Santa Rosa,,10,1,0.0,0.0,0.0,0.0,False,,0.0,0.0,True,0,0,0
431720,11,interior_proximo_polo,0.247,8.307705966549513,167.32445321493174,0,False,10,1,0.0,43,43,4317202,Santa Rosa,,10,1,0.0,0.0,0.0,0.0,False,,0.0,0.0,True,0,0,0
431720,15,interior_proximo_polo,0.247,8.307705966549513,167.32445321493174,1,False,7,1,0.0,43,43,4317202,Santa Rosa,,8,1,0.0,0.0,0.0,0.0,False,,0.0,0.0,True,1,1,0
431800,2,interior_proximo_polo,0.298,8.59007183682881,43.394705845886804,0,True,14,1,0.0,43,43,4318002,São Borja,,11,1,0.0,0.0,0.0,0.0,False,,0.0,0.0,True,-3,-3,0
431800,6,interior_proximo_polo,0.298,8.59007183682881,43.394705845886804,0,False,15,1,0.0,43,43,4318002,São Borja,,20,1,0.0,0.0,0.0,0.0,False,,0.0,0.0,True,5,5,0
432240,16,interior_proximo_polo,0.3,9.599540587618312,0.0,0,True,2,1,0.0,43,43,4322400,Uruguaiana,SUL,3,1,1.0,0.0,1.0,0.0,False,,0.0,0.0,True,1,1,0
500110,1,interior_proximo_polo,0.341,9.223157875686796,2.962085308056872,1,True,4,1,0.0,50,50,5001102,Aquidauana,CENTRO-OESTE,4,1,0.0,0.0,0.0,0.0,False,,0.0,0.0,True,0,0,0
500270,16,capital,0.318,12.125621521132548,0.3251345244094744,0,True,22,1,0.0,50,50,5002704,Campo Grande,CENTRO-OESTE,22,1,0.0,0.0,0.0,0.0,False,,0.0,0.0,True,0,0,0
500320,1,interior_proximo_polo,0.338,10.392558244499089,9.990290766007462,0,True,6,1,0.0,50,50,5003207,Corumbá,,6,1,0.0,0.0,0.0,0.0,False,,0.0,0.0,True,0,0,0
500320,6,interior_proximo_polo,0.338,10.392558244499089,9.990290766007462,0,False,26,1,0.0,50,50,5003207,Corumbá,,26,1,1.0,0.0,1.0,0.0,False,,0.0,0.0,True,0,0,0
500320,12,interior_proximo_polo,0.338,10.392558244499089,9.990290766007462,0,True,2,1,0.0,50,50,5003207,Corumbá,,2,1,0.0,0.0,0.0,0.0,False,,0.0,0.0,True,0,0,0
500330,1,interior_proximo_polo,0.273,9.09549053029724,2.243661655822302,0,True,2,1,1.0,50,50,5003306,Coxim,,2,1,0.0,0.0,0.0,0.0,False,,1.0,1.0,True,0,0,0
500370,7,interior_proximo_polo,0.253,10.473449632525694,5.679193884380095,0,False,29,1,0.0,50,50,5003702,Dourados,CENTRO-OESTE,30,1,0.0,0.0,0.0,0.0,False,,0.0,0.0,True,1,1,0
500370,10,interior_proximo_polo,0.253,10.473449632525694,5.679193884380095,0,False,22,1,0.0,50,50,5003702,Dourados,CENTRO-OESTE,23,1,0.0,0.0,0.0,0.0,False,,0.0,0.0,True,1,1,0
500370,11,interior_proximo_polo,0.253,10.473449632525694,5.679193884380095,0,False,22,1,0.0,50,50,5003702,Dourados,CENTRO-OESTE,23,1,0.0,0.0,0.0,0.0,False,,0.0,0.0,True,1,1,0
500830,2,interior_proximo_polo,0.24,10.148627401722234,13.435074675536427,0,True,16,1,0.0,50,50,5008305,Três Lagoas,CENTRO-OESTE,18,1,0.0,1.0,-1.0,0.0,False,,0.0,0.0,True,2,2,0
500830,3,interior_proximo_polo,0.24,10.148627401722234,13.435074675536427,0,True,3,1,0.0,50,50,5008305,Três Lagoas,CENTRO-OESTE,4,1,0.0,0.0,0.0,0.0,False,,0.0,0.0,True,1,1,0
500830,4,interior_proximo_polo,0.24,10.148627401722234,13.435074675536427,1,False,2,1,0.0,50,50,5008305,Três Lagoas,CENTRO-OESTE,2,1,0.0,0.0,0.0,0.0,False,,0.0,0.0,True,0,0,0
500830,5,interior_proximo_polo,0.24,10.148627401722234,13.435074675536427,0,True,5,1,0.0,50,50,5008305,Três Lagoas,CENTRO-OESTE,5,1,0.0,0.0,0.0,0.0,False,,0.0,0.0,True,0,0,0
500830,6,interior_proximo_polo,0.24,10.148627401722234,13.435074675536427,0,False,28,1,0.0,50,50,5008305,Três Lagoas,CENTRO-OESTE,32,1,2.0,1.0,1.0,0.0,False,,0.0,0.0,True,4,4,0
510025,11,interior_proximo_polo,0.253,9.33846969968671,0.4399084990322013,0,False,4,1,0.0,51,51,5100250,Alta Floresta,,5,1,0.0,0.0,0.0,0.0,False,,0.0,0.0,True,1,1,0
510250,1,interior_proximo_polo,0.306,10.176753713253548,20.513113174047582,0,True,11,1,0.0,51,51,5102504,Cáceres,CENTRO-OESTE,14,1,0.0,0.0,0.0,0.0,False,,0.0,0.0,True,3,3,0
510250,7,interior_proximo_polo,0.306,10.176753713253548,20.513113174047582,0,False,8,1,0.0,51,51,5102504,Cáceres,CENTRO-OESTE,10,1,0.0,0.0,0.0,0.0,False,,0.0,0.0,True,2,2,0
510250,8,interior_proximo_polo,0.306,10.176753713253548,20.513113174047582,0,False,21,1,1.0,51,51,5102504,Cáceres,CENTRO-OESTE,22,1,0.0,0.0,0.0,0.0,False,,0.0,1.0,True,1,1,0
510250,9,interior_proximo_polo,0.306,10.176753713253548,20.513113174047582,0,True,9,1,0.0,51,51,5102504,Cáceres,CENTRO-OESTE,9,1,0.0,0.0,0.0,0.0,False,,0.0,0.0,True,0,0,0
510250,10,interior_proximo_polo,0.306,10.176753713253548,20.513113174047582,0,False,6,1,0.0,51,51,5102504,Cáceres,CENTRO-OESTE,8,1,0.0,0.0,0.0,0.0,False,,0.0,0.0,True,2,2,0
510250,11,interior_proximo_polo,0.306,10.176753713253548,20.513113174047582,1,False,6,1,0.0,51,51,5102504,Cáceres,CENTRO-OESTE,8,1,0.0,0.0,0.0,0.0,False,,0.0,0.0,True,2,2,0
510250,12,interior_proximo_polo,0.306,10.176753713253548,20.513113174047582,1,True,4,1,0.0,51,51,5102504,Cáceres,CENTRO-OESTE,4,1,0.0,0.0,0.0,0.0,False,,0.0,0.0,True,0,0,0
510250,14,interior_proximo_polo,0.306,10.176753713253548,20.513113174047582,1,True,16,1,0.0,51,51,5102504,Cáceres,CENTRO-OESTE,17,1,0.0,0.0,0.0,0.0,False,,0.0,0.0,True,1,1,0
510260,1,interior_remoto,0.303,7.759614150696903,7.113387395077536,0,True,3,1,0.0,51,51,5102603,Campinápolis,,3,1,0.0,0.0,0.0,0.0,False,,0.0,0.0,True,0,0,0
510270,1,interior_proximo_polo,0.277,8.198089248956116,8.257638315441783,0,True,4,1,0.0,51,51,5102702,Canarana,,4,1,0.0,0.0,0.0,0.0,False,,0.0,0.0,True,0,0,0
510270,7,interior_proximo_polo,0.277,8.198089248956116,8.257638315441783,0,False,2,1,0.0,51,51,5102702,Canarana,,2,1,0.0,0.0,0.0,0.0,False,,0.0,0.0,True,0,0,0
510320,7,interior_proximo_polo,0.278,8.750207862525711,4.753604816986215,0,False,4,1,1.0,51,51,5103205,Colíder,CENTRO-OESTE,5,1,0.0,0.0,0.0,0.0,False,,1.0,1.0,True,1,1,0
510320,10,interior_proximo_polo,0.278,8.750207862525711,4.753604816986215,0,False,4,1,1.0,51,51,5103205,Colíder,CENTRO-OESTE,4,1,0.0,0.0,0.0,0.0,False,,1.0,1.0,True,0,0,0
510320,11,interior_proximo_polo,0.278,8.750207862525711,4.753604816986215,0,False,4,1,1.0,51,51,5103205,Colíder,CENTRO-OESTE,4,1,0.0,0.0,0.0,0.0,False,,1.0,1.0,True,0,0,0
510320,15,interior_proximo_polo,0.278,8.750207862525711,4.753604816986215,0,True,0,0,0.0,51,51,5103205,Colíder,CENTRO-OESTE,2,1,0.0,0.0,0.0,0.0,False,,0.0,0.0,True,2,2,1
510350,1,interior_proximo_polo,0.255,8.447199819595703,10.906100264607021,0,True,5,1,0.0,51,51,5103502,Diamantino,,2,1,1.0,0.0,1.0,0.0,False,,0.0,0.0,True,-3,-3,0
510350,8,interior_proximo_polo,0.255,8.447199819595703,10.906100264607021,1,False,6,1,0.0,51,51,5103502,Diamantino,,6,1,0.0,0.0,0.0,0.0,False,,0.0,0.0,True,0,0,0
510350,11,interior_proximo_polo,0.255,8.447199819595703,10.906100264607021,0,False,3,1,0.0,51,51,5103502,Diamantino,,3,1,0.0,0.0,0.0,0.0,False,,0.0,0.0,True,0,0,0
510410,1,interior_proximo_polo,0.302,8.6921543938039,9.515813042261405,0,True,2,1,0.0,51,51,5104104,Guarantã do Norte,,3,1,0.0,0.0,0.0,0.0,False,,0.0,0.0,True,1,1,0
510510,1,interior_proximo_polo,0.265,8.792549614177382,1.5188335358444716,0,True,4,1,0.0,51,51,5105101,Juara,,8,1,0.0,0.0,0.0,0.0,False,,0.0,0.0,True,4,4,0
510562,1,interior_proximo_polo,0.237,8.664750755773852,1.7259233690024163,0,True,2,1,0.0,51,51,5105622,Mirassol D'Oeste,,2,1,0.0,0.0,0.0,0.0,False,,0.0,0.0,True,0,0,0
510625,1,interior_proximo_polo,0.249,8.470101583882387,6.290626965820927,0,True,4,1,0.0,51,51,5106257,Nova Xavantina,,4,1,0.0,0.0,0.0,0.0,False,,0.0,0.0,True,0,0,0
510629,8,interior_remoto,0.292,7.186901020411631,45.42013626040878,0,False,3,1,0.0,51,51,5106299,Paranaíta,CENTRO-OESTE,3,1,0.0,0.0,0.0,0.0,False,,0.0,0.0,True,0,0,0
510629,11,interior_remoto,0.292,7.186901020411631,45.42013626040878,0,False,1,1,0.0,51,51,5106299,Paranaíta,CENTRO-OESTE,1,1,0.0,0.0,0.0,0.0,False,,0.0,0.0,True,0,0,0
510629,14,interior_remoto,0.292,7.186901020411631,45.42013626040878,0,True,3,1,0.0,51,51,5106299,Paranaíta,CENTRO-OESTE,3,1,0.0,0.0,0.0,0.0,False,,0.0,0.0,True,0,0,0
510642,1,interior_remoto,0.345,8.807771066980044,3.9890301670406383,0,True,2,1,0.0,51,51,5106422,Peixoto de Azevedo,,2,1,0.0,0.0,0.0,0.0,False,,0.0,0.0,True,0,0,0
510706,1,interior_remoto,0.316,7.129297548929373,12.028869286287089,0,True,1,1,0.0,51,51,5107065,Querência,,1,1,0.0,0.0,0.0,0.0,False,,0.0,0.0,True,0,0,0
510718,1,interior_remoto,0.326,7.605890001053122,0.0,0,True,0,0,0.0,51,51,5107180,Ribeirão Cascalheira,,0,0,0.0,0.0,0.0,0.0,False,,0.0,0.0,True,0,0,0
510760,11,interior_proximo_polo,0.224,10.895479272753965,0.5562663403237471,0,False,19,1,0.0,51,51,5107602,Rondonópolis,CENTRO-OESTE,21,1,0.0,0.0,0.0,0.0,False,,0.0,0.0,True,2,2,0
510785,1,interior_proximo_polo,0.297,7.738052297689316,4.361098996947231,0,True,1,1,0.0,51,51,5107859,São Félix do Araguaia,,1,1,0.0,0.0,0.0,0.0,False,,0.0,0.0,True,0,0,0
510792,7,interior_proximo_polo,0.267,9.5078490052457,4.45632798573975,0,False,7,1,0.0,51,51,5107925,Sorriso,CENTRO-OESTE,8,1,0.0,0.0,0.0,0.0,False,,0.0,0.0,True,1,1,0
510792,10,interior_proximo_polo,0.267,9.5078490052457,4.45632798573975,0,False,6,1,0.0,51,51,5107925,Sorriso,CENTRO-OESTE,7,1,0.0,0.0,0.0,0.0,False,,0.0,0.0,True,1,1,0
510792,11,interior_proximo_polo,0.267,9.5078490052457,4.45632798573975,0,False,6,1,0.0,51,51,5107925,Sorriso,CENTRO-OESTE,7,1,0.0,0.0,0.0,0.0,False,,0.0,0.0,True,1,1,0
510795,8,interior_proximo_polo,0.231,9.946547041996576,1.436850423870875,0,False,22,1,1.0,51,51,5107958,Tangará da Serra,,22,1,0.0,0.0,0.0,0.0,False,,1.0,1.0,True,0,0,0
520025,7,metropolitano,0.404,10.890683991926014,0.5589402492873512,1,False,8,1,2.0,52,52,5200258,Águas Lindas de Goiás,,10,1,0.0,1.0,-1.0,0.0,False,,2.0,2.0,True,2,2,0
520140,7,metropolitano,0.369,11.860203394947764,3.0148859996231394,1,False,47,1,0.0,52,52,5201405,Aparecida de Goiânia,CENTRO-OESTE,52,1,0.0,1.0,-1.0,0.0,False,,0.0,0.0,True,5,5,0
520140,10,metropolitano,0.369,11.860203394947764,3.0148859996231394,1,False,35,1,0.0,52,52,5201405,Aparecida de Goiânia,CENTRO-OESTE,40,1,0.0,1.0,-1.0,0.0,False,,0.0,0.0,True,5,5,0
520140,11,metropolitano,0.369,11.860203394947764,3.0148859996231394,1,False,35,1,0.0,52,52,5201405,Aparecida de Goiânia,CENTRO-OESTE,40,1,0.0,1.0,-1.0,0.0,False,,0.0,0.0,True,5,5,0
520170,1,interior_proximo_polo,0.287,8.676928249537397,6.25177607274794,0,True,2,1,0.0,52,52,5201702,Aragarças,CENTRO-OESTE,2,1,0.0,0.0,0.0,0.0,False,,0.0,0.0,True,0,0,0
520490,1,interior_proximo_polo,0.315,8.733594061863055,1.6110842597067825,0,True,1,1,0.0,52,52,5204904,Campos Belos,,1,1,0.0,0.0,0.0,0.0,False,,0.0,0.0,True,0,0,0
520490,14,interior_proximo_polo,0.315,8.733594061863055,1.6110842597067825,0,True,1,1,0.0,52,52,5204904,Campos Belos,,1,1,0.0,0.0,0.0,0.0,False,,0.0,0.0,True,0,0,0
520510,8,interior_proximo_polo,0.211,9.70625538300642,0.7105589053332522,0,False,36,1,0.0,52,52,5205109,Catalão,SUDESTE,41,1,0.0,0.0,0.0,0.0,False,,0.0,0.0,True,5,5,0
520640,1,interior_proximo_polo,0.262,8.263074835802596,0.0,1,True,2,1,0.0,52,52,5206404,Crixás,,2,1,0.0,0.0,0.0,0.0,False,,0.0,0.0,True,0,0,0
520970,1,metropolitano,0.343,7.81156848934518,4.051863857374392,1,True,1,1,0.0,52,52,5209705,Hidrolândia,CENTRO-OESTE,2,1,0.0,0.0,0.0,0.0,False,,0.0,0.0,True,1,1,0
521020,1,interior_proximo_polo,0.204,8.885025658050846,2.423151481584049,1,True,4,1,0.0,52,52,5210208,Iporá,CENTRO-OESTE,4,1,0.0,0.0,0.0,0.0,False,,0.0,0.0,True,0,0,0
521040,14,interior_remoto,0.326,8.939056445334039,6.559097468188377,0,True,13,1,0.0,52,52,5210406,Itaberaí,,13,1,0.0,0.0,0.0,0.0,False,,0.0,0.0,True,0,0,0
521150,7,interior_proximo_polo,0.252,9.911158058840348,5.95444846921054,0,False,12,1,0.0,52,52,5211503,Itumbiara,CENTRO-OESTE,12,1,0.0,0.0,0.0,0.0,False,,0.0,0.0,True,0,0,0
521150,10,interior_proximo_polo,0.252,9.911158058840348,5.95444846921054,0,False,10,1,0.0,52,52,5211503,Itumbiara,CENTRO-OESTE,10,1,0.0,0.0,0.0,0.0,False,,0.0,0.0,True,0,0,0
521150,11,interior_proximo_polo,0.252,9.911158058840348,5.95444846921054,0,False,10,1,0.0,52,52,5211503,Itumbiara,CENTRO-OESTE,10,1,0.0,0.0,0.0,0.0,False,,0.0,0.0,True,0,0,0
521250,11,metropolitano,0.436,10.857940745504632,0.9625750808563068,0,False,4,1,0.0,52,52,5212501,Luziânia,CENTRO-OESTE,3,1,0.0,0.0,0.0,0.0,False,,0.0,0.0,True,-1,-1,0
521250,14,metropolitano,0.436,10.857940745504632,0.9625750808563068,1,True,50,1,0.0,52,52,5212501,Luziânia,CENTRO-OESTE,57,1,3.0,0.0,3.0,0.0,False,,0.0,0.0,True,7,7,0
521280,8,interior_proximo_polo,0.324,7.8351837552667485,2.9679461812425805,0,False,2,1,0.0,52,52,5212808,Mara Rosa,,1,1,0.0,0.0,0.0,0.0,False,,0.0,0.0,True,-1,-1,0
521308,2,interior_proximo_polo,0.286,9.038008749211576,1.188212927756654,0,True,2,1,0.0,52,52,5213087,Minaçu,,2,1,0.0,0.0,0.0,0.0,False,,0.0,0.0,True,0,0,0
521380,1,interior_proximo_polo,0.265,8.873748128154395,3.034122205106661,0,True,5,1,0.0,52,52,5213806,Morrinhos,CENTRO-OESTE,5,1,0.0,0.0,0.0,0.0,False,,0.0,0.0,True,0,0,0
521720,7,interior_remoto,0.278,7.970049304976135,8.644536652835408,0,False,0,0,0.0,52,52,5217203,Piranhas,,0,0,0.0,0.0,0.0,0.0,False,,0.0,0.0,True,0,0,0
521720,8,interior_remoto,0.278,7.970049304976135,8.644536652835408,0,False,1,1,0.0,52,52,5217203,Piranhas,,1,1,0.0,0.0,0.0,0.0,False,,0.0,0.0,True,0,0,0
521720,9,interior_remoto,0.278,7.970049304976135,8.644536652835408,0,True,0,0,0.0,52,52,5217203,Piranhas,,0,0,0.0,0.0,0.0,0.0,False,,0.0,0.0,True,0,0,0
521720,14,interior_remoto,0.278,7.970049304976135,8.644536652835408,0,True,2,1,0.0,52,52,5217203,Piranhas,,2,1,0.0,0.0,0.0,0.0,False,,0.0,0.0,True,0,0,0
521800,1,interior_proximo_polo,0.248,9.325809621782296,9.504291781757699,0,True,3,1,0.0,52,52,5218003,Porangatu,,3,1,0.0,0.0,0.0,0.0,False,,0.0,0.0,True,0,0,0
521800,2,interior_proximo_polo,0.248,9.325809621782296,9.504291781757699,0,True,5,1,0.0,52,52,5218003,Porangatu,,6,1,0.0,0.0,0.0,0.0,False,,0.0,0.0,True,1,1,0
521800,7,interior_proximo_polo,0.248,9.325809621782296,9.504291781757699,0,False,4,1,0.0,52,52,5218003,Porangatu,,4,1,0.0,0.0,0.0,0.0,False,,0.0,0.0,True,0,0,0
521800,8,interior_proximo_polo,0.248,9.325809621782296,9.504291781757699,0,False,8,1,1.0,52,52,5218003,Porangatu,,7,1,0.0,0.0,0.0,0.0,False,,1.0,1.0,True,-1,-1,0
521800,9,interior_proximo_polo,0.248,9.325809621782296,9.504291781757699,0,True,6,1,0.0,52,52,5218003,Porangatu,,6,1,0.0,0.0,0.0,0.0,False,,0.0,0.0,True,0,0,0
521800,10,interior_proximo_polo,0.248,9.325809621782296,9.504291781757699,0,False,4,1,0.0,52,52,5218003,Porangatu,,4,1,0.0,0.0,0.0,0.0,False,,0.0,0.0,True,0,0,0
521800,11,interior_proximo_polo,0.248,9.325809621782296,9.504291781757699,0,False,4,1,0.0,52,52,5218003,Porangatu,,4,1,0.0,0.0,0.0,0.0,False,,0.0,0.0,True,0,0,0
521800,14,interior_proximo_polo,0.248,9.325809621782296,9.504291781757699,0,True,12,1,0.0,52,52,5218003,Porangatu,,13,1,0.0,0.0,0.0,0.0,False,,0.0,0.0,True,1,1,0
521800,15,interior_proximo_polo,0.248,9.325809621782296,9.504291781757699,0,True,1,1,0.0,52,52,5218003,Porangatu,,1,1,0.0,0.0,0.0,0.0,False,,0.0,0.0,True,0,0,0
521880,12,interior_proximo_polo,0.243,10.658317618283657,0.31340102795537167,0,True,6,1,0.0,52,52,5218805,Rio Verde,CENTRO-OESTE,6,1,0.0,0.0,0.0,0.0,False,,0.0,0.0,True,0,0,0
522020,8,interior_remoto,0.324,8.554103545436334,1.9278966647387699,0,False,1,1,0.0,52,52,5220207,São Miguel do Araguaia,,1,1,0.0,0.0,0.0,0.0,False,,0.0,0.0,True,0,0,0
522020,14,interior_remoto,0.324,8.554103545436334,1.9278966647387699,1,True,2,1,0.0,52,52,5220207,São Miguel do Araguaia,,2,1,0.0,0.0,0.0,0.0,False,,0.0,0.0,True,0,0,0
522045,14,metropolitano,0.389,10.233869854519936,0.3593373818678357,1,True,25,1,0.0,52,52,5220454,Senador Canedo,CENTRO-OESTE,46,1,0.0,2.0,-2.0,0.0,False,,0.0,0.0,True,21,21,0
522060,6,interior_proximo_polo,0.3,8.041091003708633,5.367686527106817,1,False,1,1,0.0,52,52,5220603,Silvânia,CENTRO-OESTE,2,1,0.0,0.0,0.0,0.0,False,,0.0,0.0,True,1,1,0
522060,8,interior_proximo_polo,0.3,8.041091003708633,5.367686527106817,1,False,1,1,0.0,52,52,5220603,Silvânia,CENTRO-OESTE,2,1,0.0,0.0,0.0,0.0,False,,0.0,0.0,True,1,1,0
522060,14,interior_proximo_polo,0.3,8.041091003708633,5.367686527106817,0,True,1,1,0.0,52,52,5220603,Silvânia,CENTRO-OESTE,1,1,0.0,0.0,0.0,0.0,False,,0.0,0.0,True,0,0,0
522160,7,interior_proximo_polo,0.222,9.28489110324048,1.1603081778520377,0,False,7,1,0.0,52,52,5221601,Uruaçu,,7,1,0.0,0.0,0.0,0.0,False,,0.0,0.0,True,0,0,0
522160,10,interior_proximo_polo,0.222,9.28489110324048,1.1603081778520377,0,False,5,1,0.0,52,52,5221601,Uruaçu,,5,1,0.0,0.0,0.0,0.0,False,,0.0,0.0,True,0,0,0
522160,11,interior_proximo_polo,0.222,9.28489110324048,1.1603081778520377,0,False,5,1,0.0,52,52,5221601,Uruaçu,,5,1,0.0,0.0,0.0,0.0,False,,0.0,0.0,True,0,0,0
530010,14,capital,0.315,13.475188319588275,0.1463960798643318,1,True,712,1,5.0,53,RESTO,5300108,Brasília,CENTRO-OESTE,923,1,66.0,6.0,60.0,0.0,False,,5.0,5.0,True,211,211,0
