co_ibge_6d,sg_uf,no_municipio,ivs_adm,categoria_publicada,amazonia_legal,faixa_fronteira,pmmb_situacao_esf,pmmb_vagas_esf,categoria_recalculada,faixa_regra,valor_bolsa_regra,ivs_2010,ofertado_2025_c1_ch1,faixa_anunciada_2025_c1_ch1,ofertado_2025_c1_ch2,faixa_anunciada_2025_c1_ch2,ofertado_2026_c2_ch1,faixa_anunciada_2026_c2_ch1,ofertado_2026_c2_ch2,faixa_anunciada_2026_c2_ch2,ofertado_2026_c3_ch1,faixa_anunciada_2026_c3_ch1,ofertado_alguma_onda
110001,RO,ALTA FLORESTA D'OESTE,0.376,MEDIA VULNERABILIDADE,True,True,CADASTRO RESERVA,0,MEDIA VULNERABILIDADE,FAIXA 2,15000,0.332,True,FAIXA 2,True,FAIXA 2,False,,False,,True,FAIXA 2,True
110002,RO,ARIQUEMES,0.268,BAIXA VULNERABILIDADE,True,False,CADASTRO RESERVA,0,BAIXA VULNERABILIDADE,FAIXA 3,10000,0.260,True,FAIXA 3,True,FAIXA 3,True,FAIXA 3,True,FAIXA 3,True,FAIXA 3,True
110003,RO,CABIXI,0.300,BAIXA VULNERABILIDADE,True,True,CADASTRO RESERVA,0,BAIXA VULNERABILIDADE,FAIXA 3,10000,0.268,False,,False,,False,,False,,False,,False
110004,RO,CACOAL,0.255,BAIXA VULNERABILIDADE,True,False,CADASTRO RESERVA,0,BAIXA VULNERABILIDADE,FAIXA 3,10000,0.256,True,FAIXA 3,True,FAIXA 3,True,FAIXA 3,True,FAIXA 3,True,FAIXA 3,True
110005,RO,CEREJEIRAS,0.280,BAIXA VULNERABILIDADE,True,True,CADASTRO RESERVA,0,BAIXA VULNERABILIDADE,FAIXA 3,10000,0.305,True,FAIXA 3,True,FAIXA 3,False,,False,,True,FAIXA 3,True
110006,RO,COLORADO DO OESTE,0.280,BAIXA VULNERABILIDADE,True,True,CADASTRO RESERVA,0,BAIXA VULNERABILIDADE,FAIXA 3,10000,0.316,True,FAIXA 3,True,FAIXA 3,False,,False,,True,FAIXA 3,True
110007,RO,CORUMBIARA,0.336,MEDIA VULNERABILIDADE,True,True,CADASTRO RESERVA,0,MEDIA VULNERABILIDADE,FAIXA 2,15000,0.328,False,,False,,False,,False,,False,,False
110008,RO,COSTA MARQUES,0.493,ALTA VULNERABILIDADE,True,True,CADASTRO RESERVA,0,ALTA VULNERABILIDADE,FAIXA 1,20000,0.434,False,,False,,False,,False,,False,,False
110009,RO,ESPIGAO D'OESTE,0.364,MEDIA VULNERABILIDADE,True,False,CONFIRMAÇÃO DE VAGAS (ADERIDOS),1,MEDIA VULNERABILIDADE,FAIXA 2,15000,0.290,False,,True,FAIXA 2,False,,False,,True,FAIXA 2,True
110010,RO,GUAJARA-MIRIM,0.386,MEDIA VULNERABILIDADE,True,True,CADASTRO RESERVA,0,MEDIA VULNERABILIDADE,FAIXA 2,15000,0.372,False,,False,,False,,False,,True,FAIXA 2,True
110011,RO,JARU,0.304,MEDIA VULNERABILIDADE,True,False,CADASTRO RESERVA,0,MEDIA VULNERABILIDADE,FAIXA 2,15000,0.308,True,FAIXA 2,True,FAIXA 2,True,FAIXA 2,False,,True,FAIXA 2,True
110012,RO,JI-PARANA,0.267,BAIXA VULNERABILIDADE,True,False,CADASTRO RESERVA,0,BAIXA VULNERABILIDADE,FAIXA 3,10000,0.289,True,FAIXA 3,True,FAIXA 3,True,FAIXA 3,True,FAIXA 3,True,FAIXA 3,True
110013,RO,MACHADINHO D'OESTE,0.434,ALTA VULNERABILIDADE,True,False,CADASTRO RESERVA,0,ALTA VULNERABILIDADE,FAIXA 1,20000,0.333,False,,False,,False,,False,,False,,False
110014,RO,NOVA BRASILANDIA D'OESTE,0.329,MEDIA VULNERABILIDADE,True,True,CADASTRO RESERVA,0,MEDIA VULNERABILIDADE,FAIXA 2,15000,0.315,True,FAIXA 2,True,FAIXA 2,False,,False,,False,,True
110015,RO,OURO PRETO DO OESTE,0.263,BAIXA VULNERABILIDADE,True,False,CADASTRO RESERVA,0,BAIXA VULNERABILIDADE,FAIXA 3,10000,0.265,True,FAIXA 3,True,FAIXA 3,True,FAIXA 3,True,FAIXA 3,True,FAIXA 3,True
110018,RO,PIMENTA BUENO,0.241,BAIXA VULNERABILIDADE,True,True,CADASTRO RESERVA,0,BAIXA VULNERABILIDADE,FAIXA 3,10000,0.250,True,FAIXA 3,True,FAIXA 3,True,FAIXA 3,True,FAIXA 3,True,FAIXA 3,True
110020,RO,PORTO VELHO,0.322,MEDIA VULNERABILIDADE,True,True,CONFIRMAÇÃO DE VAGAS (ADERIDOS),3,MEDIA VULNERABILIDADE,FAIXA 2,15000,0.309,True,FAIXA 2,True,FAIXA 2,True,FAIXA 2,True,FAIXA 2,True,FAIXA 2,True
110025,RO,PRESIDENTE MEDICI,0.348,MEDIA VULNERABILIDADE,True,False,CADASTRO RESERVA,0,MEDIA VULNERABILIDADE,FAIXA 2,15000,0.357,True,FAIXA 2,True,FAIXA 2,False,,False,,False,,True
110026,RO,RIO CRESPO,0.348,MEDIA VULNERABILIDADE,True,False,CADASTRO RESERVA,0,MEDIA VULNERABILIDADE,FAIXA 2,15000,0.396,False,,False,,False,,False,,False,,False
110028,RO,ROLIM DE MOURA,0.264,BAIXA VULNERABILIDADE,True,True,CONFIRMAÇÃO DE VAGAS (ADERIDOS),1,BAIXA VULNERABILIDADE,FAIXA 3,10000,0.279,True,FAIXA 3,True,FAIXA 3,True,FAIXA 3,True,FAIXA 3,True,FAIXA 3,True
110029,RO,SANTA LUZIA D'OESTE,0.364,MEDIA VULNERABILIDADE,True,True,CADASTRO RESERVA,0,MEDIA VULNERABILIDADE,FAIXA 2,15000,0.297,False,,False,,False,,False,,True,FAIXA 2,True
110030,RO,VILHENA,0.239,BAIXA VULNERABILIDADE,True,True,CADASTRO RESERVA,0,BAIXA VULNERABILIDADE,FAIXA 3,10000,0.259,True,FAIXA 3,True,FAIXA 3,True,FAIXA 3,True,FAIXA 3,True,FAIXA 3,True
110032,RO,SAO MIGUEL DO GUAPORE,0.338,MEDIA VULNERABILIDADE,True,True,CADASTRO RESERVA,0,MEDIA VULNERABILIDADE,FAIXA 2,15000,0.336,True,FAIXA 2,True,FAIXA 2,False,,False,,False,,True
110033,RO,NOVA MAMORE,0.474,ALTA VULNERABILIDADE,True,True,CADASTRO RESERVA,0,ALTA VULNERABILIDADE,FAIXA 1,20000,0.409,False,,True,FAIXA 1,False,,False,,False,,True
110034,RO,ALVORADA D'OESTE,0.346,MEDIA VULNERABILIDADE,True,True,CADASTRO RESERVA,0,MEDIA VULNERABILIDADE,FAIXA 2,15000,0.279,True,FAIXA 2,True,FAIXA 2,False,,False,,False,,True
110037,RO,ALTO ALEGRE DOS PARECIS,0.418,ALTA VULNERABILIDADE,True,True,CONFIRMAÇÃO DE VAGAS (ADERIDOS),1,ALTA VULNERABILIDADE,FAIXA 1,20000,0.356,False,,False,,False,,False,,False,,False
110040,RO,ALTO PARAISO,0.372,MEDIA VULNERABILIDADE,True,False,CADASTRO RESERVA,0,MEDIA VULNERABILIDADE,FAIXA 2,15000,0.348,False,,False,,False,,False,,False,,False
110045,RO,BURITIS,0.380,MEDIA VULNERABILIDADE,True,True,CADASTRO RESERVA,0,MEDIA VULNERABILIDADE,FAIXA 2,15000,0.328,False,,False,,False,,False,,True,FAIXA 2,True
110050,RO,NOVO HORIZONTE DO OESTE,0.355,MEDIA VULNERABILIDADE,True,True,CADASTRO RESERVA,0,MEDIA VULNERABILIDADE,FAIXA 2,15000,0.400,False,,False,,False,,False,,False,,False
110060,RO,CACAULANDIA,0.335,MEDIA VULNERABILIDADE,True,False,CADASTRO RESERVA,0,MEDIA VULNERABILIDADE,FAIXA 2,15000,0.290,False,,False,,False,,False,,False,,False
110070,RO,CAMPO NOVO DE RONDONIA,0.482,ALTA VULNERABILIDADE,True,True,CONFIRMAÇÃO DE VAGAS (ADERIDOS),1,ALTA VULNERABILIDADE,FAIXA 1,20000,0.299,False,,False,,False,,False,,False,,False
110080,RO,CANDEIAS DO JAMARI,0.431,ALTA VULNERABILIDADE,True,False,CADASTRO RESERVA,0,ALTA VULNERABILIDADE,FAIXA 1,20000,0.346,False,,False,,False,,False,,False,,False
110090,RO,CASTANHEIRAS,0.366,MEDIA VULNERABILIDADE,True,False,CADASTRO RESERVA,0,MEDIA VULNERABILIDADE,FAIXA 2,15000,0.304,False,,False,,False,,False,,False,,False
110092,RO,CHUPINGUAIA,0.338,MEDIA VULNERABILIDADE,True,True,CADASTRO RESERVA,0,MEDIA VULNERABILIDADE,FAIXA 2,15000,0.303,False,,False,,False,,False,,False,,False
110094,RO,CUJUBIM,0.427,ALTA VULNERABILIDADE,True,False,CADASTRO RESERVA,0,ALTA VULNERABILIDADE,FAIXA 1,20000,0.402,False,,True,FAIXA 1,False,,False,,False,,True
110100,RO,GOVERNADOR JORGE TEIXEIRA,0.354,MEDIA VULNERABILIDADE,True,False,CADASTRO RESERVA,0,MEDIA VULNERABILIDADE,FAIXA 2,15000,0.287,False,,False,,False,,False,,False,,False
110110,RO,ITAPUA DO OESTE,0.412,ALTA VULNERABILIDADE,True,False,CADASTRO RESERVA,0,ALTA VULNERABILIDADE,FAIXA 1,20000,0.432,False,,False,,False,,False,,False,,False
110120,RO,MINISTRO ANDREAZZA,0.273,BAIXA VULNERABILIDADE,True,False,CONFIRMAÇÃO DE VAGAS (ADERIDOS),1,BAIXA VULNERABILIDADE,FAIXA 3,10000,0.248,False,,False,,False,,False,,False,,False
110130,RO,MIRANTE DA SERRA,0.374,MEDIA VULNERABILIDADE,True,False,CADASTRO RESERVA,0,MEDIA VULNERABILIDADE,FAIXA 2,15000,0.396,False,,False,,False,,False,,False,,False
110140,RO,MONTE NEGRO,0.377,MEDIA VULNERABILIDADE,True,False,CADASTRO RESERVA,0,MEDIA VULNERABILIDADE,FAIXA 2,15000,0.277,True,FAIXA 2,True,FAIXA 2,True,FAIXA 2,True,FAIXA 2,False,,True
110143,RO,NOVA UNIAO,0.398,MEDIA VULNERABILIDADE,True,False,CADASTRO RESERVA,0,MEDIA VULNERABILIDADE,FAIXA 2,15000,0.360,False,,False,,False,,False,,False,,False
110145,RO,PARECIS,0.368,MEDIA VULNERABILIDADE,True,True,CADASTRO RESERVA,0,MEDIA VULNERABILIDADE,FAIXA 2,15000,0.426,False,,False,,False,,False,,False,,False
110146,RO,PIMENTEIRAS DO OESTE,0.321,MEDIA VULNERABILIDADE,True,True,CADASTRO RESERVA,0,MEDIA VULNERABILIDADE,FAIXA 2,15000,0.323,False,,False,,False,,False,,False,,False
110147,RO,PRIMAVERA DE RONDONIA,0.298,BAIXA VULNERABILIDADE,True,True,CADASTRO RESERVA,0,BAIXA VULNERABILIDADE,FAIXA 3,10000,0.340,False,,False,,False,,False,,False,,False
110148,RO,SAO FELIPE D'OESTE,0.338,MEDIA VULNERABILIDADE,True,True,CADASTRO RESERVA,0,MEDIA VULNERABILIDADE,FAIXA 2,15000,0.264,False,,False,,False,,False,,False,,False
110149,RO,SAO FRANCISCO DO GUAPORE,0.429,ALTA VULNERABILIDADE,True,True,CADASTRO RESERVA,0,ALTA VULNERABILIDADE,FAIXA 1,20000,0.387,True,FAIXA 1,True,FAIXA 1,True,FAIXA 1,True,FAIXA 1,True,FAIXA 1,True
110150,RO,SERINGUEIRAS,0.401,ALTA VULNERABILIDADE,True,True,CADASTRO RESERVA,0,ALTA VULNERABILIDADE,FAIXA 1,20000,0.422,False,,True,FAIXA 1,False,,False,,False,,True
110155,RO,TEIXEIROPOLIS,0.299,BAIXA VULNERABILIDADE,True,False,CADASTRO RESERVA,0,BAIXA VULNERABILIDADE,FAIXA 3,10000,0.251,False,,False,,False,,False,,False,,False
110160,RO,THEOBROMA,0.352,MEDIA VULNERABILIDADE,True,False,CADASTRO RESERVA,0,MEDIA VULNERABILIDADE,FAIXA 2,15000,0.386,False,,False,,False,,False,,False,,False
110170,RO,URUPA,0.386,MEDIA VULNERABILIDADE,True,False,CADASTRO RESERVA,0,MEDIA VULNERABILIDADE,FAIXA 2,15000,0.299,True,FAIXA 2,True,FAIXA 2,False,,False,,False,,True
110175,RO,VALE DO ANARI,0.402,ALTA VULNERABILIDADE,True,False,CONFIRMAÇÃO DE VAGAS (ADERIDOS),1,ALTA VULNERABILIDADE,FAIXA 1,20000,0.251,False,,False,,False,,False,,False,,False
110180,RO,VALE DO PARAISO,0.309,MEDIA VULNERABILIDADE,True,False,CADASTRO RESERVA,0,MEDIA VULNERABILIDADE,FAIXA 2,15000,0.273,False,,False,,False,,False,,False,,False
120001,AC,ACRELANDIA,0.448,ALTA VULNERABILIDADE,True,True,CADASTRO RESERVA,0,ALTA VULNERABILIDADE,FAIXA 1,20000,0.417,False,,False,,False,,False,,False,,False
120005,AC,ASSIS BRASIL,0.500,ALTA VULNERABILIDADE,True,True,CADASTRO RESERVA,0,ALTA VULNERABILIDADE,FAIXA 1,20000,0.334,False,,False,,False,,False,,False,,False
120010,AC,BRASILEIA,0.462,ALTA VULNERABILIDADE,True,True,CADASTRO RESERVA,0,ALTA VULNERABILIDADE,FAIXA 1,20000,0.426,True,FAIXA 1,True,FAIXA 1,True,FAIXA 1,False,,False,,True
120013,AC,BUJARI,0.459,ALTA VULNERABILIDADE,True,True,CADASTRO RESERVA,0,ALTA VULNERABILIDADE,FAIXA 1,20000,0.398,False,,False,,False,,False,,False,,False
120017,AC,CAPIXABA,0.469,ALTA VULNERABILIDADE,True,True,CADASTRO RESERVA,0,ALTA VULNERABILIDADE,FAIXA 1,20000,0.398,False,,False,,False,,False,,False,,False
120020,AC,CRUZEIRO DO SUL,0.475,ALTA VULNERABILIDADE,True,True,CADASTRO RESERVA,0,ALTA VULNERABILIDADE,FAIXA 1,20000,0.411,True,FAIXA 1,True,FAIXA 1,True,FAIXA 1,True,FAIXA 1,False,,True
120025,AC,EPITACIOLANDIA,0.441,ALTA VULNERABILIDADE,True,True,CADASTRO RESERVA,0,ALTA VULNERABILIDADE,FAIXA 1,20000,0.363,False,,False,,False,,False,,False,,False
120030,AC,FEIJO,0.639,MUITO ALTA VULNERABILIDADE,True,True,CADASTRO RESERVA,0,MUITO ALTA VULNERABILIDADE,FAIXA 1,20000,0.498,True,FAIXA 1,True,FAIXA 1,False,,False,,False,,True
120032,AC,JORDAO,0.584,MUITO ALTA VULNERABILIDADE,True,True,CADASTRO RESERVA,0,MUITO ALTA VULNERABILIDADE,FAIXA 1,20000,0.449,False,,False,,False,,False,,False,,False
120033,AC,MANCIO LIMA,0.537,MUITO ALTA VULNERABILIDADE,True,True,CADASTRO RESERVA,0,MUITO ALTA VULNERABILIDADE,FAIXA 1,20000,0.427,True,FAIXA 1,True,FAIXA 1,False,,False,,False,,True
120034,AC,MANOEL URBANO,0.589,MUITO ALTA VULNERABILIDADE,True,True,CADASTRO RESERVA,0,MUITO ALTA VULNERABILIDADE,FAIXA 1,20000,0.481,False,,False,,False,,False,,False,,False
120035,AC,MARECHAL THAUMATURGO,0.610,MUITO ALTA VULNERABILIDADE,True,True,CADASTRO RESERVA,0,MUITO ALTA VULNERABILIDADE,FAIXA 1,20000,0.469,False,,False,,False,,False,,False,,False
120038,AC,PLACIDO DE CASTRO,0.495,ALTA VULNERABILIDADE,True,True,CADASTRO RESERVA,0,ALTA VULNERABILIDADE,FAIXA 1,20000,0.466,True,FAIXA 1,True,FAIXA 1,False,,False,,False,,True
120039,AC,PORTO WALTER,0.661,MUITO ALTA VULNERABILIDADE,True,True,CADASTRO RESERVA,0,MUITO ALTA VULNERABILIDADE,FAIXA 1,20000,0.503,False,,False,,False,,False,,False,,False
120040,AC,RIO BRANCO,0.339,MEDIA VULNERABILIDADE,True,True,CADASTRO RESERVA,0,MEDIA VULNERABILIDADE,FAIXA 2,15000,0.343,True,FAIXA 2,True,FAIXA 2,True,FAIXA 2,True,FAIXA 2,False,,True
120042,AC,RODRIGUES ALVES,0.553,MUITO ALTA VULNERABILIDADE,True,True,CADASTRO RESERVA,0,MUITO ALTA VULNERABILIDADE,FAIXA 1,20000,0.545,False,,False,,False,,False,,False,,False
120043,AC,SANTA ROSA DO PURUS,0.564,MUITO ALTA VULNERABILIDADE,True,True,CONFIRMAÇÃO DE VAGAS (ADERIDOS),1,MUITO ALTA VULNERABILIDADE,FAIXA 1,20000,0.416,False,,False,,False,,False,,False,,False
120045,AC,SENADOR GUIOMARD,0.431,ALTA VULNERABILIDADE,True,True,CADASTRO RESERVA,0,ALTA VULNERABILIDADE,FAIXA 1,20000,0.387,True,FAIXA 1,True,FAIXA 1,False,,False,,False,,True
120050,AC,SENA MADUREIRA,0.563,MUITO ALTA VULNERABILIDADE,True,True,CADASTRO RESERVA,0,MUITO ALTA VULNERABILIDADE,FAIXA 1,20000,0.459,False,,False,,False,,False,,False,,False
120060,AC,TARAUACA,0.585,MUITO ALTA VULNERABILIDADE,True,True,CONFIRMAÇÃO DE VAGAS (ADERIDOS),1,MUITO ALTA VULNERABILIDADE,FAIXA 1,20000,0.467,False,,False,,False,,False,,False,,False
120070,AC,XAPURI,0.490,ALTA VULNERABILIDADE,True,True,CONFIRMAÇÃO DE VAGAS (ADERIDOS),1,ALTA VULNERABILIDADE,FAIXA 1,20000,0.382,False,,False,,False,,False,,False,,False
120080,AC,PORTO ACRE,0.492,ALTA VULNERABILIDADE,True,True,CADASTRO RESERVA,0,ALTA VULNERABILIDADE,FAIXA 1,20000,0.433,False,,False,,False,,False,,False,,False
130002,AM,ALVARAES,0.608,MUITO ALTA VULNERABILIDADE,True,False,CADASTRO RESERVA,0,MUITO ALTA VULNERABILIDADE,FAIXA 1,20000,0.571,False,,False,,False,,False,,True,FAIXA 1,True
130006,AM,AMATURA,0.662,MUITO ALTA VULNERABILIDADE,True,True,CONFIRMAÇÃO DE VAGAS (ADERIDOS),1,MUITO ALTA VULNERABILIDADE,FAIXA 1,20000,0.398,False,,False,,False,,False,,False,,False
130008,AM,ANAMA,0.544,MUITO ALTA VULNERABILIDADE,True,False,CADASTRO RESERVA,0,MUITO ALTA VULNERABILIDADE,FAIXA 1,20000,0.347,False,,False,,False,,False,,False,,False
130010,AM,ANORI,0.569,MUITO ALTA VULNERABILIDADE,True,False,CADASTRO RESERVA,0,MUITO ALTA VULNERABILIDADE,FAIXA 1,20000,0.520,False,,False,,False,,False,,False,,False
130014,AM,APUI,0.480,ALTA VULNERABILIDADE,True,False,CADASTRO RESERVA,0,ALTA VULNERABILIDADE,FAIXA 1,20000,0.483,False,,False,,False,,False,,True,FAIXA 1,True
130020,AM,ATALAIA DO NORTE,0.723,MUITO ALTA VULNERABILIDADE,True,True,CADASTRO RESERVA,0,MUITO ALTA VULNERABILIDADE,FAIXA 1,20000,0.644,False,,False,,False,,False,,False,,False
130030,AM,AUTAZES,0.549,MUITO ALTA VULNERABILIDADE,True,False,CADASTRO RESERVA,0,MUITO ALTA VULNERABILIDADE,FAIXA 1,20000,0.456,False,,False,,False,,False,,False,,False
130040,AM,BARCELOS,0.631,MUITO ALTA VULNERABILIDADE,True,True,CADASTRO RESERVA,0,MUITO ALTA VULNERABILIDADE,FAIXA 1,20000,0.396,False,,False,,False,,False,,True,FAIXA 1,True
130050,AM,BARREIRINHA,0.622,MUITO ALTA VULNERABILIDADE,True,False,CADASTRO RESERVA,0,MUITO ALTA VULNERABILIDADE,FAIXA 1,20000,0.434,False,,False,,False,,False,,False,,False
130060,AM,BENJAMIN CONSTANT,0.682,MUITO ALTA VULNERABILIDADE,True,True,CADASTRO RESERVA,0,MUITO ALTA VULNERABILIDADE,FAIXA 1,20000,0.517,False,,False,,False,,False,,False,,False
130063,AM,BERURI,0.696,MUITO ALTA VULNERABILIDADE,True,False,CADASTRO RESERVA,0,MUITO ALTA VULNERABILIDADE,FAIXA 1,20000,0.576,False,,False,,False,,False,,False,,False
130068,AM,BOA VISTA DO RAMOS,0.605,MUITO ALTA VULNERABILIDADE,True,False,CADASTRO RESERVA,0,MUITO ALTA VULNERABILIDADE,FAIXA 1,20000,0.465,False,,False,,False,,False,,False,,False
130070,AM,BOCA DO ACRE,0.601,MUITO ALTA VULNERABILIDADE,True,True,CADASTRO RESERVA,0,MUITO ALTA VULNERABILIDADE,FAIXA 1,20000,0.565,False,,False,,False,,False,,False,,False
130080,AM,BORBA,0.626,MUITO ALTA VULNERABILIDADE,True,False,CADASTRO RESERVA,0,MUITO ALTA VULNERABILIDADE,FAIXA 1,20000,0.425,True,FAIXA 1,True,FAIXA 1,False,,False,,False,,True
130083,AM,CAAPIRANGA,0.614,MUITO ALTA VULNERABILIDADE,True,False,CADASTRO RESERVA,0,MUITO ALTA VULNERABILIDADE,FAIXA 1,20000,0.496,False,,False,,False,,False,,False,,False
130090,AM,CANUTAMA,0.620,MUITO ALTA VULNERABILIDADE,True,True,CADASTRO RESERVA,0,MUITO ALTA VULNERABILIDADE,FAIXA 1,20000,0.498,False,,False,,False,,False,,False,,False
130100,AM,CARAUARI,0.659,MUITO ALTA VULNERABILIDADE,True,False,CADASTRO RESERVA,0,MUITO ALTA VULNERABILIDADE,FAIXA 1,20000,0.610,False,,False,,True,FAIXA 1,True,FAIXA 1,False,,True
130110,AM,CAREIRO,0.543,MUITO ALTA VULNERABILIDADE,True,False,CADASTRO RESERVA,0,MUITO ALTA VULNERABILIDADE,FAIXA 1,20000,0.384,False,,False,,True,FAIXA 1,True,FAIXA 1,True,FAIXA 1,True
130115,AM,CAREIRO DA VARZEA,0.603,MUITO ALTA VULNERABILIDADE,True,False,CADASTRO RESERVA,0,MUITO ALTA VULNERABILIDADE,FAIXA 1,20000,0.473,False,,False,,False,,False,,False,,False
130120,AM,COARI,0.564,MUITO ALTA VULNERABILIDADE,True,False,CONFIRMAÇÃO DE VAGAS (ADERIDOS),3,MUITO ALTA VULNERABILIDADE,FAIXA 1,20000,0.446,True,FAIXA 1,True,FAIXA 1,True,FAIXA 1,True,FAIXA 1,True,FAIXA 1,True
130130,AM,CODAJAS,0.557,MUITO ALTA VULNERABILIDADE,True,False,CADASTRO RESERVA,0,MUITO ALTA VULNERABILIDADE,FAIXA 1,20000,0.555,False,,False,,False,,False,,False,,False
130140,AM,EIRUNEPE,0.706,MUITO ALTA VULNERABILIDADE,True,False,CADASTRO RESERVA,0,MUITO ALTA VULNERABILIDADE,FAIXA 1,20000,0.664,False,,False,,True,FAIXA 1,True,FAIXA 1,False,,True
130150,AM,ENVIRA,0.667,MUITO ALTA VULNERABILIDADE,True,True,CADASTRO RESERVA,0,MUITO ALTA VULNERABILIDADE,FAIXA 1,20000,0.554,False,,False,,False,,False,,False,,False
130160,AM,FONTE BOA,0.726,MUITO ALTA VULNERABILIDADE,True,False,CADASTRO RESERVA,0,MUITO ALTA VULNERABILIDADE,FAIXA 1,20000,0.682,False,,False,,True,FAIXA 1,True,FAIXA 1,True,FAIXA 1,True
130165,AM,GUAJARA,0.555,MUITO ALTA VULNERABILIDADE,True,True,CADASTRO RESERVA,0,MUITO ALTA VULNERABILIDADE,FAIXA 1,20000,0.474,False,,False,,False,,False,,False,,False
130170,AM,HUMAITA,0.477,ALTA VULNERABILIDADE,True,False,CADASTRO RESERVA,0,ALTA VULNERABILIDADE,FAIXA 1,20000,0.401,True,FAIXA 1,False,,False,,False,,False,,True
130180,AM,IPIXUNA,0.706,MUITO ALTA VULNERABILIDADE,True,True,CADASTRO RESERVA,0,MUITO ALTA VULNERABILIDADE,FAIXA 1,20000,0.595,False,,False,,True,FAIXA 1,True,FAIXA 1,False,,True
130185,AM,IRANDUBA,0.481,ALTA VULNERABILIDADE,True,False,CADASTRO RESERVA,0,ALTA VULNERABILIDADE,FAIXA 1,20000,0.476,False,,False,,False,,False,,False,,False
130190,AM,ITACOATIARA,0.420,ALTA VULNERABILIDADE,True,False,CADASTRO RESERVA,0,ALTA VULNERABILIDADE,FAIXA 1,20000,0.335,True,FAIXA 1,False,,True,FAIXA 1,True,FAIXA 1,True,FAIXA 1,True
130195,AM,ITAMARATI,0.702,MUITO ALTA VULNERABILIDADE,True,False,CADASTRO RESERVA,0,MUITO ALTA VULNERABILIDADE,FAIXA 1,20000,0.628,False,,False,,False,,False,,False,,False
130200,AM,ITAPIRANGA,0.515,MUITO ALTA VULNERABILIDADE,True,False,CADASTRO RESERVA,0,MUITO ALTA VULNERABILIDADE,FAIXA 1,20000,0.383,False,,False,,False,,False,,False,,False
130210,AM,JAPURA,0.636,MUITO ALTA VULNERABILIDADE,True,True,CADASTRO RESERVA,0,MUITO ALTA VULNERABILIDADE,FAIXA 1,20000,0.504,False,,False,,False,,False,,False,,False
130220,AM,JURUA,0.673,MUITO ALTA VULNERABILIDADE,True,False,CADASTRO RESERVA,0,MUITO ALTA VULNERABILIDADE,FAIXA 1,20000,0.630,False,,False,,False,,False,,False,,False
130230,AM,JUTAI,0.743,MUITO ALTA VULNERABILIDADE,True,True,CADASTRO RESERVA,0,MUITO ALTA VULNERABILIDADE,FAIXA 1,20000,0.720,False,,False,,False,,False,,False,,False
130240,AM,LABREA,0.654,MUITO ALTA VULNERABILIDADE,True,True,CADASTRO RESERVA,0,MUITO ALTA VULNERABILIDADE,FAIXA 1,20000,0.616,False,,False,,False,,False,,False,,False
130250,AM,MANACAPURU,0.495,ALTA VULNERABILIDADE,True,False,CONFIRMAÇÃO DE VAGAS (ADERIDOS),1,ALTA VULNERABILIDADE,FAIXA 1,20000,0.458,True,FAIXA 1,False,,True,FAIXA 1,False,,True,FAIXA 1,True
130255,AM,MANAQUIRI,0.535,MUITO ALTA VULNERABILIDADE,True,False,CONFIRMAÇÃO DE VAGAS (ADERIDOS),1,MUITO ALTA VULNERABILIDADE,FAIXA 1,20000,0.397,False,,False,,False,,False,,False,,False
130260,AM,MANAUS,0.387,MEDIA VULNERABILIDADE,True,False,CONFIRMAÇÃO DE VAGAS (ADERIDOS),14,MEDIA VULNERABILIDADE,FAIXA 2,15000,0.414,True,FAIXA 2,True,FAIXA 2,True,FAIXA 2,True,FAIXA 2,True,FAIXA 2,True
130270,AM,MANICORE,0.547,MUITO ALTA VULNERABILIDADE,True,False,CADASTRO RESERVA,0,MUITO ALTA VULNERABILIDADE,FAIXA 1,20000,0.475,True,FAIXA 1,True,FAIXA 1,False,,False,,True,FAIXA 1,True
130280,AM,MARAA,0.682,MUITO ALTA VULNERABILIDADE,True,False,CADASTRO RESERVA,0,MUITO ALTA VULNERABILIDADE,FAIXA 1,20000,0.566,False,,False,,True,FAIXA 1,True,FAIXA 1,False,,True
130290,AM,MAUES,0.511,MUITO ALTA VULNERABILIDADE,True,False,CADASTRO RESERVA,0,MUITO ALTA VULNERABILIDADE,FAIXA 1,20000,0.369,False,,False,,True,FAIXA 1,True,FAIXA 1,False,,True
130300,AM,NHAMUNDA,0.615,MUITO ALTA VULNERABILIDADE,True,True,CADASTRO RESERVA,0,MUITO ALTA VULNERABILIDADE,FAIXA 1,20000,0.383,False,,False,,True,FAIXA 1,True,FAIXA 1,False,,True
130310,AM,NOVA OLINDA DO NORTE,0.543,MUITO ALTA VULNERABILIDADE,True,False,CADASTRO RESERVA,0,MUITO ALTA VULNERABILIDADE,FAIXA 1,20000,0.444,False,,False,,False,,False,,False,,False
130320,AM,NOVO AIRAO,0.500,ALTA VULNERABILIDADE,True,False,CADASTRO RESERVA,0,ALTA VULNERABILIDADE,FAIXA 1,20000,0.410,False,,False,,False,,False,,False,,False
130330,AM,NOVO ARIPUANA,0.698,MUITO ALTA VULNERABILIDADE,True,False,CADASTRO RESERVA,0,MUITO ALTA VULNERABILIDADE,FAIXA 1,20000,0.663,False,,False,,False,,False,,True,FAIXA 1,True
130340,AM,PARINTINS,0.489,ALTA VULNERABILIDADE,True,False,CONFIRMAÇÃO DE VAGAS (ADERIDOS),1,ALTA VULNERABILIDADE,FAIXA 1,20000,0.347,True,FAIXA 1,True,FAIXA 1,True,FAIXA 1,True,FAIXA 1,False,,True
130350,AM,PAUINI,0.713,MUITO ALTA VULNERABILIDADE,True,True,CADASTRO RESERVA,0,MUITO ALTA VULNERABILIDADE,FAIXA 1,20000,0.669,False,,False,,False,,False,,False,,False
130353,AM,PRESIDENTE FIGUEIREDO,0.426,ALTA VULNERABILIDADE,True,False,CONFIRMAÇÃO DE VAGAS (ADERIDOS),1,ALTA VULNERABILIDADE,FAIXA 1,20000,0.294,False,,False,,False,,False,,False,,False
130356,AM,RIO PRETO DA EVA,0.474,ALTA VULNERABILIDADE,True,False,CONFIRMAÇÃO DE VAGAS (ADERIDOS),1,ALTA VULNERABILIDADE,FAIXA 1,20000,0.355,False,,False,,False,,False,,True,FAIXA 1,True
130360,AM,SANTA ISABEL DO RIO NEGRO,0.616,MUITO ALTA VULNERABILIDADE,True,True,CADASTRO RESERVA,0,MUITO ALTA VULNERABILIDADE,FAIXA 1,20000,0.520,False,,False,,False,,False,,False,,False
130370,AM,SANTO ANTONIO DO ICA,0.745,MUITO ALTA VULNERABILIDADE,True,True,CADASTRO RESERVA,0,MUITO ALTA VULNERABILIDADE,FAIXA 1,20000,0.687,False,,False,,False,,False,,False,,False
130380,AM,SAO GABRIEL DA CACHOEIRA,0.492,ALTA VULNERABILIDADE,True,True,CONFIRMAÇÃO DE VAGAS (ADERIDOS),2,ALTA VULNERABILIDADE,FAIXA 1,20000,0.450,False,,False,,False,,False,,True,FAIXA 1,True
130390,AM,SAO PAULO DE OLIVENCA,0.693,MUITO ALTA VULNERABILIDADE,True,True,CADASTRO RESERVA,0,MUITO ALTA VULNERABILIDADE,FAIXA 1,20000,0.639,False,,False,,True,FAIXA 1,True,FAIXA 1,False,,True
130395,AM,SAO SEBASTIAO DO UATUMA,0.572,MUITO ALTA VULNERABILIDADE,True,False,CADASTRO RESERVA,0,MUITO ALTA VULNERABILIDADE,FAIXA 1,20000,0.393,True,FAIXA 1,False,,False,,False,,True,FAIXA 1,True
130400,AM,SILVES,0.598,MUITO ALTA VULNERABILIDADE,True,False,CONFIRMAÇÃO DE VAGAS (ADERIDOS),1,MUITO ALTA VULNERABILIDADE,FAIXA 1,20000,0.442,False,,False,,False,,False,,False,,False
130406,AM,TABATINGA,0.577,MUITO ALTA VULNERABILIDADE,True,True,CADASTRO RESERVA,0,MUITO ALTA VULNERABILIDADE,FAIXA 1,20000,0.496,True,FAIXA 1,True,FAIXA 1,True,FAIXA 1,True,FAIXA 1,False,,True
130410,AM,TAPAUA,0.707,MUITO ALTA VULNERABILIDADE,True,False,CADASTRO RESERVA,0,MUITO ALTA VULNERABILIDADE,FAIXA 1,20000,0.491,False,,False,,False,,False,,False,,False
130420,AM,TEFE,0.484,ALTA VULNERABILIDADE,True,False,CONFIRMAÇÃO DE VAGAS (ADERIDOS),1,ALTA VULNERABILIDADE,FAIXA 1,20000,0.459,True,FAIXA 1,True,FAIXA 1,True,FAIXA 1,True,FAIXA 1,False,,True
130423,AM,TONANTINS,0.644,MUITO ALTA VULNERABILIDADE,True,True,CONFIRMAÇÃO DE VAGAS (ADERIDOS),3,MUITO ALTA VULNERABILIDADE,FAIXA 1,20000,0.570,False,,False,,True,FAIXA 1,True,FAIXA 1,False,,True
130426,AM,UARINI,0.627,MUITO ALTA VULNERABILIDADE,True,False,CADASTRO RESERVA,0,MUITO ALTA VULNERABILIDADE,FAIXA 1,20000,0.575,False,,False,,True,FAIXA 1,True,FAIXA 1,False,,True
130430,AM,URUCARA,0.527,MUITO ALTA VULNERABILIDADE,True,True,CADASTRO RESERVA,0,MUITO ALTA VULNERABILIDADE,FAIXA 1,20000,0.433,False,,False,,False,,False,,False,,False
130440,AM,URUCURITUBA,0.583,MUITO ALTA VULNERABILIDADE,True,False,CADASTRO RESERVA,0,MUITO ALTA VULNERABILIDADE,FAIXA 1,20000,0.479,False,,False,,False,,False,,False,,False
140002,RR,AMAJARI,0.628,MUITO ALTA VULNERABILIDADE,True,True,CADASTRO RESERVA,0,MUITO ALTA VULNERABILIDADE,FAIXA 1,20000,0.481,False,,False,,False,,False,,False,,False
140005,RR,ALTO ALEGRE,0.587,MUITO ALTA VULNERABILIDADE,True,True,CONFIRMAÇÃO DE VAGAS (ADERIDOS),1,MUITO ALTA VULNERABILIDADE,FAIXA 1,20000,0.347,False,,False,,False,,False,,False,,False
140010,RR,BOA VISTA,0.261,BAIXA VULNERABILIDADE,True,True,CADASTRO RESERVA,0,BAIXA VULNERABILIDADE,FAIXA 3,10000,0.274,True,FAIXA 3,True,FAIXA 3,True,FAIXA 3,True,FAIXA 3,True,FAIXA 3,True
140015,RR,BONFIM,0.674,MUITO ALTA VULNERABILIDADE,True,True,CADASTRO RESERVA,0,MUITO ALTA VULNERABILIDADE,FAIXA 1,20000,0.485,False,,False,,False,,False,,False,,False
140017,RR,CANTA,0.521,MUITO ALTA VULNERABILIDADE,True,True,CONFIRMAÇÃO DE VAGAS (ADERIDOS),1,MUITO ALTA VULNERABILIDADE,FAIXA 1,20000,0.297,False,,False,,False,,False,,False,,False
140020,RR,CARACARAI,0.457,ALTA VULNERABILIDADE,True,True,CADASTRO RESERVA,0,ALTA VULNERABILIDADE,FAIXA 1,20000,0.297,False,,False,,False,,False,,False,,False
140023,RR,CAROEBE,0.502,MUITO ALTA VULNERABILIDADE,True,True,CADASTRO RESERVA,0,MUITO ALTA VULNERABILIDADE,FAIXA 1,20000,0.338,False,,False,,False,,False,,False,,False
140028,RR,IRACEMA,0.535,MUITO ALTA VULNERABILIDADE,True,True,CADASTRO RESERVA,0,MUITO ALTA VULNERABILIDADE,FAIXA 1,20000,0.333,False,,False,,False,,False,,False,,False
140030,RR,MUCAJAI,0.450,ALTA VULNERABILIDADE,True,True,CONFIRMAÇÃO DE VAGAS (ADERIDOS),1,ALTA VULNERABILIDADE,FAIXA 1,20000,0.288,False,,False,,False,,False,,False,,False
140040,RR,NORMANDIA,0.685,MUITO ALTA VULNERABILIDADE,True,True,CADASTRO RESERVA,0,MUITO ALTA VULNERABILIDADE,FAIXA 1,20000,0.336,False,,False,,False,,False,,False,,False
140045,RR,PACARAIMA,0.487,ALTA VULNERABILIDADE,True,True,CADASTRO RESERVA,0,ALTA VULNERABILIDADE,FAIXA 1,20000,0.192,False,,False,,False,,False,,False,,False
140047,RR,RORAINOPOLIS,0.437,ALTA VULNERABILIDADE,True,True,CADASTRO RESERVA,0,ALTA VULNERABILIDADE,FAIXA 1,20000,0.393,True,FAIXA 1,True,FAIXA 1,True,FAIXA 1,True,FAIXA 1,True,FAIXA 1,True
140050,RR,SAO JOAO DA BALIZA,0.357,MEDIA VULNERABILIDADE,True,True,CONFIRMAÇÃO DE VAGAS (ADERIDOS),1,MEDIA VULNERABILIDADE,FAIXA 2,15000,0.368,False,,False,,False,,False,,False,,False
140060,RR,SAO LUIZ,0.390,MEDIA VULNERABILIDADE,True,True,CADASTRO RESERVA,0,MEDIA VULNERABILIDADE,FAIXA 2,15000,0.308,False,,False,,False,,False,,False,,False
140070,RR,UIRAMUTA,0.694,MUITO ALTA VULNERABILIDADE,True,True,CADASTRO RESERVA,0,MUITO ALTA VULNERABILIDADE,FAIXA 1,20000,0.398,False,,False,,False,,False,,False,,False
150010,PA,ABAETETUBA,0.464,ALTA VULNERABILIDADE,True,False,CONFIRMAÇÃO DE VAGAS (ADERIDOS),2,ALTA VULNERABILIDADE,FAIXA 1,20000,0.387,False,,False,,False,,False,,False,,False
150013,PA,ABEL FIGUEIREDO,0.422,ALTA VULNERABILIDADE,True,False,CADASTRO RESERVA,0,ALTA VULNERABILIDADE,FAIXA 1,20000,0.424,False,,False,,False,,False,,False,,False
150020,PA,ACARA,0.607,MUITO ALTA VULNERABILIDADE,True,False,CADASTRO RESERVA,0,MUITO ALTA VULNERABILIDADE,FAIXA 1,20000,0.479,False,,False,,False,,False,,False,,False
150030,PA,AFUA,0.729,MUITO ALTA VULNERABILIDADE,True,False,CADASTRO RESERVA,0,MUITO ALTA VULNERABILIDADE,FAIXA 1,20000,0.454,False,,False,,False,,False,,False,,False
150034,PA,AGUA AZUL DO NORTE,0.452,ALTA VULNERABILIDADE,True,False,CADASTRO RESERVA,0,ALTA VULNERABILIDADE,FAIXA 1,20000,0.461,False,,False,,False,,False,,False,,False
150040,PA,ALENQUER,0.571,MUITO ALTA VULNERABILIDADE,True,True,CADASTRO RESERVA,0,MUITO ALTA VULNERABILIDADE,FAIXA 1,20000,0.467,False,,False,,False,,False,,False,,False
150050,PA,ALMEIRIM,0.525,MUITO ALTA VULNERABILIDADE,True,True,CADASTRO RESERVA,0,MUITO ALTA VULNERABILIDADE,FAIXA 1,20000,0.352,False,,False,,False,,False,,False,,False
150060,PA,ALTAMIRA,0.408,ALTA VULNERABILIDADE,True,False,CONFIRMAÇÃO DE VAGAS (ADERIDOS),2,ALTA VULNERABILIDADE,FAIXA 1,20000,0.381,True,FAIXA 1,True,FAIXA 1,True,FAIXA 1,False,,True,FAIXA 1,True
150070,PA,ANAJAS,0.659,MUITO ALTA VULNERABILIDADE,True,False,CADASTRO RESERVA,0,MUITO ALTA VULNERABILIDADE,FAIXA 1,20000,0.497,False,,False,,False,,False,,False,,False
150080,PA,ANANINDEUA,0.377,MEDIA VULNERABILIDADE,True,False,CADASTRO RESERVA,0,MEDIA VULNERABILIDADE,FAIXA 2,15000,0.400,False,,False,,True,FAIXA 2,True,FAIXA 2,True,FAIXA 2,True
150085,PA,ANAPU,0.626,MUITO ALTA VULNERABILIDADE,True,False,CADASTRO RESERVA,0,MUITO ALTA VULNERABILIDADE,FAIXA 1,20000,0.573,True,FAIXA 1,True,FAIXA 1,False,,False,,False,,True
150090,PA,AUGUSTO CORREA,0.661,MUITO ALTA VULNERABILIDADE,True,False,CONFIRMAÇÃO DE VAGAS (ADERIDOS),1,MUITO ALTA VULNERABILIDADE,FAIXA 1,20000,0.663,False,,False,,False,,False,,False,,False
150095,PA,AURORA DO PARA,0.584,MUITO ALTA VULNERABILIDADE,True,False,CADASTRO RESERVA,0,MUITO ALTA VULNERABILIDADE,FAIXA 1,20000,0.508,False,,False,,False,,False,,False,,False
150100,PA,AVEIRO,0.769,MUITO ALTA VULNERABILIDADE,True,False,CADASTRO RESERVA,0,MUITO ALTA VULNERABILIDADE,FAIXA 1,20000,0.743,False,,False,,False,,False,,False,,False
150110,PA,BAGRE,0.676,MUITO ALTA VULNERABILIDADE,True,False,CADASTRO RESERVA,0,MUITO ALTA VULNERABILIDADE,FAIXA 1,20000,0.624,False,,False,,False,,False,,False,,False
150120,PA,BAIAO,0.606,MUITO ALTA VULNERABILIDADE,True,False,CADASTRO RESERVA,0,MUITO ALTA VULNERABILIDADE,FAIXA 1,20000,0.526,False,,False,,False,,False,,False,,False
150125,PA,BANNACH,0.461,ALTA VULNERABILIDADE,True,False,CADASTRO RESERVA,0,ALTA VULNERABILIDADE,FAIXA 1,20000,0.434,False,,False,,False,,False,,False,,False
150130,PA,BARCARENA,0.418,ALTA VULNERABILIDADE,True,False,CADASTRO RESERVA,0,ALTA VULNERABILIDADE,FAIXA 1,20000,0.359,False,,False,,False,,False,,False,,False
150140,PA,BELEM,0.317,MEDIA VULNERABILIDADE,True,False,CADASTRO RESERVA,0,MEDIA VULNERABILIDADE,FAIXA 2,15000,0.334,True,FAIXA 2,True,FAIXA 2,True,FAIXA 2,True,FAIXA 2,True,FAIXA 2,True
150145,PA,BELTERRA,0.573,MUITO ALTA VULNERABILIDADE,True,False,CADASTRO RESERVA,0,MUITO ALTA VULNERABILIDADE,FAIXA 1,20000,0.475,False,,False,,False,,False,,False,,False
150150,PA,BENEVIDES,0.457,ALTA VULNERABILIDADE,True,False,CADASTRO RESERVA,0,ALTA VULNERABILIDADE,FAIXA 1,20000,0.454,False,,False,,False,,False,,False,,False
150157,PA,BOM JESUS DO TOCANTINS,0.490,ALTA VULNERABILIDADE,True,False,CADASTRO RESERVA,0,ALTA VULNERABILIDADE,FAIXA 1,20000,0.499,False,,False,,False,,False,,False,,False
150160,PA,BONITO,0.555,MUITO ALTA VULNERABILIDADE,True,False,CADASTRO RESERVA,0,MUITO ALTA VULNERABILIDADE,FAIXA 1,20000,0.458,False,,False,,False,,False,,False,,False
150170,PA,BRAGANCA,0.511,MUITO ALTA VULNERABILIDADE,True,False,CONFIRMAÇÃO DE VAGAS (ADERIDOS),2,MUITO ALTA VULNERABILIDADE,FAIXA 1,20000,0.413,True,FAIXA 1,True,FAIXA 1,True,FAIXA 1,True,FAIXA 1,False,,True
150172,PA,BRASIL NOVO,0.482,ALTA VULNERABILIDADE,True,False,CADASTRO RESERVA,0,ALTA VULNERABILIDADE,FAIXA 1,20000,0.380,False,,False,,False,,False,,True,FAIXA 1,True
150175,PA,BREJO GRANDE DO ARAGUAIA,0.558,MUITO ALTA VULNERABILIDADE,True,False,CADASTRO RESERVA,0,MUITO ALTA VULNERABILIDADE,FAIXA 1,20000,0.498,False,,False,,False,,False,,False,,False
150178,PA,BREU BRANCO,0.528,MUITO ALTA VULNERABILIDADE,True,False,CADASTRO RESERVA,0,MUITO ALTA VULNERABILIDADE,FAIXA 1,20000,0.500,False,,False,,False,,False,,True,FAIXA 1,True
150180,PA,BREVES,0.603,MUITO ALTA VULNERABILIDADE,True,False,CONFIRMAÇÃO DE VAGAS (ADERIDOS),3,MUITO ALTA VULNERABILIDADE,FAIXA 1,20000,0.513,False,,True,FAIXA 1,False,,False,,False,,True
150190,PA,BUJARU,0.532,MUITO ALTA VULNERABILIDADE,True,False,CADASTRO RESERVA,0,MUITO ALTA VULNERABILIDADE,FAIXA 1,20000,0.406,False,,False,,False,,False,,False,,False
150195,PA,CACHOEIRA DO PIRIA,0.668,MUITO ALTA VULNERABILIDADE,True,False,CONFIRMAÇÃO DE VAGAS (ADERIDOS),1,MUITO ALTA VULNERABILIDADE,FAIXA 1,20000,0.524,False,,False,,False,,False,,False,,False
150200,PA,CACHOEIRA DO ARARI,0.606,MUITO ALTA VULNERABILIDADE,True,False,CADASTRO RESERVA,0,MUITO ALTA VULNERABILIDADE,FAIXA 1,20000,0.480,False,,False,,False,,False,,False,,False
150210,PA,CAMETA,0.541,MUITO ALTA VULNERABILIDADE,True,False,CADASTRO RESERVA,0,MUITO ALTA VULNERABILIDADE,FAIXA 1,20000,0.390,False,,False,,True,FAIXA 1,True,FAIXA 1,False,,True
150215,PA,CANAA DOS CARAJAS,0.373,MEDIA VULNERABILIDADE,True,False,CADASTRO RESERVA,0,MEDIA VULNERABILIDADE,FAIXA 2,15000,0.339,False,,False,,False,,False,,False,,False
150220,PA,CAPANEMA,0.388,MEDIA VULNERABILIDADE,True,False,CADASTRO RESERVA,0,MEDIA VULNERABILIDADE,FAIXA 2,15000,0.360,True,FAIXA 2,True,FAIXA 2,True,FAIXA 2,True,FAIXA 2,True,FAIXA 2,True
150230,PA,CAPITAO POCO,0.529,MUITO ALTA VULNERABILIDADE,True,False,CADASTRO RESERVA,0,MUITO ALTA VULNERABILIDADE,FAIXA 1,20000,0.427,False,,False,,False,,False,,True,FAIXA 1,True
150240,PA,CASTANHAL,0.351,MEDIA VULNERABILIDADE,True,False,CADASTRO RESERVA,0,MEDIA VULNERABILIDADE,FAIXA 2,15000,0.359,True,FAIXA 2,True,FAIXA 2,True,FAIXA 2,True,FAIXA 2,True,FAIXA 2,True
150250,PA,CHAVES,0.717,MUITO ALTA VULNERABILIDADE,True,False,CADASTRO RESERVA,0,MUITO ALTA VULNERABILIDADE,FAIXA 1,20000,0.709,False,,False,,False,,False,,False,,False
150260,PA,COLARES,0.491,ALTA VULNERABILIDADE,True,False,CONFIRMAÇÃO DE VAGAS (ADERIDOS),1,ALTA VULNERABILIDADE,FAIXA 1,20000,0.347,False,,False,,False,,False,,False,,False
150270,PA,CONCEICAO DO ARAGUAIA,0.411,ALTA VULNERABILIDADE,True,False,CADASTRO RESERVA,0,ALTA VULNERABILIDADE,FAIXA 1,20000,0.321,True,FAIXA 1,True,FAIXA 1,True,FAIXA 1,True,FAIXA 1,True,FAIXA 1,True
150275,PA,CONCORDIA DO PARA,0.549,MUITO ALTA VULNERABILIDADE,True,False,CADASTRO RESERVA,0,MUITO ALTA VULNERABILIDADE,FAIXA 1,20000,0.445,False,,False,,False,,False,,False,,False
150276,PA,CUMARU DO NORTE,0.548,MUITO ALTA VULNERABILIDADE,True,False,CADASTRO RESERVA,0,MUITO ALTA VULNERABILIDADE,FAIXA 1,20000,0.494,False,,False,,False,,False,,False,,False
150277,PA,CURIONOPOLIS,0.547,MUITO ALTA VULNERABILIDADE,True,False,CADASTRO RESERVA,0,MUITO ALTA VULNERABILIDADE,FAIXA 1,20000,0.543,False,,False,,False,,False,,False,,False
150280,PA,CURRALINHO,0.666,MUITO ALTA VULNERABILIDADE,True,False,CADASTRO RESERVA,0,MUITO ALTA VULNERABILIDADE,FAIXA 1,20000,0.690,False,,False,,False,,False,,False,,False
150285,PA,CURUA,0.661,MUITO ALTA VULNERABILIDADE,True,False,CADASTRO RESERVA,0,MUITO ALTA VULNERABILIDADE,FAIXA 1,20000,0.542,False,,False,,False,,False,,False,,False
150290,PA,CURUCA,0.544,MUITO ALTA VULNERABILIDADE,True,False,CONFIRMAÇÃO DE VAGAS (ADERIDOS),1,MUITO ALTA VULNERABILIDADE,FAIXA 1,20000,0.493,False,,False,,False,,False,,True,FAIXA 1,True
150293,PA,DOM ELISEU,0.492,ALTA VULNERABILIDADE,True,False,CONFIRMAÇÃO DE VAGAS (ADERIDOS),1,ALTA VULNERABILIDADE,FAIXA 1,20000,0.508,False,,False,,False,,False,,False,,False
150295,PA,ELDORADO DOS CARAJAS,0.641,MUITO ALTA VULNERABILIDADE,True,False,CADASTRO RESERVA,0,MUITO ALTA VULNERABILIDADE,FAIXA 1,20000,0.638,False,,False,,False,,False,,True,FAIXA 1,True
150300,PA,FARO,0.641,MUITO ALTA VULNERABILIDADE,True,True,CADASTRO RESERVA,0,MUITO ALTA VULNERABILIDADE,FAIXA 1,20000,0.503,False,,False,,False,,False,,False,,False
150304,PA,FLORESTA DO ARAGUAIA,0.639,MUITO ALTA VULNERABILIDADE,True,False,CONFIRMAÇÃO DE VAGAS (ADERIDOS),3,MUITO ALTA VULNERABILIDADE,FAIXA 1,20000,0.578,False,,False,,False,,False,,False,,False
150307,PA,GARRAFAO DO NORTE,0.694,MUITO ALTA VULNERABILIDADE,True,False,CADASTRO RESERVA,0,MUITO ALTA VULNERABILIDADE,FAIXA 1,20000,0.595,False,,False,,False,,False,,False,,False
150309,PA,GOIANESIA DO PARA,0.503,MUITO ALTA VULNERABILIDADE,True,False,CADASTRO RESERVA,0,MUITO ALTA VULNERABILIDADE,FAIXA 1,20000,0.460,False,,False,,False,,False,,False,,False
150310,PA,GURUPA,0.604,MUITO ALTA VULNERABILIDADE,True,False,CADASTRO RESERVA,0,MUITO ALTA VULNERABILIDADE,FAIXA 1,20000,0.432,False,,False,,False,,False,,False,,False
150320,PA,IGARAPE-ACU,0.555,MUITO ALTA VULNERABILIDADE,True,False,CONFIRMAÇÃO DE VAGAS (ADERIDOS),1,MUITO ALTA VULNERABILIDADE,FAIXA 1,20000,0.446,False,,False,,False,,False,,True,FAIXA 1,True
150330,PA,IGARAPE-MIRI,0.582,MUITO ALTA VULNERABILIDADE,True,False,CONFIRMAÇÃO DE VAGAS (ADERIDOS),1,MUITO ALTA VULNERABILIDADE,FAIXA 1,20000,0.512,False,,False,,False,,False,,True,FAIXA 1,True
150340,PA,INHANGAPI,0.495,ALTA VULNERABILIDADE,True,False,NÃO ELEGIVEL,0,ALTA VULNERABILIDADE,FAIXA 1,20000,0.414,False,,False,,False,,False,,False,,False
150345,PA,IPIXUNA DO PARA,0.599,MUITO ALTA VULNERABILIDADE,True,False,CADASTRO RESERVA,0,MUITO ALTA VULNERABILIDADE,FAIXA 1,20000,0.536,False,,False,,False,,False,,True,FAIXA 1,True
150350,PA,IRITUIA,0.544,MUITO ALTA VULNERABILIDADE,True,False,CONFIRMAÇÃO DE VAGAS (ADERIDOS),1,MUITO ALTA VULNERABILIDADE,FAIXA 1,20000,0.368,False,,False,,False,,False,,False,,False
150360,PA,ITAITUBA,0.452,ALTA VULNERABILIDADE,True,False,CADASTRO RESERVA,0,ALTA VULNERABILIDADE,FAIXA 1,20000,0.412,True,FAIXA 1,True,FAIXA 1,True,FAIXA 1,True,FAIXA 1,True,FAIXA 1,True
150370,PA,ITUPIRANGA,0.631,MUITO ALTA VULNERABILIDADE,True,False,CONFIRMAÇÃO DE VAGAS (ADERIDOS),1,MUITO ALTA VULNERABILIDADE,FAIXA 1,20000,0.627,False,,False,,False,,False,,True,FAIXA 1,True
150375,PA,JACAREACANGA,0.644,MUITO ALTA VULNERABILIDADE,True,False,CONFIRMAÇÃO DE VAGAS (ADERIDOS),1,MUITO ALTA VULNERABILIDADE,FAIXA 1,20000,0.463,False,,False,,False,,False,,False,,False
150380,PA,JACUNDA,0.497,ALTA VULNERABILIDADE,True,False,CONFIRMAÇÃO DE VAGAS (ADERIDOS),1,ALTA VULNERABILIDADE,FAIXA 1,20000,0.486,True,FAIXA 1,True,FAIXA 1,True,FAIXA 1,True,FAIXA 1,True,FAIXA 1,True
150390,PA,JURUTI,0.531,MUITO ALTA VULNERABILIDADE,True,False,CADASTRO RESERVA,0,MUITO ALTA VULNERABILIDADE,FAIXA 1,20000,0.355,False,,False,,True,FAIXA 1,True,FAIXA 1,True,FAIXA 1,True
150400,PA,LIMOEIRO DO AJURU,0.570,MUITO ALTA VULNERABILIDADE,True,False,CADASTRO RESERVA,0,MUITO ALTA VULNERABILIDADE,FAIXA 1,20000,0.333,False,,False,,False,,False,,False,,False
150405,PA,MAE DO RIO,0.453,ALTA VULNERABILIDADE,True,False,CONFIRMAÇÃO DE VAGAS (ADERIDOS),1,ALTA VULNERABILIDADE,FAIXA 1,20000,0.484,False,,False,,False,,False,,True,FAIXA 1,True
150410,PA,MAGALHAES BARATA,0.480,ALTA VULNERABILIDADE,True,False,CADASTRO RESERVA,0,ALTA VULNERABILIDADE,FAIXA 1,20000,0.439,False,,False,,False,,False,,False,,False
150420,PA,MARABA,0.445,ALTA VULNERABILIDADE,True,False,CONFIRMAÇÃO DE VAGAS (ADERIDOS),2,ALTA VULNERABILIDADE,FAIXA 1,20000,0.407,True,FAIXA 1,True,FAIXA 1,True,FAIXA 1,True,FAIXA 1,True,FAIXA 1,True
150430,PA,MARACANA,0.597,MUITO ALTA VULNERABILIDADE,True,False,CADASTRO RESERVA,0,MUITO ALTA VULNERABILIDADE,FAIXA 1,20000,0.512,False,,False,,False,,False,,False,,False
150440,PA,MARAPANIM,0.465,ALTA VULNERABILIDADE,True,False,CONFIRMAÇÃO DE VAGAS (ADERIDOS),2,ALTA VULNERABILIDADE,FAIXA 1,20000,0.311,False,,False,,False,,False,,False,,False
150442,PA,MARITUBA,0.455,ALTA VULNERABILIDADE,True,False,CADASTRO RESERVA,0,ALTA VULNERABILIDADE,FAIXA 1,20000,0.483,False,,False,,True,FAIXA 1,True,FAIXA 1,True,FAIXA 1,True
150445,PA,MEDICILANDIA,0.512,MUITO ALTA VULNERABILIDADE,True,False,CADASTRO RESERVA,0,MUITO ALTA VULNERABILIDADE,FAIXA 1,20000,0.486,False,,False,,False,,False,,True,FAIXA 1,True
150450,PA,MELGACO,0.699,MUITO ALTA VULNERABILIDADE,True,False,CADASTRO RESERVA,0,MUITO ALTA VULNERABILIDADE,FAIXA 1,20000,0.491,False,,False,,False,,False,,False,,False
150460,PA,MOCAJUBA,0.545,MUITO ALTA VULNERABILIDADE,True,False,CADASTRO RESERVA,0,MUITO ALTA VULNERABILIDADE,FAIXA 1,20000,0.469,False,,False,,False,,False,,False,,False
150470,PA,MOJU,0.565,MUITO ALTA VULNERABILIDADE,True,False,CADASTRO RESERVA,0,MUITO ALTA VULNERABILIDADE,FAIXA 1,20000,0.491,True,FAIXA 1,True,FAIXA 1,False,,False,,True,FAIXA 1,True
150475,PA,MOJUI DOS CAMPOS,0.394,MEDIA VULNERABILIDADE,True,False,CADASTRO RESERVA,0,MEDIA VULNERABILIDADE,FAIXA 2,15000,,False,,False,,False,,False,,False,,False
150480,PA,MONTE ALEGRE,0.572,MUITO ALTA VULNERABILIDADE,True,False,CADASTRO RESERVA,0,MUITO ALTA VULNERABILIDADE,FAIXA 1,20000,0.454,False,,False,,False,,False,,False,,False
150490,PA,MUANA,0.578,MUITO ALTA VULNERABILIDADE,True,False,CADASTRO RESERVA,0,MUITO ALTA VULNERABILIDADE,FAIXA 1,20000,0.460,False,,False,,False,,False,,False,,False
150495,PA,NOVA ESPERANCA DO PIRIA,0.634,MUITO ALTA VULNERABILIDADE,True,False,CADASTRO RESERVA,0,MUITO ALTA VULNERABILIDADE,FAIXA 1,20000,0.554,False,,False,,False,,False,,False,,False
150497,PA,NOVA IPIXUNA,0.559,MUITO ALTA VULNERABILIDADE,True,False,CADASTRO RESERVA,0,MUITO ALTA VULNERABILIDADE,FAIXA 1,20000,0.573,False,,False,,True,FAIXA 1,False,,False,,True
150500,PA,NOVA TIMBOTEUA,0.447,ALTA VULNERABILIDADE,True,False,CADASTRO RESERVA,0,ALTA VULNERABILIDADE,FAIXA 1,20000,0.329,False,,False,,False,,False,,False,,False
150503,PA,NOVO PROGRESSO,0.413,ALTA VULNERABILIDADE,True,False,CONFIRMAÇÃO DE VAGAS (ADERIDOS),1,ALTA VULNERABILIDADE,FAIXA 1,20000,0.331,False,,False,,False,,False,,False,,False
150506,PA,NOVO REPARTIMENTO,0.542,MUITO ALTA VULNERABILIDADE,True,False,CADASTRO RESERVA,0,MUITO ALTA VULNERABILIDADE,FAIXA 1,20000,0.460,False,,False,,False,,False,,True,FAIXA 1,True
150510,PA,OBIDOS,0.566,MUITO ALTA VULNERABILIDADE,True,True,CADASTRO RESERVA,0,MUITO ALTA VULNERABILIDADE,FAIXA 1,20000,0.475,True,FAIXA 1,True,FAIXA 1,False,,False,,False,,True
150520,PA,OEIRAS DO PARA,0.637,MUITO ALTA VULNERABILIDADE,True,False,CADASTRO RESERVA,0,MUITO ALTA VULNERABILIDADE,FAIXA 1,20000,0.580,False,,False,,False,,False,,False,,False
150530,PA,ORIXIMINA,0.532,MUITO ALTA VULNERABILIDADE,True,True,CONFIRMAÇÃO DE VAGAS (ADERIDOS),1,MUITO ALTA VULNERABILIDADE,FAIXA 1,20000,0.471,False,,False,,False,,False,,False,,False
150540,PA,OUREM,0.540,MUITO ALTA VULNERABILIDADE,True,False,CONFIRMAÇÃO DE VAGAS (ADERIDOS),1,MUITO ALTA VULNERABILIDADE,FAIXA 1,20000,0.443,False,,False,,False,,False,,False,,False
150543,PA,OURILANDIA DO NORTE,0.411,ALTA VULNERABILIDADE,True,False,CONFIRMAÇÃO DE VAGAS (ADERIDOS),1,ALTA VULNERABILIDADE,FAIXA 1,20000,0.370,False,,False,,False,,False,,False,,False
150548,PA,PACAJA,0.633,MUITO ALTA VULNERABILIDADE,True,False,CADASTRO RESERVA,0,MUITO ALTA VULNERABILIDADE,FAIXA 1,20000,0.580,False,,False,,False,,False,,True,FAIXA 1,True
150549,PA,PALESTINA DO PARA,0.572,MUITO ALTA VULNERABILIDADE,True,False,CADASTRO RESERVA,0,MUITO ALTA VULNERABILIDADE,FAIXA 1,20000,0.589,False,,False,,False,,False,,False,,False
150550,PA,PARAGOMINAS,0.430,ALTA VULNERABILIDADE,True,False,CADASTRO RESERVA,0,ALTA VULNERABILIDADE,FAIXA 1,20000,0.414,False,,False,,False,,False,,False,,False
150553,PA,PARAUAPEBAS,0.406,ALTA VULNERABILIDADE,True,False,CONFIRMAÇÃO DE VAGAS (ADERIDOS),2,ALTA VULNERABILIDADE,FAIXA 1,20000,0.385,False,,False,,True,FAIXA 1,True,FAIXA 1,True,FAIXA 1,True
150555,PA,PAU D'ARCO,0.554,MUITO ALTA VULNERABILIDADE,True,False,CADASTRO RESERVA,0,MUITO ALTA VULNERABILIDADE,FAIXA 1,20000,0.507,False,,False,,False,,False,,False,,False
150560,PA,PEIXE-BOI,0.576,MUITO ALTA VULNERABILIDADE,True,False,CADASTRO RESERVA,0,MUITO ALTA VULNERABILIDADE,FAIXA 1,20000,0.537,False,,False,,False,,False,,False,,False
150563,PA,PICARRA,0.540,MUITO ALTA VULNERABILIDADE,True,False,CADASTRO RESERVA,0,MUITO ALTA VULNERABILIDADE,FAIXA 1,20000,0.390,False,,False,,False,,False,,False,,False
150565,PA,PLACAS,0.586,MUITO ALTA VULNERABILIDADE,True,False,CADASTRO RESERVA,0,MUITO ALTA VULNERABILIDADE,FAIXA 1,20000,0.474,False,,False,,False,,False,,True,FAIXA 1,True
150570,PA,PONTA DE PEDRAS,0.614,MUITO ALTA VULNERABILIDADE,True,False,CADASTRO RESERVA,0,MUITO ALTA VULNERABILIDADE,FAIXA 1,20000,0.455,False,,False,,False,,False,,False,,False
150580,PA,PORTEL,0.611,MUITO ALTA VULNERABILIDADE,True,False,CONFIRMAÇÃO DE VAGAS (ADERIDOS),2,MUITO ALTA VULNERABILIDADE,FAIXA 1,20000,0.522,True,FAIXA 1,True,FAIXA 1,False,,False,,False,,True
150590,PA,PORTO DE MOZ,0.698,MUITO ALTA VULNERABILIDADE,True,False,CONFIRMAÇÃO DE VAGAS (ADERIDOS),1,MUITO ALTA VULNERABILIDADE,FAIXA 1,20000,0.630,False,,False,,False,,False,,False,,False
150600,PA,PRAINHA,0.744,MUITO ALTA VULNERABILIDADE,True,False,CADASTRO RESERVA,0,MUITO ALTA VULNERABILIDADE,FAIXA 1,20000,0.701,False,,False,,False,,False,,False,,False
150610,PA,PRIMAVERA,0.603,MUITO ALTA VULNERABILIDADE,True,False,CADASTRO RESERVA,0,MUITO ALTA VULNERABILIDADE,FAIXA 1,20000,0.460,False,,False,,False,,False,,False,,False
150611,PA,QUATIPURU,0.683,MUITO ALTA VULNERABILIDADE,True,False,CADASTRO RESERVA,0,MUITO ALTA VULNERABILIDADE,FAIXA 1,20000,0.546,False,,False,,False,,False,,False,,False
150613,PA,REDENCAO,0.392,MEDIA VULNERABILIDADE,True,False,CADASTRO RESERVA,0,MEDIA VULNERABILIDADE,FAIXA 2,15000,0.415,True,FAIXA 2,True,FAIXA 2,True,FAIXA 2,True,FAIXA 2,True,FAIXA 2,True
150616,PA,RIO MARIA,0.451,ALTA VULNERABILIDADE,True,False,CONFIRMAÇÃO DE VAGAS (ADERIDOS),1,ALTA VULNERABILIDADE,FAIXA 1,20000,0.454,False,,False,,False,,False,,False,,False
150618,PA,RONDON DO PARA,0.476,ALTA VULNERABILIDADE,True,False,CADASTRO RESERVA,0,ALTA VULNERABILIDADE,FAIXA 1,20000,0.446,False,,False,,False,,False,,False,,False
150619,PA,RUROPOLIS,0.551,MUITO ALTA VULNERABILIDADE,True,False,CADASTRO RESERVA,0,MUITO ALTA VULNERABILIDADE,FAIXA 1,20000,0.457,False,,False,,True,FAIXA 1,False,,False,,True
150620,PA,SALINOPOLIS,0.389,MEDIA VULNERABILIDADE,True,False,CONFIRMAÇÃO DE VAGAS (ADERIDOS),1,MEDIA VULNERABILIDADE,FAIXA 2,15000,0.383,True,FAIXA 2,True,FAIXA 2,False,,False,,False,,True
150630,PA,SALVATERRA,0.510,MUITO ALTA VULNERABILIDADE,True,False,CADASTRO RESERVA,0,MUITO ALTA VULNERABILIDADE,FAIXA 1,20000,0.456,True,FAIXA 1,True,FAIXA 1,False,,False,,False,,True
150635,PA,SANTA BARBARA DO PARA,0.487,ALTA VULNERABILIDADE,True,False,CADASTRO RESERVA,0,ALTA VULNERABILIDADE,FAIXA 1,20000,0.360,False,,False,,False,,False,,False,,False
150640,PA,SANTA CRUZ DO ARARI,0.606,MUITO ALTA VULNERABILIDADE,True,False,CONFIRMAÇÃO DE VAGAS (ADERIDOS),1,MUITO ALTA VULNERABILIDADE,FAIXA 1,20000,0.453,False,,False,,False,,False,,False,,False
150650,PA,SANTA IZABEL DO PARA,0.385,MEDIA VULNERABILIDADE,True,False,CADASTRO RESERVA,0,MEDIA VULNERABILIDADE,FAIXA 2,15000,0.378,False,,False,,False,,False,,False,,False
150655,PA,SANTA LUZIA DO PARA,0.569,MUITO ALTA VULNERABILIDADE,True,False,CADASTRO RESERVA,0,MUITO ALTA VULNERABILIDADE,FAIXA 1,20000,0.465,False,,False,,False,,False,,False,,False
150658,PA,SANTA MARIA DAS BARREIRAS,0.533,MUITO ALTA VULNERABILIDADE,True,False,CADASTRO RESERVA,0,MUITO ALTA VULNERABILIDADE,FAIXA 1,20000,0.492,False,,False,,False,,False,,False,,False
150660,PA,SANTA MARIA DO PARA,0.437,ALTA VULNERABILIDADE,True,False,CONFIRMAÇÃO DE VAGAS (ADERIDOS),1,ALTA VULNERABILIDADE,FAIXA 1,20000,0.347,False,,False,,False,,False,,False,,False
150670,PA,SANTANA DO ARAGUAIA,0.474,ALTA VULNERABILIDADE,True,False,CONFIRMAÇÃO DE VAGAS (ADERIDOS),1,ALTA VULNERABILIDADE,FAIXA 1,20000,0.397,False,,False,,False,,False,,False,,False
150680,PA,SANTAREM,0.394,MEDIA VULNERABILIDADE,True,False,CONFIRMAÇÃO DE VAGAS (ADERIDOS),1,MEDIA VULNERABILIDADE,FAIXA 2,15000,0.322,True,FAIXA 2,True,FAIXA 2,False,,False,,True,FAIXA 2,True
150690,PA,SANTAREM NOVO,0.503,MUITO ALTA VULNERABILIDADE,True,False,CADASTRO RESERVA,0,MUITO ALTA VULNERABILIDADE,FAIXA 1,20000,0.352,False,,False,,False,,False,,False,,False
150700,PA,SANTO ANTONIO DO TAUA,0.490,ALTA VULNERABILIDADE,True,False,CADASTRO RESERVA,0,ALTA VULNERABILIDADE,FAIXA 1,20000,0.517,False,,False,,False,,False,,False,,False
150710,PA,SAO CAETANO DE ODIVELAS,0.489,ALTA VULNERABILIDADE,True,False,CADASTRO RESERVA,0,ALTA VULNERABILIDADE,FAIXA 1,20000,0.366,False,,False,,False,,False,,False,,False
150715,PA,SAO DOMINGOS DO ARAGUAIA,0.513,MUITO ALTA VULNERABILIDADE,True,False,CADASTRO RESERVA,0,MUITO ALTA VULNERABILIDADE,FAIXA 1,20000,0.494,False,,False,,False,,False,,False,,False
150720,PA,SAO DOMINGOS DO CAPIM,0.545,MUITO ALTA VULNERABILIDADE,True,False,CADASTRO RESERVA,0,MUITO ALTA VULNERABILIDADE,FAIXA 1,20000,0.407,False,,False,,False,,False,,False,,False
150730,PA,SAO FELIX DO XINGU,0.512,MUITO ALTA VULNERABILIDADE,True,False,CADASTRO RESERVA,0,MUITO ALTA VULNERABILIDADE,FAIXA 1,20000,0.422,False,,False,,True,FAIXA 1,True,FAIXA 1,True,FAIXA 1,True
150740,PA,SAO FRANCISCO DO PARA,0.418,ALTA VULNERABILIDADE,True,False,CADASTRO RESERVA,0,ALTA VULNERABILIDADE,FAIXA 1,20000,0.330,False,,False,,False,,False,,False,,False
150745,PA,SAO GERALDO DO ARAGUAIA,0.468,ALTA VULNERABILIDADE,True,False,CADASTRO RESERVA,0,ALTA VULNERABILIDADE,FAIXA 1,20000,0.418,False,,False,,False,,False,,False,,False
150746,PA,SAO JOAO DA PONTA,0.488,ALTA VULNERABILIDADE,True,False,CADASTRO RESERVA,0,ALTA VULNERABILIDADE,FAIXA 1,20000,0.263,False,,False,,False,,False,,False,,False
150747,PA,SAO JOAO DE PIRABAS,0.633,MUITO ALTA VULNERABILIDADE,True,False,CONFIRMAÇÃO DE VAGAS (ADERIDOS),1,MUITO ALTA VULNERABILIDADE,FAIXA 1,20000,0.553,True,FAIXA 1,True,FAIXA 1,False,,False,,False,,True
150750,PA,SAO JOAO DO ARAGUAIA,0.650,MUITO ALTA VULNERABILIDADE,True,False,CADASTRO RESERVA,0,MUITO ALTA VULNERABILIDADE,FAIXA 1,20000,0.635,False,,False,,False,,False,,False,,False
150760,PA,SAO MIGUEL DO GUAMA,0.506,MUITO ALTA VULNERABILIDADE,True,False,CADASTRO RESERVA,0,MUITO ALTA VULNERABILIDADE,FAIXA 1,20000,0.466,False,,False,,False,,False,,True,FAIXA 1,True
150770,PA,SAO SEBASTIAO DA BOA VISTA,0.542,MUITO ALTA VULNERABILIDADE,True,False,CONFIRMAÇÃO DE VAGAS (ADERIDOS),1,MUITO ALTA VULNERABILIDADE,FAIXA 1,20000,0.545,False,,False,,False,,False,,False,,False
150775,PA,SAPUCAIA,0.375,MEDIA VULNERABILIDADE,True,False,CADASTRO RESERVA,0,MEDIA VULNERABILIDADE,FAIXA 2,15000,0.364,False,,False,,False,,False,,False,,False
150780,PA,SENADOR JOSE PORFIRIO,0.629,MUITO ALTA VULNERABILIDADE,True,False,CADASTRO RESERVA,0,MUITO ALTA VULNERABILIDADE,FAIXA 1,20000,0.490,False,,False,,False,,False,,False,,False
150790,PA,SOURE,0.464,ALTA VULNERABILIDADE,True,False,CADASTRO RESERVA,0,ALTA VULNERABILIDADE,FAIXA 1,20000,0.398,False,,False,,False,,False,,False,,False
150795,PA,TAILANDIA,0.533,MUITO ALTA VULNERABILIDADE,True,False,CADASTRO RESERVA,0,MUITO ALTA VULNERABILIDADE,FAIXA 1,20000,0.531,False,,False,,False,,False,,False,,False
150796,PA,TERRA ALTA,0.507,MUITO ALTA VULNERABILIDADE,True,False,CADASTRO RESERVA,0,MUITO ALTA VULNERABILIDADE,FAIXA 1,20000,0.535,False,,False,,False,,False,,False,,False
150797,PA,TERRA SANTA,0.492,ALTA VULNERABILIDADE,True,False,CADASTRO RESERVA,0,ALTA VULNERABILIDADE,FAIXA 1,20000,0.426,False,,False,,False,,False,,True,FAIXA 1,True
150800,PA,TOME-ACU,0.461,ALTA VULNERABILIDADE,True,False,CADASTRO RESERVA,0,ALTA VULNERABILIDADE,FAIXA 1,20000,0.381,False,,False,,False,,False,,False,,False
150803,PA,TRACUATEUA,0.589,MUITO ALTA VULNERABILIDADE,True,False,CADASTRO RESERVA,0,MUITO ALTA VULNERABILIDADE,FAIXA 1,20000,0.589,True,FAIXA 1,False,,False,,False,,False,,True
150805,PA,TRAIRAO,0.639,MUITO ALTA VULNERABILIDADE,True,False,CADASTRO RESERVA,0,MUITO ALTA VULNERABILIDADE,FAIXA 1,20000,0.449,False,,True,FAIXA 1,True,FAIXA 1,True,FAIXA 1,True,FAIXA 1,True
150808,PA,TUCUMA,0.397,MEDIA VULNERABILIDADE,True,False,CADASTRO RESERVA,0,MEDIA VULNERABILIDADE,FAIXA 2,15000,0.443,False,,False,,False,,False,,False,,False
150810,PA,TUCURUI,0.353,MEDIA VULNERABILIDADE,True,False,CONFIRMAÇÃO DE VAGAS (ADERIDOS),1,MEDIA VULNERABILIDADE,FAIXA 2,15000,0.361,True,FAIXA 2,True,FAIXA 2,True,FAIXA 2,False,,True,FAIXA 2,True
150812,PA,ULIANOPOLIS,0.509,MUITO ALTA VULNERABILIDADE,True,False,CONFIRMAÇÃO DE VAGAS (ADERIDOS),1,MUITO ALTA VULNERABILIDADE,FAIXA 1,20000,0.504,False,,False,,False,,False,,False,,False
150815,PA,URUARA,0.504,MUITO ALTA VULNERABILIDADE,True,False,CADASTRO RESERVA,0,MUITO ALTA VULNERABILIDADE,FAIXA 1,20000,0.456,False,,False,,False,,False,,True,FAIXA 1,True
150820,PA,VIGIA,0.433,ALTA VULNERABILIDADE,True,False,CONFIRMAÇÃO DE VAGAS (ADERIDOS),1,ALTA VULNERABILIDADE,FAIXA 1,20000,0.399,False,,False,,False,,False,,False,,False
150830,PA,VISEU,0.741,MUITO ALTA VULNERABILIDADE,True,False,CADASTRO RESERVA,0,MUITO ALTA VULNERABILIDADE,FAIXA 1,20000,0.722,False,,False,,False,,False,,False,,False
150835,PA,VITORIA DO XINGU,0.706,MUITO ALTA VULNERABILIDADE,True,False,CADASTRO RESERVA,0,MUITO ALTA VULNERABILIDADE,FAIXA 1,20000,0.605,False,,False,,False,,False,,False,,False
150840,PA,XINGUARA,0.381,MEDIA VULNERABILIDADE,True,False,CADASTRO RESERVA,0,MEDIA VULNERABILIDADE,FAIXA 2,15000,0.397,False,,False,,False,,False,,False,,False
160005,AP,SERRA DO NAVIO,0.389,MEDIA VULNERABILIDADE,True,True,CADASTRO RESERVA,0,MEDIA VULNERABILIDADE,FAIXA 2,15000,0.282,False,,False,,False,,False,,False,,False
160010,AP,AMAPA,0.524,MUITO ALTA VULNERABILIDADE,True,True,CADASTRO RESERVA,0,MUITO ALTA VULNERABILIDADE,FAIXA 1,20000,0.471,False,,False,,False,,False,,False,,False
160015,AP,PEDRA BRANCA DO AMAPARI,0.507,MUITO ALTA VULNERABILIDADE,True,True,CADASTRO RESERVA,0,MUITO ALTA VULNERABILIDADE,FAIXA 1,20000,0.428,False,,False,,False,,False,,True,FAIXA 1,True
160020,AP,CALCOENE,0.543,MUITO ALTA VULNERABILIDADE,True,True,CADASTRO RESERVA,0,MUITO ALTA VULNERABILIDADE,FAIXA 1,20000,0.501,False,,False,,False,,False,,False,,False
160021,AP,CUTIAS,0.438,ALTA VULNERABILIDADE,True,False,CADASTRO RESERVA,0,ALTA VULNERABILIDADE,FAIXA 1,20000,0.374,False,,False,,False,,False,,False,,False
160023,AP,FERREIRA GOMES,0.463,ALTA VULNERABILIDADE,True,True,CONFIRMAÇÃO DE VAGAS (ADERIDOS),1,ALTA VULNERABILIDADE,FAIXA 1,20000,0.355,False,,False,,False,,False,,False,,False
160025,AP,ITAUBAL,0.591,MUITO ALTA VULNERABILIDADE,True,False,CADASTRO RESERVA,0,MUITO ALTA VULNERABILIDADE,FAIXA 1,20000,0.558,False,,False,,False,,False,,False,,False
160027,AP,LARANJAL DO JARI,0.513,MUITO ALTA VULNERABILIDADE,True,True,CONFIRMAÇÃO DE VAGAS (ADERIDOS),1,MUITO ALTA VULNERABILIDADE,FAIXA 1,20000,0.453,True,FAIXA 1,True,FAIXA 1,True,FAIXA 1,True,FAIXA 1,True,FAIXA 1,True
160030,AP,MACAPA,0.339,MEDIA VULNERABILIDADE,True,False,CONFIRMAÇÃO DE VAGAS (ADERIDOS),4,MEDIA VULNERABILIDADE,FAIXA 2,15000,0.350,True,FAIXA 2,True,FAIXA 2,True,FAIXA 2,True,FAIXA 2,True,FAIXA 2,True
160040,AP,MAZAGAO,0.588,MUITO ALTA VULNERABILIDADE,True,False,CADASTRO RESERVA,0,MUITO ALTA VULNERABILIDADE,FAIXA 1,20000,0.403,False,,False,,False,,False,,False,,False
160050,AP,OIAPOQUE,0.560,MUITO ALTA VULNERABILIDADE,True,True,CADASTRO RESERVA,0,MUITO ALTA VULNERABILIDADE,FAIXA 1,20000,0.410,True,FAIXA 1,True,FAIXA 1,False,,False,,False,,True
160053,AP,PORTO GRANDE,0.509,MUITO ALTA VULNERABILIDADE,True,False,CONFIRMAÇÃO DE VAGAS (ADERIDOS),1,MUITO ALTA VULNERABILIDADE,FAIXA 1,20000,0.397,False,,True,FAIXA 1,False,,False,,True,FAIXA 1,True
160055,AP,PRACUUBA,0.576,MUITO ALTA VULNERABILIDADE,True,True,CONFIRMAÇÃO DE VAGAS (ADERIDOS),1,MUITO ALTA VULNERABILIDADE,FAIXA 1,20000,0.509,False,,False,,False,,False,,False,,False
160060,AP,SANTANA,0.400,MEDIA VULNERABILIDADE,True,False,CADASTRO RESERVA,0,MEDIA VULNERABILIDADE,FAIXA 2,15000,0.407,True,FAIXA 2,True,FAIXA 2,True,FAIXA 2,True,FAIXA 2,True,FAIXA 2,True
160070,AP,TARTARUGALZINHO,0.605,MUITO ALTA VULNERABILIDADE,True,False,CADASTRO RESERVA,0,MUITO ALTA VULNERABILIDADE,FAIXA 1,20000,0.509,False,,False,,False,,False,,False,,False
160080,AP,VITORIA DO JARI,0.489,ALTA VULNERABILIDADE,True,False,CADASTRO RESERVA,0,ALTA VULNERABILIDADE,FAIXA 1,20000,0.449,False,,False,,False,,False,,False,,False
170025,TO,ABREULANDIA,0.383,MEDIA VULNERABILIDADE,True,False,CADASTRO RESERVA,0,MEDIA VULNERABILIDADE,FAIXA 2,15000,0.292,False,,False,,False,,False,,False,,False
170030,TO,AGUIARNOPOLIS,0.398,MEDIA VULNERABILIDADE,True,False,CADASTRO RESERVA,0,MEDIA VULNERABILIDADE,FAIXA 2,15000,0.376,False,,False,,False,,False,,False,,False
170035,TO,ALIANCA DO TOCANTINS,0.368,MEDIA VULNERABILIDADE,True,False,NÃO ELEGIVEL,0,MEDIA VULNERABILIDADE,FAIXA 2,15000,0.405,False,,False,,False,,False,,False,,False
170040,TO,ALMAS,0.494,ALTA VULNERABILIDADE,True,False,CADASTRO RESERVA,0,ALTA VULNERABILIDADE,FAIXA 1,20000,0.466,False,,False,,False,,False,,False,,False
170070,TO,ALVORADA,0.246,BAIXA VULNERABILIDADE,True,False,NÃO ELEGIVEL,0,BAIXA VULNERABILIDADE,FAIXA 3,10000,0.264,False,,False,,False,,False,,False,,False
170100,TO,ANANAS,0.380,MEDIA VULNERABILIDADE,True,False,CADASTRO RESERVA,0,MEDIA VULNERABILIDADE,FAIXA 2,15000,0.388,False,,False,,False,,False,,False,,False
170105,TO,ANGICO,0.375,MEDIA VULNERABILIDADE,True,False,NÃO ELEGIVEL,0,MEDIA VULNERABILIDADE,FAIXA 2,15000,0.286,False,,False,,False,,False,,False,,False
170110,TO,APARECIDA DO RIO NEGRO,0.350,MEDIA VULNERABILIDADE,True,False,CADASTRO RESERVA,0,MEDIA VULNERABILIDADE,FAIXA 2,15000,0.294,False,,False,,False,,False,,False,,False
170130,TO,ARAGOMINAS,0.456,ALTA VULNERABILIDADE,True,False,CONFIRMAÇÃO DE VAGAS (ADERIDOS),1,ALTA VULNERABILIDADE,FAIXA 1,20000,0.341,False,,False,,False,,False,,False,,False
170190,TO,ARAGUACEMA,0.396,MEDIA VULNERABILIDADE,True,False,CADASTRO RESERVA,0,MEDIA VULNERABILIDADE,FAIXA 2,15000,0.300,False,,False,,False,,False,,True,FAIXA 2,True
170200,TO,ARAGUACU,0.329,MEDIA VULNERABILIDADE,True,False,CADASTRO RESERVA,0,MEDIA VULNERABILIDADE,FAIXA 2,15000,0.249,False,,False,,False,,False,,False,,False
170210,TO,ARAGUAINA,0.243,BAIXA VULNERABILIDADE,True,False,CONFIRMAÇÃO DE VAGAS (ADERIDOS),1,BAIXA VULNERABILIDADE,FAIXA 3,10000,0.268,True,FAIXA 3,False,,True,FAIXA 3,True,FAIXA 3,True,FAIXA 3,True
170215,TO,ARAGUANA,0.404,ALTA VULNERABILIDADE,True,False,CADASTRO RESERVA,0,ALTA VULNERABILIDADE,FAIXA 1,20000,0.440,False,,False,,False,,False,,False,,False
170220,TO,ARAGUATINS,0.448,ALTA VULNERABILIDADE,True,False,CADASTRO RESERVA,0,ALTA VULNERABILIDADE,FAIXA 1,20000,0.414,False,,False,,False,,False,,False,,False
170230,TO,ARAPOEMA,0.322,MEDIA VULNERABILIDADE,True,False,CADASTRO RESERVA,0,MEDIA VULNERABILIDADE,FAIXA 2,15000,0.306,False,,False,,False,,False,,False,,False
170240,TO,ARRAIAS,0.390,MEDIA VULNERABILIDADE,True,False,CADASTRO RESERVA,0,MEDIA VULNERABILIDADE,FAIXA 2,15000,0.335,False,,False,,True,FAIXA 2,True,FAIXA 2,False,,True
170255,TO,AUGUSTINOPOLIS,0.406,ALTA VULNERABILIDADE,True,False,NÃO ELEGIVEL,0,ALTA VULNERABILIDADE,FAIXA 1,20000,0.412,True,FAIXA 1,False,,True,FAIXA 1,False,,True,FAIXA 1,True
170270,TO,AURORA DO TOCANTINS,0.404,ALTA VULNERABILIDADE,True,False,CADASTRO RESERVA,0,ALTA VULNERABILIDADE,FAIXA 1,20000,0.369,False,,False,,False,,False,,False,,False
170290,TO,AXIXA DO TOCANTINS,0.429,ALTA VULNERABILIDADE,True,False,CONFIRMAÇÃO DE VAGAS (ADERIDOS),1,ALTA VULNERABILIDADE,FAIXA 1,20000,0.418,False,,False,,False,,False,,False,,False
170300,TO,BABACULANDIA,0.407,ALTA VULNERABILIDADE,True,False,CADASTRO RESERVA,0,ALTA VULNERABILIDADE,FAIXA 1,20000,0.316,False,,False,,False,,False,,False,,False
170305,TO,BANDEIRANTES DO TOCANTINS,0.396,MEDIA VULNERABILIDADE,True,False,CADASTRO RESERVA,0,MEDIA VULNERABILIDADE,FAIXA 2,15000,0.373,False,,False,,False,,False,,False,,False
170307,TO,BARRA DO OURO,0.543,MUITO ALTA VULNERABILIDADE,True,False,CADASTRO RESERVA,0,MUITO ALTA VULNERABILIDADE,FAIXA 1,20000,0.383,False,,False,,False,,False,,False,,False
170310,TO,BARROLANDIA,0.341,MEDIA VULNERABILIDADE,True,False,NÃO ELEGIVEL,0,MEDIA VULNERABILIDADE,FAIXA 2,15000,0.312,False,,False,,False,,False,,False,,False
170320,TO,BERNARDO SAYAO,0.364,MEDIA VULNERABILIDADE,True,False,CADASTRO RESERVA,0,MEDIA VULNERABILIDADE,FAIXA 2,15000,0.335,False,,False,,False,,False,,False,,False
170330,TO,BOM JESUS DO TOCANTINS,0.416,ALTA VULNERABILIDADE,True,False,CADASTRO RESERVA,0,ALTA VULNERABILIDADE,FAIXA 1,20000,0.394,False,,False,,False,,False,,False,,False
170360,TO,BRASILANDIA DO TOCANTINS,0.301,MEDIA VULNERABILIDADE,True,False,CONFIRMAÇÃO DE VAGAS (ADERIDOS),1,MEDIA VULNERABILIDADE,FAIXA 2,15000,0.257,False,,False,,False,,False,,False,,False
170370,TO,BREJINHO DE NAZARE,0.383,MEDIA VULNERABILIDADE,True,False,NÃO ELEGIVEL,0,MEDIA VULNERABILIDADE,FAIXA 2,15000,0.377,False,,False,,False,,False,,False,,False
170380,TO,BURITI DO TOCANTINS,0.545,MUITO ALTA VULNERABILIDADE,True,False,CADASTRO RESERVA,0,MUITO ALTA VULNERABILIDADE,FAIXA 1,20000,0.504,False,,False,,False,,False,,True,FAIXA 1,True
170382,TO,CACHOEIRINHA,0.452,ALTA VULNERABILIDADE,True,False,NÃO ELEGIVEL,0,ALTA VULNERABILIDADE,FAIXA 1,20000,0.435,False,,False,,False,,False,,False,,False
170384,TO,CAMPOS LINDOS,0.623,MUITO ALTA VULNERABILIDADE,True,False,CADASTRO RESERVA,0,MUITO ALTA VULNERABILIDADE,FAIXA 1,20000,0.496,False,,False,,False,,False,,False,,False
170386,TO,CARIRI DO TOCANTINS,0.282,BAIXA VULNERABILIDADE,True,False,CADASTRO RESERVA,0,BAIXA VULNERABILIDADE,FAIXA 3,10000,0.283,False,,False,,False,,False,,False,,False
170388,TO,CARMOLANDIA,0.334,MEDIA VULNERABILIDADE,True,False,NÃO ELEGIVEL,0,MEDIA VULNERABILIDADE,FAIXA 2,15000,0.283,False,,False,,False,,False,,False,,False
170389,TO,CARRASCO BONITO,0.565,MUITO ALTA VULNERABILIDADE,True,False,CADASTRO RESERVA,0,MUITO ALTA VULNERABILIDADE,FAIXA 1,20000,0.584,False,,False,,False,,False,,False,,False
170390,TO,CASEARA,0.384,MEDIA VULNERABILIDADE,True,False,CADASTRO RESERVA,0,MEDIA VULNERABILIDADE,FAIXA 2,15000,0.284,False,,False,,False,,False,,False,,False
170410,TO,CENTENARIO,0.510,MUITO ALTA VULNERABILIDADE,True,False,CADASTRO RESERVA,0,MUITO ALTA VULNERABILIDADE,FAIXA 1,20000,0.386,False,,False,,False,,False,,False,,False
170460,TO,CHAPADA DE AREIA,0.316,MEDIA VULNERABILIDADE,True,False,NÃO ELEGIVEL,0,MEDIA VULNERABILIDADE,FAIXA 2,15000,0.230,False,,False,,False,,False,,False,,False
170510,TO,CHAPADA DA NATIVIDADE,0.434,ALTA VULNERABILIDADE,True,False,CADASTRO RESERVA,0,ALTA VULNERABILIDADE,FAIXA 1,20000,0.380,False,,False,,False,,False,,False,,False
170550,TO,COLINAS DO TOCANTINS,0.294,BAIXA VULNERABILIDADE,True,False,CADASTRO RESERVA,0,BAIXA VULNERABILIDADE,FAIXA 3,10000,0.317,False,,False,,False,,False,,True,FAIXA 3,True
170555,TO,COMBINADO,0.328,MEDIA VULNERABILIDADE,True,False,CADASTRO RESERVA,0,MEDIA VULNERABILIDADE,FAIXA 2,15000,0.327,False,,False,,False,,False,,False,,False
170560,TO,CONCEICAO DO TOCANTINS,0.410,ALTA VULNERABILIDADE,True,False,CADASTRO RESERVA,0,ALTA VULNERABILIDADE,FAIXA 1,20000,0.336,False,,False,,False,,False,,False,,False
170600,TO,COUTO MAGALHAES,0.490,ALTA VULNERABILIDADE,True,False,CADASTRO RESERVA,0,ALTA VULNERABILIDADE,FAIXA 1,20000,0.366,False,,False,,False,,False,,False,,False
170610,TO,CRISTALANDIA,0.325,MEDIA VULNERABILIDADE,True,False,NOVA ADESÃO,1,MEDIA VULNERABILIDADE,FAIXA 2,15000,0.353,False,,False,,False,,False,,False,,False
170625,TO,CRIXAS DO TOCANTINS,0.268,BAIXA VULNERABILIDADE,True,False,CADASTRO RESERVA,0,BAIXA VULNERABILIDADE,FAIXA 3,10000,0.276,False,,False,,False,,False,,False,,False
170650,TO,DARCINOPOLIS,0.465,ALTA VULNERABILIDADE,True,False,CADASTRO RESERVA,0,ALTA VULNERABILIDADE,FAIXA 1,20000,0.445,False,,False,,False,,False,,False,,False
170700,TO,DIANOPOLIS,0.337,MEDIA VULNERABILIDADE,True,False,CADASTRO RESERVA,0,MEDIA VULNERABILIDADE,FAIXA 2,15000,0.312,False,,False,,True,FAIXA 2,True,FAIXA 2,True,FAIXA 2,True
170710,TO,DIVINOPOLIS DO TOCANTINS,0.335,MEDIA VULNERABILIDADE,True,False,NÃO ELEGIVEL,0,MEDIA VULNERABILIDADE,FAIXA 2,15000,0.289,False,,False,,True,FAIXA 2,False,,True,FAIXA 2,True
170720,TO,DOIS IRMAOS DO TOCANTINS,0.414,ALTA VULNERABILIDADE,True,False,NÃO ELEGIVEL,0,ALTA VULNERABILIDADE,FAIXA 1,20000,0.336,False,,False,,False,,False,,False,,False
170730,TO,DUERE,0.388,MEDIA VULNERABILIDADE,True,False,NÃO ELEGIVEL,0,MEDIA VULNERABILIDADE,FAIXA 2,15000,0.335,False,,False,,False,,False,,False,,False
170740,TO,ESPERANTINA,0.616,MUITO ALTA VULNERABILIDADE,True,False,NÃO ELEGIVEL,0,MUITO ALTA VULNERABILIDADE,FAIXA 1,20000,0.579,False,,False,,False,,False,,False,,False
170755,TO,FATIMA,0.310,MEDIA VULNERABILIDADE,True,False,CADASTRO RESERVA,0,MEDIA VULNERABILIDADE,FAIXA 2,15000,0.276,False,,False,,False,,False,,False,,False
170765,TO,FIGUEIROPOLIS,0.341,MEDIA VULNERABILIDADE,True,False,NÃO ELEGIVEL,0,MEDIA VULNERABILIDADE,FAIXA 2,15000,0.338,False,,False,,False,,False,,False,,False
170770,TO,FILADELFIA,0.456,ALTA VULNERABILIDADE,True,False,CADASTRO RESERVA,0,ALTA VULNERABILIDADE,FAIXA 1,20000,0.389,False,,False,,False,,False,,False,,False
170820,TO,FORMOSO DO ARAGUAIA,0.347,MEDIA VULNERABILIDADE,True,False,CADASTRO RESERVA,0,MEDIA VULNERABILIDADE,FAIXA 2,15000,0.312,False,,False,,False,,False,,False,,False
170825,TO,FORTALEZA DO TABOCAO,0.277,BAIXA VULNERABILIDADE,True,False,CADASTRO RESERVA,0,BAIXA VULNERABILIDADE,FAIXA 3,10000,0.269,False,,False,,False,,False,,False,,False
170830,TO,GOIANORTE,0.412,ALTA VULNERABILIDADE,True,False,NÃO ELEGIVEL,0,ALTA VULNERABILIDADE,FAIXA 1,20000,0.332,False,,False,,False,,False,,False,,False
170900,TO,GOIATINS,0.556,MUITO ALTA VULNERABILIDADE,True,False,CONFIRMAÇÃO DE VAGAS (ADERIDOS),1,MUITO ALTA VULNERABILIDADE,FAIXA 1,20000,0.480,False,,False,,False,,False,,False,,False
170930,TO,GUARAI,0.253,BAIXA VULNERABILIDADE,True,False,CADASTRO RESERVA,0,BAIXA VULNERABILIDADE,FAIXA 3,10000,0.268,False,,False,,True,FAIXA 3,True,FAIXA 3,False,,True
170950,TO,GURUPI,0.229,BAIXA VULNERABILIDADE,True,False,CADASTRO RESERVA,0,BAIXA VULNERABILIDADE,FAIXA 3,10000,0.244,True,FAIXA 3,True,FAIXA 3,True,FAIXA 3,True,FAIXA 3,True,FAIXA 3,True
170980,TO,IPUEIRAS,0.344,MEDIA VULNERABILIDADE,True,False,CADASTRO RESERVA,0,MEDIA VULNERABILIDADE,FAIXA 2,15000,0.315,False,,False,,False,,False,,False,,False
171050,TO,ITACAJA,0.435,ALTA VULNERABILIDADE,True,False,CADASTRO RESERVA,0,ALTA VULNERABILIDADE,FAIXA 1,20000,0.280,False,,False,,False,,False,,False,,False
171070,TO,ITAGUATINS,0.466,ALTA VULNERABILIDADE,True,False,CONFIRMAÇÃO DE VAGAS (ADERIDOS),1,ALTA VULNERABILIDADE,FAIXA 1,20000,0.430,False,,False,,False,,False,,False,,False
171090,TO,ITAPIRATINS,0.457,ALTA VULNERABILIDADE,True,False,NÃO ELEGIVEL,0,ALTA VULNERABILIDADE,FAIXA 1,20000,0.359,False,,False,,False,,False,,False,,False
171110,TO,ITAPORA DO TOCANTINS,0.465,ALTA VULNERABILIDADE,True,False,NÃO ELEGIVEL,0,ALTA VULNERABILIDADE,FAIXA 1,20000,0.402,False,,False,,False,,False,,False,,False
171150,TO,JAU DO TOCANTINS,0.365,MEDIA VULNERABILIDADE,True,False,CADASTRO RESERVA,0,MEDIA VULNERABILIDADE,FAIXA 2,15000,0.370,False,,False,,False,,False,,False,,False
171180,TO,JUARINA,0.460,ALTA VULNERABILIDADE,True,False,CONFIRMAÇÃO DE VAGAS (ADERIDOS),1,ALTA VULNERABILIDADE,FAIXA 1,20000,0.426,False,,False,,False,,False,,False,,False
171190,TO,LAGOA DA CONFUSAO,0.414,ALTA VULNERABILIDADE,True,False,CADASTRO RESERVA,0,ALTA VULNERABILIDADE,FAIXA 1,20000,0.367,False,,False,,False,,False,,False,,False
171195,TO,LAGOA DO TOCANTINS,0.450,ALTA VULNERABILIDADE,True,False,CADASTRO RESERVA,0,ALTA VULNERABILIDADE,FAIXA 1,20000,0.353,False,,False,,False,,False,,False,,False
171200,TO,LAJEADO,0.353,MEDIA VULNERABILIDADE,True,False,CADASTRO RESERVA,0,MEDIA VULNERABILIDADE,FAIXA 2,15000,0.344,False,,False,,False,,False,,False,,False
171215,TO,LAVANDEIRA,0.320,MEDIA VULNERABILIDADE,True,False,CADASTRO RESERVA,0,MEDIA VULNERABILIDADE,FAIXA 2,15000,0.299,False,,False,,False,,False,,False,,False
171240,TO,LIZARDA,0.535,MUITO ALTA VULNERABILIDADE,True,False,CADASTRO RESERVA,0,MUITO ALTA VULNERABILIDADE,FAIXA 1,20000,0.516,False,,False,,False,,False,,False,,False
171245,TO,LUZINOPOLIS,0.379,MEDIA VULNERABILIDADE,True,False,CADASTRO RESERVA,0,MEDIA VULNERABILIDADE,FAIXA 2,15000,0.387,False,,False,,False,,False,,False,,False
171250,TO,MARIANOPOLIS DO TOCANTINS,0.341,MEDIA VULNERABILIDADE,True,False,CADASTRO RESERVA,0,MEDIA VULNERABILIDADE,FAIXA 2,15000,0.288,False,,False,,False,,False,,False,,False
171270,TO,MATEIROS,0.433,ALTA VULNERABILIDADE,True,False,CONFIRMAÇÃO DE VAGAS (ADERIDOS),1,ALTA VULNERABILIDADE,FAIXA 1,20000,0.371,False,,False,,False,,False,,False,,False
171280,TO,MAURILANDIA DO TOCANTINS,0.485,ALTA VULNERABILIDADE,True,False,CADASTRO RESERVA,0,ALTA VULNERABILIDADE,FAIXA 1,20000,0.408,False,,False,,False,,False,,False,,False
171320,TO,MIRACEMA DO TOCANTINS,0.295,BAIXA VULNERABILIDADE,True,False,CADASTRO RESERVA,0,BAIXA VULNERABILIDADE,FAIXA 3,10000,0.274,False,,False,,False,,False,,True,FAIXA 3,True
171330,TO,MIRANORTE,0.340,MEDIA VULNERABILIDADE,True,False,NÃO ELEGIVEL,0,MEDIA VULNERABILIDADE,FAIXA 2,15000,0.298,False,,False,,False,,False,,False,,False
171360,TO,MONTE DO CARMO,0.399,MEDIA VULNERABILIDADE,True,False,NÃO ELEGIVEL,0,MEDIA VULNERABILIDADE,FAIXA 2,15000,0.296,False,,False,,False,,False,,False,,False
171370,TO,MONTE SANTO DO TOCANTINS,0.370,MEDIA VULNERABILIDADE,True,False,NÃO ELEGIVEL,0,MEDIA VULNERABILIDADE,FAIXA 2,15000,0.364,False,,False,,False,,False,,False,,False
171380,TO,PALMEIRAS DO TOCANTINS,0.456,ALTA VULNERABILIDADE,True,False,CADASTRO RESERVA,0,ALTA VULNERABILIDADE,FAIXA 1,20000,0.408,False,,False,,False,,False,,False,,False
171395,TO,MURICILANDIA,0.488,ALTA VULNERABILIDADE,True,False,CADASTRO RESERVA,0,ALTA VULNERABILIDADE,FAIXA 1,20000,0.509,False,,False,,False,,False,,False,,False
171420,TO,NATIVIDADE,0.393,MEDIA VULNERABILIDADE,True,False,CADASTRO RESERVA,0,MEDIA VULNERABILIDADE,FAIXA 2,15000,0.360,False,,False,,False,,False,,False,,False
171430,TO,NAZARE,0.434,ALTA VULNERABILIDADE,True,False,NÃO ELEGIVEL,0,ALTA VULNERABILIDADE,FAIXA 1,20000,0.408,False,,False,,False,,False,,False,,False
171488,TO,NOVA OLINDA,0.396,MEDIA VULNERABILIDADE,True,False,CADASTRO RESERVA,0,MEDIA VULNERABILIDADE,FAIXA 2,15000,0.369,False,,False,,False,,False,,False,,False
171500,TO,NOVA ROSALANDIA,0.327,MEDIA VULNERABILIDADE,True,False,CADASTRO RESERVA,0,MEDIA VULNERABILIDADE,FAIXA 2,15000,0.326,False,,False,,False,,False,,False,,False
171510,TO,NOVO ACORDO,0.405,ALTA VULNERABILIDADE,True,False,CADASTRO RESERVA,0,ALTA VULNERABILIDADE,FAIXA 1,20000,0.357,False,,False,,False,,False,,False,,False
171515,TO,NOVO ALEGRE,0.315,MEDIA VULNERABILIDADE,True,False,CADASTRO RESERVA,0,MEDIA VULNERABILIDADE,FAIXA 2,15000,0.230,False,,False,,False,,False,,False,,False
171525,TO,NOVO JARDIM,0.383,MEDIA VULNERABILIDADE,True,False,CADASTRO RESERVA,0,MEDIA VULNERABILIDADE,FAIXA 2,15000,0.372,False,,False,,False,,False,,False,,False
171550,TO,OLIVEIRA DE FATIMA,0.276,BAIXA VULNERABILIDADE,True,False,NÃO ELEGIVEL,0,BAIXA VULNERABILIDADE,FAIXA 3,10000,0.278,False,,False,,False,,False,,False,,False
171570,TO,PALMEIRANTE,0.562,MUITO ALTA VULNERABILIDADE,True,False,CADASTRO RESERVA,0,MUITO ALTA VULNERABILIDADE,FAIXA 1,20000,0.461,False,,False,,False,,False,,False,,False
171575,TO,PALMEIROPOLIS,0.346,MEDIA VULNERABILIDADE,True,False,CADASTRO RESERVA,0,MEDIA VULNERABILIDADE,FAIXA 2,15000,0.311,False,,False,,False,,False,,True,FAIXA 2,True
171610,TO,PARAISO DO TOCANTINS,0.210,BAIXA VULNERABILIDADE,True,False,CADASTRO RESERVA,0,BAIXA VULNERABILIDADE,FAIXA 3,10000,0.233,True,FAIXA 3,True,FAIXA 3,True,FAIXA 3,False,,True,FAIXA 3,True
171620,TO,PARANA,0.556,MUITO ALTA VULNERABILIDADE,True,False,CADASTRO RESERVA,0,MUITO ALTA VULNERABILIDADE,FAIXA 1,20000,0.386,False,,False,,False,,False,,False,,False
171630,TO,PAU D'ARCO,0.469,ALTA VULNERABILIDADE,True,False,CADASTRO RESERVA,0,ALTA VULNERABILIDADE,FAIXA 1,20000,0.424,False,,False,,False,,False,,False,,False
171650,TO,PEDRO AFONSO,0.278,BAIXA VULNERABILIDADE,True,False,CADASTRO RESERVA,0,BAIXA VULNERABILIDADE,FAIXA 3,10000,0.315,False,,False,,False,,False,,False,,False
171660,TO,PEIXE,0.319,MEDIA VULNERABILIDADE,True,False,CADASTRO RESERVA,0,MEDIA VULNERABILIDADE,FAIXA 2,15000,0.270,False,,False,,False,,False,,False,,False
171665,TO,PEQUIZEIRO,0.440,ALTA VULNERABILIDADE,True,False,CADASTRO RESERVA,0,ALTA VULNERABILIDADE,FAIXA 1,20000,0.353,False,,False,,False,,False,,False,,False
171670,TO,COLMEIA,0.301,MEDIA VULNERABILIDADE,True,False,CADASTRO RESERVA,0,MEDIA VULNERABILIDADE,FAIXA 2,15000,0.289,False,,False,,False,,False,,False,,False
171700,TO,PINDORAMA DO TOCANTINS,0.383,MEDIA VULNERABILIDADE,True,False,CADASTRO RESERVA,0,MEDIA VULNERABILIDADE,FAIXA 2,15000,0.299,False,,False,,False,,False,,False,,False
171720,TO,PIRAQUE,0.344,MEDIA VULNERABILIDADE,True,False,CADASTRO RESERVA,0,MEDIA VULNERABILIDADE,FAIXA 2,15000,0.232,False,,False,,False,,False,,False,,False
171750,TO,PIUM,0.504,MUITO ALTA VULNERABILIDADE,True,False,CADASTRO RESERVA,0,MUITO ALTA VULNERABILIDADE,FAIXA 1,20000,0.363,False,,False,,False,,False,,True,FAIXA 1,True
171780,TO,PONTE ALTA DO BOM JESUS,0.596,MUITO ALTA VULNERABILIDADE,True,False,CADASTRO RESERVA,0,MUITO ALTA VULNERABILIDADE,FAIXA 1,20000,0.406,False,,False,,False,,False,,False,,False
171790,TO,PONTE ALTA DO TOCANTINS,0.360,MEDIA VULNERABILIDADE,True,False,CADASTRO RESERVA,0,MEDIA VULNERABILIDADE,FAIXA 2,15000,0.344,False,,False,,False,,False,,False,,False
171800,TO,PORTO ALEGRE DO TOCANTINS,0.308,MEDIA VULNERABILIDADE,True,False,CADASTRO RESERVA,0,MEDIA VULNERABILIDADE,FAIXA 2,15000,0.270,False,,False,,False,,False,,False,,False
171820,TO,PORTO NACIONAL,0.246,BAIXA VULNERABILIDADE,True,False,CADASTRO RESERVA,0,BAIXA VULNERABILIDADE,FAIXA 3,10000,0.251,True,FAIXA 3,True,FAIXA 3,False,,False,,False,,True
171830,TO,PRAIA NORTE,0.615,MUITO ALTA VULNERABILIDADE,True,False,NÃO ELEGIVEL,0,MUITO ALTA VULNERABILIDADE,FAIXA 1,20000,0.531,False,,False,,False,,False,,False,,False
171840,TO,PRESIDENTE KENNEDY,0.411,ALTA VULNERABILIDADE,True,False,NÃO ELEGIVEL,0,ALTA VULNERABILIDADE,FAIXA 1,20000,0.336,False,,False,,False,,False,,False,,False
171845,TO,PUGMIL,0.352,MEDIA VULNERABILIDADE,True,False,CADASTRO RESERVA,0,MEDIA VULNERABILIDADE,FAIXA 2,15000,0.356,False,,False,,False,,False,,False,,False
171850,TO,RECURSOLANDIA,0.508,MUITO ALTA VULNERABILIDADE,True,False,CADASTRO RESERVA,0,MUITO ALTA VULNERABILIDADE,FAIXA 1,20000,0.430,False,,False,,False,,False,,False,,False
171855,TO,RIACHINHO,0.437,ALTA VULNERABILIDADE,True,False,CADASTRO RESERVA,0,ALTA VULNERABILIDADE,FAIXA 1,20000,0.331,False,,False,,False,,False,,False,,False
171865,TO,RIO DA CONCEICAO,0.471,ALTA VULNERABILIDADE,True,False,CADASTRO RESERVA,0,ALTA VULNERABILIDADE,FAIXA 1,20000,0.408,False,,False,,False,,False,,False,,False
171870,TO,RIO DOS BOIS,0.340,MEDIA VULNERABILIDADE,True,False,CADASTRO RESERVA,0,MEDIA VULNERABILIDADE,FAIXA 2,15000,0.296,False,,False,,False,,False,,False,,False
171875,TO,RIO SONO,0.366,MEDIA VULNERABILIDADE,True,False,CADASTRO RESERVA,0,MEDIA VULNERABILIDADE,FAIXA 2,15000,0.289,False,,False,,False,,False,,False,,False
171880,TO,SAMPAIO,0.556,MUITO ALTA VULNERABILIDADE,True,False,CADASTRO RESERVA,0,MUITO ALTA VULNERABILIDADE,FAIXA 1,20000,0.504,False,,False,,False,,False,,False,,False
171884,TO,SANDOLANDIA,0.340,MEDIA VULNERABILIDADE,True,False,CADASTRO RESERVA,0,MEDIA VULNERABILIDADE,FAIXA 2,15000,0.406,False,,False,,False,,False,,False,,False
171886,TO,SANTA FE DO ARAGUAIA,0.435,ALTA VULNERABILIDADE,True,False,CADASTRO RESERVA,0,ALTA VULNERABILIDADE,FAIXA 1,20000,0.355,False,,False,,False,,False,,False,,False
171888,TO,SANTA MARIA DO TOCANTINS,0.348,MEDIA VULNERABILIDADE,True,False,CADASTRO RESERVA,0,MEDIA VULNERABILIDADE,FAIXA 2,15000,0.290,False,,False,,False,,False,,False,,False
171889,TO,SANTA RITA DO TOCANTINS,0.437,ALTA VULNERABILIDADE,True,False,NÃO ELEGIVEL,0,ALTA VULNERABILIDADE,FAIXA 1,20000,0.223,False,,False,,False,,False,,False,,False
171890,TO,SANTA ROSA DO TOCANTINS,0.394,MEDIA VULNERABILIDADE,True,False,CADASTRO RESERVA,0,MEDIA VULNERABILIDADE,FAIXA 2,15000,0.371,False,,False,,False,,False,,False,,False
171900,TO,SANTA TEREZA DO TOCANTINS,0.353,MEDIA VULNERABILIDADE,True,False,CADASTRO RESERVA,0,MEDIA VULNERABILIDADE,FAIXA 2,15000,0.284,False,,False,,False,,False,,False,,False
172000,TO,SANTA TEREZINHA DO TOCANTINS,0.415,ALTA VULNERABILIDADE,True,False,CADASTRO RESERVA,0,ALTA VULNERABILIDADE,FAIXA 1,20000,0.373,False,,False,,False,,False,,False,,False
172010,TO,SAO BENTO DO TOCANTINS,0.518,MUITO ALTA VULNERABILIDADE,True,False,CADASTRO RESERVA,0,MUITO ALTA VULNERABILIDADE,FAIXA 1,20000,0.411,False,,False,,False,,False,,False,,False
172015,TO,SAO FELIX DO TOCANTINS,0.410,ALTA VULNERABILIDADE,True,False,CADASTRO RESERVA,0,ALTA VULNERABILIDADE,FAIXA 1,20000,0.364,False,,False,,False,,False,,False,,False
172020,TO,SAO MIGUEL DO TOCANTINS,0.472,ALTA VULNERABILIDADE,True,False,CADASTRO RESERVA,0,ALTA VULNERABILIDADE,FAIXA 1,20000,0.353,False,,False,,False,,False,,False,,False
172025,TO,SAO SALVADOR DO TOCANTINS,0.358,MEDIA VULNERABILIDADE,True,False,CADASTRO RESERVA,0,MEDIA VULNERABILIDADE,FAIXA 2,15000,0.380,False,,False,,False,,False,,False,,False
172030,TO,SAO SEBASTIAO DO TOCANTINS,0.591,MUITO ALTA VULNERABILIDADE,True,False,CADASTRO RESERVA,0,MUITO ALTA VULNERABILIDADE,FAIXA 1,20000,0.530,False,,False,,False,,False,,False,,False
172049,TO,SAO VALERIO,0.422,ALTA VULNERABILIDADE,True,False,CONFIRMAÇÃO DE VAGAS (ADERIDOS),1,ALTA VULNERABILIDADE,FAIXA 1,20000,0.244,False,,False,,False,,False,,False,,False
172065,TO,SILVANOPOLIS,0.422,ALTA VULNERABILIDADE,True,False,NÃO ELEGIVEL,0,ALTA VULNERABILIDADE,FAIXA 1,20000,0.432,False,,False,,False,,False,,False,,False
172080,TO,SITIO NOVO DO TOCANTINS,0.567,MUITO ALTA VULNERABILIDADE,True,False,CADASTRO RESERVA,0,MUITO ALTA VULNERABILIDADE,FAIXA 1,20000,0.512,False,,False,,False,,False,,True,FAIXA 1,True
172085,TO,SUCUPIRA,0.320,MEDIA VULNERABILIDADE,True,False,NÃO ELEGIVEL,0,MEDIA VULNERABILIDADE,FAIXA 2,15000,0.281,False,,False,,False,,False,,False,,False
172090,TO,TAGUATINGA,0.393,MEDIA VULNERABILIDADE,True,False,CONFIRMAÇÃO DE VAGAS (ADERIDOS),1,MEDIA VULNERABILIDADE,FAIXA 2,15000,0.357,False,,False,,False,,False,,False,,False
172093,TO,TAIPAS DO TOCANTINS,0.530,MUITO ALTA VULNERABILIDADE,True,False,CADASTRO RESERVA,0,MUITO ALTA VULNERABILIDADE,FAIXA 1,20000,0.420,False,,False,,False,,False,,False,,False
172097,TO,TALISMA,0.317,MEDIA VULNERABILIDADE,True,False,CADASTRO RESERVA,0,MEDIA VULNERABILIDADE,FAIXA 2,15000,0.292,False,,False,,False,,False,,False,,False
172100,TO,PALMAS,0.236,BAIXA VULNERABILIDADE,True,False,CONFIRMAÇÃO DE VAGAS (ADERIDOS),3,BAIXA VULNERABILIDADE,FAIXA 3,10000,0.272,True,FAIXA 3,True,FAIXA 3,False,,False,,False,,True
172110,TO,TOCANTINIA,0.474,ALTA VULNERABILIDADE,True,False,NÃO ELEGIVEL,0,ALTA VULNERABILIDADE,FAIXA 1,20000,0.361,False,,False,,False,,False,,False,,False
172120,TO,TOCANTINOPOLIS,0.368,MEDIA VULNERABILIDADE,True,False,CONFIRMAÇÃO DE VAGAS (ADERIDOS),1,MEDIA VULNERABILIDADE,FAIXA 2,15000,0.377,False,,False,,False,,False,,False,,False
172125,TO,TUPIRAMA,0.273,BAIXA VULNERABILIDADE,True,False,NÃO ELEGIVEL,0,BAIXA VULNERABILIDADE,FAIXA 3,10000,0.236,False,,False,,False,,False,,False,,False
172130,TO,TUPIRATINS,0.451,ALTA VULNERABILIDADE,True,False,NÃO ELEGIVEL,0,ALTA VULNERABILIDADE,FAIXA 1,20000,0.338,False,,False,,False,,False,,False,,False
172208,TO,WANDERLANDIA,0.376,MEDIA VULNERABILIDADE,True,False,CADASTRO RESERVA,0,MEDIA VULNERABILIDADE,FAIXA 2,15000,0.297,False,,False,,False,,False,,False,,False
172210,TO,XAMBIOA,0.423,ALTA VULNERABILIDADE,True,False,CADASTRO RESERVA,0,ALTA VULNERABILIDADE,FAIXA 1,20000,0.424,False,,False,,False,,False,,False,,False
210005,MA,ACAILANDIA,0.387,MEDIA VULNERABILIDADE,True,False,CONFIRMAÇÃO DE VAGAS (ADERIDOS),1,MEDIA VULNERABILIDADE,FAIXA 2,15000,0.366,True,FAIXA 2,True,FAIXA 2,True,FAIXA 2,True,FAIXA 2,True,FAIXA 2,True
210010,MA,AFONSO CUNHA,0.599,MUITO ALTA VULNERABILIDADE,False,False,CADASTRO RESERVA,0,MUITO ALTA VULNERABILIDADE,FAIXA 1,20000,0.497,False,,False,,False,,False,,False,,False
210015,MA,AGUA DOCE DO MARANHAO,0.687,MUITO ALTA VULNERABILIDADE,False,False,CADASTRO RESERVA,0,MUITO ALTA VULNERABILIDADE,FAIXA 1,20000,0.565,False,,False,,False,,False,,False,,False
210020,MA,ALCANTARA,0.570,MUITO ALTA VULNERABILIDADE,True,False,CONFIRMAÇÃO DE VAGAS (ADERIDOS),1,MUITO ALTA VULNERABILIDADE,FAIXA 1,20000,0.373,False,,False,,False,,False,,False,,False
210030,MA,ALDEIAS ALTAS,0.668,MUITO ALTA VULNERABILIDADE,False,False,CADASTRO RESERVA,0,MUITO ALTA VULNERABILIDADE,FAIXA 1,20000,0.675,False,,False,,False,,False,,False,,False
210040,MA,ALTAMIRA DO MARANHAO,0.592,MUITO ALTA VULNERABILIDADE,True,False,CADASTRO RESERVA,0,MUITO ALTA VULNERABILIDADE,FAIXA 1,20000,0.536,False,,False,,False,,False,,False,,False
210043,MA,ALTO ALEGRE DO MARANHAO,0.620,MUITO ALTA VULNERABILIDADE,True,False,CADASTRO RESERVA,0,MUITO ALTA VULNERABILIDADE,FAIXA 1,20000,0.583,False,,False,,True,FAIXA 1,True,FAIXA 1,False,,True
210047,MA,ALTO ALEGRE DO PINDARE,0.571,MUITO ALTA VULNERABILIDADE,True,False,CONFIRMAÇÃO DE VAGAS (ADERIDOS),1,MUITO ALTA VULNERABILIDADE,FAIXA 1,20000,0.528,False,,False,,False,,False,,False,,False
210050,MA,ALTO PARNAIBA,0.496,ALTA VULNERABILIDADE,True,False,CADASTRO RESERVA,0,ALTA VULNERABILIDADE,FAIXA 1,20000,0.447,False,,False,,False,,False,,False,,False
210055,MA,AMAPA DO MARANHAO,0.773,MUITO ALTA VULNERABILIDADE,True,False,CONFIRMAÇÃO DE VAGAS (ADERIDOS),1,MUITO ALTA VULNERABILIDADE,FAIXA 1,20000,0.709,False,,False,,False,,False,,False,,False
210060,MA,AMARANTE DO MARANHAO,0.617,MUITO ALTA VULNERABILIDADE,True,False,CADASTRO RESERVA,0,MUITO ALTA VULNERABILIDADE,FAIXA 1,20000,0.404,False,,False,,False,,False,,False,,False
210070,MA,ANAJATUBA,0.677,MUITO ALTA VULNERABILIDADE,True,False,CONFIRMAÇÃO DE VAGAS (ADERIDOS),1,MUITO ALTA VULNERABILIDADE,FAIXA 1,20000,0.505,False,,False,,False,,False,,True,FAIXA 1,True
210080,MA,ANAPURUS,0.604,MUITO ALTA VULNERABILIDADE,False,False,CONFIRMAÇÃO DE VAGAS (ADERIDOS),1,MUITO ALTA VULNERABILIDADE,FAIXA 1,20000,0.526,False,,False,,False,,False,,False,,False
210083,MA,APICUM-ACU,0.652,MUITO ALTA VULNERABILIDADE,True,False,CONFIRMAÇÃO DE VAGAS (ADERIDOS),1,MUITO ALTA VULNERABILIDADE,FAIXA 1,20000,0.616,False,,False,,False,,False,,False,,False
210087,MA,ARAGUANA,0.581,MUITO ALTA VULNERABILIDADE,True,False,CADASTRO RESERVA,0,MUITO ALTA VULNERABILIDADE,FAIXA 1,20000,0.497,False,,False,,False,,False,,False,,False
210090,MA,ARAIOSES,0.682,MUITO ALTA VULNERABILIDADE,False,False,CADASTRO RESERVA,0,MUITO ALTA VULNERABILIDADE,FAIXA 1,20000,0.502,True,FAIXA 1,False,,False,,False,,False,,True
210095,MA,ARAME,0.643,MUITO ALTA VULNERABILIDADE,True,False,CADASTRO RESERVA,0,MUITO ALTA VULNERABILIDADE,FAIXA 1,20000,0.578,False,,False,,False,,False,,False,,False
210100,MA,ARARI,0.503,MUITO ALTA VULNERABILIDADE,True,False,CONFIRMAÇÃO DE VAGAS (ADERIDOS),2,MUITO ALTA VULNERABILIDADE,FAIXA 1,20000,0.366,False,,False,,False,,False,,True,FAIXA 1,True
210110,MA,AXIXA,0.563,MUITO ALTA VULNERABILIDADE,True,False,CADASTRO RESERVA,0,MUITO ALTA VULNERABILIDADE,FAIXA 1,20000,0.495,False,,False,,False,,False,,False,,False
210120,MA,BACABAL,0.406,ALTA VULNERABILIDADE,True,False,CONFIRMAÇÃO DE VAGAS (ADERIDOS),1,ALTA VULNERABILIDADE,FAIXA 1,20000,0.373,True,FAIXA 1,True,FAIXA 1,True,FAIXA 1,True,FAIXA 1,True,FAIXA 1,True
210125,MA,BACABEIRA,0.504,MUITO ALTA VULNERABILIDADE,True,False,CADASTRO RESERVA,0,MUITO ALTA VULNERABILIDADE,FAIXA 1,20000,0.392,False,,False,,False,,False,,False,,False
210130,MA,BACURI,0.733,MUITO ALTA VULNERABILIDADE,True,False,CADASTRO RESERVA,0,MUITO ALTA VULNERABILIDADE,FAIXA 1,20000,0.687,False,,False,,False,,False,,True,FAIXA 1,True
210135,MA,BACURITUBA,0.560,MUITO ALTA VULNERABILIDADE,True,False,CADASTRO RESERVA,0,MUITO ALTA VULNERABILIDADE,FAIXA 1,20000,0.527,False,,False,,False,,False,,False,,False
210140,MA,BALSAS,0.358,MEDIA VULNERABILIDADE,True,False,CADASTRO RESERVA,0,MEDIA VULNERABILIDADE,FAIXA 2,15000,0.337,True,FAIXA 2,True,FAIXA 2,True,FAIXA 2,True,FAIXA 2,False,,True
210150,MA,BARAO DE GRAJAU,0.418,ALTA VULNERABILIDADE,False,False,NÃO ELEGIVEL,0,ALTA VULNERABILIDADE,FAIXA 1,20000,0.361,False,,False,,False,,False,,False,,False
210160,MA,BARRA DO CORDA,0.582,MUITO ALTA VULNERABILIDADE,True,False,CADASTRO RESERVA,0,MUITO ALTA VULNERABILIDADE,FAIXA 1,20000,0.502,True,FAIXA 1,True,FAIXA 1,True,FAIXA 1,False,,True,FAIXA 1,True
210170,MA,BARREIRINHAS,0.612,MUITO ALTA VULNERABILIDADE,False,False,CONFIRMAÇÃO DE VAGAS (ADERIDOS),1,MUITO ALTA VULNERABILIDADE,FAIXA 1,20000,0.477,True,FAIXA 1,True,FAIXA 1,True,FAIXA 1,False,,False,,True
210173,MA,BELAGUA,0.600,MUITO ALTA VULNERABILIDADE,False,False,CADASTRO RESERVA,0,MUITO ALTA VULNERABILIDADE,FAIXA 1,20000,0.572,False,,False,,False,,False,,False,,False
210177,MA,BELA VISTA DO MARANHAO,0.670,MUITO ALTA VULNERABILIDADE,True,False,CADASTRO RESERVA,0,MUITO ALTA VULNERABILIDADE,FAIXA 1,20000,0.700,False,,False,,False,,False,,False,,False
210180,MA,BENEDITO LEITE,0.625,MUITO ALTA VULNERABILIDADE,True,False,CONFIRMAÇÃO DE VAGAS (ADERIDOS),1,MUITO ALTA VULNERABILIDADE,FAIXA 1,20000,0.522,False,,False,,False,,False,,False,,False
210190,MA,BEQUIMAO,0.664,MUITO ALTA VULNERABILIDADE,True,False,CADASTRO RESERVA,0,MUITO ALTA VULNERABILIDADE,FAIXA 1,20000,0.644,False,,False,,False,,False,,False,,False
210193,MA,BERNARDO DO MEARIM,0.408,ALTA VULNERABILIDADE,True,False,CADASTRO RESERVA,0,ALTA VULNERABILIDADE,FAIXA 1,20000,0.355,False,,False,,False,,False,,False,,False
210197,MA,BOA VISTA DO GURUPI,0.590,MUITO ALTA VULNERABILIDADE,True,False,CADASTRO RESERVA,0,MUITO ALTA VULNERABILIDADE,FAIXA 1,20000,0.553,False,,False,,False,,False,,False,,False
210200,MA,BOM JARDIM,0.665,MUITO ALTA VULNERABILIDADE,True,False,CADASTRO RESERVA,0,MUITO ALTA VULNERABILIDADE,FAIXA 1,20000,0.534,True,FAIXA 1,True,FAIXA 1,False,,False,,False,,True
210203,MA,BOM JESUS DAS SELVAS,0.654,MUITO ALTA VULNERABILIDADE,True,False,CADASTRO RESERVA,0,MUITO ALTA VULNERABILIDADE,FAIXA 1,20000,0.458,False,,False,,False,,False,,False,,False
210207,MA,BOM LUGAR,0.628,MUITO ALTA VULNERABILIDADE,True,False,CONFIRMAÇÃO DE VAGAS (ADERIDOS),1,MUITO ALTA VULNERABILIDADE,FAIXA 1,20000,0.608,False,,False,,False,,False,,False,,False
210210,MA,BREJO,0.584,MUITO ALTA VULNERABILIDADE,False,False,CADASTRO RESERVA,0,MUITO ALTA VULNERABILIDADE,FAIXA 1,20000,0.558,False,,False,,False,,False,,False,,False
210215,MA,BREJO DE AREIA,0.688,MUITO ALTA VULNERABILIDADE,True,False,CADASTRO RESERVA,0,MUITO ALTA VULNERABILIDADE,FAIXA 1,20000,0.614,False,,False,,False,,False,,False,,False
210220,MA,BURITI,0.607,MUITO ALTA VULNERABILIDADE,False,False,CADASTRO RESERVA,0,MUITO ALTA VULNERABILIDADE,FAIXA 1,20000,0.558,False,,False,,False,,False,,False,,False
210230,MA,BURITI BRAVO,0.605,MUITO ALTA VULNERABILIDADE,True,False,CADASTRO RESERVA,0,MUITO ALTA VULNERABILIDADE,FAIXA 1,20000,0.578,True,FAIXA 1,False,,False,,False,,False,,True
210232,MA,BURITICUPU,0.631,MUITO ALTA VULNERABILIDADE,True,False,CONFIRMAÇÃO DE VAGAS (ADERIDOS),1,MUITO ALTA VULNERABILIDADE,FAIXA 1,20000,0.577,False,,False,,False,,False,,False,,False
210235,MA,BURITIRANA,0.628,MUITO ALTA VULNERABILIDADE,True,False,CADASTRO RESERVA,0,MUITO ALTA VULNERABILIDADE,FAIXA 1,20000,0.559,False,,False,,False,,False,,False,,False
210237,MA,CACHOEIRA GRANDE,0.696,MUITO ALTA VULNERABILIDADE,True,False,CADASTRO RESERVA,0,MUITO ALTA VULNERABILIDADE,FAIXA 1,20000,0.609,False,,False,,False,,False,,False,,False
210240,MA,CAJAPIO,0.708,MUITO ALTA VULNERABILIDADE,True,False,CADASTRO RESERVA,0,MUITO ALTA VULNERABILIDADE,FAIXA 1,20000,0.575,False,,False,,False,,False,,False,,False
210250,MA,CAJARI,0.633,MUITO ALTA VULNERABILIDADE,True,False,CONFIRMAÇÃO DE VAGAS (ADERIDOS),1,MUITO ALTA VULNERABILIDADE,FAIXA 1,20000,0.471,False,,False,,False,,False,,False,,False
210255,MA,CAMPESTRE DO MARANHAO,0.436,ALTA VULNERABILIDADE,True,False,NÃO ELEGIVEL,0,ALTA VULNERABILIDADE,FAIXA 1,20000,0.413,False,,False,,False,,False,,True,FAIXA 1,True
210260,MA,CANDIDO MENDES,0.697,MUITO ALTA VULNERABILIDADE,True,False,CADASTRO RESERVA,0,MUITO ALTA VULNERABILIDADE,FAIXA 1,20000,0.609,False,,False,,False,,False,,False,,False
210270,MA,CANTANHEDE,0.687,MUITO ALTA VULNERABILIDADE,True,False,CONFIRMAÇÃO DE VAGAS (ADERIDOS),1,MUITO ALTA VULNERABILIDADE,FAIXA 1,20000,0.674,False,,False,,False,,False,,False,,False
210275,MA,CAPINZAL DO NORTE,0.584,MUITO ALTA VULNERABILIDADE,True,False,CADASTRO RESERVA,0,MUITO ALTA VULNERABILIDADE,FAIXA 1,20000,0.490,False,,False,,False,,False,,False,,False
210280,MA,CAROLINA,0.409,ALTA VULNERABILIDADE,True,False,CADASTRO RESERVA,0,ALTA VULNERABILIDADE,FAIXA 1,20000,0.329,False,,False,,False,,False,,True,FAIXA 1,True
210290,MA,CARUTAPERA,0.627,MUITO ALTA VULNERABILIDADE,True,False,CADASTRO RESERVA,0,MUITO ALTA VULNERABILIDADE,FAIXA 1,20000,0.597,False,,False,,True,FAIXA 1,True,FAIXA 1,False,,True
210300,MA,CAXIAS,0.463,ALTA VULNERABILIDADE,False,False,CADASTRO RESERVA,0,ALTA VULNERABILIDADE,FAIXA 1,20000,0.436,True,FAIXA 1,True,FAIXA 1,True,FAIXA 1,True,FAIXA 1,True,FAIXA 1,True
210310,MA,CEDRAL,0.494,ALTA VULNERABILIDADE,True,False,CADASTRO RESERVA,0,ALTA VULNERABILIDADE,FAIXA 1,20000,0.337,False,,False,,False,,False,,False,,False
210312,MA,CENTRAL DO MARANHAO,0.727,MUITO ALTA VULNERABILIDADE,True,False,CADASTRO RESERVA,0,MUITO ALTA VULNERABILIDADE,FAIXA 1,20000,0.686,False,,False,,False,,False,,False,,False
210315,MA,CENTRO DO GUILHERME,0.631,MUITO ALTA VULNERABILIDADE,True,False,CADASTRO RESERVA,0,MUITO ALTA VULNERABILIDADE,FAIXA 1,20000,0.528,False,,False,,False,,False,,False,,False
210317,MA,CENTRO NOVO DO MARANHAO,0.716,MUITO ALTA VULNERABILIDADE,True,False,CADASTRO RESERVA,0,MUITO ALTA VULNERABILIDADE,FAIXA 1,20000,0.647,False,,False,,False,,False,,False,,False
210320,MA,CHAPADINHA,0.602,MUITO ALTA VULNERABILIDADE,False,False,CONFIRMAÇÃO DE VAGAS (ADERIDOS),2,MUITO ALTA VULNERABILIDADE,FAIXA 1,20000,0.549,True,FAIXA 1,True,FAIXA 1,True,FAIXA 1,True,FAIXA 1,True,FAIXA 1,True
210325,MA,CIDELANDIA,0.504,MUITO ALTA VULNERABILIDADE,True,False,CADASTRO RESERVA,0,MUITO ALTA VULNERABILIDADE,FAIXA 1,20000,0.466,False,,False,,False,,False,,False,,False
210330,MA,CODO,0.504,MUITO ALTA VULNERABILIDADE,True,False,CONFIRMAÇÃO DE VAGAS (ADERIDOS),1,MUITO ALTA VULNERABILIDADE,FAIXA 1,20000,0.490,True,FAIXA 1,True,FAIXA 1,False,,False,,False,,True
210340,MA,COELHO NETO,0.696,MUITO ALTA VULNERABILIDADE,False,False,CONFIRMAÇÃO DE VAGAS (ADERIDOS),1,MUITO ALTA VULNERABILIDADE,FAIXA 1,20000,0.715,True,FAIXA 1,False,,False,,False,,True,FAIXA 1,True
210350,MA,COLINAS,0.603,MUITO ALTA VULNERABILIDADE,True,False,CONFIRMAÇÃO DE VAGAS (ADERIDOS),1,MUITO ALTA VULNERABILIDADE,FAIXA 1,20000,0.629,True,FAIXA 1,True,FAIXA 1,False,,False,,True,FAIXA 1,True
210355,MA,CONCEICAO DO LAGO-ACU,0.669,MUITO ALTA VULNERABILIDADE,True,False,CADASTRO RESERVA,0,MUITO ALTA VULNERABILIDADE,FAIXA 1,20000,0.595,False,,False,,False,,False,,False,,False
210360,MA,COROATA,0.568,MUITO ALTA VULNERABILIDADE,True,False,CONFIRMAÇÃO DE VAGAS (ADERIDOS),1,MUITO ALTA VULNERABILIDADE,FAIXA 1,20000,0.570,True,FAIXA 1,True,FAIXA 1,True,FAIXA 1,True,FAIXA 1,False,,True
210370,MA,CURURUPU,0.696,MUITO ALTA VULNERABILIDADE,True,False,CADASTRO RESERVA,0,MUITO ALTA VULNERABILIDADE,FAIXA 1,20000,0.671,False,,False,,False,,False,,True,FAIXA 1,True
210375,MA,DAVINOPOLIS,0.499,ALTA VULNERABILIDADE,True,False,CADASTRO RESERVA,0,ALTA VULNERABILIDADE,FAIXA 1,20000,0.487,False,,False,,False,,False,,True,FAIXA 1,True
210380,MA,DOM PEDRO,0.446,ALTA VULNERABILIDADE,True,False,CADASTRO RESERVA,0,ALTA VULNERABILIDADE,FAIXA 1,20000,0.409,False,,False,,False,,False,,False,,False
210390,MA,DUQUE BACELAR,0.521,MUITO ALTA VULNERABILIDADE,False,False,CADASTRO RESERVA,0,MUITO ALTA VULNERABILIDADE,FAIXA 1,20000,0.521,False,,False,,False,,False,,True,FAIXA 1,True
210400,MA,ESPERANTINOPOLIS,0.543,MUITO ALTA VULNERABILIDADE,True,False,CADASTRO RESERVA,0,MUITO ALTA VULNERABILIDADE,FAIXA 1,20000,0.520,False,,False,,False,,False,,False,,False
210405,MA,ESTREITO,0.353,MEDIA VULNERABILIDADE,True,False,CADASTRO RESERVA,0,MEDIA VULNERABILIDADE,FAIXA 2,15000,0.323,False,,False,,False,,False,,False,,False
210407,MA,FEIRA NOVA DO MARANHAO,0.453,ALTA VULNERABILIDADE,True,False,CADASTRO RESERVA,0,ALTA VULNERABILIDADE,FAIXA 1,20000,0.439,False,,False,,False,,False,,False,,False
210408,MA,FERNANDO FALCAO,0.784,MUITO ALTA VULNERABILIDADE,True,False,CADASTRO RESERVA,0,MUITO ALTA VULNERABILIDADE,FAIXA 1,20000,0.708,False,,False,,False,,False,,False,,False
210409,MA,FORMOSA DA SERRA NEGRA,0.585,MUITO ALTA VULNERABILIDADE,True,False,CADASTRO RESERVA,0,MUITO ALTA VULNERABILIDADE,FAIXA 1,20000,0.529,False,,False,,False,,False,,False,,False
210410,MA,FORTALEZA DOS NOGUEIRAS,0.439,ALTA VULNERABILIDADE,True,False,CADASTRO RESERVA,0,ALTA VULNERABILIDADE,FAIXA 1,20000,0.394,False,,False,,False,,False,,False,,False
210420,MA,FORTUNA,0.621,MUITO ALTA VULNERABILIDADE,True,False,CADASTRO RESERVA,0,MUITO ALTA VULNERABILIDADE,FAIXA 1,20000,0.515,False,,False,,False,,False,,False,,False
210430,MA,GODOFREDO VIANA,0.639,MUITO ALTA VULNERABILIDADE,True,False,CADASTRO RESERVA,0,MUITO ALTA VULNERABILIDADE,FAIXA 1,20000,0.620,False,,False,,False,,False,,False,,False
210440,MA,GONCALVES DIAS,0.516,MUITO ALTA VULNERABILIDADE,True,False,CADASTRO RESERVA,0,MUITO ALTA VULNERABILIDADE,FAIXA 1,20000,0.447,True,FAIXA 1,True,FAIXA 1,False,,False,,True,FAIXA 1,True
210450,MA,GOVERNADOR ARCHER,0.561,MUITO ALTA VULNERABILIDADE,True,False,CADASTRO RESERVA,0,MUITO ALTA VULNERABILIDADE,FAIXA 1,20000,0.497,False,,False,,False,,False,,False,,False
210455,MA,GOVERNADOR EDISON LOBAO,0.422,ALTA VULNERABILIDADE,True,False,CADASTRO RESERVA,0,ALTA VULNERABILIDADE,FAIXA 1,20000,0.419,False,,False,,False,,False,,True,FAIXA 1,True
210460,MA,GOVERNADOR EUGENIO BARROS,0.611,MUITO ALTA VULNERABILIDADE,True,False,CADASTRO RESERVA,0,MUITO ALTA VULNERABILIDADE,FAIXA 1,20000,0.458,False,,False,,False,,False,,False,,False
210462,MA,GOVERNADOR LUIZ ROCHA,0.602,MUITO ALTA VULNERABILIDADE,True,False,CADASTRO RESERVA,0,MUITO ALTA VULNERABILIDADE,FAIXA 1,20000,0.588,False,,False,,False,,False,,False,,False
210465,MA,GOVERNADOR NEWTON BELLO,0.682,MUITO ALTA VULNERABILIDADE,True,False,CADASTRO RESERVA,0,MUITO ALTA VULNERABILIDADE,FAIXA 1,20000,0.569,False,,False,,False,,False,,False,,False
210467,MA,GOVERNADOR NUNES FREIRE,0.574,MUITO ALTA VULNERABILIDADE,True,False,CONFIRMAÇÃO DE VAGAS (ADERIDOS),1,MUITO ALTA VULNERABILIDADE,FAIXA 1,20000,0.489,False,,False,,True,FAIXA 1,True,FAIXA 1,False,,True
210470,MA,GRACA ARANHA,0.543,MUITO ALTA VULNERABILIDADE,True,False,CADASTRO RESERVA,0,MUITO ALTA VULNERABILIDADE,FAIXA 1,20000,0.504,False,,False,,False,,False,,False,,False
210480,MA,GRAJAU,0.525,MUITO ALTA VULNERABILIDADE,True,False,CADASTRO RESERVA,0,MUITO ALTA VULNERABILIDADE,FAIXA 1,20000,0.453,False,,False,,True,FAIXA 1,True,FAIXA 1,False,,True
210490,MA,GUIMARAES,0.555,MUITO ALTA VULNERABILIDADE,True,False,CADASTRO RESERVA,0,MUITO ALTA VULNERABILIDADE,FAIXA 1,20000,0.517,False,,False,,False,,False,,False,,False
210500,MA,HUMBERTO DE CAMPOS,0.764,MUITO ALTA VULNERABILIDADE,False,False,CADASTRO RESERVA,0,MUITO ALTA VULNERABILIDADE,FAIXA 1,20000,0.625,False,,False,,False,,False,,False,,False
210510,MA,ICATU,0.759,MUITO ALTA VULNERABILIDADE,True,False,CADASTRO RESERVA,0,MUITO ALTA VULNERABILIDADE,FAIXA 1,20000,0.707,False,,False,,False,,False,,False,,False
210515,MA,IGARAPE DO MEIO,0.675,MUITO ALTA VULNERABILIDADE,True,False,CADASTRO RESERVA,0,MUITO ALTA VULNERABILIDADE,FAIXA 1,20000,0.584,False,,False,,False,,False,,False,,False
210520,MA,IGARAPE GRANDE,0.441,ALTA VULNERABILIDADE,True,False,CADASTRO RESERVA,0,ALTA VULNERABILIDADE,FAIXA 1,20000,0.408,False,,False,,False,,False,,False,,False
210530,MA,IMPERATRIZ,0.252,BAIXA VULNERABILIDADE,True,False,CONFIRMAÇÃO DE VAGAS (ADERIDOS),2,BAIXA VULNERABILIDADE,FAIXA 3,10000,0.264,True,FAIXA 3,True,FAIXA 3,True,FAIXA 3,True,FAIXA 3,True,FAIXA 3,True
210535,MA,ITAIPAVA DO GRAJAU,0.719,MUITO ALTA VULNERABILIDADE,True,False,CADASTRO RESERVA,0,MUITO ALTA VULNERABILIDADE,FAIXA 1,20000,0.719,False,,False,,True,FAIXA 1,True,FAIXA 1,True,FAIXA 1,True
210540,MA,ITAPECURU MIRIM,0.527,MUITO ALTA VULNERABILIDADE,True,False,CONFIRMAÇÃO DE VAGAS (ADERIDOS),2,MUITO ALTA VULNERABILIDADE,FAIXA 1,20000,0.467,True,FAIXA 1,False,,True,FAIXA 1,False,,False,,True
210542,MA,ITINGA DO MARANHAO,0.467,ALTA VULNERABILIDADE,True,False,CONFIRMAÇÃO DE VAGAS (ADERIDOS),1,ALTA VULNERABILIDADE,FAIXA 1,20000,0.412,False,,False,,False,,False,,False,,False
210545,MA,JATOBA,0.655,MUITO ALTA VULNERABILIDADE,True,False,CADASTRO RESERVA,0,MUITO ALTA VULNERABILIDADE,FAIXA 1,20000,0.547,False,,False,,False,,False,,False,,False
210547,MA,JENIPAPO DOS VIEIRAS,0.615,MUITO ALTA VULNERABILIDADE,True,False,CADASTRO RESERVA,0,MUITO ALTA VULNERABILIDADE,FAIXA 1,20000,0.484,False,,False,,False,,False,,False,,False
210550,MA,JOAO LISBOA,0.458,ALTA VULNERABILIDADE,True,False,CADASTRO RESERVA,0,ALTA VULNERABILIDADE,FAIXA 1,20000,0.444,False,,False,,False,,False,,False,,False
210560,MA,JOSELANDIA,0.634,MUITO ALTA VULNERABILIDADE,True,False,CADASTRO RESERVA,0,MUITO ALTA VULNERABILIDADE,FAIXA 1,20000,0.570,False,,False,,False,,False,,False,,False
210565,MA,JUNCO DO MARANHAO,0.700,MUITO ALTA VULNERABILIDADE,True,False,CADASTRO RESERVA,0,MUITO ALTA VULNERABILIDADE,FAIXA 1,20000,0.520,False,,False,,False,,False,,False,,False
210570,MA,LAGO DA PEDRA,0.568,MUITO ALTA VULNERABILIDADE,True,False,CADASTRO RESERVA,0,MUITO ALTA VULNERABILIDADE,FAIXA 1,20000,0.510,True,FAIXA 1,True,FAIXA 1,False,,False,,True,FAIXA 1,True
210580,MA,LAGO DO JUNCO,0.539,MUITO ALTA VULNERABILIDADE,True,False,CADASTRO RESERVA,0,MUITO ALTA VULNERABILIDADE,FAIXA 1,20000,0.440,False,,False,,False,,False,,False,,False
210590,MA,LAGO VERDE,0.690,MUITO ALTA VULNERABILIDADE,True,False,CADASTRO RESERVA,0,MUITO ALTA VULNERABILIDADE,FAIXA 1,20000,0.592,False,,False,,False,,False,,False,,False
210592,MA,LAGOA DO MATO,0.519,MUITO ALTA VULNERABILIDADE,False,False,CADASTRO RESERVA,0,MUITO ALTA VULNERABILIDADE,FAIXA 1,20000,0.512,False,,False,,False,,False,,False,,False
210594,MA,LAGO DOS RODRIGUES,0.468,ALTA VULNERABILIDADE,True,False,CADASTRO RESERVA,0,ALTA VULNERABILIDADE,FAIXA 1,20000,0.404,False,,False,,False,,False,,False,,False
210596,MA,LAGOA GRANDE DO MARANHAO,0.693,MUITO ALTA VULNERABILIDADE,True,False,CADASTRO RESERVA,0,MUITO ALTA VULNERABILIDADE,FAIXA 1,20000,0.690,False,,False,,False,,False,,False,,False
210598,MA,LAJEADO NOVO,0.443,ALTA VULNERABILIDADE,True,False,CADASTRO RESERVA,0,ALTA VULNERABILIDADE,FAIXA 1,20000,0.337,False,,False,,False,,False,,False,,False
210600,MA,LIMA CAMPOS,0.512,MUITO ALTA VULNERABILIDADE,True,False,CADASTRO RESERVA,0,MUITO ALTA VULNERABILIDADE,FAIXA 1,20000,0.430,False,,False,,False,,False,,False,,False
210610,MA,LORETO,0.464,ALTA VULNERABILIDADE,True,False,CONFIRMAÇÃO DE VAGAS (ADERIDOS),1,ALTA VULNERABILIDADE,FAIXA 1,20000,0.415,False,,False,,False,,False,,True,FAIXA 1,True
210620,MA,LUIS DOMINGUES,0.553,MUITO ALTA VULNERABILIDADE,True,False,CADASTRO RESERVA,0,MUITO ALTA VULNERABILIDADE,FAIXA 1,20000,0.586,False,,False,,False,,False,,False,,False
210630,MA,MAGALHAES DE ALMEIDA,0.537,MUITO ALTA VULNERABILIDADE,False,False,CADASTRO RESERVA,0,MUITO ALTA VULNERABILIDADE,FAIXA 1,20000,0.479,False,,False,,False,,False,,True,FAIXA 1,True
210632,MA,MARACACUME,0.621,MUITO ALTA VULNERABILIDADE,True,False,CONFIRMAÇÃO DE VAGAS (ADERIDOS),1,MUITO ALTA VULNERABILIDADE,FAIXA 1,20000,0.614,True,FAIXA 1,True,FAIXA 1,False,,False,,True,FAIXA 1,True
210635,MA,MARAJA DO SENA,0.619,MUITO ALTA VULNERABILIDADE,True,False,CADASTRO RESERVA,0,MUITO ALTA VULNERABILIDADE,FAIXA 1,20000,0.441,False,,False,,False,,False,,False,,False
210637,MA,MARANHAOZINHO,0.595,MUITO ALTA VULNERABILIDADE,True,False,CADASTRO RESERVA,0,MUITO ALTA VULNERABILIDADE,FAIXA 1,20000,0.526,False,,False,,False,,False,,False,,False
210640,MA,MATA ROMA,0.562,MUITO ALTA VULNERABILIDADE,False,False,CADASTRO RESERVA,0,MUITO ALTA VULNERABILIDADE,FAIXA 1,20000,0.441,False,,False,,False,,False,,False,,False
210650,MA,MATINHA,0.565,MUITO ALTA VULNERABILIDADE,True,False,CADASTRO RESERVA,0,MUITO ALTA VULNERABILIDADE,FAIXA 1,20000,0.409,False,,False,,False,,False,,False,,False
210660,MA,MATOES,0.648,MUITO ALTA VULNERABILIDADE,False,False,CONFIRMAÇÃO DE VAGAS (ADERIDOS),1,MUITO ALTA VULNERABILIDADE,FAIXA 1,20000,0.600,False,,False,,False,,False,,False,,False
210663,MA,MATOES DO NORTE,0.586,MUITO ALTA VULNERABILIDADE,True,False,CADASTRO RESERVA,0,MUITO ALTA VULNERABILIDADE,FAIXA 1,20000,0.542,True,FAIXA 1,True,FAIXA 1,True,FAIXA 1,False,,True,FAIXA 1,True
210667,MA,MILAGRES DO MARANHAO,0.596,MUITO ALTA VULNERABILIDADE,False,False,CADASTRO RESERVA,0,MUITO ALTA VULNERABILIDADE,FAIXA 1,20000,0.483,False,,False,,False,,False,,False,,False
210670,MA,MIRADOR,0.634,MUITO ALTA VULNERABILIDADE,True,False,CONFIRMAÇÃO DE VAGAS (ADERIDOS),1,MUITO ALTA VULNERABILIDADE,FAIXA 1,20000,0.567,False,,False,,False,,False,,False,,False
210675,MA,MIRANDA DO NORTE,0.541,MUITO ALTA VULNERABILIDADE,True,False,CADASTRO RESERVA,0,MUITO ALTA VULNERABILIDADE,FAIXA 1,20000,0.509,True,FAIXA 1,True,FAIXA 1,True,FAIXA 1,False,,False,,True
210680,MA,MIRINZAL,0.620,MUITO ALTA VULNERABILIDADE,True,False,CADASTRO RESERVA,0,MUITO ALTA VULNERABILIDADE,FAIXA 1,20000,0.629,False,,False,,False,,False,,False,,False
210690,MA,MONCAO,0.670,MUITO ALTA VULNERABILIDADE,True,False,CADASTRO RESERVA,0,MUITO ALTA VULNERABILIDADE,FAIXA 1,20000,0.580,False,,False,,False,,False,,False,,False
210700,MA,MONTES ALTOS,0.554,MUITO ALTA VULNERABILIDADE,True,False,CADASTRO RESERVA,0,MUITO ALTA VULNERABILIDADE,FAIXA 1,20000,0.511,False,,False,,False,,False,,False,,False
210710,MA,MORROS,0.640,MUITO ALTA VULNERABILIDADE,True,False,CADASTRO RESERVA,0,MUITO ALTA VULNERABILIDADE,FAIXA 1,20000,0.482,True,FAIXA 1,True,FAIXA 1,False,,False,,False,,True
210720,MA,NINA RODRIGUES,0.627,MUITO ALTA VULNERABILIDADE,False,False,CADASTRO RESERVA,0,MUITO ALTA VULNERABILIDADE,FAIXA 1,20000,0.594,False,,False,,True,FAIXA 1,False,,False,,True
210725,MA,NOVA COLINAS,0.506,MUITO ALTA VULNERABILIDADE,True,False,CADASTRO RESERVA,0,MUITO ALTA VULNERABILIDADE,FAIXA 1,20000,0.475,False,,False,,False,,False,,False,,False
210730,MA,NOVA IORQUE,0.449,ALTA VULNERABILIDADE,True,False,CADASTRO RESERVA,0,ALTA VULNERABILIDADE,FAIXA 1,20000,0.442,False,,False,,False,,False,,False,,False
210735,MA,NOVA OLINDA DO MARANHAO,0.540,MUITO ALTA VULNERABILIDADE,True,False,CADASTRO RESERVA,0,MUITO ALTA VULNERABILIDADE,FAIXA 1,20000,0.517,True,FAIXA 1,True,FAIXA 1,False,,False,,False,,True
210740,MA,OLHO D'AGUA DAS CUNHAS,0.576,MUITO ALTA VULNERABILIDADE,True,False,CADASTRO RESERVA,0,MUITO ALTA VULNERABILIDADE,FAIXA 1,20000,0.511,False,,False,,True,FAIXA 1,False,,False,,True
210745,MA,OLINDA NOVA DO MARANHAO,0.635,MUITO ALTA VULNERABILIDADE,True,False,CADASTRO RESERVA,0,MUITO ALTA VULNERABILIDADE,FAIXA 1,20000,0.600,False,,False,,False,,False,,False,,False
210750,MA,PACO DO LUMIAR,0.443,ALTA VULNERABILIDADE,True,False,CONFIRMAÇÃO DE VAGAS (ADERIDOS),1,ALTA VULNERABILIDADE,FAIXA 1,20000,0.451,False,,False,,False,,False,,True,FAIXA 1,True
210760,MA,PALMEIRANDIA,0.664,MUITO ALTA VULNERABILIDADE,True,False,CADASTRO RESERVA,0,MUITO ALTA VULNERABILIDADE,FAIXA 1,20000,0.449,False,,False,,False,,False,,True,FAIXA 1,True
210770,MA,PARAIBANO,0.480,ALTA VULNERABILIDADE,True,False,CADASTRO RESERVA,0,ALTA VULNERABILIDADE,FAIXA 1,20000,0.434,False,,False,,False,,False,,False,,False
210780,MA,PARNARAMA,0.594,MUITO ALTA VULNERABILIDADE,False,False,CADASTRO RESERVA,0,MUITO ALTA VULNERABILIDADE,FAIXA 1,20000,0.475,False,,False,,False,,False,,False,,False
210790,MA,PASSAGEM FRANCA,0.611,MUITO ALTA VULNERABILIDADE,False,False,CADASTRO RESERVA,0,MUITO ALTA VULNERABILIDADE,FAIXA 1,20000,0.580,False,,False,,False,,False,,True,FAIXA 1,True
210800,MA,PASTOS BONS,0.551,MUITO ALTA VULNERABILIDADE,True,False,CADASTRO RESERVA,0,MUITO ALTA VULNERABILIDADE,FAIXA 1,20000,0.543,False,,False,,False,,False,,False,,False
210805,MA,PAULINO NEVES,0.720,MUITO ALTA VULNERABILIDADE,False,False,CADASTRO RESERVA,0,MUITO ALTA VULNERABILIDADE,FAIXA 1,20000,0.418,False,,False,,False,,False,,False,,False
210810,MA,PAULO RAMOS,0.580,MUITO ALTA VULNERABILIDADE,True,False,CADASTRO RESERVA,0,MUITO ALTA VULNERABILIDADE,FAIXA 1,20000,0.535,False,,False,,False,,False,,False,,False
210820,MA,PEDREIRAS,0.375,MEDIA VULNERABILIDADE,True,False,NÃO ELEGIVEL,0,MEDIA VULNERABILIDADE,FAIXA 2,15000,0.373,True,FAIXA 2,True,FAIXA 2,True,FAIXA 2,True,FAIXA 2,True,FAIXA 2,True
210825,MA,PEDRO DO ROSARIO,0.740,MUITO ALTA VULNERABILIDADE,True,False,CADASTRO RESERVA,0,MUITO ALTA VULNERABILIDADE,FAIXA 1,20000,0.750,False,,False,,False,,False,,False,,False
210830,MA,PENALVA,0.673,MUITO ALTA VULNERABILIDADE,True,False,CADASTRO RESERVA,0,MUITO ALTA VULNERABILIDADE,FAIXA 1,20000,0.478,False,,False,,False,,False,,True,FAIXA 1,True
210840,MA,PERI MIRIM,0.602,MUITO ALTA VULNERABILIDADE,True,False,CADASTRO RESERVA,0,MUITO ALTA VULNERABILIDADE,FAIXA 1,20000,0.625,False,,False,,False,,False,,False,,False
210845,MA,PERITORO,0.652,MUITO ALTA VULNERABILIDADE,True,False,CADASTRO RESERVA,0,MUITO ALTA VULNERABILIDADE,FAIXA 1,20000,0.607,False,,True,FAIXA 1,False,,False,,False,,True
210850,MA,PINDARE-MIRIM,0.534,MUITO ALTA VULNERABILIDADE,True,False,CADASTRO RESERVA,0,MUITO ALTA VULNERABILIDADE,FAIXA 1,20000,0.507,False,,False,,False,,False,,True,FAIXA 1,True
210860,MA,PINHEIRO,0.475,ALTA VULNERABILIDADE,True,False,CADASTRO RESERVA,0,ALTA VULNERABILIDADE,FAIXA 1,20000,0.349,True,FAIXA 1,True,FAIXA 1,True,FAIXA 1,True,FAIXA 1,True,FAIXA 1,True
210870,MA,PIO XII,0.597,MUITO ALTA VULNERABILIDADE,True,False,CADASTRO RESERVA,0,MUITO ALTA VULNERABILIDADE,FAIXA 1,20000,0.485,False,,False,,False,,False,,False,,False
210880,MA,PIRAPEMAS,0.669,MUITO ALTA VULNERABILIDADE,True,False,CADASTRO RESERVA,0,MUITO ALTA VULNERABILIDADE,FAIXA 1,20000,0.631,False,,False,,False,,False,,False,,False
210890,MA,POCAO DE PEDRAS,0.529,MUITO ALTA VULNERABILIDADE,True,False,CONFIRMAÇÃO DE VAGAS (ADERIDOS),1,MUITO ALTA VULNERABILIDADE,FAIXA 1,20000,0.426,False,,False,,True,FAIXA 1,False,,False,,True
210900,MA,PORTO FRANCO,0.366,MEDIA VULNERABILIDADE,True,False,CADASTRO RESERVA,0,MEDIA VULNERABILIDADE,FAIXA 2,15000,0.331,False,,False,,False,,False,,True,FAIXA 2,True
210905,MA,PORTO RICO DO MARANHAO,0.439,ALTA VULNERABILIDADE,True,False,CADASTRO RESERVA,0,ALTA VULNERABILIDADE,FAIXA 1,20000,0.432,False,,False,,False,,False,,False,,False
210910,MA,PRESIDENTE DUTRA,0.429,ALTA VULNERABILIDADE,True,False,CADASTRO RESERVA,0,ALTA VULNERABILIDADE,FAIXA 1,20000,0.390,True,FAIXA 1,True,FAIXA 1,True,FAIXA 1,True,FAIXA 1,False,,True
210920,MA,PRESIDENTE JUSCELINO,0.658,MUITO ALTA VULNERABILIDADE,True,False,CADASTRO RESERVA,0,MUITO ALTA VULNERABILIDADE,FAIXA 1,20000,0.540,False,,False,,False,,False,,False,,False
210923,MA,PRESIDENTE MEDICI,0.443,ALTA VULNERABILIDADE,True,False,CADASTRO RESERVA,0,ALTA VULNERABILIDADE,FAIXA 1,20000,0.337,False,,False,,False,,False,,False,,False
210927,MA,PRESIDENTE SARNEY,0.715,MUITO ALTA VULNERABILIDADE,True,False,CADASTRO RESERVA,0,MUITO ALTA VULNERABILIDADE,FAIXA 1,20000,0.619,False,,False,,False,,False,,True,FAIXA 1,True
210930,MA,PRESIDENTE VARGAS,0.659,MUITO ALTA VULNERABILIDADE,True,False,CADASTRO RESERVA,0,MUITO ALTA VULNERABILIDADE,FAIXA 1,20000,0.501,False,,False,,False,,False,,False,,False
210940,MA,PRIMEIRA CRUZ,0.660,MUITO ALTA VULNERABILIDADE,False,False,CONFIRMAÇÃO DE VAGAS (ADERIDOS),1,MUITO ALTA VULNERABILIDADE,FAIXA 1,20000,0.520,False,,False,,False,,False,,False,,False
210945,MA,RAPOSA,0.642,MUITO ALTA VULNERABILIDADE,True,False,CADASTRO RESERVA,0,MUITO ALTA VULNERABILIDADE,FAIXA 1,20000,0.634,False,,False,,False,,False,,True,FAIXA 1,True
210950,MA,RIACHAO,0.487,ALTA VULNERABILIDADE,True,False,CADASTRO RESERVA,0,ALTA VULNERABILIDADE,FAIXA 1,20000,0.371,False,,False,,False,,False,,False,,False
210955,MA,RIBAMAR FIQUENE,0.545,MUITO ALTA VULNERABILIDADE,True,False,CADASTRO RESERVA,0,MUITO ALTA VULNERABILIDADE,FAIXA 1,20000,0.437,False,,False,,False,,False,,False,,False
210960,MA,ROSARIO,0.526,MUITO ALTA VULNERABILIDADE,True,False,CADASTRO RESERVA,0,MUITO ALTA VULNERABILIDADE,FAIXA 1,20000,0.469,False,,False,,True,FAIXA 1,False,,False,,True
210970,MA,SAMBAIBA,0.597,MUITO ALTA VULNERABILIDADE,True,False,CONFIRMAÇÃO DE VAGAS (ADERIDOS),1,MUITO ALTA VULNERABILIDADE,FAIXA 1,20000,0.607,False,,False,,False,,False,,False,,False
210975,MA,SANTA FILOMENA DO MARANHAO,0.603,MUITO ALTA VULNERABILIDADE,True,False,CADASTRO RESERVA,0,MUITO ALTA VULNERABILIDADE,FAIXA 1,20000,0.568,False,,False,,False,,False,,False,,False
210980,MA,SANTA HELENA,0.590,MUITO ALTA VULNERABILIDADE,True,False,CADASTRO RESERVA,0,MUITO ALTA VULNERABILIDADE,FAIXA 1,20000,0.509,False,,False,,False,,False,,True,FAIXA 1,True
210990,MA,SANTA INES,0.365,MEDIA VULNERABILIDADE,True,False,CADASTRO RESERVA,0,MEDIA VULNERABILIDADE,FAIXA 2,15000,0.359,True,FAIXA 2,True,FAIXA 2,True,FAIXA 2,True,FAIXA 2,False,,True
211000,MA,SANTA LUZIA,0.640,MUITO ALTA VULNERABILIDADE,True,False,CONFIRMAÇÃO DE VAGAS (ADERIDOS),2,MUITO ALTA VULNERABILIDADE,FAIXA 1,20000,0.449,False,,False,,False,,False,,False,,False
211003,MA,SANTA LUZIA DO PARUA,0.514,MUITO ALTA VULNERABILIDADE,True,False,CADASTRO RESERVA,0,MUITO ALTA VULNERABILIDADE,FAIXA 1,20000,0.441,False,,False,,False,,False,,False,,False
211010,MA,SANTA QUITERIA DO MARANHAO,0.609,MUITO ALTA VULNERABILIDADE,False,False,CADASTRO RESERVA,0,MUITO ALTA VULNERABILIDADE,FAIXA 1,20000,0.609,False,,False,,False,,False,,False,,False
211020,MA,SANTA RITA,0.544,MUITO ALTA VULNERABILIDADE,True,False,CONFIRMAÇÃO DE VAGAS (ADERIDOS),1,MUITO ALTA VULNERABILIDADE,FAIXA 1,20000,0.447,False,,False,,False,,False,,False,,False
211023,MA,SANTANA DO MARANHAO,0.605,MUITO ALTA VULNERABILIDADE,False,False,CADASTRO RESERVA,0,MUITO ALTA VULNERABILIDADE,FAIXA 1,20000,0.356,False,,True,FAIXA 1,False,,False,,False,,True
211027,MA,SANTO AMARO DO MARANHAO,0.757,MUITO ALTA VULNERABILIDADE,False,False,CADASTRO RESERVA,0,MUITO ALTA VULNERABILIDADE,FAIXA 1,20000,0.538,False,,False,,False,,False,,False,,False
211030,MA,SANTO ANTONIO DOS LOPES,0.441,ALTA VULNERABILIDADE,True,False,CADASTRO RESERVA,0,ALTA VULNERABILIDADE,FAIXA 1,20000,0.350,False,,False,,True,FAIXA 1,False,,False,,True
211040,MA,SAO BENEDITO DO RIO PRETO,0.719,MUITO ALTA VULNERABILIDADE,False,False,CONFIRMAÇÃO DE VAGAS (ADERIDOS),1,MUITO ALTA VULNERABILIDADE,FAIXA 1,20000,0.673,False,,False,,False,,False,,True,FAIXA 1,True
211050,MA,SAO BENTO,0.601,MUITO ALTA VULNERABILIDADE,True,False,CADASTRO RESERVA,0,MUITO ALTA VULNERABILIDADE,FAIXA 1,20000,0.507,True,FAIXA 1,True,FAIXA 1,True,FAIXA 1,True,FAIXA 1,False,,True
211060,MA,SAO BERNARDO,0.543,MUITO ALTA VULNERABILIDADE,False,False,CADASTRO RESERVA,0,MUITO ALTA VULNERABILIDADE,FAIXA 1,20000,0.460,True,FAIXA 1,True,FAIXA 1,False,,False,,True,FAIXA 1,True
211065,MA,SAO DOMINGOS DO AZEITAO,0.587,MUITO ALTA VULNERABILIDADE,True,False,CADASTRO RESERVA,0,MUITO ALTA VULNERABILIDADE,FAIXA 1,20000,0.573,False,,False,,False,,False,,False,,False
211070,MA,SAO DOMINGOS DO MARANHAO,0.538,MUITO ALTA VULNERABILIDADE,True,False,CONFIRMAÇÃO DE VAGAS (ADERIDOS),1,MUITO ALTA VULNERABILIDADE,FAIXA 1,20000,0.440,False,,False,,False,,False,,False,,False
211080,MA,SAO FELIX DE BALSAS,0.629,MUITO ALTA VULNERABILIDADE,True,False,CADASTRO RESERVA,0,MUITO ALTA VULNERABILIDADE,FAIXA 1,20000,0.632,False,,False,,False,,False,,False,,False
211085,MA,SAO FRANCISCO DO BREJAO,0.559,MUITO ALTA VULNERABILIDADE,True,False,CADASTRO RESERVA,0,MUITO ALTA VULNERABILIDADE,FAIXA 1,20000,0.555,False,,False,,False,,False,,False,,False
211090,MA,SAO FRANCISCO DO MARANHAO,0.530,MUITO ALTA VULNERABILIDADE,False,False,CADASTRO RESERVA,0,MUITO ALTA VULNERABILIDADE,FAIXA 1,20000,0.359,False,,False,,True,FAIXA 1,True,FAIXA 1,False,,True
211100,MA,SAO JOAO BATISTA,0.673,MUITO ALTA VULNERABILIDADE,True,False,CONFIRMAÇÃO DE VAGAS (ADERIDOS),1,MUITO ALTA VULNERABILIDADE,FAIXA 1,20000,0.523,False,,False,,False,,False,,False,,False
211102,MA,SAO JOAO DO CARU,0.665,MUITO ALTA VULNERABILIDADE,True,False,CONFIRMAÇÃO DE VAGAS (ADERIDOS),3,MUITO ALTA VULNERABILIDADE,FAIXA 1,20000,0.578,False,,False,,True,FAIXA 1,True,FAIXA 1,False,,True
211105,MA,SAO JOAO DO PARAISO,0.484,ALTA VULNERABILIDADE,True,False,CADASTRO RESERVA,0,ALTA VULNERABILIDADE,FAIXA 1,20000,0.424,False,,False,,False,,False,,False,,False
211107,MA,SAO JOAO DO SOTER,0.640,MUITO ALTA VULNERABILIDADE,True,False,CADASTRO RESERVA,0,MUITO ALTA VULNERABILIDADE,FAIXA 1,20000,0.636,False,,False,,False,,False,,True,FAIXA 1,True
211110,MA,SAO JOAO DOS PATOS,0.479,ALTA VULNERABILIDADE,False,False,CADASTRO RESERVA,0,ALTA VULNERABILIDADE,FAIXA 1,20000,0.417,False,,False,,False,,False,,False,,False
211120,MA,SAO JOSE DE RIBAMAR,0.449,ALTA VULNERABILIDADE,True,False,CONFIRMAÇÃO DE VAGAS (ADERIDOS),1,ALTA VULNERABILIDADE,FAIXA 1,20000,0.488,False,,False,,False,,False,,True,FAIXA 1,True
211125,MA,SAO JOSE DOS BASILIOS,0.618,MUITO ALTA VULNERABILIDADE,True,False,CADASTRO RESERVA,0,MUITO ALTA VULNERABILIDADE,FAIXA 1,20000,0.632,False,,False,,False,,False,,False,,False
211130,MA,SAO LUIS,0.372,MEDIA VULNERABILIDADE,True,False,CADASTRO RESERVA,0,MEDIA VULNERABILIDADE,FAIXA 2,15000,0.385,True,FAIXA 2,True,FAIXA 2,True,FAIXA 2,True,FAIXA 2,True,FAIXA 2,True
211140,MA,SAO LUIS GONZAGA DO MARANHAO,0.552,MUITO ALTA VULNERABILIDADE,True,False,CADASTRO RESERVA,0,MUITO ALTA VULNERABILIDADE,FAIXA 1,20000,0.418,False,,False,,False,,False,,False,,False
211150,MA,SAO MATEUS DO MARANHAO,0.595,MUITO ALTA VULNERABILIDADE,True,False,CONFIRMAÇÃO DE VAGAS (ADERIDOS),1,MUITO ALTA VULNERABILIDADE,FAIXA 1,20000,0.606,False,,False,,False,,False,,False,,False
211153,MA,SAO PEDRO DA AGUA BRANCA,0.616,MUITO ALTA VULNERABILIDADE,True,False,CADASTRO RESERVA,0,MUITO ALTA VULNERABILIDADE,FAIXA 1,20000,0.614,False,,False,,False,,False,,False,,False
211157,MA,SAO PEDRO DOS CRENTES,0.422,ALTA VULNERABILIDADE,True,False,CADASTRO RESERVA,0,ALTA VULNERABILIDADE,FAIXA 1,20000,0.354,False,,False,,False,,False,,False,,False
211160,MA,SAO RAIMUNDO DAS MANGABEIRAS,0.475,ALTA VULNERABILIDADE,True,False,CONFIRMAÇÃO DE VAGAS (ADERIDOS),1,ALTA VULNERABILIDADE,FAIXA 1,20000,0.466,False,,False,,True,FAIXA 1,True,FAIXA 1,False,,True
211163,MA,SAO RAIMUNDO DO DOCA BEZERRA,0.618,MUITO ALTA VULNERABILIDADE,True,False,CADASTRO RESERVA,0,MUITO ALTA VULNERABILIDADE,FAIXA 1,20000,0.339,False,,False,,False,,False,,False,,False
211167,MA,SAO ROBERTO,0.506,MUITO ALTA VULNERABILIDADE,True,False,CADASTRO RESERVA,0,MUITO ALTA VULNERABILIDADE,FAIXA 1,20000,0.454,False,,False,,False,,False,,False,,False
211170,MA,SAO VICENTE FERRER,0.644,MUITO ALTA VULNERABILIDADE,True,False,CADASTRO RESERVA,0,MUITO ALTA VULNERABILIDADE,FAIXA 1,20000,0.565,False,,False,,False,,False,,False,,False
211172,MA,SATUBINHA,0.697,MUITO ALTA VULNERABILIDADE,True,False,CADASTRO RESERVA,0,MUITO ALTA VULNERABILIDADE,FAIXA 1,20000,0.651,False,,False,,False,,False,,False,,False
211174,MA,SENADOR ALEXANDRE COSTA,0.704,MUITO ALTA VULNERABILIDADE,True,False,CADASTRO RESERVA,0,MUITO ALTA VULNERABILIDADE,FAIXA 1,20000,0.632,False,,False,,False,,False,,False,,False
211176,MA,SENADOR LA ROCQUE,0.501,MUITO ALTA VULNERABILIDADE,True,False,CADASTRO RESERVA,0,MUITO ALTA VULNERABILIDADE,FAIXA 1,20000,0.433,False,,False,,False,,False,,False,,False
211178,MA,SERRANO DO MARANHAO,0.639,MUITO ALTA VULNERABILIDADE,True,False,CADASTRO RESERVA,0,MUITO ALTA VULNERABILIDADE,FAIXA 1,20000,0.613,False,,False,,False,,False,,False,,False
211180,MA,SITIO NOVO,0.494,ALTA VULNERABILIDADE,True,False,CADASTRO RESERVA,0,ALTA VULNERABILIDADE,FAIXA 1,20000,0.446,False,,False,,False,,False,,False,,False
211190,MA,SUCUPIRA DO NORTE,0.620,MUITO ALTA VULNERABILIDADE,True,False,CADASTRO RESERVA,0,MUITO ALTA VULNERABILIDADE,FAIXA 1,20000,0.512,False,,False,,False,,False,,False,,False
211195,MA,SUCUPIRA DO RIACHAO,0.496,ALTA VULNERABILIDADE,False,False,CADASTRO RESERVA,0,ALTA VULNERABILIDADE,FAIXA 1,20000,0.562,False,,False,,False,,False,,False,,False
211200,MA,TASSO FRAGOSO,0.394,MEDIA VULNERABILIDADE,True,False,CADASTRO RESERVA,0,MEDIA VULNERABILIDADE,FAIXA 2,15000,0.355,False,,False,,False,,False,,False,,False
211210,MA,TIMBIRAS,0.712,MUITO ALTA VULNERABILIDADE,True,False,CADASTRO RESERVA,0,MUITO ALTA VULNERABILIDADE,FAIXA 1,20000,0.631,False,,True,FAIXA 1,False,,False,,False,,True
211220,MA,TIMON,0.390,MEDIA VULNERABILIDADE,False,False,CADASTRO RESERVA,0,MEDIA VULNERABILIDADE,FAIXA 2,15000,0.383,True,FAIXA 2,True,FAIXA 2,False,,False,,False,,True
211223,MA,TRIZIDELA DO VALE,0.436,ALTA VULNERABILIDADE,True,False,CADASTRO RESERVA,0,ALTA VULNERABILIDADE,FAIXA 1,20000,0.493,False,,False,,False,,False,,False,,False
211227,MA,TUFILANDIA,0.678,MUITO ALTA VULNERABILIDADE,True,False,CADASTRO RESERVA,0,MUITO ALTA VULNERABILIDADE,FAIXA 1,20000,0.752,False,,False,,False,,False,,False,,False
211230,MA,TUNTUM,0.544,MUITO ALTA VULNERABILIDADE,True,False,CONFIRMAÇÃO DE VAGAS (ADERIDOS),1,MUITO ALTA VULNERABILIDADE,FAIXA 1,20000,0.439,False,,False,,False,,False,,False,,False
211240,MA,TURIACU,0.703,MUITO ALTA VULNERABILIDADE,True,False,CADASTRO RESERVA,0,MUITO ALTA VULNERABILIDADE,FAIXA 1,20000,0.581,False,,False,,True,FAIXA 1,True,FAIXA 1,False,,True
211245,MA,TURILANDIA,0.695,MUITO ALTA VULNERABILIDADE,True,False,CADASTRO RESERVA,0,MUITO ALTA VULNERABILIDADE,FAIXA 1,20000,0.609,False,,False,,True,FAIXA 1,True,FAIXA 1,False,,True
211250,MA,TUTOIA,0.622,MUITO ALTA VULNERABILIDADE,False,False,CADASTRO RESERVA,0,MUITO ALTA VULNERABILIDADE,FAIXA 1,20000,0.530,False,,False,,False,,False,,False,,False
211260,MA,URBANO SANTOS,0.663,MUITO ALTA VULNERABILIDADE,False,False,CADASTRO RESERVA,0,MUITO ALTA VULNERABILIDADE,FAIXA 1,20000,0.611,False,,False,,True,FAIXA 1,True,FAIXA 1,False,,True
211270,MA,VARGEM GRANDE,0.719,MUITO ALTA VULNERABILIDADE,True,False,CADASTRO RESERVA,0,MUITO ALTA VULNERABILIDADE,FAIXA 1,20000,0.687,False,,False,,True,FAIXA 1,False,,False,,True
211280,MA,VIANA,0.559,MUITO ALTA VULNERABILIDADE,True,False,CONFIRMAÇÃO DE VAGAS (ADERIDOS),1,MUITO ALTA VULNERABILIDADE,FAIXA 1,20000,0.500,False,,False,,True,FAIXA 1,True,FAIXA 1,True,FAIXA 1,True
211285,MA,VILA NOVA DOS MARTIRIOS,0.610,MUITO ALTA VULNERABILIDADE,True,False,CONFIRMAÇÃO DE VAGAS (ADERIDOS),1,MUITO ALTA VULNERABILIDADE,FAIXA 1,20000,0.688,False,,False,,False,,False,,False,,False
211290,MA,VITORIA DO MEARIM,0.516,MUITO ALTA VULNERABILIDADE,True,False,CADASTRO RESERVA,0,MUITO ALTA VULNERABILIDADE,FAIXA 1,20000,0.505,False,,False,,False,,False,,True,FAIXA 1,True
211300,MA,VITORINO FREIRE,0.581,MUITO ALTA VULNERABILIDADE,True,False,CADASTRO RESERVA,0,MUITO ALTA VULNERABILIDADE,FAIXA 1,20000,0.537,True,FAIXA 1,False,,False,,False,,False,,True
211400,MA,ZE DOCA,0.533,MUITO ALTA VULNERABILIDADE,True,False,CONFIRMAÇÃO DE VAGAS (ADERIDOS),1,MUITO ALTA VULNERABILIDADE,FAIXA 1,20000,0.443,False,,False,,True,FAIXA 1,True,FAIXA 1,True,FAIXA 1,True
220005,PI,ACAUA,0.432,ALTA VULNERABILIDADE,False,False,CADASTRO RESERVA,0,ALTA VULNERABILIDADE,FAIXA 1,20000,0.424,False,,False,,False,,False,,False,,False
220010,PI,AGRICOLANDIA,0.536,MUITO ALTA VULNERABILIDADE,False,False,CADASTRO RESERVA,0,MUITO ALTA VULNERABILIDADE,FAIXA 1,20000,0.505,False,,False,,False,,False,,False,,False
220020,PI,AGUA BRANCA,0.358,MEDIA VULNERABILIDADE,False,False,CADASTRO RESERVA,0,MEDIA VULNERABILIDADE,FAIXA 2,15000,0.356,False,,False,,False,,False,,True,FAIXA 2,True
220025,PI,ALAGOINHA DO PIAUI,0.428,ALTA VULNERABILIDADE,False,False,CADASTRO RESERVA,0,ALTA VULNERABILIDADE,FAIXA 1,20000,0.364,False,,False,,False,,False,,False,,False
220027,PI,ALEGRETE DO PIAUI,0.427,ALTA VULNERABILIDADE,False,False,CADASTRO RESERVA,0,ALTA VULNERABILIDADE,FAIXA 1,20000,0.427,False,,False,,False,,False,,False,,False
220030,PI,ALTO LONGA,0.413,ALTA VULNERABILIDADE,False,False,CONFIRMAÇÃO DE VAGAS (ADERIDOS),1,ALTA VULNERABILIDADE,FAIXA 1,20000,0.393,False,,False,,False,,False,,False,,False
220040,PI,ALTOS,0.506,MUITO ALTA VULNERABILIDADE,False,False,CONFIRMAÇÃO DE VAGAS (ADERIDOS),4,MUITO ALTA VULNERABILIDADE,FAIXA 1,20000,0.465,False,,False,,True,FAIXA 1,True,FAIXA 1,True,FAIXA 1,True
220045,PI,ALVORADA DO GURGUEIA,0.484,ALTA VULNERABILIDADE,False,False,CADASTRO RESERVA,0,ALTA VULNERABILIDADE,FAIXA 1,20000,0.378,False,,False,,False,,False,,False,,False
220050,PI,AMARANTE,0.480,ALTA VULNERABILIDADE,False,False,CONFIRMAÇÃO DE VAGAS (ADERIDOS),1,ALTA VULNERABILIDADE,FAIXA 1,20000,0.406,False,,False,,False,,False,,False,,False
220060,PI,ANGICAL DO PIAUI,0.438,ALTA VULNERABILIDADE,False,False,CADASTRO RESERVA,0,ALTA VULNERABILIDADE,FAIXA 1,20000,0.359,False,,False,,False,,False,,False,,False
220070,PI,ANISIO DE ABREU,0.451,ALTA VULNERABILIDADE,False,False,CADASTRO RESERVA,0,ALTA VULNERABILIDADE,FAIXA 1,20000,0.432,False,,False,,False,,False,,False,,False
220080,PI,ANTONIO ALMEIDA,0.380,MEDIA VULNERABILIDADE,False,False,CADASTRO RESERVA,0,MEDIA VULNERABILIDADE,FAIXA 2,15000,0.337,False,,False,,False,,False,,False,,False
220090,PI,AROAZES,0.528,MUITO ALTA VULNERABILIDADE,False,False,NÃO ELEGIVEL,0,MUITO ALTA VULNERABILIDADE,FAIXA 1,20000,0.429,False,,False,,False,,False,,False,,False
220095,PI,AROEIRAS DO ITAIM,0.447,ALTA VULNERABILIDADE,False,False,NÃO ELEGIVEL,0,ALTA VULNERABILIDADE,FAIXA 1,20000,0.407,False,,False,,False,,False,,False,,False
220100,PI,ARRAIAL,0.440,ALTA VULNERABILIDADE,False,False,CADASTRO RESERVA,0,ALTA VULNERABILIDADE,FAIXA 1,20000,0.396,False,,False,,False,,False,,False,,False
220105,PI,ASSUNCAO DO PIAUI,0.643,MUITO ALTA VULNERABILIDADE,False,False,CADASTRO RESERVA,0,MUITO ALTA VULNERABILIDADE,FAIXA 1,20000,0.560,False,,False,,False,,False,,False,,False
220110,PI,AVELINO LOPES,0.548,MUITO ALTA VULNERABILIDADE,False,False,CADASTRO RESERVA,0,MUITO ALTA VULNERABILIDADE,FAIXA 1,20000,0.446,False,,False,,False,,False,,True,FAIXA 1,True
220115,PI,BAIXA GRANDE DO RIBEIRO,0.510,MUITO ALTA VULNERABILIDADE,False,False,CADASTRO RESERVA,0,MUITO ALTA VULNERABILIDADE,FAIXA 1,20000,0.435,False,,False,,False,,False,,False,,False
220117,PI,BARRA D'ALCANTARA,0.421,ALTA VULNERABILIDADE,False,False,CADASTRO RESERVA,0,ALTA VULNERABILIDADE,FAIXA 1,20000,0.442,False,,False,,False,,False,,False,,False
220120,PI,BARRAS,0.436,ALTA VULNERABILIDADE,False,False,CADASTRO RESERVA,0,ALTA VULNERABILIDADE,FAIXA 1,20000,0.391,False,,False,,True,FAIXA 1,True,FAIXA 1,False,,True
220130,PI,BARREIRAS DO PIAUI,0.477,ALTA VULNERABILIDADE,False,False,CONFIRMAÇÃO DE VAGAS (ADERIDOS),1,ALTA VULNERABILIDADE,FAIXA 1,20000,0.453,False,,False,,False,,False,,False,,False
220140,PI,BARRO DURO,0.437,ALTA VULNERABILIDADE,False,False,NÃO ELEGIVEL,0,ALTA VULNERABILIDADE,FAIXA 1,20000,0.375,False,,False,,True,FAIXA 1,True,FAIXA 1,False,,True
220150,PI,BATALHA,0.519,MUITO ALTA VULNERABILIDADE,False,False,CADASTRO RESERVA,0,MUITO ALTA VULNERABILIDADE,FAIXA 1,20000,0.476,False,,False,,False,,False,,True,FAIXA 1,True
220155,PI,BELA VISTA DO PIAUI,0.405,ALTA VULNERABILIDADE,False,False,CADASTRO RESERVA,0,ALTA VULNERABILIDADE,FAIXA 1,20000,0.362,False,,False,,False,,False,,False,,False
220157,PI,BELEM DO PIAUI,0.513,MUITO ALTA VULNERABILIDADE,False,False,CADASTRO RESERVA,0,MUITO ALTA VULNERABILIDADE,FAIXA 1,20000,0.471,False,,False,,False,,False,,False,,False
220160,PI,BENEDITINOS,0.401,ALTA VULNERABILIDADE,False,False,CADASTRO RESERVA,0,ALTA VULNERABILIDADE,FAIXA 1,20000,0.356,False,,False,,False,,False,,False,,False
220170,PI,BERTOLINIA,0.513,MUITO ALTA VULNERABILIDADE,False,False,CADASTRO RESERVA,0,MUITO ALTA VULNERABILIDADE,FAIXA 1,20000,0.495,False,,False,,False,,False,,False,,False
220173,PI,BETANIA DO PIAUI,0.597,MUITO ALTA VULNERABILIDADE,False,False,CADASTRO RESERVA,0,MUITO ALTA VULNERABILIDADE,FAIXA 1,20000,0.459,False,,False,,False,,False,,False,,False
220177,PI,BOA HORA,0.543,MUITO ALTA VULNERABILIDADE,False,False,CADASTRO RESERVA,0,MUITO ALTA VULNERABILIDADE,FAIXA 1,20000,0.585,False,,False,,False,,False,,False,,False
220180,PI,BOCAINA,0.305,MEDIA VULNERABILIDADE,False,False,CADASTRO RESERVA,0,MEDIA VULNERABILIDADE,FAIXA 2,15000,0.327,False,,False,,False,,False,,False,,False
220190,PI,BOM JESUS,0.331,MEDIA VULNERABILIDADE,False,False,CONFIRMAÇÃO DE VAGAS (ADERIDOS),1,MEDIA VULNERABILIDADE,FAIXA 2,15000,0.330,True,FAIXA 2,True,FAIXA 2,True,FAIXA 2,True,FAIXA 2,True,FAIXA 2,True
220191,PI,BOM PRINCIPIO DO PIAUI,0.432,ALTA VULNERABILIDADE,False,False,CADASTRO RESERVA,0,ALTA VULNERABILIDADE,FAIXA 1,20000,0.446,False,,False,,False,,False,,False,,False
220192,PI,BONFIM DO PIAUI,0.461,ALTA VULNERABILIDADE,False,False,CADASTRO RESERVA,0,ALTA VULNERABILIDADE,FAIXA 1,20000,0.467,False,,False,,False,,False,,False,,False
220194,PI,BOQUEIRAO DO PIAUI,0.487,ALTA VULNERABILIDADE,False,False,CADASTRO RESERVA,0,ALTA VULNERABILIDADE,FAIXA 1,20000,0.393,False,,False,,False,,False,,False,,False
220196,PI,BRASILEIRA,0.376,MEDIA VULNERABILIDADE,False,False,CADASTRO RESERVA,0,MEDIA VULNERABILIDADE,FAIXA 2,15000,0.351,False,,False,,False,,False,,False,,False
220198,PI,BREJO DO PIAUI,0.427,ALTA VULNERABILIDADE,False,False,CADASTRO RESERVA,0,ALTA VULNERABILIDADE,FAIXA 1,20000,0.453,False,,False,,False,,False,,False,,False
220200,PI,BURITI DOS LOPES,0.515,MUITO ALTA VULNERABILIDADE,False,False,CONFIRMAÇÃO DE VAGAS (ADERIDOS),1,MUITO ALTA VULNERABILIDADE,FAIXA 1,20000,0.478,False,,False,,False,,False,,True,FAIXA 1,True
220202,PI,BURITI DOS MONTES,0.437,ALTA VULNERABILIDADE,False,False,NÃO ELEGIVEL,0,ALTA VULNERABILIDADE,FAIXA 1,20000,0.429,False,,False,,False,,False,,False,,False
220205,PI,CABECEIRAS DO PIAUI,0.446,ALTA VULNERABILIDADE,False,False,CONFIRMAÇÃO DE VAGAS (ADERIDOS),1,ALTA VULNERABILIDADE,FAIXA 1,20000,0.414,False,,False,,False,,False,,False,,False
220207,PI,CAJAZEIRAS DO PIAUI,0.412,ALTA VULNERABILIDADE,False,False,CADASTRO RESERVA,0,ALTA VULNERABILIDADE,FAIXA 1,20000,0.427,False,,False,,False,,False,,False,,False
220208,PI,CAJUEIRO DA PRAIA,0.615,MUITO ALTA VULNERABILIDADE,False,False,CADASTRO RESERVA,0,MUITO ALTA VULNERABILIDADE,FAIXA 1,20000,0.601,False,,False,,False,,False,,False,,False
220209,PI,CALDEIRAO GRANDE DO PIAUI,0.507,MUITO ALTA VULNERABILIDADE,False,False,CADASTRO RESERVA,0,MUITO ALTA VULNERABILIDADE,FAIXA 1,20000,0.499,False,,False,,False,,False,,False,,False
220210,PI,CAMPINAS DO PIAUI,0.379,MEDIA VULNERABILIDADE,False,False,CADASTRO RESERVA,0,MEDIA VULNERABILIDADE,FAIXA 2,15000,0.285,False,,False,,False,,False,,False,,False
220211,PI,CAMPO ALEGRE DO FIDALGO,0.552,MUITO ALTA VULNERABILIDADE,False,False,CADASTRO RESERVA,0,MUITO ALTA VULNERABILIDADE,FAIXA 1,20000,0.555,False,,False,,False,,False,,False,,False
220213,PI,CAMPO GRANDE DO PIAUI,0.469,ALTA VULNERABILIDADE,False,False,CADASTRO RESERVA,0,ALTA VULNERABILIDADE,FAIXA 1,20000,0.372,False,,False,,False,,False,,False,,False
220217,PI,CAMPO LARGO DO PIAUI,0.547,MUITO ALTA VULNERABILIDADE,False,False,CADASTRO RESERVA,0,MUITO ALTA VULNERABILIDADE,FAIXA 1,20000,0.564,False,,False,,False,,False,,False,,False
220220,PI,CAMPO MAIOR,0.343,MEDIA VULNERABILIDADE,False,False,CADASTRO RESERVA,0,MEDIA VULNERABILIDADE,FAIXA 2,15000,0.331,True,FAIXA 2,True,FAIXA 2,True,FAIXA 2,False,,True,FAIXA 2,True
220225,PI,CANAVIEIRA,0.552,MUITO ALTA VULNERABILIDADE,False,False,CADASTRO RESERVA,0,MUITO ALTA VULNERABILIDADE,FAIXA 1,20000,0.498,False,,False,,False,,False,,False,,False
220230,PI,CANTO DO BURITI,0.443,ALTA VULNERABILIDADE,False,False,CADASTRO RESERVA,0,ALTA VULNERABILIDADE,FAIXA 1,20000,0.364,False,,False,,False,,False,,False,,False
220240,PI,CAPITAO DE CAMPOS,0.486,ALTA VULNERABILIDADE,False,False,CADASTRO RESERVA,0,ALTA VULNERABILIDADE,FAIXA 1,20000,0.416,False,,False,,False,,False,,False,,False
220245,PI,CAPITAO GERVASIO OLIVEIRA,0.485,ALTA VULNERABILIDADE,False,False,CADASTRO RESERVA,0,ALTA VULNERABILIDADE,FAIXA 1,20000,0.464,False,,False,,False,,False,,False,,False
220250,PI,CARACOL,0.556,MUITO ALTA VULNERABILIDADE,False,False,CADASTRO RESERVA,0,MUITO ALTA VULNERABILIDADE,FAIXA 1,20000,0.503,False,,False,,False,,False,,False,,False
220253,PI,CARAUBAS DO PIAUI,0.517,MUITO ALTA VULNERABILIDADE,False,False,CADASTRO RESERVA,0,MUITO ALTA VULNERABILIDADE,FAIXA 1,20000,0.395,False,,False,,False,,False,,False,,False
220255,PI,CARIDADE DO PIAUI,0.546,MUITO ALTA VULNERABILIDADE,False,False,CADASTRO RESERVA,0,MUITO ALTA VULNERABILIDADE,FAIXA 1,20000,0.461,False,,False,,False,,False,,False,,False
220260,PI,CASTELO DO PIAUI,0.431,ALTA VULNERABILIDADE,False,False,CADASTRO RESERVA,0,ALTA VULNERABILIDADE,FAIXA 1,20000,0.392,False,,False,,False,,False,,False,,False
220265,PI,CAXINGO,0.463,ALTA VULNERABILIDADE,False,False,CADASTRO RESERVA,0,ALTA VULNERABILIDADE,FAIXA 1,20000,0.452,False,,False,,False,,False,,False,,False
220270,PI,COCAL,0.541,MUITO ALTA VULNERABILIDADE,False,False,CADASTRO RESERVA,0,MUITO ALTA VULNERABILIDADE,FAIXA 1,20000,0.537,False,,False,,True,FAIXA 1,True,FAIXA 1,True,FAIXA 1,True
220271,PI,COCAL DE TELHA,0.502,MUITO ALTA VULNERABILIDADE,False,False,CADASTRO RESERVA,0,MUITO ALTA VULNERABILIDADE,FAIXA 1,20000,0.459,False,,False,,False,,False,,True,FAIXA 1,True
220272,PI,COCAL DOS ALVES,0.539,MUITO ALTA VULNERABILIDADE,False,False,CONFIRMAÇÃO DE VAGAS (ADERIDOS),1,MUITO ALTA VULNERABILIDADE,FAIXA 1,20000,0.507,False,,False,,False,,False,,False,,False
220273,PI,COIVARAS,0.543,MUITO ALTA VULNERABILIDADE,False,False,NÃO ELEGIVEL,0,MUITO ALTA VULNERABILIDADE,FAIXA 1,20000,0.491,False,,False,,False,,False,,False,,False
220275,PI,COLONIA DO GURGUEIA,0.487,ALTA VULNERABILIDADE,False,False,CADASTRO RESERVA,0,ALTA VULNERABILIDADE,FAIXA 1,20000,0.449,False,,False,,False,,False,,False,,False
220277,PI,COLONIA DO PIAUI,0.390,MEDIA VULNERABILIDADE,False,False,NÃO ELEGIVEL,0,MEDIA VULNERABILIDADE,FAIXA 2,15000,0.341,False,,False,,False,,False,,False,,False
220280,PI,CONCEICAO DO CANINDE,0.435,ALTA VULNERABILIDADE,False,False,CADASTRO RESERVA,0,ALTA VULNERABILIDADE,FAIXA 1,20000,0.361,False,,False,,False,,False,,False,,False
220285,PI,CORONEL JOSE DIAS,0.488,ALTA VULNERABILIDADE,False,False,CADASTRO RESERVA,0,ALTA VULNERABILIDADE,FAIXA 1,20000,0.354,False,,False,,False,,False,,False,,False
220290,PI,CORRENTE,0.399,MEDIA VULNERABILIDADE,False,False,CADASTRO RESERVA,0,MEDIA VULNERABILIDADE,FAIXA 2,15000,0.397,True,FAIXA 2,True,FAIXA 2,False,,False,,True,FAIXA 2,True
220300,PI,CRISTALANDIA DO PIAUI,0.445,ALTA VULNERABILIDADE,False,False,CADASTRO RESERVA,0,ALTA VULNERABILIDADE,FAIXA 1,20000,0.397,False,,False,,False,,False,,False,,False
220310,PI,CRISTINO CASTRO,0.511,MUITO ALTA VULNERABILIDADE,False,False,CADASTRO RESERVA,0,MUITO ALTA VULNERABILIDADE,FAIXA 1,20000,0.517,False,,False,,False,,False,,True,FAIXA 1,True
220320,PI,CURIMATA,0.423,ALTA VULNERABILIDADE,False,False,CADASTRO RESERVA,0,ALTA VULNERABILIDADE,FAIXA 1,20000,0.360,False,,False,,False,,False,,False,,False
220323,PI,CURRAIS,0.548,MUITO ALTA VULNERABILIDADE,False,False,CADASTRO RESERVA,0,MUITO ALTA VULNERABILIDADE,FAIXA 1,20000,0.547,False,,False,,False,,False,,False,,False
220325,PI,CURRALINHOS,0.670,MUITO ALTA VULNERABILIDADE,False,False,CADASTRO RESERVA,0,MUITO ALTA VULNERABILIDADE,FAIXA 1,20000,0.547,False,,False,,False,,False,,False,,False
220327,PI,CURRAL NOVO DO PIAUI,0.490,ALTA VULNERABILIDADE,False,False,CADASTRO RESERVA,0,ALTA VULNERABILIDADE,FAIXA 1,20000,0.485,False,,False,,False,,False,,False,,False
220330,PI,DEMERVAL LOBAO,0.445,ALTA VULNERABILIDADE,False,False,CADASTRO RESERVA,0,ALTA VULNERABILIDADE,FAIXA 1,20000,0.440,False,,False,,False,,False,,True,FAIXA 1,True
220335,PI,DIRCEU ARCOVERDE,0.465,ALTA VULNERABILIDADE,False,False,CADASTRO RESERVA,0,ALTA VULNERABILIDADE,FAIXA 1,20000,0.493,False,,False,,False,,False,,False,,False
220340,PI,DOM EXPEDITO LOPES,0.381,MEDIA VULNERABILIDADE,False,False,CADASTRO RESERVA,0,MEDIA VULNERABILIDADE,FAIXA 2,15000,0.454,False,,False,,False,,False,,False,,False
220342,PI,DOMINGOS MOURAO,0.416,ALTA VULNERABILIDADE,False,False,NÃO ELEGIVEL,0,ALTA VULNERABILIDADE,FAIXA 1,20000,0.436,False,,False,,False,,False,,False,,False
220345,PI,DOM INOCENCIO,0.492,ALTA VULNERABILIDADE,False,False,CADASTRO RESERVA,0,ALTA VULNERABILIDADE,FAIXA 1,20000,0.489,False,,False,,False,,False,,False,,False
220350,PI,ELESBAO VELOSO,0.403,ALTA VULNERABILIDADE,False,False,CADASTRO RESERVA,0,ALTA VULNERABILIDADE,FAIXA 1,20000,0.385,False,,False,,False,,False,,True,FAIXA 1,True
220360,PI,ELISEU MARTINS,0.387,MEDIA VULNERABILIDADE,False,False,CADASTRO RESERVA,0,MEDIA VULNERABILIDADE,FAIXA 2,15000,0.378,False,,False,,False,,False,,False,,False
220370,PI,ESPERANTINA,0.418,ALTA VULNERABILIDADE,False,False,CONFIRMAÇÃO DE VAGAS (ADERIDOS),1,ALTA VULNERABILIDADE,FAIXA 1,20000,0.399,False,,False,,False,,False,,False,,False
220375,PI,FARTURA DO PIAUI,0.535,MUITO ALTA VULNERABILIDADE,False,False,CONFIRMAÇÃO DE VAGAS (ADERIDOS),1,MUITO ALTA VULNERABILIDADE,FAIXA 1,20000,0.533,False,,False,,False,,False,,False,,False
220380,PI,FLORES DO PIAUI,0.480,ALTA VULNERABILIDADE,False,False,CADASTRO RESERVA,0,ALTA VULNERABILIDADE,FAIXA 1,20000,0.332,False,,False,,False,,False,,False,,False
220385,PI,FLORESTA DO PIAUI,0.429,ALTA VULNERABILIDADE,False,False,CADASTRO RESERVA,0,ALTA VULNERABILIDADE,FAIXA 1,20000,0.395,False,,False,,False,,False,,False,,False
220390,PI,FLORIANO,0.284,BAIXA VULNERABILIDADE,False,False,CADASTRO RESERVA,0,BAIXA VULNERABILIDADE,FAIXA 3,10000,0.267,True,FAIXA 3,True,FAIXA 3,True,FAIXA 3,True,FAIXA 3,True,FAIXA 3,True
220400,PI,FRANCINOPOLIS,0.560,MUITO ALTA VULNERABILIDADE,False,False,CONFIRMAÇÃO DE VAGAS (ADERIDOS),1,MUITO ALTA VULNERABILIDADE,FAIXA 1,20000,0.483,False,,False,,False,,False,,False,,False
220410,PI,FRANCISCO AYRES,0.350,MEDIA VULNERABILIDADE,False,False,NÃO ELEGIVEL,0,MEDIA VULNERABILIDADE,FAIXA 2,15000,0.295,False,,False,,False,,False,,False,,False
220415,PI,FRANCISCO MACEDO,0.454,ALTA VULNERABILIDADE,False,False,CADASTRO RESERVA,0,ALTA VULNERABILIDADE,FAIXA 1,20000,0.312,False,,False,,False,,False,,False,,False
220420,PI,FRANCISCO SANTOS,0.358,MEDIA VULNERABILIDADE,False,False,NÃO ELEGIVEL,0,MEDIA VULNERABILIDADE,FAIXA 2,15000,0.308,False,,False,,False,,False,,False,,False
220430,PI,FRONTEIRAS,0.443,ALTA VULNERABILIDADE,False,False,CADASTRO RESERVA,0,ALTA VULNERABILIDADE,FAIXA 1,20000,0.369,False,,False,,False,,False,,True,FAIXA 1,True
220435,PI,GEMINIANO,0.444,ALTA VULNERABILIDADE,False,False,NÃO ELEGIVEL,0,ALTA VULNERABILIDADE,FAIXA 1,20000,0.456,False,,False,,False,,False,,False,,False
220440,PI,GILBUES,0.531,MUITO ALTA VULNERABILIDADE,False,False,CADASTRO RESERVA,0,MUITO ALTA VULNERABILIDADE,FAIXA 1,20000,0.461,False,,False,,False,,False,,False,,False
220450,PI,GUADALUPE,0.378,MEDIA VULNERABILIDADE,False,False,CADASTRO RESERVA,0,MEDIA VULNERABILIDADE,FAIXA 2,15000,0.358,False,,False,,False,,False,,False,,False
220455,PI,GUARIBAS,0.449,ALTA VULNERABILIDADE,False,False,CADASTRO RESERVA,0,ALTA VULNERABILIDADE,FAIXA 1,20000,0.358,False,,False,,False,,False,,False,,False
220460,PI,HUGO NAPOLEAO,0.438,ALTA VULNERABILIDADE,False,False,CONFIRMAÇÃO DE VAGAS (ADERIDOS),1,ALTA VULNERABILIDADE,FAIXA 1,20000,0.461,False,,False,,False,,False,,False,,False
220465,PI,ILHA GRANDE,0.607,MUITO ALTA VULNERABILIDADE,False,False,CADASTRO RESERVA,0,MUITO ALTA VULNERABILIDADE,FAIXA 1,20000,0.552,False,,False,,False,,False,,False,,False
220470,PI,INHUMA,0.369,MEDIA VULNERABILIDADE,False,False,CADASTRO RESERVA,0,MEDIA VULNERABILIDADE,FAIXA 2,15000,0.308,False,,False,,False,,False,,False,,False
220480,PI,IPIRANGA DO PIAUI,0.383,MEDIA VULNERABILIDADE,False,False,CADASTRO RESERVA,0,MEDIA VULNERABILIDADE,FAIXA 2,15000,0.349,False,,False,,False,,False,,False,,False
220490,PI,ISAIAS COELHO,0.525,MUITO ALTA VULNERABILIDADE,False,False,CADASTRO RESERVA,0,MUITO ALTA VULNERABILIDADE,FAIXA 1,20000,0.394,False,,False,,False,,False,,False,,False
220500,PI,ITAINOPOLIS,0.457,ALTA VULNERABILIDADE,False,False,CADASTRO RESERVA,0,ALTA VULNERABILIDADE,FAIXA 1,20000,0.301,False,,False,,False,,False,,False,,False
220510,PI,ITAUEIRA,0.389,MEDIA VULNERABILIDADE,False,False,CADASTRO RESERVA,0,MEDIA VULNERABILIDADE,FAIXA 2,15000,0.344,False,,False,,False,,False,,False,,False
220515,PI,JACOBINA DO PIAUI,0.555,MUITO ALTA VULNERABILIDADE,False,False,CADASTRO RESERVA,0,MUITO ALTA VULNERABILIDADE,FAIXA 1,20000,0.547,False,,False,,False,,False,,False,,False
220520,PI,JAICOS,0.574,MUITO ALTA VULNERABILIDADE,False,False,CADASTRO RESERVA,0,MUITO ALTA VULNERABILIDADE,FAIXA 1,20000,0.350,False,,False,,False,,False,,False,,False
220525,PI,JARDIM DO MULATO,0.416,ALTA VULNERABILIDADE,False,False,CADASTRO RESERVA,0,ALTA VULNERABILIDADE,FAIXA 1,20000,0.380,False,,False,,False,,False,,False,,False
220527,PI,JATOBA DO PIAUI,0.415,ALTA VULNERABILIDADE,False,False,CADASTRO RESERVA,0,ALTA VULNERABILIDADE,FAIXA 1,20000,0.378,False,,False,,False,,False,,False,,False
220530,PI,JERUMENHA,0.517,MUITO ALTA VULNERABILIDADE,False,False,CADASTRO RESERVA,0,MUITO ALTA VULNERABILIDADE,FAIXA 1,20000,0.427,False,,False,,False,,False,,False,,False
220535,PI,JOAO COSTA,0.561,MUITO ALTA VULNERABILIDADE,False,False,CADASTRO RESERVA,0,MUITO ALTA VULNERABILIDADE,FAIXA 1,20000,0.502,False,,False,,False,,False,,False,,False
220540,PI,JOAQUIM PIRES,0.475,ALTA VULNERABILIDADE,False,False,CADASTRO RESERVA,0,ALTA VULNERABILIDADE,FAIXA 1,20000,0.356,False,,False,,False,,False,,False,,False
220545,PI,JOCA MARQUES,0.550,MUITO ALTA VULNERABILIDADE,False,False,CADASTRO RESERVA,0,MUITO ALTA VULNERABILIDADE,FAIXA 1,20000,0.483,False,,False,,False,,False,,False,,False
220550,PI,JOSE DE FREITAS,0.548,MUITO ALTA VULNERABILIDADE,False,False,CADASTRO RESERVA,0,MUITO ALTA VULNERABILIDADE,FAIXA 1,20000,0.519,False,,False,,False,,False,,True,FAIXA 1,True
220551,PI,JUAZEIRO DO PIAUI,0.503,MUITO ALTA VULNERABILIDADE,False,False,CADASTRO RESERVA,0,MUITO ALTA VULNERABILIDADE,FAIXA 1,20000,0.336,False,,False,,False,,False,,False,,False
220552,PI,JULIO BORGES,0.475,ALTA VULNERABILIDADE,False,False,CADASTRO RESERVA,0,ALTA VULNERABILIDADE,FAIXA 1,20000,0.369,False,,False,,False,,False,,False,,False
220553,PI,JUREMA,0.591,MUITO ALTA VULNERABILIDADE,False,False,CADASTRO RESERVA,0,MUITO ALTA VULNERABILIDADE,FAIXA 1,20000,0.610,False,,False,,False,,False,,False,,False
220554,PI,LAGOINHA DO PIAUI,0.356,MEDIA VULNERABILIDADE,False,False,NÃO ELEGIVEL,0,MEDIA VULNERABILIDADE,FAIXA 2,15000,0.374,False,,False,,False,,False,,False,,False
220555,PI,LAGOA ALEGRE,0.499,ALTA VULNERABILIDADE,False,False,NÃO ELEGIVEL,0,ALTA VULNERABILIDADE,FAIXA 1,20000,0.445,False,,False,,False,,False,,False,,False
220556,PI,LAGOA DO BARRO DO PIAUI,0.682,MUITO ALTA VULNERABILIDADE,False,False,CADASTRO RESERVA,0,MUITO ALTA VULNERABILIDADE,FAIXA 1,20000,0.733,False,,False,,False,,False,,False,,False
220557,PI,LAGOA DE SAO FRANCISCO,0.598,MUITO ALTA VULNERABILIDADE,False,False,CADASTRO RESERVA,0,MUITO ALTA VULNERABILIDADE,FAIXA 1,20000,0.502,False,,False,,False,,False,,False,,False
220558,PI,LAGOA DO PIAUI,0.424,ALTA VULNERABILIDADE,False,False,CADASTRO RESERVA,0,ALTA VULNERABILIDADE,FAIXA 1,20000,0.348,False,,False,,False,,False,,False,,False
220559,PI,LAGOA DO SITIO,0.520,MUITO ALTA VULNERABILIDADE,False,False,CADASTRO RESERVA,0,MUITO ALTA VULNERABILIDADE,FAIXA 1,20000,0.445,False,,False,,False,,False,,False,,False
220560,PI,LANDRI SALES,0.538,MUITO ALTA VULNERABILIDADE,False,False,CONFIRMAÇÃO DE VAGAS (ADERIDOS),1,MUITO ALTA VULNERABILIDADE,FAIXA 1,20000,0.426,False,,False,,False,,False,,False,,False
220570,PI,LUIS CORREIA,0.547,MUITO ALTA VULNERABILIDADE,False,False,CONFIRMAÇÃO DE VAGAS (ADERIDOS),1,MUITO ALTA VULNERABILIDADE,FAIXA 1,20000,0.511,False,,False,,False,,False,,False,,False
220580,PI,LUZILANDIA,0.490,ALTA VULNERABILIDADE,False,False,CADASTRO RESERVA,0,ALTA VULNERABILIDADE,FAIXA 1,20000,0.426,False,,False,,False,,False,,False,,False
220585,PI,MADEIRO,0.534,MUITO ALTA VULNERABILIDADE,False,False,CADASTRO RESERVA,0,MUITO ALTA VULNERABILIDADE,FAIXA 1,20000,0.482,False,,False,,False,,False,,False,,False
220590,PI,MANOEL EMIDIO,0.441,ALTA VULNERABILIDADE,False,False,CADASTRO RESERVA,0,ALTA VULNERABILIDADE,FAIXA 1,20000,0.293,False,,False,,False,,False,,False,,False
220595,PI,MARCOLANDIA,0.504,MUITO ALTA VULNERABILIDADE,False,False,CADASTRO RESERVA,0,MUITO ALTA VULNERABILIDADE,FAIXA 1,20000,0.470,False,,False,,False,,False,,False,,False
220600,PI,MARCOS PARENTE,0.423,ALTA VULNERABILIDADE,False,False,CADASTRO RESERVA,0,ALTA VULNERABILIDADE,FAIXA 1,20000,0.417,False,,False,,False,,False,,False,,False
220605,PI,MASSAPE DO PIAUI,0.589,MUITO ALTA VULNERABILIDADE,False,False,CADASTRO RESERVA,0,MUITO ALTA VULNERABILIDADE,FAIXA 1,20000,0.572,False,,False,,False,,False,,False,,False
220610,PI,MATIAS OLIMPIO,0.508,MUITO ALTA VULNERABILIDADE,False,False,CADASTRO RESERVA,0,MUITO ALTA VULNERABILIDADE,FAIXA 1,20000,0.490,False,,False,,False,,False,,False,,False
220620,PI,MIGUEL ALVES,0.601,MUITO ALTA VULNERABILIDADE,False,False,CADASTRO RESERVA,0,MUITO ALTA VULNERABILIDADE,FAIXA 1,20000,0.569,False,,False,,False,,False,,True,FAIXA 1,True
220630,PI,MIGUEL LEAO,0.461,ALTA VULNERABILIDADE,False,False,CADASTRO RESERVA,0,ALTA VULNERABILIDADE,FAIXA 1,20000,0.416,False,,False,,False,,False,,False,,False
220635,PI,MILTON BRANDAO,0.492,ALTA VULNERABILIDADE,False,False,CADASTRO RESERVA,0,ALTA VULNERABILIDADE,FAIXA 1,20000,0.477,False,,False,,False,,False,,False,,False
220640,PI,MONSENHOR GIL,0.462,ALTA VULNERABILIDADE,False,False,CONFIRMAÇÃO DE VAGAS (ADERIDOS),1,ALTA VULNERABILIDADE,FAIXA 1,20000,0.436,False,,False,,False,,False,,False,,False
220650,PI,MONSENHOR HIPOLITO,0.433,ALTA VULNERABILIDADE,False,False,CADASTRO RESERVA,0,ALTA VULNERABILIDADE,FAIXA 1,20000,0.354,False,,False,,False,,False,,False,,False
220660,PI,MONTE ALEGRE DO PIAUI,0.446,ALTA VULNERABILIDADE,False,False,CADASTRO RESERVA,0,ALTA VULNERABILIDADE,FAIXA 1,20000,0.317,False,,False,,False,,False,,False,,False
220665,PI,MORRO CABECA NO TEMPO,0.417,ALTA VULNERABILIDADE,False,False,CADASTRO RESERVA,0,ALTA VULNERABILIDADE,FAIXA 1,20000,0.330,False,,False,,False,,False,,False,,False
220667,PI,MORRO DO CHAPEU DO PIAUI,0.425,ALTA VULNERABILIDADE,False,False,CADASTRO RESERVA,0,ALTA VULNERABILIDADE,FAIXA 1,20000,0.470,False,,False,,False,,False,,False,,False
220669,PI,MURICI DOS PORTELAS,0.511,MUITO ALTA VULNERABILIDADE,False,False,NÃO ELEGIVEL,0,MUITO ALTA VULNERABILIDADE,FAIXA 1,20000,0.408,False,,False,,False,,False,,False,,False
220670,PI,NAZARE DO PIAUI,0.507,MUITO ALTA VULNERABILIDADE,False,False,CADASTRO RESERVA,0,MUITO ALTA VULNERABILIDADE,FAIXA 1,20000,0.428,False,,False,,False,,False,,False,,False
220672,PI,NAZARIA,0.522,MUITO ALTA VULNERABILIDADE,False,False,CADASTRO RESERVA,0,MUITO ALTA VULNERABILIDADE,FAIXA 1,20000,0.637,False,,False,,False,,False,,False,,False
220675,PI,NOSSA SENHORA DE NAZARE,0.491,ALTA VULNERABILIDADE,False,False,CADASTRO RESERVA,0,ALTA VULNERABILIDADE,FAIXA 1,20000,0.342,False,,False,,False,,False,,False,,False
220680,PI,NOSSA SENHORA DOS REMEDIOS,0.531,MUITO ALTA VULNERABILIDADE,False,False,CADASTRO RESERVA,0,MUITO ALTA VULNERABILIDADE,FAIXA 1,20000,0.440,False,,False,,False,,False,,True,FAIXA 1,True
220690,PI,NOVO ORIENTE DO PIAUI,0.433,ALTA VULNERABILIDADE,False,False,CADASTRO RESERVA,0,ALTA VULNERABILIDADE,FAIXA 1,20000,0.396,False,,False,,False,,False,,False,,False
220695,PI,NOVO SANTO ANTONIO,0.398,MEDIA VULNERABILIDADE,False,False,CONFIRMAÇÃO DE VAGAS (ADERIDOS),1,MEDIA VULNERABILIDADE,FAIXA 2,15000,0.369,False,,False,,False,,False,,False,,False
220700,PI,OEIRAS,0.380,MEDIA VULNERABILIDADE,False,False,CONFIRMAÇÃO DE VAGAS (ADERIDOS),2,MEDIA VULNERABILIDADE,FAIXA 2,15000,0.328,True,FAIXA 2,True,FAIXA 2,False,,False,,True,FAIXA 2,True
220710,PI,OLHO D'AGUA DO PIAUI,0.541,MUITO ALTA VULNERABILIDADE,False,False,NÃO ELEGIVEL,0,MUITO ALTA VULNERABILIDADE,FAIXA 1,20000,0.516,False,,False,,False,,False,,False,,False
220720,PI,PADRE MARCOS,0.480,ALTA VULNERABILIDADE,False,False,CADASTRO RESERVA,0,ALTA VULNERABILIDADE,FAIXA 1,20000,0.363,False,,False,,False,,False,,False,,False
220730,PI,PAES LANDIM,0.426,ALTA VULNERABILIDADE,False,False,NÃO ELEGIVEL,0,ALTA VULNERABILIDADE,FAIXA 1,20000,0.386,False,,False,,False,,False,,False,,False
220735,PI,PAJEU DO PIAUI,0.456,ALTA VULNERABILIDADE,False,False,CADASTRO RESERVA,0,ALTA VULNERABILIDADE,FAIXA 1,20000,0.424,False,,False,,False,,False,,False,,False
220740,PI,PALMEIRA DO PIAUI,0.497,ALTA VULNERABILIDADE,False,False,CADASTRO RESERVA,0,ALTA VULNERABILIDADE,FAIXA 1,20000,0.423,False,,False,,False,,False,,False,,False
220750,PI,PALMEIRAIS,0.552,MUITO ALTA VULNERABILIDADE,False,False,CADASTRO RESERVA,0,MUITO ALTA VULNERABILIDADE,FAIXA 1,20000,0.591,False,,False,,False,,False,,False,,False
220755,PI,PAQUETA,0.462,ALTA VULNERABILIDADE,False,False,NÃO ELEGIVEL,0,ALTA VULNERABILIDADE,FAIXA 1,20000,0.484,False,,False,,False,,False,,False,,False
220760,PI,PARNAGUA,0.536,MUITO ALTA VULNERABILIDADE,False,False,CADASTRO RESERVA,0,MUITO ALTA VULNERABILIDADE,FAIXA 1,20000,0.552,False,,False,,False,,False,,False,,False
220770,PI,PARNAIBA,0.366,MEDIA VULNERABILIDADE,False,False,CONFIRMAÇÃO DE VAGAS (ADERIDOS),1,MEDIA VULNERABILIDADE,FAIXA 2,15000,0.387,True,FAIXA 2,True,FAIXA 2,True,FAIXA 2,True,FAIXA 2,True,FAIXA 2,True
220775,PI,PASSAGEM FRANCA DO PIAUI,0.457,ALTA VULNERABILIDADE,False,False,CADASTRO RESERVA,0,ALTA VULNERABILIDADE,FAIXA 1,20000,0.395,False,,False,,False,,False,,False,,False
220777,PI,PATOS DO PIAUI,0.466,ALTA VULNERABILIDADE,False,False,CADASTRO RESERVA,0,ALTA VULNERABILIDADE,FAIXA 1,20000,0.394,False,,False,,False,,False,,False,,False
220779,PI,PAU D'ARCO DO PIAUI,0.501,MUITO ALTA VULNERABILIDADE,False,False,NÃO ELEGIVEL,0,MUITO ALTA VULNERABILIDADE,FAIXA 1,20000,0.561,False,,False,,False,,False,,False,,False
220780,PI,PAULISTANA,0.481,ALTA VULNERABILIDADE,False,False,CADASTRO RESERVA,0,ALTA VULNERABILIDADE,FAIXA 1,20000,0.441,False,,False,,False,,False,,True,FAIXA 1,True
220785,PI,PAVUSSU,0.455,ALTA VULNERABILIDADE,False,False,CADASTRO RESERVA,0,ALTA VULNERABILIDADE,FAIXA 1,20000,0.345,False,,False,,False,,False,,False,,False
220790,PI,PEDRO II,0.517,MUITO ALTA VULNERABILIDADE,False,False,CADASTRO RESERVA,0,MUITO ALTA VULNERABILIDADE,FAIXA 1,20000,0.497,False,,False,,True,FAIXA 1,False,,True,FAIXA 1,True
220793,PI,PEDRO LAURENTINO,0.394,MEDIA VULNERABILIDADE,False,False,CADASTRO RESERVA,0,MEDIA VULNERABILIDADE,FAIXA 2,15000,0.311,False,,False,,False,,False,,False,,False
220795,PI,NOVA SANTA RITA,0.378,MEDIA VULNERABILIDADE,False,False,CADASTRO RESERVA,0,MEDIA VULNERABILIDADE,FAIXA 2,15000,0.436,False,,False,,False,,False,,False,,False
220800,PI,PICOS,0.286,BAIXA VULNERABILIDADE,False,False,CADASTRO RESERVA,0,BAIXA VULNERABILIDADE,FAIXA 3,10000,0.321,True,FAIXA 3,True,FAIXA 3,True,FAIXA 3,True,FAIXA 3,True,FAIXA 3,True
220810,PI,PIMENTEIRAS,0.447,ALTA VULNERABILIDADE,False,False,CADASTRO RESERVA,0,ALTA VULNERABILIDADE,FAIXA 1,20000,0.382,False,,False,,False,,False,,True,FAIXA 1,True
220820,PI,PIO IX,0.465,ALTA VULNERABILIDADE,False,False,CADASTRO RESERVA,0,ALTA VULNERABILIDADE,FAIXA 1,20000,0.337,False,,False,,False,,False,,False,,False
220830,PI,PIRACURUCA,0.483,ALTA VULNERABILIDADE,False,False,CONFIRMAÇÃO DE VAGAS (ADERIDOS),1,ALTA VULNERABILIDADE,FAIXA 1,20000,0.461,False,,False,,True,FAIXA 1,False,,True,FAIXA 1,True
220840,PI,PIRIPIRI,0.399,MEDIA VULNERABILIDADE,False,False,CONFIRMAÇÃO DE VAGAS (ADERIDOS),1,MEDIA VULNERABILIDADE,FAIXA 2,15000,0.361,True,FAIXA 2,True,FAIXA 2,True,FAIXA 2,True,FAIXA 2,True,FAIXA 2,True
220850,PI,PORTO,0.550,MUITO ALTA VULNERABILIDADE,False,False,CADASTRO RESERVA,0,MUITO ALTA VULNERABILIDADE,FAIXA 1,20000,0.465,False,,False,,False,,False,,False,,False
220855,PI,PORTO ALEGRE DO PIAUI,0.431,ALTA VULNERABILIDADE,False,False,CADASTRO RESERVA,0,ALTA VULNERABILIDADE,FAIXA 1,20000,0.375,False,,False,,False,,False,,False,,False
220860,PI,PRATA DO PIAUI,0.521,MUITO ALTA VULNERABILIDADE,False,False,CADASTRO RESERVA,0,MUITO ALTA VULNERABILIDADE,FAIXA 1,20000,0.532,False,,False,,False,,False,,False,,False
220865,PI,QUEIMADA NOVA,0.481,ALTA VULNERABILIDADE,False,False,CADASTRO RESERVA,0,ALTA VULNERABILIDADE,FAIXA 1,20000,0.493,False,,False,,False,,False,,False,,False
220870,PI,REDENCAO DO GURGUEIA,0.565,MUITO ALTA VULNERABILIDADE,False,False,CADASTRO RESERVA,0,MUITO ALTA VULNERABILIDADE,FAIXA 1,20000,0.545,False,,False,,False,,False,,False,,False
220880,PI,REGENERACAO,0.532,MUITO ALTA VULNERABILIDADE,False,False,CADASTRO RESERVA,0,MUITO ALTA VULNERABILIDADE,FAIXA 1,20000,0.538,False,,False,,False,,False,,False,,False
220885,PI,RIACHO FRIO,0.519,MUITO ALTA VULNERABILIDADE,False,False,CADASTRO RESERVA,0,MUITO ALTA VULNERABILIDADE,FAIXA 1,20000,0.360,False,,False,,False,,False,,False,,False
220887,PI,RIBEIRA DO PIAUI,0.499,ALTA VULNERABILIDADE,False,False,CADASTRO RESERVA,0,ALTA VULNERABILIDADE,FAIXA 1,20000,0.483,False,,False,,False,,False,,False,,False
220890,PI,RIBEIRO GONCALVES,0.463,ALTA VULNERABILIDADE,False,False,CADASTRO RESERVA,0,ALTA VULNERABILIDADE,FAIXA 1,20000,0.355,False,,False,,False,,False,,False,,False
220900,PI,RIO GRANDE DO PIAUI,0.406,ALTA VULNERABILIDADE,False,False,CADASTRO RESERVA,0,ALTA VULNERABILIDADE,FAIXA 1,20000,0.416,False,,False,,False,,False,,False,,False
220910,PI,SANTA CRUZ DO PIAUI,0.358,MEDIA VULNERABILIDADE,False,False,NÃO ELEGIVEL,0,MEDIA VULNERABILIDADE,FAIXA 2,15000,0.332,False,,False,,False,,False,,False,,False
220915,PI,SANTA CRUZ DOS MILAGRES,0.433,ALTA VULNERABILIDADE,False,False,NÃO ELEGIVEL,0,ALTA VULNERABILIDADE,FAIXA 1,20000,0.379,False,,False,,False,,False,,False,,False
220920,PI,SANTA FILOMENA,0.545,MUITO ALTA VULNERABILIDADE,False,False,CADASTRO RESERVA,0,MUITO ALTA VULNERABILIDADE,FAIXA 1,20000,0.522,False,,False,,False,,False,,False,,False
220930,PI,SANTA LUZ,0.466,ALTA VULNERABILIDADE,False,False,CADASTRO RESERVA,0,ALTA VULNERABILIDADE,FAIXA 1,20000,0.449,False,,False,,False,,False,,False,,False
220935,PI,SANTANA DO PIAUI,0.391,MEDIA VULNERABILIDADE,False,False,NÃO ELEGIVEL,0,MEDIA VULNERABILIDADE,FAIXA 2,15000,0.389,False,,False,,False,,False,,False,,False
220937,PI,SANTA ROSA DO PIAUI,0.427,ALTA VULNERABILIDADE,False,False,CADASTRO RESERVA,0,ALTA VULNERABILIDADE,FAIXA 1,20000,0.435,False,,False,,False,,False,,False,,False
220940,PI,SANTO ANTONIO DE LISBOA,0.398,MEDIA VULNERABILIDADE,False,False,NÃO ELEGIVEL,0,MEDIA VULNERABILIDADE,FAIXA 2,15000,0.392,False,,False,,False,,False,,False,,False
220945,PI,SANTO ANTONIO DOS MILAGRES,0.577,MUITO ALTA VULNERABILIDADE,False,False,CADASTRO RESERVA,0,MUITO ALTA VULNERABILIDADE,FAIXA 1,20000,0.411,False,,False,,False,,False,,False,,False
220950,PI,SANTO INACIO DO PIAUI,0.433,ALTA VULNERABILIDADE,False,False,NÃO ELEGIVEL,0,ALTA VULNERABILIDADE,FAIXA 1,20000,0.307,False,,False,,False,,False,,False,,False
220955,PI,SAO BRAZ DO PIAUI,0.479,ALTA VULNERABILIDADE,False,False,CADASTRO RESERVA,0,ALTA VULNERABILIDADE,FAIXA 1,20000,0.450,False,,False,,False,,False,,False,,False
220960,PI,SAO FELIX DO PIAUI,0.321,MEDIA VULNERABILIDADE,False,False,CADASTRO RESERVA,0,MEDIA VULNERABILIDADE,FAIXA 2,15000,0.259,False,,False,,False,,False,,False,,False
220965,PI,SAO FRANCISCO DE ASSIS DO PIAUI,0.506,MUITO ALTA VULNERABILIDADE,False,False,CADASTRO RESERVA,0,MUITO ALTA VULNERABILIDADE,FAIXA 1,20000,0.495,False,,False,,False,,False,,False,,False
220970,PI,SAO FRANCISCO DO PIAUI,0.414,ALTA VULNERABILIDADE,False,False,CADASTRO RESERVA,0,ALTA VULNERABILIDADE,FAIXA 1,20000,0.373,False,,False,,False,,False,,False,,False
220975,PI,SAO GONCALO DO GURGUEIA,0.474,ALTA VULNERABILIDADE,False,False,CONFIRMAÇÃO DE VAGAS (ADERIDOS),1,ALTA VULNERABILIDADE,FAIXA 1,20000,0.353,False,,False,,False,,False,,False,,False
220980,PI,SAO GONCALO DO PIAUI,0.411,ALTA VULNERABILIDADE,False,False,NÃO ELEGIVEL,0,ALTA VULNERABILIDADE,FAIXA 1,20000,0.345,False,,False,,False,,False,,False,,False
220985,PI,SAO JOAO DA CANABRAVA,0.401,ALTA VULNERABILIDADE,False,False,NÃO ELEGIVEL,0,ALTA VULNERABILIDADE,FAIXA 1,20000,0.258,False,,False,,False,,False,,False,,False
220987,PI,SAO JOAO DA FRONTEIRA,0.566,MUITO ALTA VULNERABILIDADE,False,False,NÃO ELEGIVEL,0,MUITO ALTA VULNERABILIDADE,FAIXA 1,20000,0.506,False,,False,,False,,False,,False,,False
220990,PI,SAO JOAO DA SERRA,0.464,ALTA VULNERABILIDADE,False,False,NÃO ELEGIVEL,0,ALTA VULNERABILIDADE,FAIXA 1,20000,0.399,False,,False,,False,,False,,False,,False
220995,PI,SAO JOAO DA VARJOTA,0.500,ALTA VULNERABILIDADE,False,False,NÃO ELEGIVEL,0,ALTA VULNERABILIDADE,FAIXA 1,20000,0.366,False,,False,,False,,False,,False,,False
220997,PI,SAO JOAO DO ARRAIAL,0.524,MUITO ALTA VULNERABILIDADE,False,False,CADASTRO RESERVA,0,MUITO ALTA VULNERABILIDADE,FAIXA 1,20000,0.478,False,,False,,False,,False,,False,,False
221000,PI,SAO JOAO DO PIAUI,0.403,ALTA VULNERABILIDADE,False,False,CADASTRO RESERVA,0,ALTA VULNERABILIDADE,FAIXA 1,20000,0.397,False,,False,,False,,False,,True,FAIXA 1,True
221005,PI,SAO JOSE DO DIVINO,0.485,ALTA VULNERABILIDADE,False,False,CADASTRO RESERVA,0,ALTA VULNERABILIDADE,FAIXA 1,20000,0.441,False,,False,,False,,False,,False,,False
221010,PI,SAO JOSE DO PEIXE,0.485,ALTA VULNERABILIDADE,False,False,CADASTRO RESERVA,0,ALTA VULNERABILIDADE,FAIXA 1,20000,0.370,False,,False,,False,,False,,False,,False
221020,PI,SAO JOSE DO PIAUI,0.400,MEDIA VULNERABILIDADE,False,False,NÃO ELEGIVEL,0,MEDIA VULNERABILIDADE,FAIXA 2,15000,0.435,False,,False,,False,,False,,False,,False
221030,PI,SAO JULIAO,0.407,ALTA VULNERABILIDADE,False,False,CADASTRO RESERVA,0,ALTA VULNERABILIDADE,FAIXA 1,20000,0.262,False,,False,,False,,False,,False,,False
221035,PI,SAO LOURENCO DO PIAUI,0.431,ALTA VULNERABILIDADE,False,False,NÃO ELEGIVEL,0,ALTA VULNERABILIDADE,FAIXA 1,20000,0.272,False,,False,,False,,False,,False,,False
221037,PI,SAO LUIS DO PIAUI,0.378,MEDIA VULNERABILIDADE,False,False,CADASTRO RESERVA,0,MEDIA VULNERABILIDADE,FAIXA 2,15000,0.338,False,,False,,False,,False,,False,,False
221038,PI,SAO MIGUEL DA BAIXA GRANDE,0.504,MUITO ALTA VULNERABILIDADE,False,False,CADASTRO RESERVA,0,MUITO ALTA VULNERABILIDADE,FAIXA 1,20000,0.347,False,,False,,False,,False,,False,,False
221039,PI,SAO MIGUEL DO FIDALGO,0.513,MUITO ALTA VULNERABILIDADE,False,False,CADASTRO RESERVA,0,MUITO ALTA VULNERABILIDADE,FAIXA 1,20000,0.333,False,,False,,False,,False,,False,,False
221040,PI,SAO MIGUEL DO TAPUIO,0.457,ALTA VULNERABILIDADE,False,False,CADASTRO RESERVA,0,ALTA VULNERABILIDADE,FAIXA 1,20000,0.376,False,,False,,False,,False,,False,,False
221050,PI,SAO PEDRO DO PIAUI,0.536,MUITO ALTA VULNERABILIDADE,False,False,CADASTRO RESERVA,0,MUITO ALTA VULNERABILIDADE,FAIXA 1,20000,0.543,False,,False,,False,,False,,False,,False
221060,PI,SAO RAIMUNDO NONATO,0.433,ALTA VULNERABILIDADE,False,False,CADASTRO RESERVA,0,ALTA VULNERABILIDADE,FAIXA 1,20000,0.362,True,FAIXA 1,True,FAIXA 1,False,,False,,True,FAIXA 1,True
221062,PI,SEBASTIAO BARROS,0.506,MUITO ALTA VULNERABILIDADE,False,False,CADASTRO RESERVA,0,MUITO ALTA VULNERABILIDADE,FAIXA 1,20000,0.477,False,,False,,False,,False,,False,,False
221063,PI,SEBASTIAO LEAL,0.526,MUITO ALTA VULNERABILIDADE,False,False,CADASTRO RESERVA,0,MUITO ALTA VULNERABILIDADE,FAIXA 1,20000,0.409,False,,False,,False,,False,,False,,False
221065,PI,SIGEFREDO PACHECO,0.426,ALTA VULNERABILIDADE,False,False,CONFIRMAÇÃO DE VAGAS (ADERIDOS),2,ALTA VULNERABILIDADE,FAIXA 1,20000,0.402,False,,False,,False,,False,,False,,False
221070,PI,SIMOES,0.416,ALTA VULNERABILIDADE,False,False,CADASTRO RESERVA,0,ALTA VULNERABILIDADE,FAIXA 1,20000,0.291,False,,False,,False,,False,,True,FAIXA 1,True
221080,PI,SIMPLICIO MENDES,0.349,MEDIA VULNERABILIDADE,False,False,CONFIRMAÇÃO DE VAGAS (ADERIDOS),2,MEDIA VULNERABILIDADE,FAIXA 2,15000,0.302,False,,False,,False,,False,,False,,False
221090,PI,SOCORRO DO PIAUI,0.437,ALTA VULNERABILIDADE,False,False,CONFIRMAÇÃO DE VAGAS (ADERIDOS),1,ALTA VULNERABILIDADE,FAIXA 1,20000,0.315,False,,False,,False,,False,,False,,False
221093,PI,SUSSUAPARA,0.390,MEDIA VULNERABILIDADE,False,False,CADASTRO RESERVA,0,MEDIA VULNERABILIDADE,FAIXA 2,15000,0.436,False,,False,,False,,False,,False,,False
221095,PI,TAMBORIL DO PIAUI,0.441,ALTA VULNERABILIDADE,False,False,CADASTRO RESERVA,0,ALTA VULNERABILIDADE,FAIXA 1,20000,0.428,False,,False,,False,,False,,False,,False
221097,PI,TANQUE DO PIAUI,0.477,ALTA VULNERABILIDADE,False,False,NÃO ELEGIVEL,0,ALTA VULNERABILIDADE,FAIXA 1,20000,0.434,False,,False,,False,,False,,False,,False
221100,PI,TERESINA,0.288,BAIXA VULNERABILIDADE,False,False,CADASTRO RESERVA,0,BAIXA VULNERABILIDADE,FAIXA 3,10000,0.296,True,FAIXA 3,True,FAIXA 3,True,FAIXA 3,True,FAIXA 3,True,FAIXA 3,True
221110,PI,UNIAO,0.512,MUITO ALTA VULNERABILIDADE,False,False,CADASTRO RESERVA,0,MUITO ALTA VULNERABILIDADE,FAIXA 1,20000,0.490,False,,False,,True,FAIXA 1,True,FAIXA 1,True,FAIXA 1,True
221120,PI,URUCUI,0.395,MEDIA VULNERABILIDADE,False,False,CADASTRO RESERVA,0,MEDIA VULNERABILIDADE,FAIXA 2,15000,0.386,True,FAIXA 2,True,FAIXA 2,False,,False,,False,,True
221130,PI,VALENCA DO PIAUI,0.366,MEDIA VULNERABILIDADE,False,False,NOVA ADESÃO,2,MEDIA VULNERABILIDADE,FAIXA 2,15000,0.375,True,FAIXA 2,True,FAIXA 2,True,FAIXA 2,True,FAIXA 2,False,,True
221135,PI,VARZEA BRANCA,0.455,ALTA VULNERABILIDADE,False,False,CADASTRO RESERVA,0,ALTA VULNERABILIDADE,FAIXA 1,20000,0.453,False,,False,,False,,False,,False,,False
221140,PI,VARZEA GRANDE,0.389,MEDIA VULNERABILIDADE,False,False,CADASTRO RESERVA,0,MEDIA VULNERABILIDADE,FAIXA 2,15000,0.324,False,,False,,False,,False,,False,,False
221150,PI,VERA MENDES,0.522,MUITO ALTA VULNERABILIDADE,False,False,CADASTRO RESERVA,0,MUITO ALTA VULNERABILIDADE,FAIXA 1,20000,0.527,False,,False,,False,,False,,False,,False
221160,PI,VILA NOVA DO PIAUI,0.439,ALTA VULNERABILIDADE,False,False,CADASTRO RESERVA,0,ALTA VULNERABILIDADE,FAIXA 1,20000,0.409,False,,False,,False,,False,,False,,False
221170,PI,WALL FERRAZ,0.373,MEDIA VULNERABILIDADE,False,False,CADASTRO RESERVA,0,MEDIA VULNERABILIDADE,FAIXA 2,15000,0.317,False,,False,,False,,False,,False,,False
230010,CE,ABAIARA,0.480,ALTA VULNERABILIDADE,False,False,CADASTRO RESERVA,0,ALTA VULNERABILIDADE,FAIXA 1,20000,0.465,False,,False,,False,,False,,False,,False
230015,CE,ACARAPE,0.424,ALTA VULNERABILIDADE,False,False,CADASTRO RESERVA,0,ALTA VULNERABILIDADE,FAIXA 1,20000,0.355,False,,False,,False,,False,,False,,False
230020,CE,ACARAU,0.522,MUITO ALTA VULNERABILIDADE,False,False,CONFIRMAÇÃO DE VAGAS (ADERIDOS),1,MUITO ALTA VULNERABILIDADE,FAIXA 1,20000,0.499,True,FAIXA 1,True,FAIXA 1,True,FAIXA 1,False,,True,FAIXA 1,True
230030,CE,ACOPIARA,0.428,ALTA VULNERABILIDADE,False,False,CADASTRO RESERVA,0,ALTA VULNERABILIDADE,FAIXA 1,20000,0.393,False,,False,,True,FAIXA 1,False,,True,FAIXA 1,True
230040,CE,AIUABA,0.461,ALTA VULNERABILIDADE,False,False,CADASTRO RESERVA,0,ALTA VULNERABILIDADE,FAIXA 1,20000,0.318,False,,False,,False,,False,,False,,False
230050,CE,ALCANTARAS,0.431,ALTA VULNERABILIDADE,False,False,CONFIRMAÇÃO DE VAGAS (ADERIDOS),1,ALTA VULNERABILIDADE,FAIXA 1,20000,0.231,False,,False,,False,,False,,False,,False
230060,CE,ALTANEIRA,0.401,ALTA VULNERABILIDADE,False,False,CADASTRO RESERVA,0,ALTA VULNERABILIDADE,FAIXA 1,20000,0.412,False,,False,,False,,False,,False,,False
230070,CE,ALTO SANTO,0.430,ALTA VULNERABILIDADE,False,False,CADASTRO RESERVA,0,ALTA VULNERABILIDADE,FAIXA 1,20000,0.307,False,,False,,False,,False,,False,,False
230075,CE,AMONTADA,0.600,MUITO ALTA VULNERABILIDADE,False,False,CADASTRO RESERVA,0,MUITO ALTA VULNERABILIDADE,FAIXA 1,20000,0.469,False,,False,,False,,False,,True,FAIXA 1,True
230080,CE,ANTONINA DO NORTE,0.463,ALTA VULNERABILIDADE,False,False,NOVA ADESÃO,1,ALTA VULNERABILIDADE,FAIXA 1,20000,0.462,False,,False,,False,,False,,False,,False
230090,CE,APUIARES,0.458,ALTA VULNERABILIDADE,False,False,CONFIRMAÇÃO DE VAGAS (ADERIDOS),1,ALTA VULNERABILIDADE,FAIXA 1,20000,0.366,False,,False,,False,,False,,False,,False
230100,CE,AQUIRAZ,0.441,ALTA VULNERABILIDADE,False,False,CADASTRO RESERVA,0,ALTA VULNERABILIDADE,FAIXA 1,20000,0.491,False,,False,,True,FAIXA 1,False,,True,FAIXA 1,True
230110,CE,ARACATI,0.428,ALTA VULNERABILIDADE,False,False,CONFIRMAÇÃO DE VAGAS (ADERIDOS),1,ALTA VULNERABILIDADE,FAIXA 1,20000,0.384,True,FAIXA 1,True,FAIXA 1,True,FAIXA 1,True,FAIXA 1,True,FAIXA 1,True
230120,CE,ARACOIABA,0.510,MUITO ALTA VULNERABILIDADE,False,False,CONFIRMAÇÃO DE VAGAS (ADERIDOS),1,MUITO ALTA VULNERABILIDADE,FAIXA 1,20000,0.424,False,,False,,False,,False,,True,FAIXA 1,True
230125,CE,ARARENDA,0.476,ALTA VULNERABILIDADE,False,False,CONFIRMAÇÃO DE VAGAS (ADERIDOS),1,ALTA VULNERABILIDADE,FAIXA 1,20000,0.472,False,,False,,False,,False,,False,,False
230130,CE,ARARIPE,0.478,ALTA VULNERABILIDADE,False,False,CADASTRO RESERVA,0,ALTA VULNERABILIDADE,FAIXA 1,20000,0.409,False,,False,,False,,False,,False,,False
230140,CE,ARATUBA,0.459,ALTA VULNERABILIDADE,False,False,CADASTRO RESERVA,0,ALTA VULNERABILIDADE,FAIXA 1,20000,0.302,False,,False,,False,,False,,False,,False
230150,CE,ARNEIROZ,0.411,ALTA VULNERABILIDADE,False,False,CADASTRO RESERVA,0,ALTA VULNERABILIDADE,FAIXA 1,20000,0.326,False,,False,,False,,False,,True,FAIXA 1,True
230160,CE,ASSARE,0.437,ALTA VULNERABILIDADE,False,False,CONFIRMAÇÃO DE VAGAS (ADERIDOS),2,ALTA VULNERABILIDADE,FAIXA 1,20000,0.387,False,,False,,False,,False,,False,,False
230170,CE,AURORA,0.412,ALTA VULNERABILIDADE,False,False,CADASTRO RESERVA,0,ALTA VULNERABILIDADE,FAIXA 1,20000,0.346,False,,False,,False,,False,,True,FAIXA 1,True
230180,CE,BAIXIO,0.345,MEDIA VULNERABILIDADE,False,False,CADASTRO RESERVA,0,MEDIA VULNERABILIDADE,FAIXA 2,15000,0.332,False,,False,,False,,False,,False,,False
230185,CE,BANABUIU,0.469,ALTA VULNERABILIDADE,False,False,CONFIRMAÇÃO DE VAGAS (ADERIDOS),1,ALTA VULNERABILIDADE,FAIXA 1,20000,0.402,False,,False,,False,,False,,False,,False
230190,CE,BARBALHA,0.345,MEDIA VULNERABILIDADE,False,False,CADASTRO RESERVA,0,MEDIA VULNERABILIDADE,FAIXA 2,15000,0.355,True,FAIXA 2,True,FAIXA 2,True,FAIXA 2,True,FAIXA 2,True,FAIXA 2,True
230195,CE,BARREIRA,0.507,MUITO ALTA VULNERABILIDADE,False,False,CONFIRMAÇÃO DE VAGAS (ADERIDOS),1,MUITO ALTA VULNERABILIDADE,FAIXA 1,20000,0.389,False,,False,,False,,False,,False,,False
230200,CE,BARRO,0.389,MEDIA VULNERABILIDADE,False,False,CADASTRO RESERVA,0,MEDIA VULNERABILIDADE,FAIXA 2,15000,0.402,False,,False,,False,,False,,False,,False
230205,CE,BARROQUINHA,0.527,MUITO ALTA VULNERABILIDADE,False,False,CONFIRMAÇÃO DE VAGAS (ADERIDOS),1,MUITO ALTA VULNERABILIDADE,FAIXA 1,20000,0.461,False,,False,,False,,False,,False,,False
230210,CE,BATURITE,0.421,ALTA VULNERABILIDADE,False,False,CADASTRO RESERVA,0,ALTA VULNERABILIDADE,FAIXA 1,20000,0.363,False,,False,,False,,False,,True,FAIXA 1,True
230220,CE,BEBERIBE,0.456,ALTA VULNERABILIDADE,False,False,CONFIRMAÇÃO DE VAGAS (ADERIDOS),1,ALTA VULNERABILIDADE,FAIXA 1,20000,0.369,False,,False,,False,,False,,True,FAIXA 1,True
230230,CE,BELA CRUZ,0.520,MUITO ALTA VULNERABILIDADE,False,False,CADASTRO RESERVA,0,MUITO ALTA VULNERABILIDADE,FAIXA 1,20000,0.486,False,,False,,False,,False,,False,,False
230240,CE,BOA VIAGEM,0.496,ALTA VULNERABILIDADE,False,False,CADASTRO RESERVA,0,ALTA VULNERABILIDADE,FAIXA 1,20000,0.461,False,,False,,False,,False,,True,FAIXA 1,True
230250,CE,BREJO SANTO,0.383,MEDIA VULNERABILIDADE,False,False,CADASTRO RESERVA,0,MEDIA VULNERABILIDADE,FAIXA 2,15000,0.374,True,FAIXA 2,True,FAIXA 2,True,FAIXA 2,True,FAIXA 2,True,FAIXA 2,True
230260,CE,CAMOCIM,0.438,ALTA VULNERABILIDADE,False,False,CADASTRO RESERVA,0,ALTA VULNERABILIDADE,FAIXA 1,20000,0.396,True,FAIXA 1,True,FAIXA 1,True,FAIXA 1,False,,False,,True
230270,CE,CAMPOS SALES,0.422,ALTA VULNERABILIDADE,False,False,CADASTRO RESERVA,0,ALTA VULNERABILIDADE,FAIXA 1,20000,0.390,False,,False,,False,,False,,False,,False
230280,CE,CANINDE,0.458,ALTA VULNERABILIDADE,False,False,CADASTRO RESERVA,0,ALTA VULNERABILIDADE,FAIXA 1,20000,0.392,True,FAIXA 1,True,FAIXA 1,True,FAIXA 1,False,,True,FAIXA 1,True
230290,CE,CAPISTRANO,0.551,MUITO ALTA VULNERABILIDADE,False,False,CONFIRMAÇÃO DE VAGAS (ADERIDOS),1,MUITO ALTA VULNERABILIDADE,FAIXA 1,20000,0.472,False,,False,,False,,False,,True,FAIXA 1,True
230300,CE,CARIDADE,0.542,MUITO ALTA VULNERABILIDADE,False,False,CADASTRO RESERVA,0,MUITO ALTA VULNERABILIDADE,FAIXA 1,20000,0.532,False,,False,,False,,False,,False,,False
230310,CE,CARIRE,0.434,ALTA VULNERABILIDADE,False,False,CADASTRO RESERVA,0,ALTA VULNERABILIDADE,FAIXA 1,20000,0.385,False,,False,,False,,False,,False,,False
230320,CE,CARIRIACU,0.484,ALTA VULNERABILIDADE,False,False,CADASTRO RESERVA,0,ALTA VULNERABILIDADE,FAIXA 1,20000,0.435,False,,False,,False,,False,,False,,False
230330,CE,CARIUS,0.373,MEDIA VULNERABILIDADE,False,False,CADASTRO RESERVA,0,MEDIA VULNERABILIDADE,FAIXA 2,15000,0.344,False,,False,,False,,False,,False,,False
230340,CE,CARNAUBAL,0.416,ALTA VULNERABILIDADE,False,False,CADASTRO RESERVA,0,ALTA VULNERABILIDADE,FAIXA 1,20000,0.398,False,,False,,False,,False,,False,,False
230350,CE,CASCAVEL,0.485,ALTA VULNERABILIDADE,False,False,CONFIRMAÇÃO DE VAGAS (ADERIDOS),2,ALTA VULNERABILIDADE,FAIXA 1,20000,0.456,False,,False,,False,,False,,True,FAIXA 1,True
230360,CE,CATARINA,0.475,ALTA VULNERABILIDADE,False,False,CADASTRO RESERVA,0,ALTA VULNERABILIDADE,FAIXA 1,20000,0.332,False,,False,,False,,False,,False,,False
230365,CE,CATUNDA,0.435,ALTA VULNERABILIDADE,False,False,CADASTRO RESERVA,0,ALTA VULNERABILIDADE,FAIXA 1,20000,0.374,False,,False,,False,,False,,False,,False
230370,CE,CAUCAIA,0.423,ALTA VULNERABILIDADE,False,False,CONFIRMAÇÃO DE VAGAS (ADERIDOS),1,ALTA VULNERABILIDADE,FAIXA 1,20000,0.415,True,FAIXA 1,False,,False,,False,,True,FAIXA 1,True
230380,CE,CEDRO,0.395,MEDIA VULNERABILIDADE,False,False,CADASTRO RESERVA,0,MEDIA VULNERABILIDADE,FAIXA 2,15000,0.387,False,,False,,False,,False,,True,FAIXA 2,True
230390,CE,CHAVAL,0.505,MUITO ALTA VULNERABILIDADE,False,False,CADASTRO RESERVA,0,MUITO ALTA VULNERABILIDADE,FAIXA 1,20000,0.436,False,,False,,False,,False,,False,,False
230393,CE,CHORO,0.581,MUITO ALTA VULNERABILIDADE,False,False,CADASTRO RESERVA,0,MUITO ALTA VULNERABILIDADE,FAIXA 1,20000,0.439,False,,False,,False,,False,,False,,False
230395,CE,CHOROZINHO,0.510,MUITO ALTA VULNERABILIDADE,False,False,CONFIRMAÇÃO DE VAGAS (ADERIDOS),1,MUITO ALTA VULNERABILIDADE,FAIXA 1,20000,0.451,False,,False,,False,,False,,False,,False
230400,CE,COREAU,0.505,MUITO ALTA VULNERABILIDADE,False,False,CONFIRMAÇÃO DE VAGAS (ADERIDOS),1,MUITO ALTA VULNERABILIDADE,FAIXA 1,20000,0.465,False,,False,,False,,False,,False,,False
230410,CE,CRATEUS,0.440,ALTA VULNERABILIDADE,False,False,CADASTRO RESERVA,0,ALTA VULNERABILIDADE,FAIXA 1,20000,0.433,True,FAIXA 1,True,FAIXA 1,True,FAIXA 1,True,FAIXA 1,True,FAIXA 1,True
230420,CE,CRATO,0.306,MEDIA VULNERABILIDADE,False,False,CADASTRO RESERVA,0,MEDIA VULNERABILIDADE,FAIXA 2,15000,0.318,True,FAIXA 2,True,FAIXA 2,True,FAIXA 2,True,FAIXA 2,False,,True
230423,CE,CROATA,0.459,ALTA VULNERABILIDADE,False,False,CONFIRMAÇÃO DE VAGAS (ADERIDOS),1,ALTA VULNERABILIDADE,FAIXA 1,20000,0.445,False,,False,,False,,False,,False,,False
230425,CE,CRUZ,0.407,ALTA VULNERABILIDADE,False,False,CONFIRMAÇÃO DE VAGAS (ADERIDOS),2,ALTA VULNERABILIDADE,FAIXA 1,20000,0.356,False,,False,,False,,False,,False,,False
230426,CE,DEPUTADO IRAPUAN PINHEIRO,0.424,ALTA VULNERABILIDADE,False,False,CADASTRO RESERVA,0,ALTA VULNERABILIDADE,FAIXA 1,20000,0.280,False,,False,,False,,False,,False,,False
230427,CE,ERERE,0.406,ALTA VULNERABILIDADE,False,False,CADASTRO RESERVA,0,ALTA VULNERABILIDADE,FAIXA 1,20000,0.357,False,,False,,False,,False,,False,,False
230428,CE,EUSEBIO,0.351,MEDIA VULNERABILIDADE,False,False,NÃO ELEGIVEL,0,MEDIA VULNERABILIDADE,FAIXA 2,15000,0.408,False,,False,,False,,False,,False,,False
230430,CE,FARIAS BRITO,0.392,MEDIA VULNERABILIDADE,False,False,CADASTRO RESERVA,0,MEDIA VULNERABILIDADE,FAIXA 2,15000,0.288,False,,False,,False,,False,,True,FAIXA 2,True
230435,CE,FORQUILHA,0.321,MEDIA VULNERABILIDADE,False,False,CADASTRO RESERVA,0,MEDIA VULNERABILIDADE,FAIXA 2,15000,0.353,False,,False,,False,,False,,False,,False
230440,CE,FORTALEZA,0.330,MEDIA VULNERABILIDADE,False,False,CONFIRMAÇÃO DE VAGAS (ADERIDOS),33,MEDIA VULNERABILIDADE,FAIXA 2,15000,0.345,False,,True,FAIXA 2,True,FAIXA 2,True,FAIXA 2,True,FAIXA 2,True
230445,CE,FORTIM,0.470,ALTA VULNERABILIDADE,False,False,CADASTRO RESERVA,0,ALTA VULNERABILIDADE,FAIXA 1,20000,0.391,False,,False,,False,,False,,False,,False
230450,CE,FRECHEIRINHA,0.430,ALTA VULNERABILIDADE,False,False,CADASTRO RESERVA,0,ALTA VULNERABILIDADE,FAIXA 1,20000,0.362,False,,False,,False,,False,,False,,False
230460,CE,GENERAL SAMPAIO,0.453,ALTA VULNERABILIDADE,False,False,CONFIRMAÇÃO DE VAGAS (ADERIDOS),1,ALTA VULNERABILIDADE,FAIXA 1,20000,0.368,False,,False,,False,,False,,False,,False
230465,CE,GRACA,0.460,ALTA VULNERABILIDADE,False,False,CADASTRO RESERVA,0,ALTA VULNERABILIDADE,FAIXA 1,20000,0.398,False,,False,,False,,False,,False,,False
230470,CE,GRANJA,0.582,MUITO ALTA VULNERABILIDADE,False,False,CADASTRO RESERVA,0,MUITO ALTA VULNERABILIDADE,FAIXA 1,20000,0.517,False,,False,,False,,False,,False,,False
230480,CE,GRANJEIRO,0.452,ALTA VULNERABILIDADE,False,False,CADASTRO RESERVA,0,ALTA VULNERABILIDADE,FAIXA 1,20000,0.265,False,,False,,False,,False,,False,,False
230490,CE,GROAIRAS,0.371,MEDIA VULNERABILIDADE,False,False,CADASTRO RESERVA,0,MEDIA VULNERABILIDADE,FAIXA 2,15000,0.380,False,,False,,False,,False,,False,,False
230495,CE,GUAIUBA,0.468,ALTA VULNERABILIDADE,False,False,CONFIRMAÇÃO DE VAGAS (ADERIDOS),1,ALTA VULNERABILIDADE,FAIXA 1,20000,0.407,False,,False,,False,,False,,False,,False
230500,CE,GUARACIABA DO NORTE,0.436,ALTA VULNERABILIDADE,False,False,CONFIRMAÇÃO DE VAGAS (ADERIDOS),1,ALTA VULNERABILIDADE,FAIXA 1,20000,0.418,False,,False,,False,,False,,False,,False
230510,CE,GUARAMIRANGA,0.384,MEDIA VULNERABILIDADE,False,False,CADASTRO RESERVA,0,MEDIA VULNERABILIDADE,FAIXA 2,15000,0.331,False,,False,,False,,False,,False,,False
230520,CE,HIDROLANDIA,0.400,MEDIA VULNERABILIDADE,False,False,CADASTRO RESERVA,0,MEDIA VULNERABILIDADE,FAIXA 2,15000,0.362,False,,False,,False,,False,,False,,False
230523,CE,HORIZONTE,0.365,MEDIA VULNERABILIDADE,False,False,CONFIRMAÇÃO DE VAGAS (ADERIDOS),1,MEDIA VULNERABILIDADE,FAIXA 2,15000,0.373,False,,False,,True,FAIXA 2,False,,True,FAIXA 2,True
230526,CE,IBARETAMA,0.523,MUITO ALTA VULNERABILIDADE,False,False,CONFIRMAÇÃO DE VAGAS (ADERIDOS),1,MUITO ALTA VULNERABILIDADE,FAIXA 1,20000,0.495,False,,False,,False,,False,,False,,False
230530,CE,IBIAPINA,0.383,MEDIA VULNERABILIDADE,False,False,CADASTRO RESERVA,0,MEDIA VULNERABILIDADE,FAIXA 2,15000,0.339,False,,False,,False,,False,,True,FAIXA 2,True
230533,CE,IBICUITINGA,0.452,ALTA VULNERABILIDADE,False,False,CADASTRO RESERVA,0,ALTA VULNERABILIDADE,FAIXA 1,20000,0.372,False,,False,,False,,False,,False,,False
230535,CE,ICAPUI,0.458,ALTA VULNERABILIDADE,False,False,CADASTRO RESERVA,0,ALTA VULNERABILIDADE,FAIXA 1,20000,0.377,False,,False,,False,,False,,False,,False
230540,CE,ICO,0.403,ALTA VULNERABILIDADE,False,False,CONFIRMAÇÃO DE VAGAS (ADERIDOS),1,ALTA VULNERABILIDADE,FAIXA 1,20000,0.368,True,FAIXA 1,True,FAIXA 1,True,FAIXA 1,True,FAIXA 1,True,FAIXA 1,True
230550,CE,IGUATU,0.331,MEDIA VULNERABILIDADE,False,False,CONFIRMAÇÃO DE VAGAS (ADERIDOS),1,MEDIA VULNERABILIDADE,FAIXA 2,15000,0.355,True,FAIXA 2,True,FAIXA 2,True,FAIXA 2,True,FAIXA 2,True,FAIXA 2,True
230560,CE,INDEPENDENCIA,0.466,ALTA VULNERABILIDADE,False,False,CADASTRO RESERVA,0,ALTA VULNERABILIDADE,FAIXA 1,20000,0.396,False,,False,,False,,False,,False,,False
230565,CE,IPAPORANGA,0.452,ALTA VULNERABILIDADE,False,False,CADASTRO RESERVA,0,ALTA VULNERABILIDADE,FAIXA 1,20000,0.377,False,,False,,False,,False,,True,FAIXA 1,True
230570,CE,IPAUMIRIM,0.390,MEDIA VULNERABILIDADE,False,False,CADASTRO RESERVA,0,MEDIA VULNERABILIDADE,FAIXA 2,15000,0.408,False,,False,,False,,False,,False,,False
230580,CE,IPU,0.431,ALTA VULNERABILIDADE,False,False,CONFIRMAÇÃO DE VAGAS (ADERIDOS),1,ALTA VULNERABILIDADE,FAIXA 1,20000,0.420,False,,False,,False,,False,,True,FAIXA 1,True
230590,CE,IPUEIRAS,0.451,ALTA VULNERABILIDADE,False,False,CADASTRO RESERVA,0,ALTA VULNERABILIDADE,FAIXA 1,20000,0.431,False,,False,,False,,False,,False,,False
230600,CE,IRACEMA,0.364,MEDIA VULNERABILIDADE,False,False,CADASTRO RESERVA,0,MEDIA VULNERABILIDADE,FAIXA 2,15000,0.333,False,,False,,False,,False,,False,,False
230610,CE,IRAUCUBA,0.502,MUITO ALTA VULNERABILIDADE,False,False,CONFIRMAÇÃO DE VAGAS (ADERIDOS),1,MUITO ALTA VULNERABILIDADE,FAIXA 1,20000,0.427,False,,False,,False,,False,,False,,False
230620,CE,ITAICABA,0.417,ALTA VULNERABILIDADE,False,False,CADASTRO RESERVA,0,ALTA VULNERABILIDADE,FAIXA 1,20000,0.343,False,,False,,False,,False,,False,,False
230625,CE,ITAITINGA,0.478,ALTA VULNERABILIDADE,False,False,CADASTRO RESERVA,0,ALTA VULNERABILIDADE,FAIXA 1,20000,0.472,False,,False,,False,,False,,False,,False
230630,CE,ITAPAGE,0.438,ALTA VULNERABILIDADE,False,False,CONFIRMAÇÃO DE VAGAS (ADERIDOS),1,ALTA VULNERABILIDADE,FAIXA 1,20000,0.405,False,,False,,False,,False,,True,FAIXA 1,True
230640,CE,ITAPIPOCA,0.449,ALTA VULNERABILIDADE,False,False,CONFIRMAÇÃO DE VAGAS (ADERIDOS),1,ALTA VULNERABILIDADE,FAIXA 1,20000,0.374,False,,False,,True,FAIXA 1,False,,True,FAIXA 1,True
230650,CE,ITAPIUNA,0.475,ALTA VULNERABILIDADE,False,False,CADASTRO RESERVA,0,ALTA VULNERABILIDADE,FAIXA 1,20000,0.371,False,,False,,False,,False,,False,,False
230655,CE,ITAREMA,0.519,MUITO ALTA VULNERABILIDADE,False,False,CONFIRMAÇÃO DE VAGAS (ADERIDOS),1,MUITO ALTA VULNERABILIDADE,FAIXA 1,20000,0.503,False,,False,,False,,False,,False,,False
230660,CE,ITATIRA,0.564,MUITO ALTA VULNERABILIDADE,False,False,CADASTRO RESERVA,0,MUITO ALTA VULNERABILIDADE,FAIXA 1,20000,0.564,False,,False,,False,,False,,False,,False
230670,CE,JAGUARETAMA,0.424,ALTA VULNERABILIDADE,False,False,CADASTRO RESERVA,0,ALTA VULNERABILIDADE,FAIXA 1,20000,0.323,False,,False,,False,,False,,False,,False
230680,CE,JAGUARIBARA,0.397,MEDIA VULNERABILIDADE,False,False,CONFIRMAÇÃO DE VAGAS (ADERIDOS),2,MEDIA VULNERABILIDADE,FAIXA 2,15000,0.422,False,,False,,False,,False,,False,,False
230690,CE,JAGUARIBE,0.425,ALTA VULNERABILIDADE,False,False,CONFIRMAÇÃO DE VAGAS (ADERIDOS),2,ALTA VULNERABILIDADE,FAIXA 1,20000,0.422,True,FAIXA 1,False,,True,FAIXA 1,False,,False,,True
230700,CE,JAGUARUANA,0.427,ALTA VULNERABILIDADE,False,False,CONFIRMAÇÃO DE VAGAS (ADERIDOS),3,ALTA VULNERABILIDADE,FAIXA 1,20000,0.330,False,,False,,False,,False,,False,,False
230710,CE,JARDIM,0.386,MEDIA VULNERABILIDADE,False,False,CADASTRO RESERVA,0,MEDIA VULNERABILIDADE,FAIXA 2,15000,0.378,False,,False,,False,,False,,False,,False
230720,CE,JATI,0.381,MEDIA VULNERABILIDADE,False,False,NÃO ELEGIVEL,0,MEDIA VULNERABILIDADE,FAIXA 2,15000,0.353,False,,False,,False,,False,,False,,False
230725,CE,JIJOCA DE JERICOACOARA,0.401,ALTA VULNERABILIDADE,False,False,CADASTRO RESERVA,0,ALTA VULNERABILIDADE,FAIXA 1,20000,0.320,False,,False,,False,,False,,False,,False
230730,CE,JUAZEIRO DO NORTE,0.312,MEDIA VULNERABILIDADE,False,False,CADASTRO RESERVA,0,MEDIA VULNERABILIDADE,FAIXA 2,15000,0.354,True,FAIXA 2,True,FAIXA 2,False,,False,,True,FAIXA 2,True
230740,CE,JUCAS,0.457,ALTA VULNERABILIDADE,False,False,CONFIRMAÇÃO DE VAGAS (ADERIDOS),1,ALTA VULNERABILIDADE,FAIXA 1,20000,0.372,False,,False,,False,,False,,False,,False
230750,CE,LAVRAS DA MANGABEIRA,0.421,ALTA VULNERABILIDADE,False,False,CADASTRO RESERVA,0,ALTA VULNERABILIDADE,FAIXA 1,20000,0.397,False,,False,,False,,False,,True,FAIXA 1,True
230760,CE,LIMOEIRO DO NORTE,0.302,MEDIA VULNERABILIDADE,False,False,CADASTRO RESERVA,0,MEDIA VULNERABILIDADE,FAIXA 2,15000,0.274,False,,True,FAIXA 2,True,FAIXA 2,False,,True,FAIXA 2,True
230763,CE,MADALENA,0.446,ALTA VULNERABILIDADE,False,False,CADASTRO RESERVA,0,ALTA VULNERABILIDADE,FAIXA 1,20000,0.444,False,,False,,False,,False,,True,FAIXA 1,True
230765,CE,MARACANAU,0.344,MEDIA VULNERABILIDADE,False,False,CONFIRMAÇÃO DE VAGAS (ADERIDOS),5,MEDIA VULNERABILIDADE,FAIXA 2,15000,0.340,True,FAIXA 2,True,FAIXA 2,True,FAIXA 2,True,FAIXA 2,True,FAIXA 2,True
230770,CE,MARANGUAPE,0.383,MEDIA VULNERABILIDADE,False,False,CONFIRMAÇÃO DE VAGAS (ADERIDOS),1,MEDIA VULNERABILIDADE,FAIXA 2,15000,0.337,False,,False,,False,,False,,True,FAIXA 2,True
230780,CE,MARCO,0.440,ALTA VULNERABILIDADE,False,False,CONFIRMAÇÃO DE VAGAS (ADERIDOS),1,ALTA VULNERABILIDADE,FAIXA 1,20000,0.452,False,,False,,False,,False,,False,,False
230790,CE,MARTINOPOLE,0.426,ALTA VULNERABILIDADE,False,False,CADASTRO RESERVA,0,ALTA VULNERABILIDADE,FAIXA 1,20000,0.403,False,,False,,False,,False,,False,,False
230800,CE,MASSAPE,0.435,ALTA VULNERABILIDADE,False,False,CONFIRMAÇÃO DE VAGAS (ADERIDOS),3,ALTA VULNERABILIDADE,FAIXA 1,20000,0.371,False,,False,,False,,False,,False,,False
230810,CE,MAURITI,0.432,ALTA VULNERABILIDADE,False,False,CADASTRO RESERVA,0,ALTA VULNERABILIDADE,FAIXA 1,20000,0.442,True,FAIXA 1,True,FAIXA 1,True,FAIXA 1,False,,True,FAIXA 1,True
230820,CE,MERUOCA,0.468,ALTA VULNERABILIDADE,False,False,CONFIRMAÇÃO DE VAGAS (ADERIDOS),1,ALTA VULNERABILIDADE,FAIXA 1,20000,0.412,False,,False,,False,,False,,False,,False
230830,CE,MILAGRES,0.433,ALTA VULNERABILIDADE,False,False,CONFIRMAÇÃO DE VAGAS (ADERIDOS),1,ALTA VULNERABILIDADE,FAIXA 1,20000,0.390,False,,False,,True,FAIXA 1,True,FAIXA 1,False,,True
230835,CE,MILHA,0.414,ALTA VULNERABILIDADE,False,False,CADASTRO RESERVA,0,ALTA VULNERABILIDADE,FAIXA 1,20000,0.428,False,,False,,False,,False,,False,,False
230837,CE,MIRAIMA,0.512,MUITO ALTA VULNERABILIDADE,False,False,CONFIRMAÇÃO DE VAGAS (ADERIDOS),1,MUITO ALTA VULNERABILIDADE,FAIXA 1,20000,0.437,False,,False,,False,,False,,False,,False
230840,CE,MISSAO VELHA,0.375,MEDIA VULNERABILIDADE,False,False,CADASTRO RESERVA,0,MEDIA VULNERABILIDADE,FAIXA 2,15000,0.376,False,,False,,True,FAIXA 2,True,FAIXA 2,False,,True
230850,CE,MOMBACA,0.503,MUITO ALTA VULNERABILIDADE,False,False,CADASTRO RESERVA,0,MUITO ALTA VULNERABILIDADE,FAIXA 1,20000,0.421,False,,False,,False,,False,,False,,False
230860,CE,MONSENHOR TABOSA,0.425,ALTA VULNERABILIDADE,False,False,CADASTRO RESERVA,0,ALTA VULNERABILIDADE,FAIXA 1,20000,0.424,False,,False,,False,,False,,False,,False
230870,CE,MORADA NOVA,0.450,ALTA VULNERABILIDADE,False,False,CONFIRMAÇÃO DE VAGAS (ADERIDOS),3,ALTA VULNERABILIDADE,FAIXA 1,20000,0.408,False,,False,,False,,False,,False,,False
230880,CE,MORAUJO,0.395,MEDIA VULNERABILIDADE,False,False,CADASTRO RESERVA,0,MEDIA VULNERABILIDADE,FAIXA 2,15000,0.392,False,,False,,False,,False,,False,,False
230890,CE,MORRINHOS,0.414,ALTA VULNERABILIDADE,False,False,CADASTRO RESERVA,0,ALTA VULNERABILIDADE,FAIXA 1,20000,0.436,False,,False,,False,,False,,False,,False
230900,CE,MUCAMBO,0.403,ALTA VULNERABILIDADE,False,False,CADASTRO RESERVA,0,ALTA VULNERABILIDADE,FAIXA 1,20000,0.375,False,,False,,False,,False,,False,,False
230910,CE,MULUNGU,0.413,ALTA VULNERABILIDADE,False,False,CADASTRO RESERVA,0,ALTA VULNERABILIDADE,FAIXA 1,20000,0.339,False,,False,,False,,False,,False,,False
230920,CE,NOVA OLINDA,0.421,ALTA VULNERABILIDADE,False,False,NÃO ELEGIVEL,0,ALTA VULNERABILIDADE,FAIXA 1,20000,0.400,False,,False,,False,,False,,False,,False
230930,CE,NOVA RUSSAS,0.387,MEDIA VULNERABILIDADE,False,False,CADASTRO RESERVA,0,MEDIA VULNERABILIDADE,FAIXA 2,15000,0.370,False,,False,,False,,False,,False,,False
230940,CE,NOVO ORIENTE,0.512,MUITO ALTA VULNERABILIDADE,False,False,CADASTRO RESERVA,0,MUITO ALTA VULNERABILIDADE,FAIXA 1,20000,0.464,False,,False,,False,,False,,False,,False
230945,CE,OCARA,0.520,MUITO ALTA VULNERABILIDADE,False,False,CADASTRO RESERVA,0,MUITO ALTA VULNERABILIDADE,FAIXA 1,20000,0.464,False,,False,,False,,False,,False,,False
230950,CE,OROS,0.384,MEDIA VULNERABILIDADE,False,False,CADASTRO RESERVA,0,MEDIA VULNERABILIDADE,FAIXA 2,15000,0.411,False,,False,,False,,False,,False,,False
230960,CE,PACAJUS,0.379,MEDIA VULNERABILIDADE,False,False,CONFIRMAÇÃO DE VAGAS (ADERIDOS),2,MEDIA VULNERABILIDADE,FAIXA 2,15000,0.374,False,,False,,False,,False,,True,FAIXA 2,True
230970,CE,PACATUBA,0.389,MEDIA VULNERABILIDADE,False,False,CONFIRMAÇÃO DE VAGAS (ADERIDOS),1,MEDIA VULNERABILIDADE,FAIXA 2,15000,0.404,False,,False,,False,,False,,False,,False
230980,CE,PACOTI,0.400,MEDIA VULNERABILIDADE,False,False,CONFIRMAÇÃO DE VAGAS (ADERIDOS),1,MEDIA VULNERABILIDADE,FAIXA 2,15000,0.342,False,,False,,False,,False,,False,,False
230990,CE,PACUJA,0.377,MEDIA VULNERABILIDADE,False,False,CADASTRO RESERVA,0,MEDIA VULNERABILIDADE,FAIXA 2,15000,0.352,False,,False,,False,,False,,False,,False
231000,CE,PALHANO,0.405,ALTA VULNERABILIDADE,False,False,CADASTRO RESERVA,0,ALTA VULNERABILIDADE,FAIXA 1,20000,0.497,False,,False,,False,,False,,False,,False
231010,CE,PALMACIA,0.515,MUITO ALTA VULNERABILIDADE,False,False,CADASTRO RESERVA,0,MUITO ALTA VULNERABILIDADE,FAIXA 1,20000,0.431,False,,False,,False,,False,,False,,False
231020,CE,PARACURU,0.424,ALTA VULNERABILIDADE,False,False,CONFIRMAÇÃO DE VAGAS (ADERIDOS),1,ALTA VULNERABILIDADE,FAIXA 1,20000,0.363,False,,False,,False,,False,,True,FAIXA 1,True
231025,CE,PARAIPABA,0.434,ALTA VULNERABILIDADE,False,False,CADASTRO RESERVA,0,ALTA VULNERABILIDADE,FAIXA 1,20000,0.381,False,,False,,False,,False,,True,FAIXA 1,True
231030,CE,PARAMBU,0.512,MUITO ALTA VULNERABILIDADE,False,False,CONFIRMAÇÃO DE VAGAS (ADERIDOS),1,MUITO ALTA VULNERABILIDADE,FAIXA 1,20000,0.443,False,,False,,False,,False,,True,FAIXA 1,True
231040,CE,PARAMOTI,0.487,ALTA VULNERABILIDADE,False,False,CADASTRO RESERVA,0,ALTA VULNERABILIDADE,FAIXA 1,20000,0.430,False,,False,,False,,False,,False,,False
231050,CE,PEDRA BRANCA,0.443,ALTA VULNERABILIDADE,False,False,CONFIRMAÇÃO DE VAGAS (ADERIDOS),2,ALTA VULNERABILIDADE,FAIXA 1,20000,0.427,False,,False,,False,,False,,False,,False
231060,CE,PENAFORTE,0.426,ALTA VULNERABILIDADE,False,False,CADASTRO RESERVA,0,ALTA VULNERABILIDADE,FAIXA 1,20000,0.461,False,,False,,False,,False,,False,,False
231070,CE,PENTECOSTE,0.448,ALTA VULNERABILIDADE,False,False,CADASTRO RESERVA,0,ALTA VULNERABILIDADE,FAIXA 1,20000,0.454,False,,False,,False,,False,,True,FAIXA 1,True
231080,CE,PEREIRO,0.456,ALTA VULNERABILIDADE,False,False,CADASTRO RESERVA,0,ALTA VULNERABILIDADE,FAIXA 1,20000,0.323,False,,False,,False,,False,,False,,False
231085,CE,PINDORETAMA,0.440,ALTA VULNERABILIDADE,False,False,CADASTRO RESERVA,0,ALTA VULNERABILIDADE,FAIXA 1,20000,0.416,False,,False,,False,,False,,False,,False
231090,CE,PIQUET CARNEIRO,0.485,ALTA VULNERABILIDADE,False,False,CONFIRMAÇÃO DE VAGAS (ADERIDOS),2,ALTA VULNERABILIDADE,FAIXA 1,20000,0.369,False,,False,,False,,False,,False,,False
231095,CE,PIRES FERREIRA,0.472,ALTA VULNERABILIDADE,False,False,CADASTRO RESERVA,0,ALTA VULNERABILIDADE,FAIXA 1,20000,0.459,False,,False,,False,,False,,False,,False
231100,CE,PORANGA,0.525,MUITO ALTA VULNERABILIDADE,False,False,CADASTRO RESERVA,0,MUITO ALTA VULNERABILIDADE,FAIXA 1,20000,0.526,False,,False,,False,,False,,False,,False
231110,CE,PORTEIRAS,0.428,ALTA VULNERABILIDADE,False,False,CADASTRO RESERVA,0,ALTA VULNERABILIDADE,FAIXA 1,20000,0.405,False,,False,,False,,False,,False,,False
231120,CE,POTENGI,0.538,MUITO ALTA VULNERABILIDADE,False,False,CONFIRMAÇÃO DE VAGAS (ADERIDOS),1,MUITO ALTA VULNERABILIDADE,FAIXA 1,20000,0.445,False,,False,,False,,False,,False,,False
231123,CE,POTIRETAMA,0.464,ALTA VULNERABILIDADE,False,False,CADASTRO RESERVA,0,ALTA VULNERABILIDADE,FAIXA 1,20000,0.366,False,,False,,False,,False,,False,,False
231126,CE,QUITERIANOPOLIS,0.483,ALTA VULNERABILIDADE,False,False,CONFIRMAÇÃO DE VAGAS (ADERIDOS),1,ALTA VULNERABILIDADE,FAIXA 1,20000,0.474,False,,False,,False,,False,,False,,False
231130,CE,QUIXADA,0.401,ALTA VULNERABILIDADE,False,False,CADASTRO RESERVA,0,ALTA VULNERABILIDADE,FAIXA 1,20000,0.381,True,FAIXA 1,True,FAIXA 1,True,FAIXA 1,False,,True,FAIXA 1,True
231135,CE,QUIXELO,0.389,MEDIA VULNERABILIDADE,False,False,CONFIRMAÇÃO DE VAGAS (ADERIDOS),1,MEDIA VULNERABILIDADE,FAIXA 2,15000,0.374,False,,False,,False,,False,,False,,False
231140,CE,QUIXERAMOBIM,0.391,MEDIA VULNERABILIDADE,False,False,CONFIRMAÇÃO DE VAGAS (ADERIDOS),2,MEDIA VULNERABILIDADE,FAIXA 2,15000,0.304,True,FAIXA 2,True,FAIXA 2,True,FAIXA 2,True,FAIXA 2,True,FAIXA 2,True
231150,CE,QUIXERE,0.390,MEDIA VULNERABILIDADE,False,False,CADASTRO RESERVA,0,MEDIA VULNERABILIDADE,FAIXA 2,15000,0.359,False,,False,,False,,False,,False,,False
231160,CE,REDENCAO,0.434,ALTA VULNERABILIDADE,False,False,CADASTRO RESERVA,0,ALTA VULNERABILIDADE,FAIXA 1,20000,0.393,False,,False,,False,,False,,True,FAIXA 1,True
231170,CE,RERIUTABA,0.436,ALTA VULNERABILIDADE,False,False,CONFIRMAÇÃO DE VAGAS (ADERIDOS),1,ALTA VULNERABILIDADE,FAIXA 1,20000,0.464,False,,False,,False,,False,,False,,False
231180,CE,RUSSAS,0.322,MEDIA VULNERABILIDADE,False,False,CONFIRMAÇÃO DE VAGAS (ADERIDOS),2,MEDIA VULNERABILIDADE,FAIXA 2,15000,0.288,True,FAIXA 2,True,FAIXA 2,False,,False,,False,,True
231190,CE,SABOEIRO,0.436,ALTA VULNERABILIDADE,False,False,CONFIRMAÇÃO DE VAGAS (ADERIDOS),1,ALTA VULNERABILIDADE,FAIXA 1,20000,0.373,False,,False,,False,,False,,False,,False
231195,CE,SALITRE,0.546,MUITO ALTA VULNERABILIDADE,False,False,CADASTRO RESERVA,0,MUITO ALTA VULNERABILIDADE,FAIXA 1,20000,0.509,False,,False,,False,,False,,False,,False
231200,CE,SANTANA DO ACARAU,0.505,MUITO ALTA VULNERABILIDADE,False,False,CADASTRO RESERVA,0,MUITO ALTA VULNERABILIDADE,FAIXA 1,20000,0.407,False,,False,,False,,False,,False,,False
231210,CE,SANTANA DO CARIRI,0.468,ALTA VULNERABILIDADE,False,False,CADASTRO RESERVA,0,ALTA VULNERABILIDADE,FAIXA 1,20000,0.448,False,,False,,False,,False,,False,,False
231220,CE,SANTA QUITERIA,0.451,ALTA VULNERABILIDADE,False,False,CONFIRMAÇÃO DE VAGAS (ADERIDOS),1,ALTA VULNERABILIDADE,FAIXA 1,20000,0.405,False,,False,,False,,False,,False,,False
231230,CE,SAO BENEDITO,0.400,MEDIA VULNERABILIDADE,False,False,CONFIRMAÇÃO DE VAGAS (ADERIDOS),1,MEDIA VULNERABILIDADE,FAIXA 2,15000,0.432,False,,False,,False,,False,,False,,False
231240,CE,SAO GONCALO DO AMARANTE,0.429,ALTA VULNERABILIDADE,False,False,CONFIRMAÇÃO DE VAGAS (ADERIDOS),3,ALTA VULNERABILIDADE,FAIXA 1,20000,0.399,False,,False,,True,FAIXA 1,False,,False,,True
231250,CE,SAO JOAO DO JAGUARIBE,0.273,BAIXA VULNERABILIDADE,False,False,NÃO ELEGIVEL,0,BAIXA VULNERABILIDADE,FAIXA 3,10000,0.255,False,,False,,False,,False,,False,,False
231260,CE,SAO LUIS DO CURU,0.479,ALTA VULNERABILIDADE,False,False,CADASTRO RESERVA,0,ALTA VULNERABILIDADE,FAIXA 1,20000,0.401,False,,False,,True,FAIXA 1,True,FAIXA 1,True,FAIXA 1,True
231270,CE,SENADOR POMPEU,0.434,ALTA VULNERABILIDADE,False,False,CADASTRO RESERVA,0,ALTA VULNERABILIDADE,FAIXA 1,20000,0.407,False,,False,,False,,False,,True,FAIXA 1,True
231280,CE,SENADOR SA,0.493,ALTA VULNERABILIDADE,False,False,CADASTRO RESERVA,0,ALTA VULNERABILIDADE,FAIXA 1,20000,0.488,False,,False,,False,,False,,False,,False
231290,CE,SOBRAL,0.286,BAIXA VULNERABILIDADE,False,False,CONFIRMAÇÃO DE VAGAS (ADERIDOS),5,BAIXA VULNERABILIDADE,FAIXA 3,10000,0.296,True,FAIXA 3,True,FAIXA 3,True,FAIXA 3,True,FAIXA 3,True,FAIXA 3,True
231300,CE,SOLONOPOLE,0.375,MEDIA VULNERABILIDADE,False,False,CADASTRO RESERVA,0,MEDIA VULNERABILIDADE,FAIXA 2,15000,0.307,False,,False,,False,,False,,False,,False
231310,CE,TABULEIRO DO NORTE,0.377,MEDIA VULNERABILIDADE,False,False,CADASTRO RESERVA,0,MEDIA VULNERABILIDADE,FAIXA 2,15000,0.302,False,,False,,False,,False,,True,FAIXA 2,True
231320,CE,TAMBORIL,0.486,ALTA VULNERABILIDADE,False,False,CONFIRMAÇÃO DE VAGAS (ADERIDOS),1,ALTA VULNERABILIDADE,FAIXA 1,20000,0.390,False,,False,,False,,False,,True,FAIXA 1,True
231325,CE,TARRAFAS,0.435,ALTA VULNERABILIDADE,False,False,CADASTRO RESERVA,0,ALTA VULNERABILIDADE,FAIXA 1,20000,0.400,False,,False,,False,,False,,False,,False
231330,CE,TAUA,0.440,ALTA VULNERABILIDADE,False,False,CADASTRO RESERVA,0,ALTA VULNERABILIDADE,FAIXA 1,20000,0.351,True,FAIXA 1,True,FAIXA 1,True,FAIXA 1,True,FAIXA 1,True,FAIXA 1,True
231335,CE,TEJUCUOCA,0.507,MUITO ALTA VULNERABILIDADE,False,False,CONFIRMAÇÃO DE VAGAS (ADERIDOS),2,MUITO ALTA VULNERABILIDADE,FAIXA 1,20000,0.359,False,,False,,False,,False,,False,,False
231340,CE,TIANGUA,0.378,MEDIA VULNERABILIDADE,False,False,CONFIRMAÇÃO DE VAGAS (ADERIDOS),1,MEDIA VULNERABILIDADE,FAIXA 2,15000,0.385,True,FAIXA 2,True,FAIXA 2,True,FAIXA 2,True,FAIXA 2,False,,True
231350,CE,TRAIRI,0.535,MUITO ALTA VULNERABILIDADE,False,False,CONFIRMAÇÃO DE VAGAS (ADERIDOS),4,MUITO ALTA VULNERABILIDADE,FAIXA 1,20000,0.455,False,,False,,False,,False,,False,,False
231355,CE,TURURU,0.512,MUITO ALTA VULNERABILIDADE,False,False,CADASTRO RESERVA,0,MUITO ALTA VULNERABILIDADE,FAIXA 1,20000,0.422,False,,False,,False,,False,,False,,False
231360,CE,UBAJARA,0.351,MEDIA VULNERABILIDADE,False,False,CADASTRO RESERVA,0,MEDIA VULNERABILIDADE,FAIXA 2,15000,0.347,False,,False,,False,,False,,False,,False
231370,CE,UMARI,0.467,ALTA VULNERABILIDADE,False,False,CADASTRO RESERVA,0,ALTA VULNERABILIDADE,FAIXA 1,20000,0.417,False,,False,,False,,False,,False,,False
231375,CE,UMIRIM,0.496,ALTA VULNERABILIDADE,False,False,CADASTRO RESERVA,0,ALTA VULNERABILIDADE,FAIXA 1,20000,0.416,False,,False,,False,,False,,False,,False
231380,CE,URUBURETAMA,0.459,ALTA VULNERABILIDADE,False,False,CADASTRO RESERVA,0,ALTA VULNERABILIDADE,FAIXA 1,20000,0.373,False,,False,,False,,False,,False,,False
231390,CE,URUOCA,0.482,ALTA VULNERABILIDADE,False,False,CONFIRMAÇÃO DE VAGAS (ADERIDOS),1,ALTA VULNERABILIDADE,FAIXA 1,20000,0.447,False,,False,,False,,False,,False,,False
231395,CE,VARJOTA,0.401,ALTA VULNERABILIDADE,False,False,CADASTRO RESERVA,0,ALTA VULNERABILIDADE,FAIXA 1,20000,0.407,False,,False,,False,,False,,False,,False
231400,CE,VARZEA ALEGRE,0.392,MEDIA VULNERABILIDADE,False,False,CONFIRMAÇÃO DE VAGAS (ADERIDOS),1,MEDIA VULNERABILIDADE,FAIXA 2,15000,0.420,False,,False,,False,,False,,True,FAIXA 2,True
231410,CE,VICOSA DO CEARA,0.497,ALTA VULNERABILIDADE,False,False,CONFIRMAÇÃO DE VAGAS (ADERIDOS),2,ALTA VULNERABILIDADE,FAIXA 1,20000,0.422,False,,False,,False,,False,,False,,False
240010,RN,ACARI,0.258,BAIXA VULNERABILIDADE,False,False,CADASTRO RESERVA,0,BAIXA VULNERABILIDADE,FAIXA 3,10000,0.283,False,,False,,False,,False,,False,,False
240020,RN,ACU,0.342,MEDIA VULNERABILIDADE,False,False,CONFIRMAÇÃO DE VAGAS (ADERIDOS),2,MEDIA VULNERABILIDADE,FAIXA 2,15000,0.311,True,FAIXA 2,True,FAIXA 2,True,FAIXA 2,True,FAIXA 2,True,FAIXA 2,True
240030,RN,AFONSO BEZERRA,0.446,ALTA VULNERABILIDADE,False,False,CONFIRMAÇÃO DE VAGAS (ADERIDOS),1,ALTA VULNERABILIDADE,FAIXA 1,20000,0.414,False,,False,,False,,False,,False,,False
240040,RN,AGUA NOVA,0.414,ALTA VULNERABILIDADE,False,False,CADASTRO RESERVA,0,ALTA VULNERABILIDADE,FAIXA 1,20000,0.473,False,,False,,False,,False,,False,,False
240050,RN,ALEXANDRIA,0.406,ALTA VULNERABILIDADE,False,False,CADASTRO RESERVA,0,ALTA VULNERABILIDADE,FAIXA 1,20000,0.381,True,FAIXA 1,True,FAIXA 1,False,,False,,True,FAIXA 1,True
240060,RN,ALMINO AFONSO,0.400,MEDIA VULNERABILIDADE,False,False,CADASTRO RESERVA,0,MEDIA VULNERABILIDADE,FAIXA 2,15000,0.334,True,FAIXA 2,True,FAIXA 2,True,FAIXA 2,False,,True,FAIXA 2,True
240070,RN,ALTO DO RODRIGUES,0.319,MEDIA VULNERABILIDADE,False,False,CADASTRO RESERVA,0,MEDIA VULNERABILIDADE,FAIXA 2,15000,0.291,False,,False,,False,,False,,False,,False
240080,RN,ANGICOS,0.441,ALTA VULNERABILIDADE,False,False,CADASTRO RESERVA,0,ALTA VULNERABILIDADE,FAIXA 1,20000,0.409,False,,False,,False,,False,,False,,False
240090,RN,ANTONIO MARTINS,0.465,ALTA VULNERABILIDADE,False,False,NÃO ELEGIVEL,0,ALTA VULNERABILIDADE,FAIXA 1,20000,0.473,False,,False,,False,,False,,False,,False
240100,RN,APODI,0.358,MEDIA VULNERABILIDADE,False,False,CADASTRO RESERVA,0,MEDIA VULNERABILIDADE,FAIXA 2,15000,0.290,False,,False,,True,FAIXA 2,False,,False,,True
240110,RN,AREIA BRANCA,0.318,MEDIA VULNERABILIDADE,False,False,CONFIRMAÇÃO DE VAGAS (ADERIDOS),1,MEDIA VULNERABILIDADE,FAIXA 2,15000,0.305,False,,False,,False,,False,,False,,False
240120,RN,ARES,0.481,ALTA VULNERABILIDADE,False,False,CADASTRO RESERVA,0,ALTA VULNERABILIDADE,FAIXA 1,20000,0.461,False,,False,,False,,False,,False,,False
240130,RN,AUGUSTO SEVERO,0.447,ALTA VULNERABILIDADE,False,False,NÃO ELEGIVEL,0,ALTA VULNERABILIDADE,FAIXA 1,20000,0.353,False,,False,,False,,False,,False,,False
240140,RN,BAIA FORMOSA,0.314,MEDIA VULNERABILIDADE,False,False,CADASTRO RESERVA,0,MEDIA VULNERABILIDADE,FAIXA 2,15000,0.323,False,,False,,False,,False,,False,,False
240145,RN,BARAUNA,0.461,ALTA VULNERABILIDADE,False,False,CONFIRMAÇÃO DE VAGAS (ADERIDOS),2,ALTA VULNERABILIDADE,FAIXA 1,20000,0.493,False,,False,,False,,False,,False,,False
240150,RN,BARCELONA,0.465,ALTA VULNERABILIDADE,False,False,CADASTRO RESERVA,0,ALTA VULNERABILIDADE,FAIXA 1,20000,0.401,False,,False,,False,,False,,False,,False
240160,RN,BENTO FERNANDES,0.445,ALTA VULNERABILIDADE,False,False,CADASTRO RESERVA,0,ALTA VULNERABILIDADE,FAIXA 1,20000,0.340,False,,False,,False,,False,,False,,False
240165,RN,BODO,0.427,ALTA VULNERABILIDADE,False,False,CADASTRO RESERVA,0,ALTA VULNERABILIDADE,FAIXA 1,20000,0.450,False,,False,,False,,False,,False,,False
240170,RN,BOM JESUS,0.436,ALTA VULNERABILIDADE,False,False,CADASTRO RESERVA,0,ALTA VULNERABILIDADE,FAIXA 1,20000,0.371,False,,False,,False,,False,,False,,False
240180,RN,BREJINHO,0.412,ALTA VULNERABILIDADE,False,False,CADASTRO RESERVA,0,ALTA VULNERABILIDADE,FAIXA 1,20000,0.391,False,,False,,False,,False,,False,,False
240185,RN,CAICARA DO NORTE,0.509,MUITO ALTA VULNERABILIDADE,False,False,CADASTRO RESERVA,0,MUITO ALTA VULNERABILIDADE,FAIXA 1,20000,0.410,False,,False,,False,,False,,False,,False
240190,RN,CAICARA DO RIO DO VENTO,0.409,ALTA VULNERABILIDADE,False,False,CADASTRO RESERVA,0,ALTA VULNERABILIDADE,FAIXA 1,20000,0.347,False,,False,,False,,False,,False,,False
240200,RN,CAICO,0.248,BAIXA VULNERABILIDADE,False,False,CADASTRO RESERVA,0,BAIXA VULNERABILIDADE,FAIXA 3,10000,0.265,True,FAIXA 3,True,FAIXA 3,True,FAIXA 3,True,FAIXA 3,True,FAIXA 3,True
240210,RN,CAMPO REDONDO,0.458,ALTA VULNERABILIDADE,False,False,CONFIRMAÇÃO DE VAGAS (ADERIDOS),1,ALTA VULNERABILIDADE,FAIXA 1,20000,0.335,False,,False,,False,,False,,False,,False
240220,RN,CANGUARETAMA,0.522,MUITO ALTA VULNERABILIDADE,False,False,CADASTRO RESERVA,0,MUITO ALTA VULNERABILIDADE,FAIXA 1,20000,0.520,False,,False,,False,,False,,False,,False
240230,RN,CARAUBAS,0.434,ALTA VULNERABILIDADE,False,False,CONFIRMAÇÃO DE VAGAS (ADERIDOS),1,ALTA VULNERABILIDADE,FAIXA 1,20000,0.371,False,,False,,False,,False,,False,,False
240240,RN,CARNAUBA DOS DANTAS,0.256,BAIXA VULNERABILIDADE,False,False,CADASTRO RESERVA,0,BAIXA VULNERABILIDADE,FAIXA 3,10000,0.337,False,,False,,False,,False,,True,FAIXA 3,True
240250,RN,CARNAUBAIS,0.502,MUITO ALTA VULNERABILIDADE,False,False,CADASTRO RESERVA,0,MUITO ALTA VULNERABILIDADE,FAIXA 1,20000,0.342,False,,False,,False,,False,,False,,False
240260,RN,CEARA-MIRIM,0.454,ALTA VULNERABILIDADE,False,False,CONFIRMAÇÃO DE VAGAS (ADERIDOS),1,ALTA VULNERABILIDADE,FAIXA 1,20000,0.442,True,FAIXA 1,True,FAIXA 1,False,,False,,False,,True
240270,RN,CERRO CORA,0.464,ALTA VULNERABILIDADE,False,False,CONFIRMAÇÃO DE VAGAS (ADERIDOS),2,ALTA VULNERABILIDADE,FAIXA 1,20000,0.504,False,,False,,False,,False,,True,FAIXA 1,True
240280,RN,CORONEL EZEQUIEL,0.464,ALTA VULNERABILIDADE,False,False,CONFIRMAÇÃO DE VAGAS (ADERIDOS),1,ALTA VULNERABILIDADE,FAIXA 1,20000,0.322,False,,False,,False,,False,,False,,False
240290,RN,CORONEL JOAO PESSOA,0.406,ALTA VULNERABILIDADE,False,False,CADASTRO RESERVA,0,ALTA VULNERABILIDADE,FAIXA 1,20000,0.479,False,,False,,False,,False,,False,,False
240300,RN,CRUZETA,0.312,MEDIA VULNERABILIDADE,False,False,CADASTRO RESERVA,0,MEDIA VULNERABILIDADE,FAIXA 2,15000,0.333,False,,False,,False,,False,,False,,False
240310,RN,CURRAIS NOVOS,0.294,BAIXA VULNERABILIDADE,False,False,CONFIRMAÇÃO DE VAGAS (ADERIDOS),1,BAIXA VULNERABILIDADE,FAIXA 3,10000,0.301,True,FAIXA 3,True,FAIXA 3,True,FAIXA 3,True,FAIXA 3,True,FAIXA 3,True
240320,RN,DOUTOR SEVERIANO,0.413,ALTA VULNERABILIDADE,False,False,CADASTRO RESERVA,0,ALTA VULNERABILIDADE,FAIXA 1,20000,0.365,False,,False,,False,,False,,True,FAIXA 1,True
240325,RN,PARNAMIRIM,0.247,BAIXA VULNERABILIDADE,False,False,CONFIRMAÇÃO DE VAGAS (ADERIDOS),1,BAIXA VULNERABILIDADE,FAIXA 3,10000,0.316,False,,True,FAIXA 3,True,FAIXA 3,True,FAIXA 3,True,FAIXA 3,True
240330,RN,ENCANTO,0.405,ALTA VULNERABILIDADE,False,False,NÃO ELEGIVEL,0,ALTA VULNERABILIDADE,FAIXA 1,20000,0.461,False,,False,,False,,False,,False,,False
240340,RN,EQUADOR,0.407,ALTA VULNERABILIDADE,False,False,CADASTRO RESERVA,0,ALTA VULNERABILIDADE,FAIXA 1,20000,0.405,False,,False,,False,,False,,True,FAIXA 1,True
240350,RN,ESPIRITO SANTO,0.553,MUITO ALTA VULNERABILIDADE,False,False,NÃO ELEGIVEL,0,MUITO ALTA VULNERABILIDADE,FAIXA 1,20000,0.517,False,,False,,False,,False,,False,,False
240360,RN,EXTREMOZ,0.428,ALTA VULNERABILIDADE,False,False,CADASTRO RESERVA,0,ALTA VULNERABILIDADE,FAIXA 1,20000,0.382,False,,False,,False,,False,,False,,False
240370,RN,FELIPE GUERRA,0.392,MEDIA VULNERABILIDADE,False,False,CADASTRO RESERVA,0,MEDIA VULNERABILIDADE,FAIXA 2,15000,0.320,False,,False,,False,,False,,False,,False
240375,RN,FERNANDO PEDROZA,0.438,ALTA VULNERABILIDADE,False,False,CADASTRO RESERVA,0,ALTA VULNERABILIDADE,FAIXA 1,20000,0.490,False,,False,,False,,False,,False,,False
240380,RN,FLORANIA,0.350,MEDIA VULNERABILIDADE,False,False,CADASTRO RESERVA,0,MEDIA VULNERABILIDADE,FAIXA 2,15000,0.335,False,,False,,False,,False,,False,,False
240390,RN,FRANCISCO DANTAS,0.373,MEDIA VULNERABILIDADE,False,False,CADASTRO RESERVA,0,MEDIA VULNERABILIDADE,FAIXA 2,15000,0.344,False,,False,,False,,False,,False,,False
240400,RN,FRUTUOSO GOMES,0.400,MEDIA VULNERABILIDADE,False,False,CADASTRO RESERVA,0,MEDIA VULNERABILIDADE,FAIXA 2,15000,0.362,False,,False,,False,,False,,True,FAIXA 2,True
240410,RN,GALINHOS,0.500,ALTA VULNERABILIDADE,False,False,CADASTRO RESERVA,0,ALTA VULNERABILIDADE,FAIXA 1,20000,0.375,False,,False,,False,,False,,False,,False
240420,RN,GOIANINHA,0.375,MEDIA VULNERABILIDADE,False,False,CADASTRO RESERVA,0,MEDIA VULNERABILIDADE,FAIXA 2,15000,0.412,False,,False,,False,,False,,False,,False
240430,RN,GOVERNADOR DIX-SEPT ROSADO,0.443,ALTA VULNERABILIDADE,False,False,NÃO ELEGIVEL,0,ALTA VULNERABILIDADE,FAIXA 1,20000,0.350,False,,False,,False,,False,,False,,False
240440,RN,GROSSOS,0.339,MEDIA VULNERABILIDADE,False,False,CONFIRMAÇÃO DE VAGAS (ADERIDOS),1,MEDIA VULNERABILIDADE,FAIXA 2,15000,0.310,False,,False,,False,,False,,False,,False
240450,RN,GUAMARE,0.419,ALTA VULNERABILIDADE,False,False,CONFIRMAÇÃO DE VAGAS (ADERIDOS),1,ALTA VULNERABILIDADE,FAIXA 1,20000,0.264,False,,False,,False,,False,,False,,False
240460,RN,IELMO MARINHO,0.536,MUITO ALTA VULNERABILIDADE,False,False,CADASTRO RESERVA,0,MUITO ALTA VULNERABILIDADE,FAIXA 1,20000,0.566,False,,False,,False,,False,,False,,False
240470,RN,IPANGUACU,0.386,MEDIA VULNERABILIDADE,False,False,CONFIRMAÇÃO DE VAGAS (ADERIDOS),1,MEDIA VULNERABILIDADE,FAIXA 2,15000,0.353,False,,False,,False,,False,,False,,False
240480,RN,IPUEIRA,0.244,BAIXA VULNERABILIDADE,False,False,NÃO ELEGIVEL,0,BAIXA VULNERABILIDADE,FAIXA 3,10000,0.250,False,,False,,False,,False,,False,,False
240485,RN,ITAJA,0.311,MEDIA VULNERABILIDADE,False,False,CADASTRO RESERVA,0,MEDIA VULNERABILIDADE,FAIXA 2,15000,0.383,False,,False,,False,,False,,False,,False
240490,RN,ITAU,0.362,MEDIA VULNERABILIDADE,False,False,NÃO ELEGIVEL,0,MEDIA VULNERABILIDADE,FAIXA 2,15000,0.300,False,,False,,False,,False,,False,,False
240500,RN,JACANA,0.440,ALTA VULNERABILIDADE,False,False,CADASTRO RESERVA,0,ALTA VULNERABILIDADE,FAIXA 1,20000,0.538,False,,False,,False,,False,,False,,False
240510,RN,JANDAIRA,0.514,MUITO ALTA VULNERABILIDADE,False,False,CONFIRMAÇÃO DE VAGAS (ADERIDOS),1,MUITO ALTA VULNERABILIDADE,FAIXA 1,20000,0.471,False,,False,,False,,False,,False,,False
240520,RN,JANDUIS,0.418,ALTA VULNERABILIDADE,False,False,CADASTRO RESERVA,0,ALTA VULNERABILIDADE,FAIXA 1,20000,0.346,False,,False,,False,,False,,False,,False
240530,RN,JANUARIO CICCO,0.453,ALTA VULNERABILIDADE,False,False,CADASTRO RESERVA,0,ALTA VULNERABILIDADE,FAIXA 1,20000,0.345,False,,False,,False,,False,,False,,False
240540,RN,JAPI,0.504,MUITO ALTA VULNERABILIDADE,False,False,CADASTRO RESERVA,0,MUITO ALTA VULNERABILIDADE,FAIXA 1,20000,0.516,False,,False,,False,,False,,False,,False
240550,RN,JARDIM DE ANGICOS,0.497,ALTA VULNERABILIDADE,False,False,CADASTRO RESERVA,0,ALTA VULNERABILIDADE,FAIXA 1,20000,0.496,False,,False,,False,,False,,False,,False
240560,RN,JARDIM DE PIRANHAS,0.334,MEDIA VULNERABILIDADE,False,False,CONFIRMAÇÃO DE VAGAS (ADERIDOS),1,MEDIA VULNERABILIDADE,FAIXA 2,15000,0.329,False,,False,,False,,False,,True,FAIXA 2,True
240570,RN,JARDIM DO SERIDO,0.255,BAIXA VULNERABILIDADE,False,False,CADASTRO RESERVA,0,BAIXA VULNERABILIDADE,FAIXA 3,10000,0.245,False,,False,,False,,False,,False,,False
240580,RN,JOAO CAMARA,0.508,MUITO ALTA VULNERABILIDADE,False,False,CADASTRO RESERVA,0,MUITO ALTA VULNERABILIDADE,FAIXA 1,20000,0.485,True,FAIXA 1,True,FAIXA 1,False,,False,,False,,True
240590,RN,JOAO DIAS,0.518,MUITO ALTA VULNERABILIDADE,False,False,NÃO ELEGIVEL,0,MUITO ALTA VULNERABILIDADE,FAIXA 1,20000,0.480,False,,False,,False,,False,,False,,False
240600,RN,JOSE DA PENHA,0.390,MEDIA VULNERABILIDADE,False,False,CADASTRO RESERVA,0,MEDIA VULNERABILIDADE,FAIXA 2,15000,0.399,False,,False,,False,,False,,False,,False
240610,RN,JUCURUTU,0.377,MEDIA VULNERABILIDADE,False,False,CONFIRMAÇÃO DE VAGAS (ADERIDOS),1,MEDIA VULNERABILIDADE,FAIXA 2,15000,0.306,False,,False,,False,,False,,True,FAIXA 2,True
240615,RN,JUNDIA,0.395,MEDIA VULNERABILIDADE,False,False,NÃO ELEGIVEL,0,MEDIA VULNERABILIDADE,FAIXA 2,15000,0.368,False,,False,,False,,False,,False,,False
240620,RN,LAGOA D'ANTA,0.438,ALTA VULNERABILIDADE,False,False,CONFIRMAÇÃO DE VAGAS (ADERIDOS),1,ALTA VULNERABILIDADE,FAIXA 1,20000,0.385,False,,False,,False,,False,,False,,False
240630,RN,LAGOA DE PEDRAS,0.460,ALTA VULNERABILIDADE,False,False,CADASTRO RESERVA,0,ALTA VULNERABILIDADE,FAIXA 1,20000,0.319,False,,False,,False,,False,,False,,False
240640,RN,LAGOA DE VELHOS,0.321,MEDIA VULNERABILIDADE,False,False,CADASTRO RESERVA,0,MEDIA VULNERABILIDADE,FAIXA 2,15000,0.327,False,,False,,False,,False,,False,,False
240650,RN,LAGOA NOVA,0.421,ALTA VULNERABILIDADE,False,False,CADASTRO RESERVA,0,ALTA VULNERABILIDADE,FAIXA 1,20000,0.377,False,,False,,False,,False,,False,,False
240660,RN,LAGOA SALGADA,0.454,ALTA VULNERABILIDADE,False,False,CONFIRMAÇÃO DE VAGAS (ADERIDOS),1,ALTA VULNERABILIDADE,FAIXA 1,20000,0.379,False,,False,,False,,False,,False,,False
240670,RN,LAJES,0.446,ALTA VULNERABILIDADE,False,False,CADASTRO RESERVA,0,ALTA VULNERABILIDADE,FAIXA 1,20000,0.400,False,,False,,False,,False,,False,,False
240680,RN,LAJES PINTADAS,0.438,ALTA VULNERABILIDADE,False,False,NÃO ELEGIVEL,0,ALTA VULNERABILIDADE,FAIXA 1,20000,0.320,False,,False,,False,,False,,False,,False
240690,RN,LUCRECIA,0.306,MEDIA VULNERABILIDADE,False,False,CADASTRO RESERVA,0,MEDIA VULNERABILIDADE,FAIXA 2,15000,0.318,False,,False,,False,,False,,False,,False
240700,RN,LUIS GOMES,0.455,ALTA VULNERABILIDADE,False,False,CADASTRO RESERVA,0,ALTA VULNERABILIDADE,FAIXA 1,20000,0.385,False,,False,,False,,False,,False,,False
240710,RN,MACAIBA,0.419,ALTA VULNERABILIDADE,False,False,CONFIRMAÇÃO DE VAGAS (ADERIDOS),1,ALTA VULNERABILIDADE,FAIXA 1,20000,0.437,False,,False,,True,FAIXA 1,False,,True,FAIXA 1,True
240720,RN,MACAU,0.334,MEDIA VULNERABILIDADE,False,False,CADASTRO RESERVA,0,MEDIA VULNERABILIDADE,FAIXA 2,15000,0.297,False,,False,,False,,False,,False,,False
240725,RN,MAJOR SALES,0.385,MEDIA VULNERABILIDADE,False,False,NÃO ELEGIVEL,0,MEDIA VULNERABILIDADE,FAIXA 2,15000,0.387,False,,False,,False,,False,,False,,False
240730,RN,MARCELINO VIEIRA,0.387,MEDIA VULNERABILIDADE,False,False,CADASTRO RESERVA,0,MEDIA VULNERABILIDADE,FAIXA 2,15000,0.331,False,,False,,False,,False,,False,,False
240740,RN,MARTINS,0.401,ALTA VULNERABILIDADE,False,False,NÃO ELEGIVEL,0,ALTA VULNERABILIDADE,FAIXA 1,20000,0.411,False,,False,,False,,False,,False,,False
240750,RN,MAXARANGUAPE,0.430,ALTA VULNERABILIDADE,False,False,CONFIRMAÇÃO DE VAGAS (ADERIDOS),1,ALTA VULNERABILIDADE,FAIXA 1,20000,0.375,False,,False,,False,,False,,False,,False
240760,RN,MESSIAS TARGINO,0.363,MEDIA VULNERABILIDADE,False,False,NÃO ELEGIVEL,0,MEDIA VULNERABILIDADE,FAIXA 2,15000,0.324,False,,False,,False,,False,,False,,False
240770,RN,MONTANHAS,0.478,ALTA VULNERABILIDADE,False,False,CADASTRO RESERVA,0,ALTA VULNERABILIDADE,FAIXA 1,20000,0.447,False,,False,,False,,False,,False,,False
240780,RN,MONTE ALEGRE,0.399,MEDIA VULNERABILIDADE,False,False,CADASTRO RESERVA,0,MEDIA VULNERABILIDADE,FAIXA 2,15000,0.283,False,,False,,False,,False,,False,,False
240790,RN,MONTE DAS GAMELEIRAS,0.425,ALTA VULNERABILIDADE,False,False,CADASTRO RESERVA,0,ALTA VULNERABILIDADE,FAIXA 1,20000,0.276,False,,False,,False,,False,,False,,False
240800,RN,MOSSORO,0.254,BAIXA VULNERABILIDADE,False,False,CONFIRMAÇÃO DE VAGAS (ADERIDOS),1,BAIXA VULNERABILIDADE,FAIXA 3,10000,0.266,True,FAIXA 3,True,FAIXA 3,True,FAIXA 3,True,FAIXA 3,True,FAIXA 3,True
240810,RN,NATAL,0.292,BAIXA VULNERABILIDADE,False,False,CONFIRMAÇÃO DE VAGAS (ADERIDOS),3,BAIXA VULNERABILIDADE,FAIXA 3,10000,0.333,False,,True,FAIXA 3,True,FAIXA 3,True,FAIXA 3,True,FAIXA 3,True
240820,RN,NISIA FLORESTA,0.412,ALTA VULNERABILIDADE,False,False,CADASTRO RESERVA,0,ALTA VULNERABILIDADE,FAIXA 1,20000,0.315,False,,False,,False,,False,,False,,False
240830,RN,NOVA CRUZ,0.456,ALTA VULNERABILIDADE,False,False,CADASTRO RESERVA,0,ALTA VULNERABILIDADE,FAIXA 1,20000,0.425,False,,False,,True,FAIXA 1,True,FAIXA 1,False,,True
240840,RN,OLHO-D'AGUA DO BORGES,0.446,ALTA VULNERABILIDADE,False,False,CADASTRO RESERVA,0,ALTA VULNERABILIDADE,FAIXA 1,20000,0.420,False,,False,,False,,False,,False,,False
240850,RN,OURO BRANCO,0.305,MEDIA VULNERABILIDADE,False,False,NÃO ELEGIVEL,0,MEDIA VULNERABILIDADE,FAIXA 2,15000,0.284,False,,False,,False,,False,,False,,False
240860,RN,PARANA,0.425,ALTA VULNERABILIDADE,False,False,CADASTRO RESERVA,0,ALTA VULNERABILIDADE,FAIXA 1,20000,0.471,False,,False,,False,,False,,False,,False
240870,RN,PARAU,0.419,ALTA VULNERABILIDADE,False,False,CADASTRO RESERVA,0,ALTA VULNERABILIDADE,FAIXA 1,20000,0.378,False,,False,,False,,False,,False,,False
240880,RN,PARAZINHO,0.524,MUITO ALTA VULNERABILIDADE,False,False,CADASTRO RESERVA,0,MUITO ALTA VULNERABILIDADE,FAIXA 1,20000,0.479,False,,False,,False,,False,,True,FAIXA 1,True
240890,RN,PARELHAS,0.306,MEDIA VULNERABILIDADE,False,False,CADASTRO RESERVA,0,MEDIA VULNERABILIDADE,FAIXA 2,15000,0.309,False,,False,,False,,False,,False,,False
240895,RN,RIO DO FOGO,0.406,ALTA VULNERABILIDADE,False,False,CADASTRO RESERVA,0,ALTA VULNERABILIDADE,FAIXA 1,20000,0.433,False,,False,,False,,False,,False,,False
240910,RN,PASSA E FICA,0.414,ALTA VULNERABILIDADE,False,False,CADASTRO RESERVA,0,ALTA VULNERABILIDADE,FAIXA 1,20000,0.423,False,,False,,False,,False,,False,,False
240920,RN,PASSAGEM,0.481,ALTA VULNERABILIDADE,False,False,CADASTRO RESERVA,0,ALTA VULNERABILIDADE,FAIXA 1,20000,0.483,False,,False,,False,,False,,False,,False
240930,RN,PATU,0.404,ALTA VULNERABILIDADE,False,False,CADASTRO RESERVA,0,ALTA VULNERABILIDADE,FAIXA 1,20000,0.422,False,,False,,False,,False,,True,FAIXA 1,True
240933,RN,SANTA MARIA,0.480,ALTA VULNERABILIDADE,False,False,CADASTRO RESERVA,0,ALTA VULNERABILIDADE,FAIXA 1,20000,0.394,False,,False,,False,,False,,False,,False
240940,RN,PAU DOS FERROS,0.291,BAIXA VULNERABILIDADE,False,False,CONFIRMAÇÃO DE VAGAS (ADERIDOS),1,BAIXA VULNERABILIDADE,FAIXA 3,10000,0.360,False,,False,,True,FAIXA 3,True,FAIXA 3,True,FAIXA 3,True
240950,RN,PEDRA GRANDE,0.492,ALTA VULNERABILIDADE,False,False,CADASTRO RESERVA,0,ALTA VULNERABILIDADE,FAIXA 1,20000,0.313,False,,False,,False,,False,,False,,False
240960,RN,PEDRA PRETA,0.537,MUITO ALTA VULNERABILIDADE,False,False,CADASTRO RESERVA,0,MUITO ALTA VULNERABILIDADE,FAIXA 1,20000,0.590,False,,False,,False,,False,,False,,False
240970,RN,PEDRO AVELINO,0.470,ALTA VULNERABILIDADE,False,False,CONFIRMAÇÃO DE VAGAS (ADERIDOS),1,ALTA VULNERABILIDADE,FAIXA 1,20000,0.408,False,,False,,False,,False,,False,,False
240980,RN,PEDRO VELHO,0.512,MUITO ALTA VULNERABILIDADE,False,False,NÃO ELEGIVEL,0,MUITO ALTA VULNERABILIDADE,FAIXA 1,20000,0.397,False,,False,,False,,False,,False,,False
240990,RN,PENDENCIAS,0.387,MEDIA VULNERABILIDADE,False,False,CADASTRO RESERVA,0,MEDIA VULNERABILIDADE,FAIXA 2,15000,0.366,False,,False,,False,,False,,False,,False
241000,RN,PILOES,0.392,MEDIA VULNERABILIDADE,False,False,NÃO ELEGIVEL,0,MEDIA VULNERABILIDADE,FAIXA 2,15000,0.358,False,,False,,False,,False,,False,,False
241010,RN,POCO BRANCO,0.486,ALTA VULNERABILIDADE,False,False,CADASTRO RESERVA,0,ALTA VULNERABILIDADE,FAIXA 1,20000,0.437,False,,False,,False,,False,,True,FAIXA 1,True
241020,RN,PORTALEGRE,0.435,ALTA VULNERABILIDADE,False,False,CADASTRO RESERVA,0,ALTA VULNERABILIDADE,FAIXA 1,20000,0.374,False,,False,,False,,False,,False,,False
241025,RN,PORTO DO MANGUE,0.511,MUITO ALTA VULNERABILIDADE,False,False,CADASTRO RESERVA,0,MUITO ALTA VULNERABILIDADE,FAIXA 1,20000,0.440,False,,False,,False,,False,,False,,False
241030,RN,SERRA CAIADA,0.509,MUITO ALTA VULNERABILIDADE,False,False,CADASTRO RESERVA,0,MUITO ALTA VULNERABILIDADE,FAIXA 1,20000,0.452,False,,False,,False,,False,,False,,False
241040,RN,PUREZA,0.474,ALTA VULNERABILIDADE,False,False,CADASTRO RESERVA,0,ALTA VULNERABILIDADE,FAIXA 1,20000,0.361,False,,False,,True,FAIXA 1,False,,False,,True
241050,RN,RAFAEL FERNANDES,0.307,MEDIA VULNERABILIDADE,False,False,CADASTRO RESERVA,0,MEDIA VULNERABILIDADE,FAIXA 2,15000,0.374,False,,False,,False,,False,,False,,False
241060,RN,RAFAEL GODEIRO,0.442,ALTA VULNERABILIDADE,False,False,CADASTRO RESERVA,0,ALTA VULNERABILIDADE,FAIXA 1,20000,0.512,False,,False,,False,,False,,True,FAIXA 1,True
241070,RN,RIACHO DA CRUZ,0.448,ALTA VULNERABILIDADE,False,False,NÃO ELEGIVEL,0,ALTA VULNERABILIDADE,FAIXA 1,20000,0.390,False,,False,,False,,False,,False,,False
241080,RN,RIACHO DE SANTANA,0.399,MEDIA VULNERABILIDADE,False,False,CADASTRO RESERVA,0,MEDIA VULNERABILIDADE,FAIXA 2,15000,0.436,False,,False,,False,,False,,False,,False
241090,RN,RIACHUELO,0.459,ALTA VULNERABILIDADE,False,False,CADASTRO RESERVA,0,ALTA VULNERABILIDADE,FAIXA 1,20000,0.409,False,,False,,False,,False,,False,,False
241100,RN,RODOLFO FERNANDES,0.389,MEDIA VULNERABILIDADE,False,False,CADASTRO RESERVA,0,MEDIA VULNERABILIDADE,FAIXA 2,15000,0.380,False,,False,,False,,False,,False,,False
241105,RN,TIBAU,0.326,MEDIA VULNERABILIDADE,False,False,CADASTRO RESERVA,0,MEDIA VULNERABILIDADE,FAIXA 2,15000,0.288,False,,False,,False,,False,,False,,False
241110,RN,RUY BARBOSA,0.488,ALTA VULNERABILIDADE,False,False,CADASTRO RESERVA,0,ALTA VULNERABILIDADE,FAIXA 1,20000,0.290,False,,False,,False,,False,,False,,False
241120,RN,SANTA CRUZ,0.400,MEDIA VULNERABILIDADE,False,False,CADASTRO RESERVA,0,MEDIA VULNERABILIDADE,FAIXA 2,15000,0.425,True,FAIXA 2,True,FAIXA 2,True,FAIXA 2,False,,True,FAIXA 2,True
241140,RN,SANTANA DO MATOS,0.470,ALTA VULNERABILIDADE,False,False,CADASTRO RESERVA,0,ALTA VULNERABILIDADE,FAIXA 1,20000,0.361,False,,False,,False,,False,,False,,False
241142,RN,SANTANA DO SERIDO,0.296,BAIXA VULNERABILIDADE,False,False,NÃO ELEGIVEL,0,BAIXA VULNERABILIDADE,FAIXA 3,10000,0.278,False,,False,,False,,False,,False,,False
241150,RN,SANTO ANTONIO,0.443,ALTA VULNERABILIDADE,False,False,CADASTRO RESERVA,0,ALTA VULNERABILIDADE,FAIXA 1,20000,0.368,False,,False,,True,FAIXA 1,False,,False,,True
241160,RN,SAO BENTO DO NORTE,0.443,ALTA VULNERABILIDADE,False,False,NÃO ELEGIVEL,0,ALTA VULNERABILIDADE,FAIXA 1,20000,0.459,False,,False,,False,,False,,False,,False
241170,RN,SAO BENTO DO TRAIRI,0.417,ALTA VULNERABILIDADE,False,False,NÃO ELEGIVEL,0,ALTA VULNERABILIDADE,FAIXA 1,20000,0.262,False,,False,,False,,False,,False,,False
241180,RN,SAO FERNANDO,0.368,MEDIA VULNERABILIDADE,False,False,CADASTRO RESERVA,0,MEDIA VULNERABILIDADE,FAIXA 2,15000,0.374,False,,False,,False,,False,,False,,False
241190,RN,SAO FRANCISCO DO OESTE,0.359,MEDIA VULNERABILIDADE,False,False,CADASTRO RESERVA,0,MEDIA VULNERABILIDADE,FAIXA 2,15000,0.356,False,,False,,False,,False,,False,,False
241200,RN,SAO GONCALO DO AMARANTE,0.368,MEDIA VULNERABILIDADE,False,False,CADASTRO RESERVA,0,MEDIA VULNERABILIDADE,FAIXA 2,15000,0.349,False,,False,,False,,False,,False,,False
241210,RN,SAO JOAO DO SABUGI,0.320,MEDIA VULNERABILIDADE,False,False,CADASTRO RESERVA,0,MEDIA VULNERABILIDADE,FAIXA 2,15000,0.279,False,,False,,False,,False,,False,,False
241220,RN,SAO JOSE DE MIPIBU,0.446,ALTA VULNERABILIDADE,False,False,CADASTRO RESERVA,0,ALTA VULNERABILIDADE,FAIXA 1,20000,0.390,True,FAIXA 1,True,FAIXA 1,True,FAIXA 1,False,,False,,True
241230,RN,SAO JOSE DO CAMPESTRE,0.381,MEDIA VULNERABILIDADE,False,False,CADASTRO RESERVA,0,MEDIA VULNERABILIDADE,FAIXA 2,15000,0.391,False,,False,,False,,False,,False,,False
241240,RN,SAO JOSE DO SERIDO,0.254,BAIXA VULNERABILIDADE,False,False,CONFIRMAÇÃO DE VAGAS (ADERIDOS),1,BAIXA VULNERABILIDADE,FAIXA 3,10000,0.199,False,,False,,False,,False,,False,,False
241250,RN,SAO MIGUEL,0.437,ALTA VULNERABILIDADE,False,False,CADASTRO RESERVA,0,ALTA VULNERABILIDADE,FAIXA 1,20000,0.369,True,FAIXA 1,False,,False,,False,,False,,True
241255,RN,SAO MIGUEL DO GOSTOSO,0.517,MUITO ALTA VULNERABILIDADE,False,False,CADASTRO RESERVA,0,MUITO ALTA VULNERABILIDADE,FAIXA 1,20000,0.350,False,,False,,True,FAIXA 1,False,,False,,True
241260,RN,SAO PAULO DO POTENGI,0.415,ALTA VULNERABILIDADE,False,False,CADASTRO RESERVA,0,ALTA VULNERABILIDADE,FAIXA 1,20000,0.320,False,,False,,False,,False,,False,,False
241270,RN,SAO PEDRO,0.486,ALTA VULNERABILIDADE,False,False,CADASTRO RESERVA,0,ALTA VULNERABILIDADE,FAIXA 1,20000,0.362,False,,False,,False,,False,,False,,False
241280,RN,SAO RAFAEL,0.399,MEDIA VULNERABILIDADE,False,False,CADASTRO RESERVA,0,MEDIA VULNERABILIDADE,FAIXA 2,15000,0.356,False,,False,,False,,False,,False,,False
241290,RN,SAO TOME,0.455,ALTA VULNERABILIDADE,False,False,CADASTRO RESERVA,0,ALTA VULNERABILIDADE,FAIXA 1,20000,0.355,False,,False,,False,,False,,False,,False
241300,RN,SAO VICENTE,0.313,MEDIA VULNERABILIDADE,False,False,CADASTRO RESERVA,0,MEDIA VULNERABILIDADE,FAIXA 2,15000,0.344,False,,False,,False,,False,,False,,False
241310,RN,SENADOR ELOI DE SOUZA,0.511,MUITO ALTA VULNERABILIDADE,False,False,CONFIRMAÇÃO DE VAGAS (ADERIDOS),1,MUITO ALTA VULNERABILIDADE,FAIXA 1,20000,0.330,False,,False,,False,,False,,False,,False
241320,RN,SENADOR GEORGINO AVELINO,0.439,ALTA VULNERABILIDADE,False,False,CADASTRO RESERVA,0,ALTA VULNERABILIDADE,FAIXA 1,20000,0.474,False,,False,,False,,False,,False,,False
241330,RN,SERRA DE SAO BENTO,0.504,MUITO ALTA VULNERABILIDADE,False,False,CADASTRO RESERVA,0,MUITO ALTA VULNERABILIDADE,FAIXA 1,20000,0.523,False,,False,,False,,False,,False,,False
241335,RN,SERRA DO MEL,0.467,ALTA VULNERABILIDADE,False,False,CADASTRO RESERVA,0,ALTA VULNERABILIDADE,FAIXA 1,20000,0.436,False,,False,,False,,False,,False,,False
241340,RN,SERRA NEGRA DO NORTE,0.309,MEDIA VULNERABILIDADE,False,False,CADASTRO RESERVA,0,MEDIA VULNERABILIDADE,FAIXA 2,15000,0.287,False,,False,,False,,False,,False,,False
241350,RN,SERRINHA,0.482,ALTA VULNERABILIDADE,False,False,CADASTRO RESERVA,0,ALTA VULNERABILIDADE,FAIXA 1,20000,0.410,False,,False,,False,,False,,False,,False
241355,RN,SERRINHA DOS PINTOS,0.390,MEDIA VULNERABILIDADE,False,False,NÃO ELEGIVEL,0,MEDIA VULNERABILIDADE,FAIXA 2,15000,0.362,False,,False,,False,,False,,False,,False
241360,RN,SEVERIANO MELO,0.418,ALTA VULNERABILIDADE,False,False,NÃO ELEGIVEL,0,ALTA VULNERABILIDADE,FAIXA 1,20000,0.357,False,,False,,False,,False,,False,,False
241370,RN,SITIO NOVO,0.483,ALTA VULNERABILIDADE,False,False,NÃO ELEGIVEL,0,ALTA VULNERABILIDADE,FAIXA 1,20000,0.428,False,,False,,False,,False,,False,,False
241380,RN,TABOLEIRO GRANDE,0.381,MEDIA VULNERABILIDADE,False,False,CADASTRO RESERVA,0,MEDIA VULNERABILIDADE,FAIXA 2,15000,0.372,False,,False,,False,,False,,False,,False
241390,RN,TAIPU,0.490,ALTA VULNERABILIDADE,False,False,CADASTRO RESERVA,0,ALTA VULNERABILIDADE,FAIXA 1,20000,0.413,False,,False,,False,,False,,False,,False
241400,RN,TANGARA,0.395,MEDIA VULNERABILIDADE,False,False,CONFIRMAÇÃO DE VAGAS (ADERIDOS),1,MEDIA VULNERABILIDADE,FAIXA 2,15000,0.355,False,,False,,False,,False,,False,,False
241410,RN,TENENTE ANANIAS,0.422,ALTA VULNERABILIDADE,False,False,NÃO ELEGIVEL,0,ALTA VULNERABILIDADE,FAIXA 1,20000,0.423,False,,False,,True,FAIXA 1,False,,False,,True
241415,RN,TENENTE LAURENTINO CRUZ,0.386,MEDIA VULNERABILIDADE,False,False,NÃO ELEGIVEL,0,MEDIA VULNERABILIDADE,FAIXA 2,15000,0.388,False,,False,,False,,False,,False,,False
241420,RN,TIBAU DO SUL,0.344,MEDIA VULNERABILIDADE,False,False,NÃO ELEGIVEL,0,MEDIA VULNERABILIDADE,FAIXA 2,15000,0.303,False,,False,,False,,False,,False,,False
241430,RN,TIMBAUBA DOS BATISTAS,0.223,BAIXA VULNERABILIDADE,False,False,CADASTRO RESERVA,0,BAIXA VULNERABILIDADE,FAIXA 3,10000,0.261,False,,False,,False,,False,,False,,False
241440,RN,TOUROS,0.454,ALTA VULNERABILIDADE,False,False,CONFIRMAÇÃO DE VAGAS (ADERIDOS),2,ALTA VULNERABILIDADE,FAIXA 1,20000,0.290,False,,False,,False,,False,,False,,False
241445,RN,TRIUNFO POTIGUAR,0.417,ALTA VULNERABILIDADE,False,False,CONFIRMAÇÃO DE VAGAS (ADERIDOS),1,ALTA VULNERABILIDADE,FAIXA 1,20000,0.328,False,,False,,False,,False,,False,,False
241450,RN,UMARIZAL,0.430,ALTA VULNERABILIDADE,False,False,NÃO ELEGIVEL,0,ALTA VULNERABILIDADE,FAIXA 1,20000,0.419,False,,False,,False,,False,,True,FAIXA 1,True
241460,RN,UPANEMA,0.443,ALTA VULNERABILIDADE,False,False,NÃO ELEGIVEL,0,ALTA VULNERABILIDADE,FAIXA 1,20000,0.328,False,,False,,False,,False,,True,FAIXA 1,True
241470,RN,VARZEA,0.388,MEDIA VULNERABILIDADE,False,False,CADASTRO RESERVA,0,MEDIA VULNERABILIDADE,FAIXA 2,15000,0.344,False,,False,,False,,False,,False,,False
241475,RN,VENHA-VER,0.516,MUITO ALTA VULNERABILIDADE,False,False,CADASTRO RESERVA,0,MUITO ALTA VULNERABILIDADE,FAIXA 1,20000,0.565,False,,False,,False,,False,,False,,False
241480,RN,VERA CRUZ,0.362,MEDIA VULNERABILIDADE,False,False,CADASTRO RESERVA,0,MEDIA VULNERABILIDADE,FAIXA 2,15000,0.482,False,,False,,False,,False,,False,,False
241490,RN,VICOSA,0.353,MEDIA VULNERABILIDADE,False,False,NÃO ELEGIVEL,0,MEDIA VULNERABILIDADE,FAIXA 2,15000,0.332,False,,False,,False,,False,,False,,False
241500,RN,VILA FLOR,0.469,ALTA VULNERABILIDADE,False,False,CADASTRO RESERVA,0,ALTA VULNERABILIDADE,FAIXA 1,20000,0.435,False,,False,,False,,False,,False,,False
250010,PB,AGUA BRANCA,0.429,ALTA VULNERABILIDADE,False,False,CADASTRO RESERVA,0,ALTA VULNERABILIDADE,FAIXA 1,20000,0.295,False,,False,,False,,False,,False,,False
250020,PB,AGUIAR,0.397,MEDIA VULNERABILIDADE,False,False,CADASTRO RESERVA,0,MEDIA VULNERABILIDADE,FAIXA 2,15000,0.318,False,,False,,False,,False,,False,,False
250030,PB,ALAGOA GRANDE,0.523,MUITO ALTA VULNERABILIDADE,False,False,CONFIRMAÇÃO DE VAGAS (ADERIDOS),1,MUITO ALTA VULNERABILIDADE,FAIXA 1,20000,0.510,False,,False,,False,,False,,False,,False
250040,PB,ALAGOA NOVA,0.475,ALTA VULNERABILIDADE,False,False,CADASTRO RESERVA,0,ALTA VULNERABILIDADE,FAIXA 1,20000,0.362,False,,False,,False,,False,,False,,False
250050,PB,ALAGOINHA,0.456,ALTA VULNERABILIDADE,False,False,CADASTRO RESERVA,0,ALTA VULNERABILIDADE,FAIXA 1,20000,0.443,False,,False,,False,,False,,False,,False
250053,PB,ALCANTIL,0.508,MUITO ALTA VULNERABILIDADE,False,False,CADASTRO RESERVA,0,MUITO ALTA VULNERABILIDADE,FAIXA 1,20000,0.434,False,,False,,False,,False,,False,,False
250057,PB,ALGODAO DE JANDAIRA,0.467,ALTA VULNERABILIDADE,False,False,CADASTRO RESERVA,0,ALTA VULNERABILIDADE,FAIXA 1,20000,0.439,False,,False,,False,,False,,False,,False
250060,PB,ALHANDRA,0.445,ALTA VULNERABILIDADE,False,False,NÃO ELEGIVEL,0,ALTA VULNERABILIDADE,FAIXA 1,20000,0.496,False,,False,,False,,False,,False,,False
250070,PB,SAO JOAO DO RIO DO PEIXE,0.373,MEDIA VULNERABILIDADE,False,False,CADASTRO RESERVA,0,MEDIA VULNERABILIDADE,FAIXA 2,15000,0.361,False,,False,,False,,False,,True,FAIXA 2,True
250073,PB,AMPARO,0.476,ALTA VULNERABILIDADE,False,False,CADASTRO RESERVA,0,ALTA VULNERABILIDADE,FAIXA 1,20000,0.307,False,,False,,False,,False,,False,,False
250077,PB,APARECIDA,0.432,ALTA VULNERABILIDADE,False,False,NÃO ELEGIVEL,0,ALTA VULNERABILIDADE,FAIXA 1,20000,0.382,False,,False,,False,,False,,True,FAIXA 1,True
250080,PB,ARACAGI,0.536,MUITO ALTA VULNERABILIDADE,False,False,CADASTRO RESERVA,0,MUITO ALTA VULNERABILIDADE,FAIXA 1,20000,0.450,False,,False,,False,,False,,False,,False
250090,PB,ARARA,0.509,MUITO ALTA VULNERABILIDADE,False,False,CADASTRO RESERVA,0,MUITO ALTA VULNERABILIDADE,FAIXA 1,20000,0.420,False,,False,,False,,False,,False,,False
250100,PB,ARARUNA,0.511,MUITO ALTA VULNERABILIDADE,False,False,CADASTRO RESERVA,0,MUITO ALTA VULNERABILIDADE,FAIXA 1,20000,0.440,False,,False,,False,,False,,False,,False
250110,PB,AREIA,0.454,ALTA VULNERABILIDADE,False,False,CONFIRMAÇÃO DE VAGAS (ADERIDOS),1,ALTA VULNERABILIDADE,FAIXA 1,20000,0.384,False,,False,,False,,False,,False,,False
250115,PB,AREIA DE BARAUNAS,0.440,ALTA VULNERABILIDADE,False,False,NÃO ELEGIVEL,0,ALTA VULNERABILIDADE,FAIXA 1,20000,0.384,False,,False,,False,,False,,False,,False
250120,PB,AREIAL,0.445,ALTA VULNERABILIDADE,False,False,NOVA ADESÃO,1,ALTA VULNERABILIDADE,FAIXA 1,20000,0.406,False,,False,,False,,False,,False,,False
250130,PB,AROEIRAS,0.565,MUITO ALTA VULNERABILIDADE,False,False,CONFIRMAÇÃO DE VAGAS (ADERIDOS),1,MUITO ALTA VULNERABILIDADE,FAIXA 1,20000,0.517,False,,False,,False,,False,,False,,False
250135,PB,ASSUNCAO,0.458,ALTA VULNERABILIDADE,False,False,CADASTRO RESERVA,0,ALTA VULNERABILIDADE,FAIXA 1,20000,0.415,False,,False,,False,,False,,False,,False
250140,PB,BAIA DA TRAICAO,0.479,ALTA VULNERABILIDADE,False,False,CADASTRO RESERVA,0,ALTA VULNERABILIDADE,FAIXA 1,20000,0.406,False,,False,,False,,False,,False,,False
250150,PB,BANANEIRAS,0.520,MUITO ALTA VULNERABILIDADE,False,False,CADASTRO RESERVA,0,MUITO ALTA VULNERABILIDADE,FAIXA 1,20000,0.484,False,,False,,False,,False,,False,,False
250153,PB,BARAUNA,0.528,MUITO ALTA VULNERABILIDADE,False,False,CADASTRO RESERVA,0,MUITO ALTA VULNERABILIDADE,FAIXA 1,20000,0.486,False,,False,,False,,False,,False,,False
250157,PB,BARRA DE SANTANA,0.500,ALTA VULNERABILIDADE,False,False,NÃO ELEGIVEL,0,ALTA VULNERABILIDADE,FAIXA 1,20000,0.521,False,,False,,False,,False,,False,,False
250160,PB,BARRA DE SANTA ROSA,0.505,MUITO ALTA VULNERABILIDADE,False,False,CADASTRO RESERVA,0,MUITO ALTA VULNERABILIDADE,FAIXA 1,20000,0.389,False,,False,,False,,False,,False,,False
250170,PB,BARRA DE SAO MIGUEL,0.340,MEDIA VULNERABILIDADE,False,False,CADASTRO RESERVA,0,MEDIA VULNERABILIDADE,FAIXA 2,15000,0.394,False,,False,,False,,False,,False,,False
250180,PB,BAYEUX,0.405,ALTA VULNERABILIDADE,False,False,CADASTRO RESERVA,0,ALTA VULNERABILIDADE,FAIXA 1,20000,0.424,False,,False,,False,,False,,True,FAIXA 1,True
250190,PB,BELEM,0.447,ALTA VULNERABILIDADE,False,False,CADASTRO RESERVA,0,ALTA VULNERABILIDADE,FAIXA 1,20000,0.418,False,,False,,False,,False,,False,,False
250200,PB,BELEM DO BREJO DO CRUZ,0.408,ALTA VULNERABILIDADE,False,False,CADASTRO RESERVA,0,ALTA VULNERABILIDADE,FAIXA 1,20000,0.348,False,,False,,False,,False,,False,,False
250205,PB,BERNARDINO BATISTA,0.463,ALTA VULNERABILIDADE,False,False,CADASTRO RESERVA,0,ALTA VULNERABILIDADE,FAIXA 1,20000,0.477,False,,False,,False,,False,,False,,False
250210,PB,BOA VENTURA,0.400,MEDIA VULNERABILIDADE,False,False,CADASTRO RESERVA,0,MEDIA VULNERABILIDADE,FAIXA 2,15000,0.390,False,,False,,False,,False,,False,,False
250215,PB,BOA VISTA,0.356,MEDIA VULNERABILIDADE,False,False,NÃO ELEGIVEL,0,MEDIA VULNERABILIDADE,FAIXA 2,15000,0.284,False,,False,,False,,False,,False,,False
250220,PB,BOM JESUS,0.433,ALTA VULNERABILIDADE,False,False,NÃO ELEGIVEL,0,ALTA VULNERABILIDADE,FAIXA 1,20000,0.391,False,,False,,False,,False,,True,FAIXA 1,True
250230,PB,BOM SUCESSO,0.390,MEDIA VULNERABILIDADE,False,False,CADASTRO RESERVA,0,MEDIA VULNERABILIDADE,FAIXA 2,15000,0.408,False,,False,,False,,False,,False,,False
250240,PB,BONITO DE SANTA FE,0.363,MEDIA VULNERABILIDADE,False,False,CADASTRO RESERVA,0,MEDIA VULNERABILIDADE,FAIXA 2,15000,0.383,False,,False,,False,,False,,False,,False
250250,PB,BOQUEIRAO,0.413,ALTA VULNERABILIDADE,False,False,CONFIRMAÇÃO DE VAGAS (ADERIDOS),2,ALTA VULNERABILIDADE,FAIXA 1,20000,0.389,False,,False,,False,,False,,False,,False
250260,PB,IGARACY,0.373,MEDIA VULNERABILIDADE,False,False,CADASTRO RESERVA,0,MEDIA VULNERABILIDADE,FAIXA 2,15000,0.392,False,,False,,False,,False,,False,,False
250270,PB,BORBOREMA,0.425,ALTA VULNERABILIDADE,False,False,NÃO ELEGIVEL,0,ALTA VULNERABILIDADE,FAIXA 1,20000,0.329,False,,False,,False,,False,,False,,False
250280,PB,BREJO DO CRUZ,0.408,ALTA VULNERABILIDADE,False,False,CADASTRO RESERVA,0,ALTA VULNERABILIDADE,FAIXA 1,20000,0.373,False,,False,,False,,False,,True,FAIXA 1,True
250290,PB,BREJO DOS SANTOS,0.404,ALTA VULNERABILIDADE,False,False,CADASTRO RESERVA,0,ALTA VULNERABILIDADE,FAIXA 1,20000,0.404,False,,False,,False,,False,,False,,False
250300,PB,CAAPORA,0.423,ALTA VULNERABILIDADE,False,False,CADASTRO RESERVA,0,ALTA VULNERABILIDADE,FAIXA 1,20000,0.402,False,,False,,False,,False,,False,,False
250310,PB,CABACEIRAS,0.374,MEDIA VULNERABILIDADE,False,False,NÃO ELEGIVEL,0,MEDIA VULNERABILIDADE,FAIXA 2,15000,0.317,False,,False,,False,,False,,False,,False
250320,PB,CABEDELO,0.285,BAIXA VULNERABILIDADE,False,False,CADASTRO RESERVA,0,BAIXA VULNERABILIDADE,FAIXA 3,10000,0.335,False,,False,,False,,False,,True,FAIXA 3,True
250330,PB,CACHOEIRA DOS INDIOS,0.390,MEDIA VULNERABILIDADE,False,False,CADASTRO RESERVA,0,MEDIA VULNERABILIDADE,FAIXA 2,15000,0.409,False,,False,,False,,False,,False,,False
250340,PB,CACIMBA DE AREIA,0.438,ALTA VULNERABILIDADE,False,False,NÃO ELEGIVEL,0,ALTA VULNERABILIDADE,FAIXA 1,20000,0.317,False,,False,,False,,False,,False,,False
250350,PB,CACIMBA DE DENTRO,0.529,MUITO ALTA VULNERABILIDADE,False,False,CONFIRMAÇÃO DE VAGAS (ADERIDOS),1,MUITO ALTA VULNERABILIDADE,FAIXA 1,20000,0.454,False,,False,,False,,False,,False,,False
250355,PB,CACIMBAS,0.557,MUITO ALTA VULNERABILIDADE,False,False,CADASTRO RESERVA,0,MUITO ALTA VULNERABILIDADE,FAIXA 1,20000,0.398,False,,False,,False,,False,,False,,False
250360,PB,CAICARA,0.501,MUITO ALTA VULNERABILIDADE,False,False,CADASTRO RESERVA,0,MUITO ALTA VULNERABILIDADE,FAIXA 1,20000,0.484,False,,False,,False,,False,,False,,False
250370,PB,CAJAZEIRAS,0.296,BAIXA VULNERABILIDADE,False,False,CADASTRO RESERVA,0,BAIXA VULNERABILIDADE,FAIXA 3,10000,0.302,True,FAIXA 3,True,FAIXA 3,True,FAIXA 3,True,FAIXA 3,True,FAIXA 3,True
250375,PB,CAJAZEIRINHAS,0.346,MEDIA VULNERABILIDADE,False,False,CADASTRO RESERVA,0,MEDIA VULNERABILIDADE,FAIXA 2,15000,0.353,False,,False,,False,,False,,False,,False
250380,PB,CALDAS BRANDAO,0.434,ALTA VULNERABILIDADE,False,False,CONFIRMAÇÃO DE VAGAS (ADERIDOS),1,ALTA VULNERABILIDADE,FAIXA 1,20000,0.414,False,,False,,False,,False,,False,,False
250390,PB,CAMALAU,0.457,ALTA VULNERABILIDADE,False,False,CADASTRO RESERVA,0,ALTA VULNERABILIDADE,FAIXA 1,20000,0.328,False,,False,,False,,False,,False,,False
250400,PB,CAMPINA GRANDE,0.280,BAIXA VULNERABILIDADE,False,False,CONFIRMAÇÃO DE VAGAS (ADERIDOS),2,BAIXA VULNERABILIDADE,FAIXA 3,10000,0.309,False,,False,,True,FAIXA 3,True,FAIXA 3,True,FAIXA 3,True
250403,PB,CAPIM,0.627,MUITO ALTA VULNERABILIDADE,False,False,NÃO ELEGIVEL,0,MUITO ALTA VULNERABILIDADE,FAIXA 1,20000,0.593,False,,False,,False,,False,,False,,False
250407,PB,CARAUBAS,0.372,MEDIA VULNERABILIDADE,False,False,CADASTRO RESERVA,0,MEDIA VULNERABILIDADE,FAIXA 2,15000,0.340,False,,False,,False,,False,,False,,False
250410,PB,CARRAPATEIRA,0.355,MEDIA VULNERABILIDADE,False,False,CADASTRO RESERVA,0,MEDIA VULNERABILIDADE,FAIXA 2,15000,0.278,False,,False,,False,,False,,False,,False
250415,PB,CASSERENGUE,0.514,MUITO ALTA VULNERABILIDADE,False,False,CADASTRO RESERVA,0,MUITO ALTA VULNERABILIDADE,FAIXA 1,20000,0.454,False,,False,,False,,False,,False,,False
250420,PB,CATINGUEIRA,0.448,ALTA VULNERABILIDADE,False,False,NÃO ELEGIVEL,0,ALTA VULNERABILIDADE,FAIXA 1,20000,0.416,False,,False,,False,,False,,False,,False
250430,PB,CATOLE DO ROCHA,0.347,MEDIA VULNERABILIDADE,False,False,CADASTRO RESERVA,0,MEDIA VULNERABILIDADE,FAIXA 2,15000,0.335,False,,False,,True,FAIXA 2,False,,False,,True
250435,PB,CATURITE,0.387,MEDIA VULNERABILIDADE,False,False,CADASTRO RESERVA,0,MEDIA VULNERABILIDADE,FAIXA 2,15000,0.396,False,,False,,False,,False,,False,,False
250440,PB,CONCEICAO,0.420,ALTA VULNERABILIDADE,False,False,CADASTRO RESERVA,0,ALTA VULNERABILIDADE,FAIXA 1,20000,0.428,False,,False,,False,,False,,True,FAIXA 1,True
250450,PB,CONDADO,0.412,ALTA VULNERABILIDADE,False,False,CADASTRO RESERVA,0,ALTA VULNERABILIDADE,FAIXA 1,20000,0.415,False,,False,,False,,False,,False,,False
250460,PB,CONDE,0.475,ALTA VULNERABILIDADE,False,False,CADASTRO RESERVA,0,ALTA VULNERABILIDADE,FAIXA 1,20000,0.444,False,,False,,False,,False,,True,FAIXA 1,True
250470,PB,CONGO,0.420,ALTA VULNERABILIDADE,False,False,CADASTRO RESERVA,0,ALTA VULNERABILIDADE,FAIXA 1,20000,0.289,False,,False,,False,,False,,False,,False
250480,PB,COREMAS,0.442,ALTA VULNERABILIDADE,False,False,CADASTRO RESERVA,0,ALTA VULNERABILIDADE,FAIXA 1,20000,0.484,False,,False,,False,,False,,False,,False
250485,PB,COXIXOLA,0.335,MEDIA VULNERABILIDADE,False,False,NÃO ELEGIVEL,0,MEDIA VULNERABILIDADE,FAIXA 2,15000,0.356,False,,False,,False,,False,,False,,False
250490,PB,CRUZ DO ESPIRITO SANTO,0.518,MUITO ALTA VULNERABILIDADE,False,False,CONFIRMAÇÃO DE VAGAS (ADERIDOS),1,MUITO ALTA VULNERABILIDADE,FAIXA 1,20000,0.483,False,,False,,False,,False,,False,,False
250500,PB,CUBATI,0.553,MUITO ALTA VULNERABILIDADE,False,False,CADASTRO RESERVA,0,MUITO ALTA VULNERABILIDADE,FAIXA 1,20000,0.467,False,,False,,False,,False,,False,,False
250510,PB,CUITE,0.447,ALTA VULNERABILIDADE,False,False,CADASTRO RESERVA,0,ALTA VULNERABILIDADE,FAIXA 1,20000,0.424,False,,False,,True,FAIXA 1,False,,True,FAIXA 1,True
250520,PB,CUITEGI,0.485,ALTA VULNERABILIDADE,False,False,NÃO ELEGIVEL,0,ALTA VULNERABILIDADE,FAIXA 1,20000,0.487,False,,False,,False,,False,,False,,False
250523,PB,CUITE DE MAMANGUAPE,0.644,MUITO ALTA VULNERABILIDADE,False,False,NÃO ELEGIVEL,0,MUITO ALTA VULNERABILIDADE,FAIXA 1,20000,0.521,False,,False,,False,,False,,False,,False
250527,PB,CURRAL DE CIMA,0.526,MUITO ALTA VULNERABILIDADE,False,False,NÃO ELEGIVEL,0,MUITO ALTA VULNERABILIDADE,FAIXA 1,20000,0.531,False,,False,,False,,False,,False,,False
250530,PB,CURRAL VELHO,0.434,ALTA VULNERABILIDADE,False,False,NÃO ELEGIVEL,0,ALTA VULNERABILIDADE,FAIXA 1,20000,0.383,False,,False,,False,,False,,True,FAIXA 1,True
250535,PB,DAMIAO,0.560,MUITO ALTA VULNERABILIDADE,False,False,CADASTRO RESERVA,0,MUITO ALTA VULNERABILIDADE,FAIXA 1,20000,0.565,False,,False,,False,,False,,False,,False
250540,PB,DESTERRO,0.445,ALTA VULNERABILIDADE,False,False,CADASTRO RESERVA,0,ALTA VULNERABILIDADE,FAIXA 1,20000,0.356,False,,False,,False,,False,,False,,False
250550,PB,VISTA SERRANA,0.402,ALTA VULNERABILIDADE,False,False,CADASTRO RESERVA,0,ALTA VULNERABILIDADE,FAIXA 1,20000,0.382,False,,False,,False,,False,,False,,False
250560,PB,DIAMANTE,0.441,ALTA VULNERABILIDADE,False,False,NÃO ELEGIVEL,0,ALTA VULNERABILIDADE,FAIXA 1,20000,0.418,False,,False,,False,,False,,True,FAIXA 1,True
250570,PB,DONA INES,0.492,ALTA VULNERABILIDADE,False,False,NÃO ELEGIVEL,0,ALTA VULNERABILIDADE,FAIXA 1,20000,0.479,False,,False,,False,,False,,False,,False
250580,PB,DUAS ESTRADAS,0.479,ALTA VULNERABILIDADE,False,False,NÃO ELEGIVEL,0,ALTA VULNERABILIDADE,FAIXA 1,20000,0.447,False,,False,,False,,False,,False,,False
250590,PB,EMAS,0.360,MEDIA VULNERABILIDADE,False,False,NÃO ELEGIVEL,0,MEDIA VULNERABILIDADE,FAIXA 2,15000,0.373,False,,False,,False,,False,,False,,False
250600,PB,ESPERANCA,0.431,ALTA VULNERABILIDADE,False,False,NÃO ELEGIVEL,0,ALTA VULNERABILIDADE,FAIXA 1,20000,0.400,False,,False,,False,,False,,False,,False
250610,PB,FAGUNDES,0.583,MUITO ALTA VULNERABILIDADE,False,False,CADASTRO RESERVA,0,MUITO ALTA VULNERABILIDADE,FAIXA 1,20000,0.485,False,,False,,False,,False,,False,,False
250620,PB,FREI MARTINHO,0.334,MEDIA VULNERABILIDADE,False,False,CADASTRO RESERVA,0,MEDIA VULNERABILIDADE,FAIXA 2,15000,0.324,False,,False,,False,,False,,False,,False
250625,PB,GADO BRAVO,0.589,MUITO ALTA VULNERABILIDADE,False,False,CADASTRO RESERVA,0,MUITO ALTA VULNERABILIDADE,FAIXA 1,20000,0.563,False,,False,,False,,False,,False,,False
250630,PB,GUARABIRA,0.318,MEDIA VULNERABILIDADE,False,False,CONFIRMAÇÃO DE VAGAS (ADERIDOS),1,MEDIA VULNERABILIDADE,FAIXA 2,15000,0.325,False,,False,,True,FAIXA 2,True,FAIXA 2,False,,True
250640,PB,GURINHEM,0.549,MUITO ALTA VULNERABILIDADE,False,False,CADASTRO RESERVA,0,MUITO ALTA VULNERABILIDADE,FAIXA 1,20000,0.423,False,,False,,False,,False,,False,,False
250650,PB,GURJAO,0.382,MEDIA VULNERABILIDADE,False,False,CADASTRO RESERVA,0,MEDIA VULNERABILIDADE,FAIXA 2,15000,0.298,False,,False,,False,,False,,False,,False
250660,PB,IBIARA,0.463,ALTA VULNERABILIDADE,False,False,CADASTRO RESERVA,0,ALTA VULNERABILIDADE,FAIXA 1,20000,0.403,False,,False,,False,,False,,True,FAIXA 1,True
250670,PB,IMACULADA,0.461,ALTA VULNERABILIDADE,False,False,NÃO ELEGIVEL,0,ALTA VULNERABILIDADE,FAIXA 1,20000,0.408,False,,False,,False,,False,,False,,False
250680,PB,INGA,0.520,MUITO ALTA VULNERABILIDADE,False,False,CADASTRO RESERVA,0,MUITO ALTA VULNERABILIDADE,FAIXA 1,20000,0.491,False,,False,,False,,False,,False,,False
250690,PB,ITABAIANA,0.447,ALTA VULNERABILIDADE,False,False,NÃO ELEGIVEL,0,ALTA VULNERABILIDADE,FAIXA 1,20000,0.432,False,,False,,True,FAIXA 1,False,,False,,True
250700,PB,ITAPORANGA,0.369,MEDIA VULNERABILIDADE,False,False,CONFIRMAÇÃO DE VAGAS (ADERIDOS),1,MEDIA VULNERABILIDADE,FAIXA 2,15000,0.341,False,,False,,False,,False,,True,FAIXA 2,True
250710,PB,ITAPOROROCA,0.493,ALTA VULNERABILIDADE,False,False,CADASTRO RESERVA,0,ALTA VULNERABILIDADE,FAIXA 1,20000,0.461,False,,False,,False,,False,,False,,False
250720,PB,ITATUBA,0.529,MUITO ALTA VULNERABILIDADE,False,False,CONFIRMAÇÃO DE VAGAS (ADERIDOS),1,MUITO ALTA VULNERABILIDADE,FAIXA 1,20000,0.377,False,,False,,False,,False,,False,,False
250730,PB,JACARAU,0.513,MUITO ALTA VULNERABILIDADE,False,False,CONFIRMAÇÃO DE VAGAS (ADERIDOS),1,MUITO ALTA VULNERABILIDADE,FAIXA 1,20000,0.458,False,,False,,True,FAIXA 1,False,,True,FAIXA 1,True
250740,PB,JERICO,0.373,MEDIA VULNERABILIDADE,False,False,CONFIRMAÇÃO DE VAGAS (ADERIDOS),1,MEDIA VULNERABILIDADE,FAIXA 2,15000,0.384,False,,False,,False,,False,,False,,False
250750,PB,JOAO PESSOA,0.286,BAIXA VULNERABILIDADE,False,False,CONFIRMAÇÃO DE VAGAS (ADERIDOS),1,BAIXA VULNERABILIDADE,FAIXA 3,10000,0.333,False,,False,,True,FAIXA 3,True,FAIXA 3,True,FAIXA 3,True
250760,PB,JUAREZ TAVORA,0.460,ALTA VULNERABILIDADE,False,False,CADASTRO RESERVA,0,ALTA VULNERABILIDADE,FAIXA 1,20000,0.430,False,,False,,False,,False,,False,,False
250770,PB,JUAZEIRINHO,0.447,ALTA VULNERABILIDADE,False,False,CADASTRO RESERVA,0,ALTA VULNERABILIDADE,FAIXA 1,20000,0.390,False,,False,,False,,False,,False,,False
250780,PB,JUNCO DO SERIDO,0.410,ALTA VULNERABILIDADE,False,False,CADASTRO RESERVA,0,ALTA VULNERABILIDADE,FAIXA 1,20000,0.357,False,,False,,False,,False,,False,,False
250790,PB,JURIPIRANGA,0.538,MUITO ALTA VULNERABILIDADE,False,False,CADASTRO RESERVA,0,MUITO ALTA VULNERABILIDADE,FAIXA 1,20000,0.459,False,,False,,False,,False,,False,,False
250800,PB,JURU,0.455,ALTA VULNERABILIDADE,False,False,CADASTRO RESERVA,0,ALTA VULNERABILIDADE,FAIXA 1,20000,0.362,False,,False,,False,,False,,False,,False
250810,PB,LAGOA,0.504,MUITO ALTA VULNERABILIDADE,False,False,CADASTRO RESERVA,0,MUITO ALTA VULNERABILIDADE,FAIXA 1,20000,0.367,False,,False,,False,,False,,False,,False
250820,PB,LAGOA DE DENTRO,0.520,MUITO ALTA VULNERABILIDADE,False,False,CADASTRO RESERVA,0,MUITO ALTA VULNERABILIDADE,FAIXA 1,20000,0.474,False,,False,,False,,False,,False,,False
250830,PB,LAGOA SECA,0.415,ALTA VULNERABILIDADE,False,False,NÃO ELEGIVEL,0,ALTA VULNERABILIDADE,FAIXA 1,20000,0.316,False,,False,,False,,False,,False,,False
250840,PB,LASTRO,0.511,MUITO ALTA VULNERABILIDADE,False,False,CADASTRO RESERVA,0,MUITO ALTA VULNERABILIDADE,FAIXA 1,20000,0.454,False,,False,,False,,False,,True,FAIXA 1,True
250850,PB,LIVRAMENTO,0.497,ALTA VULNERABILIDADE,False,False,CADASTRO RESERVA,0,ALTA VULNERABILIDADE,FAIXA 1,20000,0.407,False,,False,,False,,False,,False,,False
250855,PB,LOGRADOURO,0.466,ALTA VULNERABILIDADE,False,False,NÃO ELEGIVEL,0,ALTA VULNERABILIDADE,FAIXA 1,20000,0.337,False,,False,,False,,False,,False,,False
250860,PB,LUCENA,0.468,ALTA VULNERABILIDADE,False,False,CADASTRO RESERVA,0,ALTA VULNERABILIDADE,FAIXA 1,20000,0.495,False,,False,,False,,False,,False,,False
250870,PB,MAE D'AGUA,0.445,ALTA VULNERABILIDADE,False,False,CADASTRO RESERVA,0,ALTA VULNERABILIDADE,FAIXA 1,20000,0.303,False,,False,,False,,False,,False,,False
250880,PB,MALTA,0.373,MEDIA VULNERABILIDADE,False,False,NÃO ELEGIVEL,0,MEDIA VULNERABILIDADE,FAIXA 2,15000,0.376,False,,False,,False,,False,,False,,False
250890,PB,MAMANGUAPE,0.462,ALTA VULNERABILIDADE,False,False,CADASTRO RESERVA,0,ALTA VULNERABILIDADE,FAIXA 1,20000,0.482,False,,False,,True,FAIXA 1,False,,False,,True
250900,PB,MANAIRA,0.513,MUITO ALTA VULNERABILIDADE,False,False,CADASTRO RESERVA,0,MUITO ALTA VULNERABILIDADE,FAIXA 1,20000,0.417,False,,False,,False,,False,,False,,False
250905,PB,MARCACAO,0.563,MUITO ALTA VULNERABILIDADE,False,False,CADASTRO RESERVA,0,MUITO ALTA VULNERABILIDADE,FAIXA 1,20000,0.515,False,,False,,False,,False,,False,,False
250910,PB,MARI,0.477,ALTA VULNERABILIDADE,False,False,NÃO ELEGIVEL,0,ALTA VULNERABILIDADE,FAIXA 1,20000,0.401,False,,False,,False,,False,,False,,False
250915,PB,MARIZOPOLIS,0.384,MEDIA VULNERABILIDADE,False,False,CADASTRO RESERVA,0,MEDIA VULNERABILIDADE,FAIXA 2,15000,0.426,False,,False,,False,,False,,False,,False
250920,PB,MASSARANDUBA,0.484,ALTA VULNERABILIDADE,False,False,NÃO ELEGIVEL,0,ALTA VULNERABILIDADE,FAIXA 1,20000,0.416,False,,False,,False,,False,,False,,False
250930,PB,MATARACA,0.468,ALTA VULNERABILIDADE,False,False,NÃO ELEGIVEL,0,ALTA VULNERABILIDADE,FAIXA 1,20000,0.516,False,,False,,False,,False,,False,,False
250933,PB,MATINHAS,0.499,ALTA VULNERABILIDADE,False,False,NÃO ELEGIVEL,0,ALTA VULNERABILIDADE,FAIXA 1,20000,0.504,False,,False,,False,,False,,False,,False
250937,PB,MATO GROSSO,0.386,MEDIA VULNERABILIDADE,False,False,NÃO ELEGIVEL,0,MEDIA VULNERABILIDADE,FAIXA 2,15000,0.432,False,,False,,False,,False,,False,,False
250939,PB,MATUREIA,0.463,ALTA VULNERABILIDADE,False,False,CADASTRO RESERVA,0,ALTA VULNERABILIDADE,FAIXA 1,20000,0.390,False,,False,,False,,False,,False,,False
250940,PB,MOGEIRO,0.574,MUITO ALTA VULNERABILIDADE,False,False,CADASTRO RESERVA,0,MUITO ALTA VULNERABILIDADE,FAIXA 1,20000,0.591,False,,False,,False,,False,,True,FAIXA 1,True
250950,PB,MONTADAS,0.492,ALTA VULNERABILIDADE,False,False,NÃO ELEGIVEL,0,ALTA VULNERABILIDADE,FAIXA 1,20000,0.436,False,,False,,False,,False,,False,,False
250960,PB,MONTE HOREBE,0.408,ALTA VULNERABILIDADE,False,False,NÃO ELEGIVEL,0,ALTA VULNERABILIDADE,FAIXA 1,20000,0.354,False,,False,,False,,False,,False,,False
250970,PB,MONTEIRO,0.384,MEDIA VULNERABILIDADE,False,False,CADASTRO RESERVA,0,MEDIA VULNERABILIDADE,FAIXA 2,15000,0.286,False,,False,,True,FAIXA 2,False,,True,FAIXA 2,True
250980,PB,MULUNGU,0.536,MUITO ALTA VULNERABILIDADE,False,False,CADASTRO RESERVA,0,MUITO ALTA VULNERABILIDADE,FAIXA 1,20000,0.594,False,,False,,False,,False,,False,,False
250990,PB,NATUBA,0.606,MUITO ALTA VULNERABILIDADE,False,False,CONFIRMAÇÃO DE VAGAS (ADERIDOS),1,MUITO ALTA VULNERABILIDADE,FAIXA 1,20000,0.460,False,,False,,False,,False,,False,,False
251000,PB,NAZAREZINHO,0.409,ALTA VULNERABILIDADE,False,False,NÃO ELEGIVEL,0,ALTA VULNERABILIDADE,FAIXA 1,20000,0.375,False,,False,,False,,False,,False,,False
251010,PB,NOVA FLORESTA,0.448,ALTA VULNERABILIDADE,False,False,NÃO ELEGIVEL,0,ALTA VULNERABILIDADE,FAIXA 1,20000,0.436,False,,False,,False,,False,,False,,False
251020,PB,NOVA OLINDA,0.414,ALTA VULNERABILIDADE,False,False,CADASTRO RESERVA,0,ALTA VULNERABILIDADE,FAIXA 1,20000,0.337,False,,False,,False,,False,,False,,False
251030,PB,NOVA PALMEIRA,0.401,ALTA VULNERABILIDADE,False,False,CADASTRO RESERVA,0,ALTA VULNERABILIDADE,FAIXA 1,20000,0.333,False,,False,,False,,False,,False,,False
251040,PB,OLHO D'AGUA,0.429,ALTA VULNERABILIDADE,False,False,CADASTRO RESERVA,0,ALTA VULNERABILIDADE,FAIXA 1,20000,0.467,False,,False,,False,,False,,False,,False
251050,PB,OLIVEDOS,0.414,ALTA VULNERABILIDADE,False,False,NÃO ELEGIVEL,0,ALTA VULNERABILIDADE,FAIXA 1,20000,0.320,False,,False,,False,,False,,False,,False
251060,PB,OURO VELHO,0.401,ALTA VULNERABILIDADE,False,False,NÃO ELEGIVEL,0,ALTA VULNERABILIDADE,FAIXA 1,20000,0.362,False,,False,,False,,False,,False,,False
251065,PB,PARARI,0.352,MEDIA VULNERABILIDADE,False,False,NÃO ELEGIVEL,0,MEDIA VULNERABILIDADE,FAIXA 2,15000,0.358,False,,False,,False,,False,,False,,False
251070,PB,PASSAGEM,0.406,ALTA VULNERABILIDADE,False,False,NÃO ELEGIVEL,0,ALTA VULNERABILIDADE,FAIXA 1,20000,0.365,False,,False,,False,,False,,False,,False
251080,PB,PATOS,0.291,BAIXA VULNERABILIDADE,False,False,CADASTRO RESERVA,0,BAIXA VULNERABILIDADE,FAIXA 3,10000,0.321,True,FAIXA 3,True,FAIXA 3,True,FAIXA 3,True,FAIXA 3,True,FAIXA 3,True
251090,PB,PAULISTA,0.401,ALTA VULNERABILIDADE,False,False,CADASTRO RESERVA,0,ALTA VULNERABILIDADE,FAIXA 1,20000,0.278,False,,False,,False,,False,,False,,False
251100,PB,PEDRA BRANCA,0.396,MEDIA VULNERABILIDADE,False,False,CADASTRO RESERVA,0,MEDIA VULNERABILIDADE,FAIXA 2,15000,0.360,False,,False,,False,,False,,True,FAIXA 2,True
251110,PB,PEDRA LAVRADA,0.455,ALTA VULNERABILIDADE,False,False,CADASTRO RESERVA,0,ALTA VULNERABILIDADE,FAIXA 1,20000,0.345,False,,False,,False,,False,,False,,False
251120,PB,PEDRAS DE FOGO,0.442,ALTA VULNERABILIDADE,False,False,NÃO ELEGIVEL,0,ALTA VULNERABILIDADE,FAIXA 1,20000,0.449,False,,False,,False,,False,,False,,False
251130,PB,PIANCO,0.419,ALTA VULNERABILIDADE,False,False,CADASTRO RESERVA,0,ALTA VULNERABILIDADE,FAIXA 1,20000,0.401,False,,False,,True,FAIXA 1,False,,True,FAIXA 1,True
251140,PB,PICUI,0.405,ALTA VULNERABILIDADE,False,False,CONFIRMAÇÃO DE VAGAS (ADERIDOS),1,ALTA VULNERABILIDADE,FAIXA 1,20000,0.355,False,,False,,True,FAIXA 1,True,FAIXA 1,True,FAIXA 1,True
251150,PB,PILAR,0.508,MUITO ALTA VULNERABILIDADE,False,False,CADASTRO RESERVA,0,MUITO ALTA VULNERABILIDADE,FAIXA 1,20000,0.431,False,,False,,False,,False,,False,,False
251160,PB,PILOES,0.521,MUITO ALTA VULNERABILIDADE,False,False,CADASTRO RESERVA,0,MUITO ALTA VULNERABILIDADE,FAIXA 1,20000,0.394,False,,False,,False,,False,,False,,False
251170,PB,PILOEZINHOS,0.417,ALTA VULNERABILIDADE,False,False,NÃO ELEGIVEL,0,ALTA VULNERABILIDADE,FAIXA 1,20000,0.360,False,,False,,False,,False,,False,,False
251180,PB,PIRPIRITUBA,0.446,ALTA VULNERABILIDADE,False,False,CADASTRO RESERVA,0,ALTA VULNERABILIDADE,FAIXA 1,20000,0.373,False,,False,,False,,False,,True,FAIXA 1,True
251190,PB,PITIMBU,0.538,MUITO ALTA VULNERABILIDADE,False,False,CADASTRO RESERVA,0,MUITO ALTA VULNERABILIDADE,FAIXA 1,20000,0.496,False,,False,,False,,False,,False,,False
251200,PB,POCINHOS,0.481,ALTA VULNERABILIDADE,False,False,CONFIRMAÇÃO DE VAGAS (ADERIDOS),1,ALTA VULNERABILIDADE,FAIXA 1,20000,0.467,False,,False,,False,,False,,True,FAIXA 1,True
251203,PB,POCO DANTAS,0.435,ALTA VULNERABILIDADE,False,False,CADASTRO RESERVA,0,ALTA VULNERABILIDADE,FAIXA 1,20000,0.456,False,,False,,False,,False,,True,FAIXA 1,True
251207,PB,POCO DE JOSE DE MOURA,0.321,MEDIA VULNERABILIDADE,False,False,CADASTRO RESERVA,0,MEDIA VULNERABILIDADE,FAIXA 2,15000,0.321,False,,False,,False,,False,,False,,False
251210,PB,POMBAL,0.364,MEDIA VULNERABILIDADE,False,False,CONFIRMAÇÃO DE VAGAS (ADERIDOS),1,MEDIA VULNERABILIDADE,FAIXA 2,15000,0.351,False,,False,,True,FAIXA 2,False,,False,,True
251220,PB,PRATA,0.385,MEDIA VULNERABILIDADE,False,False,CADASTRO RESERVA,0,MEDIA VULNERABILIDADE,FAIXA 2,15000,0.414,False,,False,,False,,False,,False,,False
251230,PB,PRINCESA ISABEL,0.370,MEDIA VULNERABILIDADE,False,False,CONFIRMAÇÃO DE VAGAS (ADERIDOS),1,MEDIA VULNERABILIDADE,FAIXA 2,15000,0.309,False,,False,,False,,False,,False,,False
251240,PB,PUXINANA,0.397,MEDIA VULNERABILIDADE,False,False,CADASTRO RESERVA,0,MEDIA VULNERABILIDADE,FAIXA 2,15000,0.414,False,,False,,False,,False,,False,,False
251250,PB,QUEIMADAS,0.391,MEDIA VULNERABILIDADE,False,False,NÃO ELEGIVEL,0,MEDIA VULNERABILIDADE,FAIXA 2,15000,0.358,False,,False,,True,FAIXA 2,False,,False,,True
251260,PB,QUIXABA,0.477,ALTA VULNERABILIDADE,False,False,NÃO ELEGIVEL,0,ALTA VULNERABILIDADE,FAIXA 1,20000,0.512,False,,False,,False,,False,,False,,False
251270,PB,REMIGIO,0.420,ALTA VULNERABILIDADE,False,False,CADASTRO RESERVA,0,ALTA VULNERABILIDADE,FAIXA 1,20000,0.358,False,,False,,False,,False,,True,FAIXA 1,True
251272,PB,PEDRO REGIS,0.568,MUITO ALTA VULNERABILIDADE,False,False,CADASTRO RESERVA,0,MUITO ALTA VULNERABILIDADE,FAIXA 1,20000,0.543,False,,False,,False,,False,,False,,False
251274,PB,RIACHAO,0.458,ALTA VULNERABILIDADE,False,False,CADASTRO RESERVA,0,ALTA VULNERABILIDADE,FAIXA 1,20000,0.411,False,,False,,False,,False,,False,,False
251275,PB,RIACHAO DO BACAMARTE,0.513,MUITO ALTA VULNERABILIDADE,False,False,CADASTRO RESERVA,0,MUITO ALTA VULNERABILIDADE,FAIXA 1,20000,0.469,False,,False,,False,,False,,False,,False
251276,PB,RIACHAO DO POCO,0.528,MUITO ALTA VULNERABILIDADE,False,False,CADASTRO RESERVA,0,MUITO ALTA VULNERABILIDADE,FAIXA 1,20000,0.566,False,,False,,False,,False,,False,,False
251278,PB,RIACHO DE SANTO ANTONIO,0.411,ALTA VULNERABILIDADE,False,False,CADASTRO RESERVA,0,ALTA VULNERABILIDADE,FAIXA 1,20000,0.343,False,,False,,False,,False,,False,,False
251280,PB,RIACHO DOS CAVALOS,0.446,ALTA VULNERABILIDADE,False,False,CADASTRO RESERVA,0,ALTA VULNERABILIDADE,FAIXA 1,20000,0.382,False,,False,,False,,False,,False,,False
251290,PB,RIO TINTO,0.505,MUITO ALTA VULNERABILIDADE,False,False,CONFIRMAÇÃO DE VAGAS (ADERIDOS),1,MUITO ALTA VULNERABILIDADE,FAIXA 1,20000,0.314,False,,False,,False,,False,,False,,False
251300,PB,SALGADINHO,0.552,MUITO ALTA VULNERABILIDADE,False,False,NÃO ELEGIVEL,0,MUITO ALTA VULNERABILIDADE,FAIXA 1,20000,0.577,False,,False,,False,,False,,False,,False
251310,PB,SALGADO DE SAO FELIX,0.522,MUITO ALTA VULNERABILIDADE,False,False,CADASTRO RESERVA,0,MUITO ALTA VULNERABILIDADE,FAIXA 1,20000,0.552,False,,False,,False,,False,,True,FAIXA 1,True
251315,PB,SANTA CECILIA,0.531,MUITO ALTA VULNERABILIDADE,False,False,CADASTRO RESERVA,0,MUITO ALTA VULNERABILIDADE,FAIXA 1,20000,0.416,False,,False,,False,,False,,False,,False
251320,PB,SANTA CRUZ,0.353,MEDIA VULNERABILIDADE,False,False,CADASTRO RESERVA,0,MEDIA VULNERABILIDADE,FAIXA 2,15000,0.272,False,,False,,False,,False,,True,FAIXA 2,True
251330,PB,SANTA HELENA,0.368,MEDIA VULNERABILIDADE,False,False,CADASTRO RESERVA,0,MEDIA VULNERABILIDADE,FAIXA 2,15000,0.356,False,,False,,False,,False,,False,,False
251335,PB,SANTA INES,0.478,ALTA VULNERABILIDADE,False,False,CADASTRO RESERVA,0,ALTA VULNERABILIDADE,FAIXA 1,20000,0.371,False,,False,,False,,False,,False,,False
251340,PB,SANTA LUZIA,0.355,MEDIA VULNERABILIDADE,False,False,NÃO ELEGIVEL,0,MEDIA VULNERABILIDADE,FAIXA 2,15000,0.352,False,,False,,False,,False,,True,FAIXA 2,True
251350,PB,SANTANA DE MANGUEIRA,0.484,ALTA VULNERABILIDADE,False,False,CADASTRO RESERVA,0,ALTA VULNERABILIDADE,FAIXA 1,20000,0.394,False,,False,,False,,False,,False,,False
251360,PB,SANTANA DOS GARROTES,0.497,ALTA VULNERABILIDADE,False,False,CADASTRO RESERVA,0,ALTA VULNERABILIDADE,FAIXA 1,20000,0.418,False,,False,,False,,False,,True,FAIXA 1,True
251365,PB,JOCA CLAUDINO,0.365,MEDIA VULNERABILIDADE,False,False,CADASTRO RESERVA,0,MEDIA VULNERABILIDADE,FAIXA 2,15000,0.350,False,,False,,False,,False,,False,,False
251370,PB,SANTA RITA,0.444,ALTA VULNERABILIDADE,False,False,CADASTRO RESERVA,0,ALTA VULNERABILIDADE,FAIXA 1,20000,0.462,False,,False,,True,FAIXA 1,True,FAIXA 1,True,FAIXA 1,True
251380,PB,SANTA TERESINHA,0.330,MEDIA VULNERABILIDADE,False,False,NÃO ELEGIVEL,0,MEDIA VULNERABILIDADE,FAIXA 2,15000,0.357,False,,False,,False,,False,,False,,False
251385,PB,SANTO ANDRE,0.495,ALTA VULNERABILIDADE,False,False,CADASTRO RESERVA,0,ALTA VULNERABILIDADE,FAIXA 1,20000,0.438,False,,False,,False,,False,,False,,False
251390,PB,SAO BENTO,0.357,MEDIA VULNERABILIDADE,False,False,CADASTRO RESERVA,0,MEDIA VULNERABILIDADE,FAIXA 2,15000,0.345,False,,False,,False,,False,,False,,False
251392,PB,SAO BENTINHO,0.373,MEDIA VULNERABILIDADE,False,False,CADASTRO RESERVA,0,MEDIA VULNERABILIDADE,FAIXA 2,15000,0.396,False,,False,,False,,False,,False,,False
251394,PB,SAO DOMINGOS DO CARIRI,0.410,ALTA VULNERABILIDADE,False,False,CADASTRO RESERVA,0,ALTA VULNERABILIDADE,FAIXA 1,20000,0.420,False,,False,,False,,False,,False,,False
251396,PB,SAO DOMINGOS,0.475,ALTA VULNERABILIDADE,False,False,NÃO ELEGIVEL,0,ALTA VULNERABILIDADE,FAIXA 1,20000,0.441,False,,False,,False,,False,,False,,False
251398,PB,SAO FRANCISCO,0.361,MEDIA VULNERABILIDADE,False,False,CADASTRO RESERVA,0,MEDIA VULNERABILIDADE,FAIXA 2,15000,0.375,False,,False,,True,FAIXA 2,False,,True,FAIXA 2,True
251400,PB,SAO JOAO DO CARIRI,0.338,MEDIA VULNERABILIDADE,False,False,NÃO ELEGIVEL,0,MEDIA VULNERABILIDADE,FAIXA 2,15000,0.333,False,,False,,False,,False,,False,,False
251410,PB,SAO JOAO DO TIGRE,0.507,MUITO ALTA VULNERABILIDADE,False,False,CADASTRO RESERVA,0,MUITO ALTA VULNERABILIDADE,FAIXA 1,20000,0.320,False,,False,,False,,False,,False,,False
251420,PB,SAO JOSE DA LAGOA TAPADA,0.499,ALTA VULNERABILIDADE,False,False,CADASTRO RESERVA,0,ALTA VULNERABILIDADE,FAIXA 1,20000,0.389,False,,False,,False,,False,,True,FAIXA 1,True
251430,PB,SAO JOSE DE CAIANA,0.391,MEDIA VULNERABILIDADE,False,False,NÃO ELEGIVEL,0,MEDIA VULNERABILIDADE,FAIXA 2,15000,0.413,False,,False,,False,,False,,True,FAIXA 2,True
251440,PB,SAO JOSE DE ESPINHARAS,0.414,ALTA VULNERABILIDADE,False,False,NÃO ELEGIVEL,0,ALTA VULNERABILIDADE,FAIXA 1,20000,0.406,False,,False,,False,,False,,False,,False
251445,PB,SAO JOSE DOS RAMOS,0.544,MUITO ALTA VULNERABILIDADE,False,False,NÃO ELEGIVEL,0,MUITO ALTA VULNERABILIDADE,FAIXA 1,20000,0.541,False,,False,,False,,False,,False,,False
251450,PB,SAO JOSE DE PIRANHAS,0.357,MEDIA VULNERABILIDADE,False,False,CADASTRO RESERVA,0,MEDIA VULNERABILIDADE,FAIXA 2,15000,0.332,False,,False,,False,,False,,False,,False
251455,PB,SAO JOSE DE PRINCESA,0.486,ALTA VULNERABILIDADE,False,False,CADASTRO RESERVA,0,ALTA VULNERABILIDADE,FAIXA 1,20000,0.522,False,,False,,False,,False,,False,,False
251460,PB,SAO JOSE DO BONFIM,0.446,ALTA VULNERABILIDADE,False,False,NÃO ELEGIVEL,0,ALTA VULNERABILIDADE,FAIXA 1,20000,0.486,False,,False,,False,,False,,False,,False
251465,PB,SAO JOSE DO BREJO DO CRUZ,0.493,ALTA VULNERABILIDADE,False,False,NÃO ELEGIVEL,0,ALTA VULNERABILIDADE,FAIXA 1,20000,0.459,False,,False,,False,,False,,False,,False
251470,PB,SAO JOSE DO SABUGI,0.280,BAIXA VULNERABILIDADE,False,False,CADASTRO RESERVA,0,BAIXA VULNERABILIDADE,FAIXA 3,10000,0.245,False,,False,,False,,False,,False,,False
251480,PB,SAO JOSE DOS CORDEIROS,0.435,ALTA VULNERABILIDADE,False,False,NÃO ELEGIVEL,0,ALTA VULNERABILIDADE,FAIXA 1,20000,0.330,False,,False,,False,,False,,False,,False
251490,PB,SAO MAMEDE,0.351,MEDIA VULNERABILIDADE,False,False,NÃO ELEGIVEL,0,MEDIA VULNERABILIDADE,FAIXA 2,15000,0.302,False,,False,,False,,False,,True,FAIXA 2,True
251500,PB,SAO MIGUEL DE TAIPU,0.551,MUITO ALTA VULNERABILIDADE,False,False,CADASTRO RESERVA,0,MUITO ALTA VULNERABILIDADE,FAIXA 1,20000,0.401,False,,False,,False,,False,,False,,False
251510,PB,SAO SEBASTIAO DE LAGOA DE ROCA,0.548,MUITO ALTA VULNERABILIDADE,False,False,NÃO ELEGIVEL,0,MUITO ALTA VULNERABILIDADE,FAIXA 1,20000,0.443,False,,False,,False,,False,,False,,False
251520,PB,SAO SEBASTIAO DO UMBUZEIRO,0.474,ALTA VULNERABILIDADE,False,False,CADASTRO RESERVA,0,ALTA VULNERABILIDADE,FAIXA 1,20000,0.377,False,,False,,False,,False,,False,,False
251530,PB,SAPE,0.513,MUITO ALTA VULNERABILIDADE,False,False,NÃO ELEGIVEL,0,MUITO ALTA VULNERABILIDADE,FAIXA 1,20000,0.482,False,,False,,False,,False,,False,,False
251540,PB,SAO VICENTE DO SERIDO,0.516,MUITO ALTA VULNERABILIDADE,False,False,CADASTRO RESERVA,0,MUITO ALTA VULNERABILIDADE,FAIXA 1,20000,0.400,False,,False,,False,,False,,False,,False
251550,PB,SERRA BRANCA,0.389,MEDIA VULNERABILIDADE,False,False,NÃO ELEGIVEL,0,MEDIA VULNERABILIDADE,FAIXA 2,15000,0.358,False,,False,,False,,False,,True,FAIXA 2,True
251560,PB,SERRA DA RAIZ,0.456,ALTA VULNERABILIDADE,False,False,CADASTRO RESERVA,0,ALTA VULNERABILIDADE,FAIXA 1,20000,0.427,False,,False,,False,,False,,False,,False
251570,PB,SERRA GRANDE,0.394,MEDIA VULNERABILIDADE,False,False,CADASTRO RESERVA,0,MEDIA VULNERABILIDADE,FAIXA 2,15000,0.393,False,,False,,False,,False,,True,FAIXA 2,True
251580,PB,SERRA REDONDA,0.507,MUITO ALTA VULNERABILIDADE,False,False,CADASTRO RESERVA,0,MUITO ALTA VULNERABILIDADE,FAIXA 1,20000,0.366,False,,False,,False,,False,,False,,False
251590,PB,SERRARIA,0.519,MUITO ALTA VULNERABILIDADE,False,False,CADASTRO RESERVA,0,MUITO ALTA VULNERABILIDADE,FAIXA 1,20000,0.418,False,,False,,False,,False,,False,,False
251593,PB,SERTAOZINHO,0.396,MEDIA VULNERABILIDADE,False,False,NÃO ELEGIVEL,0,MEDIA VULNERABILIDADE,FAIXA 2,15000,0.321,False,,False,,False,,False,,False,,False
251597,PB,SOBRADO,0.470,ALTA VULNERABILIDADE,False,False,NÃO ELEGIVEL,0,ALTA VULNERABILIDADE,FAIXA 1,20000,0.472,False,,False,,False,,False,,False,,False
251600,PB,SOLANEA,0.470,ALTA VULNERABILIDADE,False,False,CADASTRO RESERVA,0,ALTA VULNERABILIDADE,FAIXA 1,20000,0.393,False,,False,,False,,False,,False,,False
251610,PB,SOLEDADE,0.380,MEDIA VULNERABILIDADE,False,False,CADASTRO RESERVA,0,MEDIA VULNERABILIDADE,FAIXA 2,15000,0.352,False,,False,,False,,False,,False,,False
251615,PB,SOSSEGO,0.455,ALTA VULNERABILIDADE,False,False,CADASTRO RESERVA,0,ALTA VULNERABILIDADE,FAIXA 1,20000,0.421,False,,False,,False,,False,,False,,False
251620,PB,SOUSA,0.356,MEDIA VULNERABILIDADE,False,False,CADASTRO RESERVA,0,MEDIA VULNERABILIDADE,FAIXA 2,15000,0.412,True,FAIXA 2,True,FAIXA 2,True,FAIXA 2,True,FAIXA 2,True,FAIXA 2,True
251630,PB,SUME,0.390,MEDIA VULNERABILIDADE,False,False,CADASTRO RESERVA,0,MEDIA VULNERABILIDADE,FAIXA 2,15000,0.374,False,,False,,False,,False,,False,,False
251640,PB,TACIMA,0.516,MUITO ALTA VULNERABILIDADE,False,False,CADASTRO RESERVA,0,MUITO ALTA VULNERABILIDADE,FAIXA 1,20000,0.405,False,,False,,False,,False,,False,,False
251650,PB,TAPEROA,0.468,ALTA VULNERABILIDADE,False,False,CADASTRO RESERVA,0,ALTA VULNERABILIDADE,FAIXA 1,20000,0.467,False,,False,,False,,False,,False,,False
251660,PB,TAVARES,0.456,ALTA VULNERABILIDADE,False,False,NÃO ELEGIVEL,0,ALTA VULNERABILIDADE,FAIXA 1,20000,0.354,False,,False,,False,,False,,False,,False
251670,PB,TEIXEIRA,0.474,ALTA VULNERABILIDADE,False,False,CADASTRO RESERVA,0,ALTA VULNERABILIDADE,FAIXA 1,20000,0.423,False,,False,,False,,False,,False,,False
251675,PB,TENORIO,0.463,ALTA VULNERABILIDADE,False,False,CONFIRMAÇÃO DE VAGAS (ADERIDOS),1,ALTA VULNERABILIDADE,FAIXA 1,20000,0.397,False,,False,,False,,False,,False,,False
251680,PB,TRIUNFO,0.351,MEDIA VULNERABILIDADE,False,False,CADASTRO RESERVA,0,MEDIA VULNERABILIDADE,FAIXA 2,15000,0.312,False,,False,,False,,False,,False,,False
251690,PB,UIRAUNA,0.370,MEDIA VULNERABILIDADE,False,False,CONFIRMAÇÃO DE VAGAS (ADERIDOS),1,MEDIA VULNERABILIDADE,FAIXA 2,15000,0.322,False,,False,,False,,False,,False,,False
251700,PB,UMBUZEIRO,0.576,MUITO ALTA VULNERABILIDADE,False,False,CADASTRO RESERVA,0,MUITO ALTA VULNERABILIDADE,FAIXA 1,20000,0.502,False,,False,,False,,False,,False,,False
251710,PB,VARZEA,0.252,BAIXA VULNERABILIDADE,False,False,NÃO ELEGIVEL,0,BAIXA VULNERABILIDADE,FAIXA 3,10000,0.182,False,,False,,False,,False,,False,,False
251720,PB,VIEIROPOLIS,0.387,MEDIA VULNERABILIDADE,False,False,CADASTRO RESERVA,0,MEDIA VULNERABILIDADE,FAIXA 2,15000,0.439,False,,False,,False,,False,,False,,False
251740,PB,ZABELE,0.342,MEDIA VULNERABILIDADE,False,False,CADASTRO RESERVA,0,MEDIA VULNERABILIDADE,FAIXA 2,15000,0.313,False,,False,,False,,False,,False,,False
260005,PE,ABREU E LIMA,0.441,ALTA VULNERABILIDADE,False,False,CADASTRO RESERVA,0,ALTA VULNERABILIDADE,FAIXA 1,20000,0.430,False,,True,FAIXA 1,False,,False,,False,,True
260010,PE,AFOGADOS DA INGAZEIRA,0.406,ALTA VULNERABILIDADE,False,False,CONFIRMAÇÃO DE VAGAS (ADERIDOS),1,ALTA VULNERABILIDADE,FAIXA 1,20000,0.419,True,FAIXA 1,True,FAIXA 1,False,,False,,True,FAIXA 1,True
260020,PE,AFRANIO,0.474,ALTA VULNERABILIDADE,False,False,CADASTRO RESERVA,0,ALTA VULNERABILIDADE,FAIXA 1,20000,0.474,False,,False,,True,FAIXA 1,True,FAIXA 1,False,,True
260030,PE,AGRESTINA,0.435,ALTA VULNERABILIDADE,False,False,CADASTRO RESERVA,0,ALTA VULNERABILIDADE,FAIXA 1,20000,0.433,False,,False,,False,,False,,False,,False
260040,PE,AGUA PRETA,0.554,MUITO ALTA VULNERABILIDADE,False,False,CADASTRO RESERVA,0,MUITO ALTA VULNERABILIDADE,FAIXA 1,20000,0.447,False,,False,,False,,False,,False,,False
260050,PE,AGUAS BELAS,0.589,MUITO ALTA VULNERABILIDADE,False,False,CADASTRO RESERVA,0,MUITO ALTA VULNERABILIDADE,FAIXA 1,20000,0.510,False,,False,,False,,False,,False,,False
260060,PE,ALAGOINHA,0.486,ALTA VULNERABILIDADE,False,False,CADASTRO RESERVA,0,ALTA VULNERABILIDADE,FAIXA 1,20000,0.456,False,,False,,False,,False,,False,,False
260070,PE,ALIANCA,0.554,MUITO ALTA VULNERABILIDADE,False,False,CADASTRO RESERVA,0,MUITO ALTA VULNERABILIDADE,FAIXA 1,20000,0.493,False,,False,,False,,False,,False,,False
260080,PE,ALTINHO,0.476,ALTA VULNERABILIDADE,False,False,CADASTRO RESERVA,0,ALTA VULNERABILIDADE,FAIXA 1,20000,0.452,False,,False,,False,,False,,False,,False
260090,PE,AMARAJI,0.481,ALTA VULNERABILIDADE,False,False,CADASTRO RESERVA,0,ALTA VULNERABILIDADE,FAIXA 1,20000,0.499,False,,False,,False,,False,,False,,False
260100,PE,ANGELIM,0.506,MUITO ALTA VULNERABILIDADE,False,False,CADASTRO RESERVA,0,MUITO ALTA VULNERABILIDADE,FAIXA 1,20000,0.523,False,,False,,False,,False,,False,,False
260105,PE,ARACOIABA,0.655,MUITO ALTA VULNERABILIDADE,False,False,CADASTRO RESERVA,0,MUITO ALTA VULNERABILIDADE,FAIXA 1,20000,0.660,False,,False,,False,,False,,False,,False
260110,PE,ARARIPINA,0.439,ALTA VULNERABILIDADE,False,False,CADASTRO RESERVA,0,ALTA VULNERABILIDADE,FAIXA 1,20000,0.430,False,,False,,False,,False,,True,FAIXA 1,True
260120,PE,ARCOVERDE,0.355,MEDIA VULNERABILIDADE,False,False,CADASTRO RESERVA,0,MEDIA VULNERABILIDADE,FAIXA 2,15000,0.369,False,,False,,False,,False,,True,FAIXA 2,True
260130,PE,BARRA DE GUABIRABA,0.492,ALTA VULNERABILIDADE,False,False,CADASTRO RESERVA,0,ALTA VULNERABILIDADE,FAIXA 1,20000,0.521,False,,False,,False,,False,,False,,False
260140,PE,BARREIROS,0.558,MUITO ALTA VULNERABILIDADE,False,False,CADASTRO RESERVA,0,MUITO ALTA VULNERABILIDADE,FAIXA 1,20000,0.518,False,,False,,False,,False,,False,,False
260150,PE,BELEM DE MARIA,0.446,ALTA VULNERABILIDADE,False,False,CADASTRO RESERVA,0,ALTA VULNERABILIDADE,FAIXA 1,20000,0.431,False,,False,,False,,False,,False,,False
260160,PE,BELEM DE SAO FRANCISCO,0.360,MEDIA VULNERABILIDADE,False,False,CADASTRO RESERVA,0,MEDIA VULNERABILIDADE,FAIXA 2,15000,0.354,False,,False,,False,,False,,False,,False
260170,PE,BELO JARDIM,0.366,MEDIA VULNERABILIDADE,False,False,CONFIRMAÇÃO DE VAGAS (ADERIDOS),2,MEDIA VULNERABILIDADE,FAIXA 2,15000,0.370,False,,False,,False,,False,,True,FAIXA 2,True
260180,PE,BETANIA,0.519,MUITO ALTA VULNERABILIDADE,False,False,CONFIRMAÇÃO DE VAGAS (ADERIDOS),1,MUITO ALTA VULNERABILIDADE,FAIXA 1,20000,0.423,False,,False,,False,,False,,False,,False
260190,PE,BEZERROS,0.434,ALTA VULNERABILIDADE,False,False,CADASTRO RESERVA,0,ALTA VULNERABILIDADE,FAIXA 1,20000,0.398,False,,False,,False,,False,,True,FAIXA 1,True
260200,PE,BODOCO,0.490,ALTA VULNERABILIDADE,False,False,CADASTRO RESERVA,0,ALTA VULNERABILIDADE,FAIXA 1,20000,0.396,False,,False,,False,,False,,True,FAIXA 1,True
260210,PE,BOM CONSELHO,0.558,MUITO ALTA VULNERABILIDADE,False,False,CADASTRO RESERVA,0,MUITO ALTA VULNERABILIDADE,FAIXA 1,20000,0.607,False,,False,,False,,False,,False,,False
260220,PE,BOM JARDIM,0.471,ALTA VULNERABILIDADE,False,False,CADASTRO RESERVA,0,ALTA VULNERABILIDADE,FAIXA 1,20000,0.399,False,,False,,False,,False,,False,,False
260230,PE,BONITO,0.491,ALTA VULNERABILIDADE,False,False,CADASTRO RESERVA,0,ALTA VULNERABILIDADE,FAIXA 1,20000,0.537,False,,False,,False,,False,,False,,False
260240,PE,BREJAO,0.505,MUITO ALTA VULNERABILIDADE,False,False,CADASTRO RESERVA,0,MUITO ALTA VULNERABILIDADE,FAIXA 1,20000,0.531,False,,False,,False,,False,,False,,False
260250,PE,BREJINHO,0.459,ALTA VULNERABILIDADE,False,False,NÃO ELEGIVEL,0,ALTA VULNERABILIDADE,FAIXA 1,20000,0.325,False,,False,,False,,False,,False,,False
260260,PE,BREJO DA MADRE DE DEUS,0.469,ALTA VULNERABILIDADE,False,False,CADASTRO RESERVA,0,ALTA VULNERABILIDADE,FAIXA 1,20000,0.457,False,,False,,False,,False,,False,,False
260270,PE,BUENOS AIRES,0.523,MUITO ALTA VULNERABILIDADE,False,False,CADASTRO RESERVA,0,MUITO ALTA VULNERABILIDADE,FAIXA 1,20000,0.389,False,,False,,False,,False,,False,,False
260280,PE,BUIQUE,0.585,MUITO ALTA VULNERABILIDADE,False,False,CADASTRO RESERVA,0,MUITO ALTA VULNERABILIDADE,FAIXA 1,20000,0.524,False,,False,,False,,False,,True,FAIXA 1,True
260290,PE,CABO DE SANTO AGOSTINHO,0.406,ALTA VULNERABILIDADE,False,False,CADASTRO RESERVA,0,ALTA VULNERABILIDADE,FAIXA 1,20000,0.397,False,,True,FAIXA 1,True,FAIXA 1,True,FAIXA 1,True,FAIXA 1,True
260300,PE,CABROBO,0.420,ALTA VULNERABILIDADE,False,False,CADASTRO RESERVA,0,ALTA VULNERABILIDADE,FAIXA 1,20000,0.452,False,,False,,False,,False,,True,FAIXA 1,True
260310,PE,CACHOEIRINHA,0.423,ALTA VULNERABILIDADE,False,False,CADASTRO RESERVA,0,ALTA VULNERABILIDADE,FAIXA 1,20000,0.399,False,,False,,False,,False,,False,,False
260320,PE,CAETES,0.567,MUITO ALTA VULNERABILIDADE,False,False,CADASTRO RESERVA,0,MUITO ALTA VULNERABILIDADE,FAIXA 1,20000,0.438,False,,False,,False,,False,,False,,False
260330,PE,CALCADO,0.487,ALTA VULNERABILIDADE,False,False,CADASTRO RESERVA,0,ALTA VULNERABILIDADE,FAIXA 1,20000,0.349,False,,False,,False,,False,,False,,False
260340,PE,CALUMBI,0.480,ALTA VULNERABILIDADE,False,False,CADASTRO RESERVA,0,ALTA VULNERABILIDADE,FAIXA 1,20000,0.306,False,,False,,False,,False,,False,,False
260345,PE,CAMARAGIBE,0.415,ALTA VULNERABILIDADE,False,False,CONFIRMAÇÃO DE VAGAS (ADERIDOS),1,ALTA VULNERABILIDADE,FAIXA 1,20000,0.450,False,,True,FAIXA 1,True,FAIXA 1,False,,False,,True
260350,PE,CAMOCIM DE SAO FELIX,0.415,ALTA VULNERABILIDADE,False,False,CADASTRO RESERVA,0,ALTA VULNERABILIDADE,FAIXA 1,20000,0.435,False,,False,,False,,False,,False,,False
260360,PE,CAMUTANGA,0.476,ALTA VULNERABILIDADE,False,False,CADASTRO RESERVA,0,ALTA VULNERABILIDADE,FAIXA 1,20000,0.505,False,,False,,False,,False,,False,,False
260370,PE,CANHOTINHO,0.576,MUITO ALTA VULNERABILIDADE,False,False,CADASTRO RESERVA,0,MUITO ALTA VULNERABILIDADE,FAIXA 1,20000,0.435,False,,False,,False,,False,,False,,False
260380,PE,CAPOEIRAS,0.527,MUITO ALTA VULNERABILIDADE,False,False,CADASTRO RESERVA,0,MUITO ALTA VULNERABILIDADE,FAIXA 1,20000,0.447,False,,False,,False,,False,,False,,False
260390,PE,CARNAIBA,0.476,ALTA VULNERABILIDADE,False,False,CONFIRMAÇÃO DE VAGAS (ADERIDOS),1,ALTA VULNERABILIDADE,FAIXA 1,20000,0.334,False,,False,,False,,False,,False,,False
260392,PE,CARNAUBEIRA DA PENHA,0.457,ALTA VULNERABILIDADE,False,False,CADASTRO RESERVA,0,ALTA VULNERABILIDADE,FAIXA 1,20000,0.489,False,,False,,False,,False,,False,,False
260400,PE,CARPINA,0.386,MEDIA VULNERABILIDADE,False,False,CADASTRO RESERVA,0,MEDIA VULNERABILIDADE,FAIXA 2,15000,0.409,False,,False,,False,,False,,True,FAIXA 2,True
260410,PE,CARUARU,0.310,MEDIA VULNERABILIDADE,False,False,CADASTRO RESERVA,0,MEDIA VULNERABILIDADE,FAIXA 2,15000,0.313,False,,False,,False,,False,,True,FAIXA 2,True
260415,PE,CASINHAS,0.543,MUITO ALTA VULNERABILIDADE,False,False,CADASTRO RESERVA,0,MUITO ALTA VULNERABILIDADE,FAIXA 1,20000,0.499,False,,False,,False,,False,,False,,False
260420,PE,CATENDE,0.483,ALTA VULNERABILIDADE,False,False,CONFIRMAÇÃO DE VAGAS (ADERIDOS),2,ALTA VULNERABILIDADE,FAIXA 1,20000,0.488,False,,False,,False,,False,,False,,False
260430,PE,CEDRO,0.395,MEDIA VULNERABILIDADE,False,False,CADASTRO RESERVA,0,MEDIA VULNERABILIDADE,FAIXA 2,15000,0.333,False,,False,,False,,False,,False,,False
260440,PE,CHA DE ALEGRIA,0.538,MUITO ALTA VULNERABILIDADE,False,False,CADASTRO RESERVA,0,MUITO ALTA VULNERABILIDADE,FAIXA 1,20000,0.454,False,,False,,False,,False,,False,,False
260450,PE,CHA GRANDE,0.449,ALTA VULNERABILIDADE,False,False,CADASTRO RESERVA,0,ALTA VULNERABILIDADE,FAIXA 1,20000,0.509,False,,False,,False,,False,,False,,False
260460,PE,CONDADO,0.525,MUITO ALTA VULNERABILIDADE,False,False,CADASTRO RESERVA,0,MUITO ALTA VULNERABILIDADE,FAIXA 1,20000,0.463,False,,False,,False,,False,,False,,False
260470,PE,CORRENTES,0.493,ALTA VULNERABILIDADE,False,False,CADASTRO RESERVA,0,ALTA VULNERABILIDADE,FAIXA 1,20000,0.464,False,,False,,False,,False,,False,,False
260480,PE,CORTES,0.486,ALTA VULNERABILIDADE,False,False,NÃO ELEGIVEL,0,ALTA VULNERABILIDADE,FAIXA 1,20000,0.476,False,,False,,False,,False,,False,,False
260490,PE,CUMARU,0.510,MUITO ALTA VULNERABILIDADE,False,False,CONFIRMAÇÃO DE VAGAS (ADERIDOS),1,MUITO ALTA VULNERABILIDADE,FAIXA 1,20000,0.478,False,,False,,False,,False,,False,,False
260500,PE,CUPIRA,0.438,ALTA VULNERABILIDADE,False,False,CADASTRO RESERVA,0,ALTA VULNERABILIDADE,FAIXA 1,20000,0.441,False,,False,,False,,False,,False,,False
260510,PE,CUSTODIA,0.472,ALTA VULNERABILIDADE,False,False,CONFIRMAÇÃO DE VAGAS (ADERIDOS),1,ALTA VULNERABILIDADE,FAIXA 1,20000,0.362,False,,False,,False,,False,,True,FAIXA 1,True
260515,PE,DORMENTES,0.440,ALTA VULNERABILIDADE,False,False,CADASTRO RESERVA,0,ALTA VULNERABILIDADE,FAIXA 1,20000,0.479,False,,False,,False,,False,,False,,False
260520,PE,ESCADA,0.511,MUITO ALTA VULNERABILIDADE,False,False,CONFIRMAÇÃO DE VAGAS (ADERIDOS),1,MUITO ALTA VULNERABILIDADE,FAIXA 1,20000,0.425,False,,False,,False,,False,,True,FAIXA 1,True
260530,PE,EXU,0.521,MUITO ALTA VULNERABILIDADE,False,False,CADASTRO RESERVA,0,MUITO ALTA VULNERABILIDADE,FAIXA 1,20000,0.540,False,,False,,False,,False,,True,FAIXA 1,True
260540,PE,FEIRA NOVA,0.412,ALTA VULNERABILIDADE,False,False,CADASTRO RESERVA,0,ALTA VULNERABILIDADE,FAIXA 1,20000,0.419,False,,False,,False,,False,,True,FAIXA 1,True
260545,PE,FERNANDO DE NORONHA,0.104,MUITO BAIXA VULNERABILIDADE,False,False,NÃO ELEGIVEL,0,MUITO BAIXA VULNERABILIDADE,FAIXA 3,10000,0.095,False,,False,,False,,False,,False,,False
260550,PE,FERREIROS,0.463,ALTA VULNERABILIDADE,False,False,CADASTRO RESERVA,0,ALTA VULNERABILIDADE,FAIXA 1,20000,0.465,False,,False,,False,,False,,False,,False
260560,PE,FLORES,0.469,ALTA VULNERABILIDADE,False,False,CADASTRO RESERVA,0,ALTA VULNERABILIDADE,FAIXA 1,20000,0.346,False,,False,,False,,False,,True,FAIXA 1,True
260570,PE,FLORESTA,0.501,MUITO ALTA VULNERABILIDADE,False,False,CADASTRO RESERVA,0,MUITO ALTA VULNERABILIDADE,FAIXA 1,20000,0.406,False,,False,,False,,False,,False,,False
260580,PE,FREI MIGUELINHO,0.492,ALTA VULNERABILIDADE,False,False,CADASTRO RESERVA,0,ALTA VULNERABILIDADE,FAIXA 1,20000,0.484,False,,False,,False,,False,,False,,False
260590,PE,GAMELEIRA,0.492,ALTA VULNERABILIDADE,False,False,CADASTRO RESERVA,0,ALTA VULNERABILIDADE,FAIXA 1,20000,0.480,False,,False,,False,,False,,False,,False
260600,PE,GARANHUNS,0.360,MEDIA VULNERABILIDADE,False,False,CADASTRO RESERVA,0,MEDIA VULNERABILIDADE,FAIXA 2,15000,0.374,False,,False,,False,,False,,True,FAIXA 2,True
260610,PE,GLORIA DO GOITA,0.485,ALTA VULNERABILIDADE,False,False,CADASTRO RESERVA,0,ALTA VULNERABILIDADE,FAIXA 1,20000,0.432,False,,False,,False,,False,,False,,False
260620,PE,GOIANA,0.417,ALTA VULNERABILIDADE,False,False,CADASTRO RESERVA,0,ALTA VULNERABILIDADE,FAIXA 1,20000,0.388,False,,False,,False,,False,,True,FAIXA 1,True
260630,PE,GRANITO,0.488,ALTA VULNERABILIDADE,False,False,CADASTRO RESERVA,0,ALTA VULNERABILIDADE,FAIXA 1,20000,0.374,False,,False,,False,,False,,False,,False
260640,PE,GRAVATA,0.420,ALTA VULNERABILIDADE,False,False,CADASTRO RESERVA,0,ALTA VULNERABILIDADE,FAIXA 1,20000,0.432,False,,False,,False,,False,,False,,False
260650,PE,IATI,0.566,MUITO ALTA VULNERABILIDADE,False,False,CONFIRMAÇÃO DE VAGAS (ADERIDOS),1,MUITO ALTA VULNERABILIDADE,FAIXA 1,20000,0.484,False,,False,,False,,False,,False,,False
260660,PE,IBIMIRIM,0.550,MUITO ALTA VULNERABILIDADE,False,False,CONFIRMAÇÃO DE VAGAS (ADERIDOS),1,MUITO ALTA VULNERABILIDADE,FAIXA 1,20000,0.523,False,,False,,False,,False,,False,,False
260670,PE,IBIRAJUBA,0.491,ALTA VULNERABILIDADE,False,False,CADASTRO RESERVA,0,ALTA VULNERABILIDADE,FAIXA 1,20000,0.400,False,,False,,False,,False,,False,,False
260680,PE,IGARASSU,0.467,ALTA VULNERABILIDADE,False,False,CADASTRO RESERVA,0,ALTA VULNERABILIDADE,FAIXA 1,20000,0.473,False,,False,,False,,False,,False,,False
260690,PE,IGUARACY,0.433,ALTA VULNERABILIDADE,False,False,CADASTRO RESERVA,0,ALTA VULNERABILIDADE,FAIXA 1,20000,0.387,False,,False,,False,,False,,False,,False
260700,PE,INAJA,0.656,MUITO ALTA VULNERABILIDADE,False,False,CONFIRMAÇÃO DE VAGAS (ADERIDOS),1,MUITO ALTA VULNERABILIDADE,FAIXA 1,20000,0.517,False,,False,,False,,False,,False,,False
260710,PE,INGAZEIRA,0.438,ALTA VULNERABILIDADE,False,False,CADASTRO RESERVA,0,ALTA VULNERABILIDADE,FAIXA 1,20000,0.410,False,,False,,False,,False,,False,,False
260720,PE,IPOJUCA,0.432,ALTA VULNERABILIDADE,False,False,CADASTRO RESERVA,0,ALTA VULNERABILIDADE,FAIXA 1,20000,0.364,False,,False,,False,,False,,False,,False
260730,PE,IPUBI,0.542,MUITO ALTA VULNERABILIDADE,False,False,CADASTRO RESERVA,0,MUITO ALTA VULNERABILIDADE,FAIXA 1,20000,0.505,False,,False,,False,,False,,False,,False
260740,PE,ITACURUBA,0.471,ALTA VULNERABILIDADE,False,False,CADASTRO RESERVA,0,ALTA VULNERABILIDADE,FAIXA 1,20000,0.406,False,,False,,False,,False,,False,,False
260750,PE,ITAIBA,0.516,MUITO ALTA VULNERABILIDADE,False,False,CADASTRO RESERVA,0,MUITO ALTA VULNERABILIDADE,FAIXA 1,20000,0.385,False,,False,,False,,False,,False,,False
260760,PE,ILHA DE ITAMARACA,0.486,ALTA VULNERABILIDADE,False,False,CONFIRMAÇÃO DE VAGAS (ADERIDOS),2,ALTA VULNERABILIDADE,FAIXA 1,20000,0.464,False,,False,,False,,False,,False,,False
260765,PE,ITAMBE,0.542,MUITO ALTA VULNERABILIDADE,False,False,CADASTRO RESERVA,0,MUITO ALTA VULNERABILIDADE,FAIXA 1,20000,0.490,False,,False,,False,,False,,False,,False
260770,PE,ITAPETIM,0.474,ALTA VULNERABILIDADE,False,False,CADASTRO RESERVA,0,ALTA VULNERABILIDADE,FAIXA 1,20000,0.421,False,,False,,False,,False,,False,,False
260775,PE,ITAPISSUMA,0.499,ALTA VULNERABILIDADE,False,False,CADASTRO RESERVA,0,ALTA VULNERABILIDADE,FAIXA 1,20000,0.487,False,,False,,False,,False,,False,,False
260780,PE,ITAQUITINGA,0.604,MUITO ALTA VULNERABILIDADE,False,False,CADASTRO RESERVA,0,MUITO ALTA VULNERABILIDADE,FAIXA 1,20000,0.499,False,,False,,False,,False,,False,,False
260790,PE,JABOATAO DOS GUARARAPES,0.415,ALTA VULNERABILIDADE,False,False,CONFIRMAÇÃO DE VAGAS (ADERIDOS),1,ALTA VULNERABILIDADE,FAIXA 1,20000,0.454,False,,True,FAIXA 1,True,FAIXA 1,False,,True,FAIXA 1,True
260795,PE,JAQUEIRA,0.609,MUITO ALTA VULNERABILIDADE,False,False,CADASTRO RESERVA,0,MUITO ALTA VULNERABILIDADE,FAIXA 1,20000,0.548,False,,False,,False,,False,,False,,False
260800,PE,JATAUBA,0.507,MUITO ALTA VULNERABILIDADE,False,False,CADASTRO RESERVA,0,MUITO ALTA VULNERABILIDADE,FAIXA 1,20000,0.448,False,,False,,False,,False,,False,,False
260805,PE,JATOBA,0.401,ALTA VULNERABILIDADE,False,False,CADASTRO RESERVA,0,ALTA VULNERABILIDADE,FAIXA 1,20000,0.448,False,,False,,False,,False,,False,,False
260810,PE,JOAO ALFREDO,0.482,ALTA VULNERABILIDADE,False,False,CONFIRMAÇÃO DE VAGAS (ADERIDOS),1,ALTA VULNERABILIDADE,FAIXA 1,20000,0.385,False,,False,,False,,False,,False,,False
260820,PE,JOAQUIM NABUCO,0.551,MUITO ALTA VULNERABILIDADE,False,False,CADASTRO RESERVA,0,MUITO ALTA VULNERABILIDADE,FAIXA 1,20000,0.501,False,,False,,False,,False,,False,,False
260825,PE,JUCATI,0.472,ALTA VULNERABILIDADE,False,False,CADASTRO RESERVA,0,ALTA VULNERABILIDADE,FAIXA 1,20000,0.495,False,,False,,False,,False,,False,,False
260830,PE,JUPI,0.471,ALTA VULNERABILIDADE,False,False,CADASTRO RESERVA,0,ALTA VULNERABILIDADE,FAIXA 1,20000,0.392,False,,False,,False,,False,,False,,False
260840,PE,JUREMA,0.566,MUITO ALTA VULNERABILIDADE,False,False,CONFIRMAÇÃO DE VAGAS (ADERIDOS),1,MUITO ALTA VULNERABILIDADE,FAIXA 1,20000,0.497,False,,False,,False,,False,,False,,False
260845,PE,LAGOA DO CARRO,0.471,ALTA VULNERABILIDADE,False,False,CADASTRO RESERVA,0,ALTA VULNERABILIDADE,FAIXA 1,20000,0.489,False,,False,,False,,False,,False,,False
260850,PE,LAGOA DE ITAENGA,0.495,ALTA VULNERABILIDADE,False,False,CADASTRO RESERVA,0,ALTA VULNERABILIDADE,FAIXA 1,20000,0.539,False,,False,,False,,False,,True,FAIXA 1,True
260860,PE,LAGOA DO OURO,0.503,MUITO ALTA VULNERABILIDADE,False,False,CADASTRO RESERVA,0,MUITO ALTA VULNERABILIDADE,FAIXA 1,20000,0.507,False,,False,,False,,False,,False,,False
260870,PE,LAGOA DOS GATOS,0.477,ALTA VULNERABILIDADE,False,False,CADASTRO RESERVA,0,ALTA VULNERABILIDADE,FAIXA 1,20000,0.428,False,,False,,False,,False,,False,,False
260875,PE,LAGOA GRANDE,0.428,ALTA VULNERABILIDADE,False,False,CADASTRO RESERVA,0,ALTA VULNERABILIDADE,FAIXA 1,20000,0.417,False,,False,,False,,False,,True,FAIXA 1,True
260880,PE,LAJEDO,0.405,ALTA VULNERABILIDADE,False,False,CADASTRO RESERVA,0,ALTA VULNERABILIDADE,FAIXA 1,20000,0.358,False,,False,,False,,False,,False,,False
260890,PE,LIMOEIRO,0.397,MEDIA VULNERABILIDADE,False,False,CONFIRMAÇÃO DE VAGAS (ADERIDOS),1,MEDIA VULNERABILIDADE,FAIXA 2,15000,0.425,False,,False,,False,,False,,True,FAIXA 2,True
260900,PE,MACAPARANA,0.427,ALTA VULNERABILIDADE,False,False,CONFIRMAÇÃO DE VAGAS (ADERIDOS),1,ALTA VULNERABILIDADE,FAIXA 1,20000,0.347,False,,False,,False,,False,,False,,False
260910,PE,MACHADOS,0.497,ALTA VULNERABILIDADE,False,False,CADASTRO RESERVA,0,ALTA VULNERABILIDADE,FAIXA 1,20000,0.509,False,,False,,False,,False,,False,,False
260915,PE,MANARI,0.613,MUITO ALTA VULNERABILIDADE,False,False,CADASTRO RESERVA,0,MUITO ALTA VULNERABILIDADE,FAIXA 1,20000,0.524,False,,False,,False,,False,,False,,False
260920,PE,MARAIAL,0.556,MUITO ALTA VULNERABILIDADE,False,False,CADASTRO RESERVA,0,MUITO ALTA VULNERABILIDADE,FAIXA 1,20000,0.541,False,,False,,False,,False,,False,,False
260930,PE,MIRANDIBA,0.508,MUITO ALTA VULNERABILIDADE,False,False,NÃO ELEGIVEL,0,MUITO ALTA VULNERABILIDADE,FAIXA 1,20000,0.446,False,,False,,False,,False,,False,,False
260940,PE,MORENO,0.508,MUITO ALTA VULNERABILIDADE,False,False,CONFIRMAÇÃO DE VAGAS (ADERIDOS),1,MUITO ALTA VULNERABILIDADE,FAIXA 1,20000,0.516,False,,False,,False,,False,,True,FAIXA 1,True
260950,PE,NAZARE DA MATA,0.412,ALTA VULNERABILIDADE,False,False,CADASTRO RESERVA,0,ALTA VULNERABILIDADE,FAIXA 1,20000,0.329,False,,False,,False,,False,,True,FAIXA 1,True
260960,PE,OLINDA,0.353,MEDIA VULNERABILIDADE,False,False,CONFIRMAÇÃO DE VAGAS (ADERIDOS),1,MEDIA VULNERABILIDADE,FAIXA 2,15000,0.376,False,,False,,False,,False,,True,FAIXA 2,True
260970,PE,OROBO,0.470,ALTA VULNERABILIDADE,False,False,CADASTRO RESERVA,0,ALTA VULNERABILIDADE,FAIXA 1,20000,0.448,False,,False,,False,,False,,False,,False
260980,PE,OROCO,0.369,MEDIA VULNERABILIDADE,False,False,CONFIRMAÇÃO DE VAGAS (ADERIDOS),1,MEDIA VULNERABILIDADE,FAIXA 2,15000,0.324,False,,False,,False,,False,,False,,False
260990,PE,OURICURI,0.509,MUITO ALTA VULNERABILIDADE,False,False,CONFIRMAÇÃO DE VAGAS (ADERIDOS),1,MUITO ALTA VULNERABILIDADE,FAIXA 1,20000,0.464,True,FAIXA 1,True,FAIXA 1,True,FAIXA 1,False,,True,FAIXA 1,True
261000,PE,PALMARES,0.435,ALTA VULNERABILIDADE,False,False,CONFIRMAÇÃO DE VAGAS (ADERIDOS),1,ALTA VULNERABILIDADE,FAIXA 1,20000,0.395,True,FAIXA 1,True,FAIXA 1,False,,False,,False,,True
261010,PE,PALMEIRINA,0.488,ALTA VULNERABILIDADE,False,False,CADASTRO RESERVA,0,ALTA VULNERABILIDADE,FAIXA 1,20000,0.521,False,,False,,False,,False,,False,,False
261020,PE,PANELAS,0.484,ALTA VULNERABILIDADE,False,False,CADASTRO RESERVA,0,ALTA VULNERABILIDADE,FAIXA 1,20000,0.462,False,,False,,False,,False,,False,,False
261030,PE,PARANATAMA,0.514,MUITO ALTA VULNERABILIDADE,False,False,CONFIRMAÇÃO DE VAGAS (ADERIDOS),1,MUITO ALTA VULNERABILIDADE,FAIXA 1,20000,0.496,False,,False,,False,,False,,False,,False
261040,PE,PARNAMIRIM,0.442,ALTA VULNERABILIDADE,False,False,CONFIRMAÇÃO DE VAGAS (ADERIDOS),1,ALTA VULNERABILIDADE,FAIXA 1,20000,0.355,False,,False,,False,,False,,False,,False
261050,PE,PASSIRA,0.485,ALTA VULNERABILIDADE,False,False,CONFIRMAÇÃO DE VAGAS (ADERIDOS),1,ALTA VULNERABILIDADE,FAIXA 1,20000,0.457,False,,False,,False,,False,,True,FAIXA 1,True
261060,PE,PAUDALHO,0.543,MUITO ALTA VULNERABILIDADE,False,False,CADASTRO RESERVA,0,MUITO ALTA VULNERABILIDADE,FAIXA 1,20000,0.554,False,,False,,False,,False,,False,,False
261070,PE,PAULISTA,0.384,MEDIA VULNERABILIDADE,False,False,CONFIRMAÇÃO DE VAGAS (ADERIDOS),6,MEDIA VULNERABILIDADE,FAIXA 2,15000,0.422,False,,False,,False,,False,,True,FAIXA 2,True
261080,PE,PEDRA,0.572,MUITO ALTA VULNERABILIDADE,False,False,CADASTRO RESERVA,0,MUITO ALTA VULNERABILIDADE,FAIXA 1,20000,0.515,False,,False,,False,,False,,False,,False
261090,PE,PESQUEIRA,0.435,ALTA VULNERABILIDADE,False,False,CADASTRO RESERVA,0,ALTA VULNERABILIDADE,FAIXA 1,20000,0.415,False,,False,,False,,False,,False,,False
261100,PE,PETROLANDIA,0.419,ALTA VULNERABILIDADE,False,False,CADASTRO RESERVA,0,ALTA VULNERABILIDADE,FAIXA 1,20000,0.413,False,,False,,False,,False,,True,FAIXA 1,True
261110,PE,PETROLINA,0.321,MEDIA VULNERABILIDADE,False,False,CONFIRMAÇÃO DE VAGAS (ADERIDOS),1,MEDIA VULNERABILIDADE,FAIXA 2,15000,0.333,False,,True,FAIXA 2,False,,False,,True,FAIXA 2,True
261120,PE,POCAO,0.600,MUITO ALTA VULNERABILIDADE,False,False,CADASTRO RESERVA,0,MUITO ALTA VULNERABILIDADE,FAIXA 1,20000,0.541,False,,False,,False,,False,,False,,False
261130,PE,POMBOS,0.407,ALTA VULNERABILIDADE,False,False,CONFIRMAÇÃO DE VAGAS (ADERIDOS),1,ALTA VULNERABILIDADE,FAIXA 1,20000,0.417,False,,False,,False,,False,,False,,False
261140,PE,PRIMAVERA,0.476,ALTA VULNERABILIDADE,False,False,CADASTRO RESERVA,0,ALTA VULNERABILIDADE,FAIXA 1,20000,0.432,False,,False,,False,,False,,False,,False
261150,PE,QUIPAPA,0.536,MUITO ALTA VULNERABILIDADE,False,False,CADASTRO RESERVA,0,MUITO ALTA VULNERABILIDADE,FAIXA 1,20000,0.467,False,,False,,False,,False,,False,,False
261153,PE,QUIXABA,0.454,ALTA VULNERABILIDADE,False,False,CADASTRO RESERVA,0,ALTA VULNERABILIDADE,FAIXA 1,20000,0.383,False,,False,,False,,False,,False,,False
261160,PE,RECIFE,0.319,MEDIA VULNERABILIDADE,False,False,CADASTRO RESERVA,0,MEDIA VULNERABILIDADE,FAIXA 2,15000,0.364,False,,True,FAIXA 2,True,FAIXA 2,True,FAIXA 2,True,FAIXA 2,True
261170,PE,RIACHO DAS ALMAS,0.485,ALTA VULNERABILIDADE,False,False,CADASTRO RESERVA,0,ALTA VULNERABILIDADE,FAIXA 1,20000,0.388,False,,False,,False,,False,,False,,False
261180,PE,RIBEIRAO,0.449,ALTA VULNERABILIDADE,False,False,CADASTRO RESERVA,0,ALTA VULNERABILIDADE,FAIXA 1,20000,0.479,False,,False,,False,,False,,False,,False
261190,PE,RIO FORMOSO,0.469,ALTA VULNERABILIDADE,False,False,CADASTRO RESERVA,0,ALTA VULNERABILIDADE,FAIXA 1,20000,0.435,False,,False,,False,,False,,False,,False
261200,PE,SAIRE,0.419,ALTA VULNERABILIDADE,False,False,CADASTRO RESERVA,0,ALTA VULNERABILIDADE,FAIXA 1,20000,0.401,False,,False,,False,,False,,False,,False
261210,PE,SALGADINHO,0.583,MUITO ALTA VULNERABILIDADE,False,False,CADASTRO RESERVA,0,MUITO ALTA VULNERABILIDADE,FAIXA 1,20000,0.566,False,,False,,False,,False,,False,,False
261220,PE,SALGUEIRO,0.355,MEDIA VULNERABILIDADE,False,False,CADASTRO RESERVA,0,MEDIA VULNERABILIDADE,FAIXA 2,15000,0.363,False,,False,,False,,False,,True,FAIXA 2,True
261230,PE,SALOA,0.466,ALTA VULNERABILIDADE,False,False,CADASTRO RESERVA,0,ALTA VULNERABILIDADE,FAIXA 1,20000,0.437,False,,False,,False,,False,,False,,False
261240,PE,SANHARO,0.469,ALTA VULNERABILIDADE,False,False,CADASTRO RESERVA,0,ALTA VULNERABILIDADE,FAIXA 1,20000,0.391,False,,False,,False,,False,,False,,False
261245,PE,SANTA CRUZ,0.527,MUITO ALTA VULNERABILIDADE,False,False,CADASTRO RESERVA,0,MUITO ALTA VULNERABILIDADE,FAIXA 1,20000,0.447,False,,False,,False,,False,,False,,False
261247,PE,SANTA CRUZ DA BAIXA VERDE,0.391,MEDIA VULNERABILIDADE,False,False,NÃO ELEGIVEL,0,MEDIA VULNERABILIDADE,FAIXA 2,15000,0.297,False,,False,,False,,False,,False,,False
261250,PE,SANTA CRUZ DO CAPIBARIBE,0.312,MEDIA VULNERABILIDADE,False,False,CONFIRMAÇÃO DE VAGAS (ADERIDOS),1,MEDIA VULNERABILIDADE,FAIXA 2,15000,0.334,False,,False,,False,,False,,False,,False
261255,PE,SANTA FILOMENA,0.479,ALTA VULNERABILIDADE,False,False,CADASTRO RESERVA,0,ALTA VULNERABILIDADE,FAIXA 1,20000,0.464,False,,False,,False,,False,,True,FAIXA 1,True
261260,PE,SANTA MARIA DA BOA VISTA,0.428,ALTA VULNERABILIDADE,False,False,CONFIRMAÇÃO DE VAGAS (ADERIDOS),1,ALTA VULNERABILIDADE,FAIXA 1,20000,0.341,False,,False,,False,,False,,False,,False
261270,PE,SANTA MARIA DO CAMBUCA,0.491,ALTA VULNERABILIDADE,False,False,CADASTRO RESERVA,0,ALTA VULNERABILIDADE,FAIXA 1,20000,0.492,False,,False,,False,,False,,False,,False
261280,PE,SANTA TEREZINHA,0.518,MUITO ALTA VULNERABILIDADE,False,False,CADASTRO RESERVA,0,MUITO ALTA VULNERABILIDADE,FAIXA 1,20000,0.465,False,,False,,False,,False,,False,,False
261290,PE,SAO BENEDITO DO SUL,0.575,MUITO ALTA VULNERABILIDADE,False,False,CADASTRO RESERVA,0,MUITO ALTA VULNERABILIDADE,FAIXA 1,20000,0.505,False,,False,,False,,False,,False,,False
261300,PE,SAO BENTO DO UNA,0.485,ALTA VULNERABILIDADE,False,False,CONFIRMAÇÃO DE VAGAS (ADERIDOS),2,ALTA VULNERABILIDADE,FAIXA 1,20000,0.477,False,,False,,False,,False,,False,,False
261310,PE,SAO CAITANO,0.446,ALTA VULNERABILIDADE,False,False,CADASTRO RESERVA,0,ALTA VULNERABILIDADE,FAIXA 1,20000,0.417,False,,False,,False,,False,,False,,False
261320,PE,SAO JOAO,0.526,MUITO ALTA VULNERABILIDADE,False,False,CADASTRO RESERVA,0,MUITO ALTA VULNERABILIDADE,FAIXA 1,20000,0.558,False,,False,,False,,False,,False,,False
261330,PE,SAO JOAQUIM DO MONTE,0.500,ALTA VULNERABILIDADE,False,False,CADASTRO RESERVA,0,ALTA VULNERABILIDADE,FAIXA 1,20000,0.485,False,,False,,False,,False,,False,,False
261340,PE,SAO JOSE DA COROA GRANDE,0.540,MUITO ALTA VULNERABILIDADE,False,False,NÃO ELEGIVEL,0,MUITO ALTA VULNERABILIDADE,FAIXA 1,20000,0.436,False,,False,,False,,False,,False,,False
261350,PE,SAO JOSE DO BELMONTE,0.453,ALTA VULNERABILIDADE,False,False,CONFIRMAÇÃO DE VAGAS (ADERIDOS),1,ALTA VULNERABILIDADE,FAIXA 1,20000,0.414,False,,False,,False,,False,,True,FAIXA 1,True
261360,PE,SAO JOSE DO EGITO,0.412,ALTA VULNERABILIDADE,False,False,CONFIRMAÇÃO DE VAGAS (ADERIDOS),1,ALTA VULNERABILIDADE,FAIXA 1,20000,0.350,False,,False,,False,,False,,False,,False
261370,PE,SAO LOURENCO DA MATA,0.511,MUITO ALTA VULNERABILIDADE,False,False,CADASTRO RESERVA,0,MUITO ALTA VULNERABILIDADE,FAIXA 1,20000,0.517,False,,False,,False,,False,,True,FAIXA 1,True
261380,PE,SAO VICENTE FERRER,0.507,MUITO ALTA VULNERABILIDADE,False,False,CADASTRO RESERVA,0,MUITO ALTA VULNERABILIDADE,FAIXA 1,20000,0.473,False,,False,,False,,False,,False,,False
261390,PE,SERRA TALHADA,0.384,MEDIA VULNERABILIDADE,False,False,CADASTRO RESERVA,0,MEDIA VULNERABILIDADE,FAIXA 2,15000,0.377,True,FAIXA 2,False,,True,FAIXA 2,False,,True,FAIXA 2,True
261400,PE,SERRITA,0.442,ALTA VULNERABILIDADE,False,False,CADASTRO RESERVA,0,ALTA VULNERABILIDADE,FAIXA 1,20000,0.350,False,,False,,False,,False,,False,,False
261410,PE,SERTANIA,0.453,ALTA VULNERABILIDADE,False,False,CONFIRMAÇÃO DE VAGAS (ADERIDOS),2,ALTA VULNERABILIDADE,FAIXA 1,20000,0.439,False,,False,,False,,False,,True,FAIXA 1,True
261420,PE,SIRINHAEM,0.513,MUITO ALTA VULNERABILIDADE,False,False,CADASTRO RESERVA,0,MUITO ALTA VULNERABILIDADE,FAIXA 1,20000,0.434,False,,False,,False,,False,,False,,False
261430,PE,MOREILANDIA,0.453,ALTA VULNERABILIDADE,False,False,CADASTRO RESERVA,0,ALTA VULNERABILIDADE,FAIXA 1,20000,0.355,False,,False,,False,,False,,False,,False
261440,PE,SOLIDAO,0.479,ALTA VULNERABILIDADE,False,False,NÃO ELEGIVEL,0,ALTA VULNERABILIDADE,FAIXA 1,20000,0.533,False,,False,,False,,False,,False,,False
261450,PE,SURUBIM,0.386,MEDIA VULNERABILIDADE,False,False,CADASTRO RESERVA,0,MEDIA VULNERABILIDADE,FAIXA 2,15000,0.362,False,,False,,False,,False,,False,,False
261460,PE,TABIRA,0.440,ALTA VULNERABILIDADE,False,False,CONFIRMAÇÃO DE VAGAS (ADERIDOS),3,ALTA VULNERABILIDADE,FAIXA 1,20000,0.413,False,,False,,False,,False,,True,FAIXA 1,True
261470,PE,TACAIMBO,0.461,ALTA VULNERABILIDADE,False,False,CADASTRO RESERVA,0,ALTA VULNERABILIDADE,FAIXA 1,20000,0.426,False,,False,,False,,False,,False,,False
261480,PE,TACARATU,0.555,MUITO ALTA VULNERABILIDADE,False,False,CADASTRO RESERVA,0,MUITO ALTA VULNERABILIDADE,FAIXA 1,20000,0.464,False,,False,,False,,False,,False,,False
261485,PE,TAMANDARE,0.483,ALTA VULNERABILIDADE,False,False,CADASTRO RESERVA,0,ALTA VULNERABILIDADE,FAIXA 1,20000,0.470,False,,False,,False,,False,,False,,False
261500,PE,TAQUARITINGA DO NORTE,0.385,MEDIA VULNERABILIDADE,False,False,CONFIRMAÇÃO DE VAGAS (ADERIDOS),1,MEDIA VULNERABILIDADE,FAIXA 2,15000,0.362,False,,False,,False,,False,,False,,False
261510,PE,TEREZINHA,0.485,ALTA VULNERABILIDADE,False,False,CADASTRO RESERVA,0,ALTA VULNERABILIDADE,FAIXA 1,20000,0.505,False,,False,,False,,False,,False,,False
261520,PE,TERRA NOVA,0.397,MEDIA VULNERABILIDADE,False,False,CADASTRO RESERVA,0,MEDIA VULNERABILIDADE,FAIXA 2,15000,0.388,False,,False,,False,,False,,False,,False
261530,PE,TIMBAUBA,0.413,ALTA VULNERABILIDADE,False,False,CADASTRO RESERVA,0,ALTA VULNERABILIDADE,FAIXA 1,20000,0.428,False,,False,,False,,False,,False,,False
261540,PE,TORITAMA,0.362,MEDIA VULNERABILIDADE,False,False,CONFIRMAÇÃO DE VAGAS (ADERIDOS),1,MEDIA VULNERABILIDADE,FAIXA 2,15000,0.349,False,,False,,False,,False,,False,,False
261550,PE,TRACUNHAEM,0.507,MUITO ALTA VULNERABILIDADE,False,False,NÃO ELEGIVEL,0,MUITO ALTA VULNERABILIDADE,FAIXA 1,20000,0.452,False,,False,,False,,False,,False,,False
261560,PE,TRINDADE,0.463,ALTA VULNERABILIDADE,False,False,CADASTRO RESERVA,0,ALTA VULNERABILIDADE,FAIXA 1,20000,0.511,False,,False,,False,,False,,False,,False
261570,PE,TRIUNFO,0.331,MEDIA VULNERABILIDADE,False,False,CADASTRO RESERVA,0,MEDIA VULNERABILIDADE,FAIXA 2,15000,0.260,False,,False,,False,,False,,False,,False
261580,PE,TUPANATINGA,0.621,MUITO ALTA VULNERABILIDADE,False,False,CADASTRO RESERVA,0,MUITO ALTA VULNERABILIDADE,FAIXA 1,20000,0.565,False,,False,,False,,False,,False,,False
261590,PE,TUPARETAMA,0.329,MEDIA VULNERABILIDADE,False,False,CADASTRO RESERVA,0,MEDIA VULNERABILIDADE,FAIXA 2,15000,0.314,False,,False,,False,,False,,False,,False
261600,PE,VENTUROSA,0.501,MUITO ALTA VULNERABILIDADE,False,False,CADASTRO RESERVA,0,MUITO ALTA VULNERABILIDADE,FAIXA 1,20000,0.413,False,,False,,False,,False,,False,,False
261610,PE,VERDEJANTE,0.444,ALTA VULNERABILIDADE,False,False,CADASTRO RESERVA,0,ALTA VULNERABILIDADE,FAIXA 1,20000,0.381,False,,False,,False,,False,,False,,False
261618,PE,VERTENTE DO LERIO,0.495,ALTA VULNERABILIDADE,False,False,CADASTRO RESERVA,0,ALTA VULNERABILIDADE,FAIXA 1,20000,0.458,False,,False,,False,,False,,True,FAIXA 1,True
261620,PE,VERTENTES,0.469,ALTA VULNERABILIDADE,False,False,CADASTRO RESERVA,0,ALTA VULNERABILIDADE,FAIXA 1,20000,0.390,False,,False,,False,,False,,False,,False
261630,PE,VICENCIA,0.435,ALTA VULNERABILIDADE,False,False,CADASTRO RESERVA,0,ALTA VULNERABILIDADE,FAIXA 1,20000,0.407,False,,False,,False,,False,,False,,False
261640,PE,VITORIA DE SANTO ANTAO,0.401,ALTA VULNERABILIDADE,False,False,CADASTRO RESERVA,0,ALTA VULNERABILIDADE,FAIXA 1,20000,0.413,False,,False,,True,FAIXA 1,False,,True,FAIXA 1,True
261650,PE,XEXEU,0.591,MUITO ALTA VULNERABILIDADE,False,False,CADASTRO RESERVA,0,MUITO ALTA VULNERABILIDADE,FAIXA 1,20000,0.550,False,,False,,False,,False,,False,,False
270010,AL,AGUA BRANCA,0.568,MUITO ALTA VULNERABILIDADE,False,False,CADASTRO RESERVA,0,MUITO ALTA VULNERABILIDADE,FAIXA 1,20000,0.414,False,,False,,False,,False,,False,,False
270020,AL,ANADIA,0.516,MUITO ALTA VULNERABILIDADE,False,False,NÃO ELEGIVEL,0,MUITO ALTA VULNERABILIDADE,FAIXA 1,20000,0.481,False,,False,,False,,False,,False,,False
270030,AL,ARAPIRACA,0.371,MEDIA VULNERABILIDADE,False,False,CADASTRO RESERVA,0,MEDIA VULNERABILIDADE,FAIXA 2,15000,0.391,True,FAIXA 2,True,FAIXA 2,True,FAIXA 2,True,FAIXA 2,True,FAIXA 2,True
270040,AL,ATALAIA,0.598,MUITO ALTA VULNERABILIDADE,False,False,CADASTRO RESERVA,0,MUITO ALTA VULNERABILIDADE,FAIXA 1,20000,0.477,False,,False,,False,,False,,False,,False
270050,AL,BARRA DE SANTO ANTONIO,0.551,MUITO ALTA VULNERABILIDADE,False,False,CADASTRO RESERVA,0,MUITO ALTA VULNERABILIDADE,FAIXA 1,20000,0.546,False,,False,,False,,False,,False,,False
270060,AL,BARRA DE SAO MIGUEL,0.339,MEDIA VULNERABILIDADE,False,False,CADASTRO RESERVA,0,MEDIA VULNERABILIDADE,FAIXA 2,15000,0.331,False,,False,,False,,False,,False,,False
270070,AL,BATALHA,0.494,ALTA VULNERABILIDADE,False,False,CADASTRO RESERVA,0,ALTA VULNERABILIDADE,FAIXA 1,20000,0.456,False,,False,,False,,False,,False,,False
270080,AL,BELEM,0.526,MUITO ALTA VULNERABILIDADE,False,False,CONFIRMAÇÃO DE VAGAS (ADERIDOS),1,MUITO ALTA VULNERABILIDADE,FAIXA 1,20000,0.483,False,,False,,False,,False,,False,,False
270090,AL,BELO MONTE,0.509,MUITO ALTA VULNERABILIDADE,False,False,CADASTRO RESERVA,0,MUITO ALTA VULNERABILIDADE,FAIXA 1,20000,0.495,False,,False,,False,,False,,False,,False
270100,AL,BOCA DA MATA,0.497,ALTA VULNERABILIDADE,False,False,CADASTRO RESERVA,0,ALTA VULNERABILIDADE,FAIXA 1,20000,0.415,False,,False,,False,,False,,False,,False
270110,AL,BRANQUINHA,0.623,MUITO ALTA VULNERABILIDADE,False,False,CADASTRO RESERVA,0,MUITO ALTA VULNERABILIDADE,FAIXA 1,20000,0.493,False,,False,,False,,False,,False,,False
270120,AL,CACIMBINHAS,0.597,MUITO ALTA VULNERABILIDADE,False,False,CADASTRO RESERVA,0,MUITO ALTA VULNERABILIDADE,FAIXA 1,20000,0.588,False,,False,,False,,False,,False,,False
270130,AL,CAJUEIRO,0.575,MUITO ALTA VULNERABILIDADE,False,False,CADASTRO RESERVA,0,MUITO ALTA VULNERABILIDADE,FAIXA 1,20000,0.472,False,,False,,False,,False,,False,,False
270135,AL,CAMPESTRE,0.554,MUITO ALTA VULNERABILIDADE,False,False,CONFIRMAÇÃO DE VAGAS (ADERIDOS),1,MUITO ALTA VULNERABILIDADE,FAIXA 1,20000,0.525,False,,False,,False,,False,,False,,False
270140,AL,CAMPO ALEGRE,0.515,MUITO ALTA VULNERABILIDADE,False,False,CONFIRMAÇÃO DE VAGAS (ADERIDOS),2,MUITO ALTA VULNERABILIDADE,FAIXA 1,20000,0.509,False,,False,,False,,False,,False,,False
270150,AL,CAMPO GRANDE,0.518,MUITO ALTA VULNERABILIDADE,False,False,CADASTRO RESERVA,0,MUITO ALTA VULNERABILIDADE,FAIXA 1,20000,0.540,False,,False,,False,,False,,False,,False
270160,AL,CANAPI,0.599,MUITO ALTA VULNERABILIDADE,False,False,CADASTRO RESERVA,0,MUITO ALTA VULNERABILIDADE,FAIXA 1,20000,0.585,False,,False,,False,,False,,False,,False
270170,AL,CAPELA,0.477,ALTA VULNERABILIDADE,False,False,NÃO ELEGIVEL,0,ALTA VULNERABILIDADE,FAIXA 1,20000,0.446,False,,False,,False,,False,,False,,False
270180,AL,CARNEIROS,0.604,MUITO ALTA VULNERABILIDADE,False,False,CADASTRO RESERVA,0,MUITO ALTA VULNERABILIDADE,FAIXA 1,20000,0.577,False,,False,,False,,False,,False,,False
270190,AL,CHA PRETA,0.465,ALTA VULNERABILIDADE,False,False,CADASTRO RESERVA,0,ALTA VULNERABILIDADE,FAIXA 1,20000,0.501,False,,False,,False,,False,,False,,False
270200,AL,COITE DO NOIA,0.530,MUITO ALTA VULNERABILIDADE,False,False,CADASTRO RESERVA,0,MUITO ALTA VULNERABILIDADE,FAIXA 1,20000,0.377,False,,False,,False,,False,,False,,False
270210,AL,COLONIA LEOPOLDINA,0.548,MUITO ALTA VULNERABILIDADE,False,False,CADASTRO RESERVA,0,MUITO ALTA VULNERABILIDADE,FAIXA 1,20000,0.470,False,,False,,False,,False,,False,,False
270220,AL,COQUEIRO SECO,0.530,MUITO ALTA VULNERABILIDADE,False,False,CADASTRO RESERVA,0,MUITO ALTA VULNERABILIDADE,FAIXA 1,20000,0.495,False,,False,,False,,False,,False,,False
270230,AL,CORURIPE,0.439,ALTA VULNERABILIDADE,False,False,CADASTRO RESERVA,0,ALTA VULNERABILIDADE,FAIXA 1,20000,0.409,False,,False,,False,,False,,True,FAIXA 1,True
270235,AL,CRAIBAS,0.525,MUITO ALTA VULNERABILIDADE,False,False,CADASTRO RESERVA,0,MUITO ALTA VULNERABILIDADE,FAIXA 1,20000,0.461,False,,False,,False,,False,,False,,False
270240,AL,DELMIRO GOUVEIA,0.416,ALTA VULNERABILIDADE,False,False,CADASTRO RESERVA,0,ALTA VULNERABILIDADE,FAIXA 1,20000,0.363,True,FAIXA 1,True,FAIXA 1,True,FAIXA 1,True,FAIXA 1,True,FAIXA 1,True
270250,AL,DOIS RIACHOS,0.511,MUITO ALTA VULNERABILIDADE,False,False,CADASTRO RESERVA,0,MUITO ALTA VULNERABILIDADE,FAIXA 1,20000,0.487,False,,False,,False,,False,,True,FAIXA 1,True
270255,AL,ESTRELA DE ALAGOAS,0.557,MUITO ALTA VULNERABILIDADE,False,False,CADASTRO RESERVA,0,MUITO ALTA VULNERABILIDADE,FAIXA 1,20000,0.464,False,,False,,False,,False,,False,,False
270260,AL,FEIRA GRANDE,0.495,ALTA VULNERABILIDADE,False,False,CADASTRO RESERVA,0,ALTA VULNERABILIDADE,FAIXA 1,20000,0.531,False,,False,,False,,False,,False,,False
270270,AL,FELIZ DESERTO,0.569,MUITO ALTA VULNERABILIDADE,False,False,CADASTRO RESERVA,0,MUITO ALTA VULNERABILIDADE,FAIXA 1,20000,0.486,False,,False,,False,,False,,False,,False
270280,AL,FLEXEIRAS,0.579,MUITO ALTA VULNERABILIDADE,False,False,CADASTRO RESERVA,0,MUITO ALTA VULNERABILIDADE,FAIXA 1,20000,0.461,False,,False,,False,,False,,False,,False
270290,AL,GIRAU DO PONCIANO,0.584,MUITO ALTA VULNERABILIDADE,False,False,CADASTRO RESERVA,0,MUITO ALTA VULNERABILIDADE,FAIXA 1,20000,0.470,False,,False,,False,,False,,False,,False
270300,AL,IBATEGUARA,0.587,MUITO ALTA VULNERABILIDADE,False,False,CADASTRO RESERVA,0,MUITO ALTA VULNERABILIDADE,FAIXA 1,20000,0.483,False,,False,,False,,False,,False,,False
270310,AL,IGACI,0.540,MUITO ALTA VULNERABILIDADE,False,False,CADASTRO RESERVA,0,MUITO ALTA VULNERABILIDADE,FAIXA 1,20000,0.548,False,,False,,False,,False,,False,,False
270320,AL,IGREJA NOVA,0.468,ALTA VULNERABILIDADE,False,False,CONFIRMAÇÃO DE VAGAS (ADERIDOS),1,ALTA VULNERABILIDADE,FAIXA 1,20000,0.335,False,,False,,False,,False,,False,,False
270330,AL,INHAPI,0.678,MUITO ALTA VULNERABILIDADE,False,False,CADASTRO RESERVA,0,MUITO ALTA VULNERABILIDADE,FAIXA 1,20000,0.586,False,,False,,False,,False,,False,,False
270340,AL,JACARE DOS HOMENS,0.438,ALTA VULNERABILIDADE,False,False,CADASTRO RESERVA,0,ALTA VULNERABILIDADE,FAIXA 1,20000,0.505,False,,False,,False,,False,,False,,False
270350,AL,JACUIPE,0.553,MUITO ALTA VULNERABILIDADE,False,False,CADASTRO RESERVA,0,MUITO ALTA VULNERABILIDADE,FAIXA 1,20000,0.430,False,,False,,False,,False,,False,,False
270360,AL,JAPARATINGA,0.558,MUITO ALTA VULNERABILIDADE,False,False,CADASTRO RESERVA,0,MUITO ALTA VULNERABILIDADE,FAIXA 1,20000,0.450,False,,False,,False,,False,,False,,False
270370,AL,JARAMATAIA,0.497,ALTA VULNERABILIDADE,False,False,CADASTRO RESERVA,0,ALTA VULNERABILIDADE,FAIXA 1,20000,0.418,False,,False,,False,,False,,True,FAIXA 1,True
270375,AL,JEQUIA DA PRAIA,0.518,MUITO ALTA VULNERABILIDADE,False,False,CADASTRO RESERVA,0,MUITO ALTA VULNERABILIDADE,FAIXA 1,20000,0.500,False,,False,,False,,False,,False,,False
270380,AL,JOAQUIM GOMES,0.587,MUITO ALTA VULNERABILIDADE,False,False,CONFIRMAÇÃO DE VAGAS (ADERIDOS),2,MUITO ALTA VULNERABILIDADE,FAIXA 1,20000,0.526,False,,False,,False,,False,,False,,False
270390,AL,JUNDIA,0.593,MUITO ALTA VULNERABILIDADE,False,False,CADASTRO RESERVA,0,MUITO ALTA VULNERABILIDADE,FAIXA 1,20000,0.577,False,,False,,False,,False,,False,,False
270400,AL,JUNQUEIRO,0.459,ALTA VULNERABILIDADE,False,False,CADASTRO RESERVA,0,ALTA VULNERABILIDADE,FAIXA 1,20000,0.316,False,,False,,False,,False,,False,,False
270410,AL,LAGOA DA CANOA,0.490,ALTA VULNERABILIDADE,False,False,CADASTRO RESERVA,0,ALTA VULNERABILIDADE,FAIXA 1,20000,0.449,False,,False,,False,,False,,False,,False
270420,AL,LIMOEIRO DE ANADIA,0.524,MUITO ALTA VULNERABILIDADE,False,False,CADASTRO RESERVA,0,MUITO ALTA VULNERABILIDADE,FAIXA 1,20000,0.508,False,,False,,False,,False,,False,,False
270430,AL,MACEIO,0.393,MEDIA VULNERABILIDADE,False,False,CADASTRO RESERVA,0,MEDIA VULNERABILIDADE,FAIXA 2,15000,0.434,True,FAIXA 2,True,FAIXA 2,True,FAIXA 2,True,FAIXA 2,True,FAIXA 2,True
270440,AL,MAJOR ISIDORO,0.553,MUITO ALTA VULNERABILIDADE,False,False,CADASTRO RESERVA,0,MUITO ALTA VULNERABILIDADE,FAIXA 1,20000,0.554,False,,False,,False,,False,,False,,False
270450,AL,MARAGOGI,0.459,ALTA VULNERABILIDADE,False,False,CADASTRO RESERVA,0,ALTA VULNERABILIDADE,FAIXA 1,20000,0.401,False,,False,,False,,False,,False,,False
270460,AL,MARAVILHA,0.530,MUITO ALTA VULNERABILIDADE,False,False,CADASTRO RESERVA,0,MUITO ALTA VULNERABILIDADE,FAIXA 1,20000,0.423,False,,False,,False,,False,,False,,False
270470,AL,MARECHAL DEODORO,0.408,ALTA VULNERABILIDADE,False,False,CADASTRO RESERVA,0,ALTA VULNERABILIDADE,FAIXA 1,20000,0.398,False,,False,,False,,False,,False,,False
270480,AL,MARIBONDO,0.439,ALTA VULNERABILIDADE,False,False,CONFIRMAÇÃO DE VAGAS (ADERIDOS),1,ALTA VULNERABILIDADE,FAIXA 1,20000,0.411,False,,False,,False,,False,,False,,False
270490,AL,MAR VERMELHO,0.416,ALTA VULNERABILIDADE,False,False,CADASTRO RESERVA,0,ALTA VULNERABILIDADE,FAIXA 1,20000,0.370,False,,False,,False,,False,,False,,False
270500,AL,MATA GRANDE,0.558,MUITO ALTA VULNERABILIDADE,False,False,CADASTRO RESERVA,0,MUITO ALTA VULNERABILIDADE,FAIXA 1,20000,0.370,False,,False,,False,,False,,False,,False
270510,AL,MATRIZ DE CAMARAGIBE,0.578,MUITO ALTA VULNERABILIDADE,False,False,CADASTRO RESERVA,0,MUITO ALTA VULNERABILIDADE,FAIXA 1,20000,0.600,False,,False,,False,,False,,False,,False
270520,AL,MESSIAS,0.530,MUITO ALTA VULNERABILIDADE,False,False,CADASTRO RESERVA,0,MUITO ALTA VULNERABILIDADE,FAIXA 1,20000,0.503,False,,False,,False,,False,,False,,False
270530,AL,MINADOR DO NEGRAO,0.533,MUITO ALTA VULNERABILIDADE,False,False,CONFIRMAÇÃO DE VAGAS (ADERIDOS),1,MUITO ALTA VULNERABILIDADE,FAIXA 1,20000,0.585,False,,False,,False,,False,,False,,False
270540,AL,MONTEIROPOLIS,0.551,MUITO ALTA VULNERABILIDADE,False,False,CONFIRMAÇÃO DE VAGAS (ADERIDOS),1,MUITO ALTA VULNERABILIDADE,FAIXA 1,20000,0.500,False,,False,,False,,False,,True,FAIXA 1,True
270550,AL,MURICI,0.593,MUITO ALTA VULNERABILIDADE,False,False,CADASTRO RESERVA,0,MUITO ALTA VULNERABILIDADE,FAIXA 1,20000,0.511,False,,False,,False,,False,,False,,False
270560,AL,NOVO LINO,0.640,MUITO ALTA VULNERABILIDADE,False,False,CADASTRO RESERVA,0,MUITO ALTA VULNERABILIDADE,FAIXA 1,20000,0.530,False,,False,,False,,False,,False,,False
270570,AL,OLHO D'AGUA DAS FLORES,0.459,ALTA VULNERABILIDADE,False,False,CADASTRO RESERVA,0,ALTA VULNERABILIDADE,FAIXA 1,20000,0.432,False,,False,,False,,False,,False,,False
270580,AL,OLHO D'AGUA DO CASADO,0.520,MUITO ALTA VULNERABILIDADE,False,False,CADASTRO RESERVA,0,MUITO ALTA VULNERABILIDADE,FAIXA 1,20000,0.488,False,,False,,False,,False,,False,,False
270590,AL,OLHO D'AGUA GRANDE,0.583,MUITO ALTA VULNERABILIDADE,False,False,CADASTRO RESERVA,0,MUITO ALTA VULNERABILIDADE,FAIXA 1,20000,0.613,False,,False,,False,,False,,False,,False
270600,AL,OLIVENCA,0.570,MUITO ALTA VULNERABILIDADE,False,False,CADASTRO RESERVA,0,MUITO ALTA VULNERABILIDADE,FAIXA 1,20000,0.505,False,,False,,False,,False,,False,,False
270610,AL,OURO BRANCO,0.569,MUITO ALTA VULNERABILIDADE,False,False,CADASTRO RESERVA,0,MUITO ALTA VULNERABILIDADE,FAIXA 1,20000,0.537,False,,False,,False,,False,,True,FAIXA 1,True
270620,AL,PALESTINA,0.479,ALTA VULNERABILIDADE,False,False,CADASTRO RESERVA,0,ALTA VULNERABILIDADE,FAIXA 1,20000,0.417,False,,False,,False,,False,,False,,False
270630,AL,PALMEIRA DOS INDIOS,0.443,ALTA VULNERABILIDADE,False,False,CADASTRO RESERVA,0,ALTA VULNERABILIDADE,FAIXA 1,20000,0.430,False,,False,,False,,False,,False,,False
270640,AL,PAO DE ACUCAR,0.477,ALTA VULNERABILIDADE,False,False,CADASTRO RESERVA,0,ALTA VULNERABILIDADE,FAIXA 1,20000,0.388,False,,False,,False,,False,,False,,False
270642,AL,PARICONHA,0.510,MUITO ALTA VULNERABILIDADE,False,False,CADASTRO RESERVA,0,MUITO ALTA VULNERABILIDADE,FAIXA 1,20000,0.293,False,,False,,False,,False,,True,FAIXA 1,True
270644,AL,PARIPUEIRA,0.467,ALTA VULNERABILIDADE,False,False,CONFIRMAÇÃO DE VAGAS (ADERIDOS),1,ALTA VULNERABILIDADE,FAIXA 1,20000,0.421,False,,False,,False,,False,,False,,False
270650,AL,PASSO DE CAMARAGIBE,0.558,MUITO ALTA VULNERABILIDADE,False,False,CADASTRO RESERVA,0,MUITO ALTA VULNERABILIDADE,FAIXA 1,20000,0.532,False,,False,,False,,False,,False,,False
270660,AL,PAULO JACINTO,0.499,ALTA VULNERABILIDADE,False,False,CONFIRMAÇÃO DE VAGAS (ADERIDOS),1,ALTA VULNERABILIDADE,FAIXA 1,20000,0.423,False,,False,,False,,False,,False,,False
270670,AL,PENEDO,0.408,ALTA VULNERABILIDADE,False,False,CADASTRO RESERVA,0,ALTA VULNERABILIDADE,FAIXA 1,20000,0.402,False,,False,,False,,False,,True,FAIXA 1,True
270680,AL,PIACABUCU,0.481,ALTA VULNERABILIDADE,False,False,CADASTRO RESERVA,0,ALTA VULNERABILIDADE,FAIXA 1,20000,0.427,False,,False,,False,,False,,False,,False
270690,AL,PILAR,0.444,ALTA VULNERABILIDADE,False,False,CADASTRO RESERVA,0,ALTA VULNERABILIDADE,FAIXA 1,20000,0.425,False,,False,,False,,False,,True,FAIXA 1,True
270700,AL,PINDOBA,0.452,ALTA VULNERABILIDADE,False,False,CADASTRO RESERVA,0,ALTA VULNERABILIDADE,FAIXA 1,20000,0.331,False,,False,,False,,False,,False,,False
270710,AL,PIRANHAS,0.508,MUITO ALTA VULNERABILIDADE,False,False,CONFIRMAÇÃO DE VAGAS (ADERIDOS),1,MUITO ALTA VULNERABILIDADE,FAIXA 1,20000,0.424,False,,False,,False,,False,,False,,False
270720,AL,POCO DAS TRINCHEIRAS,0.590,MUITO ALTA VULNERABILIDADE,False,False,CADASTRO RESERVA,0,MUITO ALTA VULNERABILIDADE,FAIXA 1,20000,0.434,False,,False,,False,,False,,True,FAIXA 1,True
270730,AL,PORTO CALVO,0.491,ALTA VULNERABILIDADE,False,False,CADASTRO RESERVA,0,ALTA VULNERABILIDADE,FAIXA 1,20000,0.409,False,,False,,True,FAIXA 1,True,FAIXA 1,True,FAIXA 1,True
270740,AL,PORTO DE PEDRAS,0.556,MUITO ALTA VULNERABILIDADE,False,False,CADASTRO RESERVA,0,MUITO ALTA VULNERABILIDADE,FAIXA 1,20000,0.510,False,,False,,False,,False,,False,,False
270750,AL,PORTO REAL DO COLEGIO,0.524,MUITO ALTA VULNERABILIDADE,False,False,CADASTRO RESERVA,0,MUITO ALTA VULNERABILIDADE,FAIXA 1,20000,0.414,False,,False,,False,,False,,False,,False
270760,AL,QUEBRANGULO,0.455,ALTA VULNERABILIDADE,False,False,CADASTRO RESERVA,0,ALTA VULNERABILIDADE,FAIXA 1,20000,0.417,False,,False,,False,,False,,False,,False
270770,AL,RIO LARGO,0.497,ALTA VULNERABILIDADE,False,False,CADASTRO RESERVA,0,ALTA VULNERABILIDADE,FAIXA 1,20000,0.522,False,,False,,False,,False,,False,,False
270780,AL,ROTEIRO,0.633,MUITO ALTA VULNERABILIDADE,False,False,CONFIRMAÇÃO DE VAGAS (ADERIDOS),1,MUITO ALTA VULNERABILIDADE,FAIXA 1,20000,0.610,False,,False,,False,,False,,False,,False
270790,AL,SANTA LUZIA DO NORTE,0.477,ALTA VULNERABILIDADE,False,False,NÃO ELEGIVEL,0,ALTA VULNERABILIDADE,FAIXA 1,20000,0.424,False,,False,,False,,False,,False,,False
270800,AL,SANTANA DO IPANEMA,0.467,ALTA VULNERABILIDADE,False,False,CONFIRMAÇÃO DE VAGAS (ADERIDOS),1,ALTA VULNERABILIDADE,FAIXA 1,20000,0.429,False,,False,,False,,False,,True,FAIXA 1,True
270810,AL,SANTANA DO MUNDAU,0.554,MUITO ALTA VULNERABILIDADE,False,False,CADASTRO RESERVA,0,MUITO ALTA VULNERABILIDADE,FAIXA 1,20000,0.567,False,,False,,False,,False,,False,,False
270820,AL,SAO BRAS,0.489,ALTA VULNERABILIDADE,False,False,CADASTRO RESERVA,0,ALTA VULNERABILIDADE,FAIXA 1,20000,0.411,False,,False,,False,,False,,True,FAIXA 1,True
270830,AL,SAO JOSE DA LAJE,0.558,MUITO ALTA VULNERABILIDADE,False,False,CADASTRO RESERVA,0,MUITO ALTA VULNERABILIDADE,FAIXA 1,20000,0.477,False,,False,,False,,False,,False,,False
270840,AL,SAO JOSE DA TAPERA,0.580,MUITO ALTA VULNERABILIDADE,False,False,CONFIRMAÇÃO DE VAGAS (ADERIDOS),1,MUITO ALTA VULNERABILIDADE,FAIXA 1,20000,0.525,False,,False,,False,,False,,False,,False
270850,AL,SAO LUIS DO QUITUNDE,0.617,MUITO ALTA VULNERABILIDADE,False,False,CADASTRO RESERVA,0,MUITO ALTA VULNERABILIDADE,FAIXA 1,20000,0.552,False,,False,,False,,False,,False,,False
270860,AL,SAO MIGUEL DOS CAMPOS,0.405,ALTA VULNERABILIDADE,False,False,CADASTRO RESERVA,0,ALTA VULNERABILIDADE,FAIXA 1,20000,0.408,False,,False,,False,,False,,False,,False
270870,AL,SAO MIGUEL DOS MILAGRES,0.519,MUITO ALTA VULNERABILIDADE,False,False,CADASTRO RESERVA,0,MUITO ALTA VULNERABILIDADE,FAIXA 1,20000,0.499,False,,False,,False,,False,,False,,False
270880,AL,SAO SEBASTIAO,0.552,MUITO ALTA VULNERABILIDADE,False,False,CADASTRO RESERVA,0,MUITO ALTA VULNERABILIDADE,FAIXA 1,20000,0.579,False,,False,,False,,False,,False,,False
270890,AL,SATUBA,0.352,MEDIA VULNERABILIDADE,False,False,NÃO ELEGIVEL,0,MEDIA VULNERABILIDADE,FAIXA 2,15000,0.374,False,,False,,False,,False,,False,,False
270895,AL,SENADOR RUI PALMEIRA,0.550,MUITO ALTA VULNERABILIDADE,False,False,CONFIRMAÇÃO DE VAGAS (ADERIDOS),2,MUITO ALTA VULNERABILIDADE,FAIXA 1,20000,0.495,False,,False,,False,,False,,False,,False
270900,AL,TANQUE D'ARCA,0.527,MUITO ALTA VULNERABILIDADE,False,False,CADASTRO RESERVA,0,MUITO ALTA VULNERABILIDADE,FAIXA 1,20000,0.462,False,,False,,False,,False,,False,,False
270910,AL,TAQUARANA,0.545,MUITO ALTA VULNERABILIDADE,False,False,CADASTRO RESERVA,0,MUITO ALTA VULNERABILIDADE,FAIXA 1,20000,0.474,False,,False,,False,,False,,True,FAIXA 1,True
270915,AL,TEOTONIO VILELA,0.516,MUITO ALTA VULNERABILIDADE,False,False,CONFIRMAÇÃO DE VAGAS (ADERIDOS),2,MUITO ALTA VULNERABILIDADE,FAIXA 1,20000,0.435,False,,False,,False,,False,,False,,False
270920,AL,TRAIPU,0.612,MUITO ALTA VULNERABILIDADE,False,False,CADASTRO RESERVA,0,MUITO ALTA VULNERABILIDADE,FAIXA 1,20000,0.454,False,,False,,False,,False,,False,,False
270930,AL,UNIAO DOS PALMARES,0.452,ALTA VULNERABILIDADE,False,False,CONFIRMAÇÃO DE VAGAS (ADERIDOS),1,ALTA VULNERABILIDADE,FAIXA 1,20000,0.395,True,FAIXA 1,True,FAIXA 1,False,,False,,False,,True
270940,AL,VICOSA,0.492,ALTA VULNERABILIDADE,False,False,CADASTRO RESERVA,0,ALTA VULNERABILIDADE,FAIXA 1,20000,0.403,False,,False,,False,,False,,False,,False
280010,SE,AMPARO DE SAO FRANCISCO,0.453,ALTA VULNERABILIDADE,False,False,NÃO ELEGIVEL,0,ALTA VULNERABILIDADE,FAIXA 1,20000,0.399,False,,False,,False,,False,,False,,False
280020,SE,AQUIDABA,0.454,ALTA VULNERABILIDADE,False,False,CONFIRMAÇÃO DE VAGAS (ADERIDOS),1,ALTA VULNERABILIDADE,FAIXA 1,20000,0.375,False,,False,,False,,False,,False,,False
280030,SE,ARACAJU,0.287,BAIXA VULNERABILIDADE,False,False,CONFIRMAÇÃO DE VAGAS (ADERIDOS),1,BAIXA VULNERABILIDADE,FAIXA 3,10000,0.333,True,FAIXA 3,True,FAIXA 3,True,FAIXA 3,True,FAIXA 3,True,FAIXA 3,True
280040,SE,ARAUA,0.471,ALTA VULNERABILIDADE,False,False,CADASTRO RESERVA,0,ALTA VULNERABILIDADE,FAIXA 1,20000,0.364,False,,False,,False,,False,,False,,False
280050,SE,AREIA BRANCA,0.430,ALTA VULNERABILIDADE,False,False,CADASTRO RESERVA,0,ALTA VULNERABILIDADE,FAIXA 1,20000,0.381,False,,False,,False,,False,,False,,False
280060,SE,BARRA DOS COQUEIROS,0.419,ALTA VULNERABILIDADE,False,False,NÃO ELEGIVEL,0,ALTA VULNERABILIDADE,FAIXA 1,20000,0.404,False,,False,,False,,False,,True,FAIXA 1,True
280067,SE,BOQUIM,0.438,ALTA VULNERABILIDADE,False,False,CONFIRMAÇÃO DE VAGAS (ADERIDOS),1,ALTA VULNERABILIDADE,FAIXA 1,20000,0.386,False,,False,,False,,False,,False,,False
280070,SE,BREJO GRANDE,0.605,MUITO ALTA VULNERABILIDADE,False,False,CADASTRO RESERVA,0,MUITO ALTA VULNERABILIDADE,FAIXA 1,20000,0.616,False,,False,,False,,False,,False,,False
280100,SE,CAMPO DO BRITO,0.353,MEDIA VULNERABILIDADE,False,False,CADASTRO RESERVA,0,MEDIA VULNERABILIDADE,FAIXA 2,15000,0.340,False,,False,,False,,False,,False,,False
280110,SE,CANHOBA,0.472,ALTA VULNERABILIDADE,False,False,CADASTRO RESERVA,0,ALTA VULNERABILIDADE,FAIXA 1,20000,0.507,False,,False,,False,,False,,False,,False
280120,SE,CANINDE DE SAO FRANCISCO,0.488,ALTA VULNERABILIDADE,False,False,CADASTRO RESERVA,0,ALTA VULNERABILIDADE,FAIXA 1,20000,0.471,False,,False,,False,,False,,False,,False
280130,SE,CAPELA,0.494,ALTA VULNERABILIDADE,False,False,CONFIRMAÇÃO DE VAGAS (ADERIDOS),2,ALTA VULNERABILIDADE,FAIXA 1,20000,0.414,False,,False,,False,,False,,False,,False
280140,SE,CARIRA,0.453,ALTA VULNERABILIDADE,False,False,CONFIRMAÇÃO DE VAGAS (ADERIDOS),1,ALTA VULNERABILIDADE,FAIXA 1,20000,0.340,False,,False,,False,,False,,False,,False
280150,SE,CARMOPOLIS,0.347,MEDIA VULNERABILIDADE,False,False,CADASTRO RESERVA,0,MEDIA VULNERABILIDADE,FAIXA 2,15000,0.335,False,,False,,False,,False,,False,,False
280160,SE,CEDRO DE SAO JOAO,0.389,MEDIA VULNERABILIDADE,False,False,CADASTRO RESERVA,0,MEDIA VULNERABILIDADE,FAIXA 2,15000,0.393,False,,False,,False,,False,,False,,False
280170,SE,CRISTINAPOLIS,0.552,MUITO ALTA VULNERABILIDADE,False,False,CADASTRO RESERVA,0,MUITO ALTA VULNERABILIDADE,FAIXA 1,20000,0.457,False,,False,,False,,False,,False,,False
280190,SE,CUMBE,0.374,MEDIA VULNERABILIDADE,False,False,CADASTRO RESERVA,0,MEDIA VULNERABILIDADE,FAIXA 2,15000,0.376,False,,False,,False,,False,,False,,False
280200,SE,DIVINA PASTORA,0.450,ALTA VULNERABILIDADE,False,False,NÃO ELEGIVEL,0,ALTA VULNERABILIDADE,FAIXA 1,20000,0.323,False,,False,,False,,False,,False,,False
280210,SE,ESTANCIA,0.370,MEDIA VULNERABILIDADE,False,False,CADASTRO RESERVA,0,MEDIA VULNERABILIDADE,FAIXA 2,15000,0.347,False,,False,,False,,False,,False,,False
280220,SE,FEIRA NOVA,0.434,ALTA VULNERABILIDADE,False,False,CADASTRO RESERVA,0,ALTA VULNERABILIDADE,FAIXA 1,20000,0.414,False,,False,,False,,False,,False,,False
280230,SE,FREI PAULO,0.379,MEDIA VULNERABILIDADE,False,False,CONFIRMAÇÃO DE VAGAS (ADERIDOS),1,MEDIA VULNERABILIDADE,FAIXA 2,15000,0.309,False,,False,,False,,False,,True,FAIXA 2,True
280240,SE,GARARU,0.469,ALTA VULNERABILIDADE,False,False,CADASTRO RESERVA,0,ALTA VULNERABILIDADE,FAIXA 1,20000,0.306,False,,False,,False,,False,,False,,False
280250,SE,GENERAL MAYNARD,0.382,MEDIA VULNERABILIDADE,False,False,CONFIRMAÇÃO DE VAGAS (ADERIDOS),1,MEDIA VULNERABILIDADE,FAIXA 2,15000,0.295,False,,False,,False,,False,,False,,False
280260,SE,GRACHO CARDOSO,0.423,ALTA VULNERABILIDADE,False,False,CADASTRO RESERVA,0,ALTA VULNERABILIDADE,FAIXA 1,20000,0.393,False,,False,,False,,False,,False,,False
280270,SE,ILHA DAS FLORES,0.506,MUITO ALTA VULNERABILIDADE,False,False,CADASTRO RESERVA,0,MUITO ALTA VULNERABILIDADE,FAIXA 1,20000,0.479,False,,False,,False,,False,,False,,False
280280,SE,INDIAROBA,0.497,ALTA VULNERABILIDADE,False,False,CONFIRMAÇÃO DE VAGAS (ADERIDOS),1,ALTA VULNERABILIDADE,FAIXA 1,20000,0.493,False,,False,,False,,False,,False,,False
280290,SE,ITABAIANA,0.333,MEDIA VULNERABILIDADE,False,False,CADASTRO RESERVA,0,MEDIA VULNERABILIDADE,FAIXA 2,15000,0.340,False,,False,,False,,False,,True,FAIXA 2,True
280300,SE,ITABAIANINHA,0.498,ALTA VULNERABILIDADE,False,False,CADASTRO RESERVA,0,ALTA VULNERABILIDADE,FAIXA 1,20000,0.398,False,,False,,False,,False,,False,,False
280310,SE,ITABI,0.432,ALTA VULNERABILIDADE,False,False,CADASTRO RESERVA,0,ALTA VULNERABILIDADE,FAIXA 1,20000,0.469,False,,False,,False,,False,,False,,False
280320,SE,ITAPORANGA D'AJUDA,0.553,MUITO ALTA VULNERABILIDADE,False,False,CADASTRO RESERVA,0,MUITO ALTA VULNERABILIDADE,FAIXA 1,20000,0.527,False,,False,,False,,False,,False,,False
280330,SE,JAPARATUBA,0.471,ALTA VULNERABILIDADE,False,False,CADASTRO RESERVA,0,ALTA VULNERABILIDADE,FAIXA 1,20000,0.366,False,,False,,False,,False,,False,,False
280340,SE,JAPOATA,0.466,ALTA VULNERABILIDADE,False,False,CADASTRO RESERVA,0,ALTA VULNERABILIDADE,FAIXA 1,20000,0.373,False,,False,,False,,False,,False,,False
280350,SE,LAGARTO,0.375,MEDIA VULNERABILIDADE,False,False,CADASTRO RESERVA,0,MEDIA VULNERABILIDADE,FAIXA 2,15000,0.331,True,FAIXA 2,True,FAIXA 2,True,FAIXA 2,False,,True,FAIXA 2,True
280360,SE,LARANJEIRAS,0.391,MEDIA VULNERABILIDADE,False,False,CADASTRO RESERVA,0,MEDIA VULNERABILIDADE,FAIXA 2,15000,0.352,False,,False,,False,,False,,True,FAIXA 2,True
280370,SE,MACAMBIRA,0.441,ALTA VULNERABILIDADE,False,False,NÃO ELEGIVEL,0,ALTA VULNERABILIDADE,FAIXA 1,20000,0.337,False,,False,,False,,False,,False,,False
280380,SE,MALHADA DOS BOIS,0.403,ALTA VULNERABILIDADE,False,False,CADASTRO RESERVA,0,ALTA VULNERABILIDADE,FAIXA 1,20000,0.294,False,,False,,False,,False,,False,,False
280390,SE,MALHADOR,0.395,MEDIA VULNERABILIDADE,False,False,CADASTRO RESERVA,0,MEDIA VULNERABILIDADE,FAIXA 2,15000,0.332,False,,False,,False,,False,,False,,False
280400,SE,MARUIM,0.434,ALTA VULNERABILIDADE,False,False,CADASTRO RESERVA,0,ALTA VULNERABILIDADE,FAIXA 1,20000,0.485,False,,False,,False,,False,,False,,False
280410,SE,MOITA BONITA,0.431,ALTA VULNERABILIDADE,False,False,CADASTRO RESERVA,0,ALTA VULNERABILIDADE,FAIXA 1,20000,0.233,False,,False,,False,,False,,False,,False
280420,SE,MONTE ALEGRE DE SERGIPE,0.491,ALTA VULNERABILIDADE,False,False,CONFIRMAÇÃO DE VAGAS (ADERIDOS),1,ALTA VULNERABILIDADE,FAIXA 1,20000,0.374,False,,False,,False,,False,,False,,False
280430,SE,MURIBECA,0.494,ALTA VULNERABILIDADE,False,False,CADASTRO RESERVA,0,ALTA VULNERABILIDADE,FAIXA 1,20000,0.381,False,,False,,False,,False,,False,,False
280440,SE,NEOPOLIS,0.450,ALTA VULNERABILIDADE,False,False,CADASTRO RESERVA,0,ALTA VULNERABILIDADE,FAIXA 1,20000,0.319,False,,False,,False,,False,,False,,False
280445,SE,NOSSA SENHORA APARECIDA,0.361,MEDIA VULNERABILIDADE,False,False,CONFIRMAÇÃO DE VAGAS (ADERIDOS),1,MEDIA VULNERABILIDADE,FAIXA 2,15000,0.250,False,,False,,False,,False,,False,,False
280450,SE,NOSSA SENHORA DA GLORIA,0.386,MEDIA VULNERABILIDADE,False,False,CADASTRO RESERVA,0,MEDIA VULNERABILIDADE,FAIXA 2,15000,0.390,False,,False,,False,,False,,False,,False
280460,SE,NOSSA SENHORA DAS DORES,0.458,ALTA VULNERABILIDADE,False,False,CONFIRMAÇÃO DE VAGAS (ADERIDOS),1,ALTA VULNERABILIDADE,FAIXA 1,20000,0.442,False,,False,,False,,False,,False,,False
280470,SE,NOSSA SENHORA DE LOURDES,0.393,MEDIA VULNERABILIDADE,False,False,CADASTRO RESERVA,0,MEDIA VULNERABILIDADE,FAIXA 2,15000,0.362,False,,False,,False,,False,,False,,False
280480,SE,NOSSA SENHORA DO SOCORRO,0.435,ALTA VULNERABILIDADE,False,False,CONFIRMAÇÃO DE VAGAS (ADERIDOS),1,ALTA VULNERABILIDADE,FAIXA 1,20000,0.447,False,,False,,False,,False,,False,,False
280490,SE,PACATUBA,0.507,MUITO ALTA VULNERABILIDADE,False,False,CONFIRMAÇÃO DE VAGAS (ADERIDOS),1,MUITO ALTA VULNERABILIDADE,FAIXA 1,20000,0.341,False,,False,,False,,False,,False,,False
280500,SE,PEDRA MOLE,0.391,MEDIA VULNERABILIDADE,False,False,CADASTRO RESERVA,0,MEDIA VULNERABILIDADE,FAIXA 2,15000,0.430,False,,False,,False,,False,,False,,False
280510,SE,PEDRINHAS,0.544,MUITO ALTA VULNERABILIDADE,False,False,CADASTRO RESERVA,0,MUITO ALTA VULNERABILIDADE,FAIXA 1,20000,0.460,False,,False,,False,,False,,False,,False
280520,SE,PINHAO,0.419,ALTA VULNERABILIDADE,False,False,CADASTRO RESERVA,0,ALTA VULNERABILIDADE,FAIXA 1,20000,0.323,False,,False,,False,,False,,False,,False
280530,SE,PIRAMBU,0.437,ALTA VULNERABILIDADE,False,False,CADASTRO RESERVA,0,ALTA VULNERABILIDADE,FAIXA 1,20000,0.309,False,,False,,False,,False,,False,,False
280540,SE,POCO REDONDO,0.498,ALTA VULNERABILIDADE,False,False,CADASTRO RESERVA,0,ALTA VULNERABILIDADE,FAIXA 1,20000,0.515,False,,False,,False,,False,,False,,False
280550,SE,POCO VERDE,0.443,ALTA VULNERABILIDADE,False,False,CADASTRO RESERVA,0,ALTA VULNERABILIDADE,FAIXA 1,20000,0.380,False,,False,,False,,False,,False,,False
280560,SE,PORTO DA FOLHA,0.474,ALTA VULNERABILIDADE,False,False,CONFIRMAÇÃO DE VAGAS (ADERIDOS),1,ALTA VULNERABILIDADE,FAIXA 1,20000,0.434,False,,False,,False,,False,,False,,False
280570,SE,PROPRIA,0.344,MEDIA VULNERABILIDADE,False,False,CADASTRO RESERVA,0,MEDIA VULNERABILIDADE,FAIXA 2,15000,0.337,False,,False,,False,,False,,False,,False
280580,SE,RIACHAO DO DANTAS,0.492,ALTA VULNERABILIDADE,False,False,CADASTRO RESERVA,0,ALTA VULNERABILIDADE,FAIXA 1,20000,0.331,False,,False,,False,,False,,False,,False
280590,SE,RIACHUELO,0.409,ALTA VULNERABILIDADE,False,False,CADASTRO RESERVA,0,ALTA VULNERABILIDADE,FAIXA 1,20000,0.400,False,,False,,False,,False,,False,,False
280600,SE,RIBEIROPOLIS,0.388,MEDIA VULNERABILIDADE,False,False,CONFIRMAÇÃO DE VAGAS (ADERIDOS),1,MEDIA VULNERABILIDADE,FAIXA 2,15000,0.330,False,,False,,False,,False,,False,,False
280610,SE,ROSARIO DO CATETE,0.389,MEDIA VULNERABILIDADE,False,False,CONFIRMAÇÃO DE VAGAS (ADERIDOS),1,MEDIA VULNERABILIDADE,FAIXA 2,15000,0.335,False,,False,,False,,False,,False,,False
280620,SE,SALGADO,0.407,ALTA VULNERABILIDADE,False,False,CADASTRO RESERVA,0,ALTA VULNERABILIDADE,FAIXA 1,20000,0.324,False,,False,,False,,False,,False,,False
280630,SE,SANTA LUZIA DO ITANHY,0.534,MUITO ALTA VULNERABILIDADE,False,False,CADASTRO RESERVA,0,MUITO ALTA VULNERABILIDADE,FAIXA 1,20000,0.494,False,,False,,False,,False,,False,,False
280640,SE,SANTANA DO SAO FRANCISCO,0.379,MEDIA VULNERABILIDADE,False,False,CADASTRO RESERVA,0,MEDIA VULNERABILIDADE,FAIXA 2,15000,0.444,False,,False,,False,,False,,False,,False
280650,SE,SANTA ROSA DE LIMA,0.475,ALTA VULNERABILIDADE,False,False,CADASTRO RESERVA,0,ALTA VULNERABILIDADE,FAIXA 1,20000,0.412,False,,False,,False,,False,,False,,False
280660,SE,SANTO AMARO DAS BROTAS,0.412,ALTA VULNERABILIDADE,False,False,CADASTRO RESERVA,0,ALTA VULNERABILIDADE,FAIXA 1,20000,0.409,False,,False,,False,,False,,False,,False
280670,SE,SAO CRISTOVAO,0.434,ALTA VULNERABILIDADE,False,False,CONFIRMAÇÃO DE VAGAS (ADERIDOS),2,ALTA VULNERABILIDADE,FAIXA 1,20000,0.433,False,,False,,False,,False,,False,,False
280680,SE,SAO DOMINGOS,0.376,MEDIA VULNERABILIDADE,False,False,CADASTRO RESERVA,0,MEDIA VULNERABILIDADE,FAIXA 2,15000,0.355,False,,False,,False,,False,,False,,False
280690,SE,SAO FRANCISCO,0.462,ALTA VULNERABILIDADE,False,False,CADASTRO RESERVA,0,ALTA VULNERABILIDADE,FAIXA 1,20000,0.417,False,,False,,False,,False,,False,,False
280700,SE,SAO MIGUEL DO ALEIXO,0.479,ALTA VULNERABILIDADE,False,False,CADASTRO RESERVA,0,ALTA VULNERABILIDADE,FAIXA 1,20000,0.349,False,,False,,False,,False,,False,,False
280710,SE,SIMAO DIAS,0.498,ALTA VULNERABILIDADE,False,False,CADASTRO RESERVA,0,ALTA VULNERABILIDADE,FAIXA 1,20000,0.396,False,,False,,False,,False,,False,,False
280720,SE,SIRIRI,0.464,ALTA VULNERABILIDADE,False,False,CADASTRO RESERVA,0,ALTA VULNERABILIDADE,FAIXA 1,20000,0.303,False,,False,,False,,False,,False,,False
280730,SE,TELHA,0.352,MEDIA VULNERABILIDADE,False,False,CADASTRO RESERVA,0,MEDIA VULNERABILIDADE,FAIXA 2,15000,0.368,False,,False,,False,,False,,False,,False
280740,SE,TOBIAS BARRETO,0.471,ALTA VULNERABILIDADE,False,False,CADASTRO RESERVA,0,ALTA VULNERABILIDADE,FAIXA 1,20000,0.380,False,,False,,False,,False,,False,,False
280750,SE,TOMAR DO GERU,0.543,MUITO ALTA VULNERABILIDADE,False,False,CADASTRO RESERVA,0,MUITO ALTA VULNERABILIDADE,FAIXA 1,20000,0.331,False,,False,,False,,False,,False,,False
280760,SE,UMBAUBA,0.450,ALTA VULNERABILIDADE,False,False,CADASTRO RESERVA,0,ALTA VULNERABILIDADE,FAIXA 1,20000,0.389,False,,False,,False,,False,,False,,False
290010,BA,ABAIRA,0.409,ALTA VULNERABILIDADE,False,False,CONFIRMAÇÃO DE VAGAS (ADERIDOS),1,ALTA VULNERABILIDADE,FAIXA 1,20000,0.419,False,,False,,False,,False,,False,,False
290020,BA,ABARE,0.510,MUITO ALTA VULNERABILIDADE,False,False,CONFIRMAÇÃO DE VAGAS (ADERIDOS),1,MUITO ALTA VULNERABILIDADE,FAIXA 1,20000,0.472,False,,False,,False,,False,,False,,False
290030,BA,ACAJUTIBA,0.539,MUITO ALTA VULNERABILIDADE,False,False,CADASTRO RESERVA,0,MUITO ALTA VULNERABILIDADE,FAIXA 1,20000,0.506,False,,False,,False,,False,,False,,False
290035,BA,ADUSTINA,0.531,MUITO ALTA VULNERABILIDADE,False,False,CADASTRO RESERVA,0,MUITO ALTA VULNERABILIDADE,FAIXA 1,20000,0.427,False,,False,,False,,False,,False,,False
290040,BA,AGUA FRIA,0.576,MUITO ALTA VULNERABILIDADE,False,False,CADASTRO RESERVA,0,MUITO ALTA VULNERABILIDADE,FAIXA 1,20000,0.386,False,,False,,False,,False,,False,,False
290050,BA,ERICO CARDOSO,0.399,MEDIA VULNERABILIDADE,False,False,CADASTRO RESERVA,0,MEDIA VULNERABILIDADE,FAIXA 2,15000,0.396,False,,False,,False,,False,,False,,False
290060,BA,AIQUARA,0.429,ALTA VULNERABILIDADE,False,False,NÃO ELEGIVEL,0,ALTA VULNERABILIDADE,FAIXA 1,20000,0.400,False,,False,,False,,False,,False,,False
290070,BA,ALAGOINHAS,0.328,MEDIA VULNERABILIDADE,False,False,CADASTRO RESERVA,0,MEDIA VULNERABILIDADE,FAIXA 2,15000,0.327,True,FAIXA 2,True,FAIXA 2,False,,False,,True,FAIXA 2,True
290080,BA,ALCOBACA,0.480,ALTA VULNERABILIDADE,False,False,CADASTRO RESERVA,0,ALTA VULNERABILIDADE,FAIXA 1,20000,0.376,False,,False,,False,,False,,False,,False
290090,BA,ALMADINA,0.492,ALTA VULNERABILIDADE,False,False,CADASTRO RESERVA,0,ALTA VULNERABILIDADE,FAIXA 1,20000,0.458,False,,False,,False,,False,,False,,False
290100,BA,AMARGOSA,0.385,MEDIA VULNERABILIDADE,False,False,CADASTRO RESERVA,0,MEDIA VULNERABILIDADE,FAIXA 2,15000,0.382,False,,False,,True,FAIXA 2,True,FAIXA 2,True,FAIXA 2,True
290110,BA,AMELIA RODRIGUES,0.385,MEDIA VULNERABILIDADE,False,False,CADASTRO RESERVA,0,MEDIA VULNERABILIDADE,FAIXA 2,15000,0.348,False,,False,,False,,False,,False,,False
290115,BA,AMERICA DOURADA,0.574,MUITO ALTA VULNERABILIDADE,False,False,CADASTRO RESERVA,0,MUITO ALTA VULNERABILIDADE,FAIXA 1,20000,0.574,False,,False,,False,,False,,False,,False
290120,BA,ANAGE,0.523,MUITO ALTA VULNERABILIDADE,False,False,CADASTRO RESERVA,0,MUITO ALTA VULNERABILIDADE,FAIXA 1,20000,0.522,False,,False,,False,,False,,False,,False
290130,BA,ANDARAI,0.637,MUITO ALTA VULNERABILIDADE,False,False,CONFIRMAÇÃO DE VAGAS (ADERIDOS),1,MUITO ALTA VULNERABILIDADE,FAIXA 1,20000,0.515,False,,False,,False,,False,,False,,False
290135,BA,ANDORINHA,0.463,ALTA VULNERABILIDADE,False,False,CONFIRMAÇÃO DE VAGAS (ADERIDOS),1,ALTA VULNERABILIDADE,FAIXA 1,20000,0.317,False,,False,,False,,False,,False,,False
290140,BA,ANGICAL,0.391,MEDIA VULNERABILIDADE,False,False,CADASTRO RESERVA,0,MEDIA VULNERABILIDADE,FAIXA 2,15000,0.376,False,,False,,False,,False,,False,,False
290150,BA,ANGUERA,0.453,ALTA VULNERABILIDADE,False,False,CADASTRO RESERVA,0,ALTA VULNERABILIDADE,FAIXA 1,20000,0.347,False,,False,,False,,False,,False,,False
290160,BA,ANTAS,0.428,ALTA VULNERABILIDADE,False,False,CADASTRO RESERVA,0,ALTA VULNERABILIDADE,FAIXA 1,20000,0.414,False,,False,,False,,False,,False,,False
290170,BA,ANTONIO CARDOSO,0.471,ALTA VULNERABILIDADE,False,False,CADASTRO RESERVA,0,ALTA VULNERABILIDADE,FAIXA 1,20000,0.290,False,,False,,False,,False,,False,,False
290180,BA,ANTONIO GONCALVES,0.391,MEDIA VULNERABILIDADE,False,False,CADASTRO RESERVA,0,MEDIA VULNERABILIDADE,FAIXA 2,15000,0.336,False,,False,,False,,False,,False,,False
290190,BA,APORA,0.522,MUITO ALTA VULNERABILIDADE,False,False,CADASTRO RESERVA,0,MUITO ALTA VULNERABILIDADE,FAIXA 1,20000,0.479,False,,False,,False,,False,,False,,False
290195,BA,APUAREMA,0.511,MUITO ALTA VULNERABILIDADE,False,False,CONFIRMAÇÃO DE VAGAS (ADERIDOS),1,MUITO ALTA VULNERABILIDADE,FAIXA 1,20000,0.485,False,,False,,False,,False,,False,,False
290200,BA,ARACATU,0.432,ALTA VULNERABILIDADE,False,False,CADASTRO RESERVA,0,ALTA VULNERABILIDADE,FAIXA 1,20000,0.375,False,,False,,False,,False,,False,,False
290205,BA,ARACAS,0.494,ALTA VULNERABILIDADE,False,False,CONFIRMAÇÃO DE VAGAS (ADERIDOS),1,ALTA VULNERABILIDADE,FAIXA 1,20000,0.408,False,,False,,False,,False,,False,,False
290210,BA,ARACI,0.525,MUITO ALTA VULNERABILIDADE,False,False,CADASTRO RESERVA,0,MUITO ALTA VULNERABILIDADE,FAIXA 1,20000,0.416,False,,False,,False,,False,,False,,False
290220,BA,ARAMARI,0.539,MUITO ALTA VULNERABILIDADE,False,False,CADASTRO RESERVA,0,MUITO ALTA VULNERABILIDADE,FAIXA 1,20000,0.466,False,,False,,False,,False,,False,,False
290225,BA,ARATACA,0.536,MUITO ALTA VULNERABILIDADE,False,False,CADASTRO RESERVA,0,MUITO ALTA VULNERABILIDADE,FAIXA 1,20000,0.450,False,,False,,False,,False,,False,,False
290230,BA,ARATUIPE,0.466,ALTA VULNERABILIDADE,False,False,CADASTRO RESERVA,0,ALTA VULNERABILIDADE,FAIXA 1,20000,0.413,False,,False,,False,,False,,False,,False
290240,BA,AURELINO LEAL,0.481,ALTA VULNERABILIDADE,False,False,CADASTRO RESERVA,0,ALTA VULNERABILIDADE,FAIXA 1,20000,0.450,False,,False,,False,,False,,False,,False
290250,BA,BAIANOPOLIS,0.451,ALTA VULNERABILIDADE,False,False,CADASTRO RESERVA,0,ALTA VULNERABILIDADE,FAIXA 1,20000,0.454,False,,False,,False,,False,,False,,False
290260,BA,BAIXA GRANDE,0.490,ALTA VULNERABILIDADE,False,False,CADASTRO RESERVA,0,ALTA VULNERABILIDADE,FAIXA 1,20000,0.420,False,,False,,False,,False,,False,,False
290265,BA,BANZAE,0.410,ALTA VULNERABILIDADE,False,False,CONFIRMAÇÃO DE VAGAS (ADERIDOS),1,ALTA VULNERABILIDADE,FAIXA 1,20000,0.421,False,,False,,False,,False,,False,,False
290270,BA,BARRA,0.481,ALTA VULNERABILIDADE,False,False,CONFIRMAÇÃO DE VAGAS (ADERIDOS),2,ALTA VULNERABILIDADE,FAIXA 1,20000,0.398,False,,False,,False,,False,,True,FAIXA 1,True
290280,BA,BARRA DA ESTIVA,0.399,MEDIA VULNERABILIDADE,False,False,CADASTRO RESERVA,0,MEDIA VULNERABILIDADE,FAIXA 2,15000,0.325,False,,False,,False,,False,,False,,False
290290,BA,BARRA DO CHOCA,0.435,ALTA VULNERABILIDADE,False,False,CADASTRO RESERVA,0,ALTA VULNERABILIDADE,FAIXA 1,20000,0.438,False,,False,,False,,False,,False,,False
290300,BA,BARRA DO MENDES,0.426,ALTA VULNERABILIDADE,False,False,CADASTRO RESERVA,0,ALTA VULNERABILIDADE,FAIXA 1,20000,0.339,False,,False,,False,,False,,False,,False
290310,BA,BARRA DO ROCHA,0.452,ALTA VULNERABILIDADE,False,False,CADASTRO RESERVA,0,ALTA VULNERABILIDADE,FAIXA 1,20000,0.411,False,,False,,False,,False,,False,,False
290320,BA,BARREIRAS,0.273,BAIXA VULNERABILIDADE,False,False,CADASTRO RESERVA,0,BAIXA VULNERABILIDADE,FAIXA 3,10000,0.283,True,FAIXA 3,True,FAIXA 3,False,,False,,True,FAIXA 3,True
290323,BA,BARRO ALTO,0.435,ALTA VULNERABILIDADE,False,False,CONFIRMAÇÃO DE VAGAS (ADERIDOS),1,ALTA VULNERABILIDADE,FAIXA 1,20000,0.379,False,,False,,False,,False,,False,,False
290327,BA,BARROCAS,0.416,ALTA VULNERABILIDADE,False,False,CADASTRO RESERVA,0,ALTA VULNERABILIDADE,FAIXA 1,20000,0.384,False,,False,,False,,False,,False,,False
290330,BA,BARRO PRETO,0.526,MUITO ALTA VULNERABILIDADE,False,False,CADASTRO RESERVA,0,MUITO ALTA VULNERABILIDADE,FAIXA 1,20000,0.498,False,,False,,False,,False,,False,,False
290340,BA,BELMONTE,0.517,MUITO ALTA VULNERABILIDADE,False,False,CADASTRO RESERVA,0,MUITO ALTA VULNERABILIDADE,FAIXA 1,20000,0.531,False,,False,,False,,False,,False,,False
290350,BA,BELO CAMPO,0.456,ALTA VULNERABILIDADE,False,False,CADASTRO RESERVA,0,ALTA VULNERABILIDADE,FAIXA 1,20000,0.418,False,,False,,False,,False,,False,,False
290360,BA,BIRITINGA,0.538,MUITO ALTA VULNERABILIDADE,False,False,CADASTRO RESERVA,0,MUITO ALTA VULNERABILIDADE,FAIXA 1,20000,0.397,False,,False,,False,,False,,False,,False
290370,BA,BOA NOVA,0.542,MUITO ALTA VULNERABILIDADE,False,False,CADASTRO RESERVA,0,MUITO ALTA VULNERABILIDADE,FAIXA 1,20000,0.481,False,,False,,False,,False,,False,,False
290380,BA,BOA VISTA DO TUPIM,0.633,MUITO ALTA VULNERABILIDADE,False,False,CADASTRO RESERVA,0,MUITO ALTA VULNERABILIDADE,FAIXA 1,20000,0.475,False,,False,,False,,False,,False,,False
290390,BA,BOM JESUS DA LAPA,0.441,ALTA VULNERABILIDADE,False,False,CADASTRO RESERVA,0,ALTA VULNERABILIDADE,FAIXA 1,20000,0.385,False,,False,,True,FAIXA 1,True,FAIXA 1,True,FAIXA 1,True
290395,BA,BOM JESUS DA SERRA,0.529,MUITO ALTA VULNERABILIDADE,False,False,CADASTRO RESERVA,0,MUITO ALTA VULNERABILIDADE,FAIXA 1,20000,0.435,False,,False,,False,,False,,False,,False
290400,BA,BONINAL,0.443,ALTA VULNERABILIDADE,False,False,CADASTRO RESERVA,0,ALTA VULNERABILIDADE,FAIXA 1,20000,0.398,False,,False,,False,,False,,False,,False
290405,BA,BONITO,0.485,ALTA VULNERABILIDADE,False,False,CADASTRO RESERVA,0,ALTA VULNERABILIDADE,FAIXA 1,20000,0.380,False,,False,,False,,False,,False,,False
290410,BA,BOQUIRA,0.466,ALTA VULNERABILIDADE,False,False,CADASTRO RESERVA,0,ALTA VULNERABILIDADE,FAIXA 1,20000,0.459,False,,False,,False,,False,,False,,False
290420,BA,BOTUPORA,0.473,ALTA VULNERABILIDADE,False,False,CADASTRO RESERVA,0,ALTA VULNERABILIDADE,FAIXA 1,20000,0.319,False,,False,,False,,False,,False,,False
290430,BA,BREJOES,0.511,MUITO ALTA VULNERABILIDADE,False,False,CADASTRO RESERVA,0,MUITO ALTA VULNERABILIDADE,FAIXA 1,20000,0.407,False,,False,,False,,False,,False,,False
290440,BA,BREJOLANDIA,0.539,MUITO ALTA VULNERABILIDADE,False,False,CADASTRO RESERVA,0,MUITO ALTA VULNERABILIDADE,FAIXA 1,20000,0.502,False,,False,,False,,False,,False,,False
290450,BA,BROTAS DE MACAUBAS,0.476,ALTA VULNERABILIDADE,False,False,CADASTRO RESERVA,0,ALTA VULNERABILIDADE,FAIXA 1,20000,0.494,False,,False,,False,,False,,False,,False
290460,BA,BRUMADO,0.347,MEDIA VULNERABILIDADE,False,False,CONFIRMAÇÃO DE VAGAS (ADERIDOS),1,MEDIA VULNERABILIDADE,FAIXA 2,15000,0.339,True,FAIXA 2,True,FAIXA 2,True,FAIXA 2,True,FAIXA 2,True,FAIXA 2,True
290470,BA,BUERAREMA,0.457,ALTA VULNERABILIDADE,False,False,CADASTRO RESERVA,0,ALTA VULNERABILIDADE,FAIXA 1,20000,0.436,False,,False,,False,,False,,False,,False
290475,BA,BURITIRAMA,0.469,ALTA VULNERABILIDADE,False,False,CADASTRO RESERVA,0,ALTA VULNERABILIDADE,FAIXA 1,20000,0.377,False,,False,,False,,False,,False,,False
290480,BA,CAATIBA,0.392,MEDIA VULNERABILIDADE,False,False,CADASTRO RESERVA,0,MEDIA VULNERABILIDADE,FAIXA 2,15000,0.302,False,,False,,False,,False,,False,,False
290485,BA,CABACEIRAS DO PARAGUACU,0.518,MUITO ALTA VULNERABILIDADE,False,False,CADASTRO RESERVA,0,MUITO ALTA VULNERABILIDADE,FAIXA 1,20000,0.463,False,,False,,False,,False,,True,FAIXA 1,True
290490,BA,CACHOEIRA,0.417,ALTA VULNERABILIDADE,False,False,CADASTRO RESERVA,0,ALTA VULNERABILIDADE,FAIXA 1,20000,0.336,False,,False,,False,,False,,False,,False
290500,BA,CACULE,0.336,MEDIA VULNERABILIDADE,False,False,NÃO ELEGIVEL,0,MEDIA VULNERABILIDADE,FAIXA 2,15000,0.279,False,,False,,False,,False,,False,,False
290510,BA,CAEM,0.496,ALTA VULNERABILIDADE,False,False,CADASTRO RESERVA,0,ALTA VULNERABILIDADE,FAIXA 1,20000,0.405,False,,False,,False,,False,,False,,False
290515,BA,CAETANOS,0.511,MUITO ALTA VULNERABILIDADE,False,False,CADASTRO RESERVA,0,MUITO ALTA VULNERABILIDADE,FAIXA 1,20000,0.523,False,,False,,False,,False,,False,,False
290520,BA,CAETITE,0.360,MEDIA VULNERABILIDADE,False,False,CADASTRO RESERVA,0,MEDIA VULNERABILIDADE,FAIXA 2,15000,0.302,False,,False,,False,,False,,False,,False
290530,BA,CAFARNAUM,0.432,ALTA VULNERABILIDADE,False,False,CADASTRO RESERVA,0,ALTA VULNERABILIDADE,FAIXA 1,20000,0.390,False,,False,,False,,False,,False,,False
290540,BA,CAIRU,0.387,MEDIA VULNERABILIDADE,False,False,CADASTRO RESERVA,0,MEDIA VULNERABILIDADE,FAIXA 2,15000,0.388,False,,False,,False,,False,,False,,False
290550,BA,CALDEIRAO GRANDE,0.485,ALTA VULNERABILIDADE,False,False,CADASTRO RESERVA,0,ALTA VULNERABILIDADE,FAIXA 1,20000,0.407,False,,False,,False,,False,,False,,False
290560,BA,CAMACAN,0.488,ALTA VULNERABILIDADE,False,False,CADASTRO RESERVA,0,ALTA VULNERABILIDADE,FAIXA 1,20000,0.451,False,,False,,False,,False,,False,,False
290570,BA,CAMACARI,0.354,MEDIA VULNERABILIDADE,False,False,CONFIRMAÇÃO DE VAGAS (ADERIDOS),4,MEDIA VULNERABILIDADE,FAIXA 2,15000,0.358,False,,False,,False,,False,,True,FAIXA 2,True
290580,BA,CAMAMU,0.498,ALTA VULNERABILIDADE,False,False,CADASTRO RESERVA,0,ALTA VULNERABILIDADE,FAIXA 1,20000,0.385,False,,False,,False,,False,,False,,False
290590,BA,CAMPO ALEGRE DE LOURDES,0.569,MUITO ALTA VULNERABILIDADE,False,False,CADASTRO RESERVA,0,MUITO ALTA VULNERABILIDADE,FAIXA 1,20000,0.537,False,,False,,False,,False,,False,,False
290600,BA,CAMPO FORMOSO,0.501,MUITO ALTA VULNERABILIDADE,False,False,CONFIRMAÇÃO DE VAGAS (ADERIDOS),2,MUITO ALTA VULNERABILIDADE,FAIXA 1,20000,0.400,False,,False,,False,,False,,False,,False
290610,BA,CANAPOLIS,0.468,ALTA VULNERABILIDADE,False,False,CADASTRO RESERVA,0,ALTA VULNERABILIDADE,FAIXA 1,20000,0.473,False,,False,,False,,False,,False,,False
290620,BA,CANARANA,0.419,ALTA VULNERABILIDADE,False,False,CONFIRMAÇÃO DE VAGAS (ADERIDOS),1,ALTA VULNERABILIDADE,FAIXA 1,20000,0.446,False,,False,,False,,False,,False,,False
290630,BA,CANAVIEIRAS,0.465,ALTA VULNERABILIDADE,False,False,CADASTRO RESERVA,0,ALTA VULNERABILIDADE,FAIXA 1,20000,0.431,False,,False,,False,,False,,False,,False
290640,BA,CANDEAL,0.476,ALTA VULNERABILIDADE,False,False,CONFIRMAÇÃO DE VAGAS (ADERIDOS),1,ALTA VULNERABILIDADE,FAIXA 1,20000,0.370,False,,False,,False,,False,,False,,False
290650,BA,CANDEIAS,0.345,MEDIA VULNERABILIDADE,False,False,CONFIRMAÇÃO DE VAGAS (ADERIDOS),1,MEDIA VULNERABILIDADE,FAIXA 2,15000,0.321,False,,False,,False,,False,,True,FAIXA 2,True
290660,BA,CANDIBA,0.374,MEDIA VULNERABILIDADE,False,False,CADASTRO RESERVA,0,MEDIA VULNERABILIDADE,FAIXA 2,15000,0.348,False,,False,,False,,False,,False,,False
290670,BA,CANDIDO SALES,0.461,ALTA VULNERABILIDADE,False,False,CADASTRO RESERVA,0,ALTA VULNERABILIDADE,FAIXA 1,20000,0.475,False,,False,,False,,False,,False,,False
290680,BA,CANSANCAO,0.536,MUITO ALTA VULNERABILIDADE,False,False,CADASTRO RESERVA,0,MUITO ALTA VULNERABILIDADE,FAIXA 1,20000,0.456,False,,False,,False,,False,,False,,False
290682,BA,CANUDOS,0.492,ALTA VULNERABILIDADE,False,False,CADASTRO RESERVA,0,ALTA VULNERABILIDADE,FAIXA 1,20000,0.396,False,,False,,False,,False,,False,,False
290685,BA,CAPELA DO ALTO ALEGRE,0.455,ALTA VULNERABILIDADE,False,False,CONFIRMAÇÃO DE VAGAS (ADERIDOS),1,ALTA VULNERABILIDADE,FAIXA 1,20000,0.429,False,,False,,False,,False,,False,,False
290687,BA,CAPIM GROSSO,0.379,MEDIA VULNERABILIDADE,False,False,CADASTRO RESERVA,0,MEDIA VULNERABILIDADE,FAIXA 2,15000,0.381,False,,False,,False,,False,,False,,False
290689,BA,CARAIBAS,0.486,ALTA VULNERABILIDADE,False,False,NOVA ADESÃO,1,ALTA VULNERABILIDADE,FAIXA 1,20000,0.511,False,,False,,False,,False,,False,,False
290690,BA,CARAVELAS,0.530,MUITO ALTA VULNERABILIDADE,False,False,CONFIRMAÇÃO DE VAGAS (ADERIDOS),2,MUITO ALTA VULNERABILIDADE,FAIXA 1,20000,0.404,False,,False,,True,FAIXA 1,True,FAIXA 1,False,,True
290700,BA,CARDEAL DA SILVA,0.558,MUITO ALTA VULNERABILIDADE,False,False,CADASTRO RESERVA,0,MUITO ALTA VULNERABILIDADE,FAIXA 1,20000,0.444,False,,False,,False,,False,,False,,False
290710,BA,CARINHANHA,0.514,MUITO ALTA VULNERABILIDADE,False,False,CADASTRO RESERVA,0,MUITO ALTA VULNERABILIDADE,FAIXA 1,20000,0.420,False,,False,,False,,False,,False,,False
290720,BA,CASA NOVA,0.467,ALTA VULNERABILIDADE,False,False,CONFIRMAÇÃO DE VAGAS (ADERIDOS),1,ALTA VULNERABILIDADE,FAIXA 1,20000,0.383,False,,False,,False,,False,,False,,False
290730,BA,CASTRO ALVES,0.426,ALTA VULNERABILIDADE,False,False,CADASTRO RESERVA,0,ALTA VULNERABILIDADE,FAIXA 1,20000,0.359,False,,False,,False,,False,,False,,False
290740,BA,CATOLANDIA,0.405,ALTA VULNERABILIDADE,False,False,CADASTRO RESERVA,0,ALTA VULNERABILIDADE,FAIXA 1,20000,0.431,False,,False,,False,,False,,False,,False
290750,BA,CATU,0.349,MEDIA VULNERABILIDADE,False,False,CADASTRO RESERVA,0,MEDIA VULNERABILIDADE,FAIXA 2,15000,0.328,False,,False,,False,,False,,False,,False
290755,BA,CATURAMA,0.416,ALTA VULNERABILIDADE,False,False,CADASTRO RESERVA,0,ALTA VULNERABILIDADE,FAIXA 1,20000,0.424,False,,False,,False,,False,,False,,False
290760,BA,CENTRAL,0.436,ALTA VULNERABILIDADE,False,False,CADASTRO RESERVA,0,ALTA VULNERABILIDADE,FAIXA 1,20000,0.414,False,,False,,False,,False,,False,,False
290770,BA,CHORROCHO,0.533,MUITO ALTA VULNERABILIDADE,False,False,CADASTRO RESERVA,0,MUITO ALTA VULNERABILIDADE,FAIXA 1,20000,0.349,False,,False,,False,,False,,False,,False
290780,BA,CICERO DANTAS,0.465,ALTA VULNERABILIDADE,False,False,CADASTRO RESERVA,0,ALTA VULNERABILIDADE,FAIXA 1,20000,0.501,False,,False,,False,,False,,False,,False
290790,BA,CIPO,0.408,ALTA VULNERABILIDADE,False,False,CADASTRO RESERVA,0,ALTA VULNERABILIDADE,FAIXA 1,20000,0.384,False,,False,,False,,False,,False,,False
290800,BA,COARACI,0.422,ALTA VULNERABILIDADE,False,False,CADASTRO RESERVA,0,ALTA VULNERABILIDADE,FAIXA 1,20000,0.404,False,,False,,False,,False,,False,,False
290810,BA,COCOS,0.435,ALTA VULNERABILIDADE,False,False,CADASTRO RESERVA,0,ALTA VULNERABILIDADE,FAIXA 1,20000,0.425,False,,False,,False,,False,,True,FAIXA 1,True
290820,BA,CONCEICAO DA FEIRA,0.436,ALTA VULNERABILIDADE,False,False,CADASTRO RESERVA,0,ALTA VULNERABILIDADE,FAIXA 1,20000,0.339,False,,False,,False,,False,,True,FAIXA 1,True
290830,BA,CONCEICAO DO ALMEIDA,0.493,ALTA VULNERABILIDADE,False,False,CADASTRO RESERVA,0,ALTA VULNERABILIDADE,FAIXA 1,20000,0.416,False,,False,,False,,False,,False,,False
290840,BA,CONCEICAO DO COITE,0.398,MEDIA VULNERABILIDADE,False,False,CADASTRO RESERVA,0,MEDIA VULNERABILIDADE,FAIXA 2,15000,0.331,False,,False,,False,,False,,False,,False
290850,BA,CONCEICAO DO JACUIPE,0.394,MEDIA VULNERABILIDADE,False,False,CADASTRO RESERVA,0,MEDIA VULNERABILIDADE,FAIXA 2,15000,0.351,False,,False,,False,,False,,True,FAIXA 2,True
290860,BA,CONDE,0.496,ALTA VULNERABILIDADE,False,False,CADASTRO RESERVA,0,ALTA VULNERABILIDADE,FAIXA 1,20000,0.450,False,,False,,False,,False,,False,,False
290870,BA,CONDEUBA,0.428,ALTA VULNERABILIDADE,False,False,CADASTRO RESERVA,0,ALTA VULNERABILIDADE,FAIXA 1,20000,0.347,False,,False,,False,,False,,False,,False
290880,BA,CONTENDAS DO SINCORA,0.434,ALTA VULNERABILIDADE,False,False,CADASTRO RESERVA,0,ALTA VULNERABILIDADE,FAIXA 1,20000,0.375,False,,False,,False,,False,,False,,False
290890,BA,CORACAO DE MARIA,0.477,ALTA VULNERABILIDADE,False,False,CONFIRMAÇÃO DE VAGAS (ADERIDOS),2,ALTA VULNERABILIDADE,FAIXA 1,20000,0.417,False,,False,,False,,False,,True,FAIXA 1,True
290900,BA,CORDEIROS,0.395,MEDIA VULNERABILIDADE,False,False,NÃO ELEGIVEL,0,MEDIA VULNERABILIDADE,FAIXA 2,15000,0.346,False,,False,,False,,False,,False,,False
290910,BA,CORIBE,0.459,ALTA VULNERABILIDADE,False,False,CADASTRO RESERVA,0,ALTA VULNERABILIDADE,FAIXA 1,20000,0.401,False,,False,,False,,False,,True,FAIXA 1,True
290920,BA,CORONEL JOAO SA,0.488,ALTA VULNERABILIDADE,False,False,CADASTRO RESERVA,0,ALTA VULNERABILIDADE,FAIXA 1,20000,0.410,False,,False,,False,,False,,False,,False
290930,BA,CORRENTINA,0.409,ALTA VULNERABILIDADE,False,False,CONFIRMAÇÃO DE VAGAS (ADERIDOS),1,ALTA VULNERABILIDADE,FAIXA 1,20000,0.323,False,,False,,False,,False,,False,,False
290940,BA,COTEGIPE,0.497,ALTA VULNERABILIDADE,False,False,CADASTRO RESERVA,0,ALTA VULNERABILIDADE,FAIXA 1,20000,0.467,False,,False,,False,,False,,False,,False
290950,BA,CRAVOLANDIA,0.454,ALTA VULNERABILIDADE,False,False,CADASTRO RESERVA,0,ALTA VULNERABILIDADE,FAIXA 1,20000,0.392,False,,False,,False,,False,,False,,False
290960,BA,CRISOPOLIS,0.526,MUITO ALTA VULNERABILIDADE,False,False,CADASTRO RESERVA,0,MUITO ALTA VULNERABILIDADE,FAIXA 1,20000,0.460,False,,False,,False,,False,,False,,False
290970,BA,CRISTOPOLIS,0.426,ALTA VULNERABILIDADE,False,False,CADASTRO RESERVA,0,ALTA VULNERABILIDADE,FAIXA 1,20000,0.359,False,,False,,False,,False,,False,,False
290980,BA,CRUZ DAS ALMAS,0.336,MEDIA VULNERABILIDADE,False,False,CADASTRO RESERVA,0,MEDIA VULNERABILIDADE,FAIXA 2,15000,0.303,False,,False,,False,,False,,False,,False
290990,BA,CURACA,0.461,ALTA VULNERABILIDADE,False,False,CADASTRO RESERVA,0,ALTA VULNERABILIDADE,FAIXA 1,20000,0.402,False,,False,,False,,False,,False,,False
291000,BA,DARIO MEIRA,0.586,MUITO ALTA VULNERABILIDADE,False,False,CADASTRO RESERVA,0,MUITO ALTA VULNERABILIDADE,FAIXA 1,20000,0.452,False,,False,,False,,False,,False,,False
291005,BA,DIAS D'AVILA,0.362,MEDIA VULNERABILIDADE,False,False,CADASTRO RESERVA,0,MEDIA VULNERABILIDADE,FAIXA 2,15000,0.348,False,,False,,False,,False,,False,,False
291010,BA,DOM BASILIO,0.377,MEDIA VULNERABILIDADE,False,False,CONFIRMAÇÃO DE VAGAS (ADERIDOS),1,MEDIA VULNERABILIDADE,FAIXA 2,15000,0.399,False,,False,,False,,False,,False,,False
291020,BA,DOM MACEDO COSTA,0.383,MEDIA VULNERABILIDADE,False,False,CADASTRO RESERVA,0,MEDIA VULNERABILIDADE,FAIXA 2,15000,0.318,False,,False,,False,,False,,False,,False
291030,BA,ELISIO MEDRADO,0.358,MEDIA VULNERABILIDADE,False,False,NÃO ELEGIVEL,0,MEDIA VULNERABILIDADE,FAIXA 2,15000,0.284,False,,False,,False,,False,,False,,False
291040,BA,ENCRUZILHADA,0.523,MUITO ALTA VULNERABILIDADE,False,False,CONFIRMAÇÃO DE VAGAS (ADERIDOS),1,MUITO ALTA VULNERABILIDADE,FAIXA 1,20000,0.539,False,,False,,False,,False,,False,,False
291050,BA,ENTRE RIOS,0.464,ALTA VULNERABILIDADE,False,False,CONFIRMAÇÃO DE VAGAS (ADERIDOS),1,ALTA VULNERABILIDADE,FAIXA 1,20000,0.387,False,,False,,False,,False,,False,,False
291060,BA,ESPLANADA,0.458,ALTA VULNERABILIDADE,False,False,CONFIRMAÇÃO DE VAGAS (ADERIDOS),1,ALTA VULNERABILIDADE,FAIXA 1,20000,0.408,False,,False,,False,,False,,False,,False
291070,BA,EUCLIDES DA CUNHA,0.470,ALTA VULNERABILIDADE,False,False,CONFIRMAÇÃO DE VAGAS (ADERIDOS),2,ALTA VULNERABILIDADE,FAIXA 1,20000,0.350,False,,False,,False,,False,,True,FAIXA 1,True
291072,BA,EUNAPOLIS,0.357,MEDIA VULNERABILIDADE,False,False,CADASTRO RESERVA,0,MEDIA VULNERABILIDADE,FAIXA 2,15000,0.380,True,FAIXA 2,True,FAIXA 2,True,FAIXA 2,True,FAIXA 2,False,,True
291075,BA,FATIMA,0.452,ALTA VULNERABILIDADE,False,False,CADASTRO RESERVA,0,ALTA VULNERABILIDADE,FAIXA 1,20000,0.364,False,,False,,False,,False,,False,,False
291077,BA,FEIRA DA MATA,0.432,ALTA VULNERABILIDADE,False,False,CADASTRO RESERVA,0,ALTA VULNERABILIDADE,FAIXA 1,20000,0.404,False,,False,,False,,False,,False,,False
291080,BA,FEIRA DE SANTANA,0.336,MEDIA VULNERABILIDADE,False,False,CONFIRMAÇÃO DE VAGAS (ADERIDOS),2,MEDIA VULNERABILIDADE,FAIXA 2,15000,0.355,True,FAIXA 2,True,FAIXA 2,True,FAIXA 2,True,FAIXA 2,True,FAIXA 2,True
291085,BA,FILADELFIA,0.506,MUITO ALTA VULNERABILIDADE,False,False,CONFIRMAÇÃO DE VAGAS (ADERIDOS),1,MUITO ALTA VULNERABILIDADE,FAIXA 1,20000,0.458,False,,False,,False,,False,,False,,False
291090,BA,FIRMINO ALVES,0.406,ALTA VULNERABILIDADE,False,False,CONFIRMAÇÃO DE VAGAS (ADERIDOS),1,ALTA VULNERABILIDADE,FAIXA 1,20000,0.355,False,,False,,False,,False,,False,,False
291100,BA,FLORESTA AZUL,0.496,ALTA VULNERABILIDADE,False,False,CADASTRO RESERVA,0,ALTA VULNERABILIDADE,FAIXA 1,20000,0.402,False,,False,,False,,False,,False,,False
291110,BA,FORMOSA DO RIO PRETO,0.443,ALTA VULNERABILIDADE,False,False,CADASTRO RESERVA,0,ALTA VULNERABILIDADE,FAIXA 1,20000,0.386,False,,False,,False,,False,,False,,False
291120,BA,GANDU,0.428,ALTA VULNERABILIDADE,False,False,CADASTRO RESERVA,0,ALTA VULNERABILIDADE,FAIXA 1,20000,0.457,False,,False,,False,,False,,False,,False
291125,BA,GAVIAO,0.367,MEDIA VULNERABILIDADE,False,False,CADASTRO RESERVA,0,MEDIA VULNERABILIDADE,FAIXA 2,15000,0.314,False,,False,,False,,False,,False,,False
291130,BA,GENTIO DO OURO,0.507,MUITO ALTA VULNERABILIDADE,False,False,CADASTRO RESERVA,0,MUITO ALTA VULNERABILIDADE,FAIXA 1,20000,0.387,False,,False,,False,,False,,False,,False
291140,BA,GLORIA,0.462,ALTA VULNERABILIDADE,False,False,CADASTRO RESERVA,0,ALTA VULNERABILIDADE,FAIXA 1,20000,0.236,False,,False,,False,,False,,False,,False
291150,BA,GONGOGI,0.493,ALTA VULNERABILIDADE,False,False,CADASTRO RESERVA,0,ALTA VULNERABILIDADE,FAIXA 1,20000,0.439,False,,False,,False,,False,,False,,False
291160,BA,GOVERNADOR MANGABEIRA,0.450,ALTA VULNERABILIDADE,False,False,CADASTRO RESERVA,0,ALTA VULNERABILIDADE,FAIXA 1,20000,0.275,False,,False,,False,,False,,True,FAIXA 1,True
291165,BA,GUAJERU,0.454,ALTA VULNERABILIDADE,False,False,CADASTRO RESERVA,0,ALTA VULNERABILIDADE,FAIXA 1,20000,0.418,False,,False,,False,,False,,False,,False
291170,BA,GUANAMBI,0.310,MEDIA VULNERABILIDADE,False,False,CONFIRMAÇÃO DE VAGAS (ADERIDOS),1,MEDIA VULNERABILIDADE,FAIXA 2,15000,0.294,True,FAIXA 2,True,FAIXA 2,False,,False,,True,FAIXA 2,True
291180,BA,GUARATINGA,0.531,MUITO ALTA VULNERABILIDADE,False,False,CADASTRO RESERVA,0,MUITO ALTA VULNERABILIDADE,FAIXA 1,20000,0.390,False,,False,,False,,False,,False,,False
291185,BA,HELIOPOLIS,0.444,ALTA VULNERABILIDADE,False,False,CADASTRO RESERVA,0,ALTA VULNERABILIDADE,FAIXA 1,20000,0.419,False,,False,,False,,False,,False,,False
291190,BA,IACU,0.496,ALTA VULNERABILIDADE,False,False,CADASTRO RESERVA,0,ALTA VULNERABILIDADE,FAIXA 1,20000,0.462,False,,False,,False,,False,,False,,False
291200,BA,IBIASSUCE,0.367,MEDIA VULNERABILIDADE,False,False,NÃO ELEGIVEL,0,MEDIA VULNERABILIDADE,FAIXA 2,15000,0.332,False,,False,,False,,False,,False,,False
291210,BA,IBICARAI,0.413,ALTA VULNERABILIDADE,False,False,CADASTRO RESERVA,0,ALTA VULNERABILIDADE,FAIXA 1,20000,0.381,False,,False,,False,,False,,False,,False
291220,BA,IBICOARA,0.459,ALTA VULNERABILIDADE,False,False,CADASTRO RESERVA,0,ALTA VULNERABILIDADE,FAIXA 1,20000,0.442,False,,False,,False,,False,,False,,False
291230,BA,IBICUI,0.457,ALTA VULNERABILIDADE,False,False,CADASTRO RESERVA,0,ALTA VULNERABILIDADE,FAIXA 1,20000,0.448,False,,False,,False,,False,,False,,False
291240,BA,IBIPEBA,0.473,ALTA VULNERABILIDADE,False,False,CADASTRO RESERVA,0,ALTA VULNERABILIDADE,FAIXA 1,20000,0.460,False,,False,,False,,False,,False,,False
291250,BA,IBIPITANGA,0.476,ALTA VULNERABILIDADE,False,False,NÃO ELEGIVEL,0,ALTA VULNERABILIDADE,FAIXA 1,20000,0.383,False,,False,,False,,False,,False,,False
291260,BA,IBIQUERA,0.572,MUITO ALTA VULNERABILIDADE,False,False,CADASTRO RESERVA,0,MUITO ALTA VULNERABILIDADE,FAIXA 1,20000,0.411,False,,False,,False,,False,,False,,False
291270,BA,IBIRAPITANGA,0.541,MUITO ALTA VULNERABILIDADE,False,False,CADASTRO RESERVA,0,MUITO ALTA VULNERABILIDADE,FAIXA 1,20000,0.576,False,,False,,False,,False,,False,,False
291280,BA,IBIRAPUA,0.415,ALTA VULNERABILIDADE,False,False,CADASTRO RESERVA,0,ALTA VULNERABILIDADE,FAIXA 1,20000,0.414,False,,False,,False,,False,,False,,False
291290,BA,IBIRATAIA,0.436,ALTA VULNERABILIDADE,False,False,CADASTRO RESERVA,0,ALTA VULNERABILIDADE,FAIXA 1,20000,0.410,False,,False,,False,,False,,True,FAIXA 1,True
291300,BA,IBITIARA,0.437,ALTA VULNERABILIDADE,False,False,CADASTRO RESERVA,0,ALTA VULNERABILIDADE,FAIXA 1,20000,0.303,False,,False,,False,,False,,False,,False
291310,BA,IBITITA,0.407,ALTA VULNERABILIDADE,False,False,CADASTRO RESERVA,0,ALTA VULNERABILIDADE,FAIXA 1,20000,0.375,False,,False,,False,,False,,False,,False
291320,BA,IBOTIRAMA,0.379,MEDIA VULNERABILIDADE,False,False,CADASTRO RESERVA,0,MEDIA VULNERABILIDADE,FAIXA 2,15000,0.315,False,,False,,False,,False,,True,FAIXA 2,True
291330,BA,ICHU,0.352,MEDIA VULNERABILIDADE,False,False,CADASTRO RESERVA,0,MEDIA VULNERABILIDADE,FAIXA 2,15000,0.357,False,,False,,False,,False,,False,,False
291340,BA,IGAPORA,0.409,ALTA VULNERABILIDADE,False,False,CADASTRO RESERVA,0,ALTA VULNERABILIDADE,FAIXA 1,20000,0.415,False,,False,,False,,False,,False,,False
291345,BA,IGRAPIUNA,0.506,MUITO ALTA VULNERABILIDADE,False,False,CADASTRO RESERVA,0,MUITO ALTA VULNERABILIDADE,FAIXA 1,20000,0.492,False,,False,,False,,False,,False,,False
291350,BA,IGUAI,0.483,ALTA VULNERABILIDADE,False,False,CADASTRO RESERVA,0,ALTA VULNERABILIDADE,FAIXA 1,20000,0.378,False,,False,,False,,False,,True,FAIXA 1,True
291360,BA,ILHEUS,0.387,MEDIA VULNERABILIDADE,False,False,CADASTRO RESERVA,0,MEDIA VULNERABILIDADE,FAIXA 2,15000,0.396,False,,False,,False,,False,,True,FAIXA 2,True
291370,BA,INHAMBUPE,0.484,ALTA VULNERABILIDADE,False,False,CADASTRO RESERVA,0,ALTA VULNERABILIDADE,FAIXA 1,20000,0.409,False,,False,,False,,False,,False,,False
291380,BA,IPECAETA,0.552,MUITO ALTA VULNERABILIDADE,False,False,CADASTRO RESERVA,0,MUITO ALTA VULNERABILIDADE,FAIXA 1,20000,0.447,False,,False,,True,FAIXA 1,True,FAIXA 1,False,,True
291390,BA,IPIAU,0.367,MEDIA VULNERABILIDADE,False,False,CADASTRO RESERVA,0,MEDIA VULNERABILIDADE,FAIXA 2,15000,0.365,False,,False,,False,,False,,True,FAIXA 2,True
291400,BA,IPIRA,0.509,MUITO ALTA VULNERABILIDADE,False,False,CADASTRO RESERVA,0,MUITO ALTA VULNERABILIDADE,FAIXA 1,20000,0.423,False,,False,,False,,False,,True,FAIXA 1,True
291410,BA,IPUPIARA,0.416,ALTA VULNERABILIDADE,False,False,CADASTRO RESERVA,0,ALTA VULNERABILIDADE,FAIXA 1,20000,0.442,False,,False,,False,,False,,False,,False
291420,BA,IRAJUBA,0.528,MUITO ALTA VULNERABILIDADE,False,False,CADASTRO RESERVA,0,MUITO ALTA VULNERABILIDADE,FAIXA 1,20000,0.605,False,,False,,False,,False,,False,,False
291430,BA,IRAMAIA,0.514,MUITO ALTA VULNERABILIDADE,False,False,CADASTRO RESERVA,0,MUITO ALTA VULNERABILIDADE,FAIXA 1,20000,0.404,False,,False,,False,,False,,False,,False
291440,BA,IRAQUARA,0.444,ALTA VULNERABILIDADE,False,False,CADASTRO RESERVA,0,ALTA VULNERABILIDADE,FAIXA 1,20000,0.358,False,,False,,False,,False,,False,,False
291450,BA,IRARA,0.434,ALTA VULNERABILIDADE,False,False,CADASTRO RESERVA,0,ALTA VULNERABILIDADE,FAIXA 1,20000,0.304,False,,False,,False,,False,,False,,False
291460,BA,IRECE,0.332,MEDIA VULNERABILIDADE,False,False,CADASTRO RESERVA,0,MEDIA VULNERABILIDADE,FAIXA 2,15000,0.336,True,FAIXA 2,True,FAIXA 2,True,FAIXA 2,True,FAIXA 2,True,FAIXA 2,True
291465,BA,ITABELA,0.507,MUITO ALTA VULNERABILIDADE,False,False,CADASTRO RESERVA,0,MUITO ALTA VULNERABILIDADE,FAIXA 1,20000,0.539,False,,False,,False,,False,,False,,False
291470,BA,ITABERABA,0.423,ALTA VULNERABILIDADE,False,False,CADASTRO RESERVA,0,ALTA VULNERABILIDADE,FAIXA 1,20000,0.384,True,FAIXA 1,True,FAIXA 1,False,,False,,True,FAIXA 1,True
291480,BA,ITABUNA,0.310,MEDIA VULNERABILIDADE,False,False,CADASTRO RESERVA,0,MEDIA VULNERABILIDADE,FAIXA 2,15000,0.334,True,FAIXA 2,True,FAIXA 2,True,FAIXA 2,True,FAIXA 2,True,FAIXA 2,True
291490,BA,ITACARE,0.445,ALTA VULNERABILIDADE,False,False,CADASTRO RESERVA,0,ALTA VULNERABILIDADE,FAIXA 1,20000,0.392,False,,False,,False,,False,,False,,False
291500,BA,ITAETE,0.602,MUITO ALTA VULNERABILIDADE,False,False,CADASTRO RESERVA,0,MUITO ALTA VULNERABILIDADE,FAIXA 1,20000,0.521,False,,False,,False,,False,,False,,False
291510,BA,ITAGI,0.476,ALTA VULNERABILIDADE,False,False,CADASTRO RESERVA,0,ALTA VULNERABILIDADE,FAIXA 1,20000,0.462,False,,False,,False,,False,,False,,False
291520,BA,ITAGIBA,0.465,ALTA VULNERABILIDADE,False,False,CADASTRO RESERVA,0,ALTA VULNERABILIDADE,FAIXA 1,20000,0.393,False,,False,,False,,False,,False,,False
291530,BA,ITAGIMIRIM,0.395,MEDIA VULNERABILIDADE,False,False,CADASTRO RESERVA,0,MEDIA VULNERABILIDADE,FAIXA 2,15000,0.416,False,,False,,False,,False,,False,,False
291535,BA,ITAGUACU DA BAHIA,0.493,ALTA VULNERABILIDADE,False,False,CADASTRO RESERVA,0,ALTA VULNERABILIDADE,FAIXA 1,20000,0.310,False,,False,,False,,False,,False,,False
291540,BA,ITAJU DO COLONIA,0.515,MUITO ALTA VULNERABILIDADE,False,False,CONFIRMAÇÃO DE VAGAS (ADERIDOS),1,MUITO ALTA VULNERABILIDADE,FAIXA 1,20000,0.474,False,,False,,False,,False,,False,,False
291550,BA,ITAJUIPE,0.445,ALTA VULNERABILIDADE,False,False,CADASTRO RESERVA,0,ALTA VULNERABILIDADE,FAIXA 1,20000,0.393,False,,False,,False,,False,,False,,False
291560,BA,ITAMARAJU,0.469,ALTA VULNERABILIDADE,False,False,CADASTRO RESERVA,0,ALTA VULNERABILIDADE,FAIXA 1,20000,0.468,False,,False,,False,,False,,True,FAIXA 1,True
291570,BA,ITAMARI,0.471,ALTA VULNERABILIDADE,False,False,CADASTRO RESERVA,0,ALTA VULNERABILIDADE,FAIXA 1,20000,0.473,False,,False,,False,,False,,False,,False
291580,BA,ITAMBE,0.414,ALTA VULNERABILIDADE,False,False,CADASTRO RESERVA,0,ALTA VULNERABILIDADE,FAIXA 1,20000,0.397,False,,False,,False,,False,,False,,False
291590,BA,ITANAGRA,0.516,MUITO ALTA VULNERABILIDADE,False,False,CADASTRO RESERVA,0,MUITO ALTA VULNERABILIDADE,FAIXA 1,20000,0.360,False,,False,,False,,False,,False,,False
291600,BA,ITANHEM,0.378,MEDIA VULNERABILIDADE,False,False,CONFIRMAÇÃO DE VAGAS (ADERIDOS),1,MEDIA VULNERABILIDADE,FAIXA 2,15000,0.346,False,,False,,False,,False,,False,,False
291610,BA,ITAPARICA,0.433,ALTA VULNERABILIDADE,False,False,CADASTRO RESERVA,0,ALTA VULNERABILIDADE,FAIXA 1,20000,0.416,False,,False,,False,,False,,True,FAIXA 1,True
291620,BA,ITAPE,0.496,ALTA VULNERABILIDADE,False,False,CADASTRO RESERVA,0,ALTA VULNERABILIDADE,FAIXA 1,20000,0.421,False,,False,,False,,False,,False,,False
291630,BA,ITAPEBI,0.491,ALTA VULNERABILIDADE,False,False,CADASTRO RESERVA,0,ALTA VULNERABILIDADE,FAIXA 1,20000,0.450,False,,False,,False,,False,,False,,False
291640,BA,ITAPETINGA,0.283,BAIXA VULNERABILIDADE,False,False,CADASTRO RESERVA,0,BAIXA VULNERABILIDADE,FAIXA 3,10000,0.290,False,,False,,False,,False,,True,FAIXA 3,True
291650,BA,ITAPICURU,0.615,MUITO ALTA VULNERABILIDADE,False,False,CADASTRO RESERVA,0,MUITO ALTA VULNERABILIDADE,FAIXA 1,20000,0.580,False,,False,,False,,False,,False,,False
291660,BA,ITAPITANGA,0.485,ALTA VULNERABILIDADE,False,False,CADASTRO RESERVA,0,ALTA VULNERABILIDADE,FAIXA 1,20000,0.414,False,,False,,False,,False,,False,,False
291670,BA,ITAQUARA,0.557,MUITO ALTA VULNERABILIDADE,False,False,CADASTRO RESERVA,0,MUITO ALTA VULNERABILIDADE,FAIXA 1,20000,0.539,False,,False,,False,,False,,False,,False
291680,BA,ITARANTIM,0.427,ALTA VULNERABILIDADE,False,False,CADASTRO RESERVA,0,ALTA VULNERABILIDADE,FAIXA 1,20000,0.398,False,,False,,False,,False,,False,,False
291685,BA,ITATIM,0.446,ALTA VULNERABILIDADE,False,False,NÃO ELEGIVEL,0,ALTA VULNERABILIDADE,FAIXA 1,20000,0.417,False,,False,,False,,False,,False,,False
291690,BA,ITIRUCU,0.449,ALTA VULNERABILIDADE,False,False,CADASTRO RESERVA,0,ALTA VULNERABILIDADE,FAIXA 1,20000,0.440,False,,False,,False,,False,,False,,False
291700,BA,ITIUBA,0.524,MUITO ALTA VULNERABILIDADE,False,False,CADASTRO RESERVA,0,MUITO ALTA VULNERABILIDADE,FAIXA 1,20000,0.418,False,,False,,False,,False,,False,,False
291710,BA,ITORORO,0.380,MEDIA VULNERABILIDADE,False,False,CADASTRO RESERVA,0,MEDIA VULNERABILIDADE,FAIXA 2,15000,0.386,False,,False,,False,,False,,False,,False
291720,BA,ITUACU,0.435,ALTA VULNERABILIDADE,False,False,CADASTRO RESERVA,0,ALTA VULNERABILIDADE,FAIXA 1,20000,0.368,False,,False,,False,,False,,False,,False
291730,BA,ITUBERA,0.434,ALTA VULNERABILIDADE,False,False,CADASTRO RESERVA,0,ALTA VULNERABILIDADE,FAIXA 1,20000,0.427,False,,False,,False,,False,,False,,False
291733,BA,IUIU,0.509,MUITO ALTA VULNERABILIDADE,False,False,CONFIRMAÇÃO DE VAGAS (ADERIDOS),1,MUITO ALTA VULNERABILIDADE,FAIXA 1,20000,0.497,False,,False,,False,,False,,False,,False
291735,BA,JABORANDI,0.470,ALTA VULNERABILIDADE,False,False,NÃO ELEGIVEL,0,ALTA VULNERABILIDADE,FAIXA 1,20000,0.418,False,,False,,False,,False,,True,FAIXA 1,True
291740,BA,JACARACI,0.376,MEDIA VULNERABILIDADE,False,False,NÃO ELEGIVEL,0,MEDIA VULNERABILIDADE,FAIXA 2,15000,0.344,False,,False,,False,,False,,False,,False
291750,BA,JACOBINA,0.375,MEDIA VULNERABILIDADE,False,False,CONFIRMAÇÃO DE VAGAS (ADERIDOS),1,MEDIA VULNERABILIDADE,FAIXA 2,15000,0.369,True,FAIXA 2,True,FAIXA 2,True,FAIXA 2,False,,True,FAIXA 2,True
291760,BA,JAGUAQUARA,0.483,ALTA VULNERABILIDADE,False,False,CADASTRO RESERVA,0,ALTA VULNERABILIDADE,FAIXA 1,20000,0.422,False,,False,,False,,False,,False,,False
291770,BA,JAGUARARI,0.398,MEDIA VULNERABILIDADE,False,False,CONFIRMAÇÃO DE VAGAS (ADERIDOS),1,MEDIA VULNERABILIDADE,FAIXA 2,15000,0.341,False,,False,,False,,False,,False,,False
291780,BA,JAGUARIPE,0.533,MUITO ALTA VULNERABILIDADE,False,False,CADASTRO RESERVA,0,MUITO ALTA VULNERABILIDADE,FAIXA 1,20000,0.454,False,,False,,False,,False,,False,,False
291790,BA,JANDAIRA,0.510,MUITO ALTA VULNERABILIDADE,False,False,CADASTRO RESERVA,0,MUITO ALTA VULNERABILIDADE,FAIXA 1,20000,0.425,False,,False,,False,,False,,False,,False
291800,BA,JEQUIE,0.332,MEDIA VULNERABILIDADE,False,False,CONFIRMAÇÃO DE VAGAS (ADERIDOS),1,MEDIA VULNERABILIDADE,FAIXA 2,15000,0.346,True,FAIXA 2,True,FAIXA 2,True,FAIXA 2,True,FAIXA 2,True,FAIXA 2,True
291810,BA,JEREMOABO,0.498,ALTA VULNERABILIDADE,False,False,CADASTRO RESERVA,0,ALTA VULNERABILIDADE,FAIXA 1,20000,0.372,False,,False,,False,,False,,False,,False
291820,BA,JIQUIRICA,0.403,ALTA VULNERABILIDADE,False,False,CADASTRO RESERVA,0,ALTA VULNERABILIDADE,FAIXA 1,20000,0.350,False,,False,,False,,False,,False,,False
291830,BA,JITAUNA,0.494,ALTA VULNERABILIDADE,False,False,CONFIRMAÇÃO DE VAGAS (ADERIDOS),1,ALTA VULNERABILIDADE,FAIXA 1,20000,0.455,False,,False,,False,,False,,False,,False
291835,BA,JOAO DOURADO,0.503,MUITO ALTA VULNERABILIDADE,False,False,CADASTRO RESERVA,0,MUITO ALTA VULNERABILIDADE,FAIXA 1,20000,0.498,False,,False,,False,,False,,False,,False
291840,BA,JUAZEIRO,0.352,MEDIA VULNERABILIDADE,False,False,CONFIRMAÇÃO DE VAGAS (ADERIDOS),2,MEDIA VULNERABILIDADE,FAIXA 2,15000,0.368,True,FAIXA 2,True,FAIXA 2,False,,False,,True,FAIXA 2,True
291845,BA,JUCURUCU,0.500,ALTA VULNERABILIDADE,False,False,CADASTRO RESERVA,0,ALTA VULNERABILIDADE,FAIXA 1,20000,0.296,False,,False,,False,,False,,False,,False
291850,BA,JUSSARA,0.518,MUITO ALTA VULNERABILIDADE,False,False,CADASTRO RESERVA,0,MUITO ALTA VULNERABILIDADE,FAIXA 1,20000,0.492,False,,False,,False,,False,,False,,False
291855,BA,JUSSARI,0.461,ALTA VULNERABILIDADE,False,False,CADASTRO RESERVA,0,ALTA VULNERABILIDADE,FAIXA 1,20000,0.411,False,,False,,False,,False,,False,,False
291860,BA,JUSSIAPE,0.321,MEDIA VULNERABILIDADE,False,False,NÃO ELEGIVEL,0,MEDIA VULNERABILIDADE,FAIXA 2,15000,0.330,False,,False,,False,,False,,False,,False
291870,BA,LAFAIETE COUTINHO,0.490,ALTA VULNERABILIDADE,False,False,CADASTRO RESERVA,0,ALTA VULNERABILIDADE,FAIXA 1,20000,0.490,False,,False,,False,,False,,False,,False
291875,BA,LAGOA REAL,0.464,ALTA VULNERABILIDADE,False,False,CADASTRO RESERVA,0,ALTA VULNERABILIDADE,FAIXA 1,20000,0.516,False,,False,,False,,False,,False,,False
291880,BA,LAJE,0.417,ALTA VULNERABILIDADE,False,False,CADASTRO RESERVA,0,ALTA VULNERABILIDADE,FAIXA 1,20000,0.326,False,,False,,False,,False,,False,,False
291890,BA,LAJEDAO,0.355,MEDIA VULNERABILIDADE,False,False,CADASTRO RESERVA,0,MEDIA VULNERABILIDADE,FAIXA 2,15000,0.432,False,,False,,False,,False,,False,,False
291900,BA,LAJEDINHO,0.519,MUITO ALTA VULNERABILIDADE,False,False,CADASTRO RESERVA,0,MUITO ALTA VULNERABILIDADE,FAIXA 1,20000,0.385,False,,False,,False,,False,,False,,False
291905,BA,LAJEDO DO TABOCAL,0.475,ALTA VULNERABILIDADE,False,False,CADASTRO RESERVA,0,ALTA VULNERABILIDADE,FAIXA 1,20000,0.469,False,,False,,False,,False,,False,,False
291910,BA,LAMARAO,0.648,MUITO ALTA VULNERABILIDADE,False,False,CADASTRO RESERVA,0,MUITO ALTA VULNERABILIDADE,FAIXA 1,20000,0.505,False,,False,,False,,False,,False,,False
291915,BA,LAPAO,0.442,ALTA VULNERABILIDADE,False,False,CADASTRO RESERVA,0,ALTA VULNERABILIDADE,FAIXA 1,20000,0.473,False,,False,,False,,False,,True,FAIXA 1,True
291920,BA,LAURO DE FREITAS,0.303,MEDIA VULNERABILIDADE,False,False,CONFIRMAÇÃO DE VAGAS (ADERIDOS),4,MEDIA VULNERABILIDADE,FAIXA 2,15000,0.335,False,,False,,False,,False,,True,FAIXA 2,True
291930,BA,LENCOIS,0.428,ALTA VULNERABILIDADE,False,False,CONFIRMAÇÃO DE VAGAS (ADERIDOS),1,ALTA VULNERABILIDADE,FAIXA 1,20000,0.356,False,,False,,False,,False,,False,,False
291940,BA,LICINIO DE ALMEIDA,0.346,MEDIA VULNERABILIDADE,False,False,NÃO ELEGIVEL,0,MEDIA VULNERABILIDADE,FAIXA 2,15000,0.336,False,,False,,False,,False,,False,,False
291950,BA,LIVRAMENTO DE NOSSA SENHORA,0.383,MEDIA VULNERABILIDADE,False,False,CADASTRO RESERVA,0,MEDIA VULNERABILIDADE,FAIXA 2,15000,0.372,False,,False,,False,,False,,False,,False
291955,BA,LUIS EDUARDO MAGALHAES,0.267,BAIXA VULNERABILIDADE,False,False,CONFIRMAÇÃO DE VAGAS (ADERIDOS),2,BAIXA VULNERABILIDADE,FAIXA 3,10000,0.313,False,,False,,True,FAIXA 3,True,FAIXA 3,True,FAIXA 3,True
291960,BA,MACAJUBA,0.534,MUITO ALTA VULNERABILIDADE,False,False,CADASTRO RESERVA,0,MUITO ALTA VULNERABILIDADE,FAIXA 1,20000,0.487,False,,False,,False,,False,,False,,False
291970,BA,MACARANI,0.419,ALTA VULNERABILIDADE,False,False,NÃO ELEGIVEL,0,ALTA VULNERABILIDADE,FAIXA 1,20000,0.386,False,,False,,False,,False,,False,,False
291980,BA,MACAUBAS,0.411,ALTA VULNERABILIDADE,False,False,CADASTRO RESERVA,0,ALTA VULNERABILIDADE,FAIXA 1,20000,0.342,False,,False,,False,,False,,False,,False
291990,BA,MACURURE,0.587,MUITO ALTA VULNERABILIDADE,False,False,CADASTRO RESERVA,0,MUITO ALTA VULNERABILIDADE,FAIXA 1,20000,0.422,False,,False,,False,,False,,False,,False
291992,BA,MADRE DE DEUS,0.295,BAIXA VULNERABILIDADE,False,False,CADASTRO RESERVA,0,BAIXA VULNERABILIDADE,FAIXA 3,10000,0.266,False,,False,,False,,False,,False,,False
291995,BA,MAETINGA,0.446,ALTA VULNERABILIDADE,False,False,NÃO ELEGIVEL,0,ALTA VULNERABILIDADE,FAIXA 1,20000,0.343,False,,False,,False,,False,,False,,False
292000,BA,MAIQUINIQUE,0.410,ALTA VULNERABILIDADE,False,False,CADASTRO RESERVA,0,ALTA VULNERABILIDADE,FAIXA 1,20000,0.425,False,,False,,False,,False,,False,,False
292010,BA,MAIRI,0.466,ALTA VULNERABILIDADE,False,False,CADASTRO RESERVA,0,ALTA VULNERABILIDADE,FAIXA 1,20000,0.351,False,,False,,False,,False,,False,,False
292020,BA,MALHADA,0.500,ALTA VULNERABILIDADE,False,False,CADASTRO RESERVA,0,ALTA VULNERABILIDADE,FAIXA 1,20000,0.368,False,,False,,False,,False,,False,,False
292030,BA,MALHADA DE PEDRAS,0.437,ALTA VULNERABILIDADE,False,False,NÃO ELEGIVEL,0,ALTA VULNERABILIDADE,FAIXA 1,20000,0.369,False,,False,,False,,False,,False,,False
292040,BA,MANOEL VITORINO,0.522,MUITO ALTA VULNERABILIDADE,False,False,CONFIRMAÇÃO DE VAGAS (ADERIDOS),1,MUITO ALTA VULNERABILIDADE,FAIXA 1,20000,0.503,False,,False,,False,,False,,False,,False
292045,BA,MANSIDAO,0.518,MUITO ALTA VULNERABILIDADE,False,False,CADASTRO RESERVA,0,MUITO ALTA VULNERABILIDADE,FAIXA 1,20000,0.433,False,,False,,False,,False,,False,,False
292050,BA,MARACAS,0.505,MUITO ALTA VULNERABILIDADE,False,False,CADASTRO RESERVA,0,MUITO ALTA VULNERABILIDADE,FAIXA 1,20000,0.453,False,,False,,False,,False,,False,,False
292060,BA,MARAGOGIPE,0.409,ALTA VULNERABILIDADE,False,False,CADASTRO RESERVA,0,ALTA VULNERABILIDADE,FAIXA 1,20000,0.335,False,,False,,False,,False,,False,,False
292070,BA,MARAU,0.497,ALTA VULNERABILIDADE,False,False,CADASTRO RESERVA,0,ALTA VULNERABILIDADE,FAIXA 1,20000,0.308,False,,False,,False,,False,,False,,False
292080,BA,MARCIONILIO SOUZA,0.574,MUITO ALTA VULNERABILIDADE,False,False,CADASTRO RESERVA,0,MUITO ALTA VULNERABILIDADE,FAIXA 1,20000,0.454,False,,False,,False,,False,,False,,False
292090,BA,MASCOTE,0.569,MUITO ALTA VULNERABILIDADE,False,False,CONFIRMAÇÃO DE VAGAS (ADERIDOS),2,MUITO ALTA VULNERABILIDADE,FAIXA 1,20000,0.493,False,,False,,False,,False,,False,,False
292100,BA,MATA DE SAO JOAO,0.424,ALTA VULNERABILIDADE,False,False,CONFIRMAÇÃO DE VAGAS (ADERIDOS),1,ALTA VULNERABILIDADE,FAIXA 1,20000,0.347,False,,False,,False,,False,,False,,False
292105,BA,MATINA,0.411,ALTA VULNERABILIDADE,False,False,CADASTRO RESERVA,0,ALTA VULNERABILIDADE,FAIXA 1,20000,0.384,False,,False,,False,,False,,False,,False
292110,BA,MEDEIROS NETO,0.463,ALTA VULNERABILIDADE,False,False,CADASTRO RESERVA,0,ALTA VULNERABILIDADE,FAIXA 1,20000,0.461,False,,False,,False,,False,,True,FAIXA 1,True
292120,BA,MIGUEL CALMON,0.444,ALTA VULNERABILIDADE,False,False,CADASTRO RESERVA,0,ALTA VULNERABILIDADE,FAIXA 1,20000,0.407,False,,False,,False,,False,,True,FAIXA 1,True
292130,BA,MILAGRES,0.450,ALTA VULNERABILIDADE,False,False,CADASTRO RESERVA,0,ALTA VULNERABILIDADE,FAIXA 1,20000,0.436,False,,False,,False,,False,,False,,False
292140,BA,MIRANGABA,0.572,MUITO ALTA VULNERABILIDADE,False,False,CADASTRO RESERVA,0,MUITO ALTA VULNERABILIDADE,FAIXA 1,20000,0.498,False,,False,,False,,False,,False,,False
292145,BA,MIRANTE,0.546,MUITO ALTA VULNERABILIDADE,False,False,CADASTRO RESERVA,0,MUITO ALTA VULNERABILIDADE,FAIXA 1,20000,0.536,False,,False,,False,,False,,False,,False
292150,BA,MONTE SANTO,0.546,MUITO ALTA VULNERABILIDADE,False,False,CADASTRO RESERVA,0,MUITO ALTA VULNERABILIDADE,FAIXA 1,20000,0.558,False,,False,,False,,False,,True,FAIXA 1,True
292160,BA,MORPARA,0.517,MUITO ALTA VULNERABILIDADE,False,False,CONFIRMAÇÃO DE VAGAS (ADERIDOS),1,MUITO ALTA VULNERABILIDADE,FAIXA 1,20000,0.453,False,,False,,False,,False,,False,,False
292170,BA,MORRO DO CHAPEU,0.502,MUITO ALTA VULNERABILIDADE,False,False,CADASTRO RESERVA,0,MUITO ALTA VULNERABILIDADE,FAIXA 1,20000,0.432,False,,False,,False,,False,,True,FAIXA 1,True
292180,BA,MORTUGABA,0.336,MEDIA VULNERABILIDADE,False,False,CADASTRO RESERVA,0,MEDIA VULNERABILIDADE,FAIXA 2,15000,0.319,False,,False,,False,,False,,False,,False
292190,BA,MUCUGE,0.370,MEDIA VULNERABILIDADE,False,False,CADASTRO RESERVA,0,MEDIA VULNERABILIDADE,FAIXA 2,15000,0.265,False,,False,,False,,False,,False,,False
292200,BA,MUCURI,0.415,ALTA VULNERABILIDADE,False,False,CADASTRO RESERVA,0,ALTA VULNERABILIDADE,FAIXA 1,20000,0.362,False,,False,,False,,False,,False,,False
292205,BA,MULUNGU DO MORRO,0.516,MUITO ALTA VULNERABILIDADE,False,False,CADASTRO RESERVA,0,MUITO ALTA VULNERABILIDADE,FAIXA 1,20000,0.472,False,,False,,False,,False,,False,,False
292210,BA,MUNDO NOVO,0.491,ALTA VULNERABILIDADE,False,False,CADASTRO RESERVA,0,ALTA VULNERABILIDADE,FAIXA 1,20000,0.429,False,,False,,False,,False,,False,,False
292220,BA,MUNIZ FERREIRA,0.418,ALTA VULNERABILIDADE,False,False,CADASTRO RESERVA,0,ALTA VULNERABILIDADE,FAIXA 1,20000,0.368,False,,False,,False,,False,,False,,False
292225,BA,MUQUEM DE SAO FRANCISCO,0.499,ALTA VULNERABILIDADE,False,False,CADASTRO RESERVA,0,ALTA VULNERABILIDADE,FAIXA 1,20000,0.498,False,,False,,False,,False,,False,,False
292230,BA,MURITIBA,0.382,MEDIA VULNERABILIDADE,False,False,CADASTRO RESERVA,0,MEDIA VULNERABILIDADE,FAIXA 2,15000,0.286,False,,False,,False,,False,,False,,False
292240,BA,MUTUIPE,0.402,ALTA VULNERABILIDADE,False,False,CADASTRO RESERVA,0,ALTA VULNERABILIDADE,FAIXA 1,20000,0.360,False,,False,,False,,False,,False,,False
292250,BA,NAZARE,0.406,ALTA VULNERABILIDADE,False,False,CADASTRO RESERVA,0,ALTA VULNERABILIDADE,FAIXA 1,20000,0.366,False,,False,,False,,False,,True,FAIXA 1,True
292260,BA,NILO PECANHA,0.472,ALTA VULNERABILIDADE,False,False,CADASTRO RESERVA,0,ALTA VULNERABILIDADE,FAIXA 1,20000,0.420,False,,False,,False,,False,,False,,False
292265,BA,NORDESTINA,0.509,MUITO ALTA VULNERABILIDADE,False,False,CADASTRO RESERVA,0,MUITO ALTA VULNERABILIDADE,FAIXA 1,20000,0.384,False,,False,,False,,False,,False,,False
292270,BA,NOVA CANAA,0.458,ALTA VULNERABILIDADE,False,False,CADASTRO RESERVA,0,ALTA VULNERABILIDADE,FAIXA 1,20000,0.506,False,,False,,False,,False,,False,,False
292273,BA,NOVA FATIMA,0.363,MEDIA VULNERABILIDADE,False,False,CADASTRO RESERVA,0,MEDIA VULNERABILIDADE,FAIXA 2,15000,0.361,False,,False,,False,,False,,False,,False
292275,BA,NOVA IBIA,0.423,ALTA VULNERABILIDADE,False,False,CADASTRO RESERVA,0,ALTA VULNERABILIDADE,FAIXA 1,20000,0.434,False,,False,,False,,False,,False,,False
292280,BA,NOVA ITARANA,0.604,MUITO ALTA VULNERABILIDADE,False,False,CADASTRO RESERVA,0,MUITO ALTA VULNERABILIDADE,FAIXA 1,20000,0.471,False,,False,,False,,False,,False,,False
292285,BA,NOVA REDENCAO,0.567,MUITO ALTA VULNERABILIDADE,False,False,CADASTRO RESERVA,0,MUITO ALTA VULNERABILIDADE,FAIXA 1,20000,0.553,False,,False,,False,,False,,False,,False
292290,BA,NOVA SOURE,0.513,MUITO ALTA VULNERABILIDADE,False,False,CADASTRO RESERVA,0,MUITO ALTA VULNERABILIDADE,FAIXA 1,20000,0.451,False,,False,,False,,False,,True,FAIXA 1,True
292300,BA,NOVA VICOSA,0.496,ALTA VULNERABILIDADE,False,False,CADASTRO RESERVA,0,ALTA VULNERABILIDADE,FAIXA 1,20000,0.472,False,,False,,False,,False,,True,FAIXA 1,True
292303,BA,NOVO HORIZONTE,0.397,MEDIA VULNERABILIDADE,False,False,CADASTRO RESERVA,0,MEDIA VULNERABILIDADE,FAIXA 2,15000,0.309,False,,False,,False,,False,,False,,False
292305,BA,NOVO TRIUNFO,0.528,MUITO ALTA VULNERABILIDADE,False,False,CADASTRO RESERVA,0,MUITO ALTA VULNERABILIDADE,FAIXA 1,20000,0.508,False,,False,,False,,False,,False,,False
292310,BA,OLINDINA,0.483,ALTA VULNERABILIDADE,False,False,CONFIRMAÇÃO DE VAGAS (ADERIDOS),1,ALTA VULNERABILIDADE,FAIXA 1,20000,0.446,False,,False,,False,,False,,False,,False
292320,BA,OLIVEIRA DOS BREJINHOS,0.523,MUITO ALTA VULNERABILIDADE,False,False,CADASTRO RESERVA,0,MUITO ALTA VULNERABILIDADE,FAIXA 1,20000,0.434,False,,False,,False,,False,,False,,False
292330,BA,OURICANGAS,0.443,ALTA VULNERABILIDADE,False,False,CADASTRO RESERVA,0,ALTA VULNERABILIDADE,FAIXA 1,20000,0.328,False,,False,,False,,False,,False,,False
292335,BA,OUROLANDIA,0.464,ALTA VULNERABILIDADE,False,False,CONFIRMAÇÃO DE VAGAS (ADERIDOS),1,ALTA VULNERABILIDADE,FAIXA 1,20000,0.380,False,,False,,False,,False,,False,,False
292340,BA,PALMAS DE MONTE ALTO,0.459,ALTA VULNERABILIDADE,False,False,CADASTRO RESERVA,0,ALTA VULNERABILIDADE,FAIXA 1,20000,0.403,False,,False,,False,,False,,False,,False
292350,BA,PALMEIRAS,0.421,ALTA VULNERABILIDADE,False,False,CADASTRO RESERVA,0,ALTA VULNERABILIDADE,FAIXA 1,20000,0.314,False,,False,,False,,False,,False,,False
292360,BA,PARAMIRIM,0.344,MEDIA VULNERABILIDADE,False,False,CADASTRO RESERVA,0,MEDIA VULNERABILIDADE,FAIXA 2,15000,0.294,False,,False,,False,,False,,True,FAIXA 2,True
292370,BA,PARATINGA,0.458,ALTA VULNERABILIDADE,False,False,CADASTRO RESERVA,0,ALTA VULNERABILIDADE,FAIXA 1,20000,0.451,False,,False,,False,,False,,False,,False
292380,BA,PARIPIRANGA,0.499,ALTA VULNERABILIDADE,False,False,CADASTRO RESERVA,0,ALTA VULNERABILIDADE,FAIXA 1,20000,0.309,False,,False,,False,,False,,False,,False
292390,BA,PAU BRASIL,0.461,ALTA VULNERABILIDADE,False,False,CADASTRO RESERVA,0,ALTA VULNERABILIDADE,FAIXA 1,20000,0.428,False,,False,,False,,False,,False,,False
292400,BA,PAULO AFONSO,0.340,MEDIA VULNERABILIDADE,False,False,CADASTRO RESERVA,0,MEDIA VULNERABILIDADE,FAIXA 2,15000,0.355,True,FAIXA 2,True,FAIXA 2,False,,False,,True,FAIXA 2,True
292405,BA,PE DE SERRA,0.414,ALTA VULNERABILIDADE,False,False,CADASTRO RESERVA,0,ALTA VULNERABILIDADE,FAIXA 1,20000,0.362,False,,False,,False,,False,,False,,False
292410,BA,PEDRAO,0.518,MUITO ALTA VULNERABILIDADE,False,False,CADASTRO RESERVA,0,MUITO ALTA VULNERABILIDADE,FAIXA 1,20000,0.412,False,,False,,False,,False,,False,,False
292420,BA,PEDRO ALEXANDRE,0.593,MUITO ALTA VULNERABILIDADE,False,False,CADASTRO RESERVA,0,MUITO ALTA VULNERABILIDADE,FAIXA 1,20000,0.410,False,,False,,False,,False,,False,,False
292430,BA,PIATA,0.430,ALTA VULNERABILIDADE,False,False,CADASTRO RESERVA,0,ALTA VULNERABILIDADE,FAIXA 1,20000,0.362,False,,False,,False,,False,,False,,False
292440,BA,PILAO ARCADO,0.526,MUITO ALTA VULNERABILIDADE,False,False,CADASTRO RESERVA,0,MUITO ALTA VULNERABILIDADE,FAIXA 1,20000,0.471,False,,False,,False,,False,,False,,False
292450,BA,PINDAI,0.404,ALTA VULNERABILIDADE,False,False,CONFIRMAÇÃO DE VAGAS (ADERIDOS),1,ALTA VULNERABILIDADE,FAIXA 1,20000,0.308,False,,False,,False,,False,,False,,False
292460,BA,PINDOBACU,0.435,ALTA VULNERABILIDADE,False,False,CADASTRO RESERVA,0,ALTA VULNERABILIDADE,FAIXA 1,20000,0.420,False,,False,,False,,False,,False,,False
292465,BA,PINTADAS,0.447,ALTA VULNERABILIDADE,False,False,CADASTRO RESERVA,0,ALTA VULNERABILIDADE,FAIXA 1,20000,0.379,False,,False,,False,,False,,False,,False
292467,BA,PIRAI DO NORTE,0.507,MUITO ALTA VULNERABILIDADE,False,False,CADASTRO RESERVA,0,MUITO ALTA VULNERABILIDADE,FAIXA 1,20000,0.426,False,,False,,False,,False,,False,,False
292470,BA,PIRIPA,0.430,ALTA VULNERABILIDADE,False,False,NÃO ELEGIVEL,0,ALTA VULNERABILIDADE,FAIXA 1,20000,0.329,False,,False,,False,,False,,False,,False
292480,BA,PIRITIBA,0.503,MUITO ALTA VULNERABILIDADE,False,False,CADASTRO RESERVA,0,MUITO ALTA VULNERABILIDADE,FAIXA 1,20000,0.471,False,,False,,False,,False,,False,,False
292490,BA,PLANALTINO,0.560,MUITO ALTA VULNERABILIDADE,False,False,CADASTRO RESERVA,0,MUITO ALTA VULNERABILIDADE,FAIXA 1,20000,0.543,False,,False,,False,,False,,False,,False
292500,BA,PLANALTO,0.473,ALTA VULNERABILIDADE,False,False,CONFIRMAÇÃO DE VAGAS (ADERIDOS),1,ALTA VULNERABILIDADE,FAIXA 1,20000,0.466,False,,False,,False,,False,,False,,False
292510,BA,POCOES,0.494,ALTA VULNERABILIDADE,False,False,CADASTRO RESERVA,0,ALTA VULNERABILIDADE,FAIXA 1,20000,0.485,False,,False,,False,,False,,True,FAIXA 1,True
292520,BA,POJUCA,0.316,MEDIA VULNERABILIDADE,False,False,CONFIRMAÇÃO DE VAGAS (ADERIDOS),1,MEDIA VULNERABILIDADE,FAIXA 2,15000,0.291,False,,False,,False,,False,,True,FAIXA 2,True
292525,BA,PONTO NOVO,0.468,ALTA VULNERABILIDADE,False,False,CADASTRO RESERVA,0,ALTA VULNERABILIDADE,FAIXA 1,20000,0.431,False,,False,,False,,False,,False,,False
292530,BA,PORTO SEGURO,0.341,MEDIA VULNERABILIDADE,False,False,CONFIRMAÇÃO DE VAGAS (ADERIDOS),1,MEDIA VULNERABILIDADE,FAIXA 2,15000,0.334,False,,False,,False,,False,,False,,False
292540,BA,POTIRAGUA,0.399,MEDIA VULNERABILIDADE,False,False,CADASTRO RESERVA,0,MEDIA VULNERABILIDADE,FAIXA 2,15000,0.379,False,,False,,False,,False,,False,,False
292550,BA,PRADO,0.464,ALTA VULNERABILIDADE,False,False,CADASTRO RESERVA,0,ALTA VULNERABILIDADE,FAIXA 1,20000,0.346,False,,False,,False,,False,,False,,False
292560,BA,PRESIDENTE DUTRA,0.390,MEDIA VULNERABILIDADE,False,False,NÃO ELEGIVEL,0,MEDIA VULNERABILIDADE,FAIXA 2,15000,0.391,False,,False,,False,,False,,False,,False
292570,BA,PRESIDENTE JANIO QUADROS,0.484,ALTA VULNERABILIDADE,False,False,CONFIRMAÇÃO DE VAGAS (ADERIDOS),1,ALTA VULNERABILIDADE,FAIXA 1,20000,0.436,False,,False,,False,,False,,False,,False
292575,BA,PRESIDENTE TANCREDO NEVES,0.473,ALTA VULNERABILIDADE,False,False,CADASTRO RESERVA,0,ALTA VULNERABILIDADE,FAIXA 1,20000,0.445,False,,False,,False,,False,,False,,False
292580,BA,QUEIMADAS,0.520,MUITO ALTA VULNERABILIDADE,False,False,CADASTRO RESERVA,0,MUITO ALTA VULNERABILIDADE,FAIXA 1,20000,0.443,False,,False,,False,,False,,False,,False
292590,BA,QUIJINGUE,0.481,ALTA VULNERABILIDADE,False,False,CONFIRMAÇÃO DE VAGAS (ADERIDOS),1,ALTA VULNERABILIDADE,FAIXA 1,20000,0.312,False,,False,,False,,False,,False,,False
292593,BA,QUIXABEIRA,0.425,ALTA VULNERABILIDADE,False,False,CADASTRO RESERVA,0,ALTA VULNERABILIDADE,FAIXA 1,20000,0.356,False,,False,,False,,False,,False,,False
292595,BA,RAFAEL JAMBEIRO,0.525,MUITO ALTA VULNERABILIDADE,False,False,CADASTRO RESERVA,0,MUITO ALTA VULNERABILIDADE,FAIXA 1,20000,0.535,False,,False,,False,,False,,False,,False
292600,BA,REMANSO,0.478,ALTA VULNERABILIDADE,False,False,CONFIRMAÇÃO DE VAGAS (ADERIDOS),1,ALTA VULNERABILIDADE,FAIXA 1,20000,0.425,False,,False,,False,,False,,False,,False
292610,BA,RETIROLANDIA,0.398,MEDIA VULNERABILIDADE,False,False,CONFIRMAÇÃO DE VAGAS (ADERIDOS),2,MEDIA VULNERABILIDADE,FAIXA 2,15000,0.310,False,,False,,False,,False,,False,,False
292620,BA,RIACHAO DAS NEVES,0.488,ALTA VULNERABILIDADE,False,False,CONFIRMAÇÃO DE VAGAS (ADERIDOS),1,ALTA VULNERABILIDADE,FAIXA 1,20000,0.424,False,,False,,False,,False,,False,,False
292630,BA,RIACHAO DO JACUIPE,0.368,MEDIA VULNERABILIDADE,False,False,CADASTRO RESERVA,0,MEDIA VULNERABILIDADE,FAIXA 2,15000,0.310,False,,False,,False,,False,,False,,False
292640,BA,RIACHO DE SANTANA,0.408,ALTA VULNERABILIDADE,False,False,CADASTRO RESERVA,0,ALTA VULNERABILIDADE,FAIXA 1,20000,0.371,False,,False,,False,,False,,True,FAIXA 1,True
292650,BA,RIBEIRA DO AMPARO,0.511,MUITO ALTA VULNERABILIDADE,False,False,CONFIRMAÇÃO DE VAGAS (ADERIDOS),1,MUITO ALTA VULNERABILIDADE,FAIXA 1,20000,0.396,False,,False,,False,,False,,False,,False
292660,BA,RIBEIRA DO POMBAL,0.417,ALTA VULNERABILIDADE,False,False,CONFIRMAÇÃO DE VAGAS (ADERIDOS),1,ALTA VULNERABILIDADE,FAIXA 1,20000,0.408,True,FAIXA 1,True,FAIXA 1,True,FAIXA 1,False,,True,FAIXA 1,True
292665,BA,RIBEIRAO DO LARGO,0.466,ALTA VULNERABILIDADE,False,False,CADASTRO RESERVA,0,ALTA VULNERABILIDADE,FAIXA 1,20000,0.405,False,,False,,False,,False,,False,,False
292670,BA,RIO DE CONTAS,0.351,MEDIA VULNERABILIDADE,False,False,NÃO ELEGIVEL,0,MEDIA VULNERABILIDADE,FAIXA 2,15000,0.305,False,,False,,False,,False,,False,,False
292680,BA,RIO DO ANTONIO,0.439,ALTA VULNERABILIDADE,False,False,CONFIRMAÇÃO DE VAGAS (ADERIDOS),1,ALTA VULNERABILIDADE,FAIXA 1,20000,0.335,False,,False,,False,,False,,False,,False
292690,BA,RIO DO PIRES,0.393,MEDIA VULNERABILIDADE,False,False,NÃO ELEGIVEL,0,MEDIA VULNERABILIDADE,FAIXA 2,15000,0.336,False,,False,,False,,False,,False,,False
292700,BA,RIO REAL,0.490,ALTA VULNERABILIDADE,False,False,CADASTRO RESERVA,0,ALTA VULNERABILIDADE,FAIXA 1,20000,0.445,False,,False,,False,,False,,False,,False
292710,BA,RODELAS,0.385,MEDIA VULNERABILIDADE,False,False,CADASTRO RESERVA,0,MEDIA VULNERABILIDADE,FAIXA 2,15000,0.426,False,,False,,False,,False,,False,,False
292720,BA,RUY BARBOSA,0.467,ALTA VULNERABILIDADE,False,False,CADASTRO RESERVA,0,ALTA VULNERABILIDADE,FAIXA 1,20000,0.425,False,,False,,False,,False,,False,,False
292730,BA,SALINAS DA MARGARIDA,0.425,ALTA VULNERABILIDADE,False,False,CONFIRMAÇÃO DE VAGAS (ADERIDOS),1,ALTA VULNERABILIDADE,FAIXA 1,20000,0.401,False,,False,,False,,False,,False,,False
292740,BA,SALVADOR,0.350,MEDIA VULNERABILIDADE,False,False,CONFIRMAÇÃO DE VAGAS (ADERIDOS),2,MEDIA VULNERABILIDADE,FAIXA 2,15000,0.378,False,,False,,False,,False,,True,FAIXA 2,True
292750,BA,SANTA BARBARA,0.499,ALTA VULNERABILIDADE,False,False,CONFIRMAÇÃO DE VAGAS (ADERIDOS),2,ALTA VULNERABILIDADE,FAIXA 1,20000,0.420,False,,False,,False,,False,,False,,False
292760,BA,SANTA BRIGIDA,0.544,MUITO ALTA VULNERABILIDADE,False,False,CADASTRO RESERVA,0,MUITO ALTA VULNERABILIDADE,FAIXA 1,20000,0.413,False,,False,,False,,False,,False,,False
292770,BA,SANTA CRUZ CABRALIA,0.422,ALTA VULNERABILIDADE,False,False,CADASTRO RESERVA,0,ALTA VULNERABILIDADE,FAIXA 1,20000,0.331,False,,False,,True,FAIXA 1,True,FAIXA 1,False,,True
292780,BA,SANTA CRUZ DA VITORIA,0.561,MUITO ALTA VULNERABILIDADE,False,False,CADASTRO RESERVA,0,MUITO ALTA VULNERABILIDADE,FAIXA 1,20000,0.487,False,,False,,False,,False,,False,,False
292790,BA,SANTA INES,0.490,ALTA VULNERABILIDADE,False,False,CONFIRMAÇÃO DE VAGAS (ADERIDOS),1,ALTA VULNERABILIDADE,FAIXA 1,20000,0.490,False,,False,,False,,False,,True,FAIXA 1,True
292800,BA,SANTALUZ,0.451,ALTA VULNERABILIDADE,False,False,CADASTRO RESERVA,0,ALTA VULNERABILIDADE,FAIXA 1,20000,0.362,False,,False,,False,,False,,True,FAIXA 1,True
292805,BA,SANTA LUZIA,0.538,MUITO ALTA VULNERABILIDADE,False,False,CONFIRMAÇÃO DE VAGAS (ADERIDOS),1,MUITO ALTA VULNERABILIDADE,FAIXA 1,20000,0.419,False,,False,,False,,False,,False,,False
292810,BA,SANTA MARIA DA VITORIA,0.404,ALTA VULNERABILIDADE,False,False,CONFIRMAÇÃO DE VAGAS (ADERIDOS),1,ALTA VULNERABILIDADE,FAIXA 1,20000,0.363,True,FAIXA 1,True,FAIXA 1,False,,False,,True,FAIXA 1,True
292820,BA,SANTANA,0.442,ALTA VULNERABILIDADE,False,False,CADASTRO RESERVA,0,ALTA VULNERABILIDADE,FAIXA 1,20000,0.332,False,,False,,False,,False,,False,,False
292830,BA,SANTANOPOLIS,0.536,MUITO ALTA VULNERABILIDADE,False,False,CADASTRO RESERVA,0,MUITO ALTA VULNERABILIDADE,FAIXA 1,20000,0.491,False,,False,,False,,False,,False,,False
292840,BA,SANTA RITA DE CASSIA,0.411,ALTA VULNERABILIDADE,False,False,CADASTRO RESERVA,0,ALTA VULNERABILIDADE,FAIXA 1,20000,0.360,False,,False,,False,,False,,False,,False
292850,BA,SANTA TERESINHA,0.510,MUITO ALTA VULNERABILIDADE,False,False,CADASTRO RESERVA,0,MUITO ALTA VULNERABILIDADE,FAIXA 1,20000,0.525,False,,False,,False,,False,,False,,False
292860,BA,SANTO AMARO,0.414,ALTA VULNERABILIDADE,False,False,CADASTRO RESERVA,0,ALTA VULNERABILIDADE,FAIXA 1,20000,0.381,False,,False,,False,,False,,False,,False
292870,BA,SANTO ANTONIO DE JESUS,0.294,BAIXA VULNERABILIDADE,False,False,CONFIRMAÇÃO DE VAGAS (ADERIDOS),1,BAIXA VULNERABILIDADE,FAIXA 3,10000,0.306,True,FAIXA 3,True,FAIXA 3,True,FAIXA 3,True,FAIXA 3,True,FAIXA 3,True
292880,BA,SANTO ESTEVAO,0.446,ALTA VULNERABILIDADE,False,False,CADASTRO RESERVA,0,ALTA VULNERABILIDADE,FAIXA 1,20000,0.380,False,,False,,False,,False,,False,,False
292890,BA,SAO DESIDERIO,0.408,ALTA VULNERABILIDADE,False,False,CONFIRMAÇÃO DE VAGAS (ADERIDOS),1,ALTA VULNERABILIDADE,FAIXA 1,20000,0.379,False,,False,,False,,False,,False,,False
292895,BA,SAO DOMINGOS,0.339,MEDIA VULNERABILIDADE,False,False,CADASTRO RESERVA,0,MEDIA VULNERABILIDADE,FAIXA 2,15000,0.333,False,,False,,False,,False,,True,FAIXA 2,True
292900,BA,SAO FELIX,0.382,MEDIA VULNERABILIDADE,False,False,CADASTRO RESERVA,0,MEDIA VULNERABILIDADE,FAIXA 2,15000,0.307,False,,False,,False,,False,,False,,False
292905,BA,SAO FELIX DO CORIBE,0.372,MEDIA VULNERABILIDADE,False,False,CADASTRO RESERVA,0,MEDIA VULNERABILIDADE,FAIXA 2,15000,0.369,False,,False,,False,,False,,False,,False
292910,BA,SAO FELIPE,0.407,ALTA VULNERABILIDADE,False,False,CONFIRMAÇÃO DE VAGAS (ADERIDOS),1,ALTA VULNERABILIDADE,FAIXA 1,20000,0.341,False,,False,,False,,False,,False,,False
292920,BA,SAO FRANCISCO DO CONDE,0.376,MEDIA VULNERABILIDADE,False,False,CONFIRMAÇÃO DE VAGAS (ADERIDOS),5,MEDIA VULNERABILIDADE,FAIXA 2,15000,0.377,False,,False,,False,,False,,True,FAIXA 2,True
292925,BA,SAO GABRIEL,0.486,ALTA VULNERABILIDADE,False,False,CADASTRO RESERVA,0,ALTA VULNERABILIDADE,FAIXA 1,20000,0.412,False,,False,,False,,False,,False,,False
292930,BA,SAO GONCALO DOS CAMPOS,0.411,ALTA VULNERABILIDADE,False,False,CADASTRO RESERVA,0,ALTA VULNERABILIDADE,FAIXA 1,20000,0.322,False,,False,,True,FAIXA 1,False,,False,,True
292935,BA,SAO JOSE DA VITORIA,0.517,MUITO ALTA VULNERABILIDADE,False,False,CADASTRO RESERVA,0,MUITO ALTA VULNERABILIDADE,FAIXA 1,20000,0.493,False,,False,,False,,False,,False,,False
292937,BA,SAO JOSE DO JACUIPE,0.458,ALTA VULNERABILIDADE,False,False,CONFIRMAÇÃO DE VAGAS (ADERIDOS),1,ALTA VULNERABILIDADE,FAIXA 1,20000,0.423,False,,False,,False,,False,,False,,False
292940,BA,SAO MIGUEL DAS MATAS,0.379,MEDIA VULNERABILIDADE,False,False,CADASTRO RESERVA,0,MEDIA VULNERABILIDADE,FAIXA 2,15000,0.416,False,,False,,False,,False,,False,,False
292950,BA,SAO SEBASTIAO DO PASSE,0.468,ALTA VULNERABILIDADE,False,False,CONFIRMAÇÃO DE VAGAS (ADERIDOS),1,ALTA VULNERABILIDADE,FAIXA 1,20000,0.436,False,,False,,False,,False,,True,FAIXA 1,True
292960,BA,SAPEACU,0.442,ALTA VULNERABILIDADE,False,False,CADASTRO RESERVA,0,ALTA VULNERABILIDADE,FAIXA 1,20000,0.368,False,,False,,False,,False,,True,FAIXA 1,True
292970,BA,SATIRO DIAS,0.506,MUITO ALTA VULNERABILIDADE,False,False,CADASTRO RESERVA,0,MUITO ALTA VULNERABILIDADE,FAIXA 1,20000,0.368,False,,False,,False,,False,,False,,False
292975,BA,SAUBARA,0.407,ALTA VULNERABILIDADE,False,False,CADASTRO RESERVA,0,ALTA VULNERABILIDADE,FAIXA 1,20000,0.402,False,,False,,False,,False,,False,,False
292980,BA,SAUDE,0.491,ALTA VULNERABILIDADE,False,False,CADASTRO RESERVA,0,ALTA VULNERABILIDADE,FAIXA 1,20000,0.401,False,,False,,False,,False,,False,,False
292990,BA,SEABRA,0.411,ALTA VULNERABILIDADE,False,False,CONFIRMAÇÃO DE VAGAS (ADERIDOS),1,ALTA VULNERABILIDADE,FAIXA 1,20000,0.288,False,,False,,False,,False,,False,,False
293000,BA,SEBASTIAO LARANJEIRAS,0.444,ALTA VULNERABILIDADE,False,False,CADASTRO RESERVA,0,ALTA VULNERABILIDADE,FAIXA 1,20000,0.461,False,,False,,False,,False,,False,,False
293010,BA,SENHOR DO BONFIM,0.361,MEDIA VULNERABILIDADE,False,False,CONFIRMAÇÃO DE VAGAS (ADERIDOS),1,MEDIA VULNERABILIDADE,FAIXA 2,15000,0.348,True,FAIXA 2,True,FAIXA 2,True,FAIXA 2,False,,False,,True
293015,BA,SERRA DO RAMALHO,0.542,MUITO ALTA VULNERABILIDADE,False,False,CADASTRO RESERVA,0,MUITO ALTA VULNERABILIDADE,FAIXA 1,20000,0.408,False,,False,,False,,False,,True,FAIXA 1,True
293020,BA,SENTO SE,0.486,ALTA VULNERABILIDADE,False,False,CADASTRO RESERVA,0,ALTA VULNERABILIDADE,FAIXA 1,20000,0.487,False,,False,,False,,False,,False,,False
293030,BA,SERRA DOURADA,0.493,ALTA VULNERABILIDADE,False,False,CADASTRO RESERVA,0,ALTA VULNERABILIDADE,FAIXA 1,20000,0.352,False,,False,,False,,False,,True,FAIXA 1,True
293040,BA,SERRA PRETA,0.526,MUITO ALTA VULNERABILIDADE,False,False,CADASTRO RESERVA,0,MUITO ALTA VULNERABILIDADE,FAIXA 1,20000,0.474,False,,False,,False,,False,,False,,False
293050,BA,SERRINHA,0.397,MEDIA VULNERABILIDADE,False,False,CONFIRMAÇÃO DE VAGAS (ADERIDOS),1,MEDIA VULNERABILIDADE,FAIXA 2,15000,0.367,True,FAIXA 2,True,FAIXA 2,True,FAIXA 2,False,,True,FAIXA 2,True
293060,BA,SERROLANDIA,0.406,ALTA VULNERABILIDADE,False,False,CADASTRO RESERVA,0,ALTA VULNERABILIDADE,FAIXA 1,20000,0.389,False,,False,,False,,False,,False,,False
293070,BA,SIMOES FILHO,0.429,ALTA VULNERABILIDADE,False,False,CADASTRO RESERVA,0,ALTA VULNERABILIDADE,FAIXA 1,20000,0.406,False,,False,,False,,False,,True,FAIXA 1,True
293075,BA,SITIO DO MATO,0.574,MUITO ALTA VULNERABILIDADE,False,False,CADASTRO RESERVA,0,MUITO ALTA VULNERABILIDADE,FAIXA 1,20000,0.536,False,,False,,False,,False,,False,,False
293076,BA,SITIO DO QUINTO,0.516,MUITO ALTA VULNERABILIDADE,False,False,CADASTRO RESERVA,0,MUITO ALTA VULNERABILIDADE,FAIXA 1,20000,0.451,False,,False,,False,,False,,False,,False
293077,BA,SOBRADINHO,0.383,MEDIA VULNERABILIDADE,False,False,CONFIRMAÇÃO DE VAGAS (ADERIDOS),1,MEDIA VULNERABILIDADE,FAIXA 2,15000,0.359,False,,False,,False,,False,,False,,False
293080,BA,SOUTO SOARES,0.489,ALTA VULNERABILIDADE,False,False,CADASTRO RESERVA,0,ALTA VULNERABILIDADE,FAIXA 1,20000,0.343,False,,False,,False,,False,,True,FAIXA 1,True
293090,BA,TABOCAS DO BREJO VELHO,0.481,ALTA VULNERABILIDADE,False,False,CONFIRMAÇÃO DE VAGAS (ADERIDOS),2,ALTA VULNERABILIDADE,FAIXA 1,20000,0.482,False,,False,,False,,False,,False,,False
293100,BA,TANHACU,0.416,ALTA VULNERABILIDADE,False,False,CONFIRMAÇÃO DE VAGAS (ADERIDOS),1,ALTA VULNERABILIDADE,FAIXA 1,20000,0.420,False,,False,,False,,False,,True,FAIXA 1,True
293105,BA,TANQUE NOVO,0.419,ALTA VULNERABILIDADE,False,False,NÃO ELEGIVEL,0,ALTA VULNERABILIDADE,FAIXA 1,20000,0.391,False,,False,,False,,False,,True,FAIXA 1,True
293110,BA,TANQUINHO,0.437,ALTA VULNERABILIDADE,False,False,CADASTRO RESERVA,0,ALTA VULNERABILIDADE,FAIXA 1,20000,0.353,False,,False,,False,,False,,False,,False
293120,BA,TAPEROA,0.482,ALTA VULNERABILIDADE,False,False,CADASTRO RESERVA,0,ALTA VULNERABILIDADE,FAIXA 1,20000,0.402,False,,False,,False,,False,,False,,False
293130,BA,TAPIRAMUTA,0.513,MUITO ALTA VULNERABILIDADE,False,False,CADASTRO RESERVA,0,MUITO ALTA VULNERABILIDADE,FAIXA 1,20000,0.510,False,,False,,False,,False,,False,,False
293135,BA,TEIXEIRA DE FREITAS,0.362,MEDIA VULNERABILIDADE,False,False,CADASTRO RESERVA,0,MEDIA VULNERABILIDADE,FAIXA 2,15000,0.383,True,FAIXA 2,True,FAIXA 2,True,FAIXA 2,True,FAIXA 2,True,FAIXA 2,True
293140,BA,TEODORO SAMPAIO,0.531,MUITO ALTA VULNERABILIDADE,False,False,CADASTRO RESERVA,0,MUITO ALTA VULNERABILIDADE,FAIXA 1,20000,0.481,False,,False,,False,,False,,False,,False
293150,BA,TEOFILANDIA,0.451,ALTA VULNERABILIDADE,False,False,CADASTRO RESERVA,0,ALTA VULNERABILIDADE,FAIXA 1,20000,0.286,False,,False,,False,,False,,False,,False
293160,BA,TEOLANDIA,0.538,MUITO ALTA VULNERABILIDADE,False,False,CADASTRO RESERVA,0,MUITO ALTA VULNERABILIDADE,FAIXA 1,20000,0.448,False,,False,,False,,False,,False,,False
293170,BA,TERRA NOVA,0.450,ALTA VULNERABILIDADE,False,False,CADASTRO RESERVA,0,ALTA VULNERABILIDADE,FAIXA 1,20000,0.344,False,,False,,False,,False,,False,,False
293180,BA,TREMEDAL,0.499,ALTA VULNERABILIDADE,False,False,CADASTRO RESERVA,0,ALTA VULNERABILIDADE,FAIXA 1,20000,0.372,False,,False,,False,,False,,True,FAIXA 1,True
293190,BA,TUCANO,0.504,MUITO ALTA VULNERABILIDADE,False,False,CONFIRMAÇÃO DE VAGAS (ADERIDOS),1,MUITO ALTA VULNERABILIDADE,FAIXA 1,20000,0.470,False,,False,,False,,False,,False,,False
293200,BA,UAUA,0.449,ALTA VULNERABILIDADE,False,False,CONFIRMAÇÃO DE VAGAS (ADERIDOS),1,ALTA VULNERABILIDADE,FAIXA 1,20000,0.319,False,,False,,False,,False,,False,,False
293210,BA,UBAIRA,0.460,ALTA VULNERABILIDADE,False,False,CADASTRO RESERVA,0,ALTA VULNERABILIDADE,FAIXA 1,20000,0.477,False,,False,,False,,False,,False,,False
293220,BA,UBAITABA,0.408,ALTA VULNERABILIDADE,False,False,CADASTRO RESERVA,0,ALTA VULNERABILIDADE,FAIXA 1,20000,0.371,False,,False,,False,,False,,False,,False
293230,BA,UBATA,0.511,MUITO ALTA VULNERABILIDADE,False,False,CADASTRO RESERVA,0,MUITO ALTA VULNERABILIDADE,FAIXA 1,20000,0.460,False,,False,,False,,False,,False,,False
293240,BA,UIBAI,0.405,ALTA VULNERABILIDADE,False,False,CADASTRO RESERVA,0,ALTA VULNERABILIDADE,FAIXA 1,20000,0.398,False,,False,,False,,False,,False,,False
293245,BA,UMBURANAS,0.556,MUITO ALTA VULNERABILIDADE,False,False,CONFIRMAÇÃO DE VAGAS (ADERIDOS),1,MUITO ALTA VULNERABILIDADE,FAIXA 1,20000,0.473,False,,False,,False,,False,,False,,False
293250,BA,UNA,0.526,MUITO ALTA VULNERABILIDADE,False,False,CONFIRMAÇÃO DE VAGAS (ADERIDOS),2,MUITO ALTA VULNERABILIDADE,FAIXA 1,20000,0.421,False,,False,,False,,False,,False,,False
293260,BA,URANDI,0.412,ALTA VULNERABILIDADE,False,False,CADASTRO RESERVA,0,ALTA VULNERABILIDADE,FAIXA 1,20000,0.357,False,,False,,False,,False,,True,FAIXA 1,True
293270,BA,URUCUCA,0.469,ALTA VULNERABILIDADE,False,False,CADASTRO RESERVA,0,ALTA VULNERABILIDADE,FAIXA 1,20000,0.396,False,,False,,False,,False,,False,,False
293280,BA,UTINGA,0.460,ALTA VULNERABILIDADE,False,False,CADASTRO RESERVA,0,ALTA VULNERABILIDADE,FAIXA 1,20000,0.375,False,,False,,False,,False,,False,,False
293290,BA,VALENCA,0.388,MEDIA VULNERABILIDADE,False,False,CADASTRO RESERVA,0,MEDIA VULNERABILIDADE,FAIXA 2,15000,0.358,True,FAIXA 2,True,FAIXA 2,False,,False,,False,,True
293300,BA,VALENTE,0.308,MEDIA VULNERABILIDADE,False,False,CADASTRO RESERVA,0,MEDIA VULNERABILIDADE,FAIXA 2,15000,0.268,False,,False,,False,,False,,False,,False
293305,BA,VARZEA DA ROCA,0.472,ALTA VULNERABILIDADE,False,False,CADASTRO RESERVA,0,ALTA VULNERABILIDADE,FAIXA 1,20000,0.463,False,,False,,False,,False,,False,,False
293310,BA,VARZEA DO POCO,0.400,MEDIA VULNERABILIDADE,False,False,CADASTRO RESERVA,0,MEDIA VULNERABILIDADE,FAIXA 2,15000,0.415,False,,False,,False,,False,,False,,False
293315,BA,VARZEA NOVA,0.515,MUITO ALTA VULNERABILIDADE,False,False,CADASTRO RESERVA,0,MUITO ALTA VULNERABILIDADE,FAIXA 1,20000,0.522,False,,False,,False,,False,,False,,False
293317,BA,VARZEDO,0.411,ALTA VULNERABILIDADE,False,False,CONFIRMAÇÃO DE VAGAS (ADERIDOS),1,ALTA VULNERABILIDADE,FAIXA 1,20000,0.487,False,,False,,False,,False,,False,,False
293320,BA,VERA CRUZ,0.403,ALTA VULNERABILIDADE,False,False,CONFIRMAÇÃO DE VAGAS (ADERIDOS),2,ALTA VULNERABILIDADE,FAIXA 1,20000,0.384,False,,False,,False,,False,,False,,False
293325,BA,VEREDA,0.410,ALTA VULNERABILIDADE,False,False,CADASTRO RESERVA,0,ALTA VULNERABILIDADE,FAIXA 1,20000,0.354,False,,False,,False,,False,,False,,False
293330,BA,VITORIA DA CONQUISTA,0.328,MEDIA VULNERABILIDADE,False,False,CADASTRO RESERVA,0,MEDIA VULNERABILIDADE,FAIXA 2,15000,0.328,True,FAIXA 2,True,FAIXA 2,True,FAIXA 2,True,FAIXA 2,True,FAIXA 2,True
293340,BA,WAGNER,0.482,ALTA VULNERABILIDADE,False,False,CADASTRO RESERVA,0,ALTA VULNERABILIDADE,FAIXA 1,20000,0.420,False,,False,,False,,False,,False,,False
293345,BA,WANDERLEY,0.469,ALTA VULNERABILIDADE,False,False,CADASTRO RESERVA,0,ALTA VULNERABILIDADE,FAIXA 1,20000,0.416,False,,False,,False,,False,,False,,False
293350,BA,WENCESLAU GUIMARAES,0.513,MUITO ALTA VULNERABILIDADE,False,False,CADASTRO RESERVA,0,MUITO ALTA VULNERABILIDADE,FAIXA 1,20000,0.467,False,,False,,False,,False,,False,,False
293360,BA,XIQUE-XIQUE,0.459,ALTA VULNERABILIDADE,False,False,CADASTRO RESERVA,0,ALTA VULNERABILIDADE,FAIXA 1,20000,0.421,False,,False,,False,,False,,False,,False
310010,MG,ABADIA DOS DOURADOS,0.232,BAIXA VULNERABILIDADE,False,False,CADASTRO RESERVA,0,BAIXA VULNERABILIDADE,FAIXA 3,10000,0.280,False,,False,,False,,False,,False,,False
310020,MG,ABAETE,0.290,BAIXA VULNERABILIDADE,False,False,CADASTRO RESERVA,0,BAIXA VULNERABILIDADE,FAIXA 3,10000,0.271,False,,False,,False,,False,,False,,False
310030,MG,ABRE CAMPO,0.282,BAIXA VULNERABILIDADE,False,False,CADASTRO RESERVA,0,BAIXA VULNERABILIDADE,FAIXA 3,10000,0.323,True,FAIXA 3,True,FAIXA 3,True,FAIXA 3,True,FAIXA 3,True,FAIXA 3,True
310040,MG,ACAIACA,0.335,MEDIA VULNERABILIDADE,False,False,CADASTRO RESERVA,0,MEDIA VULNERABILIDADE,FAIXA 2,15000,0.356,False,,False,,False,,False,,False,,False
310050,MG,ACUCENA,0.571,MUITO ALTA VULNERABILIDADE,False,False,CADASTRO RESERVA,0,MUITO ALTA VULNERABILIDADE,FAIXA 1,20000,0.482,False,,False,,False,,False,,False,,False
310060,MG,AGUA BOA,0.486,ALTA VULNERABILIDADE,False,False,CADASTRO RESERVA,0,ALTA VULNERABILIDADE,FAIXA 1,20000,0.483,False,,False,,False,,False,,False,,False
310070,MG,AGUA COMPRIDA,0.216,BAIXA VULNERABILIDADE,False,False,CADASTRO RESERVA,0,BAIXA VULNERABILIDADE,FAIXA 3,10000,0.245,False,,False,,False,,False,,False,,False
310080,MG,AGUANIL,0.231,BAIXA VULNERABILIDADE,False,False,CADASTRO RESERVA,0,BAIXA VULNERABILIDADE,FAIXA 3,10000,0.325,False,,False,,False,,False,,False,,False
310090,MG,AGUAS FORMOSAS,0.394,MEDIA VULNERABILIDADE,False,False,CADASTRO RESERVA,0,MEDIA VULNERABILIDADE,FAIXA 2,15000,0.430,True,FAIXA 2,True,FAIXA 2,True,FAIXA 2,True,FAIXA 2,True,FAIXA 2,True
310100,MG,AGUAS VERMELHAS,0.417,ALTA VULNERABILIDADE,False,False,CADASTRO RESERVA,0,ALTA VULNERABILIDADE,FAIXA 1,20000,0.462,False,,False,,False,,False,,True,FAIXA 1,True
310110,MG,AIMORES,0.280,BAIXA VULNERABILIDADE,False,False,CADASTRO RESERVA,0,BAIXA VULNERABILIDADE,FAIXA 3,10000,0.320,False,,True,FAIXA 3,False,,False,,False,,True
310120,MG,AIURUOCA,0.272,BAIXA VULNERABILIDADE,False,False,CADASTRO RESERVA,0,BAIXA VULNERABILIDADE,FAIXA 3,10000,0.307,False,,False,,False,,False,,False,,False
310130,MG,ALAGOA,0.330,MEDIA VULNERABILIDADE,False,False,NÃO ELEGIVEL,0,MEDIA VULNERABILIDADE,FAIXA 2,15000,0.279,False,,False,,False,,False,,False,,False
310140,MG,ALBERTINA,0.231,BAIXA VULNERABILIDADE,False,False,CADASTRO RESERVA,0,BAIXA VULNERABILIDADE,FAIXA 3,10000,0.207,False,,False,,False,,False,,False,,False
310150,MG,ALEM PARAIBA,0.279,BAIXA VULNERABILIDADE,False,False,CADASTRO RESERVA,0,BAIXA VULNERABILIDADE,FAIXA 3,10000,0.322,True,FAIXA 3,True,FAIXA 3,False,,False,,False,,True
310160,MG,ALFENAS,0.217,BAIXA VULNERABILIDADE,False,False,CADASTRO RESERVA,0,BAIXA VULNERABILIDADE,FAIXA 3,10000,0.317,True,FAIXA 3,True,FAIXA 3,False,,False,,False,,True
310163,MG,ALFREDO VASCONCELOS,0.238,BAIXA VULNERABILIDADE,False,False,CADASTRO RESERVA,0,BAIXA VULNERABILIDADE,FAIXA 3,10000,0.298,False,,False,,False,,False,,False,,False
310170,MG,ALMENARA,0.402,ALTA VULNERABILIDADE,False,False,CADASTRO RESERVA,0,ALTA VULNERABILIDADE,FAIXA 1,20000,0.353,False,,False,,False,,False,,False,,False
310180,MG,ALPERCATA,0.338,MEDIA VULNERABILIDADE,False,False,CONFIRMAÇÃO DE VAGAS (ADERIDOS),1,MEDIA VULNERABILIDADE,FAIXA 2,15000,0.343,False,,False,,False,,False,,False,,False
310190,MG,ALPINOPOLIS,0.242,BAIXA VULNERABILIDADE,False,False,CADASTRO RESERVA,0,BAIXA VULNERABILIDADE,FAIXA 3,10000,0.259,False,,False,,False,,False,,True,FAIXA 3,True
310200,MG,ALTEROSA,0.261,BAIXA VULNERABILIDADE,False,False,CADASTRO RESERVA,0,BAIXA VULNERABILIDADE,FAIXA 3,10000,0.344,False,,False,,True,FAIXA 3,True,FAIXA 3,True,FAIXA 3,True
310205,MG,ALTO CAPARAO,0.232,BAIXA VULNERABILIDADE,False,False,CADASTRO RESERVA,0,BAIXA VULNERABILIDADE,FAIXA 3,10000,0.305,False,,False,,False,,False,,False,,False
310210,MG,ALTO RIO DOCE,0.404,ALTA VULNERABILIDADE,False,False,NÃO ELEGIVEL,0,ALTA VULNERABILIDADE,FAIXA 1,20000,0.373,False,,False,,False,,False,,False,,False
310220,MG,ALVARENGA,0.359,MEDIA VULNERABILIDADE,False,False,CADASTRO RESERVA,0,MEDIA VULNERABILIDADE,FAIXA 2,15000,0.328,False,,False,,False,,False,,False,,False
310230,MG,ALVINOPOLIS,0.320,MEDIA VULNERABILIDADE,False,False,CADASTRO RESERVA,0,MEDIA VULNERABILIDADE,FAIXA 2,15000,0.334,False,,False,,False,,False,,False,,False
310240,MG,ALVORADA DE MINAS,0.543,MUITO ALTA VULNERABILIDADE,False,False,NÃO ELEGIVEL,0,MUITO ALTA VULNERABILIDADE,FAIXA 1,20000,0.374,False,,False,,False,,False,,False,,False
310250,MG,AMPARO DO SERRA,0.356,MEDIA VULNERABILIDADE,False,False,CADASTRO RESERVA,0,MEDIA VULNERABILIDADE,FAIXA 2,15000,0.415,False,,False,,False,,False,,False,,False
310260,MG,ANDRADAS,0.225,BAIXA VULNERABILIDADE,False,False,CONFIRMAÇÃO DE VAGAS (ADERIDOS),1,BAIXA VULNERABILIDADE,FAIXA 3,10000,0.381,False,,False,,False,,False,,False,,False
310270,MG,CACHOEIRA DE PAJEU,0.474,ALTA VULNERABILIDADE,False,False,CONFIRMAÇÃO DE VAGAS (ADERIDOS),1,ALTA VULNERABILIDADE,FAIXA 1,20000,0.415,False,,False,,False,,False,,True,FAIXA 1,True
310280,MG,ANDRELANDIA,0.300,BAIXA VULNERABILIDADE,False,False,CADASTRO RESERVA,0,BAIXA VULNERABILIDADE,FAIXA 3,10000,0.307,False,,True,FAIXA 3,False,,False,,False,,True
310285,MG,ANGELANDIA,0.442,ALTA VULNERABILIDADE,False,False,CADASTRO RESERVA,0,ALTA VULNERABILIDADE,FAIXA 1,20000,0.429,False,,True,FAIXA 1,False,,False,,False,,True
310290,MG,ANTONIO CARLOS,0.296,BAIXA VULNERABILIDADE,False,False,CADASTRO RESERVA,0,BAIXA VULNERABILIDADE,FAIXA 3,10000,0.304,False,,True,FAIXA 3,False,,False,,False,,True
310300,MG,ANTONIO DIAS,0.437,ALTA VULNERABILIDADE,False,False,NÃO ELEGIVEL,0,ALTA VULNERABILIDADE,FAIXA 1,20000,0.486,False,,False,,False,,False,,False,,False
310310,MG,ANTONIO PRADO DE MINAS,0.203,BAIXA VULNERABILIDADE,False,False,CADASTRO RESERVA,0,BAIXA VULNERABILIDADE,FAIXA 3,10000,0.225,False,,False,,False,,False,,False,,False
310320,MG,ARACAI,0.245,BAIXA VULNERABILIDADE,False,False,CADASTRO RESERVA,0,BAIXA VULNERABILIDADE,FAIXA 3,10000,0.228,False,,False,,False,,False,,False,,False
310330,MG,ARACITABA,0.384,MEDIA VULNERABILIDADE,False,False,CADASTRO RESERVA,0,MEDIA VULNERABILIDADE,FAIXA 2,15000,0.349,False,,False,,False,,False,,False,,False
310340,MG,ARACUAI,0.397,MEDIA VULNERABILIDADE,False,False,CADASTRO RESERVA,0,MEDIA VULNERABILIDADE,FAIXA 2,15000,0.312,False,,False,,True,FAIXA 2,True,FAIXA 2,True,FAIXA 2,True
310350,MG,ARAGUARI,0.192,MUITO BAIXA VULNERABILIDADE,False,False,CADASTRO RESERVA,0,MUITO BAIXA VULNERABILIDADE,FAIXA 3,10000,0.226,False,,False,,True,FAIXA 3,True,FAIXA 3,True,FAIXA 3,True
310360,MG,ARANTINA,0.298,BAIXA VULNERABILIDADE,False,False,NÃO ELEGIVEL,0,BAIXA VULNERABILIDADE,FAIXA 3,10000,0.229,False,,True,FAIXA 3,False,,False,,False,,True
310370,MG,ARAPONGA,0.363,MEDIA VULNERABILIDADE,False,False,CADASTRO RESERVA,0,MEDIA VULNERABILIDADE,FAIXA 2,15000,0.430,False,,False,,False,,False,,False,,False
310375,MG,ARAPORA,0.182,MUITO BAIXA VULNERABILIDADE,False,False,CADASTRO RESERVA,0,MUITO BAIXA VULNERABILIDADE,FAIXA 3,10000,0.226,False,,False,,False,,False,,False,,False
310380,MG,ARAPUA,0.170,MUITO BAIXA VULNERABILIDADE,False,False,NÃO ELEGIVEL,0,MUITO BAIXA VULNERABILIDADE,FAIXA 3,10000,0.138,False,,False,,False,,False,,False,,False
310390,MG,ARAUJOS,0.254,BAIXA VULNERABILIDADE,False,False,CADASTRO RESERVA,0,BAIXA VULNERABILIDADE,FAIXA 3,10000,0.285,False,,False,,False,,False,,False,,False
310400,MG,ARAXA,0.187,MUITO BAIXA VULNERABILIDADE,False,False,CADASTRO RESERVA,0,MUITO BAIXA VULNERABILIDADE,FAIXA 3,10000,0.264,True,FAIXA 3,True,FAIXA 3,False,,False,,True,FAIXA 3,True
310410,MG,ARCEBURGO,0.206,BAIXA VULNERABILIDADE,False,False,NÃO ELEGIVEL,0,BAIXA VULNERABILIDADE,FAIXA 3,10000,0.313,False,,False,,False,,False,,False,,False
310420,MG,ARCOS,0.185,MUITO BAIXA VULNERABILIDADE,False,False,NÃO ELEGIVEL,0,MUITO BAIXA VULNERABILIDADE,FAIXA 3,10000,0.201,False,,False,,False,,False,,False,,False
310430,MG,AREADO,0.226,BAIXA VULNERABILIDADE,False,False,CADASTRO RESERVA,0,BAIXA VULNERABILIDADE,FAIXA 3,10000,0.264,False,,False,,True,FAIXA 3,True,FAIXA 3,False,,True
310440,MG,ARGIRITA,0.220,BAIXA VULNERABILIDADE,False,False,NÃO ELEGIVEL,0,BAIXA VULNERABILIDADE,FAIXA 3,10000,0.238,False,,False,,False,,False,,False,,False
310445,MG,ARICANDUVA,0.481,ALTA VULNERABILIDADE,False,False,CADASTRO RESERVA,0,ALTA VULNERABILIDADE,FAIXA 1,20000,0.355,False,,False,,False,,False,,False,,False
310450,MG,ARINOS,0.369,MEDIA VULNERABILIDADE,False,False,CADASTRO RESERVA,0,MEDIA VULNERABILIDADE,FAIXA 2,15000,0.313,False,,False,,False,,False,,True,FAIXA 2,True
310460,MG,ASTOLFO DUTRA,0.183,MUITO BAIXA VULNERABILIDADE,False,False,CADASTRO RESERVA,0,MUITO BAIXA VULNERABILIDADE,FAIXA 3,10000,0.183,False,,False,,False,,False,,False,,False
310470,MG,ATALEIA,0.448,ALTA VULNERABILIDADE,False,False,CADASTRO RESERVA,0,ALTA VULNERABILIDADE,FAIXA 1,20000,0.381,True,FAIXA 1,False,,False,,False,,False,,True
310480,MG,AUGUSTO DE LIMA,0.343,MEDIA VULNERABILIDADE,False,False,CADASTRO RESERVA,0,MEDIA VULNERABILIDADE,FAIXA 2,15000,0.362,False,,False,,False,,False,,False,,False
310490,MG,BAEPENDI,0.279,BAIXA VULNERABILIDADE,False,False,CADASTRO RESERVA,0,BAIXA VULNERABILIDADE,FAIXA 3,10000,0.217,False,,False,,False,,False,,False,,False
310500,MG,BALDIM,0.365,MEDIA VULNERABILIDADE,False,False,CADASTRO RESERVA,0,MEDIA VULNERABILIDADE,FAIXA 2,15000,0.401,False,,False,,False,,False,,False,,False
310510,MG,BAMBUI,0.245,BAIXA VULNERABILIDADE,False,False,NÃO ELEGIVEL,0,BAIXA VULNERABILIDADE,FAIXA 3,10000,0.291,False,,False,,False,,False,,False,,False
310520,MG,BANDEIRA,0.429,ALTA VULNERABILIDADE,False,False,CADASTRO RESERVA,0,ALTA VULNERABILIDADE,FAIXA 1,20000,0.392,False,,False,,False,,False,,False,,False
310530,MG,BANDEIRA DO SUL,0.198,MUITO BAIXA VULNERABILIDADE,False,False,NÃO ELEGIVEL,0,MUITO BAIXA VULNERABILIDADE,FAIXA 3,10000,0.233,False,,False,,False,,False,,False,,False
310540,MG,BARAO DE COCAIS,0.261,BAIXA VULNERABILIDADE,False,False,CADASTRO RESERVA,0,BAIXA VULNERABILIDADE,FAIXA 3,10000,0.252,False,,False,,False,,False,,False,,False
310550,MG,BARAO DE MONTE ALTO,0.349,MEDIA VULNERABILIDADE,False,False,NÃO ELEGIVEL,0,MEDIA VULNERABILIDADE,FAIXA 2,15000,0.456,False,,True,FAIXA 2,False,,False,,False,,True
310560,MG,BARBACENA,0.239,BAIXA VULNERABILIDADE,False,False,CADASTRO RESERVA,0,BAIXA VULNERABILIDADE,FAIXA 3,10000,0.327,True,FAIXA 3,True,FAIXA 3,True,FAIXA 3,True,FAIXA 3,True,FAIXA 3,True
310570,MG,BARRA LONGA,0.476,ALTA VULNERABILIDADE,False,False,CADASTRO RESERVA,0,ALTA VULNERABILIDADE,FAIXA 1,20000,0.333,False,,False,,False,,False,,False,,False
310590,MG,BARROSO,0.204,BAIXA VULNERABILIDADE,False,False,CADASTRO RESERVA,0,BAIXA VULNERABILIDADE,FAIXA 3,10000,0.267,False,,False,,False,,False,,False,,False
310600,MG,BELA VISTA DE MINAS,0.325,MEDIA VULNERABILIDADE,False,False,CADASTRO RESERVA,0,MEDIA VULNERABILIDADE,FAIXA 2,15000,0.306,False,,False,,False,,False,,False,,False
310610,MG,BELMIRO BRAGA,0.261,BAIXA VULNERABILIDADE,False,False,CADASTRO RESERVA,0,BAIXA VULNERABILIDADE,FAIXA 3,10000,0.325,False,,False,,False,,False,,False,,False
310620,MG,BELO HORIZONTE,0.276,BAIXA VULNERABILIDADE,False,False,CADASTRO RESERVA,0,BAIXA VULNERABILIDADE,FAIXA 3,10000,0.311,False,,True,FAIXA 3,True,FAIXA 3,True,FAIXA 3,True,FAIXA 3,True
310630,MG,BELO ORIENTE,0.322,MEDIA VULNERABILIDADE,False,False,CADASTRO RESERVA,0,MEDIA VULNERABILIDADE,FAIXA 2,15000,0.341,False,,False,,False,,False,,False,,False
310640,MG,BELO VALE,0.281,BAIXA VULNERABILIDADE,False,False,CADASTRO RESERVA,0,BAIXA VULNERABILIDADE,FAIXA 3,10000,0.200,False,,False,,False,,False,,False,,False
310650,MG,BERILO,0.416,ALTA VULNERABILIDADE,False,False,CONFIRMAÇÃO DE VAGAS (ADERIDOS),1,ALTA VULNERABILIDADE,FAIXA 1,20000,0.323,False,,False,,False,,False,,True,FAIXA 1,True
310660,MG,BERTOPOLIS,0.438,ALTA VULNERABILIDADE,False,False,CONFIRMAÇÃO DE VAGAS (ADERIDOS),1,ALTA VULNERABILIDADE,FAIXA 1,20000,0.338,False,,False,,False,,False,,False,,False
310665,MG,BERIZAL,0.462,ALTA VULNERABILIDADE,False,False,CADASTRO RESERVA,0,ALTA VULNERABILIDADE,FAIXA 1,20000,0.449,False,,False,,False,,False,,False,,False
310670,MG,BETIM,0.319,MEDIA VULNERABILIDADE,False,False,CONFIRMAÇÃO DE VAGAS (ADERIDOS),1,MEDIA VULNERABILIDADE,FAIXA 2,15000,0.355,True,FAIXA 2,True,FAIXA 2,True,FAIXA 2,True,FAIXA 2,False,,True
310680,MG,BIAS FORTES,0.438,ALTA VULNERABILIDADE,False,False,CADASTRO RESERVA,0,ALTA VULNERABILIDADE,FAIXA 1,20000,0.346,False,,False,,False,,False,,False,,False
310690,MG,BICAS,0.207,BAIXA VULNERABILIDADE,False,False,CONFIRMAÇÃO DE VAGAS (ADERIDOS),1,BAIXA VULNERABILIDADE,FAIXA 3,10000,0.278,False,,False,,False,,False,,False,,False
310700,MG,BIQUINHAS,0.231,BAIXA VULNERABILIDADE,False,False,NÃO ELEGIVEL,0,BAIXA VULNERABILIDADE,FAIXA 3,10000,0.204,False,,False,,False,,False,,False,,False
310710,MG,BOA ESPERANCA,0.248,BAIXA VULNERABILIDADE,False,False,NÃO ELEGIVEL,0,BAIXA VULNERABILIDADE,FAIXA 3,10000,0.278,False,,False,,False,,False,,False,,False
310720,MG,BOCAINA DE MINAS,0.310,MEDIA VULNERABILIDADE,False,False,CADASTRO RESERVA,0,MEDIA VULNERABILIDADE,FAIXA 2,15000,0.410,False,,False,,False,,False,,False,,False
310730,MG,BOCAIUVA,0.331,MEDIA VULNERABILIDADE,False,False,CADASTRO RESERVA,0,MEDIA VULNERABILIDADE,FAIXA 2,15000,0.283,True,FAIXA 2,True,FAIXA 2,True,FAIXA 2,False,,True,FAIXA 2,True
310740,MG,BOM DESPACHO,0.180,MUITO BAIXA VULNERABILIDADE,False,False,CADASTRO RESERVA,0,MUITO BAIXA VULNERABILIDADE,FAIXA 3,10000,0.217,True,FAIXA 3,True,FAIXA 3,False,,False,,False,,True
310750,MG,BOM JARDIM DE MINAS,0.312,MEDIA VULNERABILIDADE,False,False,NÃO ELEGIVEL,0,MEDIA VULNERABILIDADE,FAIXA 2,15000,0.329,False,,True,FAIXA 2,False,,False,,False,,True
310760,MG,BOM JESUS DA PENHA,0.185,MUITO BAIXA VULNERABILIDADE,False,False,NÃO ELEGIVEL,0,MUITO BAIXA VULNERABILIDADE,FAIXA 3,10000,0.228,False,,False,,False,,False,,False,,False
310770,MG,BOM JESUS DO AMPARO,0.264,BAIXA VULNERABILIDADE,False,False,CADASTRO RESERVA,0,BAIXA VULNERABILIDADE,FAIXA 3,10000,0.202,False,,False,,False,,False,,False,,False
310780,MG,BOM JESUS DO GALHO,0.393,MEDIA VULNERABILIDADE,False,False,CADASTRO RESERVA,0,MEDIA VULNERABILIDADE,FAIXA 2,15000,0.346,False,,False,,False,,False,,False,,False
310790,MG,BOM REPOUSO,0.285,BAIXA VULNERABILIDADE,False,False,CADASTRO RESERVA,0,BAIXA VULNERABILIDADE,FAIXA 3,10000,0.318,False,,False,,False,,False,,False,,False
310800,MG,BOM SUCESSO,0.284,BAIXA VULNERABILIDADE,False,False,CONFIRMAÇÃO DE VAGAS (ADERIDOS),1,BAIXA VULNERABILIDADE,FAIXA 3,10000,0.291,False,,False,,False,,False,,False,,False
310810,MG,BONFIM,0.279,BAIXA VULNERABILIDADE,False,False,CADASTRO RESERVA,0,BAIXA VULNERABILIDADE,FAIXA 3,10000,0.240,False,,False,,False,,False,,False,,False
310820,MG,BONFINOPOLIS DE MINAS,0.296,BAIXA VULNERABILIDADE,False,False,CADASTRO RESERVA,0,BAIXA VULNERABILIDADE,FAIXA 3,10000,0.240,False,,False,,False,,False,,False,,False
310825,MG,BONITO DE MINAS,0.543,MUITO ALTA VULNERABILIDADE,False,False,CADASTRO RESERVA,0,MUITO ALTA VULNERABILIDADE,FAIXA 1,20000,0.558,False,,False,,False,,False,,True,FAIXA 1,True
310830,MG,BORDA DA MATA,0.204,BAIXA VULNERABILIDADE,False,False,NÃO ELEGIVEL,0,BAIXA VULNERABILIDADE,FAIXA 3,10000,0.233,False,,False,,False,,False,,False,,False
310840,MG,BOTELHOS,0.215,BAIXA VULNERABILIDADE,False,False,NOVA ADESÃO,1,BAIXA VULNERABILIDADE,FAIXA 3,10000,0.288,False,,True,FAIXA 3,False,,False,,False,,True
310850,MG,BOTUMIRIM,0.441,ALTA VULNERABILIDADE,False,False,CADASTRO RESERVA,0,ALTA VULNERABILIDADE,FAIXA 1,20000,0.419,False,,False,,False,,False,,False,,False
310855,MG,BRASILANDIA DE MINAS,0.374,MEDIA VULNERABILIDADE,False,False,CADASTRO RESERVA,0,MEDIA VULNERABILIDADE,FAIXA 2,15000,0.343,False,,False,,False,,False,,False,,False
310860,MG,BRASILIA DE MINAS,0.405,ALTA VULNERABILIDADE,False,False,CONFIRMAÇÃO DE VAGAS (ADERIDOS),1,ALTA VULNERABILIDADE,FAIXA 1,20000,0.411,False,,False,,True,FAIXA 1,False,,True,FAIXA 1,True
310870,MG,BRAS PIRES,0.351,MEDIA VULNERABILIDADE,False,False,CADASTRO RESERVA,0,MEDIA VULNERABILIDADE,FAIXA 2,15000,0.391,False,,False,,False,,False,,False,,False
310880,MG,BRAUNAS,0.436,ALTA VULNERABILIDADE,False,False,CADASTRO RESERVA,0,ALTA VULNERABILIDADE,FAIXA 1,20000,0.262,False,,False,,False,,False,,False,,False
310890,MG,BRAZOPOLIS,0.275,BAIXA VULNERABILIDADE,False,False,CADASTRO RESERVA,0,BAIXA VULNERABILIDADE,FAIXA 3,10000,0.319,False,,False,,False,,False,,False,,False
310900,MG,BRUMADINHO,0.224,BAIXA VULNERABILIDADE,False,False,CADASTRO RESERVA,0,BAIXA VULNERABILIDADE,FAIXA 3,10000,0.223,False,,False,,False,,False,,False,,False
310910,MG,BUENO BRANDAO,0.263,BAIXA VULNERABILIDADE,False,False,CADASTRO RESERVA,0,BAIXA VULNERABILIDADE,FAIXA 3,10000,0.246,False,,False,,False,,False,,False,,False
310920,MG,BUENOPOLIS,0.387,MEDIA VULNERABILIDADE,False,False,CADASTRO RESERVA,0,MEDIA VULNERABILIDADE,FAIXA 2,15000,0.398,False,,False,,False,,False,,False,,False
310925,MG,BUGRE,0.364,MEDIA VULNERABILIDADE,False,False,CADASTRO RESERVA,0,MEDIA VULNERABILIDADE,FAIXA 2,15000,0.280,False,,False,,False,,False,,False,,False
310930,MG,BURITIS,0.364,MEDIA VULNERABILIDADE,False,False,CADASTRO RESERVA,0,MEDIA VULNERABILIDADE,FAIXA 2,15000,0.288,False,,False,,False,,False,,False,,False
310940,MG,BURITIZEIRO,0.492,ALTA VULNERABILIDADE,False,False,CADASTRO RESERVA,0,ALTA VULNERABILIDADE,FAIXA 1,20000,0.519,False,,False,,False,,False,,False,,False
310945,MG,CABECEIRA GRANDE,0.364,MEDIA VULNERABILIDADE,False,False,CADASTRO RESERVA,0,MEDIA VULNERABILIDADE,FAIXA 2,15000,0.365,False,,False,,False,,False,,False,,False
310950,MG,CABO VERDE,0.221,BAIXA VULNERABILIDADE,False,False,CADASTRO RESERVA,0,BAIXA VULNERABILIDADE,FAIXA 3,10000,0.250,False,,False,,False,,False,,False,,False
310960,MG,CACHOEIRA DA PRATA,0.238,BAIXA VULNERABILIDADE,False,False,NÃO ELEGIVEL,0,BAIXA VULNERABILIDADE,FAIXA 3,10000,0.258,False,,False,,False,,False,,False,,False
310970,MG,CACHOEIRA DE MINAS,0.224,BAIXA VULNERABILIDADE,False,False,CONFIRMAÇÃO DE VAGAS (ADERIDOS),2,BAIXA VULNERABILIDADE,FAIXA 3,10000,0.205,False,,False,,False,,False,,False,,False
310980,MG,CACHOEIRA DOURADA,0.158,MUITO BAIXA VULNERABILIDADE,False,False,NÃO ELEGIVEL,0,MUITO BAIXA VULNERABILIDADE,FAIXA 3,10000,0.188,False,,False,,False,,False,,False,,False
310990,MG,CAETANOPOLIS,0.298,BAIXA VULNERABILIDADE,False,False,NÃO ELEGIVEL,0,BAIXA VULNERABILIDADE,FAIXA 3,10000,0.235,False,,False,,False,,False,,False,,False
311000,MG,CAETE,0.326,MEDIA VULNERABILIDADE,False,False,CADASTRO RESERVA,0,MEDIA VULNERABILIDADE,FAIXA 2,15000,0.348,False,,False,,True,FAIXA 2,True,FAIXA 2,False,,True
311010,MG,CAIANA,0.268,BAIXA VULNERABILIDADE,False,False,NÃO ELEGIVEL,0,BAIXA VULNERABILIDADE,FAIXA 3,10000,0.314,False,,False,,False,,False,,False,,False
311020,MG,CAJURI,0.315,MEDIA VULNERABILIDADE,False,False,CADASTRO RESERVA,0,MEDIA VULNERABILIDADE,FAIXA 2,15000,0.352,False,,False,,False,,False,,False,,False
311030,MG,CALDAS,0.340,MEDIA VULNERABILIDADE,False,False,NÃO ELEGIVEL,0,MEDIA VULNERABILIDADE,FAIXA 2,15000,0.438,False,,True,FAIXA 2,False,,False,,False,,True
311040,MG,CAMACHO,0.213,BAIXA VULNERABILIDADE,False,False,CADASTRO RESERVA,0,BAIXA VULNERABILIDADE,FAIXA 3,10000,0.224,False,,False,,False,,False,,False,,False
311050,MG,CAMANDUCAIA,0.246,BAIXA VULNERABILIDADE,False,False,CADASTRO RESERVA,0,BAIXA VULNERABILIDADE,FAIXA 3,10000,0.252,True,FAIXA 3,True,FAIXA 3,False,,False,,False,,True
311060,MG,CAMBUI,0.215,BAIXA VULNERABILIDADE,False,False,CADASTRO RESERVA,0,BAIXA VULNERABILIDADE,FAIXA 3,10000,0.156,False,,False,,False,,False,,False,,False
311070,MG,CAMBUQUIRA,0.237,BAIXA VULNERABILIDADE,False,False,NÃO ELEGIVEL,0,BAIXA VULNERABILIDADE,FAIXA 3,10000,0.254,False,,False,,False,,False,,False,,False
311080,MG,CAMPANARIO,0.359,MEDIA VULNERABILIDADE,False,False,NÃO ELEGIVEL,0,MEDIA VULNERABILIDADE,FAIXA 2,15000,0.346,False,,True,FAIXA 2,False,,False,,False,,True
311090,MG,CAMPANHA,0.260,BAIXA VULNERABILIDADE,False,False,NÃO ELEGIVEL,0,BAIXA VULNERABILIDADE,FAIXA 3,10000,0.282,False,,False,,False,,False,,False,,False
311100,MG,CAMPESTRE,0.235,BAIXA VULNERABILIDADE,False,False,CADASTRO RESERVA,0,BAIXA VULNERABILIDADE,FAIXA 3,10000,0.182,False,,False,,False,,False,,True,FAIXA 3,True
311110,MG,CAMPINA VERDE,0.297,BAIXA VULNERABILIDADE,False,False,CADASTRO RESERVA,0,BAIXA VULNERABILIDADE,FAIXA 3,10000,0.317,False,,False,,False,,False,,False,,False
311115,MG,CAMPO AZUL,0.432,ALTA VULNERABILIDADE,False,False,NÃO ELEGIVEL,0,ALTA VULNERABILIDADE,FAIXA 1,20000,0.337,False,,False,,False,,False,,False,,False
311120,MG,CAMPO BELO,0.235,BAIXA VULNERABILIDADE,False,False,NÃO ELEGIVEL,0,BAIXA VULNERABILIDADE,FAIXA 3,10000,0.306,False,,False,,False,,False,,False,,False
311130,MG,CAMPO DO MEIO,0.359,MEDIA VULNERABILIDADE,False,False,CADASTRO RESERVA,0,MEDIA VULNERABILIDADE,FAIXA 2,15000,0.391,False,,False,,False,,False,,True,FAIXA 2,True
311140,MG,CAMPO FLORIDO,0.266,BAIXA VULNERABILIDADE,False,False,CADASTRO RESERVA,0,BAIXA VULNERABILIDADE,FAIXA 3,10000,0.319,False,,False,,False,,False,,False,,False
311150,MG,CAMPOS ALTOS,0.278,BAIXA VULNERABILIDADE,False,False,CADASTRO RESERVA,0,BAIXA VULNERABILIDADE,FAIXA 3,10000,0.350,False,,True,FAIXA 3,False,,False,,False,,True
311160,MG,CAMPOS GERAIS,0.287,BAIXA VULNERABILIDADE,False,False,CADASTRO RESERVA,0,BAIXA VULNERABILIDADE,FAIXA 3,10000,0.344,False,,True,FAIXA 3,False,,False,,False,,True
311170,MG,CANAA,0.256,BAIXA VULNERABILIDADE,False,False,CADASTRO RESERVA,0,BAIXA VULNERABILIDADE,FAIXA 3,10000,0.291,False,,False,,False,,False,,False,,False
311180,MG,CANAPOLIS,0.315,MEDIA VULNERABILIDADE,False,False,CADASTRO RESERVA,0,MEDIA VULNERABILIDADE,FAIXA 2,15000,0.320,False,,True,FAIXA 2,True,FAIXA 2,True,FAIXA 2,False,,True
311190,MG,CANA VERDE,0.325,MEDIA VULNERABILIDADE,False,False,CADASTRO RESERVA,0,MEDIA VULNERABILIDADE,FAIXA 2,15000,0.375,False,,False,,False,,False,,False,,False
311200,MG,CANDEIAS,0.258,BAIXA VULNERABILIDADE,False,False,CADASTRO RESERVA,0,BAIXA VULNERABILIDADE,FAIXA 3,10000,0.308,False,,True,FAIXA 3,False,,False,,False,,True
311205,MG,CANTAGALO,0.459,ALTA VULNERABILIDADE,False,False,NÃO ELEGIVEL,0,ALTA VULNERABILIDADE,FAIXA 1,20000,0.518,False,,False,,False,,False,,False,,False
311210,MG,CAPARAO,0.313,MEDIA VULNERABILIDADE,False,False,CADASTRO RESERVA,0,MEDIA VULNERABILIDADE,FAIXA 2,15000,0.315,False,,False,,False,,False,,False,,False
311220,MG,CAPELA NOVA,0.308,MEDIA VULNERABILIDADE,False,False,CADASTRO RESERVA,0,MEDIA VULNERABILIDADE,FAIXA 2,15000,0.357,False,,False,,False,,False,,False,,False
311230,MG,CAPELINHA,0.337,MEDIA VULNERABILIDADE,False,False,CADASTRO RESERVA,0,MEDIA VULNERABILIDADE,FAIXA 2,15000,0.329,True,FAIXA 2,True,FAIXA 2,True,FAIXA 2,True,FAIXA 2,False,,True
311240,MG,CAPETINGA,0.244,BAIXA VULNERABILIDADE,False,False,CADASTRO RESERVA,0,BAIXA VULNERABILIDADE,FAIXA 3,10000,0.306,False,,False,,False,,False,,False,,False
311250,MG,CAPIM BRANCO,0.268,BAIXA VULNERABILIDADE,False,False,NÃO ELEGIVEL,0,BAIXA VULNERABILIDADE,FAIXA 3,10000,0.279,False,,False,,False,,False,,False,,False
311260,MG,CAPINOPOLIS,0.268,BAIXA VULNERABILIDADE,False,False,NÃO ELEGIVEL,0,BAIXA VULNERABILIDADE,FAIXA 3,10000,0.300,False,,False,,False,,False,,False,,False
311265,MG,CAPITAO ANDRADE,0.345,MEDIA VULNERABILIDADE,False,False,CADASTRO RESERVA,0,MEDIA VULNERABILIDADE,FAIXA 2,15000,0.397,False,,False,,False,,False,,False,,False
311270,MG,CAPITAO ENEAS,0.485,ALTA VULNERABILIDADE,False,False,CONFIRMAÇÃO DE VAGAS (ADERIDOS),1,ALTA VULNERABILIDADE,FAIXA 1,20000,0.458,False,,False,,False,,False,,False,,False
311280,MG,CAPITOLIO,0.162,MUITO BAIXA VULNERABILIDADE,False,False,NÃO ELEGIVEL,0,MUITO BAIXA VULNERABILIDADE,FAIXA 3,10000,0.209,False,,False,,False,,False,,False,,False
311290,MG,CAPUTIRA,0.412,ALTA VULNERABILIDADE,False,False,CADASTRO RESERVA,0,ALTA VULNERABILIDADE,FAIXA 1,20000,0.447,False,,False,,False,,False,,False,,False
311300,MG,CARAI,0.519,MUITO ALTA VULNERABILIDADE,False,False,CADASTRO RESERVA,0,MUITO ALTA VULNERABILIDADE,FAIXA 1,20000,0.409,False,,False,,False,,False,,False,,False
311310,MG,CARANAIBA,0.308,MEDIA VULNERABILIDADE,False,False,CADASTRO RESERVA,0,MEDIA VULNERABILIDADE,FAIXA 2,15000,0.414,False,,False,,False,,False,,False,,False
311320,MG,CARANDAI,0.316,MEDIA VULNERABILIDADE,False,False,CADASTRO RESERVA,0,MEDIA VULNERABILIDADE,FAIXA 2,15000,0.321,False,,True,FAIXA 2,True,FAIXA 2,True,FAIXA 2,True,FAIXA 2,True
311330,MG,CARANGOLA,0.246,BAIXA VULNERABILIDADE,False,False,NÃO ELEGIVEL,0,BAIXA VULNERABILIDADE,FAIXA 3,10000,0.256,False,,False,,False,,False,,False,,False
311340,MG,CARATINGA,0.276,BAIXA VULNERABILIDADE,False,False,CADASTRO RESERVA,0,BAIXA VULNERABILIDADE,FAIXA 3,10000,0.286,True,FAIXA 3,True,FAIXA 3,True,FAIXA 3,True,FAIXA 3,False,,True
311350,MG,CARBONITA,0.316,MEDIA VULNERABILIDADE,False,False,CADASTRO RESERVA,0,MEDIA VULNERABILIDADE,FAIXA 2,15000,0.277,False,,False,,False,,False,,False,,False
311360,MG,CAREACU,0.211,BAIXA VULNERABILIDADE,False,False,CADASTRO RESERVA,0,BAIXA VULNERABILIDADE,FAIXA 3,10000,0.364,False,,False,,False,,False,,False,,False
311370,MG,CARLOS CHAGAS,0.340,MEDIA VULNERABILIDADE,False,False,CADASTRO RESERVA,0,MEDIA VULNERABILIDADE,FAIXA 2,15000,0.298,False,,False,,False,,False,,False,,False
311380,MG,CARMESIA,0.302,MEDIA VULNERABILIDADE,False,False,CADASTRO RESERVA,0,MEDIA VULNERABILIDADE,FAIXA 2,15000,0.176,False,,False,,False,,False,,False,,False
311390,MG,CARMO DA CACHOEIRA,0.254,BAIXA VULNERABILIDADE,False,False,NÃO ELEGIVEL,0,BAIXA VULNERABILIDADE,FAIXA 3,10000,0.313,False,,False,,False,,False,,False,,False
311400,MG,CARMO DA MATA,0.240,BAIXA VULNERABILIDADE,False,False,NÃO ELEGIVEL,0,BAIXA VULNERABILIDADE,FAIXA 3,10000,0.222,False,,True,FAIXA 3,False,,False,,False,,True
311410,MG,CARMO DE MINAS,0.244,BAIXA VULNERABILIDADE,False,False,NÃO ELEGIVEL,0,BAIXA VULNERABILIDADE,FAIXA 3,10000,0.257,False,,False,,False,,False,,False,,False
311420,MG,CARMO DO CAJURU,0.185,MUITO BAIXA VULNERABILIDADE,False,False,CONFIRMAÇÃO DE VAGAS (ADERIDOS),2,MUITO BAIXA VULNERABILIDADE,FAIXA 3,10000,0.233,False,,False,,False,,False,,False,,False
311430,MG,CARMO DO PARANAIBA,0.235,BAIXA VULNERABILIDADE,False,False,CADASTRO RESERVA,0,BAIXA VULNERABILIDADE,FAIXA 3,10000,0.286,True,FAIXA 3,True,FAIXA 3,True,FAIXA 3,True,FAIXA 3,False,,True
311440,MG,CARMO DO RIO CLARO,0.218,BAIXA VULNERABILIDADE,False,False,NÃO ELEGIVEL,0,BAIXA VULNERABILIDADE,FAIXA 3,10000,0.206,False,,False,,False,,False,,False,,False
311450,MG,CARMOPOLIS DE MINAS,0.217,BAIXA VULNERABILIDADE,False,False,NÃO ELEGIVEL,0,BAIXA VULNERABILIDADE,FAIXA 3,10000,0.175,False,,False,,False,,False,,False,,False
311455,MG,CARNEIRINHO,0.230,BAIXA VULNERABILIDADE,False,False,CADASTRO RESERVA,0,BAIXA VULNERABILIDADE,FAIXA 3,10000,0.190,False,,False,,False,,False,,False,,False
311460,MG,CARRANCAS,0.268,BAIXA VULNERABILIDADE,False,False,NÃO ELEGIVEL,0,BAIXA VULNERABILIDADE,FAIXA 3,10000,0.274,False,,False,,False,,False,,False,,False
311470,MG,CARVALHOPOLIS,0.161,MUITO BAIXA VULNERABILIDADE,False,False,CADASTRO RESERVA,0,MUITO BAIXA VULNERABILIDADE,FAIXA 3,10000,0.180,False,,False,,False,,False,,False,,False
311480,MG,CARVALHOS,0.335,MEDIA VULNERABILIDADE,False,False,CADASTRO RESERVA,0,MEDIA VULNERABILIDADE,FAIXA 2,15000,0.243,False,,False,,False,,False,,False,,False
311490,MG,CASA GRANDE,0.270,BAIXA VULNERABILIDADE,False,False,CADASTRO RESERVA,0,BAIXA VULNERABILIDADE,FAIXA 3,10000,0.333,False,,False,,False,,False,,False,,False
311500,MG,CASCALHO RICO,0.176,MUITO BAIXA VULNERABILIDADE,False,False,NÃO ELEGIVEL,0,MUITO BAIXA VULNERABILIDADE,FAIXA 3,10000,0.163,False,,False,,False,,False,,False,,False
311510,MG,CASSIA,0.206,BAIXA VULNERABILIDADE,False,False,CADASTRO RESERVA,0,BAIXA VULNERABILIDADE,FAIXA 3,10000,0.245,False,,False,,False,,False,,False,,False
311520,MG,CONCEICAO DA BARRA DE MINAS,0.334,MEDIA VULNERABILIDADE,False,False,CADASTRO RESERVA,0,MEDIA VULNERABILIDADE,FAIXA 2,15000,0.289,False,,False,,False,,False,,False,,False
311530,MG,CATAGUASES,0.182,MUITO BAIXA VULNERABILIDADE,False,False,CADASTRO RESERVA,0,MUITO BAIXA VULNERABILIDADE,FAIXA 3,10000,0.233,False,,False,,False,,False,,False,,False
311535,MG,CATAS ALTAS,0.229,BAIXA VULNERABILIDADE,False,False,NÃO ELEGIVEL,0,BAIXA VULNERABILIDADE,FAIXA 3,10000,0.229,False,,False,,False,,False,,True,FAIXA 3,True
311540,MG,CATAS ALTAS DA NORUEGA,0.388,MEDIA VULNERABILIDADE,False,False,NÃO ELEGIVEL,0,MEDIA VULNERABILIDADE,FAIXA 2,15000,0.320,False,,False,,False,,False,,False,,False
311545,MG,CATUJI,0.499,ALTA VULNERABILIDADE,False,False,CADASTRO RESERVA,0,ALTA VULNERABILIDADE,FAIXA 1,20000,0.270,False,,False,,False,,False,,False,,False
311547,MG,CATUTI,0.426,ALTA VULNERABILIDADE,False,False,CADASTRO RESERVA,0,ALTA VULNERABILIDADE,FAIXA 1,20000,0.401,False,,False,,False,,False,,False,,False
311550,MG,CAXAMBU,0.316,MEDIA VULNERABILIDADE,False,False,NÃO ELEGIVEL,0,MEDIA VULNERABILIDADE,FAIXA 2,15000,0.369,False,,False,,False,,False,,False,,False
311560,MG,CEDRO DO ABAETE,0.276,BAIXA VULNERABILIDADE,False,False,NÃO ELEGIVEL,0,BAIXA VULNERABILIDADE,FAIXA 3,10000,0.336,False,,False,,False,,False,,False,,False
311570,MG,CENTRAL DE MINAS,0.351,MEDIA VULNERABILIDADE,False,False,NÃO ELEGIVEL,0,MEDIA VULNERABILIDADE,FAIXA 2,15000,0.382,False,,False,,False,,False,,False,,False
311580,MG,CENTRALINA,0.295,BAIXA VULNERABILIDADE,False,False,CADASTRO RESERVA,0,BAIXA VULNERABILIDADE,FAIXA 3,10000,0.306,False,,False,,False,,False,,False,,False
311590,MG,CHACARA,0.269,BAIXA VULNERABILIDADE,False,False,NÃO ELEGIVEL,0,BAIXA VULNERABILIDADE,FAIXA 3,10000,0.262,False,,False,,False,,False,,False,,False
311600,MG,CHALE,0.311,MEDIA VULNERABILIDADE,False,False,NÃO ELEGIVEL,0,MEDIA VULNERABILIDADE,FAIXA 2,15000,0.331,False,,False,,False,,False,,False,,False
311610,MG,CHAPADA DO NORTE,0.403,ALTA VULNERABILIDADE,False,False,CADASTRO RESERVA,0,ALTA VULNERABILIDADE,FAIXA 1,20000,0.314,False,,False,,False,,False,,False,,False
311615,MG,CHAPADA GAUCHA,0.448,ALTA VULNERABILIDADE,False,False,CADASTRO RESERVA,0,ALTA VULNERABILIDADE,FAIXA 1,20000,0.431,False,,True,FAIXA 1,False,,False,,False,,True
311620,MG,CHIADOR,0.215,BAIXA VULNERABILIDADE,False,False,NÃO ELEGIVEL,0,BAIXA VULNERABILIDADE,FAIXA 3,10000,0.263,False,,False,,False,,False,,False,,False
311630,MG,CIPOTANEA,0.414,ALTA VULNERABILIDADE,False,False,CADASTRO RESERVA,0,ALTA VULNERABILIDADE,FAIXA 1,20000,0.447,False,,False,,False,,False,,False,,False
311640,MG,CLARAVAL,0.290,BAIXA VULNERABILIDADE,False,False,NÃO ELEGIVEL,0,BAIXA VULNERABILIDADE,FAIXA 3,10000,0.403,False,,False,,False,,False,,False,,False
311650,MG,CLARO DOS POCOES,0.308,MEDIA VULNERABILIDADE,False,False,NÃO ELEGIVEL,0,MEDIA VULNERABILIDADE,FAIXA 2,15000,0.318,False,,False,,False,,False,,False,,False
311660,MG,CLAUDIO,0.176,MUITO BAIXA VULNERABILIDADE,False,False,CADASTRO RESERVA,0,MUITO BAIXA VULNERABILIDADE,FAIXA 3,10000,0.201,False,,True,FAIXA 3,False,,False,,False,,True
311670,MG,COIMBRA,0.251,BAIXA VULNERABILIDADE,False,False,CADASTRO RESERVA,0,BAIXA VULNERABILIDADE,FAIXA 3,10000,0.301,False,,False,,False,,False,,False,,False
311680,MG,COLUNA,0.433,ALTA VULNERABILIDADE,False,False,CADASTRO RESERVA,0,ALTA VULNERABILIDADE,FAIXA 1,20000,0.348,False,,False,,True,FAIXA 1,True,FAIXA 1,False,,True
311690,MG,COMENDADOR GOMES,0.378,MEDIA VULNERABILIDADE,False,False,NÃO ELEGIVEL,0,MEDIA VULNERABILIDADE,FAIXA 2,15000,0.271,False,,True,FAIXA 2,False,,False,,False,,True
311700,MG,COMERCINHO,0.425,ALTA VULNERABILIDADE,False,False,CADASTRO RESERVA,0,ALTA VULNERABILIDADE,FAIXA 1,20000,0.383,False,,False,,False,,False,,False,,False
311710,MG,CONCEICAO DA APARECIDA,0.228,BAIXA VULNERABILIDADE,False,False,NÃO ELEGIVEL,0,BAIXA VULNERABILIDADE,FAIXA 3,10000,0.371,False,,False,,False,,False,,False,,False
311720,MG,CONCEICAO DAS PEDRAS,0.239,BAIXA VULNERABILIDADE,False,False,CADASTRO RESERVA,0,BAIXA VULNERABILIDADE,FAIXA 3,10000,0.211,False,,False,,False,,False,,False,,False
311730,MG,CONCEICAO DAS ALAGOAS,0.303,MEDIA VULNERABILIDADE,False,False,CADASTRO RESERVA,0,MEDIA VULNERABILIDADE,FAIXA 2,15000,0.259,False,,True,FAIXA 2,True,FAIXA 2,True,FAIXA 2,True,FAIXA 2,True
311740,MG,CONCEICAO DE IPANEMA,0.309,MEDIA VULNERABILIDADE,False,False,CONFIRMAÇÃO DE VAGAS (ADERIDOS),1,MEDIA VULNERABILIDADE,FAIXA 2,15000,0.363,False,,True,FAIXA 2,False,,False,,False,,True
311750,MG,CONCEICAO DO MATO DENTRO,0.429,ALTA VULNERABILIDADE,False,False,NÃO ELEGIVEL,0,ALTA VULNERABILIDADE,FAIXA 1,20000,0.345,False,,False,,False,,False,,False,,False
311760,MG,CONCEICAO DO PARA,0.205,BAIXA VULNERABILIDADE,False,False,NÃO ELEGIVEL,0,BAIXA VULNERABILIDADE,FAIXA 3,10000,0.238,False,,False,,False,,False,,False,,False
311770,MG,CONCEICAO DO RIO VERDE,0.323,MEDIA VULNERABILIDADE,False,False,CADASTRO RESERVA,0,MEDIA VULNERABILIDADE,FAIXA 2,15000,0.362,False,,False,,False,,False,,False,,False
311780,MG,CONCEICAO DOS OUROS,0.219,BAIXA VULNERABILIDADE,False,False,NÃO ELEGIVEL,0,BAIXA VULNERABILIDADE,FAIXA 3,10000,0.214,False,,False,,False,,False,,False,,False
311783,MG,CONEGO MARINHO,0.500,ALTA VULNERABILIDADE,False,False,CADASTRO RESERVA,0,ALTA VULNERABILIDADE,FAIXA 1,20000,0.407,False,,False,,False,,False,,False,,False
311787,MG,CONFINS,0.181,MUITO BAIXA VULNERABILIDADE,False,False,NÃO ELEGIVEL,0,MUITO BAIXA VULNERABILIDADE,FAIXA 3,10000,0.189,False,,False,,False,,False,,False,,False
311790,MG,CONGONHAL,0.240,BAIXA VULNERABILIDADE,False,False,CADASTRO RESERVA,0,BAIXA VULNERABILIDADE,FAIXA 3,10000,0.206,False,,False,,False,,False,,False,,False
311800,MG,CONGONHAS,0.258,BAIXA VULNERABILIDADE,False,False,NÃO ELEGIVEL,0,BAIXA VULNERABILIDADE,FAIXA 3,10000,0.252,True,FAIXA 3,True,FAIXA 3,True,FAIXA 3,True,FAIXA 3,False,,True
311810,MG,CONGONHAS DO NORTE,0.560,MUITO ALTA VULNERABILIDADE,False,False,CADASTRO RESERVA,0,MUITO ALTA VULNERABILIDADE,FAIXA 1,20000,0.476,False,,False,,False,,False,,False,,False
311820,MG,CONQUISTA,0.273,BAIXA VULNERABILIDADE,False,False,NÃO ELEGIVEL,0,BAIXA VULNERABILIDADE,FAIXA 3,10000,0.347,False,,False,,False,,False,,False,,False
311830,MG,CONSELHEIRO LAFAIETE,0.255,BAIXA VULNERABILIDADE,False,False,CADASTRO RESERVA,0,BAIXA VULNERABILIDADE,FAIXA 3,10000,0.278,True,FAIXA 3,True,FAIXA 3,True,FAIXA 3,True,FAIXA 3,False,,True
311840,MG,CONSELHEIRO PENA,0.309,MEDIA VULNERABILIDADE,False,False,CADASTRO RESERVA,0,MEDIA VULNERABILIDADE,FAIXA 2,15000,0.294,False,,False,,False,,False,,False,,False
311850,MG,CONSOLACAO,0.347,MEDIA VULNERABILIDADE,False,False,CADASTRO RESERVA,0,MEDIA VULNERABILIDADE,FAIXA 2,15000,0.209,False,,False,,False,,False,,False,,False
311860,MG,CONTAGEM,0.300,BAIXA VULNERABILIDADE,False,False,CADASTRO RESERVA,0,BAIXA VULNERABILIDADE,FAIXA 3,10000,0.331,False,,False,,False,,False,,False,,False
311870,MG,COQUEIRAL,0.204,BAIXA VULNERABILIDADE,False,False,NÃO ELEGIVEL,0,BAIXA VULNERABILIDADE,FAIXA 3,10000,0.275,False,,False,,False,,False,,False,,False
311880,MG,CORACAO DE JESUS,0.498,ALTA VULNERABILIDADE,False,False,CADASTRO RESERVA,0,ALTA VULNERABILIDADE,FAIXA 1,20000,0.453,False,,False,,False,,False,,True,FAIXA 1,True
311890,MG,CORDISBURGO,0.322,MEDIA VULNERABILIDADE,False,False,CADASTRO RESERVA,0,MEDIA VULNERABILIDADE,FAIXA 2,15000,0.267,False,,False,,False,,False,,False,,False
311900,MG,CORDISLANDIA,0.257,BAIXA VULNERABILIDADE,False,False,NÃO ELEGIVEL,0,BAIXA VULNERABILIDADE,FAIXA 3,10000,0.304,False,,False,,False,,False,,False,,False
311910,MG,CORINTO,0.351,MEDIA VULNERABILIDADE,False,False,CADASTRO RESERVA,0,MEDIA VULNERABILIDADE,FAIXA 2,15000,0.351,False,,False,,False,,False,,False,,False
311920,MG,COROACI,0.386,MEDIA VULNERABILIDADE,False,False,NÃO ELEGIVEL,0,MEDIA VULNERABILIDADE,FAIXA 2,15000,0.389,False,,False,,False,,False,,False,,False
311930,MG,COROMANDEL,0.233,BAIXA VULNERABILIDADE,False,False,CADASTRO RESERVA,0,BAIXA VULNERABILIDADE,FAIXA 3,10000,0.278,False,,False,,False,,False,,False,,False
311940,MG,CORONEL FABRICIANO,0.241,BAIXA VULNERABILIDADE,False,False,CADASTRO RESERVA,0,BAIXA VULNERABILIDADE,FAIXA 3,10000,0.267,True,FAIXA 3,True,FAIXA 3,True,FAIXA 3,True,FAIXA 3,True,FAIXA 3,True
311950,MG,CORONEL MURTA,0.449,ALTA VULNERABILIDADE,False,False,CADASTRO RESERVA,0,ALTA VULNERABILIDADE,FAIXA 1,20000,0.364,False,,False,,False,,False,,False,,False
311960,MG,CORONEL PACHECO,0.227,BAIXA VULNERABILIDADE,False,False,CADASTRO RESERVA,0,BAIXA VULNERABILIDADE,FAIXA 3,10000,0.307,False,,False,,False,,False,,False,,False
311970,MG,CORONEL XAVIER CHAVES,0.219,BAIXA VULNERABILIDADE,False,False,CADASTRO RESERVA,0,BAIXA VULNERABILIDADE,FAIXA 3,10000,0.258,False,,False,,False,,False,,False,,False
311980,MG,CORREGO DANTA,0.319,MEDIA VULNERABILIDADE,False,False,CADASTRO RESERVA,0,MEDIA VULNERABILIDADE,FAIXA 2,15000,0.274,False,,True,FAIXA 2,False,,False,,False,,True
311990,MG,CORREGO DO BOM JESUS,0.223,BAIXA VULNERABILIDADE,False,False,NÃO ELEGIVEL,0,BAIXA VULNERABILIDADE,FAIXA 3,10000,0.160,False,,False,,False,,False,,False,,False
311995,MG,CORREGO FUNDO,0.219,BAIXA VULNERABILIDADE,False,False,NÃO ELEGIVEL,0,BAIXA VULNERABILIDADE,FAIXA 3,10000,0.289,False,,False,,False,,False,,False,,False
312000,MG,CORREGO NOVO,0.429,ALTA VULNERABILIDADE,False,False,NÃO ELEGIVEL,0,ALTA VULNERABILIDADE,FAIXA 1,20000,0.359,False,,False,,False,,False,,False,,False
312010,MG,COUTO DE MAGALHAES DE MINAS,0.415,ALTA VULNERABILIDADE,False,False,CADASTRO RESERVA,0,ALTA VULNERABILIDADE,FAIXA 1,20000,0.357,False,,False,,False,,False,,False,,False
312015,MG,CRISOLITA,0.506,MUITO ALTA VULNERABILIDADE,False,False,CONFIRMAÇÃO DE VAGAS (ADERIDOS),2,MUITO ALTA VULNERABILIDADE,FAIXA 1,20000,0.416,False,,False,,False,,False,,False,,False
312020,MG,CRISTAIS,0.233,BAIXA VULNERABILIDADE,False,False,CONFIRMAÇÃO DE VAGAS (ADERIDOS),1,BAIXA VULNERABILIDADE,FAIXA 3,10000,0.263,False,,True,FAIXA 3,True,FAIXA 3,True,FAIXA 3,False,,True
312030,MG,CRISTALIA,0.470,ALTA VULNERABILIDADE,False,False,CADASTRO RESERVA,0,ALTA VULNERABILIDADE,FAIXA 1,20000,0.440,False,,False,,False,,False,,False,,False
312040,MG,CRISTIANO OTONI,0.279,BAIXA VULNERABILIDADE,False,False,CADASTRO RESERVA,0,BAIXA VULNERABILIDADE,FAIXA 3,10000,0.352,False,,False,,False,,False,,False,,False
312050,MG,CRISTINA,0.288,BAIXA VULNERABILIDADE,False,False,NÃO ELEGIVEL,0,BAIXA VULNERABILIDADE,FAIXA 3,10000,0.311,False,,False,,False,,False,,False,,False
312060,MG,CRUCILANDIA,0.253,BAIXA VULNERABILIDADE,False,False,CADASTRO RESERVA,0,BAIXA VULNERABILIDADE,FAIXA 3,10000,0.290,False,,False,,False,,False,,False,,False
312070,MG,CRUZEIRO DA FORTALEZA,0.242,BAIXA VULNERABILIDADE,False,False,CADASTRO RESERVA,0,BAIXA VULNERABILIDADE,FAIXA 3,10000,0.321,False,,False,,False,,False,,False,,False
312080,MG,CRUZILIA,0.287,BAIXA VULNERABILIDADE,False,False,NÃO ELEGIVEL,0,BAIXA VULNERABILIDADE,FAIXA 3,10000,0.298,False,,True,FAIXA 3,True,FAIXA 3,True,FAIXA 3,False,,True
312083,MG,CUPARAQUE,0.318,MEDIA VULNERABILIDADE,False,False,CADASTRO RESERVA,0,MEDIA VULNERABILIDADE,FAIXA 2,15000,0.347,False,,False,,False,,False,,False,,False
312087,MG,CURRAL DE DENTRO,0.444,ALTA VULNERABILIDADE,False,False,CADASTRO RESERVA,0,ALTA VULNERABILIDADE,FAIXA 1,20000,0.463,False,,False,,False,,False,,False,,False
312090,MG,CURVELO,0.277,BAIXA VULNERABILIDADE,False,False,CADASTRO RESERVA,0,BAIXA VULNERABILIDADE,FAIXA 3,10000,0.281,False,,False,,False,,False,,True,FAIXA 3,True
312100,MG,DATAS,0.350,MEDIA VULNERABILIDADE,False,False,CADASTRO RESERVA,0,MEDIA VULNERABILIDADE,FAIXA 2,15000,0.353,False,,False,,False,,False,,False,,False
312110,MG,DELFIM MOREIRA,0.331,MEDIA VULNERABILIDADE,False,False,CONFIRMAÇÃO DE VAGAS (ADERIDOS),1,MEDIA VULNERABILIDADE,FAIXA 2,15000,0.361,False,,False,,False,,False,,False,,False
312120,MG,DELFINOPOLIS,0.174,MUITO BAIXA VULNERABILIDADE,False,False,CADASTRO RESERVA,0,MUITO BAIXA VULNERABILIDADE,FAIXA 3,10000,0.208,False,,False,,False,,False,,True,FAIXA 3,True
312125,MG,DELTA,0.300,BAIXA VULNERABILIDADE,False,False,NÃO ELEGIVEL,0,BAIXA VULNERABILIDADE,FAIXA 3,10000,0.318,False,,False,,False,,False,,False,,False
312130,MG,DESCOBERTO,0.264,BAIXA VULNERABILIDADE,False,False,NÃO ELEGIVEL,0,BAIXA VULNERABILIDADE,FAIXA 3,10000,0.250,False,,True,FAIXA 3,False,,False,,False,,True
312140,MG,DESTERRO DE ENTRE RIOS,0.396,MEDIA VULNERABILIDADE,False,False,CADASTRO RESERVA,0,MEDIA VULNERABILIDADE,FAIXA 2,15000,0.414,False,,False,,False,,False,,False,,False
312150,MG,DESTERRO DO MELO,0.338,MEDIA VULNERABILIDADE,False,False,CADASTRO RESERVA,0,MEDIA VULNERABILIDADE,FAIXA 2,15000,0.304,False,,False,,False,,False,,False,,False
312160,MG,DIAMANTINA,0.318,MEDIA VULNERABILIDADE,False,False,CONFIRMAÇÃO DE VAGAS (ADERIDOS),1,MEDIA VULNERABILIDADE,FAIXA 2,15000,0.281,True,FAIXA 2,True,FAIXA 2,True,FAIXA 2,True,FAIXA 2,True,FAIXA 2,True
312170,MG,DIOGO DE VASCONCELOS,0.403,ALTA VULNERABILIDADE,False,False,CADASTRO RESERVA,0,ALTA VULNERABILIDADE,FAIXA 1,20000,0.409,False,,False,,False,,False,,False,,False
312180,MG,DIONISIO,0.347,MEDIA VULNERABILIDADE,False,False,CADASTRO RESERVA,0,MEDIA VULNERABILIDADE,FAIXA 2,15000,0.361,False,,False,,False,,False,,False,,False
312190,MG,DIVINESIA,0.268,BAIXA VULNERABILIDADE,False,False,NÃO ELEGIVEL,0,BAIXA VULNERABILIDADE,FAIXA 3,10000,0.278,False,,False,,False,,False,,False,,False
312200,MG,DIVINO,0.404,ALTA VULNERABILIDADE,False,False,CONFIRMAÇÃO DE VAGAS (ADERIDOS),1,ALTA VULNERABILIDADE,FAIXA 1,20000,0.439,True,FAIXA 1,True,FAIXA 1,False,,False,,False,,True
312210,MG,DIVINO DAS LARANJEIRAS,0.314,MEDIA VULNERABILIDADE,False,False,NÃO ELEGIVEL,0,MEDIA VULNERABILIDADE,FAIXA 2,15000,0.308,False,,False,,False,,False,,False,,False
312220,MG,DIVINOLANDIA DE MINAS,0.396,MEDIA VULNERABILIDADE,False,False,NÃO ELEGIVEL,0,MEDIA VULNERABILIDADE,FAIXA 2,15000,0.376,False,,False,,False,,False,,False,,False
312230,MG,DIVINOPOLIS,0.179,MUITO BAIXA VULNERABILIDADE,False,False,CONFIRMAÇÃO DE VAGAS (ADERIDOS),5,MUITO BAIXA VULNERABILIDADE,FAIXA 3,10000,0.199,False,,False,,False,,False,,False,,False
312235,MG,DIVISA ALEGRE,0.420,ALTA VULNERABILIDADE,False,False,NÃO ELEGIVEL,0,ALTA VULNERABILIDADE,FAIXA 1,20000,0.420,False,,False,,False,,False,,False,,False
312240,MG,DIVISA NOVA,0.225,BAIXA VULNERABILIDADE,False,False,NÃO ELEGIVEL,0,BAIXA VULNERABILIDADE,FAIXA 3,10000,0.293,False,,False,,False,,False,,False,,False
312245,MG,DIVISOPOLIS,0.403,ALTA VULNERABILIDADE,False,False,CADASTRO RESERVA,0,ALTA VULNERABILIDADE,FAIXA 1,20000,0.390,False,,False,,False,,False,,True,FAIXA 1,True
312247,MG,DOM BOSCO,0.310,MEDIA VULNERABILIDADE,False,False,CONFIRMAÇÃO DE VAGAS (ADERIDOS),1,MEDIA VULNERABILIDADE,FAIXA 2,15000,0.353,False,,False,,False,,False,,False,,False
312250,MG,DOM CAVATI,0.305,MEDIA VULNERABILIDADE,False,False,CADASTRO RESERVA,0,MEDIA VULNERABILIDADE,FAIXA 2,15000,0.284,False,,False,,False,,False,,False,,False
312260,MG,DOM JOAQUIM,0.441,ALTA VULNERABILIDADE,False,False,CADASTRO RESERVA,0,ALTA VULNERABILIDADE,FAIXA 1,20000,0.324,False,,False,,False,,False,,False,,False
312270,MG,DOM SILVERIO,0.232,BAIXA VULNERABILIDADE,False,False,NÃO ELEGIVEL,0,BAIXA VULNERABILIDADE,FAIXA 3,10000,0.249,False,,False,,False,,False,,False,,False
312280,MG,DOM VICOSO,0.258,BAIXA VULNERABILIDADE,False,False,NÃO ELEGIVEL,0,BAIXA VULNERABILIDADE,FAIXA 3,10000,0.243,False,,False,,False,,False,,False,,False
312290,MG,DONA EUSEBIA,0.197,MUITO BAIXA VULNERABILIDADE,False,False,CADASTRO RESERVA,0,MUITO BAIXA VULNERABILIDADE,FAIXA 3,10000,0.171,False,,False,,False,,False,,False,,False
312300,MG,DORES DE CAMPOS,0.230,BAIXA VULNERABILIDADE,False,False,CADASTRO RESERVA,0,BAIXA VULNERABILIDADE,FAIXA 3,10000,0.223,False,,False,,False,,False,,False,,False
312310,MG,DORES DE GUANHAES,0.391,MEDIA VULNERABILIDADE,False,False,CADASTRO RESERVA,0,MEDIA VULNERABILIDADE,FAIXA 2,15000,0.374,False,,False,,False,,False,,False,,False
312320,MG,DORES DO INDAIA,0.247,BAIXA VULNERABILIDADE,False,False,NÃO ELEGIVEL,0,BAIXA VULNERABILIDADE,FAIXA 3,10000,0.297,False,,True,FAIXA 3,False,,False,,False,,True
312330,MG,DORES DO TURVO,0.281,BAIXA VULNERABILIDADE,False,False,CADASTRO RESERVA,0,BAIXA VULNERABILIDADE,FAIXA 3,10000,0.412,False,,False,,False,,False,,False,,False
312340,MG,DORESOPOLIS,0.208,BAIXA VULNERABILIDADE,False,False,NÃO ELEGIVEL,0,BAIXA VULNERABILIDADE,FAIXA 3,10000,0.197,False,,False,,False,,False,,False,,False
312350,MG,DOURADOQUARA,0.298,BAIXA VULNERABILIDADE,False,False,NÃO ELEGIVEL,0,BAIXA VULNERABILIDADE,FAIXA 3,10000,0.188,False,,False,,False,,False,,False,,False
312352,MG,DURANDE,0.328,MEDIA VULNERABILIDADE,False,False,CADASTRO RESERVA,0,MEDIA VULNERABILIDADE,FAIXA 2,15000,0.385,False,,False,,False,,False,,False,,False
312360,MG,ELOI MENDES,0.270,BAIXA VULNERABILIDADE,False,False,NÃO ELEGIVEL,0,BAIXA VULNERABILIDADE,FAIXA 3,10000,0.280,False,,False,,False,,False,,False,,False
312370,MG,ENGENHEIRO CALDAS,0.331,MEDIA VULNERABILIDADE,False,False,CADASTRO RESERVA,0,MEDIA VULNERABILIDADE,FAIXA 2,15000,0.332,False,,False,,False,,False,,False,,False
312380,MG,ENGENHEIRO NAVARRO,0.384,MEDIA VULNERABILIDADE,False,False,CADASTRO RESERVA,0,MEDIA VULNERABILIDADE,FAIXA 2,15000,0.346,False,,False,,False,,False,,False,,False
312385,MG,ENTRE FOLHAS,0.372,MEDIA VULNERABILIDADE,False,False,CADASTRO RESERVA,0,MEDIA VULNERABILIDADE,FAIXA 2,15000,0.431,False,,False,,False,,False,,False,,False
312390,MG,ENTRE RIOS DE MINAS,0.281,BAIXA VULNERABILIDADE,False,False,CADASTRO RESERVA,0,BAIXA VULNERABILIDADE,FAIXA 3,10000,0.248,False,,True,FAIXA 3,False,,False,,False,,True
312400,MG,ERVALIA,0.306,MEDIA VULNERABILIDADE,False,False,CADASTRO RESERVA,0,MEDIA VULNERABILIDADE,FAIXA 2,15000,0.364,False,,True,FAIXA 2,False,,False,,False,,True
312410,MG,ESMERALDAS,0.404,ALTA VULNERABILIDADE,False,False,CADASTRO RESERVA,0,ALTA VULNERABILIDADE,FAIXA 1,20000,0.429,False,,False,,True,FAIXA 1,True,FAIXA 1,False,,True
312420,MG,ESPERA FELIZ,0.285,BAIXA VULNERABILIDADE,False,False,CADASTRO RESERVA,0,BAIXA VULNERABILIDADE,FAIXA 3,10000,0.411,False,,False,,False,,False,,False,,False
312430,MG,ESPINOSA,0.457,ALTA VULNERABILIDADE,False,False,CADASTRO RESERVA,0,ALTA VULNERABILIDADE,FAIXA 1,20000,0.448,True,FAIXA 1,True,FAIXA 1,True,FAIXA 1,True,FAIXA 1,True,FAIXA 1,True
312440,MG,ESPIRITO SANTO DO DOURADO,0.260,BAIXA VULNERABILIDADE,False,False,NÃO ELEGIVEL,0,BAIXA VULNERABILIDADE,FAIXA 3,10000,0.135,False,,False,,False,,False,,False,,False
312450,MG,ESTIVA,0.222,BAIXA VULNERABILIDADE,False,False,CADASTRO RESERVA,0,BAIXA VULNERABILIDADE,FAIXA 3,10000,0.206,False,,False,,False,,False,,False,,False
312460,MG,ESTRELA DALVA,0.235,BAIXA VULNERABILIDADE,False,False,NÃO ELEGIVEL,0,BAIXA VULNERABILIDADE,FAIXA 3,10000,0.346,False,,False,,False,,False,,False,,False
312470,MG,ESTRELA DO INDAIA,0.290,BAIXA VULNERABILIDADE,False,False,NÃO ELEGIVEL,0,BAIXA VULNERABILIDADE,FAIXA 3,10000,0.292,False,,False,,False,,False,,False,,False
312480,MG,ESTRELA DO SUL,0.300,BAIXA VULNERABILIDADE,False,False,CADASTRO RESERVA,0,BAIXA VULNERABILIDADE,FAIXA 3,10000,0.384,False,,False,,False,,False,,False,,False
312490,MG,EUGENOPOLIS,0.238,BAIXA VULNERABILIDADE,False,False,NÃO ELEGIVEL,0,BAIXA VULNERABILIDADE,FAIXA 3,10000,0.242,False,,False,,False,,False,,False,,False
312500,MG,EWBANK DA CAMARA,0.349,MEDIA VULNERABILIDADE,False,False,NÃO ELEGIVEL,0,MEDIA VULNERABILIDADE,FAIXA 2,15000,0.398,False,,False,,False,,False,,False,,False
312510,MG,EXTREMA,0.185,MUITO BAIXA VULNERABILIDADE,False,False,NOVA ADESÃO,1,MUITO BAIXA VULNERABILIDADE,FAIXA 3,10000,0.207,False,,False,,False,,False,,False,,False
312520,MG,FAMA,0.248,BAIXA VULNERABILIDADE,False,False,NÃO ELEGIVEL,0,BAIXA VULNERABILIDADE,FAIXA 3,10000,0.229,False,,False,,False,,False,,False,,False
312530,MG,FARIA LEMOS,0.258,BAIXA VULNERABILIDADE,False,False,NÃO ELEGIVEL,0,BAIXA VULNERABILIDADE,FAIXA 3,10000,0.235,False,,False,,False,,False,,False,,False
312540,MG,FELICIO DOS SANTOS,0.390,MEDIA VULNERABILIDADE,False,False,CADASTRO RESERVA,0,MEDIA VULNERABILIDADE,FAIXA 2,15000,0.303,False,,False,,False,,False,,False,,False
312550,MG,SAO GONCALO DO RIO PRETO,0.365,MEDIA VULNERABILIDADE,False,False,CADASTRO RESERVA,0,MEDIA VULNERABILIDADE,FAIXA 2,15000,0.323,False,,False,,False,,False,,False,,False
312560,MG,FELISBURGO,0.423,ALTA VULNERABILIDADE,False,False,CONFIRMAÇÃO DE VAGAS (ADERIDOS),1,ALTA VULNERABILIDADE,FAIXA 1,20000,0.401,False,,True,FAIXA 1,True,FAIXA 1,True,FAIXA 1,True,FAIXA 1,True
312570,MG,FELIXLANDIA,0.343,MEDIA VULNERABILIDADE,False,False,CONFIRMAÇÃO DE VAGAS (ADERIDOS),1,MEDIA VULNERABILIDADE,FAIXA 2,15000,0.333,False,,False,,False,,False,,False,,False
312580,MG,FERNANDES TOURINHO,0.369,MEDIA VULNERABILIDADE,False,False,NÃO ELEGIVEL,0,MEDIA VULNERABILIDADE,FAIXA 2,15000,0.294,False,,False,,False,,False,,False,,False
312590,MG,FERROS,0.542,MUITO ALTA VULNERABILIDADE,False,False,NÃO ELEGIVEL,0,MUITO ALTA VULNERABILIDADE,FAIXA 1,20000,0.499,False,,False,,False,,False,,False,,False
312595,MG,FERVEDOURO,0.381,MEDIA VULNERABILIDADE,False,False,CADASTRO RESERVA,0,MEDIA VULNERABILIDADE,FAIXA 2,15000,0.411,False,,False,,False,,False,,False,,False
312600,MG,FLORESTAL,0.214,BAIXA VULNERABILIDADE,False,False,CADASTRO RESERVA,0,BAIXA VULNERABILIDADE,FAIXA 3,10000,0.236,False,,False,,False,,False,,False,,False
312610,MG,FORMIGA,0.207,BAIXA VULNERABILIDADE,False,False,NÃO ELEGIVEL,0,BAIXA VULNERABILIDADE,FAIXA 3,10000,0.237,False,,False,,False,,False,,True,FAIXA 3,True
312620,MG,FORMOSO,0.432,ALTA VULNERABILIDADE,False,False,CONFIRMAÇÃO DE VAGAS (ADERIDOS),1,ALTA VULNERABILIDADE,FAIXA 1,20000,0.409,False,,False,,False,,False,,False,,False
312630,MG,FORTALEZA DE MINAS,0.255,BAIXA VULNERABILIDADE,False,False,NÃO ELEGIVEL,0,BAIXA VULNERABILIDADE,FAIXA 3,10000,0.231,False,,False,,False,,False,,False,,False
312640,MG,FORTUNA DE MINAS,0.251,BAIXA VULNERABILIDADE,False,False,CADASTRO RESERVA,0,BAIXA VULNERABILIDADE,FAIXA 3,10000,0.227,False,,False,,False,,False,,False,,False
312650,MG,FRANCISCO BADARO,0.420,ALTA VULNERABILIDADE,False,False,CADASTRO RESERVA,0,ALTA VULNERABILIDADE,FAIXA 1,20000,0.353,False,,False,,False,,False,,True,FAIXA 1,True
312660,MG,FRANCISCO DUMONT,0.493,ALTA VULNERABILIDADE,False,False,NÃO ELEGIVEL,0,ALTA VULNERABILIDADE,FAIXA 1,20000,0.473,False,,False,,False,,False,,False,,False
312670,MG,FRANCISCO SA,0.432,ALTA VULNERABILIDADE,False,False,NÃO ELEGIVEL,0,ALTA VULNERABILIDADE,FAIXA 1,20000,0.380,True,FAIXA 1,True,FAIXA 1,False,,False,,True,FAIXA 1,True
312675,MG,FRANCISCOPOLIS,0.493,ALTA VULNERABILIDADE,False,False,CADASTRO RESERVA,0,ALTA VULNERABILIDADE,FAIXA 1,20000,0.377,False,,True,FAIXA 1,False,,False,,False,,True
312680,MG,FREI GASPAR,0.440,ALTA VULNERABILIDADE,False,False,CADASTRO RESERVA,0,ALTA VULNERABILIDADE,FAIXA 1,20000,0.294,False,,True,FAIXA 1,False,,False,,False,,True
312690,MG,FREI INOCENCIO,0.333,MEDIA VULNERABILIDADE,False,False,CADASTRO RESERVA,0,MEDIA VULNERABILIDADE,FAIXA 2,15000,0.337,False,,False,,False,,False,,False,,False
312695,MG,FREI LAGONEGRO,0.428,ALTA VULNERABILIDADE,False,False,NÃO ELEGIVEL,0,ALTA VULNERABILIDADE,FAIXA 1,20000,0.394,False,,False,,False,,False,,False,,False
312700,MG,FRONTEIRA,0.350,MEDIA VULNERABILIDADE,False,False,CADASTRO RESERVA,0,MEDIA VULNERABILIDADE,FAIXA 2,15000,0.362,False,,False,,True,FAIXA 2,True,FAIXA 2,False,,True
312705,MG,FRONTEIRA DOS VALES,0.537,MUITO ALTA VULNERABILIDADE,False,False,CADASTRO RESERVA,0,MUITO ALTA VULNERABILIDADE,FAIXA 1,20000,0.559,False,,True,FAIXA 1,False,,False,,False,,True
312707,MG,FRUTA DE LEITE,0.476,ALTA VULNERABILIDADE,False,False,CONFIRMAÇÃO DE VAGAS (ADERIDOS),1,ALTA VULNERABILIDADE,FAIXA 1,20000,0.527,False,,False,,False,,False,,False,,False
312710,MG,FRUTAL,0.229,BAIXA VULNERABILIDADE,False,False,CADASTRO RESERVA,0,BAIXA VULNERABILIDADE,FAIXA 3,10000,0.288,False,,False,,False,,False,,True,FAIXA 3,True
312720,MG,FUNILANDIA,0.333,MEDIA VULNERABILIDADE,False,False,CADASTRO RESERVA,0,MEDIA VULNERABILIDADE,FAIXA 2,15000,0.285,False,,False,,False,,False,,False,,False
312730,MG,GALILEIA,0.359,MEDIA VULNERABILIDADE,False,False,CADASTRO RESERVA,0,MEDIA VULNERABILIDADE,FAIXA 2,15000,0.365,False,,False,,False,,False,,False,,False
312733,MG,GAMELEIRAS,0.402,ALTA VULNERABILIDADE,False,False,CADASTRO RESERVA,0,ALTA VULNERABILIDADE,FAIXA 1,20000,0.310,False,,False,,False,,False,,False,,False
312735,MG,GLAUCILANDIA,0.466,ALTA VULNERABILIDADE,False,False,CADASTRO RESERVA,0,ALTA VULNERABILIDADE,FAIXA 1,20000,0.500,False,,False,,False,,False,,False,,False
312737,MG,GOIABEIRA,0.396,MEDIA VULNERABILIDADE,False,False,NÃO ELEGIVEL,0,MEDIA VULNERABILIDADE,FAIXA 2,15000,0.391,False,,False,,False,,False,,False,,False
312738,MG,GOIANA,0.187,MUITO BAIXA VULNERABILIDADE,False,False,CONFIRMAÇÃO DE VAGAS (ADERIDOS),1,MUITO BAIXA VULNERABILIDADE,FAIXA 3,10000,0.202,False,,False,,False,,False,,False,,False
312740,MG,GONCALVES,0.248,BAIXA VULNERABILIDADE,False,False,CADASTRO RESERVA,0,BAIXA VULNERABILIDADE,FAIXA 3,10000,0.197,False,,False,,False,,False,,False,,False
312750,MG,GONZAGA,0.458,ALTA VULNERABILIDADE,False,False,CADASTRO RESERVA,0,ALTA VULNERABILIDADE,FAIXA 1,20000,0.345,False,,False,,False,,False,,False,,False
312760,MG,GOUVEIA,0.301,MEDIA VULNERABILIDADE,False,False,CADASTRO RESERVA,0,MEDIA VULNERABILIDADE,FAIXA 2,15000,0.284,False,,False,,False,,False,,False,,False
312770,MG,GOVERNADOR VALADARES,0.243,BAIXA VULNERABILIDADE,False,False,CONFIRMAÇÃO DE VAGAS (ADERIDOS),1,BAIXA VULNERABILIDADE,FAIXA 3,10000,0.276,False,,False,,False,,False,,True,FAIXA 3,True
312780,MG,GRAO MOGOL,0.405,ALTA VULNERABILIDADE,False,False,CADASTRO RESERVA,0,ALTA VULNERABILIDADE,FAIXA 1,20000,0.290,False,,False,,False,,False,,True,FAIXA 1,True
312790,MG,GRUPIARA,0.251,BAIXA VULNERABILIDADE,False,False,NÃO ELEGIVEL,0,BAIXA VULNERABILIDADE,FAIXA 3,10000,0.211,False,,False,,False,,False,,False,,False
312800,MG,GUANHAES,0.353,MEDIA VULNERABILIDADE,False,False,CADASTRO RESERVA,0,MEDIA VULNERABILIDADE,FAIXA 2,15000,0.320,True,FAIXA 2,True,FAIXA 2,True,FAIXA 2,True,FAIXA 2,False,,True
312810,MG,GUAPE,0.228,BAIXA VULNERABILIDADE,False,False,NÃO ELEGIVEL,0,BAIXA VULNERABILIDADE,FAIXA 3,10000,0.189,False,,False,,False,,False,,False,,False
312820,MG,GUARACIABA,0.348,MEDIA VULNERABILIDADE,False,False,CADASTRO RESERVA,0,MEDIA VULNERABILIDADE,FAIXA 2,15000,0.347,False,,False,,False,,False,,False,,False
312825,MG,GUARACIAMA,0.406,ALTA VULNERABILIDADE,False,False,NÃO ELEGIVEL,0,ALTA VULNERABILIDADE,FAIXA 1,20000,0.353,False,,False,,False,,False,,False,,False
312830,MG,GUARANESIA,0.227,BAIXA VULNERABILIDADE,False,False,CONFIRMAÇÃO DE VAGAS (ADERIDOS),1,BAIXA VULNERABILIDADE,FAIXA 3,10000,0.285,False,,False,,False,,False,,False,,False
312840,MG,GUARANI,0.294,BAIXA VULNERABILIDADE,False,False,CADASTRO RESERVA,0,BAIXA VULNERABILIDADE,FAIXA 3,10000,0.336,False,,False,,False,,False,,False,,False
312850,MG,GUARARA,0.242,BAIXA VULNERABILIDADE,False,False,CADASTRO RESERVA,0,BAIXA VULNERABILIDADE,FAIXA 3,10000,0.290,False,,False,,False,,False,,False,,False
312860,MG,GUARDA-MOR,0.243,BAIXA VULNERABILIDADE,False,False,NÃO ELEGIVEL,0,BAIXA VULNERABILIDADE,FAIXA 3,10000,0.307,False,,True,FAIXA 3,False,,False,,False,,True
312870,MG,GUAXUPE,0.189,MUITO BAIXA VULNERABILIDADE,False,False,CONFIRMAÇÃO DE VAGAS (ADERIDOS),1,MUITO BAIXA VULNERABILIDADE,FAIXA 3,10000,0.273,True,FAIXA 3,True,FAIXA 3,True,FAIXA 3,True,FAIXA 3,True,FAIXA 3,True
312880,MG,GUIDOVAL,0.215,BAIXA VULNERABILIDADE,False,False,NÃO ELEGIVEL,0,BAIXA VULNERABILIDADE,FAIXA 3,10000,0.266,False,,False,,False,,False,,False,,False
312890,MG,GUIMARANIA,0.249,BAIXA VULNERABILIDADE,False,False,CADASTRO RESERVA,0,BAIXA VULNERABILIDADE,FAIXA 3,10000,0.299,False,,False,,False,,False,,False,,False
312900,MG,GUIRICEMA,0.229,BAIXA VULNERABILIDADE,False,False,CADASTRO RESERVA,0,BAIXA VULNERABILIDADE,FAIXA 3,10000,0.323,False,,False,,False,,False,,False,,False
312910,MG,GURINHATA,0.323,MEDIA VULNERABILIDADE,False,False,CADASTRO RESERVA,0,MEDIA VULNERABILIDADE,FAIXA 2,15000,0.290,False,,True,FAIXA 2,False,,False,,False,,True
312920,MG,HELIODORA,0.222,BAIXA VULNERABILIDADE,False,False,CADASTRO RESERVA,0,BAIXA VULNERABILIDADE,FAIXA 3,10000,0.241,False,,False,,False,,False,,False,,False
312930,MG,IAPU,0.297,BAIXA VULNERABILIDADE,False,False,NÃO ELEGIVEL,0,BAIXA VULNERABILIDADE,FAIXA 3,10000,0.298,False,,False,,False,,False,,False,,False
312940,MG,IBERTIOGA,0.319,MEDIA VULNERABILIDADE,False,False,CADASTRO RESERVA,0,MEDIA VULNERABILIDADE,FAIXA 2,15000,0.375,False,,False,,False,,False,,True,FAIXA 2,True
312950,MG,IBIA,0.278,BAIXA VULNERABILIDADE,False,False,CADASTRO RESERVA,0,BAIXA VULNERABILIDADE,FAIXA 3,10000,0.196,True,FAIXA 3,True,FAIXA 3,False,,False,,False,,True
312960,MG,IBIAI,0.483,ALTA VULNERABILIDADE,False,False,CADASTRO RESERVA,0,ALTA VULNERABILIDADE,FAIXA 1,20000,0.467,False,,False,,False,,False,,False,,False
312965,MG,IBIRACATU,0.466,ALTA VULNERABILIDADE,False,False,CADASTRO RESERVA,0,ALTA VULNERABILIDADE,FAIXA 1,20000,0.442,False,,False,,False,,False,,False,,False
312970,MG,IBIRACI,0.242,BAIXA VULNERABILIDADE,False,False,NÃO ELEGIVEL,0,BAIXA VULNERABILIDADE,FAIXA 3,10000,0.274,False,,False,,False,,False,,False,,False
312980,MG,IBIRITE,0.342,MEDIA VULNERABILIDADE,False,False,CADASTRO RESERVA,0,MEDIA VULNERABILIDADE,FAIXA 2,15000,0.374,False,,False,,False,,False,,False,,False
312990,MG,IBITIURA DE MINAS,0.265,BAIXA VULNERABILIDADE,False,False,NÃO ELEGIVEL,0,BAIXA VULNERABILIDADE,FAIXA 3,10000,0.230,False,,False,,False,,False,,False,,False
313000,MG,IBITURUNA,0.293,BAIXA VULNERABILIDADE,False,False,CADASTRO RESERVA,0,BAIXA VULNERABILIDADE,FAIXA 3,10000,0.257,False,,False,,False,,False,,False,,False
313005,MG,ICARAI DE MINAS,0.460,ALTA VULNERABILIDADE,False,False,CADASTRO RESERVA,0,ALTA VULNERABILIDADE,FAIXA 1,20000,0.400,False,,False,,False,,False,,False,,False
313010,MG,IGARAPE,0.361,MEDIA VULNERABILIDADE,False,False,CADASTRO RESERVA,0,MEDIA VULNERABILIDADE,FAIXA 2,15000,0.354,False,,False,,False,,False,,False,,False
313020,MG,IGARATINGA,0.254,BAIXA VULNERABILIDADE,False,False,CONFIRMAÇÃO DE VAGAS (ADERIDOS),1,BAIXA VULNERABILIDADE,FAIXA 3,10000,0.259,False,,False,,False,,False,,False,,False
313030,MG,IGUATAMA,0.203,BAIXA VULNERABILIDADE,False,False,CADASTRO RESERVA,0,BAIXA VULNERABILIDADE,FAIXA 3,10000,0.213,False,,False,,False,,False,,False,,False
313040,MG,IJACI,0.231,BAIXA VULNERABILIDADE,False,False,NÃO ELEGIVEL,0,BAIXA VULNERABILIDADE,FAIXA 3,10000,0.281,False,,False,,False,,False,,False,,False
313050,MG,ILICINEA,0.216,BAIXA VULNERABILIDADE,False,False,CADASTRO RESERVA,0,BAIXA VULNERABILIDADE,FAIXA 3,10000,0.277,False,,False,,False,,False,,False,,False
313055,MG,IMBE DE MINAS,0.325,MEDIA VULNERABILIDADE,False,False,CADASTRO RESERVA,0,MEDIA VULNERABILIDADE,FAIXA 2,15000,0.241,False,,False,,False,,False,,False,,False
313060,MG,INCONFIDENTES,0.225,BAIXA VULNERABILIDADE,False,False,CADASTRO RESERVA,0,BAIXA VULNERABILIDADE,FAIXA 3,10000,0.255,False,,False,,False,,False,,False,,False
313065,MG,INDAIABIRA,0.429,ALTA VULNERABILIDADE,False,False,CADASTRO RESERVA,0,ALTA VULNERABILIDADE,FAIXA 1,20000,0.385,False,,False,,False,,False,,False,,False
313070,MG,INDIANOPOLIS,0.278,BAIXA VULNERABILIDADE,False,False,CONFIRMAÇÃO DE VAGAS (ADERIDOS),1,BAIXA VULNERABILIDADE,FAIXA 3,10000,0.349,False,,False,,False,,False,,False,,False
313080,MG,INGAI,0.238,BAIXA VULNERABILIDADE,False,False,CADASTRO RESERVA,0,BAIXA VULNERABILIDADE,FAIXA 3,10000,0.310,False,,False,,False,,False,,False,,False
313090,MG,INHAPIM,0.336,MEDIA VULNERABILIDADE,False,False,CONFIRMAÇÃO DE VAGAS (ADERIDOS),2,MEDIA VULNERABILIDADE,FAIXA 2,15000,0.333,False,,False,,False,,False,,False,,False
313100,MG,INHAUMA,0.242,BAIXA VULNERABILIDADE,False,False,CADASTRO RESERVA,0,BAIXA VULNERABILIDADE,FAIXA 3,10000,0.241,False,,False,,False,,False,,False,,False
313110,MG,INIMUTABA,0.317,MEDIA VULNERABILIDADE,False,False,NÃO ELEGIVEL,0,MEDIA VULNERABILIDADE,FAIXA 2,15000,0.301,False,,False,,False,,False,,False,,False
313115,MG,IPABA,0.315,MEDIA VULNERABILIDADE,False,False,CONFIRMAÇÃO DE VAGAS (ADERIDOS),1,MEDIA VULNERABILIDADE,FAIXA 2,15000,0.334,False,,False,,False,,False,,False,,False
313120,MG,IPANEMA,0.280,BAIXA VULNERABILIDADE,False,False,NÃO ELEGIVEL,0,BAIXA VULNERABILIDADE,FAIXA 3,10000,0.356,True,FAIXA 3,True,FAIXA 3,False,,False,,False,,True
313130,MG,IPATINGA,0.182,MUITO BAIXA VULNERABILIDADE,False,False,CONFIRMAÇÃO DE VAGAS (ADERIDOS),1,MUITO BAIXA VULNERABILIDADE,FAIXA 3,10000,0.215,False,,True,FAIXA 3,True,FAIXA 3,True,FAIXA 3,False,,True
313140,MG,IPIACU,0.230,BAIXA VULNERABILIDADE,False,False,CADASTRO RESERVA,0,BAIXA VULNERABILIDADE,FAIXA 3,10000,0.286,False,,False,,False,,False,,False,,False
313150,MG,IPUIUNA,0.353,MEDIA VULNERABILIDADE,False,False,CADASTRO RESERVA,0,MEDIA VULNERABILIDADE,FAIXA 2,15000,0.391,False,,False,,False,,False,,False,,False
313160,MG,IRAI DE MINAS,0.278,BAIXA VULNERABILIDADE,False,False,CADASTRO RESERVA,0,BAIXA VULNERABILIDADE,FAIXA 3,10000,0.449,False,,False,,False,,False,,False,,False
313170,MG,ITABIRA,0.248,BAIXA VULNERABILIDADE,False,False,CADASTRO RESERVA,0,BAIXA VULNERABILIDADE,FAIXA 3,10000,0.249,False,,True,FAIXA 3,True,FAIXA 3,True,FAIXA 3,True,FAIXA 3,True
313180,MG,ITABIRINHA,0.355,MEDIA VULNERABILIDADE,False,False,CADASTRO RESERVA,0,MEDIA VULNERABILIDADE,FAIXA 2,15000,0.404,False,,False,,False,,False,,False,,False
313190,MG,ITABIRITO,0.207,BAIXA VULNERABILIDADE,False,False,NÃO ELEGIVEL,0,BAIXA VULNERABILIDADE,FAIXA 3,10000,0.214,False,,False,,False,,False,,False,,False
313200,MG,ITACAMBIRA,0.485,ALTA VULNERABILIDADE,False,False,CADASTRO RESERVA,0,ALTA VULNERABILIDADE,FAIXA 1,20000,0.513,False,,False,,False,,False,,False,,False
313210,MG,ITACARAMBI,0.395,MEDIA VULNERABILIDADE,False,False,NÃO ELEGIVEL,0,MEDIA VULNERABILIDADE,FAIXA 2,15000,0.387,False,,False,,True,FAIXA 2,True,FAIXA 2,False,,True
313220,MG,ITAGUARA,0.231,BAIXA VULNERABILIDADE,False,False,CADASTRO RESERVA,0,BAIXA VULNERABILIDADE,FAIXA 3,10000,0.211,False,,False,,False,,False,,False,,False
313230,MG,ITAIPE,0.402,ALTA VULNERABILIDADE,False,False,CADASTRO RESERVA,0,ALTA VULNERABILIDADE,FAIXA 1,20000,0.303,False,,False,,False,,False,,False,,False
313240,MG,ITAJUBA,0.166,MUITO BAIXA VULNERABILIDADE,False,False,CONFIRMAÇÃO DE VAGAS (ADERIDOS),1,MUITO BAIXA VULNERABILIDADE,FAIXA 3,10000,0.224,False,,False,,False,,False,,False,,False
313250,MG,ITAMARANDIBA,0.401,ALTA VULNERABILIDADE,False,False,CADASTRO RESERVA,0,ALTA VULNERABILIDADE,FAIXA 1,20000,0.355,True,FAIXA 1,True,FAIXA 1,True,FAIXA 1,True,FAIXA 1,True,FAIXA 1,True
313260,MG,ITAMARATI DE MINAS,0.202,BAIXA VULNERABILIDADE,False,False,CADASTRO RESERVA,0,BAIXA VULNERABILIDADE,FAIXA 3,10000,0.239,False,,False,,False,,False,,False,,False
313270,MG,ITAMBACURI,0.424,ALTA VULNERABILIDADE,False,False,CADASTRO RESERVA,0,ALTA VULNERABILIDADE,FAIXA 1,20000,0.361,True,FAIXA 1,False,,False,,False,,False,,True
313280,MG,ITAMBE DO MATO DENTRO,0.319,MEDIA VULNERABILIDADE,False,False,CADASTRO RESERVA,0,MEDIA VULNERABILIDADE,FAIXA 2,15000,0.340,False,,False,,False,,False,,False,,False
313290,MG,ITAMOGI,0.240,BAIXA VULNERABILIDADE,False,False,NÃO ELEGIVEL,0,BAIXA VULNERABILIDADE,FAIXA 3,10000,0.210,False,,False,,False,,False,,False,,False
313300,MG,ITAMONTE,0.231,BAIXA VULNERABILIDADE,False,False,CONFIRMAÇÃO DE VAGAS (ADERIDOS),1,BAIXA VULNERABILIDADE,FAIXA 3,10000,0.320,False,,False,,False,,False,,False,,False
313310,MG,ITANHANDU,0.178,MUITO BAIXA VULNERABILIDADE,False,False,NÃO ELEGIVEL,0,MUITO BAIXA VULNERABILIDADE,FAIXA 3,10000,0.183,False,,False,,False,,False,,False,,False
313320,MG,ITANHOMI,0.307,MEDIA VULNERABILIDADE,False,False,NÃO ELEGIVEL,0,MEDIA VULNERABILIDADE,FAIXA 2,15000,0.350,False,,False,,False,,False,,False,,False
313330,MG,ITAOBIM,0.364,MEDIA VULNERABILIDADE,False,False,NÃO ELEGIVEL,0,MEDIA VULNERABILIDADE,FAIXA 2,15000,0.378,False,,False,,False,,False,,False,,False
313340,MG,ITAPAGIPE,0.213,BAIXA VULNERABILIDADE,False,False,CADASTRO RESERVA,0,BAIXA VULNERABILIDADE,FAIXA 3,10000,0.265,False,,False,,False,,False,,False,,False
313350,MG,ITAPECERICA,0.226,BAIXA VULNERABILIDADE,False,False,CADASTRO RESERVA,0,BAIXA VULNERABILIDADE,FAIXA 3,10000,0.207,False,,True,FAIXA 3,True,FAIXA 3,True,FAIXA 3,False,,True
313360,MG,ITAPEVA,0.236,BAIXA VULNERABILIDADE,False,False,CADASTRO RESERVA,0,BAIXA VULNERABILIDADE,FAIXA 3,10000,0.204,False,,False,,False,,False,,False,,False
313370,MG,ITATIAIUCU,0.263,BAIXA VULNERABILIDADE,False,False,NÃO ELEGIVEL,0,BAIXA VULNERABILIDADE,FAIXA 3,10000,0.273,False,,False,,False,,False,,False,,False
313375,MG,ITAU DE MINAS,0.172,MUITO BAIXA VULNERABILIDADE,False,False,NÃO ELEGIVEL,0,MUITO BAIXA VULNERABILIDADE,FAIXA 3,10000,0.193,False,,False,,False,,False,,False,,False
313380,MG,ITAUNA,0.185,MUITO BAIXA VULNERABILIDADE,False,False,CADASTRO RESERVA,0,MUITO BAIXA VULNERABILIDADE,FAIXA 3,10000,0.195,True,FAIXA 3,True,FAIXA 3,True,FAIXA 3,True,FAIXA 3,False,,True
313390,MG,ITAVERAVA,0.387,MEDIA VULNERABILIDADE,False,False,NÃO ELEGIVEL,0,MEDIA VULNERABILIDADE,FAIXA 2,15000,0.338,False,,False,,False,,False,,False,,False
313400,MG,ITINGA,0.462,ALTA VULNERABILIDADE,False,False,CONFIRMAÇÃO DE VAGAS (ADERIDOS),1,ALTA VULNERABILIDADE,FAIXA 1,20000,0.382,False,,False,,False,,False,,False,,False
313410,MG,ITUETA,0.321,MEDIA VULNERABILIDADE,False,False,CONFIRMAÇÃO DE VAGAS (ADERIDOS),1,MEDIA VULNERABILIDADE,FAIXA 2,15000,0.344,False,,False,,False,,False,,False,,False
313420,MG,ITUIUTABA,0.222,BAIXA VULNERABILIDADE,False,False,CADASTRO RESERVA,0,BAIXA VULNERABILIDADE,FAIXA 3,10000,0.252,False,,False,,False,,False,,True,FAIXA 3,True
313430,MG,ITUMIRIM,0.254,BAIXA VULNERABILIDADE,False,False,NÃO ELEGIVEL,0,BAIXA VULNERABILIDADE,FAIXA 3,10000,0.290,False,,False,,False,,False,,False,,False
313440,MG,ITURAMA,0.264,BAIXA VULNERABILIDADE,False,False,CADASTRO RESERVA,0,BAIXA VULNERABILIDADE,FAIXA 3,10000,0.278,False,,True,FAIXA 3,True,FAIXA 3,True,FAIXA 3,False,,True
313450,MG,ITUTINGA,0.271,BAIXA VULNERABILIDADE,False,False,CONFIRMAÇÃO DE VAGAS (ADERIDOS),1,BAIXA VULNERABILIDADE,FAIXA 3,10000,0.271,False,,False,,False,,False,,False,,False
313460,MG,JABOTICATUBAS,0.331,MEDIA VULNERABILIDADE,False,False,CADASTRO RESERVA,0,MEDIA VULNERABILIDADE,FAIXA 2,15000,0.335,False,,False,,False,,False,,False,,False
313470,MG,JACINTO,0.467,ALTA VULNERABILIDADE,False,False,CADASTRO RESERVA,0,ALTA VULNERABILIDADE,FAIXA 1,20000,0.469,False,,False,,False,,False,,False,,False
313480,MG,JACUI,0.235,BAIXA VULNERABILIDADE,False,False,CADASTRO RESERVA,0,BAIXA VULNERABILIDADE,FAIXA 3,10000,0.203,False,,False,,False,,False,,False,,False
313490,MG,JACUTINGA,0.210,BAIXA VULNERABILIDADE,False,False,CADASTRO RESERVA,0,BAIXA VULNERABILIDADE,FAIXA 3,10000,0.247,False,,True,FAIXA 3,True,FAIXA 3,True,FAIXA 3,False,,True
313500,MG,JAGUARACU,0.232,BAIXA VULNERABILIDADE,False,False,CONFIRMAÇÃO DE VAGAS (ADERIDOS),1,BAIXA VULNERABILIDADE,FAIXA 3,10000,0.264,False,,False,,False,,False,,False,,False
313505,MG,JAIBA,0.356,MEDIA VULNERABILIDADE,False,False,CADASTRO RESERVA,0,MEDIA VULNERABILIDADE,FAIXA 2,15000,0.389,False,,False,,False,,False,,False,,False
313507,MG,JAMPRUCA,0.438,ALTA VULNERABILIDADE,False,False,CADASTRO RESERVA,0,ALTA VULNERABILIDADE,FAIXA 1,20000,0.375,False,,False,,False,,False,,False,,False
313510,MG,JANAUBA,0.313,MEDIA VULNERABILIDADE,False,False,CONFIRMAÇÃO DE VAGAS (ADERIDOS),1,MEDIA VULNERABILIDADE,FAIXA 2,15000,0.320,False,,False,,False,,False,,False,,False
313520,MG,JANUARIA,0.426,ALTA VULNERABILIDADE,False,False,CADASTRO RESERVA,0,ALTA VULNERABILIDADE,FAIXA 1,20000,0.375,True,FAIXA 1,True,FAIXA 1,False,,False,,False,,True
313530,MG,JAPARAIBA,0.211,BAIXA VULNERABILIDADE,False,False,CADASTRO RESERVA,0,BAIXA VULNERABILIDADE,FAIXA 3,10000,0.349,False,,False,,False,,False,,False,,False
313535,MG,JAPONVAR,0.347,MEDIA VULNERABILIDADE,False,False,NOVA ADESÃO,1,MEDIA VULNERABILIDADE,FAIXA 2,15000,0.371,False,,False,,False,,False,,False,,False
313540,MG,JECEABA,0.354,MEDIA VULNERABILIDADE,False,False,NÃO ELEGIVEL,0,MEDIA VULNERABILIDADE,FAIXA 2,15000,0.215,False,,False,,False,,False,,False,,False
313545,MG,JENIPAPO DE MINAS,0.344,MEDIA VULNERABILIDADE,False,False,CADASTRO RESERVA,0,MEDIA VULNERABILIDADE,FAIXA 2,15000,0.290,False,,False,,False,,False,,False,,False
313550,MG,JEQUERI,0.374,MEDIA VULNERABILIDADE,False,False,NÃO ELEGIVEL,0,MEDIA VULNERABILIDADE,FAIXA 2,15000,0.458,False,,False,,False,,False,,False,,False
313560,MG,JEQUITAI,0.442,ALTA VULNERABILIDADE,False,False,CADASTRO RESERVA,0,ALTA VULNERABILIDADE,FAIXA 1,20000,0.415,False,,False,,False,,False,,False,,False
313570,MG,JEQUITIBA,0.344,MEDIA VULNERABILIDADE,False,False,CONFIRMAÇÃO DE VAGAS (ADERIDOS),1,MEDIA VULNERABILIDADE,FAIXA 2,15000,0.371,False,,False,,False,,False,,False,,False
313580,MG,JEQUITINHONHA,0.442,ALTA VULNERABILIDADE,False,False,CADASTRO RESERVA,0,ALTA VULNERABILIDADE,FAIXA 1,20000,0.395,False,,False,,False,,False,,False,,False
313590,MG,JESUANIA,0.301,MEDIA VULNERABILIDADE,False,False,NÃO ELEGIVEL,0,MEDIA VULNERABILIDADE,FAIXA 2,15000,0.303,False,,False,,False,,False,,False,,False
313600,MG,JOAIMA,0.494,ALTA VULNERABILIDADE,False,False,CONFIRMAÇÃO DE VAGAS (ADERIDOS),1,ALTA VULNERABILIDADE,FAIXA 1,20000,0.431,True,FAIXA 1,True,FAIXA 1,False,,False,,False,,True
313610,MG,JOANESIA,0.432,ALTA VULNERABILIDADE,False,False,CADASTRO RESERVA,0,ALTA VULNERABILIDADE,FAIXA 1,20000,0.284,False,,False,,False,,False,,False,,False
313620,MG,JOAO MONLEVADE,0.202,BAIXA VULNERABILIDADE,False,False,CADASTRO RESERVA,0,BAIXA VULNERABILIDADE,FAIXA 3,10000,0.216,True,FAIXA 3,True,FAIXA 3,True,FAIXA 3,True,FAIXA 3,False,,True
313630,MG,JOAO PINHEIRO,0.363,MEDIA VULNERABILIDADE,False,False,CADASTRO RESERVA,0,MEDIA VULNERABILIDADE,FAIXA 2,15000,0.347,True,FAIXA 2,True,FAIXA 2,True,FAIXA 2,True,FAIXA 2,True,FAIXA 2,True
313640,MG,JOAQUIM FELICIO,0.415,ALTA VULNERABILIDADE,False,False,NÃO ELEGIVEL,0,ALTA VULNERABILIDADE,FAIXA 1,20000,0.312,False,,False,,False,,False,,False,,False
313650,MG,JORDANIA,0.416,ALTA VULNERABILIDADE,False,False,CADASTRO RESERVA,0,ALTA VULNERABILIDADE,FAIXA 1,20000,0.394,False,,False,,False,,False,,False,,False
313652,MG,JOSE GONCALVES DE MINAS,0.380,MEDIA VULNERABILIDADE,False,False,CADASTRO RESERVA,0,MEDIA VULNERABILIDADE,FAIXA 2,15000,0.437,False,,False,,False,,False,,False,,False
313655,MG,JOSE RAYDAN,0.397,MEDIA VULNERABILIDADE,False,False,CADASTRO RESERVA,0,MEDIA VULNERABILIDADE,FAIXA 2,15000,0.290,False,,False,,False,,False,,False,,False
313657,MG,JOSENOPOLIS,0.631,MUITO ALTA VULNERABILIDADE,False,False,CADASTRO RESERVA,0,MUITO ALTA VULNERABILIDADE,FAIXA 1,20000,0.421,False,,False,,False,,False,,False,,False
313660,MG,NOVA UNIAO,0.323,MEDIA VULNERABILIDADE,False,False,CADASTRO RESERVA,0,MEDIA VULNERABILIDADE,FAIXA 2,15000,0.334,False,,False,,False,,False,,False,,False
313665,MG,JUATUBA,0.316,MEDIA VULNERABILIDADE,False,False,CADASTRO RESERVA,0,MEDIA VULNERABILIDADE,FAIXA 2,15000,0.340,False,,False,,False,,False,,False,,False
313670,MG,JUIZ DE FORA,0.248,BAIXA VULNERABILIDADE,False,False,CADASTRO RESERVA,0,BAIXA VULNERABILIDADE,FAIXA 3,10000,0.310,False,,False,,True,FAIXA 3,True,FAIXA 3,True,FAIXA 3,True
313680,MG,JURAMENTO,0.339,MEDIA VULNERABILIDADE,False,False,CADASTRO RESERVA,0,MEDIA VULNERABILIDADE,FAIXA 2,15000,0.301,False,,False,,False,,False,,False,,False
313690,MG,JURUAIA,0.220,BAIXA VULNERABILIDADE,False,False,CADASTRO RESERVA,0,BAIXA VULNERABILIDADE,FAIXA 3,10000,0.189,False,,False,,False,,False,,False,,False
313695,MG,JUVENILIA,0.539,MUITO ALTA VULNERABILIDADE,False,False,CADASTRO RESERVA,0,MUITO ALTA VULNERABILIDADE,FAIXA 1,20000,0.473,False,,False,,False,,False,,False,,False
313700,MG,LADAINHA,0.518,MUITO ALTA VULNERABILIDADE,False,False,CADASTRO RESERVA,0,MUITO ALTA VULNERABILIDADE,FAIXA 1,20000,0.432,True,FAIXA 1,True,FAIXA 1,False,,False,,False,,True
313710,MG,LAGAMAR,0.239,BAIXA VULNERABILIDADE,False,False,CADASTRO RESERVA,0,BAIXA VULNERABILIDADE,FAIXA 3,10000,0.267,False,,False,,False,,False,,False,,False
313720,MG,LAGOA DA PRATA,0.216,BAIXA VULNERABILIDADE,False,False,CADASTRO RESERVA,0,BAIXA VULNERABILIDADE,FAIXA 3,10000,0.242,False,,False,,False,,False,,False,,False
313730,MG,LAGOA DOS PATOS,0.382,MEDIA VULNERABILIDADE,False,False,CADASTRO RESERVA,0,MEDIA VULNERABILIDADE,FAIXA 2,15000,0.391,False,,False,,False,,False,,False,,False
313740,MG,LAGOA DOURADA,0.290,BAIXA VULNERABILIDADE,False,False,CADASTRO RESERVA,0,BAIXA VULNERABILIDADE,FAIXA 3,10000,0.319,False,,False,,False,,False,,False,,False
313750,MG,LAGOA FORMOSA,0.261,BAIXA VULNERABILIDADE,False,False,CADASTRO RESERVA,0,BAIXA VULNERABILIDADE,FAIXA 3,10000,0.242,False,,True,FAIXA 3,False,,False,,True,FAIXA 3,True
313753,MG,LAGOA GRANDE,0.361,MEDIA VULNERABILIDADE,False,False,CADASTRO RESERVA,0,MEDIA VULNERABILIDADE,FAIXA 2,15000,0.344,False,,False,,False,,False,,False,,False
313760,MG,LAGOA SANTA,0.242,BAIXA VULNERABILIDADE,False,False,CONFIRMAÇÃO DE VAGAS (ADERIDOS),1,BAIXA VULNERABILIDADE,FAIXA 3,10000,0.273,False,,False,,False,,False,,False,,False
313770,MG,LAJINHA,0.299,BAIXA VULNERABILIDADE,False,False,CADASTRO RESERVA,0,BAIXA VULNERABILIDADE,FAIXA 3,10000,0.338,False,,False,,True,FAIXA 3,True,FAIXA 3,False,,True
313780,MG,LAMBARI,0.239,BAIXA VULNERABILIDADE,False,False,CONFIRMAÇÃO DE VAGAS (ADERIDOS),1,BAIXA VULNERABILIDADE,FAIXA 3,10000,0.341,False,,False,,False,,False,,False,,False
313790,MG,LAMIM,0.391,MEDIA VULNERABILIDADE,False,False,NÃO ELEGIVEL,0,MEDIA VULNERABILIDADE,FAIXA 2,15000,0.475,False,,False,,False,,False,,False,,False
313800,MG,LARANJAL,0.193,MUITO BAIXA VULNERABILIDADE,False,False,CADASTRO RESERVA,0,MUITO BAIXA VULNERABILIDADE,FAIXA 3,10000,0.208,False,,False,,False,,False,,False,,False
313810,MG,LASSANCE,0.476,ALTA VULNERABILIDADE,False,False,CADASTRO RESERVA,0,ALTA VULNERABILIDADE,FAIXA 1,20000,0.417,False,,True,FAIXA 1,False,,False,,False,,True
313820,MG,LAVRAS,0.181,MUITO BAIXA VULNERABILIDADE,False,False,NÃO ELEGIVEL,0,MUITO BAIXA VULNERABILIDADE,FAIXA 3,10000,0.241,True,FAIXA 3,True,FAIXA 3,True,FAIXA 3,True,FAIXA 3,False,,True
313830,MG,LEANDRO FERREIRA,0.206,BAIXA VULNERABILIDADE,False,False,NÃO ELEGIVEL,0,BAIXA VULNERABILIDADE,FAIXA 3,10000,0.176,False,,False,,False,,False,,False,,False
313835,MG,LEME DO PRADO,0.267,BAIXA VULNERABILIDADE,False,False,CADASTRO RESERVA,0,BAIXA VULNERABILIDADE,FAIXA 3,10000,0.184,False,,False,,False,,False,,False,,False
313840,MG,LEOPOLDINA,0.262,BAIXA VULNERABILIDADE,False,False,CONFIRMAÇÃO DE VAGAS (ADERIDOS),1,BAIXA VULNERABILIDADE,FAIXA 3,10000,0.323,False,,False,,False,,False,,True,FAIXA 3,True
313850,MG,LIBERDADE,0.342,MEDIA VULNERABILIDADE,False,False,CADASTRO RESERVA,0,MEDIA VULNERABILIDADE,FAIXA 2,15000,0.284,False,,True,FAIXA 2,False,,False,,True,FAIXA 2,True
313860,MG,LIMA DUARTE,0.323,MEDIA VULNERABILIDADE,False,False,NÃO ELEGIVEL,0,MEDIA VULNERABILIDADE,FAIXA 2,15000,0.308,False,,False,,False,,False,,False,,False
313862,MG,LIMEIRA DO OESTE,0.356,MEDIA VULNERABILIDADE,False,False,CADASTRO RESERVA,0,MEDIA VULNERABILIDADE,FAIXA 2,15000,0.246,False,,False,,False,,False,,False,,False
313865,MG,LONTRA,0.429,ALTA VULNERABILIDADE,False,False,CADASTRO RESERVA,0,ALTA VULNERABILIDADE,FAIXA 1,20000,0.343,False,,False,,False,,False,,True,FAIXA 1,True
313867,MG,LUISBURGO,0.315,MEDIA VULNERABILIDADE,False,False,NÃO ELEGIVEL,0,MEDIA VULNERABILIDADE,FAIXA 2,15000,0.351,False,,False,,False,,False,,False,,False
313868,MG,LUISLANDIA,0.441,ALTA VULNERABILIDADE,False,False,CADASTRO RESERVA,0,ALTA VULNERABILIDADE,FAIXA 1,20000,0.405,True,FAIXA 1,True,FAIXA 1,False,,False,,False,,True
313870,MG,LUMINARIAS,0.295,BAIXA VULNERABILIDADE,False,False,CONFIRMAÇÃO DE VAGAS (ADERIDOS),1,BAIXA VULNERABILIDADE,FAIXA 3,10000,0.326,False,,False,,False,,False,,False,,False
313880,MG,LUZ,0.227,BAIXA VULNERABILIDADE,False,False,CONFIRMAÇÃO DE VAGAS (ADERIDOS),1,BAIXA VULNERABILIDADE,FAIXA 3,10000,0.211,False,,False,,False,,False,,False,,False
313890,MG,MACHACALIS,0.389,MEDIA VULNERABILIDADE,False,False,CADASTRO RESERVA,0,MEDIA VULNERABILIDADE,FAIXA 2,15000,0.367,False,,False,,False,,False,,False,,False
313900,MG,MACHADO,0.216,BAIXA VULNERABILIDADE,False,False,CONFIRMAÇÃO DE VAGAS (ADERIDOS),2,BAIXA VULNERABILIDADE,FAIXA 3,10000,0.278,False,,False,,False,,False,,False,,False
313910,MG,MADRE DE DEUS DE MINAS,0.324,MEDIA VULNERABILIDADE,False,False,CADASTRO RESERVA,0,MEDIA VULNERABILIDADE,FAIXA 2,15000,0.359,False,,False,,False,,False,,False,,False
313920,MG,MALACACHETA,0.454,ALTA VULNERABILIDADE,False,False,NÃO ELEGIVEL,0,ALTA VULNERABILIDADE,FAIXA 1,20000,0.483,False,,False,,False,,False,,False,,False
313925,MG,MAMONAS,0.345,MEDIA VULNERABILIDADE,False,False,NÃO ELEGIVEL,0,MEDIA VULNERABILIDADE,FAIXA 2,15000,0.324,False,,False,,False,,False,,False,,False
313930,MG,MANGA,0.467,ALTA VULNERABILIDADE,False,False,CONFIRMAÇÃO DE VAGAS (ADERIDOS),1,ALTA VULNERABILIDADE,FAIXA 1,20000,0.388,False,,False,,False,,False,,True,FAIXA 1,True
313940,MG,MANHUACU,0.254,BAIXA VULNERABILIDADE,False,False,CADASTRO RESERVA,0,BAIXA VULNERABILIDADE,FAIXA 3,10000,0.297,False,,False,,False,,False,,False,,False
313950,MG,MANHUMIRIM,0.271,BAIXA VULNERABILIDADE,False,False,NÃO ELEGIVEL,0,BAIXA VULNERABILIDADE,FAIXA 3,10000,0.328,False,,False,,False,,False,,False,,False
313960,MG,MANTENA,0.303,MEDIA VULNERABILIDADE,False,False,CADASTRO RESERVA,0,MEDIA VULNERABILIDADE,FAIXA 2,15000,0.274,False,,False,,False,,False,,True,FAIXA 2,True
313970,MG,MARAVILHAS,0.272,BAIXA VULNERABILIDADE,False,False,NÃO ELEGIVEL,0,BAIXA VULNERABILIDADE,FAIXA 3,10000,0.299,False,,False,,False,,False,,False,,False
313980,MG,MAR DE ESPANHA,0.188,MUITO BAIXA VULNERABILIDADE,False,False,CONFIRMAÇÃO DE VAGAS (ADERIDOS),1,MUITO BAIXA VULNERABILIDADE,FAIXA 3,10000,0.213,True,FAIXA 3,True,FAIXA 3,False,,False,,False,,True
313990,MG,MARIA DA FE,0.270,BAIXA VULNERABILIDADE,False,False,CONFIRMAÇÃO DE VAGAS (ADERIDOS),1,BAIXA VULNERABILIDADE,FAIXA 3,10000,0.320,False,,False,,False,,False,,False,,False
314000,MG,MARIANA,0.263,BAIXA VULNERABILIDADE,False,False,CADASTRO RESERVA,0,BAIXA VULNERABILIDADE,FAIXA 3,10000,0.266,False,,False,,False,,False,,False,,False
314010,MG,MARILAC,0.364,MEDIA VULNERABILIDADE,False,False,CADASTRO RESERVA,0,MEDIA VULNERABILIDADE,FAIXA 2,15000,0.359,False,,False,,False,,False,,False,,False
314015,MG,MARIO CAMPOS,0.359,MEDIA VULNERABILIDADE,False,False,CADASTRO RESERVA,0,MEDIA VULNERABILIDADE,FAIXA 2,15000,0.391,False,,False,,False,,False,,False,,False
314020,MG,MARIPA DE MINAS,0.201,BAIXA VULNERABILIDADE,False,False,CADASTRO RESERVA,0,BAIXA VULNERABILIDADE,FAIXA 3,10000,0.182,False,,True,FAIXA 3,False,,False,,False,,True
314030,MG,MARLIERIA,0.271,BAIXA VULNERABILIDADE,False,False,CADASTRO RESERVA,0,BAIXA VULNERABILIDADE,FAIXA 3,10000,0.301,False,,False,,False,,False,,False,,False
314040,MG,MARMELOPOLIS,0.319,MEDIA VULNERABILIDADE,False,False,CADASTRO RESERVA,0,MEDIA VULNERABILIDADE,FAIXA 2,15000,0.278,False,,False,,False,,False,,False,,False
314050,MG,MARTINHO CAMPOS,0.292,BAIXA VULNERABILIDADE,False,False,CADASTRO RESERVA,0,BAIXA VULNERABILIDADE,FAIXA 3,10000,0.289,False,,False,,False,,False,,False,,False
314053,MG,MARTINS SOARES,0.280,BAIXA VULNERABILIDADE,False,False,NÃO ELEGIVEL,0,BAIXA VULNERABILIDADE,FAIXA 3,10000,0.293,False,,False,,False,,False,,False,,False
314055,MG,MATA VERDE,0.416,ALTA VULNERABILIDADE,False,False,CONFIRMAÇÃO DE VAGAS (ADERIDOS),1,ALTA VULNERABILIDADE,FAIXA 1,20000,0.420,False,,False,,False,,False,,False,,False
314060,MG,MATERLANDIA,0.518,MUITO ALTA VULNERABILIDADE,False,False,CADASTRO RESERVA,0,MUITO ALTA VULNERABILIDADE,FAIXA 1,20000,0.456,False,,False,,False,,False,,False,,False
314070,MG,MATEUS LEME,0.306,MEDIA VULNERABILIDADE,False,False,CONFIRMAÇÃO DE VAGAS (ADERIDOS),1,MEDIA VULNERABILIDADE,FAIXA 2,15000,0.389,False,,False,,False,,False,,False,,False
314080,MG,MATIAS BARBOSA,0.271,BAIXA VULNERABILIDADE,False,False,NÃO ELEGIVEL,0,BAIXA VULNERABILIDADE,FAIXA 3,10000,0.378,False,,False,,False,,False,,False,,False
314085,MG,MATIAS CARDOSO,0.523,MUITO ALTA VULNERABILIDADE,False,False,NÃO ELEGIVEL,0,MUITO ALTA VULNERABILIDADE,FAIXA 1,20000,0.454,False,,False,,False,,False,,False,,False
314090,MG,MATIPO,0.372,MEDIA VULNERABILIDADE,False,False,CADASTRO RESERVA,0,MEDIA VULNERABILIDADE,FAIXA 2,15000,0.430,False,,False,,False,,False,,False,,False
314100,MG,MATO VERDE,0.347,MEDIA VULNERABILIDADE,False,False,NÃO ELEGIVEL,0,MEDIA VULNERABILIDADE,FAIXA 2,15000,0.349,False,,False,,False,,False,,False,,False
314110,MG,MATOZINHOS,0.266,BAIXA VULNERABILIDADE,False,False,CADASTRO RESERVA,0,BAIXA VULNERABILIDADE,FAIXA 3,10000,0.261,False,,False,,False,,False,,False,,False
314120,MG,MATUTINA,0.276,BAIXA VULNERABILIDADE,False,False,CADASTRO RESERVA,0,BAIXA VULNERABILIDADE,FAIXA 3,10000,0.187,False,,False,,False,,False,,False,,False
314130,MG,MEDEIROS,0.228,BAIXA VULNERABILIDADE,False,False,CADASTRO RESERVA,0,BAIXA VULNERABILIDADE,FAIXA 3,10000,0.392,False,,False,,False,,False,,False,,False
314140,MG,MEDINA,0.400,MEDIA VULNERABILIDADE,False,False,CADASTRO RESERVA,0,MEDIA VULNERABILIDADE,FAIXA 2,15000,0.343,False,,False,,False,,False,,True,FAIXA 2,True
314150,MG,MENDES PIMENTEL,0.349,MEDIA VULNERABILIDADE,False,False,CADASTRO RESERVA,0,MEDIA VULNERABILIDADE,FAIXA 2,15000,0.342,False,,False,,False,,False,,False,,False
314160,MG,MERCES,0.329,MEDIA VULNERABILIDADE,False,False,CADASTRO RESERVA,0,MEDIA VULNERABILIDADE,FAIXA 2,15000,0.389,False,,True,FAIXA 2,False,,False,,False,,True
314170,MG,MESQUITA,0.348,MEDIA VULNERABILIDADE,False,False,CADASTRO RESERVA,0,MEDIA VULNERABILIDADE,FAIXA 2,15000,0.318,False,,False,,False,,False,,False,,False
314180,MG,MINAS NOVAS,0.443,ALTA VULNERABILIDADE,False,False,CADASTRO RESERVA,0,ALTA VULNERABILIDADE,FAIXA 1,20000,0.337,False,,False,,True,FAIXA 1,True,FAIXA 1,True,FAIXA 1,True
314190,MG,MINDURI,0.374,MEDIA VULNERABILIDADE,False,False,NÃO ELEGIVEL,0,MEDIA VULNERABILIDADE,FAIXA 2,15000,0.414,False,,False,,False,,False,,False,,False
314200,MG,MIRABELA,0.415,ALTA VULNERABILIDADE,False,False,CADASTRO RESERVA,0,ALTA VULNERABILIDADE,FAIXA 1,20000,0.418,False,,False,,True,FAIXA 1,True,FAIXA 1,True,FAIXA 1,True
314210,MG,MIRADOURO,0.331,MEDIA VULNERABILIDADE,False,False,CADASTRO RESERVA,0,MEDIA VULNERABILIDADE,FAIXA 2,15000,0.259,False,,True,FAIXA 2,False,,False,,False,,True
314220,MG,MIRAI,0.228,BAIXA VULNERABILIDADE,False,False,CADASTRO RESERVA,0,BAIXA VULNERABILIDADE,FAIXA 3,10000,0.257,True,FAIXA 3,True,FAIXA 3,False,,False,,True,FAIXA 3,True
314225,MG,MIRAVANIA,0.453,ALTA VULNERABILIDADE,False,False,CADASTRO RESERVA,0,ALTA VULNERABILIDADE,FAIXA 1,20000,0.411,False,,False,,False,,False,,False,,False
314230,MG,MOEDA,0.296,BAIXA VULNERABILIDADE,False,False,CONFIRMAÇÃO DE VAGAS (ADERIDOS),1,BAIXA VULNERABILIDADE,FAIXA 3,10000,0.285,False,,False,,False,,False,,False,,False
314240,MG,MOEMA,0.209,BAIXA VULNERABILIDADE,False,False,CADASTRO RESERVA,0,BAIXA VULNERABILIDADE,FAIXA 3,10000,0.223,False,,False,,False,,False,,False,,False
314250,MG,MONJOLOS,0.387,MEDIA VULNERABILIDADE,False,False,CADASTRO RESERVA,0,MEDIA VULNERABILIDADE,FAIXA 2,15000,0.359,False,,False,,False,,False,,False,,False
314260,MG,MONSENHOR PAULO,0.198,MUITO BAIXA VULNERABILIDADE,False,False,NÃO ELEGIVEL,0,MUITO BAIXA VULNERABILIDADE,FAIXA 3,10000,0.253,False,,False,,False,,False,,False,,False
314270,MG,MONTALVANIA,0.415,ALTA VULNERABILIDADE,False,False,CONFIRMAÇÃO DE VAGAS (ADERIDOS),1,ALTA VULNERABILIDADE,FAIXA 1,20000,0.378,True,FAIXA 1,True,FAIXA 1,False,,False,,True,FAIXA 1,True
314280,MG,MONTE ALEGRE DE MINAS,0.290,BAIXA VULNERABILIDADE,False,False,CADASTRO RESERVA,0,BAIXA VULNERABILIDADE,FAIXA 3,10000,0.335,False,,False,,False,,False,,False,,False
314290,MG,MONTE AZUL,0.375,MEDIA VULNERABILIDADE,False,False,NÃO ELEGIVEL,0,MEDIA VULNERABILIDADE,FAIXA 2,15000,0.310,False,,False,,True,FAIXA 2,True,FAIXA 2,True,FAIXA 2,True
314300,MG,MONTE BELO,0.223,BAIXA VULNERABILIDADE,False,False,CONFIRMAÇÃO DE VAGAS (ADERIDOS),2,BAIXA VULNERABILIDADE,FAIXA 3,10000,0.317,False,,False,,False,,False,,False,,False
314310,MG,MONTE CARMELO,0.220,BAIXA VULNERABILIDADE,False,False,CADASTRO RESERVA,0,BAIXA VULNERABILIDADE,FAIXA 3,10000,0.283,False,,False,,True,FAIXA 3,True,FAIXA 3,True,FAIXA 3,True
314315,MG,MONTE FORMOSO,0.519,MUITO ALTA VULNERABILIDADE,False,False,CADASTRO RESERVA,0,MUITO ALTA VULNERABILIDADE,FAIXA 1,20000,0.362,False,,True,FAIXA 1,False,,False,,False,,True
314320,MG,MONTE SANTO DE MINAS,0.233,BAIXA VULNERABILIDADE,False,False,CADASTRO RESERVA,0,BAIXA VULNERABILIDADE,FAIXA 3,10000,0.252,False,,False,,False,,False,,False,,False
314330,MG,MONTES CLAROS,0.220,BAIXA VULNERABILIDADE,False,False,CADASTRO RESERVA,0,BAIXA VULNERABILIDADE,FAIXA 3,10000,0.267,False,,False,,True,FAIXA 3,True,FAIXA 3,True,FAIXA 3,True
314340,MG,MONTE SIAO,0.241,BAIXA VULNERABILIDADE,False,False,CONFIRMAÇÃO DE VAGAS (ADERIDOS),1,BAIXA VULNERABILIDADE,FAIXA 3,10000,0.236,False,,False,,False,,False,,False,,False
314345,MG,MONTEZUMA,0.355,MEDIA VULNERABILIDADE,False,False,NÃO ELEGIVEL,0,MEDIA VULNERABILIDADE,FAIXA 2,15000,0.337,False,,False,,False,,False,,False,,False
314350,MG,MORADA NOVA DE MINAS,0.269,BAIXA VULNERABILIDADE,False,False,CONFIRMAÇÃO DE VAGAS (ADERIDOS),1,BAIXA VULNERABILIDADE,FAIXA 3,10000,0.290,False,,False,,False,,False,,True,FAIXA 3,True
314360,MG,MORRO DA GARCA,0.322,MEDIA VULNERABILIDADE,False,False,NÃO ELEGIVEL,0,MEDIA VULNERABILIDADE,FAIXA 2,15000,0.314,False,,False,,False,,False,,False,,False
314370,MG,MORRO DO PILAR,0.464,ALTA VULNERABILIDADE,False,False,CADASTRO RESERVA,0,ALTA VULNERABILIDADE,FAIXA 1,20000,0.412,False,,False,,False,,False,,False,,False
314380,MG,MUNHOZ,0.303,MEDIA VULNERABILIDADE,False,False,NÃO ELEGIVEL,0,MEDIA VULNERABILIDADE,FAIXA 2,15000,0.448,False,,False,,False,,False,,False,,False
314390,MG,MURIAE,0.216,BAIXA VULNERABILIDADE,False,False,CONFIRMAÇÃO DE VAGAS (ADERIDOS),1,BAIXA VULNERABILIDADE,FAIXA 3,10000,0.264,False,,False,,False,,False,,False,,False
314400,MG,MUTUM,0.340,MEDIA VULNERABILIDADE,False,False,CADASTRO RESERVA,0,MEDIA VULNERABILIDADE,FAIXA 2,15000,0.316,True,FAIXA 2,False,,False,,False,,False,,True
314410,MG,MUZAMBINHO,0.200,MUITO BAIXA VULNERABILIDADE,False,False,CADASTRO RESERVA,0,MUITO BAIXA VULNERABILIDADE,FAIXA 3,10000,0.159,False,,False,,False,,False,,False,,False
314420,MG,NACIP RAYDAN,0.373,MEDIA VULNERABILIDADE,False,False,NÃO ELEGIVEL,0,MEDIA VULNERABILIDADE,FAIXA 2,15000,0.396,False,,False,,False,,False,,False,,False
314430,MG,NANUQUE,0.320,MEDIA VULNERABILIDADE,False,False,CADASTRO RESERVA,0,MEDIA VULNERABILIDADE,FAIXA 2,15000,0.346,False,,False,,False,,False,,True,FAIXA 2,True
314435,MG,NAQUE,0.339,MEDIA VULNERABILIDADE,False,False,CADASTRO RESERVA,0,MEDIA VULNERABILIDADE,FAIXA 2,15000,0.327,False,,False,,False,,False,,True,FAIXA 2,True
314437,MG,NATALANDIA,0.335,MEDIA VULNERABILIDADE,False,False,CONFIRMAÇÃO DE VAGAS (ADERIDOS),1,MEDIA VULNERABILIDADE,FAIXA 2,15000,0.380,False,,False,,False,,False,,False,,False
314440,MG,NATERCIA,0.288,BAIXA VULNERABILIDADE,False,False,NÃO ELEGIVEL,0,BAIXA VULNERABILIDADE,FAIXA 3,10000,0.264,False,,False,,False,,False,,False,,False
314450,MG,NAZARENO,0.259,BAIXA VULNERABILIDADE,False,False,CADASTRO RESERVA,0,BAIXA VULNERABILIDADE,FAIXA 3,10000,0.264,False,,False,,False,,False,,False,,False
314460,MG,NEPOMUCENO,0.251,BAIXA VULNERABILIDADE,False,False,NÃO ELEGIVEL,0,BAIXA VULNERABILIDADE,FAIXA 3,10000,0.300,False,,False,,False,,False,,False,,False
314465,MG,NINHEIRA,0.457,ALTA VULNERABILIDADE,False,False,CADASTRO RESERVA,0,ALTA VULNERABILIDADE,FAIXA 1,20000,0.337,False,,False,,False,,False,,False,,False
314467,MG,NOVA BELEM,0.332,MEDIA VULNERABILIDADE,False,False,NÃO ELEGIVEL,0,MEDIA VULNERABILIDADE,FAIXA 2,15000,0.397,False,,False,,False,,False,,False,,False
314470,MG,NOVA ERA,0.292,BAIXA VULNERABILIDADE,False,False,NÃO ELEGIVEL,0,BAIXA VULNERABILIDADE,FAIXA 3,10000,0.325,False,,False,,False,,False,,False,,False
314480,MG,NOVA LIMA,0.235,BAIXA VULNERABILIDADE,False,False,NOVA ADESÃO,1,BAIXA VULNERABILIDADE,FAIXA 3,10000,0.270,False,,True,FAIXA 3,False,,False,,False,,True
314490,MG,NOVA MODICA,0.346,MEDIA VULNERABILIDADE,False,False,NÃO ELEGIVEL,0,MEDIA VULNERABILIDADE,FAIXA 2,15000,0.375,False,,True,FAIXA 2,False,,False,,False,,True
314500,MG,NOVA PONTE,0.259,BAIXA VULNERABILIDADE,False,False,CADASTRO RESERVA,0,BAIXA VULNERABILIDADE,FAIXA 3,10000,0.321,False,,False,,False,,False,,False,,False
314505,MG,NOVA PORTEIRINHA,0.368,MEDIA VULNERABILIDADE,False,False,CADASTRO RESERVA,0,MEDIA VULNERABILIDADE,FAIXA 2,15000,0.393,False,,False,,False,,False,,False,,False
314510,MG,NOVA RESENDE,0.238,BAIXA VULNERABILIDADE,False,False,CADASTRO RESERVA,0,BAIXA VULNERABILIDADE,FAIXA 3,10000,0.316,False,,False,,False,,False,,True,FAIXA 3,True
314520,MG,NOVA SERRANA,0.199,MUITO BAIXA VULNERABILIDADE,False,False,CONFIRMAÇÃO DE VAGAS (ADERIDOS),3,MUITO BAIXA VULNERABILIDADE,FAIXA 3,10000,0.198,False,,False,,False,,False,,False,,False
314530,MG,NOVO CRUZEIRO,0.499,ALTA VULNERABILIDADE,False,False,CADASTRO RESERVA,0,ALTA VULNERABILIDADE,FAIXA 1,20000,0.370,False,,False,,False,,False,,True,FAIXA 1,True
314535,MG,NOVO ORIENTE DE MINAS,0.555,MUITO ALTA VULNERABILIDADE,False,False,CADASTRO RESERVA,0,MUITO ALTA VULNERABILIDADE,FAIXA 1,20000,0.462,False,,True,FAIXA 1,False,,False,,False,,True
314537,MG,NOVORIZONTE,0.433,ALTA VULNERABILIDADE,False,False,NÃO ELEGIVEL,0,ALTA VULNERABILIDADE,FAIXA 1,20000,0.498,False,,False,,False,,False,,False,,False
314540,MG,OLARIA,0.292,BAIXA VULNERABILIDADE,False,False,CADASTRO RESERVA,0,BAIXA VULNERABILIDADE,FAIXA 3,10000,0.301,False,,True,FAIXA 3,False,,False,,False,,True
314545,MG,OLHOS-D'AGUA,0.340,MEDIA VULNERABILIDADE,False,False,NÃO ELEGIVEL,0,MEDIA VULNERABILIDADE,FAIXA 2,15000,0.309,False,,False,,False,,False,,False,,False
314550,MG,OLIMPIO NORONHA,0.257,BAIXA VULNERABILIDADE,False,False,NÃO ELEGIVEL,0,BAIXA VULNERABILIDADE,FAIXA 3,10000,0.250,False,,False,,False,,False,,False,,False
314560,MG,OLIVEIRA,0.224,BAIXA VULNERABILIDADE,False,False,NÃO ELEGIVEL,0,BAIXA VULNERABILIDADE,FAIXA 3,10000,0.270,True,FAIXA 3,True,FAIXA 3,True,FAIXA 3,True,FAIXA 3,False,,True
314570,MG,OLIVEIRA FORTES,0.314,MEDIA VULNERABILIDADE,False,False,CADASTRO RESERVA,0,MEDIA VULNERABILIDADE,FAIXA 2,15000,0.354,False,,False,,False,,False,,False,,False
314580,MG,ONCA DE PITANGUI,0.258,BAIXA VULNERABILIDADE,False,False,CADASTRO RESERVA,0,BAIXA VULNERABILIDADE,FAIXA 3,10000,0.286,False,,False,,False,,False,,False,,False
314585,MG,ORATORIOS,0.293,BAIXA VULNERABILIDADE,False,False,NÃO ELEGIVEL,0,BAIXA VULNERABILIDADE,FAIXA 3,10000,0.314,False,,False,,False,,False,,False,,False
314587,MG,ORIZANIA,0.369,MEDIA VULNERABILIDADE,False,False,CADASTRO RESERVA,0,MEDIA VULNERABILIDADE,FAIXA 2,15000,0.406,False,,False,,False,,False,,False,,False
314590,MG,OURO BRANCO,0.251,BAIXA VULNERABILIDADE,False,False,CADASTRO RESERVA,0,BAIXA VULNERABILIDADE,FAIXA 3,10000,0.276,False,,False,,False,,False,,False,,False
314600,MG,OURO FINO,0.217,BAIXA VULNERABILIDADE,False,False,CADASTRO RESERVA,0,BAIXA VULNERABILIDADE,FAIXA 3,10000,0.192,False,,False,,False,,False,,True,FAIXA 3,True
314610,MG,OURO PRETO,0.220,BAIXA VULNERABILIDADE,False,False,CADASTRO RESERVA,0,BAIXA VULNERABILIDADE,FAIXA 3,10000,0.247,False,,False,,False,,False,,False,,False
314620,MG,OURO VERDE DE MINAS,0.427,ALTA VULNERABILIDADE,False,False,CADASTRO RESERVA,0,ALTA VULNERABILIDADE,FAIXA 1,20000,0.425,False,,False,,False,,False,,False,,False
314625,MG,PADRE CARVALHO,0.561,MUITO ALTA VULNERABILIDADE,False,False,CADASTRO RESERVA,0,MUITO ALTA VULNERABILIDADE,FAIXA 1,20000,0.569,False,,False,,False,,False,,False,,False
314630,MG,PADRE PARAISO,0.483,ALTA VULNERABILIDADE,False,False,CADASTRO RESERVA,0,ALTA VULNERABILIDADE,FAIXA 1,20000,0.383,False,,False,,False,,False,,True,FAIXA 1,True
314640,MG,PAINEIRAS,0.256,BAIXA VULNERABILIDADE,False,False,NÃO ELEGIVEL,0,BAIXA VULNERABILIDADE,FAIXA 3,10000,0.319,False,,False,,False,,False,,False,,False
314650,MG,PAINS,0.229,BAIXA VULNERABILIDADE,False,False,CADASTRO RESERVA,0,BAIXA VULNERABILIDADE,FAIXA 3,10000,0.223,False,,False,,False,,False,,False,,False
314655,MG,PAI PEDRO,0.443,ALTA VULNERABILIDADE,False,False,CONFIRMAÇÃO DE VAGAS (ADERIDOS),1,ALTA VULNERABILIDADE,FAIXA 1,20000,0.388,False,,False,,False,,False,,False,,False
314660,MG,PAIVA,0.216,BAIXA VULNERABILIDADE,False,False,NÃO ELEGIVEL,0,BAIXA VULNERABILIDADE,FAIXA 3,10000,0.194,False,,False,,False,,False,,False,,False
314670,MG,PALMA,0.252,BAIXA VULNERABILIDADE,False,False,CADASTRO RESERVA,0,BAIXA VULNERABILIDADE,FAIXA 3,10000,0.320,False,,False,,False,,False,,False,,False
314675,MG,PALMOPOLIS,0.484,ALTA VULNERABILIDADE,False,False,CADASTRO RESERVA,0,ALTA VULNERABILIDADE,FAIXA 1,20000,0.472,False,,False,,False,,False,,False,,False
314690,MG,PAPAGAIOS,0.266,BAIXA VULNERABILIDADE,False,False,CADASTRO RESERVA,0,BAIXA VULNERABILIDADE,FAIXA 3,10000,0.308,False,,False,,False,,False,,False,,False
314700,MG,PARACATU,0.278,BAIXA VULNERABILIDADE,False,False,CONFIRMAÇÃO DE VAGAS (ADERIDOS),1,BAIXA VULNERABILIDADE,FAIXA 3,10000,0.288,True,FAIXA 3,True,FAIXA 3,True,FAIXA 3,True,FAIXA 3,True,FAIXA 3,True
314710,MG,PARA DE MINAS,0.220,BAIXA VULNERABILIDADE,False,False,CONFIRMAÇÃO DE VAGAS (ADERIDOS),1,BAIXA VULNERABILIDADE,FAIXA 3,10000,0.272,True,FAIXA 3,True,FAIXA 3,True,FAIXA 3,True,FAIXA 3,True,FAIXA 3,True
314720,MG,PARAGUACU,0.195,MUITO BAIXA VULNERABILIDADE,False,False,NÃO ELEGIVEL,0,MUITO BAIXA VULNERABILIDADE,FAIXA 3,10000,0.294,False,,False,,False,,False,,False,,False
314730,MG,PARAISOPOLIS,0.228,BAIXA VULNERABILIDADE,False,False,CONFIRMAÇÃO DE VAGAS (ADERIDOS),1,BAIXA VULNERABILIDADE,FAIXA 3,10000,0.310,False,,False,,False,,False,,False,,False
314740,MG,PARAOPEBA,0.272,BAIXA VULNERABILIDADE,False,False,NÃO ELEGIVEL,0,BAIXA VULNERABILIDADE,FAIXA 3,10000,0.271,False,,False,,False,,False,,False,,False
314750,MG,PASSABEM,0.337,MEDIA VULNERABILIDADE,False,False,NÃO ELEGIVEL,0,MEDIA VULNERABILIDADE,FAIXA 2,15000,0.239,False,,False,,False,,False,,False,,False
314760,MG,PASSA QUATRO,0.231,BAIXA VULNERABILIDADE,False,False,NÃO ELEGIVEL,0,BAIXA VULNERABILIDADE,FAIXA 3,10000,0.306,True,FAIXA 3,True,FAIXA 3,False,,False,,False,,True
314770,MG,PASSA TEMPO,0.229,BAIXA VULNERABILIDADE,False,False,NÃO ELEGIVEL,0,BAIXA VULNERABILIDADE,FAIXA 3,10000,0.281,False,,False,,False,,False,,False,,False
314780,MG,PASSA-VINTE,0.262,BAIXA VULNERABILIDADE,False,False,CADASTRO RESERVA,0,BAIXA VULNERABILIDADE,FAIXA 3,10000,0.290,False,,True,FAIXA 3,False,,False,,False,,True
314790,MG,PASSOS,0.213,BAIXA VULNERABILIDADE,False,False,CONFIRMAÇÃO DE VAGAS (ADERIDOS),4,BAIXA VULNERABILIDADE,FAIXA 3,10000,0.285,False,,False,,False,,False,,True,FAIXA 3,True
314795,MG,PATIS,0.423,ALTA VULNERABILIDADE,False,False,CADASTRO RESERVA,0,ALTA VULNERABILIDADE,FAIXA 1,20000,0.260,False,,True,FAIXA 1,False,,False,,False,,True
314800,MG,PATOS DE MINAS,0.194,MUITO BAIXA VULNERABILIDADE,False,False,CADASTRO RESERVA,0,MUITO BAIXA VULNERABILIDADE,FAIXA 3,10000,0.198,True,FAIXA 3,True,FAIXA 3,True,FAIXA 3,True,FAIXA 3,True,FAIXA 3,True
314810,MG,PATROCINIO,0.246,BAIXA VULNERABILIDADE,False,False,NÃO ELEGIVEL,0,BAIXA VULNERABILIDADE,FAIXA 3,10000,0.284,True,FAIXA 3,True,FAIXA 3,False,,False,,False,,True
314820,MG,PATROCINIO DO MURIAE,0.247,BAIXA VULNERABILIDADE,False,False,CADASTRO RESERVA,0,BAIXA VULNERABILIDADE,FAIXA 3,10000,0.278,False,,True,FAIXA 3,False,,False,,False,,True
314830,MG,PAULA CANDIDO,0.310,MEDIA VULNERABILIDADE,False,False,CADASTRO RESERVA,0,MEDIA VULNERABILIDADE,FAIXA 2,15000,0.270,False,,False,,False,,False,,False,,False
314840,MG,PAULISTAS,0.502,MUITO ALTA VULNERABILIDADE,False,False,CADASTRO RESERVA,0,MUITO ALTA VULNERABILIDADE,FAIXA 1,20000,0.283,False,,False,,False,,False,,False,,False
314850,MG,PAVAO,0.415,ALTA VULNERABILIDADE,False,False,CADASTRO RESERVA,0,ALTA VULNERABILIDADE,FAIXA 1,20000,0.390,False,,False,,False,,False,,False,,False
314860,MG,PECANHA,0.473,ALTA VULNERABILIDADE,False,False,CADASTRO RESERVA,0,ALTA VULNERABILIDADE,FAIXA 1,20000,0.371,False,,False,,False,,False,,False,,False
314870,MG,PEDRA AZUL,0.447,ALTA VULNERABILIDADE,False,False,CADASTRO RESERVA,0,ALTA VULNERABILIDADE,FAIXA 1,20000,0.396,True,FAIXA 1,True,FAIXA 1,True,FAIXA 1,True,FAIXA 1,True,FAIXA 1,True
314875,MG,PEDRA BONITA,0.309,MEDIA VULNERABILIDADE,False,False,CADASTRO RESERVA,0,MEDIA VULNERABILIDADE,FAIXA 2,15000,0.363,False,,True,FAIXA 2,False,,False,,False,,True
314880,MG,PEDRA DO ANTA,0.394,MEDIA VULNERABILIDADE,False,False,CONFIRMAÇÃO DE VAGAS (ADERIDOS),1,MEDIA VULNERABILIDADE,FAIXA 2,15000,0.511,False,,False,,False,,False,,False,,False
314890,MG,PEDRA DO INDAIA,0.255,BAIXA VULNERABILIDADE,False,False,CADASTRO RESERVA,0,BAIXA VULNERABILIDADE,FAIXA 3,10000,0.187,False,,False,,False,,False,,False,,False
314900,MG,PEDRA DOURADA,0.262,BAIXA VULNERABILIDADE,False,False,CADASTRO RESERVA,0,BAIXA VULNERABILIDADE,FAIXA 3,10000,0.315,False,,False,,False,,False,,False,,False
314910,MG,PEDRALVA,0.272,BAIXA VULNERABILIDADE,False,False,CADASTRO RESERVA,0,BAIXA VULNERABILIDADE,FAIXA 3,10000,0.403,False,,False,,False,,False,,False,,False
314915,MG,PEDRAS DE MARIA DA CRUZ,0.437,ALTA VULNERABILIDADE,False,False,CADASTRO RESERVA,0,ALTA VULNERABILIDADE,FAIXA 1,20000,0.466,False,,False,,False,,False,,False,,False
314920,MG,PEDRINOPOLIS,0.306,MEDIA VULNERABILIDADE,False,False,NÃO ELEGIVEL,0,MEDIA VULNERABILIDADE,FAIXA 2,15000,0.322,False,,False,,False,,False,,False,,False
314930,MG,PEDRO LEOPOLDO,0.261,BAIXA VULNERABILIDADE,False,False,CADASTRO RESERVA,0,BAIXA VULNERABILIDADE,FAIXA 3,10000,0.204,False,,False,,False,,False,,False,,False
314940,MG,PEDRO TEIXEIRA,0.355,MEDIA VULNERABILIDADE,False,False,NÃO ELEGIVEL,0,MEDIA VULNERABILIDADE,FAIXA 2,15000,0.299,False,,False,,False,,False,,False,,False
314950,MG,PEQUERI,0.162,MUITO BAIXA VULNERABILIDADE,False,False,NÃO ELEGIVEL,0,MUITO BAIXA VULNERABILIDADE,FAIXA 3,10000,0.215,False,,True,FAIXA 3,False,,False,,False,,True
314960,MG,PEQUI,0.216,BAIXA VULNERABILIDADE,False,False,CADASTRO RESERVA,0,BAIXA VULNERABILIDADE,FAIXA 3,10000,0.265,False,,False,,False,,False,,False,,False
314970,MG,PERDIGAO,0.222,BAIXA VULNERABILIDADE,False,False,NÃO ELEGIVEL,0,BAIXA VULNERABILIDADE,FAIXA 3,10000,0.206,False,,False,,False,,False,,False,,False
314980,MG,PERDIZES,0.234,BAIXA VULNERABILIDADE,False,False,NÃO ELEGIVEL,0,BAIXA VULNERABILIDADE,FAIXA 3,10000,0.327,False,,False,,False,,False,,False,,False
314990,MG,PERDOES,0.262,BAIXA VULNERABILIDADE,False,False,NÃO ELEGIVEL,0,BAIXA VULNERABILIDADE,FAIXA 3,10000,0.438,False,,False,,False,,False,,False,,False
314995,MG,PERIQUITO,0.495,ALTA VULNERABILIDADE,False,False,CADASTRO RESERVA,0,ALTA VULNERABILIDADE,FAIXA 1,20000,0.443,False,,False,,False,,False,,False,,False
315000,MG,PESCADOR,0.363,MEDIA VULNERABILIDADE,False,False,NÃO ELEGIVEL,0,MEDIA VULNERABILIDADE,FAIXA 2,15000,0.349,False,,False,,False,,False,,False,,False
315010,MG,PIAU,0.304,MEDIA VULNERABILIDADE,False,False,CADASTRO RESERVA,0,MEDIA VULNERABILIDADE,FAIXA 2,15000,0.369,False,,False,,False,,False,,False,,False
315015,MG,PIEDADE DE CARATINGA,0.328,MEDIA VULNERABILIDADE,False,False,CADASTRO RESERVA,0,MEDIA VULNERABILIDADE,FAIXA 2,15000,0.390,False,,False,,False,,False,,False,,False
315020,MG,PIEDADE DE PONTE NOVA,0.298,BAIXA VULNERABILIDADE,False,False,CADASTRO RESERVA,0,BAIXA VULNERABILIDADE,FAIXA 3,10000,0.397,False,,False,,False,,False,,False,,False
315030,MG,PIEDADE DO RIO GRANDE,0.404,ALTA VULNERABILIDADE,False,False,CADASTRO RESERVA,0,ALTA VULNERABILIDADE,FAIXA 1,20000,0.425,False,,False,,False,,False,,False,,False
315040,MG,PIEDADE DOS GERAIS,0.320,MEDIA VULNERABILIDADE,False,False,CADASTRO RESERVA,0,MEDIA VULNERABILIDADE,FAIXA 2,15000,0.361,False,,False,,False,,False,,False,,False
315050,MG,PIMENTA,0.239,BAIXA VULNERABILIDADE,False,False,NÃO ELEGIVEL,0,BAIXA VULNERABILIDADE,FAIXA 3,10000,0.236,False,,False,,False,,False,,False,,False
315053,MG,PINGO-D'AGUA,0.426,ALTA VULNERABILIDADE,False,False,CADASTRO RESERVA,0,ALTA VULNERABILIDADE,FAIXA 1,20000,0.382,False,,False,,False,,False,,False,,False
315057,MG,PINTOPOLIS,0.399,MEDIA VULNERABILIDADE,False,False,CADASTRO RESERVA,0,MEDIA VULNERABILIDADE,FAIXA 2,15000,0.382,False,,True,FAIXA 2,False,,False,,False,,True
315060,MG,PIRACEMA,0.265,BAIXA VULNERABILIDADE,False,False,CADASTRO RESERVA,0,BAIXA VULNERABILIDADE,FAIXA 3,10000,0.326,False,,False,,False,,False,,False,,False
315070,MG,PIRAJUBA,0.260,BAIXA VULNERABILIDADE,False,False,CADASTRO RESERVA,0,BAIXA VULNERABILIDADE,FAIXA 3,10000,0.256,False,,False,,False,,False,,False,,False
315080,MG,PIRANGA,0.381,MEDIA VULNERABILIDADE,False,False,CADASTRO RESERVA,0,MEDIA VULNERABILIDADE,FAIXA 2,15000,0.383,False,,False,,False,,False,,False,,False
315090,MG,PIRANGUCU,0.272,BAIXA VULNERABILIDADE,False,False,CADASTRO RESERVA,0,BAIXA VULNERABILIDADE,FAIXA 3,10000,0.250,False,,False,,False,,False,,False,,False
315100,MG,PIRANGUINHO,0.192,MUITO BAIXA VULNERABILIDADE,False,False,NÃO ELEGIVEL,0,MUITO BAIXA VULNERABILIDADE,FAIXA 3,10000,0.231,False,,False,,False,,False,,False,,False
315110,MG,PIRAPETINGA,0.203,BAIXA VULNERABILIDADE,False,False,CADASTRO RESERVA,0,BAIXA VULNERABILIDADE,FAIXA 3,10000,0.244,False,,True,FAIXA 3,True,FAIXA 3,True,FAIXA 3,False,,True
315120,MG,PIRAPORA,0.259,BAIXA VULNERABILIDADE,False,False,CADASTRO RESERVA,0,BAIXA VULNERABILIDADE,FAIXA 3,10000,0.301,False,,False,,False,,False,,True,FAIXA 3,True
315130,MG,PIRAUBA,0.221,BAIXA VULNERABILIDADE,False,False,CADASTRO RESERVA,0,BAIXA VULNERABILIDADE,FAIXA 3,10000,0.232,False,,True,FAIXA 3,False,,False,,False,,True
315140,MG,PITANGUI,0.217,BAIXA VULNERABILIDADE,False,False,CONFIRMAÇÃO DE VAGAS (ADERIDOS),1,BAIXA VULNERABILIDADE,FAIXA 3,10000,0.251,False,,False,,False,,False,,False,,False
315150,MG,PIUMHI,0.237,BAIXA VULNERABILIDADE,False,False,CADASTRO RESERVA,0,BAIXA VULNERABILIDADE,FAIXA 3,10000,0.298,False,,False,,True,FAIXA 3,False,,True,FAIXA 3,True
315160,MG,PLANURA,0.275,BAIXA VULNERABILIDADE,False,False,CADASTRO RESERVA,0,BAIXA VULNERABILIDADE,FAIXA 3,10000,0.353,False,,True,FAIXA 3,False,,False,,False,,True
315170,MG,POCO FUNDO,0.223,BAIXA VULNERABILIDADE,False,False,NÃO ELEGIVEL,0,BAIXA VULNERABILIDADE,FAIXA 3,10000,0.274,False,,True,FAIXA 3,True,FAIXA 3,True,FAIXA 3,True,FAIXA 3,True
315180,MG,POCOS DE CALDAS,0.194,MUITO BAIXA VULNERABILIDADE,False,False,CONFIRMAÇÃO DE VAGAS (ADERIDOS),1,MUITO BAIXA VULNERABILIDADE,FAIXA 3,10000,0.280,False,,True,FAIXA 3,False,,False,,False,,True
315190,MG,POCRANE,0.342,MEDIA VULNERABILIDADE,False,False,CADASTRO RESERVA,0,MEDIA VULNERABILIDADE,FAIXA 2,15000,0.332,False,,False,,False,,False,,False,,False
315200,MG,POMPEU,0.310,MEDIA VULNERABILIDADE,False,False,CADASTRO RESERVA,0,MEDIA VULNERABILIDADE,FAIXA 2,15000,0.331,False,,False,,False,,False,,False,,False
315210,MG,PONTE NOVA,0.247,BAIXA VULNERABILIDADE,False,False,CADASTRO RESERVA,0,BAIXA VULNERABILIDADE,FAIXA 3,10000,0.292,False,,False,,False,,False,,False,,False
315213,MG,PONTO CHIQUE,0.491,ALTA VULNERABILIDADE,False,False,NÃO ELEGIVEL,0,ALTA VULNERABILIDADE,FAIXA 1,20000,0.475,False,,False,,False,,False,,False,,False
315217,MG,PONTO DOS VOLANTES,0.472,ALTA VULNERABILIDADE,False,False,CONFIRMAÇÃO DE VAGAS (ADERIDOS),1,ALTA VULNERABILIDADE,FAIXA 1,20000,0.398,False,,False,,False,,False,,False,,False
315220,MG,PORTEIRINHA,0.386,MEDIA VULNERABILIDADE,False,False,CADASTRO RESERVA,0,MEDIA VULNERABILIDADE,FAIXA 2,15000,0.342,True,FAIXA 2,True,FAIXA 2,False,,False,,False,,True
315230,MG,PORTO FIRME,0.323,MEDIA VULNERABILIDADE,False,False,NÃO ELEGIVEL,0,MEDIA VULNERABILIDADE,FAIXA 2,15000,0.447,False,,False,,False,,False,,True,FAIXA 2,True
315240,MG,POTE,0.457,ALTA VULNERABILIDADE,False,False,CADASTRO RESERVA,0,ALTA VULNERABILIDADE,FAIXA 1,20000,0.455,True,FAIXA 1,False,,False,,False,,False,,True
315250,MG,POUSO ALEGRE,0.159,MUITO BAIXA VULNERABILIDADE,False,False,CADASTRO RESERVA,0,MUITO BAIXA VULNERABILIDADE,FAIXA 3,10000,0.247,False,,False,,False,,False,,False,,False
315260,MG,POUSO ALTO,0.247,BAIXA VULNERABILIDADE,False,False,NÃO ELEGIVEL,0,BAIXA VULNERABILIDADE,FAIXA 3,10000,0.266,False,,False,,False,,False,,False,,False
315270,MG,PRADOS,0.277,BAIXA VULNERABILIDADE,False,False,CONFIRMAÇÃO DE VAGAS (ADERIDOS),2,BAIXA VULNERABILIDADE,FAIXA 3,10000,0.283,False,,False,,False,,False,,False,,False
315280,MG,PRATA,0.322,MEDIA VULNERABILIDADE,False,False,NOVA ADESÃO,1,MEDIA VULNERABILIDADE,FAIXA 2,15000,0.264,False,,False,,False,,False,,False,,False
315290,MG,PRATAPOLIS,0.248,BAIXA VULNERABILIDADE,False,False,NÃO ELEGIVEL,0,BAIXA VULNERABILIDADE,FAIXA 3,10000,0.282,False,,False,,False,,False,,False,,False
315300,MG,PRATINHA,0.261,BAIXA VULNERABILIDADE,False,False,CADASTRO RESERVA,0,BAIXA VULNERABILIDADE,FAIXA 3,10000,0.206,False,,True,FAIXA 3,False,,False,,False,,True
315310,MG,PRESIDENTE BERNARDES,0.290,BAIXA VULNERABILIDADE,False,False,NÃO ELEGIVEL,0,BAIXA VULNERABILIDADE,FAIXA 3,10000,0.249,False,,False,,False,,False,,False,,False
315320,MG,PRESIDENTE JUSCELINO,0.338,MEDIA VULNERABILIDADE,False,False,NÃO ELEGIVEL,0,MEDIA VULNERABILIDADE,FAIXA 2,15000,0.215,False,,False,,False,,False,,False,,False
315330,MG,PRESIDENTE KUBITSCHEK,0.360,MEDIA VULNERABILIDADE,False,False,CADASTRO RESERVA,0,MEDIA VULNERABILIDADE,FAIXA 2,15000,0.356,False,,False,,False,,False,,False,,False
315340,MG,PRESIDENTE OLEGARIO,0.308,MEDIA VULNERABILIDADE,False,False,CADASTRO RESERVA,0,MEDIA VULNERABILIDADE,FAIXA 2,15000,0.369,False,,True,FAIXA 2,False,,False,,False,,True
315350,MG,ALTO JEQUITIBA,0.275,BAIXA VULNERABILIDADE,False,False,NÃO ELEGIVEL,0,BAIXA VULNERABILIDADE,FAIXA 3,10000,0.388,False,,False,,False,,False,,False,,False
315360,MG,PRUDENTE DE MORAIS,0.285,BAIXA VULNERABILIDADE,False,False,CADASTRO RESERVA,0,BAIXA VULNERABILIDADE,FAIXA 3,10000,0.291,False,,False,,False,,False,,False,,False
315370,MG,QUARTEL GERAL,0.273,BAIXA VULNERABILIDADE,False,False,CADASTRO RESERVA,0,BAIXA VULNERABILIDADE,FAIXA 3,10000,0.412,False,,False,,False,,False,,False,,False
315380,MG,QUELUZITO,0.241,BAIXA VULNERABILIDADE,False,False,NÃO ELEGIVEL,0,BAIXA VULNERABILIDADE,FAIXA 3,10000,0.263,False,,False,,False,,False,,False,,False
315390,MG,RAPOSOS,0.329,MEDIA VULNERABILIDADE,False,False,CADASTRO RESERVA,0,MEDIA VULNERABILIDADE,FAIXA 2,15000,0.343,False,,False,,False,,False,,False,,False
315400,MG,RAUL SOARES,0.282,BAIXA VULNERABILIDADE,False,False,CADASTRO RESERVA,0,BAIXA VULNERABILIDADE,FAIXA 3,10000,0.282,True,FAIXA 3,True,FAIXA 3,True,FAIXA 3,True,FAIXA 3,False,,True
315410,MG,RECREIO,0.262,BAIXA VULNERABILIDADE,False,False,CADASTRO RESERVA,0,BAIXA VULNERABILIDADE,FAIXA 3,10000,0.350,False,,False,,False,,False,,False,,False
315415,MG,REDUTO,0.333,MEDIA VULNERABILIDADE,False,False,CADASTRO RESERVA,0,MEDIA VULNERABILIDADE,FAIXA 2,15000,0.462,False,,False,,False,,False,,False,,False
315420,MG,RESENDE COSTA,0.274,BAIXA VULNERABILIDADE,False,False,CADASTRO RESERVA,0,BAIXA VULNERABILIDADE,FAIXA 3,10000,0.325,False,,True,FAIXA 3,True,FAIXA 3,True,FAIXA 3,True,FAIXA 3,True
315430,MG,RESPLENDOR,0.323,MEDIA VULNERABILIDADE,False,False,CADASTRO RESERVA,0,MEDIA VULNERABILIDADE,FAIXA 2,15000,0.350,False,,False,,False,,False,,False,,False
315440,MG,RESSAQUINHA,0.293,BAIXA VULNERABILIDADE,False,False,CADASTRO RESERVA,0,BAIXA VULNERABILIDADE,FAIXA 3,10000,0.370,False,,False,,False,,False,,False,,False
315445,MG,RIACHINHO,0.374,MEDIA VULNERABILIDADE,False,False,CADASTRO RESERVA,0,MEDIA VULNERABILIDADE,FAIXA 2,15000,0.335,False,,False,,False,,False,,False,,False
315450,MG,RIACHO DOS MACHADOS,0.465,ALTA VULNERABILIDADE,False,False,CADASTRO RESERVA,0,ALTA VULNERABILIDADE,FAIXA 1,20000,0.426,False,,False,,False,,False,,True,FAIXA 1,True
315460,MG,RIBEIRAO DAS NEVES,0.358,MEDIA VULNERABILIDADE,False,False,CONFIRMAÇÃO DE VAGAS (ADERIDOS),3,MEDIA VULNERABILIDADE,FAIXA 2,15000,0.380,False,,False,,True,FAIXA 2,True,FAIXA 2,False,,True
315470,MG,RIBEIRAO VERMELHO,0.208,BAIXA VULNERABILIDADE,False,False,CONFIRMAÇÃO DE VAGAS (ADERIDOS),1,BAIXA VULNERABILIDADE,FAIXA 3,10000,0.304,False,,False,,False,,False,,False,,False
315480,MG,RIO ACIMA,0.341,MEDIA VULNERABILIDADE,False,False,CADASTRO RESERVA,0,MEDIA VULNERABILIDADE,FAIXA 2,15000,0.378,False,,False,,False,,False,,False,,False
315490,MG,RIO CASCA,0.364,MEDIA VULNERABILIDADE,False,False,CADASTRO RESERVA,0,MEDIA VULNERABILIDADE,FAIXA 2,15000,0.351,False,,False,,False,,False,,False,,False
315500,MG,RIO DOCE,0.317,MEDIA VULNERABILIDADE,False,False,NÃO ELEGIVEL,0,MEDIA VULNERABILIDADE,FAIXA 2,15000,0.311,False,,False,,False,,False,,False,,False
315510,MG,RIO DO PRADO,0.474,ALTA VULNERABILIDADE,False,False,CADASTRO RESERVA,0,ALTA VULNERABILIDADE,FAIXA 1,20000,0.379,False,,False,,False,,False,,False,,False
315520,MG,RIO ESPERA,0.431,ALTA VULNERABILIDADE,False,False,CADASTRO RESERVA,0,ALTA VULNERABILIDADE,FAIXA 1,20000,0.539,False,,False,,False,,False,,False,,False
315530,MG,RIO MANSO,0.241,BAIXA VULNERABILIDADE,False,False,CADASTRO RESERVA,0,BAIXA VULNERABILIDADE,FAIXA 3,10000,0.308,False,,False,,False,,False,,False,,False
315540,MG,RIO NOVO,0.257,BAIXA VULNERABILIDADE,False,False,CADASTRO RESERVA,0,BAIXA VULNERABILIDADE,FAIXA 3,10000,0.362,False,,False,,False,,False,,True,FAIXA 3,True
315550,MG,RIO PARANAIBA,0.233,BAIXA VULNERABILIDADE,False,False,CADASTRO RESERVA,0,BAIXA VULNERABILIDADE,FAIXA 3,10000,0.315,False,,False,,False,,False,,False,,False
315560,MG,RIO PARDO DE MINAS,0.391,MEDIA VULNERABILIDADE,False,False,CADASTRO RESERVA,0,MEDIA VULNERABILIDADE,FAIXA 2,15000,0.300,False,,False,,False,,False,,False,,False
315570,MG,RIO PIRACICABA,0.262,BAIXA VULNERABILIDADE,False,False,CADASTRO RESERVA,0,BAIXA VULNERABILIDADE,FAIXA 3,10000,0.285,False,,False,,False,,False,,False,,False
315580,MG,RIO POMBA,0.237,BAIXA VULNERABILIDADE,False,False,CADASTRO RESERVA,0,BAIXA VULNERABILIDADE,FAIXA 3,10000,0.278,False,,True,FAIXA 3,False,,False,,False,,True
315590,MG,RIO PRETO,0.249,BAIXA VULNERABILIDADE,False,False,CADASTRO RESERVA,0,BAIXA VULNERABILIDADE,FAIXA 3,10000,0.263,False,,True,FAIXA 3,False,,False,,False,,True
315600,MG,RIO VERMELHO,0.528,MUITO ALTA VULNERABILIDADE,False,False,CADASTRO RESERVA,0,MUITO ALTA VULNERABILIDADE,FAIXA 1,20000,0.409,False,,False,,False,,False,,False,,False
315610,MG,RITAPOLIS,0.298,BAIXA VULNERABILIDADE,False,False,CADASTRO RESERVA,0,BAIXA VULNERABILIDADE,FAIXA 3,10000,0.283,False,,False,,False,,False,,False,,False
315620,MG,ROCHEDO DE MINAS,0.280,BAIXA VULNERABILIDADE,False,False,NÃO ELEGIVEL,0,BAIXA VULNERABILIDADE,FAIXA 3,10000,0.382,False,,True,FAIXA 3,False,,False,,False,,True
315630,MG,RODEIRO,0.191,MUITO BAIXA VULNERABILIDADE,False,False,NÃO ELEGIVEL,0,MUITO BAIXA VULNERABILIDADE,FAIXA 3,10000,0.251,False,,False,,False,,False,,False,,False
315640,MG,ROMARIA,0.188,MUITO BAIXA VULNERABILIDADE,False,False,CADASTRO RESERVA,0,MUITO BAIXA VULNERABILIDADE,FAIXA 3,10000,0.297,False,,False,,False,,False,,False,,False
315645,MG,ROSARIO DA LIMEIRA,0.240,BAIXA VULNERABILIDADE,False,False,NÃO ELEGIVEL,0,BAIXA VULNERABILIDADE,FAIXA 3,10000,0.287,False,,False,,False,,False,,False,,False
315650,MG,RUBELITA,0.462,ALTA VULNERABILIDADE,False,False,CADASTRO RESERVA,0,ALTA VULNERABILIDADE,FAIXA 1,20000,0.288,False,,False,,False,,False,,False,,False
315660,MG,RUBIM,0.418,ALTA VULNERABILIDADE,False,False,CADASTRO RESERVA,0,ALTA VULNERABILIDADE,FAIXA 1,20000,0.419,False,,False,,False,,False,,False,,False
315670,MG,SABARA,0.329,MEDIA VULNERABILIDADE,False,False,CADASTRO RESERVA,0,MEDIA VULNERABILIDADE,FAIXA 2,15000,0.351,False,,False,,True,FAIXA 2,True,FAIXA 2,True,FAIXA 2,True
315680,MG,SABINOPOLIS,0.448,ALTA VULNERABILIDADE,False,False,CONFIRMAÇÃO DE VAGAS (ADERIDOS),1,ALTA VULNERABILIDADE,FAIXA 1,20000,0.349,False,,False,,False,,False,,False,,False
315690,MG,SACRAMENTO,0.201,BAIXA VULNERABILIDADE,False,False,CADASTRO RESERVA,0,BAIXA VULNERABILIDADE,FAIXA 3,10000,0.192,False,,False,,True,FAIXA 3,True,FAIXA 3,True,FAIXA 3,True
315700,MG,SALINAS,0.324,MEDIA VULNERABILIDADE,False,False,CADASTRO RESERVA,0,MEDIA VULNERABILIDADE,FAIXA 2,15000,0.275,False,,False,,False,,False,,True,FAIXA 2,True
315710,MG,SALTO DA DIVISA,0.456,ALTA VULNERABILIDADE,False,False,CADASTRO RESERVA,0,ALTA VULNERABILIDADE,FAIXA 1,20000,0.450,False,,False,,False,,False,,False,,False
315720,MG,SANTA BARBARA,0.367,MEDIA VULNERABILIDADE,False,False,CONFIRMAÇÃO DE VAGAS (ADERIDOS),1,MEDIA VULNERABILIDADE,FAIXA 2,15000,0.359,False,,False,,False,,False,,False,,False
315725,MG,SANTA BARBARA DO LESTE,0.336,MEDIA VULNERABILIDADE,False,False,CADASTRO RESERVA,0,MEDIA VULNERABILIDADE,FAIXA 2,15000,0.403,False,,False,,False,,False,,False,,False
315727,MG,SANTA BARBARA DO MONTE VERDE,0.370,MEDIA VULNERABILIDADE,False,False,CADASTRO RESERVA,0,MEDIA VULNERABILIDADE,FAIXA 2,15000,0.413,False,,True,FAIXA 2,False,,False,,False,,True
315730,MG,SANTA BARBARA DO TUGURIO,0.302,MEDIA VULNERABILIDADE,False,False,CADASTRO RESERVA,0,MEDIA VULNERABILIDADE,FAIXA 2,15000,0.270,False,,False,,False,,False,,False,,False
315733,MG,SANTA CRUZ DE MINAS,0.204,BAIXA VULNERABILIDADE,False,False,CADASTRO RESERVA,0,BAIXA VULNERABILIDADE,FAIXA 3,10000,0.276,False,,False,,False,,False,,False,,False
315737,MG,SANTA CRUZ DE SALINAS,0.480,ALTA VULNERABILIDADE,False,False,CADASTRO RESERVA,0,ALTA VULNERABILIDADE,FAIXA 1,20000,0.500,False,,False,,False,,False,,False,,False
315740,MG,SANTA CRUZ DO ESCALVADO,0.371,MEDIA VULNERABILIDADE,False,False,CADASTRO RESERVA,0,MEDIA VULNERABILIDADE,FAIXA 2,15000,0.434,False,,False,,False,,False,,False,,False
315750,MG,SANTA EFIGENIA DE MINAS,0.456,ALTA VULNERABILIDADE,False,False,CADASTRO RESERVA,0,ALTA VULNERABILIDADE,FAIXA 1,20000,0.392,False,,False,,False,,False,,False,,False
315760,MG,SANTA FE DE MINAS,0.589,MUITO ALTA VULNERABILIDADE,False,False,CADASTRO RESERVA,0,MUITO ALTA VULNERABILIDADE,FAIXA 1,20000,0.562,False,,False,,False,,False,,False,,False
315765,MG,SANTA HELENA DE MINAS,0.516,MUITO ALTA VULNERABILIDADE,False,False,CONFIRMAÇÃO DE VAGAS (ADERIDOS),1,MUITO ALTA VULNERABILIDADE,FAIXA 1,20000,0.422,True,FAIXA 1,True,FAIXA 1,False,,False,,False,,True
315770,MG,SANTA JULIANA,0.228,BAIXA VULNERABILIDADE,False,False,NÃO ELEGIVEL,0,BAIXA VULNERABILIDADE,FAIXA 3,10000,0.342,False,,False,,False,,False,,False,,False
315780,MG,SANTA LUZIA,0.333,MEDIA VULNERABILIDADE,False,False,CONFIRMAÇÃO DE VAGAS (ADERIDOS),4,MEDIA VULNERABILIDADE,FAIXA 2,15000,0.358,False,,False,,True,FAIXA 2,True,FAIXA 2,False,,True
315790,MG,SANTA MARGARIDA,0.341,MEDIA VULNERABILIDADE,False,False,CADASTRO RESERVA,0,MEDIA VULNERABILIDADE,FAIXA 2,15000,0.365,True,FAIXA 2,True,FAIXA 2,False,,False,,False,,True
315800,MG,SANTA MARIA DE ITABIRA,0.364,MEDIA VULNERABILIDADE,False,False,CADASTRO RESERVA,0,MEDIA VULNERABILIDADE,FAIXA 2,15000,0.315,False,,False,,False,,False,,False,,False
315810,MG,SANTA MARIA DO SALTO,0.422,ALTA VULNERABILIDADE,False,False,CADASTRO RESERVA,0,ALTA VULNERABILIDADE,FAIXA 1,20000,0.389,False,,False,,False,,False,,False,,False
315820,MG,SANTA MARIA DO SUACUI,0.460,ALTA VULNERABILIDADE,False,False,CADASTRO RESERVA,0,ALTA VULNERABILIDADE,FAIXA 1,20000,0.408,False,,False,,False,,False,,False,,False
315830,MG,SANTANA DA VARGEM,0.213,BAIXA VULNERABILIDADE,False,False,CADASTRO RESERVA,0,BAIXA VULNERABILIDADE,FAIXA 3,10000,0.208,False,,False,,False,,False,,False,,False
315840,MG,SANTANA DE CATAGUASES,0.317,MEDIA VULNERABILIDADE,False,False,NÃO ELEGIVEL,0,MEDIA VULNERABILIDADE,FAIXA 2,15000,0.310,False,,False,,False,,False,,False,,False
315850,MG,SANTANA DE PIRAPAMA,0.332,MEDIA VULNERABILIDADE,False,False,NÃO ELEGIVEL,0,MEDIA VULNERABILIDADE,FAIXA 2,15000,0.240,False,,False,,False,,False,,False,,False
315860,MG,SANTANA DO DESERTO,0.262,BAIXA VULNERABILIDADE,False,False,CADASTRO RESERVA,0,BAIXA VULNERABILIDADE,FAIXA 3,10000,0.318,False,,False,,False,,False,,False,,False
315870,MG,SANTANA DO GARAMBEU,0.414,ALTA VULNERABILIDADE,False,False,CADASTRO RESERVA,0,ALTA VULNERABILIDADE,FAIXA 1,20000,0.381,False,,False,,False,,False,,False,,False
315880,MG,SANTANA DO JACARE,0.314,MEDIA VULNERABILIDADE,False,False,NÃO ELEGIVEL,0,MEDIA VULNERABILIDADE,FAIXA 2,15000,0.379,False,,False,,False,,False,,False,,False
315890,MG,SANTANA DO MANHUACU,0.337,MEDIA VULNERABILIDADE,False,False,CADASTRO RESERVA,0,MEDIA VULNERABILIDADE,FAIXA 2,15000,0.322,False,,False,,False,,False,,False,,False
315895,MG,SANTANA DO PARAISO,0.329,MEDIA VULNERABILIDADE,False,False,CADASTRO RESERVA,0,MEDIA VULNERABILIDADE,FAIXA 2,15000,0.381,False,,False,,False,,False,,False,,False
315900,MG,SANTANA DO RIACHO,0.290,BAIXA VULNERABILIDADE,False,False,CADASTRO RESERVA,0,BAIXA VULNERABILIDADE,FAIXA 3,10000,0.298,False,,False,,False,,False,,False,,False
315910,MG,SANTANA DOS MONTES,0.378,MEDIA VULNERABILIDADE,False,False,CADASTRO RESERVA,0,MEDIA VULNERABILIDADE,FAIXA 2,15000,0.343,False,,False,,False,,False,,False,,False
315920,MG,SANTA RITA DE CALDAS,0.251,BAIXA VULNERABILIDADE,False,False,CADASTRO RESERVA,0,BAIXA VULNERABILIDADE,FAIXA 3,10000,0.228,False,,False,,False,,False,,False,,False
315930,MG,SANTA RITA DE JACUTINGA,0.318,MEDIA VULNERABILIDADE,False,False,CONFIRMAÇÃO DE VAGAS (ADERIDOS),1,MEDIA VULNERABILIDADE,FAIXA 2,15000,0.303,False,,False,,False,,False,,False,,False
315935,MG,SANTA RITA DE MINAS,0.312,MEDIA VULNERABILIDADE,False,False,CADASTRO RESERVA,0,MEDIA VULNERABILIDADE,FAIXA 2,15000,0.382,False,,False,,False,,False,,False,,False
315940,MG,SANTA RITA DE IBITIPOCA,0.373,MEDIA VULNERABILIDADE,False,False,NÃO ELEGIVEL,0,MEDIA VULNERABILIDADE,FAIXA 2,15000,0.316,False,,False,,False,,False,,False,,False
315950,MG,SANTA RITA DO ITUETO,0.308,MEDIA VULNERABILIDADE,False,False,CADASTRO RESERVA,0,MEDIA VULNERABILIDADE,FAIXA 2,15000,0.336,False,,False,,False,,False,,False,,False
315960,MG,SANTA RITA DO SAPUCAI,0.182,MUITO BAIXA VULNERABILIDADE,False,False,CADASTRO RESERVA,0,MUITO BAIXA VULNERABILIDADE,FAIXA 3,10000,0.270,False,,False,,False,,False,,False,,False
315970,MG,SANTA ROSA DA SERRA,0.337,MEDIA VULNERABILIDADE,False,False,CADASTRO RESERVA,0,MEDIA VULNERABILIDADE,FAIXA 2,15000,0.375,False,,True,FAIXA 2,False,,False,,False,,True
315980,MG,SANTA VITORIA,0.296,BAIXA VULNERABILIDADE,False,False,CADASTRO RESERVA,0,BAIXA VULNERABILIDADE,FAIXA 3,10000,0.281,False,,False,,False,,False,,False,,False
315990,MG,SANTO ANTONIO DO AMPARO,0.254,BAIXA VULNERABILIDADE,False,False,CADASTRO RESERVA,0,BAIXA VULNERABILIDADE,FAIXA 3,10000,0.326,False,,True,FAIXA 3,True,FAIXA 3,True,FAIXA 3,False,,True
316000,MG,SANTO ANTONIO DO AVENTUREIRO,0.252,BAIXA VULNERABILIDADE,False,False,CADASTRO RESERVA,0,BAIXA VULNERABILIDADE,FAIXA 3,10000,0.262,False,,False,,False,,False,,False,,False
316010,MG,SANTO ANTONIO DO GRAMA,0.303,MEDIA VULNERABILIDADE,False,False,NÃO ELEGIVEL,0,MEDIA VULNERABILIDADE,FAIXA 2,15000,0.387,False,,False,,False,,False,,False,,False
316020,MG,SANTO ANTONIO DO ITAMBE,0.487,ALTA VULNERABILIDADE,False,False,NÃO ELEGIVEL,0,ALTA VULNERABILIDADE,FAIXA 1,20000,0.250,False,,False,,False,,False,,False,,False
316030,MG,SANTO ANTONIO DO JACINTO,0.496,ALTA VULNERABILIDADE,False,False,CADASTRO RESERVA,0,ALTA VULNERABILIDADE,FAIXA 1,20000,0.411,False,,False,,False,,False,,False,,False
316040,MG,SANTO ANTONIO DO MONTE,0.178,MUITO BAIXA VULNERABILIDADE,False,False,NÃO ELEGIVEL,0,MUITO BAIXA VULNERABILIDADE,FAIXA 3,10000,0.183,False,,False,,True,FAIXA 3,True,FAIXA 3,False,,True
316045,MG,SANTO ANTONIO DO RETIRO,0.485,ALTA VULNERABILIDADE,False,False,NÃO ELEGIVEL,0,ALTA VULNERABILIDADE,FAIXA 1,20000,0.332,False,,False,,False,,False,,False,,False
316050,MG,SANTO ANTONIO DO RIO ABAIXO,0.309,MEDIA VULNERABILIDADE,False,False,CONFIRMAÇÃO DE VAGAS (ADERIDOS),1,MEDIA VULNERABILIDADE,FAIXA 2,15000,0.314,False,,False,,False,,False,,False,,False
316060,MG,SANTO HIPOLITO,0.375,MEDIA VULNERABILIDADE,False,False,CONFIRMAÇÃO DE VAGAS (ADERIDOS),1,MEDIA VULNERABILIDADE,FAIXA 2,15000,0.441,False,,False,,False,,False,,False,,False
316070,MG,SANTOS DUMONT,0.290,BAIXA VULNERABILIDADE,False,False,CADASTRO RESERVA,0,BAIXA VULNERABILIDADE,FAIXA 3,10000,0.319,True,FAIXA 3,True,FAIXA 3,True,FAIXA 3,True,FAIXA 3,True,FAIXA 3,True
316080,MG,SAO BENTO ABADE,0.293,BAIXA VULNERABILIDADE,False,False,NÃO ELEGIVEL,0,BAIXA VULNERABILIDADE,FAIXA 3,10000,0.262,False,,False,,False,,False,,False,,False
316090,MG,SAO BRAS DO SUACUI,0.356,MEDIA VULNERABILIDADE,False,False,CADASTRO RESERVA,0,MEDIA VULNERABILIDADE,FAIXA 2,15000,0.366,False,,False,,False,,False,,False,,False
316095,MG,SAO DOMINGOS DAS DORES,0.272,BAIXA VULNERABILIDADE,False,False,CADASTRO RESERVA,0,BAIXA VULNERABILIDADE,FAIXA 3,10000,0.295,False,,True,FAIXA 3,False,,False,,False,,True
316100,MG,SAO DOMINGOS DO PRATA,0.273,BAIXA VULNERABILIDADE,False,False,CADASTRO RESERVA,0,BAIXA VULNERABILIDADE,FAIXA 3,10000,0.253,False,,False,,False,,False,,False,,False
316105,MG,SAO FELIX DE MINAS,0.363,MEDIA VULNERABILIDADE,False,False,CADASTRO RESERVA,0,MEDIA VULNERABILIDADE,FAIXA 2,15000,0.352,False,,False,,False,,False,,False,,False
316110,MG,SAO FRANCISCO,0.389,MEDIA VULNERABILIDADE,False,False,CADASTRO RESERVA,0,MEDIA VULNERABILIDADE,FAIXA 2,15000,0.374,True,FAIXA 2,True,FAIXA 2,True,FAIXA 2,True,FAIXA 2,True,FAIXA 2,True
316120,MG,SAO FRANCISCO DE PAULA,0.219,BAIXA VULNERABILIDADE,False,False,NÃO ELEGIVEL,0,BAIXA VULNERABILIDADE,FAIXA 3,10000,0.246,False,,False,,False,,False,,False,,False
316130,MG,SAO FRANCISCO DE SALES,0.343,MEDIA VULNERABILIDADE,False,False,NÃO ELEGIVEL,0,MEDIA VULNERABILIDADE,FAIXA 2,15000,0.370,False,,False,,False,,False,,False,,False
316140,MG,SAO FRANCISCO DO GLORIA,0.341,MEDIA VULNERABILIDADE,False,False,CADASTRO RESERVA,0,MEDIA VULNERABILIDADE,FAIXA 2,15000,0.318,False,,False,,False,,False,,False,,False
316150,MG,SAO GERALDO,0.226,BAIXA VULNERABILIDADE,False,False,CADASTRO RESERVA,0,BAIXA VULNERABILIDADE,FAIXA 3,10000,0.297,False,,False,,False,,False,,False,,False
316160,MG,SAO GERALDO DA PIEDADE,0.520,MUITO ALTA VULNERABILIDADE,False,False,CADASTRO RESERVA,0,MUITO ALTA VULNERABILIDADE,FAIXA 1,20000,0.294,False,,False,,False,,False,,False,,False
316165,MG,SAO GERALDO DO BAIXIO,0.336,MEDIA VULNERABILIDADE,False,False,CADASTRO RESERVA,0,MEDIA VULNERABILIDADE,FAIXA 2,15000,0.334,False,,False,,False,,False,,False,,False
316170,MG,SAO GONCALO DO ABAETE,0.266,BAIXA VULNERABILIDADE,False,False,CADASTRO RESERVA,0,BAIXA VULNERABILIDADE,FAIXA 3,10000,0.265,False,,False,,False,,False,,False,,False
316180,MG,SAO GONCALO DO PARA,0.217,BAIXA VULNERABILIDADE,False,False,NÃO ELEGIVEL,0,BAIXA VULNERABILIDADE,FAIXA 3,10000,0.259,False,,False,,False,,False,,False,,False
316190,MG,SAO GONCALO DO RIO ABAIXO,0.283,BAIXA VULNERABILIDADE,False,False,NÃO ELEGIVEL,0,BAIXA VULNERABILIDADE,FAIXA 3,10000,0.273,False,,False,,False,,False,,False,,False
316200,MG,SAO GONCALO DO SAPUCAI,0.248,BAIXA VULNERABILIDADE,False,False,CADASTRO RESERVA,0,BAIXA VULNERABILIDADE,FAIXA 3,10000,0.320,False,,False,,False,,False,,False,,False
316210,MG,SAO GOTARDO,0.241,BAIXA VULNERABILIDADE,False,False,CONFIRMAÇÃO DE VAGAS (ADERIDOS),1,BAIXA VULNERABILIDADE,FAIXA 3,10000,0.321,True,FAIXA 3,True,FAIXA 3,False,,False,,False,,True
316220,MG,SAO JOAO BATISTA DO GLORIA,0.234,BAIXA VULNERABILIDADE,False,False,NÃO ELEGIVEL,0,BAIXA VULNERABILIDADE,FAIXA 3,10000,0.248,False,,False,,False,,False,,False,,False
316225,MG,SAO JOAO DA LAGOA,0.410,ALTA VULNERABILIDADE,False,False,NÃO ELEGIVEL,0,ALTA VULNERABILIDADE,FAIXA 1,20000,0.418,False,,False,,False,,False,,False,,False
316230,MG,SAO JOAO DA MATA,0.219,BAIXA VULNERABILIDADE,False,False,NÃO ELEGIVEL,0,BAIXA VULNERABILIDADE,FAIXA 3,10000,0.196,False,,False,,False,,False,,False,,False
316240,MG,SAO JOAO DA PONTE,0.525,MUITO ALTA VULNERABILIDADE,False,False,NÃO ELEGIVEL,0,MUITO ALTA VULNERABILIDADE,FAIXA 1,20000,0.460,False,,False,,False,,False,,False,,False
316245,MG,SAO JOAO DAS MISSOES,0.579,MUITO ALTA VULNERABILIDADE,False,False,CADASTRO RESERVA,0,MUITO ALTA VULNERABILIDADE,FAIXA 1,20000,0.422,False,,False,,False,,False,,False,,False
316250,MG,SAO JOAO DEL REI,0.201,BAIXA VULNERABILIDADE,False,False,CONFIRMAÇÃO DE VAGAS (ADERIDOS),1,BAIXA VULNERABILIDADE,FAIXA 3,10000,0.225,False,,False,,False,,False,,False,,False
316255,MG,SAO JOAO DO MANHUACU,0.312,MEDIA VULNERABILIDADE,False,False,CADASTRO RESERVA,0,MEDIA VULNERABILIDADE,FAIXA 2,15000,0.262,False,,False,,False,,False,,False,,False
316257,MG,SAO JOAO DO MANTENINHA,0.334,MEDIA VULNERABILIDADE,False,False,CADASTRO RESERVA,0,MEDIA VULNERABILIDADE,FAIXA 2,15000,0.350,False,,False,,False,,False,,False,,False
316260,MG,SAO JOAO DO ORIENTE,0.357,MEDIA VULNERABILIDADE,False,False,CADASTRO RESERVA,0,MEDIA VULNERABILIDADE,FAIXA 2,15000,0.411,False,,False,,False,,False,,False,,False
316265,MG,SAO JOAO DO PACUI,0.473,ALTA VULNERABILIDADE,False,False,CADASTRO RESERVA,0,ALTA VULNERABILIDADE,FAIXA 1,20000,0.487,False,,False,,False,,False,,False,,False
316270,MG,SAO JOAO DO PARAISO,0.433,ALTA VULNERABILIDADE,False,False,CADASTRO RESERVA,0,ALTA VULNERABILIDADE,FAIXA 1,20000,0.444,False,,False,,False,,False,,True,FAIXA 1,True
316280,MG,SAO JOAO EVANGELISTA,0.383,MEDIA VULNERABILIDADE,False,False,CADASTRO RESERVA,0,MEDIA VULNERABILIDADE,FAIXA 2,15000,0.329,False,,False,,False,,False,,False,,False
316290,MG,SAO JOAO NEPOMUCENO,0.200,MUITO BAIXA VULNERABILIDADE,False,False,CADASTRO RESERVA,0,MUITO BAIXA VULNERABILIDADE,FAIXA 3,10000,0.240,False,,True,FAIXA 3,True,FAIXA 3,True,FAIXA 3,True,FAIXA 3,True
316292,MG,SAO JOAQUIM DE BICAS,0.371,MEDIA VULNERABILIDADE,False,False,NÃO ELEGIVEL,0,MEDIA VULNERABILIDADE,FAIXA 2,15000,0.356,False,,False,,False,,False,,False,,False
316294,MG,SAO JOSE DA BARRA,0.175,MUITO BAIXA VULNERABILIDADE,False,False,CADASTRO RESERVA,0,MUITO BAIXA VULNERABILIDADE,FAIXA 3,10000,0.313,False,,False,,False,,False,,False,,False
316295,MG,SAO JOSE DA LAPA,0.306,MEDIA VULNERABILIDADE,False,False,NÃO ELEGIVEL,0,MEDIA VULNERABILIDADE,FAIXA 2,15000,0.319,False,,False,,False,,False,,False,,False
316300,MG,SAO JOSE DA SAFIRA,0.510,MUITO ALTA VULNERABILIDADE,False,False,CADASTRO RESERVA,0,MUITO ALTA VULNERABILIDADE,FAIXA 1,20000,0.503,False,,False,,False,,False,,False,,False
316310,MG,SAO JOSE DA VARGINHA,0.240,BAIXA VULNERABILIDADE,False,False,CADASTRO RESERVA,0,BAIXA VULNERABILIDADE,FAIXA 3,10000,0.259,False,,False,,False,,False,,False,,False
316320,MG,SAO JOSE DO ALEGRE,0.247,BAIXA VULNERABILIDADE,False,False,CADASTRO RESERVA,0,BAIXA VULNERABILIDADE,FAIXA 3,10000,0.282,False,,False,,False,,False,,False,,False
316330,MG,SAO JOSE DO DIVINO,0.374,MEDIA VULNERABILIDADE,False,False,NÃO ELEGIVEL,0,MEDIA VULNERABILIDADE,FAIXA 2,15000,0.384,False,,False,,False,,False,,False,,False
316340,MG,SAO JOSE DO GOIABAL,0.345,MEDIA VULNERABILIDADE,False,False,CADASTRO RESERVA,0,MEDIA VULNERABILIDADE,FAIXA 2,15000,0.316,False,,False,,False,,False,,False,,False
316350,MG,SAO JOSE DO JACURI,0.395,MEDIA VULNERABILIDADE,False,False,CADASTRO RESERVA,0,MEDIA VULNERABILIDADE,FAIXA 2,15000,0.371,False,,False,,False,,False,,False,,False
316360,MG,SAO JOSE DO MANTIMENTO,0.362,MEDIA VULNERABILIDADE,False,False,NÃO ELEGIVEL,0,MEDIA VULNERABILIDADE,FAIXA 2,15000,0.396,False,,False,,False,,False,,False,,False
316370,MG,SAO LOURENCO,0.164,MUITO BAIXA VULNERABILIDADE,False,False,CADASTRO RESERVA,0,MUITO BAIXA VULNERABILIDADE,FAIXA 3,10000,0.217,False,,False,,False,,False,,False,,False
316380,MG,SAO MIGUEL DO ANTA,0.306,MEDIA VULNERABILIDADE,False,False,CADASTRO RESERVA,0,MEDIA VULNERABILIDADE,FAIXA 2,15000,0.340,False,,False,,False,,False,,False,,False
316390,MG,SAO PEDRO DA UNIAO,0.229,BAIXA VULNERABILIDADE,False,False,NÃO ELEGIVEL,0,BAIXA VULNERABILIDADE,FAIXA 3,10000,0.216,False,,False,,False,,False,,False,,False
316400,MG,SAO PEDRO DOS FERROS,0.321,MEDIA VULNERABILIDADE,False,False,CADASTRO RESERVA,0,MEDIA VULNERABILIDADE,FAIXA 2,15000,0.362,False,,False,,False,,False,,False,,False
316410,MG,SAO PEDRO DO SUACUI,0.431,ALTA VULNERABILIDADE,False,False,CADASTRO RESERVA,0,ALTA VULNERABILIDADE,FAIXA 1,20000,0.471,False,,False,,False,,False,,False,,False
316420,MG,SAO ROMAO,0.386,MEDIA VULNERABILIDADE,False,False,CADASTRO RESERVA,0,MEDIA VULNERABILIDADE,FAIXA 2,15000,0.353,False,,False,,False,,False,,False,,False
316430,MG,SAO ROQUE DE MINAS,0.268,BAIXA VULNERABILIDADE,False,False,NÃO ELEGIVEL,0,BAIXA VULNERABILIDADE,FAIXA 3,10000,0.327,False,,False,,False,,False,,False,,False
316440,MG,SAO SEBASTIAO DA BELA VISTA,0.206,BAIXA VULNERABILIDADE,False,False,NÃO ELEGIVEL,0,BAIXA VULNERABILIDADE,FAIXA 3,10000,0.267,False,,False,,False,,False,,False,,False
316443,MG,SAO SEBASTIAO DA VARGEM ALEGRE,0.255,BAIXA VULNERABILIDADE,False,False,CONFIRMAÇÃO DE VAGAS (ADERIDOS),1,BAIXA VULNERABILIDADE,FAIXA 3,10000,0.232,False,,True,FAIXA 3,False,,False,,False,,True
316447,MG,SAO SEBASTIAO DO ANTA,0.341,MEDIA VULNERABILIDADE,False,False,NÃO ELEGIVEL,0,MEDIA VULNERABILIDADE,FAIXA 2,15000,0.441,False,,False,,False,,False,,False,,False
316450,MG,SAO SEBASTIAO DO MARANHAO,0.514,MUITO ALTA VULNERABILIDADE,False,False,CADASTRO RESERVA,0,MUITO ALTA VULNERABILIDADE,FAIXA 1,20000,0.386,False,,False,,False,,False,,False,,False
316460,MG,SAO SEBASTIAO DO OESTE,0.253,BAIXA VULNERABILIDADE,False,False,CADASTRO RESERVA,0,BAIXA VULNERABILIDADE,FAIXA 3,10000,0.230,False,,False,,False,,False,,False,,False
316470,MG,SAO SEBASTIAO DO PARAISO,0.246,BAIXA VULNERABILIDADE,False,False,NÃO ELEGIVEL,0,BAIXA VULNERABILIDADE,FAIXA 3,10000,0.356,True,FAIXA 3,True,FAIXA 3,False,,False,,False,,True
316480,MG,SAO SEBASTIAO DO RIO PRETO,0.378,MEDIA VULNERABILIDADE,False,False,NÃO ELEGIVEL,0,MEDIA VULNERABILIDADE,FAIXA 2,15000,0.239,False,,False,,False,,False,,False,,False
316490,MG,SAO SEBASTIAO DO RIO VERDE,0.228,BAIXA VULNERABILIDADE,False,False,NÃO ELEGIVEL,0,BAIXA VULNERABILIDADE,FAIXA 3,10000,0.221,False,,False,,False,,False,,False,,False
316500,MG,SAO TIAGO,0.272,BAIXA VULNERABILIDADE,False,False,CADASTRO RESERVA,0,BAIXA VULNERABILIDADE,FAIXA 3,10000,0.304,False,,True,FAIXA 3,False,,False,,False,,True
316510,MG,SAO TOMAS DE AQUINO,0.214,BAIXA VULNERABILIDADE,False,False,NÃO ELEGIVEL,0,BAIXA VULNERABILIDADE,FAIXA 3,10000,0.271,False,,False,,False,,False,,False,,False
316520,MG,SAO THOME DAS LETRAS,0.287,BAIXA VULNERABILIDADE,False,False,CADASTRO RESERVA,0,BAIXA VULNERABILIDADE,FAIXA 3,10000,0.361,False,,False,,False,,False,,False,,False
316530,MG,SAO VICENTE DE MINAS,0.229,BAIXA VULNERABILIDADE,False,False,CADASTRO RESERVA,0,BAIXA VULNERABILIDADE,FAIXA 3,10000,0.264,False,,False,,False,,False,,False,,False
316540,MG,SAPUCAI-MIRIM,0.287,BAIXA VULNERABILIDADE,False,False,CADASTRO RESERVA,0,BAIXA VULNERABILIDADE,FAIXA 3,10000,0.319,False,,False,,False,,False,,False,,False
316550,MG,SARDOA,0.356,MEDIA VULNERABILIDADE,False,False,NÃO ELEGIVEL,0,MEDIA VULNERABILIDADE,FAIXA 2,15000,0.316,False,,False,,False,,False,,False,,False
316553,MG,SARZEDO,0.310,MEDIA VULNERABILIDADE,False,False,NÃO ELEGIVEL,0,MEDIA VULNERABILIDADE,FAIXA 2,15000,0.362,False,,False,,False,,False,,False,,False
316555,MG,SETUBINHA,0.653,MUITO ALTA VULNERABILIDADE,False,False,CADASTRO RESERVA,0,MUITO ALTA VULNERABILIDADE,FAIXA 1,20000,0.540,False,,True,FAIXA 1,False,,False,,False,,True
316556,MG,SEM-PEIXE,0.426,ALTA VULNERABILIDADE,False,False,CADASTRO RESERVA,0,ALTA VULNERABILIDADE,FAIXA 1,20000,0.461,False,,False,,False,,False,,False,,False
316557,MG,SENADOR AMARAL,0.244,BAIXA VULNERABILIDADE,False,False,NÃO ELEGIVEL,0,BAIXA VULNERABILIDADE,FAIXA 3,10000,0.203,False,,False,,False,,False,,False,,False
316560,MG,SENADOR CORTES,0.244,BAIXA VULNERABILIDADE,False,False,CADASTRO RESERVA,0,BAIXA VULNERABILIDADE,FAIXA 3,10000,0.247,False,,True,FAIXA 3,False,,False,,False,,True
316570,MG,SENADOR FIRMINO,0.264,BAIXA VULNERABILIDADE,False,False,CADASTRO RESERVA,0,BAIXA VULNERABILIDADE,FAIXA 3,10000,0.298,False,,False,,False,,False,,False,,False
316580,MG,SENADOR JOSE BENTO,0.286,BAIXA VULNERABILIDADE,False,False,CADASTRO RESERVA,0,BAIXA VULNERABILIDADE,FAIXA 3,10000,0.266,False,,False,,False,,False,,False,,False
316590,MG,SENADOR MODESTINO GONCALVES,0.426,ALTA VULNERABILIDADE,False,False,CADASTRO RESERVA,0,ALTA VULNERABILIDADE,FAIXA 1,20000,0.300,False,,False,,False,,False,,False,,False
316600,MG,SENHORA DE OLIVEIRA,0.387,MEDIA VULNERABILIDADE,False,False,CADASTRO RESERVA,0,MEDIA VULNERABILIDADE,FAIXA 2,15000,0.436,False,,False,,False,,False,,False,,False
316610,MG,SENHORA DO PORTO,0.398,MEDIA VULNERABILIDADE,False,False,CADASTRO RESERVA,0,MEDIA VULNERABILIDADE,FAIXA 2,15000,0.431,False,,False,,False,,False,,False,,False
316620,MG,SENHORA DOS REMEDIOS,0.373,MEDIA VULNERABILIDADE,False,False,CADASTRO RESERVA,0,MEDIA VULNERABILIDADE,FAIXA 2,15000,0.415,False,,False,,False,,False,,False,,False
316630,MG,SERICITA,0.337,MEDIA VULNERABILIDADE,False,False,CADASTRO RESERVA,0,MEDIA VULNERABILIDADE,FAIXA 2,15000,0.345,False,,False,,False,,False,,False,,False
316640,MG,SERITINGA,0.228,BAIXA VULNERABILIDADE,False,False,NÃO ELEGIVEL,0,BAIXA VULNERABILIDADE,FAIXA 3,10000,0.205,False,,False,,False,,False,,False,,False
316650,MG,SERRA AZUL DE MINAS,0.508,MUITO ALTA VULNERABILIDADE,False,False,NÃO ELEGIVEL,0,MUITO ALTA VULNERABILIDADE,FAIXA 1,20000,0.372,False,,False,,False,,False,,False,,False
316660,MG,SERRA DA SAUDADE,0.287,BAIXA VULNERABILIDADE,False,False,NÃO ELEGIVEL,0,BAIXA VULNERABILIDADE,FAIXA 3,10000,0.140,False,,False,,False,,False,,False,,False
316670,MG,SERRA DOS AIMORES,0.405,ALTA VULNERABILIDADE,False,False,CADASTRO RESERVA,0,ALTA VULNERABILIDADE,FAIXA 1,20000,0.402,False,,False,,False,,False,,False,,False
316680,MG,SERRA DO SALITRE,0.341,MEDIA VULNERABILIDADE,False,False,CADASTRO RESERVA,0,MEDIA VULNERABILIDADE,FAIXA 2,15000,0.330,False,,True,FAIXA 2,False,,False,,False,,True
316690,MG,SERRANIA,0.293,BAIXA VULNERABILIDADE,False,False,CADASTRO RESERVA,0,BAIXA VULNERABILIDADE,FAIXA 3,10000,0.331,False,,False,,False,,False,,False,,False
316695,MG,SERRANOPOLIS DE MINAS,0.324,MEDIA VULNERABILIDADE,False,False,CADASTRO RESERVA,0,MEDIA VULNERABILIDADE,FAIXA 2,15000,0.277,False,,False,,False,,False,,False,,False
316700,MG,SERRANOS,0.361,MEDIA VULNERABILIDADE,False,False,NÃO ELEGIVEL,0,MEDIA VULNERABILIDADE,FAIXA 2,15000,0.257,False,,False,,False,,False,,False,,False
316710,MG,SERRO,0.429,ALTA VULNERABILIDADE,False,False,NÃO ELEGIVEL,0,ALTA VULNERABILIDADE,FAIXA 1,20000,0.365,True,FAIXA 1,True,FAIXA 1,False,,False,,True,FAIXA 1,True
316720,MG,SETE LAGOAS,0.233,BAIXA VULNERABILIDADE,False,False,CONFIRMAÇÃO DE VAGAS (ADERIDOS),3,BAIXA VULNERABILIDADE,FAIXA 3,10000,0.237,False,,False,,True,FAIXA 3,True,FAIXA 3,True,FAIXA 3,True
316730,MG,SILVEIRANIA,0.260,BAIXA VULNERABILIDADE,False,False,NÃO ELEGIVEL,0,BAIXA VULNERABILIDADE,FAIXA 3,10000,0.309,False,,True,FAIXA 3,False,,False,,False,,True
316740,MG,SILVIANOPOLIS,0.191,MUITO BAIXA VULNERABILIDADE,False,False,CADASTRO RESERVA,0,MUITO BAIXA VULNERABILIDADE,FAIXA 3,10000,0.250,False,,False,,False,,False,,False,,False
316750,MG,SIMAO PEREIRA,0.439,ALTA VULNERABILIDADE,False,False,NÃO ELEGIVEL,0,ALTA VULNERABILIDADE,FAIXA 1,20000,0.411,False,,False,,False,,False,,False,,False
316760,MG,SIMONESIA,0.342,MEDIA VULNERABILIDADE,False,False,NÃO ELEGIVEL,0,MEDIA VULNERABILIDADE,FAIXA 2,15000,0.335,False,,False,,False,,False,,False,,False
316770,MG,SOBRALIA,0.367,MEDIA VULNERABILIDADE,False,False,CADASTRO RESERVA,0,MEDIA VULNERABILIDADE,FAIXA 2,15000,0.377,False,,False,,False,,False,,False,,False
316780,MG,SOLEDADE DE MINAS,0.290,BAIXA VULNERABILIDADE,False,False,NÃO ELEGIVEL,0,BAIXA VULNERABILIDADE,FAIXA 3,10000,0.345,False,,False,,False,,False,,False,,False
316790,MG,TABULEIRO,0.256,BAIXA VULNERABILIDADE,False,False,NÃO ELEGIVEL,0,BAIXA VULNERABILIDADE,FAIXA 3,10000,0.287,False,,False,,False,,False,,False,,False
316800,MG,TAIOBEIRAS,0.329,MEDIA VULNERABILIDADE,False,False,CADASTRO RESERVA,0,MEDIA VULNERABILIDADE,FAIXA 2,15000,0.330,False,,False,,False,,False,,True,FAIXA 2,True
316805,MG,TAPARUBA,0.299,BAIXA VULNERABILIDADE,False,False,CADASTRO RESERVA,0,BAIXA VULNERABILIDADE,FAIXA 3,10000,0.355,False,,False,,False,,False,,False,,False
316810,MG,TAPIRA,0.246,BAIXA VULNERABILIDADE,False,False,CADASTRO RESERVA,0,BAIXA VULNERABILIDADE,FAIXA 3,10000,0.301,False,,True,FAIXA 3,False,,False,,False,,True
316820,MG,TAPIRAI,0.262,BAIXA VULNERABILIDADE,False,False,CADASTRO RESERVA,0,BAIXA VULNERABILIDADE,FAIXA 3,10000,0.403,False,,False,,False,,False,,False,,False
316830,MG,TAQUARACU DE MINAS,0.327,MEDIA VULNERABILIDADE,False,False,CADASTRO RESERVA,0,MEDIA VULNERABILIDADE,FAIXA 2,15000,0.283,False,,False,,False,,False,,False,,False
316840,MG,TARUMIRIM,0.366,MEDIA VULNERABILIDADE,False,False,CADASTRO RESERVA,0,MEDIA VULNERABILIDADE,FAIXA 2,15000,0.350,False,,False,,False,,False,,False,,False
316850,MG,TEIXEIRAS,0.273,BAIXA VULNERABILIDADE,False,False,CADASTRO RESERVA,0,BAIXA VULNERABILIDADE,FAIXA 3,10000,0.297,False,,False,,False,,False,,False,,False
316860,MG,TEOFILO OTONI,0.302,MEDIA VULNERABILIDADE,False,False,CADASTRO RESERVA,0,MEDIA VULNERABILIDADE,FAIXA 2,15000,0.324,True,FAIXA 2,True,FAIXA 2,True,FAIXA 2,True,FAIXA 2,True,FAIXA 2,True
316870,MG,TIMOTEO,0.204,BAIXA VULNERABILIDADE,False,False,CONFIRMAÇÃO DE VAGAS (ADERIDOS),1,BAIXA VULNERABILIDADE,FAIXA 3,10000,0.248,True,FAIXA 3,True,FAIXA 3,True,FAIXA 3,True,FAIXA 3,False,,True
316880,MG,TIRADENTES,0.187,MUITO BAIXA VULNERABILIDADE,False,False,CADASTRO RESERVA,0,MUITO BAIXA VULNERABILIDADE,FAIXA 3,10000,0.174,False,,False,,False,,False,,False,,False
316890,MG,TIROS,0.277,BAIXA VULNERABILIDADE,False,False,CADASTRO RESERVA,0,BAIXA VULNERABILIDADE,FAIXA 3,10000,0.324,False,,True,FAIXA 3,False,,False,,False,,True
316900,MG,TOCANTINS,0.187,MUITO BAIXA VULNERABILIDADE,False,False,NÃO ELEGIVEL,0,MUITO BAIXA VULNERABILIDADE,FAIXA 3,10000,0.217,False,,True,FAIXA 3,False,,False,,False,,True
316905,MG,TOCOS DO MOJI,0.260,BAIXA VULNERABILIDADE,False,False,CADASTRO RESERVA,0,BAIXA VULNERABILIDADE,FAIXA 3,10000,0.260,False,,True,FAIXA 3,False,,False,,False,,True
316910,MG,TOLEDO,0.259,BAIXA VULNERABILIDADE,False,False,NÃO ELEGIVEL,0,BAIXA VULNERABILIDADE,FAIXA 3,10000,0.256,False,,False,,False,,False,,False,,False
316920,MG,TOMBOS,0.256,BAIXA VULNERABILIDADE,False,False,CADASTRO RESERVA,0,BAIXA VULNERABILIDADE,FAIXA 3,10000,0.331,False,,False,,False,,False,,False,,False
316930,MG,TRES CORACOES,0.270,BAIXA VULNERABILIDADE,False,False,NÃO ELEGIVEL,0,BAIXA VULNERABILIDADE,FAIXA 3,10000,0.333,False,,False,,False,,False,,False,,False
316935,MG,TRES MARIAS,0.253,BAIXA VULNERABILIDADE,False,False,CADASTRO RESERVA,0,BAIXA VULNERABILIDADE,FAIXA 3,10000,0.302,False,,False,,True,FAIXA 3,True,FAIXA 3,True,FAIXA 3,True
316940,MG,TRES PONTAS,0.222,BAIXA VULNERABILIDADE,False,False,CADASTRO RESERVA,0,BAIXA VULNERABILIDADE,FAIXA 3,10000,0.271,False,,False,,False,,False,,False,,False
316950,MG,TUMIRITINGA,0.426,ALTA VULNERABILIDADE,False,False,CADASTRO RESERVA,0,ALTA VULNERABILIDADE,FAIXA 1,20000,0.393,False,,False,,False,,False,,False,,False
316960,MG,TUPACIGUARA,0.290,BAIXA VULNERABILIDADE,False,False,CADASTRO RESERVA,0,BAIXA VULNERABILIDADE,FAIXA 3,10000,0.359,False,,False,,False,,False,,False,,False
316970,MG,TURMALINA,0.311,MEDIA VULNERABILIDADE,False,False,CADASTRO RESERVA,0,MEDIA VULNERABILIDADE,FAIXA 2,15000,0.278,True,FAIXA 2,True,FAIXA 2,True,FAIXA 2,True,FAIXA 2,False,,True
316980,MG,TURVOLANDIA,0.219,BAIXA VULNERABILIDADE,False,False,CADASTRO RESERVA,0,BAIXA VULNERABILIDADE,FAIXA 3,10000,0.234,False,,False,,False,,False,,False,,False
316990,MG,UBA,0.208,BAIXA VULNERABILIDADE,False,False,CADASTRO RESERVA,0,BAIXA VULNERABILIDADE,FAIXA 3,10000,0.273,False,,True,FAIXA 3,False,,False,,False,,True
317000,MG,UBAI,0.527,MUITO ALTA VULNERABILIDADE,False,False,CADASTRO RESERVA,0,MUITO ALTA VULNERABILIDADE,FAIXA 1,20000,0.579,False,,True,FAIXA 1,False,,False,,False,,True
317005,MG,UBAPORANGA,0.336,MEDIA VULNERABILIDADE,False,False,CADASTRO RESERVA,0,MEDIA VULNERABILIDADE,FAIXA 2,15000,0.364,False,,False,,False,,False,,False,,False
317010,MG,UBERABA,0.206,BAIXA VULNERABILIDADE,False,False,CONFIRMAÇÃO DE VAGAS (ADERIDOS),1,BAIXA VULNERABILIDADE,FAIXA 3,10000,0.238,True,FAIXA 3,True,FAIXA 3,True,FAIXA 3,True,FAIXA 3,True,FAIXA 3,True
317020,MG,UBERLANDIA,0.225,BAIXA VULNERABILIDADE,False,False,CONFIRMAÇÃO DE VAGAS (ADERIDOS),1,BAIXA VULNERABILIDADE,FAIXA 3,10000,0.296,False,,False,,True,FAIXA 3,True,FAIXA 3,False,,True
317030,MG,UMBURATIBA,0.387,MEDIA VULNERABILIDADE,False,False,CADASTRO RESERVA,0,MEDIA VULNERABILIDADE,FAIXA 2,15000,0.316,False,,False,,False,,False,,False,,False
317040,MG,UNAI,0.288,BAIXA VULNERABILIDADE,False,False,CADASTRO RESERVA,0,BAIXA VULNERABILIDADE,FAIXA 3,10000,0.264,True,FAIXA 3,True,FAIXA 3,True,FAIXA 3,True,FAIXA 3,True,FAIXA 3,True
317043,MG,UNIAO DE MINAS,0.344,MEDIA VULNERABILIDADE,False,False,CADASTRO RESERVA,0,MEDIA VULNERABILIDADE,FAIXA 2,15000,0.329,False,,False,,False,,False,,False,,False
317047,MG,URUANA DE MINAS,0.309,MEDIA VULNERABILIDADE,False,False,CADASTRO RESERVA,0,MEDIA VULNERABILIDADE,FAIXA 2,15000,0.277,False,,False,,False,,False,,False,,False
317050,MG,URUCANIA,0.304,MEDIA VULNERABILIDADE,False,False,CADASTRO RESERVA,0,MEDIA VULNERABILIDADE,FAIXA 2,15000,0.399,False,,False,,False,,False,,False,,False
317052,MG,URUCUIA,0.419,ALTA VULNERABILIDADE,False,False,CADASTRO RESERVA,0,ALTA VULNERABILIDADE,FAIXA 1,20000,0.340,True,FAIXA 1,True,FAIXA 1,True,FAIXA 1,True,FAIXA 1,False,,True
317057,MG,VARGEM ALEGRE,0.357,MEDIA VULNERABILIDADE,False,False,NÃO ELEGIVEL,0,MEDIA VULNERABILIDADE,FAIXA 2,15000,0.376,False,,False,,False,,False,,False,,False
317060,MG,VARGEM BONITA,0.246,BAIXA VULNERABILIDADE,False,False,NÃO ELEGIVEL,0,BAIXA VULNERABILIDADE,FAIXA 3,10000,0.224,False,,False,,False,,False,,False,,False
317065,MG,VARGEM GRANDE DO RIO PARDO,0.413,ALTA VULNERABILIDADE,False,False,CADASTRO RESERVA,0,ALTA VULNERABILIDADE,FAIXA 1,20000,0.416,False,,False,,False,,False,,False,,False
317070,MG,VARGINHA,0.175,MUITO BAIXA VULNERABILIDADE,False,False,CADASTRO RESERVA,0,MUITO BAIXA VULNERABILIDADE,FAIXA 3,10000,0.225,False,,False,,True,FAIXA 3,True,FAIXA 3,True,FAIXA 3,True
317075,MG,VARJAO DE MINAS,0.270,BAIXA VULNERABILIDADE,False,False,CADASTRO RESERVA,0,BAIXA VULNERABILIDADE,FAIXA 3,10000,0.362,False,,False,,False,,False,,False,,False
317080,MG,VARZEA DA PALMA,0.340,MEDIA VULNERABILIDADE,False,False,CADASTRO RESERVA,0,MEDIA VULNERABILIDADE,FAIXA 2,15000,0.400,True,FAIXA 2,False,,False,,False,,False,,True
317090,MG,VARZELANDIA,0.505,MUITO ALTA VULNERABILIDADE,False,False,CADASTRO RESERVA,0,MUITO ALTA VULNERABILIDADE,FAIXA 1,20000,0.390,False,,False,,False,,False,,True,FAIXA 1,True
317100,MG,VAZANTE,0.227,BAIXA VULNERABILIDADE,False,False,CADASTRO RESERVA,0,BAIXA VULNERABILIDADE,FAIXA 3,10000,0.230,False,,True,FAIXA 3,True,FAIXA 3,True,FAIXA 3,False,,True
317103,MG,VERDELANDIA,0.526,MUITO ALTA VULNERABILIDADE,False,False,CADASTRO RESERVA,0,MUITO ALTA VULNERABILIDADE,FAIXA 1,20000,0.608,False,,False,,False,,False,,True,FAIXA 1,True
317107,MG,VEREDINHA,0.408,ALTA VULNERABILIDADE,False,False,CADASTRO RESERVA,0,ALTA VULNERABILIDADE,FAIXA 1,20000,0.400,False,,False,,False,,False,,False,,False
317110,MG,VERISSIMO,0.267,BAIXA VULNERABILIDADE,False,False,CADASTRO RESERVA,0,BAIXA VULNERABILIDADE,FAIXA 3,10000,0.334,False,,False,,False,,False,,False,,False
317115,MG,VERMELHO NOVO,0.407,ALTA VULNERABILIDADE,False,False,CADASTRO RESERVA,0,ALTA VULNERABILIDADE,FAIXA 1,20000,0.451,False,,False,,False,,False,,False,,False
317120,MG,VESPASIANO,0.354,MEDIA VULNERABILIDADE,False,False,CADASTRO RESERVA,0,MEDIA VULNERABILIDADE,FAIXA 2,15000,0.372,False,,False,,False,,False,,False,,False
317130,MG,VICOSA,0.187,MUITO BAIXA VULNERABILIDADE,False,False,CADASTRO RESERVA,0,MUITO BAIXA VULNERABILIDADE,FAIXA 3,10000,0.240,False,,False,,False,,False,,False,,False
317140,MG,VIEIRAS,0.259,BAIXA VULNERABILIDADE,False,False,CADASTRO RESERVA,0,BAIXA VULNERABILIDADE,FAIXA 3,10000,0.283,False,,False,,False,,False,,False,,False
317150,MG,MATHIAS LOBATO,0.458,ALTA VULNERABILIDADE,False,False,NÃO ELEGIVEL,0,ALTA VULNERABILIDADE,FAIXA 1,20000,0.496,False,,False,,False,,False,,False,,False
317160,MG,VIRGEM DA LAPA,0.469,ALTA VULNERABILIDADE,False,False,CADASTRO RESERVA,0,ALTA VULNERABILIDADE,FAIXA 1,20000,0.399,False,,False,,False,,False,,False,,False
317170,MG,VIRGINIA,0.286,BAIXA VULNERABILIDADE,False,False,CADASTRO RESERVA,0,BAIXA VULNERABILIDADE,FAIXA 3,10000,0.213,False,,False,,False,,False,,False,,False
317180,MG,VIRGINOPOLIS,0.318,MEDIA VULNERABILIDADE,False,False,NÃO ELEGIVEL,0,MEDIA VULNERABILIDADE,FAIXA 2,15000,0.284,False,,False,,False,,False,,False,,False
317190,MG,VIRGOLANDIA,0.453,ALTA VULNERABILIDADE,False,False,CADASTRO RESERVA,0,ALTA VULNERABILIDADE,FAIXA 1,20000,0.419,False,,False,,False,,False,,False,,False
317200,MG,VISCONDE DO RIO BRANCO,0.226,BAIXA VULNERABILIDADE,False,False,CADASTRO RESERVA,0,BAIXA VULNERABILIDADE,FAIXA 3,10000,0.261,False,,False,,False,,False,,False,,False
317210,MG,VOLTA GRANDE,0.288,BAIXA VULNERABILIDADE,False,False,CADASTRO RESERVA,0,BAIXA VULNERABILIDADE,FAIXA 3,10000,0.346,False,,True,FAIXA 3,False,,False,,False,,True
317220,MG,WENCESLAU BRAZ,0.304,MEDIA VULNERABILIDADE,False,False,CADASTRO RESERVA,0,MEDIA VULNERABILIDADE,FAIXA 2,15000,0.306,False,,False,,False,,False,,False,,False
320010,ES,AFONSO CLAUDIO,0.317,MEDIA VULNERABILIDADE,False,False,CADASTRO RESERVA,0,MEDIA VULNERABILIDADE,FAIXA 2,15000,0.292,False,,False,,False,,False,,False,,False
320013,ES,AGUIA BRANCA,0.274,BAIXA VULNERABILIDADE,False,False,CADASTRO RESERVA,0,BAIXA VULNERABILIDADE,FAIXA 3,10000,0.297,False,,False,,False,,False,,False,,False
320016,ES,AGUA DOCE DO NORTE,0.315,MEDIA VULNERABILIDADE,False,False,CADASTRO RESERVA,0,MEDIA VULNERABILIDADE,FAIXA 2,15000,0.311,False,,False,,False,,False,,False,,False
320020,ES,ALEGRE,0.266,BAIXA VULNERABILIDADE,False,False,CADASTRO RESERVA,0,BAIXA VULNERABILIDADE,FAIXA 3,10000,0.275,False,,False,,False,,False,,False,,False
320030,ES,ALFREDO CHAVES,0.209,BAIXA VULNERABILIDADE,False,False,CADASTRO RESERVA,0,BAIXA VULNERABILIDADE,FAIXA 3,10000,0.280,False,,False,,False,,False,,False,,False
320035,ES,ALTO RIO NOVO,0.286,BAIXA VULNERABILIDADE,False,False,CADASTRO RESERVA,0,BAIXA VULNERABILIDADE,FAIXA 3,10000,0.303,False,,False,,False,,False,,False,,False
320040,ES,ANCHIETA,0.208,BAIXA VULNERABILIDADE,False,False,CADASTRO RESERVA,0,BAIXA VULNERABILIDADE,FAIXA 3,10000,0.242,False,,False,,False,,False,,True,FAIXA 3,True
320050,ES,APIACA,0.278,BAIXA VULNERABILIDADE,False,False,CADASTRO RESERVA,0,BAIXA VULNERABILIDADE,FAIXA 3,10000,0.283,False,,False,,False,,False,,False,,False
320060,ES,ARACRUZ,0.219,BAIXA VULNERABILIDADE,False,False,CADASTRO RESERVA,0,BAIXA VULNERABILIDADE,FAIXA 3,10000,0.245,False,,False,,False,,False,,False,,False
320070,ES,ATILIO VIVACQUA,0.267,BAIXA VULNERABILIDADE,False,False,CADASTRO RESERVA,0,BAIXA VULNERABILIDADE,FAIXA 3,10000,0.275,False,,False,,False,,False,,False,,False
320080,ES,BAIXO GUANDU,0.304,MEDIA VULNERABILIDADE,False,False,CADASTRO RESERVA,0,MEDIA VULNERABILIDADE,FAIXA 2,15000,0.349,False,,False,,False,,False,,False,,False
320090,ES,BARRA DE SAO FRANCISCO,0.290,BAIXA VULNERABILIDADE,False,False,CONFIRMAÇÃO DE VAGAS (ADERIDOS),2,BAIXA VULNERABILIDADE,FAIXA 3,10000,0.325,False,,False,,False,,False,,False,,False
320100,ES,BOA ESPERANCA,0.279,BAIXA VULNERABILIDADE,False,False,CADASTRO RESERVA,0,BAIXA VULNERABILIDADE,FAIXA 3,10000,0.306,False,,False,,False,,False,,False,,False
320110,ES,BOM JESUS DO NORTE,0.212,BAIXA VULNERABILIDADE,False,False,CADASTRO RESERVA,0,BAIXA VULNERABILIDADE,FAIXA 3,10000,0.253,False,,False,,False,,False,,True,FAIXA 3,True
320115,ES,BREJETUBA,0.302,MEDIA VULNERABILIDADE,False,False,CADASTRO RESERVA,0,MEDIA VULNERABILIDADE,FAIXA 2,15000,0.255,False,,False,,False,,False,,False,,False
320120,ES,CACHOEIRO DE ITAPEMIRIM,0.205,BAIXA VULNERABILIDADE,False,False,CADASTRO RESERVA,0,BAIXA VULNERABILIDADE,FAIXA 3,10000,0.254,True,FAIXA 3,False,,True,FAIXA 3,False,,True,FAIXA 3,True
320130,ES,CARIACICA,0.362,MEDIA VULNERABILIDADE,False,False,CADASTRO RESERVA,0,MEDIA VULNERABILIDADE,FAIXA 2,15000,0.402,False,,False,,False,,False,,True,FAIXA 2,True
320140,ES,CASTELO,0.199,MUITO BAIXA VULNERABILIDADE,False,False,CONFIRMAÇÃO DE VAGAS (ADERIDOS),3,MUITO BAIXA VULNERABILIDADE,FAIXA 3,10000,0.215,False,,False,,False,,False,,False,,False
320150,ES,COLATINA,0.191,MUITO BAIXA VULNERABILIDADE,False,False,CONFIRMAÇÃO DE VAGAS (ADERIDOS),2,MUITO BAIXA VULNERABILIDADE,FAIXA 3,10000,0.227,False,,True,FAIXA 3,True,FAIXA 3,True,FAIXA 3,True,FAIXA 3,True
320160,ES,CONCEICAO DA BARRA,0.337,MEDIA VULNERABILIDADE,False,False,CADASTRO RESERVA,0,MEDIA VULNERABILIDADE,FAIXA 2,15000,0.376,False,,False,,False,,False,,False,,False
320170,ES,CONCEICAO DO CASTELO,0.257,BAIXA VULNERABILIDADE,False,False,CONFIRMAÇÃO DE VAGAS (ADERIDOS),1,BAIXA VULNERABILIDADE,FAIXA 3,10000,0.194,False,,False,,False,,False,,False,,False
320180,ES,DIVINO DE SAO LOURENCO,0.301,MEDIA VULNERABILIDADE,False,False,CADASTRO RESERVA,0,MEDIA VULNERABILIDADE,FAIXA 2,15000,0.366,False,,False,,False,,False,,False,,False
320190,ES,DOMINGOS MARTINS,0.261,BAIXA VULNERABILIDADE,False,False,CADASTRO RESERVA,0,BAIXA VULNERABILIDADE,FAIXA 3,10000,0.250,False,,False,,False,,False,,False,,False
320200,ES,DORES DO RIO PRETO,0.284,BAIXA VULNERABILIDADE,False,False,CADASTRO RESERVA,0,BAIXA VULNERABILIDADE,FAIXA 3,10000,0.322,False,,False,,False,,False,,False,,False
320210,ES,ECOPORANGA,0.336,MEDIA VULNERABILIDADE,False,False,CADASTRO RESERVA,0,MEDIA VULNERABILIDADE,FAIXA 2,15000,0.290,False,,False,,False,,False,,False,,False
320220,ES,FUNDAO,0.268,BAIXA VULNERABILIDADE,False,False,CADASTRO RESERVA,0,BAIXA VULNERABILIDADE,FAIXA 3,10000,0.340,False,,False,,False,,False,,False,,False
320225,ES,GOVERNADOR LINDENBERG,0.216,BAIXA VULNERABILIDADE,False,False,CADASTRO RESERVA,0,BAIXA VULNERABILIDADE,FAIXA 3,10000,0.240,False,,False,,False,,False,,False,,False
320230,ES,GUACUI,0.266,BAIXA VULNERABILIDADE,False,False,CADASTRO RESERVA,0,BAIXA VULNERABILIDADE,FAIXA 3,10000,0.310,False,,False,,False,,False,,False,,False
320240,ES,GUARAPARI,0.255,BAIXA VULNERABILIDADE,False,False,CADASTRO RESERVA,0,BAIXA VULNERABILIDADE,FAIXA 3,10000,0.263,False,,False,,False,,False,,False,,False
320245,ES,IBATIBA,0.281,BAIXA VULNERABILIDADE,False,False,CADASTRO RESERVA,0,BAIXA VULNERABILIDADE,FAIXA 3,10000,0.344,False,,False,,False,,False,,False,,False
320250,ES,IBIRACU,0.211,BAIXA VULNERABILIDADE,False,False,CADASTRO RESERVA,0,BAIXA VULNERABILIDADE,FAIXA 3,10000,0.242,False,,False,,False,,False,,False,,False
320255,ES,IBITIRAMA,0.337,MEDIA VULNERABILIDADE,False,False,CADASTRO RESERVA,0,MEDIA VULNERABILIDADE,FAIXA 2,15000,0.472,False,,False,,False,,False,,False,,False
320260,ES,ICONHA,0.168,MUITO BAIXA VULNERABILIDADE,False,False,NÃO ELEGIVEL,0,MUITO BAIXA VULNERABILIDADE,FAIXA 3,10000,0.197,False,,False,,False,,False,,False,,False
320265,ES,IRUPI,0.265,BAIXA VULNERABILIDADE,False,False,CADASTRO RESERVA,0,BAIXA VULNERABILIDADE,FAIXA 3,10000,0.327,False,,False,,False,,False,,False,,False
320270,ES,ITAGUACU,0.256,BAIXA VULNERABILIDADE,False,False,CADASTRO RESERVA,0,BAIXA VULNERABILIDADE,FAIXA 3,10000,0.339,False,,False,,False,,False,,False,,False
320280,ES,ITAPEMIRIM,0.291,BAIXA VULNERABILIDADE,False,False,NÃO ELEGIVEL,0,BAIXA VULNERABILIDADE,FAIXA 3,10000,0.293,False,,False,,False,,False,,False,,False
320290,ES,ITARANA,0.242,BAIXA VULNERABILIDADE,False,False,NÃO ELEGIVEL,0,BAIXA VULNERABILIDADE,FAIXA 3,10000,0.280,False,,False,,False,,False,,False,,False
320300,ES,IUNA,0.288,BAIXA VULNERABILIDADE,False,False,CADASTRO RESERVA,0,BAIXA VULNERABILIDADE,FAIXA 3,10000,0.325,False,,False,,False,,False,,False,,False
320305,ES,JAGUARE,0.295,BAIXA VULNERABILIDADE,False,False,CADASTRO RESERVA,0,BAIXA VULNERABILIDADE,FAIXA 3,10000,0.416,False,,False,,False,,False,,False,,False
320310,ES,JERONIMO MONTEIRO,0.277,BAIXA VULNERABILIDADE,False,False,CADASTRO RESERVA,0,BAIXA VULNERABILIDADE,FAIXA 3,10000,0.338,False,,False,,False,,False,,False,,False
320313,ES,JOAO NEIVA,0.190,MUITO BAIXA VULNERABILIDADE,False,False,CADASTRO RESERVA,0,MUITO BAIXA VULNERABILIDADE,FAIXA 3,10000,0.230,False,,False,,False,,False,,False,,False
320316,ES,LARANJA DA TERRA,0.284,BAIXA VULNERABILIDADE,False,False,CADASTRO RESERVA,0,BAIXA VULNERABILIDADE,FAIXA 3,10000,0.241,False,,False,,False,,False,,False,,False
320320,ES,LINHARES,0.251,BAIXA VULNERABILIDADE,False,False,CADASTRO RESERVA,0,BAIXA VULNERABILIDADE,FAIXA 3,10000,0.267,True,FAIXA 3,True,FAIXA 3,False,,False,,False,,True
320330,ES,MANTENOPOLIS,0.316,MEDIA VULNERABILIDADE,False,False,CONFIRMAÇÃO DE VAGAS (ADERIDOS),1,MEDIA VULNERABILIDADE,FAIXA 2,15000,0.376,False,,False,,False,,False,,False,,False
320332,ES,MARATAIZES,0.290,BAIXA VULNERABILIDADE,False,False,CADASTRO RESERVA,0,BAIXA VULNERABILIDADE,FAIXA 3,10000,0.297,False,,False,,False,,False,,False,,False
320334,ES,MARECHAL FLORIANO,0.220,BAIXA VULNERABILIDADE,False,False,NÃO ELEGIVEL,0,BAIXA VULNERABILIDADE,FAIXA 3,10000,0.209,False,,False,,False,,False,,False,,False
320335,ES,MARILANDIA,0.210,BAIXA VULNERABILIDADE,False,False,CADASTRO RESERVA,0,BAIXA VULNERABILIDADE,FAIXA 3,10000,0.215,False,,False,,False,,False,,False,,False
320340,ES,MIMOSO DO SUL,0.283,BAIXA VULNERABILIDADE,False,False,CADASTRO RESERVA,0,BAIXA VULNERABILIDADE,FAIXA 3,10000,0.292,False,,False,,False,,False,,False,,False
320350,ES,MONTANHA,0.320,MEDIA VULNERABILIDADE,False,False,CADASTRO RESERVA,0,MEDIA VULNERABILIDADE,FAIXA 2,15000,0.364,False,,False,,False,,False,,False,,False
320360,ES,MUCURICI,0.336,MEDIA VULNERABILIDADE,False,False,CADASTRO RESERVA,0,MEDIA VULNERABILIDADE,FAIXA 2,15000,0.352,False,,False,,False,,False,,False,,False
320370,ES,MUNIZ FREIRE,0.350,MEDIA VULNERABILIDADE,False,False,CONFIRMAÇÃO DE VAGAS (ADERIDOS),1,MEDIA VULNERABILIDADE,FAIXA 2,15000,0.433,False,,False,,False,,False,,False,,False
320380,ES,MUQUI,0.260,BAIXA VULNERABILIDADE,False,False,CADASTRO RESERVA,0,BAIXA VULNERABILIDADE,FAIXA 3,10000,0.289,False,,False,,False,,False,,False,,False
320390,ES,NOVA VENECIA,0.264,BAIXA VULNERABILIDADE,False,False,CADASTRO RESERVA,0,BAIXA VULNERABILIDADE,FAIXA 3,10000,0.245,False,,False,,False,,False,,False,,False
320400,ES,PANCAS,0.295,BAIXA VULNERABILIDADE,False,False,CADASTRO RESERVA,0,BAIXA VULNERABILIDADE,FAIXA 3,10000,0.316,False,,False,,False,,False,,False,,False
320405,ES,PEDRO CANARIO,0.420,ALTA VULNERABILIDADE,False,False,CADASTRO RESERVA,0,ALTA VULNERABILIDADE,FAIXA 1,20000,0.413,False,,False,,False,,False,,False,,False
320410,ES,PINHEIROS,0.295,BAIXA VULNERABILIDADE,False,False,CADASTRO RESERVA,0,BAIXA VULNERABILIDADE,FAIXA 3,10000,0.324,False,,False,,False,,False,,False,,False
320420,ES,PIUMA,0.258,BAIXA VULNERABILIDADE,False,False,CONFIRMAÇÃO DE VAGAS (ADERIDOS),1,BAIXA VULNERABILIDADE,FAIXA 3,10000,0.313,False,,False,,False,,False,,False,,False
320425,ES,PONTO BELO,0.365,MEDIA VULNERABILIDADE,False,False,CADASTRO RESERVA,0,MEDIA VULNERABILIDADE,FAIXA 2,15000,0.321,False,,False,,False,,False,,False,,False
320430,ES,PRESIDENTE KENNEDY,0.311,MEDIA VULNERABILIDADE,False,False,CADASTRO RESERVA,0,MEDIA VULNERABILIDADE,FAIXA 2,15000,0.343,False,,False,,False,,False,,False,,False
320435,ES,RIO BANANAL,0.252,BAIXA VULNERABILIDADE,False,False,CONFIRMAÇÃO DE VAGAS (ADERIDOS),2,BAIXA VULNERABILIDADE,FAIXA 3,10000,0.271,False,,False,,False,,False,,False,,False
320440,ES,RIO NOVO DO SUL,0.232,BAIXA VULNERABILIDADE,False,False,CADASTRO RESERVA,0,BAIXA VULNERABILIDADE,FAIXA 3,10000,0.274,False,,False,,False,,False,,False,,False
320450,ES,SANTA LEOPOLDINA,0.320,MEDIA VULNERABILIDADE,False,False,CADASTRO RESERVA,0,MEDIA VULNERABILIDADE,FAIXA 2,15000,0.362,False,,False,,False,,False,,False,,False
320455,ES,SANTA MARIA DE JETIBA,0.278,BAIXA VULNERABILIDADE,False,False,CONFIRMAÇÃO DE VAGAS (ADERIDOS),1,BAIXA VULNERABILIDADE,FAIXA 3,10000,0.215,False,,False,,False,,False,,False,,False
320460,ES,SANTA TERESA,0.191,MUITO BAIXA VULNERABILIDADE,False,False,NÃO ELEGIVEL,0,MUITO BAIXA VULNERABILIDADE,FAIXA 3,10000,0.230,False,,False,,False,,False,,False,,False
320465,ES,SAO DOMINGOS DO NORTE,0.257,BAIXA VULNERABILIDADE,False,False,NÃO ELEGIVEL,0,BAIXA VULNERABILIDADE,FAIXA 3,10000,0.273,False,,False,,False,,False,,False,,False
320470,ES,SAO GABRIEL DA PALHA,0.248,BAIXA VULNERABILIDADE,False,False,CADASTRO RESERVA,0,BAIXA VULNERABILIDADE,FAIXA 3,10000,0.239,False,,False,,False,,False,,False,,False
320480,ES,SAO JOSE DO CALCADO,0.246,BAIXA VULNERABILIDADE,False,False,CADASTRO RESERVA,0,BAIXA VULNERABILIDADE,FAIXA 3,10000,0.320,False,,False,,False,,False,,False,,False
320490,ES,SAO MATEUS,0.281,BAIXA VULNERABILIDADE,False,False,CADASTRO RESERVA,0,BAIXA VULNERABILIDADE,FAIXA 3,10000,0.254,False,,False,,False,,False,,False,,False
320495,ES,SAO ROQUE DO CANAA,0.187,MUITO BAIXA VULNERABILIDADE,False,False,NÃO ELEGIVEL,0,MUITO BAIXA VULNERABILIDADE,FAIXA 3,10000,0.291,False,,False,,False,,False,,False,,False
320500,ES,SERRA,0.329,MEDIA VULNERABILIDADE,False,False,CONFIRMAÇÃO DE VAGAS (ADERIDOS),8,MEDIA VULNERABILIDADE,FAIXA 2,15000,0.367,False,,False,,False,,False,,True,FAIXA 2,True
320501,ES,SOORETAMA,0.311,MEDIA VULNERABILIDADE,False,False,CONFIRMAÇÃO DE VAGAS (ADERIDOS),1,MEDIA VULNERABILIDADE,FAIXA 2,15000,0.339,False,,False,,False,,False,,False,,False
320503,ES,VARGEM ALTA,0.240,BAIXA VULNERABILIDADE,False,False,CADASTRO RESERVA,0,BAIXA VULNERABILIDADE,FAIXA 3,10000,0.278,False,,False,,False,,False,,False,,False
320506,ES,VENDA NOVA DO IMIGRANTE,0.167,MUITO BAIXA VULNERABILIDADE,False,False,CADASTRO RESERVA,0,MUITO BAIXA VULNERABILIDADE,FAIXA 3,10000,0.219,False,,False,,False,,False,,False,,False
320510,ES,VIANA,0.371,MEDIA VULNERABILIDADE,False,False,CADASTRO RESERVA,0,MEDIA VULNERABILIDADE,FAIXA 2,15000,0.405,False,,False,,False,,False,,False,,False
320515,ES,VILA PAVAO,0.268,BAIXA VULNERABILIDADE,False,False,CADASTRO RESERVA,0,BAIXA VULNERABILIDADE,FAIXA 3,10000,0.322,False,,False,,False,,False,,False,,False
320517,ES,VILA VALERIO,0.257,BAIXA VULNERABILIDADE,False,False,CADASTRO RESERVA,0,BAIXA VULNERABILIDADE,FAIXA 3,10000,0.244,False,,False,,False,,False,,False,,False
320520,ES,VILA VELHA,0.254,BAIXA VULNERABILIDADE,False,False,CONFIRMAÇÃO DE VAGAS (ADERIDOS),1,BAIXA VULNERABILIDADE,FAIXA 3,10000,0.288,False,,True,FAIXA 3,False,,False,,True,FAIXA 3,True
320530,ES,VITORIA,0.178,MUITO BAIXA VULNERABILIDADE,False,False,CONFIRMAÇÃO DE VAGAS (ADERIDOS),2,MUITO BAIXA VULNERABILIDADE,FAIXA 3,10000,0.221,True,FAIXA 3,True,FAIXA 3,True,FAIXA 3,True,FAIXA 3,True,FAIXA 3,True
330010,RJ,ANGRA DOS REIS,0.259,BAIXA VULNERABILIDADE,False,False,CONFIRMAÇÃO DE VAGAS (ADERIDOS),3,BAIXA VULNERABILIDADE,FAIXA 3,10000,0.290,True,FAIXA 3,True,FAIXA 3,True,FAIXA 3,True,FAIXA 3,False,,True
330015,RJ,APERIBE,0.211,BAIXA VULNERABILIDADE,False,False,CADASTRO RESERVA,0,BAIXA VULNERABILIDADE,FAIXA 3,10000,0.325,False,,False,,False,,False,,True,FAIXA 3,True
330020,RJ,ARARUAMA,0.288,BAIXA VULNERABILIDADE,False,False,CADASTRO RESERVA,0,BAIXA VULNERABILIDADE,FAIXA 3,10000,0.320,False,,False,,True,FAIXA 3,True,FAIXA 3,True,FAIXA 3,True
330022,RJ,AREAL,0.295,BAIXA VULNERABILIDADE,False,False,CADASTRO RESERVA,0,BAIXA VULNERABILIDADE,FAIXA 3,10000,0.329,False,,False,,False,,False,,True,FAIXA 3,True
330023,RJ,ARMACAO DOS BUZIOS,0.192,MUITO BAIXA VULNERABILIDADE,False,False,CADASTRO RESERVA,0,MUITO BAIXA VULNERABILIDADE,FAIXA 3,10000,0.233,False,,False,,True,FAIXA 3,True,FAIXA 3,True,FAIXA 3,True
330025,RJ,ARRAIAL DO CABO,0.204,BAIXA VULNERABILIDADE,False,False,CADASTRO RESERVA,0,BAIXA VULNERABILIDADE,FAIXA 3,10000,0.255,False,,False,,False,,False,,False,,False
330030,RJ,BARRA DO PIRAI,0.249,BAIXA VULNERABILIDADE,False,False,CADASTRO RESERVA,0,BAIXA VULNERABILIDADE,FAIXA 3,10000,0.266,False,,False,,True,FAIXA 3,True,FAIXA 3,False,,True
330040,RJ,BARRA MANSA,0.233,BAIXA VULNERABILIDADE,False,False,CONFIRMAÇÃO DE VAGAS (ADERIDOS),3,BAIXA VULNERABILIDADE,FAIXA 3,10000,0.266,True,FAIXA 3,True,FAIXA 3,True,FAIXA 3,True,FAIXA 3,True,FAIXA 3,True
330045,RJ,BELFORD ROXO,0.387,MEDIA VULNERABILIDADE,False,False,CONFIRMAÇÃO DE VAGAS (ADERIDOS),2,MEDIA VULNERABILIDADE,FAIXA 2,15000,0.420,True,FAIXA 2,True,FAIXA 2,False,,False,,True,FAIXA 2,True
330050,RJ,BOM JARDIM,0.262,BAIXA VULNERABILIDADE,False,False,NÃO ELEGIVEL,0,BAIXA VULNERABILIDADE,FAIXA 3,10000,0.280,False,,False,,False,,False,,False,,False
330060,RJ,BOM JESUS DO ITABAPOANA,0.266,BAIXA VULNERABILIDADE,False,False,CADASTRO RESERVA,0,BAIXA VULNERABILIDADE,FAIXA 3,10000,0.283,False,,False,,True,FAIXA 3,True,FAIXA 3,True,FAIXA 3,True
330070,RJ,CABO FRIO,0.265,BAIXA VULNERABILIDADE,False,False,CADASTRO RESERVA,0,BAIXA VULNERABILIDADE,FAIXA 3,10000,0.259,True,FAIXA 3,True,FAIXA 3,True,FAIXA 3,True,FAIXA 3,True,FAIXA 3,True
330080,RJ,CACHOEIRAS DE MACACU,0.310,MEDIA VULNERABILIDADE,False,False,CADASTRO RESERVA,0,MEDIA VULNERABILIDADE,FAIXA 2,15000,0.316,False,,True,FAIXA 2,False,,False,,False,,True
330090,RJ,CAMBUCI,0.242,BAIXA VULNERABILIDADE,False,False,CADASTRO RESERVA,0,BAIXA VULNERABILIDADE,FAIXA 3,10000,0.257,False,,False,,False,,False,,True,FAIXA 3,True
330093,RJ,CARAPEBUS,0.323,MEDIA VULNERABILIDADE,False,False,CADASTRO RESERVA,0,MEDIA VULNERABILIDADE,FAIXA 2,15000,0.241,False,,False,,False,,False,,True,FAIXA 2,True
330095,RJ,COMENDADOR LEVY GASPARIAN,0.210,BAIXA VULNERABILIDADE,False,False,CONFIRMAÇÃO DE VAGAS (ADERIDOS),1,BAIXA VULNERABILIDADE,FAIXA 3,10000,0.229,False,,False,,False,,False,,True,FAIXA 3,True
330100,RJ,CAMPOS DOS GOYTACAZES,0.303,MEDIA VULNERABILIDADE,False,False,CADASTRO RESERVA,0,MEDIA VULNERABILIDADE,FAIXA 2,15000,0.344,False,,True,FAIXA 2,True,FAIXA 2,True,FAIXA 2,True,FAIXA 2,True
330110,RJ,CANTAGALO,0.246,BAIXA VULNERABILIDADE,False,False,NÃO ELEGIVEL,0,BAIXA VULNERABILIDADE,FAIXA 3,10000,0.281,False,,False,,False,,False,,False,,False
330115,RJ,CARDOSO MOREIRA,0.337,MEDIA VULNERABILIDADE,False,False,CADASTRO RESERVA,0,MEDIA VULNERABILIDADE,FAIXA 2,15000,0.352,False,,False,,False,,False,,False,,False
330120,RJ,CARMO,0.242,BAIXA VULNERABILIDADE,False,False,CADASTRO RESERVA,0,BAIXA VULNERABILIDADE,FAIXA 3,10000,0.289,False,,False,,False,,False,,False,,False
330130,RJ,CASIMIRO DE ABREU,0.252,BAIXA VULNERABILIDADE,False,False,CADASTRO RESERVA,0,BAIXA VULNERABILIDADE,FAIXA 3,10000,0.248,False,,True,FAIXA 3,True,FAIXA 3,True,FAIXA 3,False,,True
330140,RJ,CONCEICAO DE MACABU,0.287,BAIXA VULNERABILIDADE,False,False,CONFIRMAÇÃO DE VAGAS (ADERIDOS),1,BAIXA VULNERABILIDADE,FAIXA 3,10000,0.363,False,,False,,False,,False,,False,,False
330150,RJ,CORDEIRO,0.212,BAIXA VULNERABILIDADE,False,False,CADASTRO RESERVA,0,BAIXA VULNERABILIDADE,FAIXA 3,10000,0.248,False,,False,,False,,False,,False,,False
330160,RJ,DUAS BARRAS,0.284,BAIXA VULNERABILIDADE,False,False,NÃO ELEGIVEL,0,BAIXA VULNERABILIDADE,FAIXA 3,10000,0.291,False,,False,,False,,False,,False,,False
330170,RJ,DUQUE DE CAXIAS,0.369,MEDIA VULNERABILIDADE,False,False,CONFIRMAÇÃO DE VAGAS (ADERIDOS),2,MEDIA VULNERABILIDADE,FAIXA 2,15000,0.402,False,,False,,True,FAIXA 2,True,FAIXA 2,True,FAIXA 2,True
330180,RJ,ENGENHEIRO PAULO DE FRONTIN,0.253,BAIXA VULNERABILIDADE,False,False,CADASTRO RESERVA,0,BAIXA VULNERABILIDADE,FAIXA 3,10000,0.238,False,,False,,False,,False,,False,,False
330185,RJ,GUAPIMIRIM,0.364,MEDIA VULNERABILIDADE,False,False,CONFIRMAÇÃO DE VAGAS (ADERIDOS),1,MEDIA VULNERABILIDADE,FAIXA 2,15000,0.377,False,,False,,False,,False,,False,,False
330187,RJ,IGUABA GRANDE,0.235,BAIXA VULNERABILIDADE,False,False,CONFIRMAÇÃO DE VAGAS (ADERIDOS),2,BAIXA VULNERABILIDADE,FAIXA 3,10000,0.292,False,,True,FAIXA 3,False,,False,,False,,True
330190,RJ,ITABORAI,0.385,MEDIA VULNERABILIDADE,False,False,CADASTRO RESERVA,0,MEDIA VULNERABILIDADE,FAIXA 2,15000,0.437,True,FAIXA 2,True,FAIXA 2,True,FAIXA 2,True,FAIXA 2,True,FAIXA 2,True
330200,RJ,ITAGUAI,0.289,BAIXA VULNERABILIDADE,False,False,CADASTRO RESERVA,0,BAIXA VULNERABILIDADE,FAIXA 3,10000,0.288,True,FAIXA 3,True,FAIXA 3,True,FAIXA 3,True,FAIXA 3,False,,True
330205,RJ,ITALVA,0.254,BAIXA VULNERABILIDADE,False,False,CADASTRO RESERVA,0,BAIXA VULNERABILIDADE,FAIXA 3,10000,0.255,False,,False,,False,,False,,False,,False
330210,RJ,ITAOCARA,0.221,BAIXA VULNERABILIDADE,False,False,CADASTRO RESERVA,0,BAIXA VULNERABILIDADE,FAIXA 3,10000,0.289,False,,False,,False,,False,,False,,False
330220,RJ,ITAPERUNA,0.215,BAIXA VULNERABILIDADE,False,False,CADASTRO RESERVA,0,BAIXA VULNERABILIDADE,FAIXA 3,10000,0.255,True,FAIXA 3,True,FAIXA 3,True,FAIXA 3,False,,True,FAIXA 3,True
330225,RJ,ITATIAIA,0.230,BAIXA VULNERABILIDADE,False,False,CONFIRMAÇÃO DE VAGAS (ADERIDOS),1,BAIXA VULNERABILIDADE,FAIXA 3,10000,0.319,False,,False,,True,FAIXA 3,False,,False,,True
330227,RJ,JAPERI,0.437,ALTA VULNERABILIDADE,False,False,CADASTRO RESERVA,0,ALTA VULNERABILIDADE,FAIXA 1,20000,0.482,False,,False,,False,,False,,False,,False
330230,RJ,LAJE DO MURIAE,0.297,BAIXA VULNERABILIDADE,False,False,CADASTRO RESERVA,0,BAIXA VULNERABILIDADE,FAIXA 3,10000,0.343,False,,False,,False,,False,,True,FAIXA 3,True
330240,RJ,MACAE,0.280,BAIXA VULNERABILIDADE,False,False,CADASTRO RESERVA,0,BAIXA VULNERABILIDADE,FAIXA 3,10000,0.335,True,FAIXA 3,True,FAIXA 3,True,FAIXA 3,True,FAIXA 3,True,FAIXA 3,True
330245,RJ,MACUCO,0.266,BAIXA VULNERABILIDADE,False,False,CADASTRO RESERVA,0,BAIXA VULNERABILIDADE,FAIXA 3,10000,0.277,False,,False,,False,,False,,False,,False
330250,RJ,MAGE,0.380,MEDIA VULNERABILIDADE,False,False,CADASTRO RESERVA,0,MEDIA VULNERABILIDADE,FAIXA 2,15000,0.427,True,FAIXA 2,True,FAIXA 2,False,,False,,True,FAIXA 2,True
330260,RJ,MANGARATIBA,0.247,BAIXA VULNERABILIDADE,False,False,CONFIRMAÇÃO DE VAGAS (ADERIDOS),2,BAIXA VULNERABILIDADE,FAIXA 3,10000,0.226,False,,False,,False,,False,,False,,False
330270,RJ,MARICA,0.313,MEDIA VULNERABILIDADE,False,False,CONFIRMAÇÃO DE VAGAS (ADERIDOS),4,MEDIA VULNERABILIDADE,FAIXA 2,15000,0.376,False,,False,,True,FAIXA 2,True,FAIXA 2,False,,True
330280,RJ,MENDES,0.259,BAIXA VULNERABILIDADE,False,False,CADASTRO RESERVA,0,BAIXA VULNERABILIDADE,FAIXA 3,10000,0.348,False,,False,,False,,False,,False,,False
330285,RJ,MESQUITA,0.318,MEDIA VULNERABILIDADE,False,False,CADASTRO RESERVA,0,MEDIA VULNERABILIDADE,FAIXA 2,15000,0.355,False,,False,,False,,False,,False,,False
330290,RJ,MIGUEL PEREIRA,0.251,BAIXA VULNERABILIDADE,False,False,CADASTRO RESERVA,0,BAIXA VULNERABILIDADE,FAIXA 3,10000,0.276,False,,False,,False,,False,,True,FAIXA 3,True
330300,RJ,MIRACEMA,0.241,BAIXA VULNERABILIDADE,False,False,CADASTRO RESERVA,0,BAIXA VULNERABILIDADE,FAIXA 3,10000,0.306,False,,False,,False,,False,,True,FAIXA 3,True
330310,RJ,NATIVIDADE,0.244,BAIXA VULNERABILIDADE,False,False,CADASTRO RESERVA,0,BAIXA VULNERABILIDADE,FAIXA 3,10000,0.306,False,,False,,False,,False,,False,,False
330320,RJ,NILOPOLIS,0.295,BAIXA VULNERABILIDADE,False,False,CADASTRO RESERVA,0,BAIXA VULNERABILIDADE,FAIXA 3,10000,0.333,False,,False,,False,,False,,True,FAIXA 3,True
330330,RJ,NITEROI,0.223,BAIXA VULNERABILIDADE,False,False,CADASTRO RESERVA,0,BAIXA VULNERABILIDADE,FAIXA 3,10000,0.291,True,FAIXA 3,True,FAIXA 3,True,FAIXA 3,True,FAIXA 3,True,FAIXA 3,True
330340,RJ,NOVA FRIBURGO,0.201,BAIXA VULNERABILIDADE,False,False,CADASTRO RESERVA,0,BAIXA VULNERABILIDADE,FAIXA 3,10000,0.225,True,FAIXA 3,True,FAIXA 3,True,FAIXA 3,True,FAIXA 3,True,FAIXA 3,True
330350,RJ,NOVA IGUACU,0.366,MEDIA VULNERABILIDADE,False,False,CADASTRO RESERVA,0,MEDIA VULNERABILIDADE,FAIXA 2,15000,0.408,True,FAIXA 2,True,FAIXA 2,True,FAIXA 2,True,FAIXA 2,True,FAIXA 2,True
330360,RJ,PARACAMBI,0.299,BAIXA VULNERABILIDADE,False,False,CADASTRO RESERVA,0,BAIXA VULNERABILIDADE,FAIXA 3,10000,0.247,False,,False,,False,,False,,False,,False
330370,RJ,PARAIBA DO SUL,0.227,BAIXA VULNERABILIDADE,False,False,CADASTRO RESERVA,0,BAIXA VULNERABILIDADE,FAIXA 3,10000,0.305,True,FAIXA 3,True,FAIXA 3,False,,False,,False,,True
330380,RJ,PARATY,0.262,BAIXA VULNERABILIDADE,False,False,CADASTRO RESERVA,0,BAIXA VULNERABILIDADE,FAIXA 3,10000,0.212,False,,False,,True,FAIXA 3,True,FAIXA 3,True,FAIXA 3,True
330385,RJ,PATY DO ALFERES,0.324,MEDIA VULNERABILIDADE,False,False,NÃO ELEGIVEL,0,MEDIA VULNERABILIDADE,FAIXA 2,15000,0.382,False,,False,,False,,False,,False,,False
330390,RJ,PETROPOLIS,0.290,BAIXA VULNERABILIDADE,False,False,CONFIRMAÇÃO DE VAGAS (ADERIDOS),1,BAIXA VULNERABILIDADE,FAIXA 3,10000,0.314,False,,True,FAIXA 3,True,FAIXA 3,True,FAIXA 3,True,FAIXA 3,True
330395,RJ,PINHEIRAL,0.293,BAIXA VULNERABILIDADE,False,False,CADASTRO RESERVA,0,BAIXA VULNERABILIDADE,FAIXA 3,10000,0.270,False,,False,,False,,False,,False,,False
330400,RJ,PIRAI,0.238,BAIXA VULNERABILIDADE,False,False,CADASTRO RESERVA,0,BAIXA VULNERABILIDADE,FAIXA 3,10000,0.278,False,,False,,False,,False,,False,,False
330410,RJ,PORCIUNCULA,0.274,BAIXA VULNERABILIDADE,False,False,CADASTRO RESERVA,0,BAIXA VULNERABILIDADE,FAIXA 3,10000,0.310,False,,False,,False,,False,,False,,False
330411,RJ,PORTO REAL,0.212,BAIXA VULNERABILIDADE,False,False,NÃO ELEGIVEL,0,BAIXA VULNERABILIDADE,FAIXA 3,10000,0.269,False,,False,,False,,False,,False,,False
330412,RJ,QUATIS,0.200,MUITO BAIXA VULNERABILIDADE,False,False,CADASTRO RESERVA,0,MUITO BAIXA VULNERABILIDADE,FAIXA 3,10000,0.255,False,,False,,False,,False,,False,,False
330414,RJ,QUEIMADOS,0.397,MEDIA VULNERABILIDADE,False,False,CADASTRO RESERVA,0,MEDIA VULNERABILIDADE,FAIXA 2,15000,0.420,False,,False,,False,,False,,True,FAIXA 2,True
330415,RJ,QUISSAMA,0.300,BAIXA VULNERABILIDADE,False,False,CONFIRMAÇÃO DE VAGAS (ADERIDOS),1,BAIXA VULNERABILIDADE,FAIXA 3,10000,0.293,False,,False,,True,FAIXA 3,True,FAIXA 3,True,FAIXA 3,True
330420,RJ,RESENDE,0.194,MUITO BAIXA VULNERABILIDADE,False,False,CADASTRO RESERVA,0,MUITO BAIXA VULNERABILIDADE,FAIXA 3,10000,0.214,False,,True,FAIXA 3,True,FAIXA 3,True,FAIXA 3,False,,True
330430,RJ,RIO BONITO,0.255,BAIXA VULNERABILIDADE,False,False,CONFIRMAÇÃO DE VAGAS (ADERIDOS),1,BAIXA VULNERABILIDADE,FAIXA 3,10000,0.234,False,,True,FAIXA 3,True,FAIXA 3,True,FAIXA 3,True,FAIXA 3,True
330440,RJ,RIO CLARO,0.264,BAIXA VULNERABILIDADE,False,False,CADASTRO RESERVA,0,BAIXA VULNERABILIDADE,FAIXA 3,10000,0.330,False,,False,,False,,False,,False,,False
330450,RJ,RIO DAS FLORES,0.233,BAIXA VULNERABILIDADE,False,False,CADASTRO RESERVA,0,BAIXA VULNERABILIDADE,FAIXA 3,10000,0.236,False,,False,,False,,False,,False,,False
330452,RJ,RIO DAS OSTRAS,0.225,BAIXA VULNERABILIDADE,False,False,CONFIRMAÇÃO DE VAGAS (ADERIDOS),1,BAIXA VULNERABILIDADE,FAIXA 3,10000,0.244,True,FAIXA 3,True,FAIXA 3,False,,False,,True,FAIXA 3,True
330455,RJ,RIO DE JANEIRO,0.290,BAIXA VULNERABILIDADE,False,False,CONFIRMAÇÃO DE VAGAS (ADERIDOS),69,BAIXA VULNERABILIDADE,FAIXA 3,10000,0.334,True,FAIXA 3,True,FAIXA 3,True,FAIXA 3,True,FAIXA 3,True,FAIXA 3,True
330460,RJ,SANTA MARIA MADALENA,0.290,BAIXA VULNERABILIDADE,False,False,NÃO ELEGIVEL,0,BAIXA VULNERABILIDADE,FAIXA 3,10000,0.265,False,,False,,False,,False,,False,,False
330470,RJ,SANTO ANTONIO DE PADUA,0.249,BAIXA VULNERABILIDADE,False,False,CADASTRO RESERVA,0,BAIXA VULNERABILIDADE,FAIXA 3,10000,0.298,False,,False,,False,,False,,True,FAIXA 3,True
330475,RJ,SAO FRANCISCO DE ITABAPOANA,0.376,MEDIA VULNERABILIDADE,False,False,CADASTRO RESERVA,0,MEDIA VULNERABILIDADE,FAIXA 2,15000,0.374,False,,False,,False,,False,,True,FAIXA 2,True
330480,RJ,SAO FIDELIS,0.225,BAIXA VULNERABILIDADE,False,False,CADASTRO RESERVA,0,BAIXA VULNERABILIDADE,FAIXA 3,10000,0.226,False,,False,,False,,False,,False,,False
330490,RJ,SAO GONCALO,0.333,MEDIA VULNERABILIDADE,False,False,CADASTRO RESERVA,0,MEDIA VULNERABILIDADE,FAIXA 2,15000,0.379,True,FAIXA 2,True,FAIXA 2,True,FAIXA 2,True,FAIXA 2,True,FAIXA 2,True
330500,RJ,SAO JOAO DA BARRA,0.280,BAIXA VULNERABILIDADE,False,False,CADASTRO RESERVA,0,BAIXA VULNERABILIDADE,FAIXA 3,10000,0.272,False,,False,,False,,False,,False,,False
330510,RJ,SAO JOAO DE MERITI,0.336,MEDIA VULNERABILIDADE,False,False,CONFIRMAÇÃO DE VAGAS (ADERIDOS),5,MEDIA VULNERABILIDADE,FAIXA 2,15000,0.370,True,FAIXA 2,False,,True,FAIXA 2,False,,False,,True
330513,RJ,SAO JOSE DE UBA,0.255,BAIXA VULNERABILIDADE,False,False,CADASTRO RESERVA,0,BAIXA VULNERABILIDADE,FAIXA 3,10000,0.258,False,,False,,False,,False,,True,FAIXA 3,True
330515,RJ,SAO JOSE DO VALE DO RIO PRETO,0.280,BAIXA VULNERABILIDADE,False,False,CADASTRO RESERVA,0,BAIXA VULNERABILIDADE,FAIXA 3,10000,0.340,False,,False,,False,,False,,False,,False
330520,RJ,SAO PEDRO DA ALDEIA,0.258,BAIXA VULNERABILIDADE,False,False,CADASTRO RESERVA,0,BAIXA VULNERABILIDADE,FAIXA 3,10000,0.299,False,,False,,False,,False,,False,,False
330530,RJ,SAO SEBASTIAO DO ALTO,0.268,BAIXA VULNERABILIDADE,False,False,CADASTRO RESERVA,0,BAIXA VULNERABILIDADE,FAIXA 3,10000,0.242,False,,False,,False,,False,,False,,False
330540,RJ,SAPUCAIA,0.274,BAIXA VULNERABILIDADE,False,False,CONFIRMAÇÃO DE VAGAS (ADERIDOS),1,BAIXA VULNERABILIDADE,FAIXA 3,10000,0.277,False,,False,,False,,False,,False,,False
330550,RJ,SAQUAREMA,0.284,BAIXA VULNERABILIDADE,False,False,CADASTRO RESERVA,0,BAIXA VULNERABILIDADE,FAIXA 3,10000,0.320,False,,False,,False,,False,,True,FAIXA 3,True
330555,RJ,SEROPEDICA,0.366,MEDIA VULNERABILIDADE,False,False,CADASTRO RESERVA,0,MEDIA VULNERABILIDADE,FAIXA 2,15000,0.367,False,,False,,False,,False,,False,,False
330560,RJ,SILVA JARDIM,0.357,MEDIA VULNERABILIDADE,False,False,CADASTRO RESERVA,0,MEDIA VULNERABILIDADE,FAIXA 2,15000,0.312,False,,False,,False,,False,,False,,False
330570,RJ,SUMIDOURO,0.326,MEDIA VULNERABILIDADE,False,False,CONFIRMAÇÃO DE VAGAS (ADERIDOS),1,MEDIA VULNERABILIDADE,FAIXA 2,15000,0.280,False,,False,,False,,False,,True,FAIXA 2,True
330575,RJ,TANGUA,0.404,ALTA VULNERABILIDADE,False,False,CONFIRMAÇÃO DE VAGAS (ADERIDOS),1,ALTA VULNERABILIDADE,FAIXA 1,20000,0.407,False,,False,,False,,False,,False,,False
330580,RJ,TERESOPOLIS,0.232,BAIXA VULNERABILIDADE,False,False,CADASTRO RESERVA,0,BAIXA VULNERABILIDADE,FAIXA 3,10000,0.302,False,,True,FAIXA 3,False,,False,,False,,True
330590,RJ,TRAJANO DE MORAES,0.333,MEDIA VULNERABILIDADE,False,False,CADASTRO RESERVA,0,MEDIA VULNERABILIDADE,FAIXA 2,15000,0.262,False,,False,,False,,False,,False,,False
330600,RJ,TRES RIOS,0.228,BAIXA VULNERABILIDADE,False,False,CONFIRMAÇÃO DE VAGAS (ADERIDOS),1,BAIXA VULNERABILIDADE,FAIXA 3,10000,0.261,False,,False,,False,,False,,False,,False
330610,RJ,VALENCA,0.228,BAIXA VULNERABILIDADE,False,False,NÃO ELEGIVEL,0,BAIXA VULNERABILIDADE,FAIXA 3,10000,0.262,False,,True,FAIXA 3,True,FAIXA 3,True,FAIXA 3,False,,True
330615,RJ,VARRE-SAI,0.280,BAIXA VULNERABILIDADE,False,False,CADASTRO RESERVA,0,BAIXA VULNERABILIDADE,FAIXA 3,10000,0.276,False,,False,,False,,False,,False,,False
330620,RJ,VASSOURAS,0.209,BAIXA VULNERABILIDADE,False,False,NÃO ELEGIVEL,0,BAIXA VULNERABILIDADE,FAIXA 3,10000,0.186,True,FAIXA 3,True,FAIXA 3,True,FAIXA 3,True,FAIXA 3,True,FAIXA 3,True
330630,RJ,VOLTA REDONDA,0.191,MUITO BAIXA VULNERABILIDADE,False,False,CONFIRMAÇÃO DE VAGAS (ADERIDOS),2,MUITO BAIXA VULNERABILIDADE,FAIXA 3,10000,0.236,True,FAIXA 3,True,FAIXA 3,True,FAIXA 3,True,FAIXA 3,False,,True
350010,SP,ADAMANTINA,0.174,MUITO BAIXA VULNERABILIDADE,False,False,CADASTRO RESERVA,0,MUITO BAIXA VULNERABILIDADE,FAIXA 3,10000,0.228,False,,False,,False,,False,,False,,False
350020,SP,ADOLFO,0.217,BAIXA VULNERABILIDADE,False,False,CADASTRO RESERVA,0,BAIXA VULNERABILIDADE,FAIXA 3,10000,0.286,False,,False,,False,,False,,False,,False
350030,SP,AGUAI,0.286,BAIXA VULNERABILIDADE,False,False,CADASTRO RESERVA,0,BAIXA VULNERABILIDADE,FAIXA 3,10000,0.412,False,,False,,False,,False,,False,,False
350040,SP,AGUAS DA PRATA,0.181,MUITO BAIXA VULNERABILIDADE,False,False,CADASTRO RESERVA,0,MUITO BAIXA VULNERABILIDADE,FAIXA 3,10000,0.209,False,,False,,False,,False,,False,,False
350050,SP,AGUAS DE LINDOIA,0.182,MUITO BAIXA VULNERABILIDADE,False,False,CADASTRO RESERVA,0,MUITO BAIXA VULNERABILIDADE,FAIXA 3,10000,0.208,False,,False,,False,,False,,False,,False
350055,SP,AGUAS DE SANTA BARBARA,0.143,MUITO BAIXA VULNERABILIDADE,False,False,CADASTRO RESERVA,0,MUITO BAIXA VULNERABILIDADE,FAIXA 3,10000,0.247,False,,False,,False,,False,,False,,False
350060,SP,AGUAS DE SAO PEDRO,0.113,MUITO BAIXA VULNERABILIDADE,False,False,NÃO ELEGIVEL,0,MUITO BAIXA VULNERABILIDADE,FAIXA 3,10000,0.105,False,,False,,False,,False,,False,,False
350070,SP,AGUDOS,0.258,BAIXA VULNERABILIDADE,False,False,CONFIRMAÇÃO DE VAGAS (ADERIDOS),1,BAIXA VULNERABILIDADE,FAIXA 3,10000,0.272,False,,False,,False,,False,,False,,False
350075,SP,ALAMBARI,0.203,BAIXA VULNERABILIDADE,False,False,NÃO ELEGIVEL,0,BAIXA VULNERABILIDADE,FAIXA 3,10000,0.246,False,,False,,False,,False,,False,,False
350080,SP,ALFREDO MARCONDES,0.235,BAIXA VULNERABILIDADE,False,False,NÃO ELEGIVEL,0,BAIXA VULNERABILIDADE,FAIXA 3,10000,0.362,False,,False,,False,,False,,False,,False
350090,SP,ALTAIR,0.232,BAIXA VULNERABILIDADE,False,False,CADASTRO RESERVA,0,BAIXA VULNERABILIDADE,FAIXA 3,10000,0.238,False,,False,,False,,False,,False,,False
350100,SP,ALTINOPOLIS,0.280,BAIXA VULNERABILIDADE,False,False,CADASTRO RESERVA,0,BAIXA VULNERABILIDADE,FAIXA 3,10000,0.251,False,,False,,False,,False,,False,,False
350110,SP,ALTO ALEGRE,0.321,MEDIA VULNERABILIDADE,False,False,CADASTRO RESERVA,0,MEDIA VULNERABILIDADE,FAIXA 2,15000,0.241,False,,False,,False,,False,,False,,False
350115,SP,ALUMINIO,0.252,BAIXA VULNERABILIDADE,False,False,NÃO ELEGIVEL,0,BAIXA VULNERABILIDADE,FAIXA 3,10000,0.309,False,,False,,False,,False,,False,,False
350120,SP,ALVARES FLORENCE,0.190,MUITO BAIXA VULNERABILIDADE,False,False,NÃO ELEGIVEL,0,MUITO BAIXA VULNERABILIDADE,FAIXA 3,10000,0.179,False,,False,,False,,False,,False,,False
350130,SP,ALVARES MACHADO,0.231,BAIXA VULNERABILIDADE,False,False,NÃO ELEGIVEL,0,BAIXA VULNERABILIDADE,FAIXA 3,10000,0.321,False,,False,,False,,False,,False,,False
350140,SP,ALVARO DE CARVALHO,0.278,BAIXA VULNERABILIDADE,False,False,NÃO ELEGIVEL,0,BAIXA VULNERABILIDADE,FAIXA 3,10000,0.300,False,,False,,False,,False,,False,,False
350150,SP,ALVINLANDIA,0.170,MUITO BAIXA VULNERABILIDADE,False,False,CADASTRO RESERVA,0,MUITO BAIXA VULNERABILIDADE,FAIXA 3,10000,0.231,False,,False,,False,,False,,False,,False
350160,SP,AMERICANA,0.149,MUITO BAIXA VULNERABILIDADE,False,False,CADASTRO RESERVA,0,MUITO BAIXA VULNERABILIDADE,FAIXA 3,10000,0.172,False,,False,,False,,False,,False,,False
350170,SP,AMERICO BRASILIENSE,0.269,BAIXA VULNERABILIDADE,False,False,CONFIRMAÇÃO DE VAGAS (ADERIDOS),2,BAIXA VULNERABILIDADE,FAIXA 3,10000,0.226,False,,False,,False,,False,,True,FAIXA 3,True
350180,SP,AMERICO DE CAMPOS,0.249,BAIXA VULNERABILIDADE,False,False,CADASTRO RESERVA,0,BAIXA VULNERABILIDADE,FAIXA 3,10000,0.200,False,,False,,False,,False,,False,,False
350190,SP,AMPARO,0.152,MUITO BAIXA VULNERABILIDADE,False,False,CADASTRO RESERVA,0,MUITO BAIXA VULNERABILIDADE,FAIXA 3,10000,0.182,True,FAIXA 3,True,FAIXA 3,False,,False,,False,,True
350200,SP,ANALANDIA,0.194,MUITO BAIXA VULNERABILIDADE,False,False,NÃO ELEGIVEL,0,MUITO BAIXA VULNERABILIDADE,FAIXA 3,10000,0.234,False,,False,,False,,False,,False,,False
350210,SP,ANDRADINA,0.186,MUITO BAIXA VULNERABILIDADE,False,False,CONFIRMAÇÃO DE VAGAS (ADERIDOS),2,MUITO BAIXA VULNERABILIDADE,FAIXA 3,10000,0.223,True,FAIXA 3,True,FAIXA 3,False,,False,,True,FAIXA 3,True
350220,SP,ANGATUBA,0.228,BAIXA VULNERABILIDADE,False,False,CONFIRMAÇÃO DE VAGAS (ADERIDOS),1,BAIXA VULNERABILIDADE,FAIXA 3,10000,0.432,False,,False,,False,,False,,False,,False
350230,SP,ANHEMBI,0.211,BAIXA VULNERABILIDADE,False,False,CADASTRO RESERVA,0,BAIXA VULNERABILIDADE,FAIXA 3,10000,0.289,False,,False,,False,,False,,False,,False
350240,SP,ANHUMAS,0.208,BAIXA VULNERABILIDADE,False,False,NÃO ELEGIVEL,0,BAIXA VULNERABILIDADE,FAIXA 3,10000,0.237,False,,False,,False,,False,,False,,False
350250,SP,APARECIDA,0.188,MUITO BAIXA VULNERABILIDADE,False,False,NÃO ELEGIVEL,0,MUITO BAIXA VULNERABILIDADE,FAIXA 3,10000,0.240,False,,False,,False,,False,,False,,False
350260,SP,APARECIDA D'OESTE,0.243,BAIXA VULNERABILIDADE,False,False,NÃO ELEGIVEL,0,BAIXA VULNERABILIDADE,FAIXA 3,10000,0.230,False,,False,,False,,False,,False,,False
350270,SP,APIAI,0.342,MEDIA VULNERABILIDADE,False,False,CADASTRO RESERVA,0,MEDIA VULNERABILIDADE,FAIXA 2,15000,0.341,False,,False,,False,,False,,True,FAIXA 2,True
350275,SP,ARACARIGUAMA,0.235,BAIXA VULNERABILIDADE,False,False,NÃO ELEGIVEL,0,BAIXA VULNERABILIDADE,FAIXA 3,10000,0.278,False,,False,,False,,False,,False,,False
350280,SP,ARACATUBA,0.172,MUITO BAIXA VULNERABILIDADE,False,False,CONFIRMAÇÃO DE VAGAS (ADERIDOS),2,MUITO BAIXA VULNERABILIDADE,FAIXA 3,10000,0.214,False,,False,,False,,False,,True,FAIXA 3,True
350290,SP,ARACOIABA DA SERRA,0.221,BAIXA VULNERABILIDADE,False,False,CADASTRO RESERVA,0,BAIXA VULNERABILIDADE,FAIXA 3,10000,0.255,False,,False,,False,,False,,False,,False
350300,SP,ARAMINA,0.167,MUITO BAIXA VULNERABILIDADE,False,False,NÃO ELEGIVEL,0,MUITO BAIXA VULNERABILIDADE,FAIXA 3,10000,0.227,False,,False,,False,,False,,False,,False
350310,SP,ARANDU,0.216,BAIXA VULNERABILIDADE,False,False,CADASTRO RESERVA,0,BAIXA VULNERABILIDADE,FAIXA 3,10000,0.268,False,,False,,False,,False,,False,,False
350315,SP,ARAPEI,0.243,BAIXA VULNERABILIDADE,False,False,NÃO ELEGIVEL,0,BAIXA VULNERABILIDADE,FAIXA 3,10000,0.245,False,,False,,False,,False,,False,,False
350320,SP,ARARAQUARA,0.176,MUITO BAIXA VULNERABILIDADE,False,False,CONFIRMAÇÃO DE VAGAS (ADERIDOS),3,MUITO BAIXA VULNERABILIDADE,FAIXA 3,10000,0.219,False,,False,,False,,False,,True,FAIXA 3,True
350330,SP,ARARAS,0.185,MUITO BAIXA VULNERABILIDADE,False,False,CADASTRO RESERVA,0,MUITO BAIXA VULNERABILIDADE,FAIXA 3,10000,0.281,False,,False,,False,,False,,False,,False
350335,SP,ARCO-IRIS,0.229,BAIXA VULNERABILIDADE,False,False,NÃO ELEGIVEL,0,BAIXA VULNERABILIDADE,FAIXA 3,10000,0.285,False,,False,,False,,False,,False,,False
350340,SP,AREALVA,0.213,BAIXA VULNERABILIDADE,False,False,CADASTRO RESERVA,0,BAIXA VULNERABILIDADE,FAIXA 3,10000,0.334,False,,False,,False,,False,,False,,False
350350,SP,AREIAS,0.286,BAIXA VULNERABILIDADE,False,False,CADASTRO RESERVA,0,BAIXA VULNERABILIDADE,FAIXA 3,10000,0.280,False,,False,,False,,False,,False,,False
350360,SP,AREIOPOLIS,0.298,BAIXA VULNERABILIDADE,False,False,CADASTRO RESERVA,0,BAIXA VULNERABILIDADE,FAIXA 3,10000,0.426,False,,False,,False,,False,,False,,False
350370,SP,ARIRANHA,0.221,BAIXA VULNERABILIDADE,False,False,CADASTRO RESERVA,0,BAIXA VULNERABILIDADE,FAIXA 3,10000,0.380,False,,False,,False,,False,,False,,False
350380,SP,ARTUR NOGUEIRA,0.260,BAIXA VULNERABILIDADE,False,False,CADASTRO RESERVA,0,BAIXA VULNERABILIDADE,FAIXA 3,10000,0.313,False,,False,,False,,False,,True,FAIXA 3,True
350390,SP,ARUJA,0.307,MEDIA VULNERABILIDADE,False,False,CADASTRO RESERVA,0,MEDIA VULNERABILIDADE,FAIXA 2,15000,0.272,False,,False,,False,,False,,True,FAIXA 2,True
350395,SP,ASPASIA,0.207,BAIXA VULNERABILIDADE,False,False,NÃO ELEGIVEL,0,BAIXA VULNERABILIDADE,FAIXA 3,10000,0.250,False,,False,,False,,False,,False,,False
350400,SP,ASSIS,0.163,MUITO BAIXA VULNERABILIDADE,False,False,CADASTRO RESERVA,0,MUITO BAIXA VULNERABILIDADE,FAIXA 3,10000,0.229,False,,False,,True,FAIXA 3,True,FAIXA 3,False,,True
350410,SP,ATIBAIA,0.204,BAIXA VULNERABILIDADE,False,False,CONFIRMAÇÃO DE VAGAS (ADERIDOS),1,BAIXA VULNERABILIDADE,FAIXA 3,10000,0.321,False,,False,,False,,False,,False,,False
350420,SP,AURIFLAMA,0.218,BAIXA VULNERABILIDADE,False,False,CADASTRO RESERVA,0,BAIXA VULNERABILIDADE,FAIXA 3,10000,0.145,False,,False,,False,,False,,False,,False
350430,SP,AVAI,0.281,BAIXA VULNERABILIDADE,False,False,CADASTRO RESERVA,0,BAIXA VULNERABILIDADE,FAIXA 3,10000,0.303,False,,False,,False,,False,,False,,False
350440,SP,AVANHANDAVA,0.275,BAIXA VULNERABILIDADE,False,False,CONFIRMAÇÃO DE VAGAS (ADERIDOS),1,BAIXA VULNERABILIDADE,FAIXA 3,10000,0.280,False,,False,,False,,False,,False,,False
350450,SP,AVARE,0.224,BAIXA VULNERABILIDADE,False,False,CADASTRO RESERVA,0,BAIXA VULNERABILIDADE,FAIXA 3,10000,0.277,False,,False,,False,,False,,False,,False
350460,SP,BADY BASSITT,0.164,MUITO BAIXA VULNERABILIDADE,False,False,CADASTRO RESERVA,0,MUITO BAIXA VULNERABILIDADE,FAIXA 3,10000,0.154,False,,False,,False,,False,,False,,False
350470,SP,BALBINOS,0.269,BAIXA VULNERABILIDADE,False,False,CADASTRO RESERVA,0,BAIXA VULNERABILIDADE,FAIXA 3,10000,0.207,False,,False,,False,,False,,False,,False
350480,SP,BALSAMO,0.166,MUITO BAIXA VULNERABILIDADE,False,False,NÃO ELEGIVEL,0,MUITO BAIXA VULNERABILIDADE,FAIXA 3,10000,0.289,False,,False,,False,,False,,False,,False
350490,SP,BANANAL,0.259,BAIXA VULNERABILIDADE,False,False,CADASTRO RESERVA,0,BAIXA VULNERABILIDADE,FAIXA 3,10000,0.264,False,,False,,False,,False,,False,,False
350500,SP,BARAO DE ANTONINA,0.273,BAIXA VULNERABILIDADE,False,False,NÃO ELEGIVEL,0,BAIXA VULNERABILIDADE,FAIXA 3,10000,0.223,False,,False,,False,,False,,False,,False
350510,SP,BARBOSA,0.266,BAIXA VULNERABILIDADE,False,False,NÃO ELEGIVEL,0,BAIXA VULNERABILIDADE,FAIXA 3,10000,0.378,False,,False,,False,,False,,False,,False
350520,SP,BARIRI,0.151,MUITO BAIXA VULNERABILIDADE,False,False,CADASTRO RESERVA,0,MUITO BAIXA VULNERABILIDADE,FAIXA 3,10000,0.213,False,,False,,False,,False,,True,FAIXA 3,True
350530,SP,BARRA BONITA,0.141,MUITO BAIXA VULNERABILIDADE,False,False,CADASTRO RESERVA,0,MUITO BAIXA VULNERABILIDADE,FAIXA 3,10000,0.156,False,,False,,True,FAIXA 3,True,FAIXA 3,True,FAIXA 3,True
350535,SP,BARRA DO CHAPEU,0.434,ALTA VULNERABILIDADE,False,False,CADASTRO RESERVA,0,ALTA VULNERABILIDADE,FAIXA 1,20000,0.398,False,,False,,False,,False,,False,,False
350540,SP,BARRA DO TURVO,0.368,MEDIA VULNERABILIDADE,False,False,CADASTRO RESERVA,0,MEDIA VULNERABILIDADE,FAIXA 2,15000,0.314,False,,False,,False,,False,,False,,False
350550,SP,BARRETOS,0.187,MUITO BAIXA VULNERABILIDADE,False,False,NÃO ELEGIVEL,0,MUITO BAIXA VULNERABILIDADE,FAIXA 3,10000,0.251,False,,False,,False,,False,,False,,False
350560,SP,BARRINHA,0.342,MEDIA VULNERABILIDADE,False,False,CADASTRO RESERVA,0,MEDIA VULNERABILIDADE,FAIXA 2,15000,0.382,False,,False,,False,,False,,False,,False
350570,SP,BARUERI,0.298,BAIXA VULNERABILIDADE,False,False,CADASTRO RESERVA,0,BAIXA VULNERABILIDADE,FAIXA 3,10000,0.341,False,,False,,True,FAIXA 3,True,FAIXA 3,True,FAIXA 3,True
350580,SP,BASTOS,0.175,MUITO BAIXA VULNERABILIDADE,False,False,NOVA ADESÃO,1,MUITO BAIXA VULNERABILIDADE,FAIXA 3,10000,0.197,False,,False,,False,,False,,False,,False
350590,SP,BATATAIS,0.252,BAIXA VULNERABILIDADE,False,False,CADASTRO RESERVA,0,BAIXA VULNERABILIDADE,FAIXA 3,10000,0.369,False,,False,,False,,False,,False,,False
350600,SP,BAURU,0.208,BAIXA VULNERABILIDADE,False,False,CADASTRO RESERVA,0,BAIXA VULNERABILIDADE,FAIXA 3,10000,0.257,True,FAIXA 3,True,FAIXA 3,False,,False,,False,,True
350610,SP,BEBEDOURO,0.161,MUITO BAIXA VULNERABILIDADE,False,False,CADASTRO RESERVA,0,MUITO BAIXA VULNERABILIDADE,FAIXA 3,10000,0.216,False,,False,,False,,False,,False,,False
350620,SP,BENTO DE ABREU,0.243,BAIXA VULNERABILIDADE,False,False,CADASTRO RESERVA,0,BAIXA VULNERABILIDADE,FAIXA 3,10000,0.234,False,,False,,False,,False,,False,,False
350630,SP,BERNARDINO DE CAMPOS,0.198,MUITO BAIXA VULNERABILIDADE,False,False,CONFIRMAÇÃO DE VAGAS (ADERIDOS),1,MUITO BAIXA VULNERABILIDADE,FAIXA 3,10000,0.253,False,,False,,False,,False,,False,,False
350635,SP,BERTIOGA,0.224,BAIXA VULNERABILIDADE,False,False,CADASTRO RESERVA,0,BAIXA VULNERABILIDADE,FAIXA 3,10000,0.249,False,,False,,False,,False,,True,FAIXA 3,True
350640,SP,BILAC,0.201,BAIXA VULNERABILIDADE,False,False,NÃO ELEGIVEL,0,BAIXA VULNERABILIDADE,FAIXA 3,10000,0.179,False,,False,,False,,False,,False,,False
350650,SP,BIRIGUI,0.141,MUITO BAIXA VULNERABILIDADE,False,False,CADASTRO RESERVA,0,MUITO BAIXA VULNERABILIDADE,FAIXA 3,10000,0.158,False,,False,,False,,False,,False,,False
350660,SP,BIRITIBA-MIRIM,0.278,BAIXA VULNERABILIDADE,False,False,CADASTRO RESERVA,0,BAIXA VULNERABILIDADE,FAIXA 3,10000,0.341,False,,False,,False,,False,,False,,False
350670,SP,BOA ESPERANCA DO SUL,0.335,MEDIA VULNERABILIDADE,False,False,CADASTRO RESERVA,0,MEDIA VULNERABILIDADE,FAIXA 2,15000,0.390,False,,False,,False,,False,,False,,False
350680,SP,BOCAINA,0.150,MUITO BAIXA VULNERABILIDADE,False,False,CONFIRMAÇÃO DE VAGAS (ADERIDOS),1,MUITO BAIXA VULNERABILIDADE,FAIXA 3,10000,0.205,False,,False,,False,,False,,False,,False
350690,SP,BOFETE,0.268,BAIXA VULNERABILIDADE,False,False,CADASTRO RESERVA,0,BAIXA VULNERABILIDADE,FAIXA 3,10000,0.376,False,,False,,False,,False,,False,,False
350700,SP,BOITUVA,0.193,MUITO BAIXA VULNERABILIDADE,False,False,CADASTRO RESERVA,0,MUITO BAIXA VULNERABILIDADE,FAIXA 3,10000,0.222,False,,False,,False,,False,,False,,False
350710,SP,BOM JESUS DOS PERDOES,0.207,BAIXA VULNERABILIDADE,False,False,CADASTRO RESERVA,0,BAIXA VULNERABILIDADE,FAIXA 3,10000,0.200,False,,False,,False,,False,,False,,False
350715,SP,BOM SUCESSO DE ITARARE,0.360,MEDIA VULNERABILIDADE,False,False,NÃO ELEGIVEL,0,MEDIA VULNERABILIDADE,FAIXA 2,15000,0.478,False,,False,,False,,False,,False,,False
350720,SP,BORA,0.271,BAIXA VULNERABILIDADE,False,False,NÃO ELEGIVEL,0,BAIXA VULNERABILIDADE,FAIXA 3,10000,0.159,False,,False,,False,,False,,False,,False
350730,SP,BORACEIA,0.173,MUITO BAIXA VULNERABILIDADE,False,False,NÃO ELEGIVEL,0,MUITO BAIXA VULNERABILIDADE,FAIXA 3,10000,0.358,False,,False,,False,,False,,False,,False
350740,SP,BORBOREMA,0.219,BAIXA VULNERABILIDADE,False,False,NÃO ELEGIVEL,0,BAIXA VULNERABILIDADE,FAIXA 3,10000,0.270,False,,False,,False,,False,,False,,False
350745,SP,BOREBI,0.217,BAIXA VULNERABILIDADE,False,False,CADASTRO RESERVA,0,BAIXA VULNERABILIDADE,FAIXA 3,10000,0.255,False,,False,,False,,False,,False,,False
350750,SP,BOTUCATU,0.180,MUITO BAIXA VULNERABILIDADE,False,False,CADASTRO RESERVA,0,MUITO BAIXA VULNERABILIDADE,FAIXA 3,10000,0.288,True,FAIXA 3,True,FAIXA 3,True,FAIXA 3,True,FAIXA 3,False,,True
350760,SP,BRAGANCA PAULISTA,0.193,MUITO BAIXA VULNERABILIDADE,False,False,CONFIRMAÇÃO DE VAGAS (ADERIDOS),1,MUITO BAIXA VULNERABILIDADE,FAIXA 3,10000,0.221,True,FAIXA 3,True,FAIXA 3,False,,False,,False,,True
350770,SP,BRAUNA,0.278,BAIXA VULNERABILIDADE,False,False,CADASTRO RESERVA,0,BAIXA VULNERABILIDADE,FAIXA 3,10000,0.246,False,,False,,False,,False,,False,,False
350775,SP,BREJO ALEGRE,0.184,MUITO BAIXA VULNERABILIDADE,False,False,NÃO ELEGIVEL,0,MUITO BAIXA VULNERABILIDADE,FAIXA 3,10000,0.164,False,,False,,False,,False,,False,,False
350780,SP,BRODOWSKI,0.202,BAIXA VULNERABILIDADE,False,False,CADASTRO RESERVA,0,BAIXA VULNERABILIDADE,FAIXA 3,10000,0.200,False,,False,,False,,False,,True,FAIXA 3,True
350790,SP,BROTAS,0.197,MUITO BAIXA VULNERABILIDADE,False,False,CADASTRO RESERVA,0,MUITO BAIXA VULNERABILIDADE,FAIXA 3,10000,0.177,False,,False,,False,,False,,False,,False
350800,SP,BURI,0.395,MEDIA VULNERABILIDADE,False,False,CADASTRO RESERVA,0,MEDIA VULNERABILIDADE,FAIXA 2,15000,0.480,False,,False,,False,,False,,False,,False
350810,SP,BURITAMA,0.272,BAIXA VULNERABILIDADE,False,False,CADASTRO RESERVA,0,BAIXA VULNERABILIDADE,FAIXA 3,10000,0.292,False,,False,,False,,False,,False,,False
350820,SP,BURITIZAL,0.173,MUITO BAIXA VULNERABILIDADE,False,False,CADASTRO RESERVA,0,MUITO BAIXA VULNERABILIDADE,FAIXA 3,10000,0.209,False,,False,,False,,False,,False,,False
350830,SP,CABRALIA PAULISTA,0.301,MEDIA VULNERABILIDADE,False,False,CADASTRO RESERVA,0,MEDIA VULNERABILIDADE,FAIXA 2,15000,0.383,False,,False,,False,,False,,False,,False
350840,SP,CABREUVA,0.262,BAIXA VULNERABILIDADE,False,False,CADASTRO RESERVA,0,BAIXA VULNERABILIDADE,FAIXA 3,10000,0.362,False,,False,,False,,False,,False,,False
350850,SP,CACAPAVA,0.183,MUITO BAIXA VULNERABILIDADE,False,False,CADASTRO RESERVA,0,MUITO BAIXA VULNERABILIDADE,FAIXA 3,10000,0.216,False,,False,,False,,False,,True,FAIXA 3,True
350860,SP,CACHOEIRA PAULISTA,0.184,MUITO BAIXA VULNERABILIDADE,False,False,CONFIRMAÇÃO DE VAGAS (ADERIDOS),1,MUITO BAIXA VULNERABILIDADE,FAIXA 3,10000,0.196,False,,False,,False,,False,,False,,False
350870,SP,CACONDE,0.267,BAIXA VULNERABILIDADE,False,False,CADASTRO RESERVA,0,BAIXA VULNERABILIDADE,FAIXA 3,10000,0.337,False,,False,,False,,False,,False,,False
350880,SP,CAFELANDIA,0.249,BAIXA VULNERABILIDADE,False,False,CADASTRO RESERVA,0,BAIXA VULNERABILIDADE,FAIXA 3,10000,0.386,False,,False,,False,,False,,True,FAIXA 3,True
350890,SP,CAIABU,0.303,MEDIA VULNERABILIDADE,False,False,NÃO ELEGIVEL,0,MEDIA VULNERABILIDADE,FAIXA 2,15000,0.294,False,,False,,False,,False,,False,,False
350900,SP,CAIEIRAS,0.303,MEDIA VULNERABILIDADE,False,False,CADASTRO RESERVA,0,MEDIA VULNERABILIDADE,FAIXA 2,15000,0.332,False,,False,,False,,False,,False,,False
350910,SP,CAIUA,0.338,MEDIA VULNERABILIDADE,False,False,CADASTRO RESERVA,0,MEDIA VULNERABILIDADE,FAIXA 2,15000,0.259,False,,False,,False,,False,,False,,False
350920,SP,CAJAMAR,0.258,BAIXA VULNERABILIDADE,False,False,NÃO ELEGIVEL,0,BAIXA VULNERABILIDADE,FAIXA 3,10000,0.281,False,,False,,False,,False,,False,,False
350925,SP,CAJATI,0.283,BAIXA VULNERABILIDADE,False,False,CADASTRO RESERVA,0,BAIXA VULNERABILIDADE,FAIXA 3,10000,0.337,False,,False,,False,,False,,False,,False
350930,SP,CAJOBI,0.296,BAIXA VULNERABILIDADE,False,False,CADASTRO RESERVA,0,BAIXA VULNERABILIDADE,FAIXA 3,10000,0.375,False,,False,,False,,False,,False,,False
350940,SP,CAJURU,0.286,BAIXA VULNERABILIDADE,False,False,NÃO ELEGIVEL,0,BAIXA VULNERABILIDADE,FAIXA 3,10000,0.346,False,,False,,False,,False,,False,,False
350945,SP,CAMPINA DO MONTE ALEGRE,0.359,MEDIA VULNERABILIDADE,False,False,NÃO ELEGIVEL,0,MEDIA VULNERABILIDADE,FAIXA 2,15000,0.383,False,,False,,False,,False,,False,,False
350950,SP,CAMPINAS,0.277,BAIXA VULNERABILIDADE,False,False,CADASTRO RESERVA,0,BAIXA VULNERABILIDADE,FAIXA 3,10000,0.332,True,FAIXA 3,True,FAIXA 3,False,,False,,True,FAIXA 3,True
350960,SP,CAMPO LIMPO PAULISTA,0.292,BAIXA VULNERABILIDADE,False,False,CADASTRO RESERVA,0,BAIXA VULNERABILIDADE,FAIXA 3,10000,0.348,False,,False,,False,,False,,False,,False
350970,SP,CAMPOS DO JORDAO,0.262,BAIXA VULNERABILIDADE,False,False,NÃO ELEGIVEL,0,BAIXA VULNERABILIDADE,FAIXA 3,10000,0.319,False,,False,,False,,False,,False,,False
350980,SP,CAMPOS NOVOS PAULISTA,0.335,MEDIA VULNERABILIDADE,False,False,NÃO ELEGIVEL,0,MEDIA VULNERABILIDADE,FAIXA 2,15000,0.463,False,,False,,False,,False,,False,,False
350990,SP,CANANEIA,0.260,BAIXA VULNERABILIDADE,False,False,CADASTRO RESERVA,0,BAIXA VULNERABILIDADE,FAIXA 3,10000,0.262,False,,False,,False,,False,,False,,False
350995,SP,CANAS,0.298,BAIXA VULNERABILIDADE,False,False,NÃO ELEGIVEL,0,BAIXA VULNERABILIDADE,FAIXA 3,10000,0.257,False,,False,,False,,False,,False,,False
351000,SP,CANDIDO MOTA,0.271,BAIXA VULNERABILIDADE,False,False,CADASTRO RESERVA,0,BAIXA VULNERABILIDADE,FAIXA 3,10000,0.337,False,,False,,False,,False,,True,FAIXA 3,True
351010,SP,CANDIDO RODRIGUES,0.121,MUITO BAIXA VULNERABILIDADE,False,False,CADASTRO RESERVA,0,MUITO BAIXA VULNERABILIDADE,FAIXA 3,10000,0.125,False,,False,,False,,False,,False,,False
351015,SP,CANITAR,0.232,BAIXA VULNERABILIDADE,False,False,CADASTRO RESERVA,0,BAIXA VULNERABILIDADE,FAIXA 3,10000,0.272,False,,False,,False,,False,,False,,False
351020,SP,CAPAO BONITO,0.328,MEDIA VULNERABILIDADE,False,False,CADASTRO RESERVA,0,MEDIA VULNERABILIDADE,FAIXA 2,15000,0.392,False,,False,,False,,False,,False,,False
351030,SP,CAPELA DO ALTO,0.296,BAIXA VULNERABILIDADE,False,False,CADASTRO RESERVA,0,BAIXA VULNERABILIDADE,FAIXA 3,10000,0.376,False,,False,,False,,False,,False,,False
351040,SP,CAPIVARI,0.208,BAIXA VULNERABILIDADE,False,False,CADASTRO RESERVA,0,BAIXA VULNERABILIDADE,FAIXA 3,10000,0.239,False,,False,,False,,False,,False,,False
351050,SP,CARAGUATATUBA,0.204,BAIXA VULNERABILIDADE,False,False,CONFIRMAÇÃO DE VAGAS (ADERIDOS),3,BAIXA VULNERABILIDADE,FAIXA 3,10000,0.238,True,FAIXA 3,True,FAIXA 3,False,,False,,False,,True
351060,SP,CARAPICUIBA,0.320,MEDIA VULNERABILIDADE,False,False,CONFIRMAÇÃO DE VAGAS (ADERIDOS),2,MEDIA VULNERABILIDADE,FAIXA 2,15000,0.348,False,,False,,False,,False,,True,FAIXA 2,True
351070,SP,CARDOSO,0.302,MEDIA VULNERABILIDADE,False,False,CADASTRO RESERVA,0,MEDIA VULNERABILIDADE,FAIXA 2,15000,0.281,False,,False,,False,,False,,False,,False
351080,SP,CASA BRANCA,0.179,MUITO BAIXA VULNERABILIDADE,False,False,CADASTRO RESERVA,0,MUITO BAIXA VULNERABILIDADE,FAIXA 3,10000,0.220,False,,False,,False,,False,,False,,False
351090,SP,CASSIA DOS COQUEIROS,0.239,BAIXA VULNERABILIDADE,False,False,NÃO ELEGIVEL,0,BAIXA VULNERABILIDADE,FAIXA 3,10000,0.310,False,,False,,False,,False,,False,,False
351100,SP,CASTILHO,0.261,BAIXA VULNERABILIDADE,False,False,CADASTRO RESERVA,0,BAIXA VULNERABILIDADE,FAIXA 3,10000,0.302,False,,False,,False,,False,,False,,False
351110,SP,CATANDUVA,0.179,MUITO BAIXA VULNERABILIDADE,False,False,NÃO ELEGIVEL,0,MUITO BAIXA VULNERABILIDADE,FAIXA 3,10000,0.205,False,,False,,False,,False,,False,,False
351120,SP,CATIGUA,0.148,MUITO BAIXA VULNERABILIDADE,False,False,CADASTRO RESERVA,0,MUITO BAIXA VULNERABILIDADE,FAIXA 3,10000,0.197,False,,False,,False,,False,,False,,False
351130,SP,CEDRAL,0.203,BAIXA VULNERABILIDADE,False,False,CADASTRO RESERVA,0,BAIXA VULNERABILIDADE,FAIXA 3,10000,0.130,False,,False,,False,,False,,False,,False
351140,SP,CERQUEIRA CESAR,0.252,BAIXA VULNERABILIDADE,False,False,CADASTRO RESERVA,0,BAIXA VULNERABILIDADE,FAIXA 3,10000,0.235,False,,False,,False,,False,,False,,False
351150,SP,CERQUILHO,0.126,MUITO BAIXA VULNERABILIDADE,False,False,NÃO ELEGIVEL,0,MUITO BAIXA VULNERABILIDADE,FAIXA 3,10000,0.145,False,,False,,False,,False,,False,,False
351160,SP,CESARIO LANGE,0.244,BAIXA VULNERABILIDADE,False,False,CADASTRO RESERVA,0,BAIXA VULNERABILIDADE,FAIXA 3,10000,0.440,False,,False,,False,,False,,False,,False
351170,SP,CHARQUEADA,0.225,BAIXA VULNERABILIDADE,False,False,CADASTRO RESERVA,0,BAIXA VULNERABILIDADE,FAIXA 3,10000,0.252,False,,False,,False,,False,,False,,False
351190,SP,CLEMENTINA,0.284,BAIXA VULNERABILIDADE,False,False,NÃO ELEGIVEL,0,BAIXA VULNERABILIDADE,FAIXA 3,10000,0.321,False,,False,,False,,False,,False,,False
351200,SP,COLINA,0.264,BAIXA VULNERABILIDADE,False,False,NÃO ELEGIVEL,0,BAIXA VULNERABILIDADE,FAIXA 3,10000,0.391,False,,False,,False,,False,,False,,False
351210,SP,COLOMBIA,0.213,BAIXA VULNERABILIDADE,False,False,NÃO ELEGIVEL,0,BAIXA VULNERABILIDADE,FAIXA 3,10000,0.260,False,,False,,False,,False,,False,,False
351220,SP,CONCHAL,0.191,MUITO BAIXA VULNERABILIDADE,False,False,CADASTRO RESERVA,0,MUITO BAIXA VULNERABILIDADE,FAIXA 3,10000,0.217,False,,False,,False,,False,,False,,False
351230,SP,CONCHAS,0.192,MUITO BAIXA VULNERABILIDADE,False,False,CADASTRO RESERVA,0,MUITO BAIXA VULNERABILIDADE,FAIXA 3,10000,0.230,False,,False,,False,,False,,False,,False
351240,SP,CORDEIROPOLIS,0.178,MUITO BAIXA VULNERABILIDADE,False,False,CADASTRO RESERVA,0,MUITO BAIXA VULNERABILIDADE,FAIXA 3,10000,0.296,False,,False,,False,,False,,False,,False
351250,SP,COROADOS,0.189,MUITO BAIXA VULNERABILIDADE,False,False,CADASTRO RESERVA,0,MUITO BAIXA VULNERABILIDADE,FAIXA 3,10000,0.262,False,,False,,False,,False,,False,,False
351260,SP,CORONEL MACEDO,0.373,MEDIA VULNERABILIDADE,False,False,CADASTRO RESERVA,0,MEDIA VULNERABILIDADE,FAIXA 2,15000,0.470,False,,False,,False,,False,,False,,False
351270,SP,CORUMBATAI,0.152,MUITO BAIXA VULNERABILIDADE,False,False,NÃO ELEGIVEL,0,MUITO BAIXA VULNERABILIDADE,FAIXA 3,10000,0.239,False,,False,,False,,False,,False,,False
351280,SP,COSMOPOLIS,0.205,BAIXA VULNERABILIDADE,False,False,CADASTRO RESERVA,0,BAIXA VULNERABILIDADE,FAIXA 3,10000,0.253,False,,False,,False,,False,,False,,False
351290,SP,COSMORAMA,0.215,BAIXA VULNERABILIDADE,False,False,CADASTRO RESERVA,0,BAIXA VULNERABILIDADE,FAIXA 3,10000,0.290,False,,False,,False,,False,,False,,False
351300,SP,COTIA,0.306,MEDIA VULNERABILIDADE,False,False,CADASTRO RESERVA,0,MEDIA VULNERABILIDADE,FAIXA 2,15000,0.342,True,FAIXA 2,False,,False,,False,,False,,True
351310,SP,CRAVINHOS,0.175,MUITO BAIXA VULNERABILIDADE,False,False,CADASTRO RESERVA,0,MUITO BAIXA VULNERABILIDADE,FAIXA 3,10000,0.218,False,,False,,False,,False,,False,,False
351320,SP,CRISTAIS PAULISTA,0.175,MUITO BAIXA VULNERABILIDADE,False,False,NÃO ELEGIVEL,0,MUITO BAIXA VULNERABILIDADE,FAIXA 3,10000,0.164,False,,False,,False,,False,,False,,False
351330,SP,CRUZALIA,0.206,BAIXA VULNERABILIDADE,False,False,CADASTRO RESERVA,0,BAIXA VULNERABILIDADE,FAIXA 3,10000,0.224,False,,False,,False,,False,,False,,False
351340,SP,CRUZEIRO,0.197,MUITO BAIXA VULNERABILIDADE,False,False,CADASTRO RESERVA,0,MUITO BAIXA VULNERABILIDADE,FAIXA 3,10000,0.269,False,,False,,True,FAIXA 3,True,FAIXA 3,False,,True
351350,SP,CUBATAO,0.292,BAIXA VULNERABILIDADE,False,False,CONFIRMAÇÃO DE VAGAS (ADERIDOS),1,BAIXA VULNERABILIDADE,FAIXA 3,10000,0.355,False,,False,,False,,False,,False,,False
351360,SP,CUNHA,0.321,MEDIA VULNERABILIDADE,False,False,CADASTRO RESERVA,0,MEDIA VULNERABILIDADE,FAIXA 2,15000,0.306,False,,False,,False,,False,,False,,False
351370,SP,DESCALVADO,0.194,MUITO BAIXA VULNERABILIDADE,False,False,CADASTRO RESERVA,0,MUITO BAIXA VULNERABILIDADE,FAIXA 3,10000,0.298,False,,False,,False,,False,,False,,False
351380,SP,DIADEMA,0.309,MEDIA VULNERABILIDADE,False,False,CONFIRMAÇÃO DE VAGAS (ADERIDOS),1,MEDIA VULNERABILIDADE,FAIXA 2,15000,0.341,False,,True,FAIXA 2,True,FAIXA 2,True,FAIXA 2,False,,True
351385,SP,DIRCE REIS,0.169,MUITO BAIXA VULNERABILIDADE,False,False,CADASTRO RESERVA,0,MUITO BAIXA VULNERABILIDADE,FAIXA 3,10000,0.266,False,,False,,False,,False,,False,,False
351390,SP,DIVINOLANDIA,0.255,BAIXA VULNERABILIDADE,False,False,CADASTRO RESERVA,0,BAIXA VULNERABILIDADE,FAIXA 3,10000,0.303,True,FAIXA 3,True,FAIXA 3,False,,False,,False,,True
351400,SP,DOBRADA,0.220,BAIXA VULNERABILIDADE,False,False,CONFIRMAÇÃO DE VAGAS (ADERIDOS),1,BAIXA VULNERABILIDADE,FAIXA 3,10000,0.234,False,,False,,False,,False,,False,,False
351410,SP,DOIS CORREGOS,0.234,BAIXA VULNERABILIDADE,False,False,NÃO ELEGIVEL,0,BAIXA VULNERABILIDADE,FAIXA 3,10000,0.368,False,,False,,False,,False,,False,,False
351420,SP,DOLCINOPOLIS,0.230,BAIXA VULNERABILIDADE,False,False,CADASTRO RESERVA,0,BAIXA VULNERABILIDADE,FAIXA 3,10000,0.218,False,,False,,False,,False,,False,,False
351430,SP,DOURADO,0.265,BAIXA VULNERABILIDADE,False,False,CADASTRO RESERVA,0,BAIXA VULNERABILIDADE,FAIXA 3,10000,0.227,False,,False,,False,,False,,False,,False
351440,SP,DRACENA,0.145,MUITO BAIXA VULNERABILIDADE,False,False,CADASTRO RESERVA,0,MUITO BAIXA VULNERABILIDADE,FAIXA 3,10000,0.205,False,,False,,False,,False,,False,,False
351450,SP,DUARTINA,0.230,BAIXA VULNERABILIDADE,False,False,CADASTRO RESERVA,0,BAIXA VULNERABILIDADE,FAIXA 3,10000,0.234,False,,False,,False,,False,,False,,False
351460,SP,DUMONT,0.224,BAIXA VULNERABILIDADE,False,False,CADASTRO RESERVA,0,BAIXA VULNERABILIDADE,FAIXA 3,10000,0.196,False,,False,,False,,False,,False,,False
351470,SP,ECHAPORA,0.252,BAIXA VULNERABILIDADE,False,False,NÃO ELEGIVEL,0,BAIXA VULNERABILIDADE,FAIXA 3,10000,0.345,False,,False,,False,,False,,False,,False
351480,SP,ELDORADO,0.337,MEDIA VULNERABILIDADE,False,False,CADASTRO RESERVA,0,MEDIA VULNERABILIDADE,FAIXA 2,15000,0.289,False,,False,,False,,False,,False,,False
351490,SP,ELIAS FAUSTO,0.227,BAIXA VULNERABILIDADE,False,False,CADASTRO RESERVA,0,BAIXA VULNERABILIDADE,FAIXA 3,10000,0.300,False,,False,,False,,False,,False,,False
351492,SP,ELISIARIO,0.154,MUITO BAIXA VULNERABILIDADE,False,False,NÃO ELEGIVEL,0,MUITO BAIXA VULNERABILIDADE,FAIXA 3,10000,0.201,False,,False,,False,,False,,False,,False
351495,SP,EMBAUBA,0.285,BAIXA VULNERABILIDADE,False,False,NÃO ELEGIVEL,0,BAIXA VULNERABILIDADE,FAIXA 3,10000,0.237,False,,False,,False,,False,,False,,False
351500,SP,EMBU DAS ARTES,0.334,MEDIA VULNERABILIDADE,False,False,CONFIRMAÇÃO DE VAGAS (ADERIDOS),2,MEDIA VULNERABILIDADE,FAIXA 2,15000,0.353,False,,False,,False,,False,,False,,False
351510,SP,EMBU-GUACU,0.336,MEDIA VULNERABILIDADE,False,False,CADASTRO RESERVA,0,MEDIA VULNERABILIDADE,FAIXA 2,15000,0.400,False,,False,,False,,False,,False,,False
351512,SP,EMILIANOPOLIS,0.322,MEDIA VULNERABILIDADE,False,False,NÃO ELEGIVEL,0,MEDIA VULNERABILIDADE,FAIXA 2,15000,0.286,False,,False,,False,,False,,False,,False
351515,SP,ENGENHEIRO COELHO,0.284,BAIXA VULNERABILIDADE,False,False,CADASTRO RESERVA,0,BAIXA VULNERABILIDADE,FAIXA 3,10000,0.426,False,,False,,False,,False,,False,,False
351518,SP,ESPIRITO SANTO DO PINHAL,0.156,MUITO BAIXA VULNERABILIDADE,False,False,CADASTRO RESERVA,0,MUITO BAIXA VULNERABILIDADE,FAIXA 3,10000,0.246,False,,False,,False,,False,,False,,False
351519,SP,ESPIRITO SANTO DO TURVO,0.228,BAIXA VULNERABILIDADE,False,False,CADASTRO RESERVA,0,BAIXA VULNERABILIDADE,FAIXA 3,10000,0.252,False,,False,,False,,False,,False,,False
351520,SP,ESTRELA D'OESTE,0.149,MUITO BAIXA VULNERABILIDADE,False,False,NÃO ELEGIVEL,0,MUITO BAIXA VULNERABILIDADE,FAIXA 3,10000,0.142,False,,False,,False,,False,,False,,False
351530,SP,ESTRELA DO NORTE,0.277,BAIXA VULNERABILIDADE,False,False,NÃO ELEGIVEL,0,BAIXA VULNERABILIDADE,FAIXA 3,10000,0.225,False,,False,,False,,False,,False,,False
351535,SP,EUCLIDES DA CUNHA PAULISTA,0.392,MEDIA VULNERABILIDADE,False,False,NÃO ELEGIVEL,0,MEDIA VULNERABILIDADE,FAIXA 2,15000,0.363,False,,False,,False,,False,,False,,False
351540,SP,FARTURA,0.175,MUITO BAIXA VULNERABILIDADE,False,False,CADASTRO RESERVA,0,MUITO BAIXA VULNERABILIDADE,FAIXA 3,10000,0.302,False,,False,,False,,False,,False,,False
351550,SP,FERNANDOPOLIS,0.158,MUITO BAIXA VULNERABILIDADE,False,False,CONFIRMAÇÃO DE VAGAS (ADERIDOS),1,MUITO BAIXA VULNERABILIDADE,FAIXA 3,10000,0.187,False,,False,,False,,False,,False,,False
351560,SP,FERNANDO PRESTES,0.187,MUITO BAIXA VULNERABILIDADE,False,False,CADASTRO RESERVA,0,MUITO BAIXA VULNERABILIDADE,FAIXA 3,10000,0.179,False,,False,,False,,False,,False,,False
351565,SP,FERNAO,0.263,BAIXA VULNERABILIDADE,False,False,CADASTRO RESERVA,0,BAIXA VULNERABILIDADE,FAIXA 3,10000,0.210,False,,False,,False,,False,,False,,False
351570,SP,FERRAZ DE VASCONCELOS,0.318,MEDIA VULNERABILIDADE,False,False,CADASTRO RESERVA,0,MEDIA VULNERABILIDADE,FAIXA 2,15000,0.341,False,,False,,False,,False,,True,FAIXA 2,True
351580,SP,FLORA RICA,0.322,MEDIA VULNERABILIDADE,False,False,CADASTRO RESERVA,0,MEDIA VULNERABILIDADE,FAIXA 2,15000,0.389,False,,False,,False,,False,,False,,False
351590,SP,FLOREAL,0.139,MUITO BAIXA VULNERABILIDADE,False,False,CADASTRO RESERVA,0,MUITO BAIXA VULNERABILIDADE,FAIXA 3,10000,0.167,False,,False,,False,,False,,False,,False
351600,SP,FLORIDA PAULISTA,0.296,BAIXA VULNERABILIDADE,False,False,CADASTRO RESERVA,0,BAIXA VULNERABILIDADE,FAIXA 3,10000,0.261,False,,False,,False,,False,,False,,False
351610,SP,FLORINIA,0.242,BAIXA VULNERABILIDADE,False,False,CADASTRO RESERVA,0,BAIXA VULNERABILIDADE,FAIXA 3,10000,0.273,False,,False,,False,,False,,False,,False
351620,SP,FRANCA,0.187,MUITO BAIXA VULNERABILIDADE,False,False,CONFIRMAÇÃO DE VAGAS (ADERIDOS),1,MUITO BAIXA VULNERABILIDADE,FAIXA 3,10000,0.222,False,,False,,False,,False,,True,FAIXA 3,True
351630,SP,FRANCISCO MORATO,0.366,MEDIA VULNERABILIDADE,False,False,CONFIRMAÇÃO DE VAGAS (ADERIDOS),5,MEDIA VULNERABILIDADE,FAIXA 2,15000,0.394,False,,False,,False,,False,,False,,False
351640,SP,FRANCO DA ROCHA,0.340,MEDIA VULNERABILIDADE,False,False,CONFIRMAÇÃO DE VAGAS (ADERIDOS),3,MEDIA VULNERABILIDADE,FAIXA 2,15000,0.366,False,,False,,False,,False,,False,,False
351650,SP,GABRIEL MONTEIRO,0.139,MUITO BAIXA VULNERABILIDADE,False,False,NÃO ELEGIVEL,0,MUITO BAIXA VULNERABILIDADE,FAIXA 3,10000,0.128,False,,False,,False,,False,,False,,False
351660,SP,GALIA,0.278,BAIXA VULNERABILIDADE,False,False,CADASTRO RESERVA,0,BAIXA VULNERABILIDADE,FAIXA 3,10000,0.410,False,,False,,False,,False,,False,,False
351670,SP,GARCA,0.188,MUITO BAIXA VULNERABILIDADE,False,False,NOVA ADESÃO,1,MUITO BAIXA VULNERABILIDADE,FAIXA 3,10000,0.249,False,,False,,False,,False,,False,,False
351680,SP,GASTAO VIDIGAL,0.266,BAIXA VULNERABILIDADE,False,False,CADASTRO RESERVA,0,BAIXA VULNERABILIDADE,FAIXA 3,10000,0.251,False,,False,,False,,False,,False,,False
351685,SP,GAVIAO PEIXOTO,0.233,BAIXA VULNERABILIDADE,False,False,CADASTRO RESERVA,0,BAIXA VULNERABILIDADE,FAIXA 3,10000,0.279,False,,False,,False,,False,,False,,False
351690,SP,GENERAL SALGADO,0.244,BAIXA VULNERABILIDADE,False,False,CADASTRO RESERVA,0,BAIXA VULNERABILIDADE,FAIXA 3,10000,0.323,False,,False,,False,,False,,False,,False
351700,SP,GETULINA,0.215,BAIXA VULNERABILIDADE,False,False,CADASTRO RESERVA,0,BAIXA VULNERABILIDADE,FAIXA 3,10000,0.288,False,,False,,False,,False,,False,,False
351710,SP,GLICERIO,0.156,MUITO BAIXA VULNERABILIDADE,False,False,CADASTRO RESERVA,0,MUITO BAIXA VULNERABILIDADE,FAIXA 3,10000,0.231,False,,False,,False,,False,,False,,False
351720,SP,GUAICARA,0.174,MUITO BAIXA VULNERABILIDADE,False,False,CADASTRO RESERVA,0,MUITO BAIXA VULNERABILIDADE,FAIXA 3,10000,0.224,False,,False,,False,,False,,False,,False
351730,SP,GUAIMBE,0.239,BAIXA VULNERABILIDADE,False,False,NÃO ELEGIVEL,0,BAIXA VULNERABILIDADE,FAIXA 3,10000,0.372,False,,False,,False,,False,,False,,False
351740,SP,GUAIRA,0.207,BAIXA VULNERABILIDADE,False,False,CONFIRMAÇÃO DE VAGAS (ADERIDOS),1,BAIXA VULNERABILIDADE,FAIXA 3,10000,0.321,False,,False,,True,FAIXA 3,True,FAIXA 3,True,FAIXA 3,True
351750,SP,GUAPIACU,0.240,BAIXA VULNERABILIDADE,False,False,NÃO ELEGIVEL,0,BAIXA VULNERABILIDADE,FAIXA 3,10000,0.226,False,,False,,False,,False,,False,,False
351760,SP,GUAPIARA,0.361,MEDIA VULNERABILIDADE,False,False,CONFIRMAÇÃO DE VAGAS (ADERIDOS),1,MEDIA VULNERABILIDADE,FAIXA 2,15000,0.473,False,,False,,False,,False,,False,,False
351770,SP,GUARA,0.356,MEDIA VULNERABILIDADE,False,False,NÃO ELEGIVEL,0,MEDIA VULNERABILIDADE,FAIXA 2,15000,0.421,False,,False,,False,,False,,False,,False
351780,SP,GUARACAI,0.213,BAIXA VULNERABILIDADE,False,False,CADASTRO RESERVA,0,BAIXA VULNERABILIDADE,FAIXA 3,10000,0.245,False,,False,,False,,False,,False,,False
351790,SP,GUARACI,0.269,BAIXA VULNERABILIDADE,False,False,CADASTRO RESERVA,0,BAIXA VULNERABILIDADE,FAIXA 3,10000,0.483,False,,False,,False,,False,,False,,False
351800,SP,GUARANI D'OESTE,0.239,BAIXA VULNERABILIDADE,False,False,NÃO ELEGIVEL,0,BAIXA VULNERABILIDADE,FAIXA 3,10000,0.245,False,,False,,False,,False,,False,,False
351810,SP,GUARANTA,0.283,BAIXA VULNERABILIDADE,False,False,CADASTRO RESERVA,0,BAIXA VULNERABILIDADE,FAIXA 3,10000,0.348,False,,False,,False,,False,,False,,False
351820,SP,GUARARAPES,0.231,BAIXA VULNERABILIDADE,False,False,CADASTRO RESERVA,0,BAIXA VULNERABILIDADE,FAIXA 3,10000,0.240,False,,False,,False,,False,,False,,False
351830,SP,GUARAREMA,0.257,BAIXA VULNERABILIDADE,False,False,CADASTRO RESERVA,0,BAIXA VULNERABILIDADE,FAIXA 3,10000,0.263,False,,False,,False,,False,,False,,False
351840,SP,GUARATINGUETA,0.179,MUITO BAIXA VULNERABILIDADE,False,False,CADASTRO RESERVA,0,MUITO BAIXA VULNERABILIDADE,FAIXA 3,10000,0.196,False,,False,,False,,False,,False,,False
351850,SP,GUAREI,0.277,BAIXA VULNERABILIDADE,False,False,CADASTRO RESERVA,0,BAIXA VULNERABILIDADE,FAIXA 3,10000,0.288,False,,False,,False,,False,,False,,False
351860,SP,GUARIBA,0.244,BAIXA VULNERABILIDADE,False,False,CADASTRO RESERVA,0,BAIXA VULNERABILIDADE,FAIXA 3,10000,0.358,False,,False,,False,,False,,True,FAIXA 3,True
351870,SP,GUARUJA,0.285,BAIXA VULNERABILIDADE,False,False,CADASTRO RESERVA,0,BAIXA VULNERABILIDADE,FAIXA 3,10000,0.341,False,,False,,False,,False,,False,,False
351880,SP,GUARULHOS,0.310,MEDIA VULNERABILIDADE,False,False,CONFIRMAÇÃO DE VAGAS (ADERIDOS),1,MEDIA VULNERABILIDADE,FAIXA 2,15000,0.365,True,FAIXA 2,True,FAIXA 2,True,FAIXA 2,True,FAIXA 2,True,FAIXA 2,True
351885,SP,GUATAPARA,0.284,BAIXA VULNERABILIDADE,False,False,NÃO ELEGIVEL,0,BAIXA VULNERABILIDADE,FAIXA 3,10000,0.324,False,,False,,False,,False,,False,,False
351890,SP,GUZOLANDIA,0.414,ALTA VULNERABILIDADE,False,False,CADASTRO RESERVA,0,ALTA VULNERABILIDADE,FAIXA 1,20000,0.440,False,,False,,False,,False,,False,,False
351900,SP,HERCULANDIA,0.280,BAIXA VULNERABILIDADE,False,False,CADASTRO RESERVA,0,BAIXA VULNERABILIDADE,FAIXA 3,10000,0.280,False,,False,,False,,False,,False,,False
351905,SP,HOLAMBRA,0.117,MUITO BAIXA VULNERABILIDADE,False,False,CADASTRO RESERVA,0,MUITO BAIXA VULNERABILIDADE,FAIXA 3,10000,0.191,False,,False,,False,,False,,False,,False
351907,SP,HORTOLANDIA,0.308,MEDIA VULNERABILIDADE,False,False,CONFIRMAÇÃO DE VAGAS (ADERIDOS),1,MEDIA VULNERABILIDADE,FAIXA 2,15000,0.346,False,,False,,False,,False,,True,FAIXA 2,True
351910,SP,IACANGA,0.231,BAIXA VULNERABILIDADE,False,False,NÃO ELEGIVEL,0,BAIXA VULNERABILIDADE,FAIXA 3,10000,0.247,False,,False,,False,,False,,False,,False
351920,SP,IACRI,0.306,MEDIA VULNERABILIDADE,False,False,NÃO ELEGIVEL,0,MEDIA VULNERABILIDADE,FAIXA 2,15000,0.352,False,,False,,False,,False,,False,,False
351925,SP,IARAS,0.367,MEDIA VULNERABILIDADE,False,False,CADASTRO RESERVA,0,MEDIA VULNERABILIDADE,FAIXA 2,15000,0.460,False,,False,,False,,False,,False,,False
351930,SP,IBATE,0.298,BAIXA VULNERABILIDADE,False,False,CADASTRO RESERVA,0,BAIXA VULNERABILIDADE,FAIXA 3,10000,0.403,False,,False,,False,,False,,False,,False
351940,SP,IBIRA,0.206,BAIXA VULNERABILIDADE,False,False,NÃO ELEGIVEL,0,BAIXA VULNERABILIDADE,FAIXA 3,10000,0.260,False,,False,,False,,False,,False,,False
351950,SP,IBIRAREMA,0.240,BAIXA VULNERABILIDADE,False,False,CADASTRO RESERVA,0,BAIXA VULNERABILIDADE,FAIXA 3,10000,0.265,False,,False,,False,,False,,False,,False
351960,SP,IBITINGA,0.179,MUITO BAIXA VULNERABILIDADE,False,False,CADASTRO RESERVA,0,MUITO BAIXA VULNERABILIDADE,FAIXA 3,10000,0.262,False,,False,,False,,False,,False,,False
351970,SP,IBIUNA,0.308,MEDIA VULNERABILIDADE,False,False,CADASTRO RESERVA,0,MEDIA VULNERABILIDADE,FAIXA 2,15000,0.229,False,,False,,False,,False,,False,,False
351980,SP,ICEM,0.287,BAIXA VULNERABILIDADE,False,False,CADASTRO RESERVA,0,BAIXA VULNERABILIDADE,FAIXA 3,10000,0.315,False,,False,,False,,False,,False,,False
351990,SP,IEPE,0.358,MEDIA VULNERABILIDADE,False,False,NÃO ELEGIVEL,0,MEDIA VULNERABILIDADE,FAIXA 2,15000,0.372,False,,False,,False,,False,,True,FAIXA 2,True
352000,SP,IGARACU DO TIETE,0.322,MEDIA VULNERABILIDADE,False,False,CADASTRO RESERVA,0,MEDIA VULNERABILIDADE,FAIXA 2,15000,0.401,False,,False,,False,,False,,False,,False
352010,SP,IGARAPAVA,0.318,MEDIA VULNERABILIDADE,False,False,NÃO ELEGIVEL,0,MEDIA VULNERABILIDADE,FAIXA 2,15000,0.372,True,FAIXA 2,True,FAIXA 2,True,FAIXA 2,True,FAIXA 2,False,,True
352020,SP,IGARATA,0.244,BAIXA VULNERABILIDADE,False,False,CADASTRO RESERVA,0,BAIXA VULNERABILIDADE,FAIXA 3,10000,0.307,False,,False,,False,,False,,False,,False
352030,SP,IGUAPE,0.258,BAIXA VULNERABILIDADE,False,False,CONFIRMAÇÃO DE VAGAS (ADERIDOS),1,BAIXA VULNERABILIDADE,FAIXA 3,10000,0.295,False,,False,,False,,False,,True,FAIXA 3,True
352040,SP,ILHABELA,0.224,BAIXA VULNERABILIDADE,False,False,NÃO ELEGIVEL,0,BAIXA VULNERABILIDADE,FAIXA 3,10000,0.256,False,,False,,False,,False,,False,,False
352042,SP,ILHA COMPRIDA,0.252,BAIXA VULNERABILIDADE,False,False,CADASTRO RESERVA,0,BAIXA VULNERABILIDADE,FAIXA 3,10000,0.276,False,,False,,False,,False,,False,,False
352044,SP,ILHA SOLTEIRA,0.131,MUITO BAIXA VULNERABILIDADE,False,False,CADASTRO RESERVA,0,MUITO BAIXA VULNERABILIDADE,FAIXA 3,10000,0.121,False,,False,,False,,False,,False,,False
352050,SP,INDAIATUBA,0.154,MUITO BAIXA VULNERABILIDADE,False,False,CADASTRO RESERVA,0,MUITO BAIXA VULNERABILIDADE,FAIXA 3,10000,0.177,False,,False,,True,FAIXA 3,True,FAIXA 3,True,FAIXA 3,True
352060,SP,INDIANA,0.272,BAIXA VULNERABILIDADE,False,False,CADASTRO RESERVA,0,BAIXA VULNERABILIDADE,FAIXA 3,10000,0.281,False,,False,,False,,False,,False,,False
352070,SP,INDIAPORA,0.202,BAIXA VULNERABILIDADE,False,False,CADASTRO RESERVA,0,BAIXA VULNERABILIDADE,FAIXA 3,10000,0.216,False,,False,,False,,False,,False,,False
352080,SP,INUBIA PAULISTA,0.200,MUITO BAIXA VULNERABILIDADE,False,False,CADASTRO RESERVA,0,MUITO BAIXA VULNERABILIDADE,FAIXA 3,10000,0.289,False,,False,,False,,False,,False,,False
352090,SP,IPAUSSU,0.263,BAIXA VULNERABILIDADE,False,False,NÃO ELEGIVEL,0,BAIXA VULNERABILIDADE,FAIXA 3,10000,0.277,False,,False,,False,,False,,False,,False
352100,SP,IPERO,0.271,BAIXA VULNERABILIDADE,False,False,CADASTRO RESERVA,0,BAIXA VULNERABILIDADE,FAIXA 3,10000,0.232,False,,False,,False,,False,,False,,False
352110,SP,IPEUNA,0.148,MUITO BAIXA VULNERABILIDADE,False,False,CADASTRO RESERVA,0,MUITO BAIXA VULNERABILIDADE,FAIXA 3,10000,0.206,False,,False,,False,,False,,False,,False
352115,SP,IPIGUA,0.184,MUITO BAIXA VULNERABILIDADE,False,False,NÃO ELEGIVEL,0,MUITO BAIXA VULNERABILIDADE,FAIXA 3,10000,0.180,False,,False,,False,,False,,False,,False
352120,SP,IPORANGA,0.351,MEDIA VULNERABILIDADE,False,False,CADASTRO RESERVA,0,MEDIA VULNERABILIDADE,FAIXA 2,15000,0.375,False,,False,,False,,False,,False,,False
352130,SP,IPUA,0.251,BAIXA VULNERABILIDADE,False,False,NÃO ELEGIVEL,0,BAIXA VULNERABILIDADE,FAIXA 3,10000,0.322,False,,False,,False,,False,,False,,False
352140,SP,IRACEMAPOLIS,0.179,MUITO BAIXA VULNERABILIDADE,False,False,CADASTRO RESERVA,0,MUITO BAIXA VULNERABILIDADE,FAIXA 3,10000,0.287,False,,False,,False,,False,,False,,False
352150,SP,IRAPUA,0.226,BAIXA VULNERABILIDADE,False,False,CADASTRO RESERVA,0,BAIXA VULNERABILIDADE,FAIXA 3,10000,0.235,False,,False,,False,,False,,False,,False
352160,SP,IRAPURU,0.298,BAIXA VULNERABILIDADE,False,False,CADASTRO RESERVA,0,BAIXA VULNERABILIDADE,FAIXA 3,10000,0.356,False,,False,,False,,False,,False,,False
352170,SP,ITABERA,0.346,MEDIA VULNERABILIDADE,False,False,CADASTRO RESERVA,0,MEDIA VULNERABILIDADE,FAIXA 2,15000,0.410,False,,False,,False,,False,,True,FAIXA 2,True
352180,SP,ITAI,0.363,MEDIA VULNERABILIDADE,False,False,CADASTRO RESERVA,0,MEDIA VULNERABILIDADE,FAIXA 2,15000,0.449,False,,False,,False,,False,,False,,False
352190,SP,ITAJOBI,0.215,BAIXA VULNERABILIDADE,False,False,NÃO ELEGIVEL,0,BAIXA VULNERABILIDADE,FAIXA 3,10000,0.232,False,,False,,False,,False,,False,,False
352200,SP,ITAJU,0.222,BAIXA VULNERABILIDADE,False,False,NÃO ELEGIVEL,0,BAIXA VULNERABILIDADE,FAIXA 3,10000,0.177,False,,False,,False,,False,,False,,False
352210,SP,ITANHAEM,0.250,BAIXA VULNERABILIDADE,False,False,CADASTRO RESERVA,0,BAIXA VULNERABILIDADE,FAIXA 3,10000,0.272,False,,False,,False,,False,,False,,False
352215,SP,ITAOCA,0.369,MEDIA VULNERABILIDADE,False,False,CADASTRO RESERVA,0,MEDIA VULNERABILIDADE,FAIXA 2,15000,0.274,False,,False,,False,,False,,False,,False
352220,SP,ITAPECERICA DA SERRA,0.337,MEDIA VULNERABILIDADE,False,False,CONFIRMAÇÃO DE VAGAS (ADERIDOS),1,MEDIA VULNERABILIDADE,FAIXA 2,15000,0.372,False,,False,,False,,False,,False,,False
352230,SP,ITAPETININGA,0.233,BAIXA VULNERABILIDADE,False,False,CADASTRO RESERVA,0,BAIXA VULNERABILIDADE,FAIXA 3,10000,0.356,False,,False,,False,,False,,False,,False
352240,SP,ITAPEVA,0.265,BAIXA VULNERABILIDADE,False,False,CONFIRMAÇÃO DE VAGAS (ADERIDOS),1,BAIXA VULNERABILIDADE,FAIXA 3,10000,0.287,False,,False,,False,,False,,False,,False
352250,SP,ITAPEVI,0.349,MEDIA VULNERABILIDADE,False,False,CADASTRO RESERVA,0,MEDIA VULNERABILIDADE,FAIXA 2,15000,0.377,False,,False,,False,,False,,True,FAIXA 2,True
352260,SP,ITAPIRA,0.184,MUITO BAIXA VULNERABILIDADE,False,False,CONFIRMAÇÃO DE VAGAS (ADERIDOS),1,MUITO BAIXA VULNERABILIDADE,FAIXA 3,10000,0.298,False,,False,,False,,False,,False,,False
352265,SP,ITAPIRAPUA PAULISTA,0.427,ALTA VULNERABILIDADE,False,False,CADASTRO RESERVA,0,ALTA VULNERABILIDADE,FAIXA 1,20000,0.514,False,,False,,False,,False,,False,,False
352270,SP,ITAPOLIS,0.274,BAIXA VULNERABILIDADE,False,False,CADASTRO RESERVA,0,BAIXA VULNERABILIDADE,FAIXA 3,10000,0.343,False,,False,,True,FAIXA 3,False,,True,FAIXA 3,True
352280,SP,ITAPORANGA,0.354,MEDIA VULNERABILIDADE,False,False,NÃO ELEGIVEL,0,MEDIA VULNERABILIDADE,FAIXA 2,15000,0.498,False,,False,,False,,False,,False,,False
352290,SP,ITAPUI,0.261,BAIXA VULNERABILIDADE,False,False,CADASTRO RESERVA,0,BAIXA VULNERABILIDADE,FAIXA 3,10000,0.386,False,,False,,False,,False,,False,,False
352300,SP,ITAPURA,0.259,BAIXA VULNERABILIDADE,False,False,CADASTRO RESERVA,0,BAIXA VULNERABILIDADE,FAIXA 3,10000,0.255,False,,False,,False,,False,,False,,False
352310,SP,ITAQUAQUECETUBA,0.372,MEDIA VULNERABILIDADE,False,False,CADASTRO RESERVA,0,MEDIA VULNERABILIDADE,FAIXA 2,15000,0.410,False,,False,,False,,False,,False,,False
352320,SP,ITARARE,0.312,MEDIA VULNERABILIDADE,False,False,CADASTRO RESERVA,0,MEDIA VULNERABILIDADE,FAIXA 2,15000,0.366,False,,False,,False,,False,,False,,False
352330,SP,ITARIRI,0.338,MEDIA VULNERABILIDADE,False,False,CADASTRO RESERVA,0,MEDIA VULNERABILIDADE,FAIXA 2,15000,0.341,False,,False,,False,,False,,False,,False
352340,SP,ITATIBA,0.178,MUITO BAIXA VULNERABILIDADE,False,False,CADASTRO RESERVA,0,MUITO BAIXA VULNERABILIDADE,FAIXA 3,10000,0.187,False,,False,,False,,False,,True,FAIXA 3,True
352350,SP,ITATINGA,0.303,MEDIA VULNERABILIDADE,False,False,NÃO ELEGIVEL,0,MEDIA VULNERABILIDADE,FAIXA 2,15000,0.371,False,,False,,False,,False,,False,,False
352360,SP,ITIRAPINA,0.274,BAIXA VULNERABILIDADE,False,False,CADASTRO RESERVA,0,BAIXA VULNERABILIDADE,FAIXA 3,10000,0.393,False,,False,,False,,False,,False,,False
352370,SP,ITIRAPUA,0.198,MUITO BAIXA VULNERABILIDADE,False,False,NÃO ELEGIVEL,0,MUITO BAIXA VULNERABILIDADE,FAIXA 3,10000,0.239,False,,False,,False,,False,,False,,False
352380,SP,ITOBI,0.191,MUITO BAIXA VULNERABILIDADE,False,False,NÃO ELEGIVEL,0,MUITO BAIXA VULNERABILIDADE,FAIXA 3,10000,0.253,False,,False,,False,,False,,False,,False
352390,SP,ITU,0.209,BAIXA VULNERABILIDADE,False,False,NÃO ELEGIVEL,0,BAIXA VULNERABILIDADE,FAIXA 3,10000,0.230,False,,False,,False,,False,,False,,False
352400,SP,ITUPEVA,0.179,MUITO BAIXA VULNERABILIDADE,False,False,CONFIRMAÇÃO DE VAGAS (ADERIDOS),1,MUITO BAIXA VULNERABILIDADE,FAIXA 3,10000,0.176,False,,False,,True,FAIXA 3,False,,True,FAIXA 3,True
352410,SP,ITUVERAVA,0.278,BAIXA VULNERABILIDADE,False,False,CADASTRO RESERVA,0,BAIXA VULNERABILIDADE,FAIXA 3,10000,0.333,False,,False,,False,,False,,False,,False
352420,SP,JABORANDI,0.201,BAIXA VULNERABILIDADE,False,False,NÃO ELEGIVEL,0,BAIXA VULNERABILIDADE,FAIXA 3,10000,0.263,False,,False,,False,,False,,False,,False
352430,SP,JABOTICABAL,0.196,MUITO BAIXA VULNERABILIDADE,False,False,CADASTRO RESERVA,0,MUITO BAIXA VULNERABILIDADE,FAIXA 3,10000,0.265,False,,False,,False,,False,,False,,False
352440,SP,JACAREI,0.220,BAIXA VULNERABILIDADE,False,False,CONFIRMAÇÃO DE VAGAS (ADERIDOS),3,BAIXA VULNERABILIDADE,FAIXA 3,10000,0.263,False,,False,,True,FAIXA 3,True,FAIXA 3,True,FAIXA 3,True
352450,SP,JACI,0.171,MUITO BAIXA VULNERABILIDADE,False,False,CADASTRO RESERVA,0,MUITO BAIXA VULNERABILIDADE,FAIXA 3,10000,0.173,False,,False,,False,,False,,False,,False
352460,SP,JACUPIRANGA,0.263,BAIXA VULNERABILIDADE,False,False,CADASTRO RESERVA,0,BAIXA VULNERABILIDADE,FAIXA 3,10000,0.212,False,,False,,False,,False,,False,,False
352470,SP,JAGUARIUNA,0.198,MUITO BAIXA VULNERABILIDADE,False,False,CADASTRO RESERVA,0,MUITO BAIXA VULNERABILIDADE,FAIXA 3,10000,0.187,False,,False,,False,,False,,False,,False
352480,SP,JALES,0.174,MUITO BAIXA VULNERABILIDADE,False,False,CADASTRO RESERVA,0,MUITO BAIXA VULNERABILIDADE,FAIXA 3,10000,0.278,False,,False,,False,,False,,True,FAIXA 3,True
352490,SP,JAMBEIRO,0.177,MUITO BAIXA VULNERABILIDADE,False,False,NÃO ELEGIVEL,0,MUITO BAIXA VULNERABILIDADE,FAIXA 3,10000,0.201,False,,False,,False,,False,,False,,False
352500,SP,JANDIRA,0.304,MEDIA VULNERABILIDADE,False,False,CONFIRMAÇÃO DE VAGAS (ADERIDOS),1,MEDIA VULNERABILIDADE,FAIXA 2,15000,0.333,False,,False,,True,FAIXA 2,False,,False,,True
352510,SP,JARDINOPOLIS,0.235,BAIXA VULNERABILIDADE,False,False,CONFIRMAÇÃO DE VAGAS (ADERIDOS),1,BAIXA VULNERABILIDADE,FAIXA 3,10000,0.259,False,,False,,False,,False,,False,,False
352520,SP,JARINU,0.235,BAIXA VULNERABILIDADE,False,False,CADASTRO RESERVA,0,BAIXA VULNERABILIDADE,FAIXA 3,10000,0.342,False,,False,,False,,False,,True,FAIXA 3,True
352530,SP,JAU,0.161,MUITO BAIXA VULNERABILIDADE,False,False,CONFIRMAÇÃO DE VAGAS (ADERIDOS),1,MUITO BAIXA VULNERABILIDADE,FAIXA 3,10000,0.201,False,,False,,False,,False,,False,,False
352540,SP,JERIQUARA,0.231,BAIXA VULNERABILIDADE,False,False,CONFIRMAÇÃO DE VAGAS (ADERIDOS),1,BAIXA VULNERABILIDADE,FAIXA 3,10000,0.305,False,,False,,False,,False,,False,,False
352550,SP,JOANOPOLIS,0.273,BAIXA VULNERABILIDADE,False,False,CADASTRO RESERVA,0,BAIXA VULNERABILIDADE,FAIXA 3,10000,0.248,False,,False,,False,,False,,False,,False
352560,SP,JOAO RAMALHO,0.336,MEDIA VULNERABILIDADE,False,False,CADASTRO RESERVA,0,MEDIA VULNERABILIDADE,FAIXA 2,15000,0.419,False,,False,,False,,False,,False,,False
352570,SP,JOSE BONIFACIO,0.190,MUITO BAIXA VULNERABILIDADE,False,False,CADASTRO RESERVA,0,MUITO BAIXA VULNERABILIDADE,FAIXA 3,10000,0.210,False,,False,,False,,False,,False,,False
352580,SP,JULIO MESQUITA,0.296,BAIXA VULNERABILIDADE,False,False,NÃO ELEGIVEL,0,BAIXA VULNERABILIDADE,FAIXA 3,10000,0.265,False,,False,,False,,False,,False,,False
352585,SP,JUMIRIM,0.143,MUITO BAIXA VULNERABILIDADE,False,False,NÃO ELEGIVEL,0,MUITO BAIXA VULNERABILIDADE,FAIXA 3,10000,0.136,False,,False,,False,,False,,False,,False
352590,SP,JUNDIAI,0.203,BAIXA VULNERABILIDADE,False,False,CONFIRMAÇÃO DE VAGAS (ADERIDOS),2,BAIXA VULNERABILIDADE,FAIXA 3,10000,0.219,True,FAIXA 3,True,FAIXA 3,True,FAIXA 3,True,FAIXA 3,False,,True
352600,SP,JUNQUEIROPOLIS,0.190,MUITO BAIXA VULNERABILIDADE,False,False,CADASTRO RESERVA,0,MUITO BAIXA VULNERABILIDADE,FAIXA 3,10000,0.226,False,,False,,False,,False,,False,,False
352610,SP,JUQUIA,0.317,MEDIA VULNERABILIDADE,False,False,CADASTRO RESERVA,0,MEDIA VULNERABILIDADE,FAIXA 2,15000,0.319,False,,False,,False,,False,,False,,False
352620,SP,JUQUITIBA,0.370,MEDIA VULNERABILIDADE,False,False,CADASTRO RESERVA,0,MEDIA VULNERABILIDADE,FAIXA 2,15000,0.384,False,,False,,False,,False,,False,,False
352630,SP,LAGOINHA,0.313,MEDIA VULNERABILIDADE,False,False,CADASTRO RESERVA,0,MEDIA VULNERABILIDADE,FAIXA 2,15000,0.272,False,,False,,False,,False,,False,,False
352640,SP,LARANJAL PAULISTA,0.199,MUITO BAIXA VULNERABILIDADE,False,False,CONFIRMAÇÃO DE VAGAS (ADERIDOS),1,MUITO BAIXA VULNERABILIDADE,FAIXA 3,10000,0.229,False,,False,,False,,False,,True,FAIXA 3,True
352650,SP,LAVINIA,0.310,MEDIA VULNERABILIDADE,False,False,CADASTRO RESERVA,0,MEDIA VULNERABILIDADE,FAIXA 2,15000,0.223,False,,False,,False,,False,,False,,False
352660,SP,LAVRINHAS,0.296,BAIXA VULNERABILIDADE,False,False,CADASTRO RESERVA,0,BAIXA VULNERABILIDADE,FAIXA 3,10000,0.269,False,,False,,False,,False,,False,,False
352670,SP,LEME,0.303,MEDIA VULNERABILIDADE,False,False,CADASTRO RESERVA,0,MEDIA VULNERABILIDADE,FAIXA 2,15000,0.380,False,,False,,False,,False,,False,,False
352680,SP,LENCOIS PAULISTA,0.183,MUITO BAIXA VULNERABILIDADE,False,False,CONFIRMAÇÃO DE VAGAS (ADERIDOS),1,MUITO BAIXA VULNERABILIDADE,FAIXA 3,10000,0.225,False,,False,,False,,False,,False,,False
352690,SP,LIMEIRA,0.170,MUITO BAIXA VULNERABILIDADE,False,False,CADASTRO RESERVA,0,MUITO BAIXA VULNERABILIDADE,FAIXA 3,10000,0.232,False,,False,,False,,False,,True,FAIXA 3,True
352700,SP,LINDOIA,0.190,MUITO BAIXA VULNERABILIDADE,False,False,CADASTRO RESERVA,0,MUITO BAIXA VULNERABILIDADE,FAIXA 3,10000,0.293,False,,False,,False,,False,,False,,False
352710,SP,LINS,0.180,MUITO BAIXA VULNERABILIDADE,False,False,CADASTRO RESERVA,0,MUITO BAIXA VULNERABILIDADE,FAIXA 3,10000,0.239,False,,True,FAIXA 3,True,FAIXA 3,True,FAIXA 3,False,,True
352720,SP,LORENA,0.207,BAIXA VULNERABILIDADE,False,False,CONFIRMAÇÃO DE VAGAS (ADERIDOS),1,BAIXA VULNERABILIDADE,FAIXA 3,10000,0.243,False,,False,,False,,False,,False,,False
352725,SP,LOURDES,0.210,BAIXA VULNERABILIDADE,False,False,NÃO ELEGIVEL,0,BAIXA VULNERABILIDADE,FAIXA 3,10000,0.155,False,,False,,False,,False,,False,,False
352730,SP,LOUVEIRA,0.132,MUITO BAIXA VULNERABILIDADE,False,False,NOVA ADESÃO,1,MUITO BAIXA VULNERABILIDADE,FAIXA 3,10000,0.181,False,,False,,False,,False,,False,,False
352740,SP,LUCELIA,0.197,MUITO BAIXA VULNERABILIDADE,False,False,CADASTRO RESERVA,0,MUITO BAIXA VULNERABILIDADE,FAIXA 3,10000,0.270,False,,False,,False,,False,,False,,False
352750,SP,LUCIANOPOLIS,0.269,BAIXA VULNERABILIDADE,False,False,CADASTRO RESERVA,0,BAIXA VULNERABILIDADE,FAIXA 3,10000,0.301,False,,False,,False,,False,,False,,False
352760,SP,LUIS ANTONIO,0.258,BAIXA VULNERABILIDADE,False,False,NÃO ELEGIVEL,0,BAIXA VULNERABILIDADE,FAIXA 3,10000,0.343,False,,False,,False,,False,,False,,False
352770,SP,LUIZIANIA,0.329,MEDIA VULNERABILIDADE,False,False,NÃO ELEGIVEL,0,MEDIA VULNERABILIDADE,FAIXA 2,15000,0.377,False,,False,,False,,False,,False,,False
352780,SP,LUPERCIO,0.253,BAIXA VULNERABILIDADE,False,False,NÃO ELEGIVEL,0,BAIXA VULNERABILIDADE,FAIXA 3,10000,0.291,False,,False,,False,,False,,False,,False
352790,SP,LUTECIA,0.269,BAIXA VULNERABILIDADE,False,False,NÃO ELEGIVEL,0,BAIXA VULNERABILIDADE,FAIXA 3,10000,0.247,False,,False,,False,,False,,False,,False
352800,SP,MACATUBA,0.273,BAIXA VULNERABILIDADE,False,False,CADASTRO RESERVA,0,BAIXA VULNERABILIDADE,FAIXA 3,10000,0.376,False,,True,FAIXA 3,False,,False,,False,,True
352810,SP,MACAUBAL,0.289,BAIXA VULNERABILIDADE,False,False,CADASTRO RESERVA,0,BAIXA VULNERABILIDADE,FAIXA 3,10000,0.172,False,,False,,False,,False,,False,,False
352820,SP,MACEDONIA,0.269,BAIXA VULNERABILIDADE,False,False,CADASTRO RESERVA,0,BAIXA VULNERABILIDADE,FAIXA 3,10000,0.310,False,,False,,False,,False,,False,,False
352830,SP,MAGDA,0.181,MUITO BAIXA VULNERABILIDADE,False,False,CADASTRO RESERVA,0,MUITO BAIXA VULNERABILIDADE,FAIXA 3,10000,0.178,False,,False,,False,,False,,False,,False
352840,SP,MAIRINQUE,0.245,BAIXA VULNERABILIDADE,False,False,CADASTRO RESERVA,0,BAIXA VULNERABILIDADE,FAIXA 3,10000,0.329,False,,False,,False,,False,,False,,False
352850,SP,MAIRIPORA,0.225,BAIXA VULNERABILIDADE,False,False,CADASTRO RESERVA,0,BAIXA VULNERABILIDADE,FAIXA 3,10000,0.285,False,,False,,False,,False,,False,,False
352860,SP,MANDURI,0.211,BAIXA VULNERABILIDADE,False,False,CONFIRMAÇÃO DE VAGAS (ADERIDOS),1,BAIXA VULNERABILIDADE,FAIXA 3,10000,0.267,False,,False,,False,,False,,False,,False
352870,SP,MARABA PAULISTA,0.303,MEDIA VULNERABILIDADE,False,False,CADASTRO RESERVA,0,MEDIA VULNERABILIDADE,FAIXA 2,15000,0.352,False,,False,,False,,False,,False,,False
352880,SP,MARACAI,0.233,BAIXA VULNERABILIDADE,False,False,NÃO ELEGIVEL,0,BAIXA VULNERABILIDADE,FAIXA 3,10000,0.218,False,,False,,False,,False,,True,FAIXA 3,True
352885,SP,MARAPOAMA,0.144,MUITO BAIXA VULNERABILIDADE,False,False,NÃO ELEGIVEL,0,MUITO BAIXA VULNERABILIDADE,FAIXA 3,10000,0.171,False,,False,,False,,False,,False,,False
352890,SP,MARIAPOLIS,0.313,MEDIA VULNERABILIDADE,False,False,CADASTRO RESERVA,0,MEDIA VULNERABILIDADE,FAIXA 2,15000,0.253,False,,False,,False,,False,,False,,False
352900,SP,MARILIA,0.191,MUITO BAIXA VULNERABILIDADE,False,False,CADASTRO RESERVA,0,MUITO BAIXA VULNERABILIDADE,FAIXA 3,10000,0.268,True,FAIXA 3,True,FAIXA 3,True,FAIXA 3,True,FAIXA 3,True,FAIXA 3,True
352910,SP,MARINOPOLIS,0.146,MUITO BAIXA VULNERABILIDADE,False,False,NÃO ELEGIVEL,0,MUITO BAIXA VULNERABILIDADE,FAIXA 3,10000,0.174,False,,False,,False,,False,,False,,False
352920,SP,MARTINOPOLIS,0.277,BAIXA VULNERABILIDADE,False,False,CADASTRO RESERVA,0,BAIXA VULNERABILIDADE,FAIXA 3,10000,0.355,False,,False,,False,,False,,True,FAIXA 3,True
352930,SP,MATAO,0.249,BAIXA VULNERABILIDADE,False,False,CADASTRO RESERVA,0,BAIXA VULNERABILIDADE,FAIXA 3,10000,0.302,False,,False,,False,,False,,False,,False
352940,SP,MAUA,0.315,MEDIA VULNERABILIDADE,False,False,CADASTRO RESERVA,0,MEDIA VULNERABILIDADE,FAIXA 2,15000,0.364,False,,False,,False,,False,,False,,False
352950,SP,MENDONCA,0.231,BAIXA VULNERABILIDADE,False,False,CADASTRO RESERVA,0,BAIXA VULNERABILIDADE,FAIXA 3,10000,0.194,False,,False,,False,,False,,False,,False
352960,SP,MERIDIANO,0.174,MUITO BAIXA VULNERABILIDADE,False,False,NÃO ELEGIVEL,0,MUITO BAIXA VULNERABILIDADE,FAIXA 3,10000,0.163,False,,False,,False,,False,,False,,False
352965,SP,MESOPOLIS,0.281,BAIXA VULNERABILIDADE,False,False,CADASTRO RESERVA,0,BAIXA VULNERABILIDADE,FAIXA 3,10000,0.234,False,,False,,False,,False,,False,,False
352970,SP,MIGUELOPOLIS,0.322,MEDIA VULNERABILIDADE,False,False,CADASTRO RESERVA,0,MEDIA VULNERABILIDADE,FAIXA 2,15000,0.414,False,,False,,False,,False,,False,,False
352980,SP,MINEIROS DO TIETE,0.186,MUITO BAIXA VULNERABILIDADE,False,False,CADASTRO RESERVA,0,MUITO BAIXA VULNERABILIDADE,FAIXA 3,10000,0.225,False,,False,,False,,False,,False,,False
352990,SP,MIRACATU,0.322,MEDIA VULNERABILIDADE,False,False,CADASTRO RESERVA,0,MEDIA VULNERABILIDADE,FAIXA 2,15000,0.345,False,,False,,False,,False,,False,,False
353000,SP,MIRA ESTRELA,0.198,MUITO BAIXA VULNERABILIDADE,False,False,CADASTRO RESERVA,0,MUITO BAIXA VULNERABILIDADE,FAIXA 3,10000,0.197,False,,False,,False,,False,,False,,False
353010,SP,MIRANDOPOLIS,0.270,BAIXA VULNERABILIDADE,False,False,CADASTRO RESERVA,0,BAIXA VULNERABILIDADE,FAIXA 3,10000,0.258,False,,False,,False,,False,,False,,False
353020,SP,MIRANTE DO PARANAPANEMA,0.356,MEDIA VULNERABILIDADE,False,False,NÃO ELEGIVEL,0,MEDIA VULNERABILIDADE,FAIXA 2,15000,0.351,False,,False,,False,,False,,False,,False
353030,SP,MIRASSOL,0.181,MUITO BAIXA VULNERABILIDADE,False,False,CADASTRO RESERVA,0,MUITO BAIXA VULNERABILIDADE,FAIXA 3,10000,0.266,False,,False,,False,,False,,False,,False
353040,SP,MIRASSOLANDIA,0.274,BAIXA VULNERABILIDADE,False,False,CADASTRO RESERVA,0,BAIXA VULNERABILIDADE,FAIXA 3,10000,0.288,False,,False,,False,,False,,False,,False
353050,SP,MOCOCA,0.213,BAIXA VULNERABILIDADE,False,False,CONFIRMAÇÃO DE VAGAS (ADERIDOS),1,BAIXA VULNERABILIDADE,FAIXA 3,10000,0.285,False,,False,,False,,False,,False,,False
353060,SP,MOGI DAS CRUZES,0.295,BAIXA VULNERABILIDADE,False,False,CADASTRO RESERVA,0,BAIXA VULNERABILIDADE,FAIXA 3,10000,0.325,False,,False,,False,,False,,True,FAIXA 3,True
353070,SP,MOGI GUACU,0.216,BAIXA VULNERABILIDADE,False,False,CADASTRO RESERVA,0,BAIXA VULNERABILIDADE,FAIXA 3,10000,0.297,False,,False,,False,,False,,False,,False
353080,SP,MOGI MIRIM,0.195,MUITO BAIXA VULNERABILIDADE,False,False,CADASTRO RESERVA,0,MUITO BAIXA VULNERABILIDADE,FAIXA 3,10000,0.276,False,,False,,False,,False,,False,,False
353090,SP,MOMBUCA,0.293,BAIXA VULNERABILIDADE,False,False,CADASTRO RESERVA,0,BAIXA VULNERABILIDADE,FAIXA 3,10000,0.470,False,,False,,False,,False,,False,,False
353100,SP,MONCOES,0.262,BAIXA VULNERABILIDADE,False,False,NÃO ELEGIVEL,0,BAIXA VULNERABILIDADE,FAIXA 3,10000,0.191,False,,False,,False,,False,,False,,False
353110,SP,MONGAGUA,0.273,BAIXA VULNERABILIDADE,False,False,CADASTRO RESERVA,0,BAIXA VULNERABILIDADE,FAIXA 3,10000,0.265,False,,False,,False,,False,,False,,False
353120,SP,MONTE ALEGRE DO SUL,0.141,MUITO BAIXA VULNERABILIDADE,False,False,CADASTRO RESERVA,0,MUITO BAIXA VULNERABILIDADE,FAIXA 3,10000,0.198,False,,False,,False,,False,,False,,False
353130,SP,MONTE ALTO,0.167,MUITO BAIXA VULNERABILIDADE,False,False,CONFIRMAÇÃO DE VAGAS (ADERIDOS),1,MUITO BAIXA VULNERABILIDADE,FAIXA 3,10000,0.298,False,,False,,False,,False,,False,,False
353140,SP,MONTE APRAZIVEL,0.174,MUITO BAIXA VULNERABILIDADE,False,False,NÃO ELEGIVEL,0,MUITO BAIXA VULNERABILIDADE,FAIXA 3,10000,0.252,False,,False,,False,,False,,False,,False
353150,SP,MONTE AZUL PAULISTA,0.260,BAIXA VULNERABILIDADE,False,False,CADASTRO RESERVA,0,BAIXA VULNERABILIDADE,FAIXA 3,10000,0.287,False,,True,FAIXA 3,False,,False,,False,,True
353160,SP,MONTE CASTELO,0.237,BAIXA VULNERABILIDADE,False,False,NÃO ELEGIVEL,0,BAIXA VULNERABILIDADE,FAIXA 3,10000,0.216,False,,False,,False,,False,,False,,False
353170,SP,MONTEIRO LOBATO,0.333,MEDIA VULNERABILIDADE,False,False,CADASTRO RESERVA,0,MEDIA VULNERABILIDADE,FAIXA 2,15000,0.291,False,,False,,False,,False,,False,,False
353180,SP,MONTE MOR,0.326,MEDIA VULNERABILIDADE,False,False,CADASTRO RESERVA,0,MEDIA VULNERABILIDADE,FAIXA 2,15000,0.385,False,,False,,False,,False,,False,,False
353190,SP,MORRO AGUDO,0.301,MEDIA VULNERABILIDADE,False,False,CONFIRMAÇÃO DE VAGAS (ADERIDOS),1,MEDIA VULNERABILIDADE,FAIXA 2,15000,0.301,False,,True,FAIXA 2,True,FAIXA 2,True,FAIXA 2,False,,True
353200,SP,MORUNGABA,0.228,BAIXA VULNERABILIDADE,False,False,NÃO ELEGIVEL,0,BAIXA VULNERABILIDADE,FAIXA 3,10000,0.308,False,,False,,False,,False,,False,,False
353205,SP,MOTUCA,0.229,BAIXA VULNERABILIDADE,False,False,CADASTRO RESERVA,0,BAIXA VULNERABILIDADE,FAIXA 3,10000,0.263,False,,False,,False,,False,,False,,False
353210,SP,MURUTINGA DO SUL,0.207,BAIXA VULNERABILIDADE,False,False,CADASTRO RESERVA,0,BAIXA VULNERABILIDADE,FAIXA 3,10000,0.230,False,,False,,False,,False,,False,,False
353215,SP,NANTES,0.239,BAIXA VULNERABILIDADE,False,False,NÃO ELEGIVEL,0,BAIXA VULNERABILIDADE,FAIXA 3,10000,0.199,False,,False,,False,,False,,False,,False
353220,SP,NARANDIBA,0.329,MEDIA VULNERABILIDADE,False,False,CADASTRO RESERVA,0,MEDIA VULNERABILIDADE,FAIXA 2,15000,0.352,False,,False,,False,,False,,False,,False
353230,SP,NATIVIDADE DA SERRA,0.344,MEDIA VULNERABILIDADE,False,False,CADASTRO RESERVA,0,MEDIA VULNERABILIDADE,FAIXA 2,15000,0.421,False,,False,,False,,False,,False,,False
353240,SP,NAZARE PAULISTA,0.307,MEDIA VULNERABILIDADE,False,False,CADASTRO RESERVA,0,MEDIA VULNERABILIDADE,FAIXA 2,15000,0.367,False,,False,,False,,False,,False,,False
353250,SP,NEVES PAULISTA,0.170,MUITO BAIXA VULNERABILIDADE,False,False,NÃO ELEGIVEL,0,MUITO BAIXA VULNERABILIDADE,FAIXA 3,10000,0.138,False,,False,,False,,False,,False,,False
353260,SP,NHANDEARA,0.262,BAIXA VULNERABILIDADE,False,False,NÃO ELEGIVEL,0,BAIXA VULNERABILIDADE,FAIXA 3,10000,0.215,False,,False,,False,,False,,False,,False
353270,SP,NIPOA,0.188,MUITO BAIXA VULNERABILIDADE,False,False,NÃO ELEGIVEL,0,MUITO BAIXA VULNERABILIDADE,FAIXA 3,10000,0.252,False,,False,,False,,False,,False,,False
353280,SP,NOVA ALIANCA,0.197,MUITO BAIXA VULNERABILIDADE,False,False,CADASTRO RESERVA,0,MUITO BAIXA VULNERABILIDADE,FAIXA 3,10000,0.222,False,,False,,False,,False,,False,,False
353282,SP,NOVA CAMPINA,0.352,MEDIA VULNERABILIDADE,False,False,CADASTRO RESERVA,0,MEDIA VULNERABILIDADE,FAIXA 2,15000,0.488,False,,False,,False,,False,,False,,False
353284,SP,NOVA CANAA PAULISTA,0.195,MUITO BAIXA VULNERABILIDADE,False,False,NÃO ELEGIVEL,0,MUITO BAIXA VULNERABILIDADE,FAIXA 3,10000,0.208,False,,False,,False,,False,,False,,False
353286,SP,NOVA CASTILHO,0.178,MUITO BAIXA VULNERABILIDADE,False,False,CADASTRO RESERVA,0,MUITO BAIXA VULNERABILIDADE,FAIXA 3,10000,0.137,False,,False,,False,,False,,False,,False
353290,SP,NOVA EUROPA,0.246,BAIXA VULNERABILIDADE,False,False,CADASTRO RESERVA,0,BAIXA VULNERABILIDADE,FAIXA 3,10000,0.300,False,,False,,False,,False,,False,,False
353300,SP,NOVA GRANADA,0.231,BAIXA VULNERABILIDADE,False,False,CADASTRO RESERVA,0,BAIXA VULNERABILIDADE,FAIXA 3,10000,0.376,False,,False,,False,,False,,False,,False
353310,SP,NOVA GUATAPORANGA,0.286,BAIXA VULNERABILIDADE,False,False,CADASTRO RESERVA,0,BAIXA VULNERABILIDADE,FAIXA 3,10000,0.321,False,,False,,False,,False,,False,,False
353320,SP,NOVA INDEPENDENCIA,0.166,MUITO BAIXA VULNERABILIDADE,False,False,CADASTRO RESERVA,0,MUITO BAIXA VULNERABILIDADE,FAIXA 3,10000,0.163,False,,False,,False,,False,,False,,False
353325,SP,NOVAIS,0.324,MEDIA VULNERABILIDADE,False,False,CADASTRO RESERVA,0,MEDIA VULNERABILIDADE,FAIXA 2,15000,0.376,False,,False,,False,,False,,False,,False
353330,SP,NOVA LUZITANIA,0.199,MUITO BAIXA VULNERABILIDADE,False,False,CADASTRO RESERVA,0,MUITO BAIXA VULNERABILIDADE,FAIXA 3,10000,0.196,False,,False,,False,,False,,False,,False
353340,SP,NOVA ODESSA,0.177,MUITO BAIXA VULNERABILIDADE,False,False,CADASTRO RESERVA,0,MUITO BAIXA VULNERABILIDADE,FAIXA 3,10000,0.304,False,,False,,False,,False,,True,FAIXA 3,True
353350,SP,NOVO HORIZONTE,0.211,BAIXA VULNERABILIDADE,False,False,CADASTRO RESERVA,0,BAIXA VULNERABILIDADE,FAIXA 3,10000,0.321,False,,False,,False,,False,,False,,False
353360,SP,NUPORANGA,0.168,MUITO BAIXA VULNERABILIDADE,False,False,NÃO ELEGIVEL,0,MUITO BAIXA VULNERABILIDADE,FAIXA 3,10000,0.211,False,,False,,False,,False,,False,,False
353370,SP,OCAUCU,0.249,BAIXA VULNERABILIDADE,False,False,CADASTRO RESERVA,0,BAIXA VULNERABILIDADE,FAIXA 3,10000,0.245,False,,False,,False,,False,,False,,False
353380,SP,OLEO,0.242,BAIXA VULNERABILIDADE,False,False,CADASTRO RESERVA,0,BAIXA VULNERABILIDADE,FAIXA 3,10000,0.186,False,,False,,False,,False,,False,,False
353390,SP,OLIMPIA,0.200,MUITO BAIXA VULNERABILIDADE,False,False,CADASTRO RESERVA,0,MUITO BAIXA VULNERABILIDADE,FAIXA 3,10000,0.215,False,,False,,False,,False,,False,,False
353400,SP,ONDA VERDE,0.195,MUITO BAIXA VULNERABILIDADE,False,False,CADASTRO RESERVA,0,MUITO BAIXA VULNERABILIDADE,FAIXA 3,10000,0.242,False,,False,,False,,False,,False,,False
353410,SP,ORIENTE,0.195,MUITO BAIXA VULNERABILIDADE,False,False,NÃO ELEGIVEL,0,MUITO BAIXA VULNERABILIDADE,FAIXA 3,10000,0.289,False,,False,,False,,False,,False,,False
353420,SP,ORINDIUVA,0.131,MUITO BAIXA VULNERABILIDADE,False,False,NÃO ELEGIVEL,0,MUITO BAIXA VULNERABILIDADE,FAIXA 3,10000,0.174,False,,False,,False,,False,,True,FAIXA 3,True
353430,SP,ORLANDIA,0.201,BAIXA VULNERABILIDADE,False,False,CADASTRO RESERVA,0,BAIXA VULNERABILIDADE,FAIXA 3,10000,0.264,False,,False,,False,,False,,False,,False
353440,SP,OSASCO,0.308,MEDIA VULNERABILIDADE,False,False,CONFIRMAÇÃO DE VAGAS (ADERIDOS),1,MEDIA VULNERABILIDADE,FAIXA 2,15000,0.354,True,FAIXA 2,True,FAIXA 2,True,FAIXA 2,False,,False,,True
353450,SP,OSCAR BRESSANE,0.173,MUITO BAIXA VULNERABILIDADE,False,False,CADASTRO RESERVA,0,MUITO BAIXA VULNERABILIDADE,FAIXA 3,10000,0.239,False,,False,,False,,False,,False,,False
353460,SP,OSVALDO CRUZ,0.199,MUITO BAIXA VULNERABILIDADE,False,False,CADASTRO RESERVA,0,MUITO BAIXA VULNERABILIDADE,FAIXA 3,10000,0.206,False,,False,,False,,False,,False,,False
353470,SP,OURINHOS,0.188,MUITO BAIXA VULNERABILIDADE,False,False,CADASTRO RESERVA,0,MUITO BAIXA VULNERABILIDADE,FAIXA 3,10000,0.284,False,,False,,False,,False,,False,,False
353475,SP,OUROESTE,0.190,MUITO BAIXA VULNERABILIDADE,False,False,CADASTRO RESERVA,0,MUITO BAIXA VULNERABILIDADE,FAIXA 3,10000,0.292,False,,False,,False,,False,,False,,False
353480,SP,OURO VERDE,0.354,MEDIA VULNERABILIDADE,False,False,CADASTRO RESERVA,0,MEDIA VULNERABILIDADE,FAIXA 2,15000,0.421,False,,False,,False,,False,,False,,False
353490,SP,PACAEMBU,0.301,MEDIA VULNERABILIDADE,False,False,NOVA ADESÃO,1,MEDIA VULNERABILIDADE,FAIXA 2,15000,0.333,False,,False,,False,,False,,False,,False
353500,SP,PALESTINA,0.345,MEDIA VULNERABILIDADE,False,False,CADASTRO RESERVA,0,MEDIA VULNERABILIDADE,FAIXA 2,15000,0.412,False,,False,,False,,False,,False,,False
353510,SP,PALMARES PAULISTA,0.257,BAIXA VULNERABILIDADE,False,False,CADASTRO RESERVA,0,BAIXA VULNERABILIDADE,FAIXA 3,10000,0.303,False,,False,,False,,False,,False,,False
353520,SP,PALMEIRA D'OESTE,0.209,BAIXA VULNERABILIDADE,False,False,CONFIRMAÇÃO DE VAGAS (ADERIDOS),1,BAIXA VULNERABILIDADE,FAIXA 3,10000,0.215,False,,False,,False,,False,,False,,False
353530,SP,PALMITAL,0.192,MUITO BAIXA VULNERABILIDADE,False,False,CONFIRMAÇÃO DE VAGAS (ADERIDOS),1,MUITO BAIXA VULNERABILIDADE,FAIXA 3,10000,0.265,False,,False,,False,,False,,False,,False
353540,SP,PANORAMA,0.271,BAIXA VULNERABILIDADE,False,False,CADASTRO RESERVA,0,BAIXA VULNERABILIDADE,FAIXA 3,10000,0.289,False,,False,,False,,False,,False,,False
353550,SP,PARAGUACU PAULISTA,0.254,BAIXA VULNERABILIDADE,False,False,CADASTRO RESERVA,0,BAIXA VULNERABILIDADE,FAIXA 3,10000,0.365,False,,False,,True,FAIXA 3,True,FAIXA 3,True,FAIXA 3,True
353560,SP,PARAIBUNA,0.236,BAIXA VULNERABILIDADE,False,False,CADASTRO RESERVA,0,BAIXA VULNERABILIDADE,FAIXA 3,10000,0.305,False,,False,,False,,False,,False,,False
353570,SP,PARAISO,0.240,BAIXA VULNERABILIDADE,False,False,NÃO ELEGIVEL,0,BAIXA VULNERABILIDADE,FAIXA 3,10000,0.209,False,,False,,False,,False,,False,,False
353580,SP,PARANAPANEMA,0.250,BAIXA VULNERABILIDADE,False,False,CADASTRO RESERVA,0,BAIXA VULNERABILIDADE,FAIXA 3,10000,0.330,False,,False,,False,,False,,False,,False
353590,SP,PARANAPUA,0.179,MUITO BAIXA VULNERABILIDADE,False,False,CADASTRO RESERVA,0,MUITO BAIXA VULNERABILIDADE,FAIXA 3,10000,0.246,False,,False,,False,,False,,False,,False
353600,SP,PARAPUA,0.226,BAIXA VULNERABILIDADE,False,False,CADASTRO RESERVA,0,BAIXA VULNERABILIDADE,FAIXA 3,10000,0.255,False,,False,,False,,False,,False,,False
353610,SP,PARDINHO,0.194,MUITO BAIXA VULNERABILIDADE,False,False,NÃO ELEGIVEL,0,MUITO BAIXA VULNERABILIDADE,FAIXA 3,10000,0.230,False,,False,,False,,False,,False,,False
353620,SP,PARIQUERA-ACU,0.227,BAIXA VULNERABILIDADE,False,False,CADASTRO RESERVA,0,BAIXA VULNERABILIDADE,FAIXA 3,10000,0.250,False,,True,FAIXA 3,False,,False,,False,,True
353625,SP,PARISI,0.166,MUITO BAIXA VULNERABILIDADE,False,False,NÃO ELEGIVEL,0,MUITO BAIXA VULNERABILIDADE,FAIXA 3,10000,0.145,False,,False,,False,,False,,False,,False
353630,SP,PATROCINIO PAULISTA,0.258,BAIXA VULNERABILIDADE,False,False,CADASTRO RESERVA,0,BAIXA VULNERABILIDADE,FAIXA 3,10000,0.320,False,,False,,False,,False,,False,,False
353640,SP,PAULICEIA,0.236,BAIXA VULNERABILIDADE,False,False,CADASTRO RESERVA,0,BAIXA VULNERABILIDADE,FAIXA 3,10000,0.325,False,,False,,False,,False,,False,,False
353650,SP,PAULINIA,0.211,BAIXA VULNERABILIDADE,False,False,NÃO ELEGIVEL,0,BAIXA VULNERABILIDADE,FAIXA 3,10000,0.300,False,,False,,False,,False,,False,,False
353657,SP,PAULISTANIA,0.216,BAIXA VULNERABILIDADE,False,False,CADASTRO RESERVA,0,BAIXA VULNERABILIDADE,FAIXA 3,10000,0.186,False,,False,,False,,False,,False,,False
353660,SP,PAULO DE FARIA,0.283,BAIXA VULNERABILIDADE,False,False,CONFIRMAÇÃO DE VAGAS (ADERIDOS),1,BAIXA VULNERABILIDADE,FAIXA 3,10000,0.338,False,,False,,False,,False,,False,,False
353670,SP,PEDERNEIRAS,0.300,BAIXA VULNERABILIDADE,False,False,CONFIRMAÇÃO DE VAGAS (ADERIDOS),1,BAIXA VULNERABILIDADE,FAIXA 3,10000,0.400,False,,False,,False,,False,,True,FAIXA 3,True
353680,SP,PEDRA BELA,0.222,BAIXA VULNERABILIDADE,False,False,CADASTRO RESERVA,0,BAIXA VULNERABILIDADE,FAIXA 3,10000,0.257,False,,False,,False,,False,,False,,False
353690,SP,PEDRANOPOLIS,0.180,MUITO BAIXA VULNERABILIDADE,False,False,CADASTRO RESERVA,0,MUITO BAIXA VULNERABILIDADE,FAIXA 3,10000,0.195,False,,False,,False,,False,,False,,False
353700,SP,PEDREGULHO,0.244,BAIXA VULNERABILIDADE,False,False,CADASTRO RESERVA,0,BAIXA VULNERABILIDADE,FAIXA 3,10000,0.289,False,,False,,True,FAIXA 3,True,FAIXA 3,False,,True
353710,SP,PEDREIRA,0.137,MUITO BAIXA VULNERABILIDADE,False,False,CADASTRO RESERVA,0,MUITO BAIXA VULNERABILIDADE,FAIXA 3,10000,0.170,False,,False,,False,,False,,True,FAIXA 3,True
353715,SP,PEDRINHAS PAULISTA,0.135,MUITO BAIXA VULNERABILIDADE,False,False,NÃO ELEGIVEL,0,MUITO BAIXA VULNERABILIDADE,FAIXA 3,10000,0.120,False,,False,,False,,False,,False,,False
353720,SP,PEDRO DE TOLEDO,0.277,BAIXA VULNERABILIDADE,False,False,CADASTRO RESERVA,0,BAIXA VULNERABILIDADE,FAIXA 3,10000,0.279,False,,False,,False,,False,,False,,False
353730,SP,PENAPOLIS,0.197,MUITO BAIXA VULNERABILIDADE,False,False,CADASTRO RESERVA,0,MUITO BAIXA VULNERABILIDADE,FAIXA 3,10000,0.243,False,,False,,False,,False,,False,,False
353740,SP,PEREIRA BARRETO,0.223,BAIXA VULNERABILIDADE,False,False,NÃO ELEGIVEL,0,BAIXA VULNERABILIDADE,FAIXA 3,10000,0.276,False,,False,,False,,False,,False,,False
353750,SP,PEREIRAS,0.187,MUITO BAIXA VULNERABILIDADE,False,False,CADASTRO RESERVA,0,MUITO BAIXA VULNERABILIDADE,FAIXA 3,10000,0.174,False,,False,,False,,False,,False,,False
353760,SP,PERUIBE,0.245,BAIXA VULNERABILIDADE,False,False,CADASTRO RESERVA,0,BAIXA VULNERABILIDADE,FAIXA 3,10000,0.269,False,,False,,False,,False,,False,,False
353770,SP,PIACATU,0.313,MEDIA VULNERABILIDADE,False,False,NÃO ELEGIVEL,0,MEDIA VULNERABILIDADE,FAIXA 2,15000,0.419,False,,False,,False,,False,,False,,False
353780,SP,PIEDADE,0.265,BAIXA VULNERABILIDADE,False,False,CADASTRO RESERVA,0,BAIXA VULNERABILIDADE,FAIXA 3,10000,0.294,False,,False,,True,FAIXA 3,True,FAIXA 3,False,,True
353790,SP,PILAR DO SUL,0.255,BAIXA VULNERABILIDADE,False,False,CADASTRO RESERVA,0,BAIXA VULNERABILIDADE,FAIXA 3,10000,0.285,False,,False,,False,,False,,False,,False
353800,SP,PINDAMONHANGABA,0.216,BAIXA VULNERABILIDADE,False,False,CADASTRO RESERVA,0,BAIXA VULNERABILIDADE,FAIXA 3,10000,0.256,False,,False,,False,,False,,False,,False
353810,SP,PINDORAMA,0.302,MEDIA VULNERABILIDADE,False,False,CADASTRO RESERVA,0,MEDIA VULNERABILIDADE,FAIXA 2,15000,0.409,False,,False,,False,,False,,False,,False
353820,SP,PINHALZINHO,0.246,BAIXA VULNERABILIDADE,False,False,CADASTRO RESERVA,0,BAIXA VULNERABILIDADE,FAIXA 3,10000,0.376,False,,False,,False,,False,,False,,False
353830,SP,PIQUEROBI,0.274,BAIXA VULNERABILIDADE,False,False,NÃO ELEGIVEL,0,BAIXA VULNERABILIDADE,FAIXA 3,10000,0.302,False,,False,,False,,False,,False,,False
353850,SP,PIQUETE,0.268,BAIXA VULNERABILIDADE,False,False,CADASTRO RESERVA,0,BAIXA VULNERABILIDADE,FAIXA 3,10000,0.276,False,,False,,False,,False,,False,,False
353860,SP,PIRACAIA,0.265,BAIXA VULNERABILIDADE,False,False,CADASTRO RESERVA,0,BAIXA VULNERABILIDADE,FAIXA 3,10000,0.290,False,,False,,False,,False,,False,,False
353870,SP,PIRACICABA,0.240,BAIXA VULNERABILIDADE,False,False,CONFIRMAÇÃO DE VAGAS (ADERIDOS),1,BAIXA VULNERABILIDADE,FAIXA 3,10000,0.286,False,,False,,False,,False,,True,FAIXA 3,True
353880,SP,PIRAJU,0.212,BAIXA VULNERABILIDADE,False,False,NÃO ELEGIVEL,0,BAIXA VULNERABILIDADE,FAIXA 3,10000,0.225,False,,False,,False,,False,,False,,False
353890,SP,PIRAJUI,0.248,BAIXA VULNERABILIDADE,False,False,CADASTRO RESERVA,0,BAIXA VULNERABILIDADE,FAIXA 3,10000,0.335,False,,False,,False,,False,,False,,False
353900,SP,PIRANGI,0.180,MUITO BAIXA VULNERABILIDADE,False,False,CADASTRO RESERVA,0,MUITO BAIXA VULNERABILIDADE,FAIXA 3,10000,0.194,False,,False,,False,,False,,False,,False
353910,SP,PIRAPORA DO BOM JESUS,0.334,MEDIA VULNERABILIDADE,False,False,CADASTRO RESERVA,0,MEDIA VULNERABILIDADE,FAIXA 2,15000,0.367,False,,False,,False,,False,,False,,False
353920,SP,PIRAPOZINHO,0.304,MEDIA VULNERABILIDADE,False,False,CADASTRO RESERVA,0,MEDIA VULNERABILIDADE,FAIXA 2,15000,0.336,False,,False,,False,,False,,False,,False
353930,SP,PIRASSUNUNGA,0.184,MUITO BAIXA VULNERABILIDADE,False,False,CONFIRMAÇÃO DE VAGAS (ADERIDOS),2,MUITO BAIXA VULNERABILIDADE,FAIXA 3,10000,0.266,False,,False,,False,,False,,False,,False
353940,SP,PIRATININGA,0.201,BAIXA VULNERABILIDADE,False,False,CADASTRO RESERVA,0,BAIXA VULNERABILIDADE,FAIXA 3,10000,0.147,False,,False,,False,,False,,False,,False
353950,SP,PITANGUEIRAS,0.265,BAIXA VULNERABILIDADE,False,False,CADASTRO RESERVA,0,BAIXA VULNERABILIDADE,FAIXA 3,10000,0.318,False,,False,,False,,False,,False,,False
353960,SP,PLANALTO,0.190,MUITO BAIXA VULNERABILIDADE,False,False,CADASTRO RESERVA,0,MUITO BAIXA VULNERABILIDADE,FAIXA 3,10000,0.286,False,,False,,False,,False,,False,,False
353970,SP,PLATINA,0.274,BAIXA VULNERABILIDADE,False,False,NÃO ELEGIVEL,0,BAIXA VULNERABILIDADE,FAIXA 3,10000,0.339,False,,False,,False,,False,,False,,False
353980,SP,POA,0.302,MEDIA VULNERABILIDADE,False,False,CADASTRO RESERVA,0,MEDIA VULNERABILIDADE,FAIXA 2,15000,0.329,False,,False,,False,,False,,True,FAIXA 2,True
353990,SP,POLONI,0.183,MUITO BAIXA VULNERABILIDADE,False,False,NÃO ELEGIVEL,0,MUITO BAIXA VULNERABILIDADE,FAIXA 3,10000,0.171,False,,False,,False,,False,,False,,False
354000,SP,POMPEIA,0.159,MUITO BAIXA VULNERABILIDADE,False,False,CADASTRO RESERVA,0,MUITO BAIXA VULNERABILIDADE,FAIXA 3,10000,0.165,False,,False,,False,,False,,False,,False
354010,SP,PONGAI,0.189,MUITO BAIXA VULNERABILIDADE,False,False,CADASTRO RESERVA,0,MUITO BAIXA VULNERABILIDADE,FAIXA 3,10000,0.181,False,,False,,False,,False,,False,,False
354020,SP,PONTAL,0.286,BAIXA VULNERABILIDADE,False,False,CADASTRO RESERVA,0,BAIXA VULNERABILIDADE,FAIXA 3,10000,0.437,False,,False,,False,,False,,False,,False
354025,SP,PONTALINDA,0.342,MEDIA VULNERABILIDADE,False,False,NÃO ELEGIVEL,0,MEDIA VULNERABILIDADE,FAIXA 2,15000,0.400,False,,False,,False,,False,,False,,False
354030,SP,PONTES GESTAL,0.192,MUITO BAIXA VULNERABILIDADE,False,False,CADASTRO RESERVA,0,MUITO BAIXA VULNERABILIDADE,FAIXA 3,10000,0.186,False,,False,,False,,False,,False,,False
354040,SP,POPULINA,0.282,BAIXA VULNERABILIDADE,False,False,NÃO ELEGIVEL,0,BAIXA VULNERABILIDADE,FAIXA 3,10000,0.290,False,,False,,False,,False,,False,,False
354050,SP,PORANGABA,0.264,BAIXA VULNERABILIDADE,False,False,CADASTRO RESERVA,0,BAIXA VULNERABILIDADE,FAIXA 3,10000,0.331,False,,False,,False,,False,,False,,False
354060,SP,PORTO FELIZ,0.221,BAIXA VULNERABILIDADE,False,False,NÃO ELEGIVEL,0,BAIXA VULNERABILIDADE,FAIXA 3,10000,0.269,False,,False,,False,,False,,False,,False
354070,SP,PORTO FERREIRA,0.226,BAIXA VULNERABILIDADE,False,False,CONFIRMAÇÃO DE VAGAS (ADERIDOS),2,BAIXA VULNERABILIDADE,FAIXA 3,10000,0.336,False,,False,,False,,False,,False,,False
354075,SP,POTIM,0.247,BAIXA VULNERABILIDADE,False,False,CONFIRMAÇÃO DE VAGAS (ADERIDOS),1,BAIXA VULNERABILIDADE,FAIXA 3,10000,0.238,False,,False,,False,,False,,False,,False
354080,SP,POTIRENDABA,0.184,MUITO BAIXA VULNERABILIDADE,False,False,CADASTRO RESERVA,0,MUITO BAIXA VULNERABILIDADE,FAIXA 3,10000,0.205,False,,False,,False,,False,,False,,False
354085,SP,PRACINHA,0.328,MEDIA VULNERABILIDADE,False,False,NÃO ELEGIVEL,0,MEDIA VULNERABILIDADE,FAIXA 2,15000,0.359,False,,False,,False,,False,,False,,False
354090,SP,PRADOPOLIS,0.272,BAIXA VULNERABILIDADE,False,False,CADASTRO RESERVA,0,BAIXA VULNERABILIDADE,FAIXA 3,10000,0.204,False,,False,,False,,False,,False,,False
354100,SP,PRAIA GRANDE,0.319,MEDIA VULNERABILIDADE,False,False,CONFIRMAÇÃO DE VAGAS (ADERIDOS),2,MEDIA VULNERABILIDADE,FAIXA 2,15000,0.384,False,,False,,False,,False,,False,,False
354105,SP,PRATANIA,0.208,BAIXA VULNERABILIDADE,False,False,CADASTRO RESERVA,0,BAIXA VULNERABILIDADE,FAIXA 3,10000,0.256,False,,False,,False,,False,,False,,False
354110,SP,PRESIDENTE ALVES,0.272,BAIXA VULNERABILIDADE,False,False,CADASTRO RESERVA,0,BAIXA VULNERABILIDADE,FAIXA 3,10000,0.231,False,,False,,False,,False,,False,,False
354120,SP,PRESIDENTE BERNARDES,0.237,BAIXA VULNERABILIDADE,False,False,NÃO ELEGIVEL,0,BAIXA VULNERABILIDADE,FAIXA 3,10000,0.222,False,,False,,False,,False,,True,FAIXA 3,True
354130,SP,PRESIDENTE EPITACIO,0.259,BAIXA VULNERABILIDADE,False,False,CADASTRO RESERVA,0,BAIXA VULNERABILIDADE,FAIXA 3,10000,0.291,False,,False,,False,,False,,False,,False
354140,SP,PRESIDENTE PRUDENTE,0.179,MUITO BAIXA VULNERABILIDADE,False,False,CADASTRO RESERVA,0,MUITO BAIXA VULNERABILIDADE,FAIXA 3,10000,0.228,True,FAIXA 3,True,FAIXA 3,False,,False,,False,,True
354150,SP,PRESIDENTE VENCESLAU,0.214,BAIXA VULNERABILIDADE,False,False,CADASTRO RESERVA,0,BAIXA VULNERABILIDADE,FAIXA 3,10000,0.220,True,FAIXA 3,True,FAIXA 3,True,FAIXA 3,True,FAIXA 3,False,,True
354160,SP,PROMISSAO,0.207,BAIXA VULNERABILIDADE,False,False,CADASTRO RESERVA,0,BAIXA VULNERABILIDADE,FAIXA 3,10000,0.254,False,,False,,False,,False,,False,,False
354165,SP,QUADRA,0.188,MUITO BAIXA VULNERABILIDADE,False,False,NÃO ELEGIVEL,0,MUITO BAIXA VULNERABILIDADE,FAIXA 3,10000,0.200,False,,False,,False,,False,,False,,False
354170,SP,QUATA,0.305,MEDIA VULNERABILIDADE,False,False,NÃO ELEGIVEL,0,MEDIA VULNERABILIDADE,FAIXA 2,15000,0.376,False,,False,,False,,False,,True,FAIXA 2,True
354180,SP,QUEIROZ,0.245,BAIXA VULNERABILIDADE,False,False,NÃO ELEGIVEL,0,BAIXA VULNERABILIDADE,FAIXA 3,10000,0.353,False,,False,,False,,False,,False,,False
354190,SP,QUELUZ,0.300,BAIXA VULNERABILIDADE,False,False,CADASTRO RESERVA,0,BAIXA VULNERABILIDADE,FAIXA 3,10000,0.349,False,,False,,False,,False,,False,,False
354200,SP,QUINTANA,0.308,MEDIA VULNERABILIDADE,False,False,NÃO ELEGIVEL,0,MEDIA VULNERABILIDADE,FAIXA 2,15000,0.245,False,,False,,False,,False,,False,,False
354210,SP,RAFARD,0.196,MUITO BAIXA VULNERABILIDADE,False,False,CADASTRO RESERVA,0,MUITO BAIXA VULNERABILIDADE,FAIXA 3,10000,0.321,False,,False,,False,,False,,False,,False
354220,SP,RANCHARIA,0.191,MUITO BAIXA VULNERABILIDADE,False,False,CADASTRO RESERVA,0,MUITO BAIXA VULNERABILIDADE,FAIXA 3,10000,0.237,False,,True,FAIXA 3,False,,False,,False,,True
354230,SP,REDENCAO DA SERRA,0.355,MEDIA VULNERABILIDADE,False,False,CADASTRO RESERVA,0,MEDIA VULNERABILIDADE,FAIXA 2,15000,0.329,False,,False,,False,,False,,False,,False
354240,SP,REGENTE FEIJO,0.161,MUITO BAIXA VULNERABILIDADE,False,False,NÃO ELEGIVEL,0,MUITO BAIXA VULNERABILIDADE,FAIXA 3,10000,0.208,False,,False,,False,,False,,False,,False
354250,SP,REGINOPOLIS,0.231,BAIXA VULNERABILIDADE,False,False,CADASTRO RESERVA,0,BAIXA VULNERABILIDADE,FAIXA 3,10000,0.243,False,,False,,False,,False,,False,,False
354260,SP,REGISTRO,0.239,BAIXA VULNERABILIDADE,False,False,CONFIRMAÇÃO DE VAGAS (ADERIDOS),2,BAIXA VULNERABILIDADE,FAIXA 3,10000,0.292,False,,False,,False,,False,,False,,False
354270,SP,RESTINGA,0.218,BAIXA VULNERABILIDADE,False,False,CADASTRO RESERVA,0,BAIXA VULNERABILIDADE,FAIXA 3,10000,0.309,False,,False,,False,,False,,False,,False
354280,SP,RIBEIRA,0.316,MEDIA VULNERABILIDADE,False,False,CADASTRO RESERVA,0,MEDIA VULNERABILIDADE,FAIXA 2,15000,0.265,False,,False,,False,,False,,False,,False
354290,SP,RIBEIRAO BONITO,0.248,BAIXA VULNERABILIDADE,False,False,CONFIRMAÇÃO DE VAGAS (ADERIDOS),1,BAIXA VULNERABILIDADE,FAIXA 3,10000,0.378,False,,False,,False,,False,,False,,False
354300,SP,RIBEIRAO BRANCO,0.397,MEDIA VULNERABILIDADE,False,False,CADASTRO RESERVA,0,MEDIA VULNERABILIDADE,FAIXA 2,15000,0.481,False,,False,,False,,False,,False,,False
354310,SP,RIBEIRAO CORRENTE,0.213,BAIXA VULNERABILIDADE,False,False,NÃO ELEGIVEL,0,BAIXA VULNERABILIDADE,FAIXA 3,10000,0.291,False,,False,,False,,False,,False,,False
354320,SP,RIBEIRAO DO SUL,0.164,MUITO BAIXA VULNERABILIDADE,False,False,NÃO ELEGIVEL,0,MUITO BAIXA VULNERABILIDADE,FAIXA 3,10000,0.190,False,,False,,False,,False,,False,,False
354323,SP,RIBEIRAO DOS INDIOS,0.330,MEDIA VULNERABILIDADE,False,False,CADASTRO RESERVA,0,MEDIA VULNERABILIDADE,FAIXA 2,15000,0.357,False,,False,,False,,False,,False,,False
354325,SP,RIBEIRAO GRANDE,0.286,BAIXA VULNERABILIDADE,False,False,CONFIRMAÇÃO DE VAGAS (ADERIDOS),1,BAIXA VULNERABILIDADE,FAIXA 3,10000,0.311,False,,False,,False,,False,,False,,False
354330,SP,RIBEIRAO PIRES,0.295,BAIXA VULNERABILIDADE,False,False,CADASTRO RESERVA,0,BAIXA VULNERABILIDADE,FAIXA 3,10000,0.322,False,,False,,True,FAIXA 3,False,,False,,True
354340,SP,RIBEIRAO PRETO,0.235,BAIXA VULNERABILIDADE,False,False,CADASTRO RESERVA,0,BAIXA VULNERABILIDADE,FAIXA 3,10000,0.319,True,FAIXA 3,True,FAIXA 3,True,FAIXA 3,True,FAIXA 3,False,,True
354350,SP,RIVERSUL,0.374,MEDIA VULNERABILIDADE,False,False,CADASTRO RESERVA,0,MEDIA VULNERABILIDADE,FAIXA 2,15000,0.450,False,,False,,False,,False,,False,,False
354360,SP,RIFAINA,0.194,MUITO BAIXA VULNERABILIDADE,False,False,NÃO ELEGIVEL,0,MUITO BAIXA VULNERABILIDADE,FAIXA 3,10000,0.251,False,,False,,False,,False,,False,,False
354370,SP,RINCAO,0.226,BAIXA VULNERABILIDADE,False,False,CADASTRO RESERVA,0,BAIXA VULNERABILIDADE,FAIXA 3,10000,0.335,False,,False,,False,,False,,False,,False
354380,SP,RINOPOLIS,0.332,MEDIA VULNERABILIDADE,False,False,NÃO ELEGIVEL,0,MEDIA VULNERABILIDADE,FAIXA 2,15000,0.406,False,,False,,False,,False,,False,,False
354390,SP,RIO CLARO,0.159,MUITO BAIXA VULNERABILIDADE,False,False,CONFIRMAÇÃO DE VAGAS (ADERIDOS),2,MUITO BAIXA VULNERABILIDADE,FAIXA 3,10000,0.208,False,,False,,False,,False,,False,,False
354400,SP,RIO DAS PEDRAS,0.241,BAIXA VULNERABILIDADE,False,False,NOVA ADESÃO,2,BAIXA VULNERABILIDADE,FAIXA 3,10000,0.296,False,,False,,False,,False,,True,FAIXA 3,True
354410,SP,RIO GRANDE DA SERRA,0.320,MEDIA VULNERABILIDADE,False,False,CADASTRO RESERVA,0,MEDIA VULNERABILIDADE,FAIXA 2,15000,0.337,False,,False,,False,,False,,False,,False
354420,SP,RIOLANDIA,0.369,MEDIA VULNERABILIDADE,False,False,CADASTRO RESERVA,0,MEDIA VULNERABILIDADE,FAIXA 2,15000,0.453,False,,False,,False,,False,,False,,False
354425,SP,ROSANA,0.310,MEDIA VULNERABILIDADE,False,False,CADASTRO RESERVA,0,MEDIA VULNERABILIDADE,FAIXA 2,15000,0.308,False,,False,,False,,False,,False,,False
354430,SP,ROSEIRA,0.202,BAIXA VULNERABILIDADE,False,False,NÃO ELEGIVEL,0,BAIXA VULNERABILIDADE,FAIXA 3,10000,0.273,False,,False,,False,,False,,False,,False
354440,SP,RUBIACEA,0.166,MUITO BAIXA VULNERABILIDADE,False,False,CADASTRO RESERVA,0,MUITO BAIXA VULNERABILIDADE,FAIXA 3,10000,0.214,False,,False,,False,,False,,False,,False
354450,SP,RUBINEIA,0.179,MUITO BAIXA VULNERABILIDADE,False,False,NÃO ELEGIVEL,0,MUITO BAIXA VULNERABILIDADE,FAIXA 3,10000,0.155,False,,False,,False,,False,,False,,False
354460,SP,SABINO,0.237,BAIXA VULNERABILIDADE,False,False,CADASTRO RESERVA,0,BAIXA VULNERABILIDADE,FAIXA 3,10000,0.378,False,,False,,False,,False,,False,,False
354470,SP,SAGRES,0.174,MUITO BAIXA VULNERABILIDADE,False,False,NÃO ELEGIVEL,0,MUITO BAIXA VULNERABILIDADE,FAIXA 3,10000,0.188,False,,False,,False,,False,,False,,False
354480,SP,SALES,0.289,BAIXA VULNERABILIDADE,False,False,CADASTRO RESERVA,0,BAIXA VULNERABILIDADE,FAIXA 3,10000,0.329,False,,False,,False,,False,,False,,False
354490,SP,SALES OLIVEIRA,0.186,MUITO BAIXA VULNERABILIDADE,False,False,CADASTRO RESERVA,0,MUITO BAIXA VULNERABILIDADE,FAIXA 3,10000,0.225,False,,False,,False,,False,,False,,False
354500,SP,SALESOPOLIS,0.337,MEDIA VULNERABILIDADE,False,False,CADASTRO RESERVA,0,MEDIA VULNERABILIDADE,FAIXA 2,15000,0.309,False,,False,,False,,False,,False,,False
354510,SP,SALMOURAO,0.249,BAIXA VULNERABILIDADE,False,False,CADASTRO RESERVA,0,BAIXA VULNERABILIDADE,FAIXA 3,10000,0.333,False,,False,,False,,False,,False,,False
354515,SP,SALTINHO,0.123,MUITO BAIXA VULNERABILIDADE,False,False,NÃO ELEGIVEL,0,MUITO BAIXA VULNERABILIDADE,FAIXA 3,10000,0.181,False,,False,,False,,False,,False,,False
354520,SP,SALTO,0.211,BAIXA VULNERABILIDADE,False,False,CADASTRO RESERVA,0,BAIXA VULNERABILIDADE,FAIXA 3,10000,0.265,False,,False,,False,,False,,True,FAIXA 3,True
354530,SP,SALTO DE PIRAPORA,0.315,MEDIA VULNERABILIDADE,False,False,CADASTRO RESERVA,0,MEDIA VULNERABILIDADE,FAIXA 2,15000,0.436,False,,False,,False,,False,,False,,False
354540,SP,SALTO GRANDE,0.306,MEDIA VULNERABILIDADE,False,False,CADASTRO RESERVA,0,MEDIA VULNERABILIDADE,FAIXA 2,15000,0.445,False,,False,,False,,False,,False,,False
354550,SP,SANDOVALINA,0.295,BAIXA VULNERABILIDADE,False,False,NÃO ELEGIVEL,0,BAIXA VULNERABILIDADE,FAIXA 3,10000,0.257,False,,False,,False,,False,,False,,False
354560,SP,SANTA ADELIA,0.161,MUITO BAIXA VULNERABILIDADE,False,False,CADASTRO RESERVA,0,MUITO BAIXA VULNERABILIDADE,FAIXA 3,10000,0.274,False,,False,,False,,False,,False,,False
354570,SP,SANTA ALBERTINA,0.209,BAIXA VULNERABILIDADE,False,False,CADASTRO RESERVA,0,BAIXA VULNERABILIDADE,FAIXA 3,10000,0.200,False,,False,,False,,False,,False,,False
354580,SP,SANTA BARBARA D'OESTE,0.174,MUITO BAIXA VULNERABILIDADE,False,False,CADASTRO RESERVA,0,MUITO BAIXA VULNERABILIDADE,FAIXA 3,10000,0.255,False,,False,,False,,False,,False,,False
354600,SP,SANTA BRANCA,0.265,BAIXA VULNERABILIDADE,False,False,CADASTRO RESERVA,0,BAIXA VULNERABILIDADE,FAIXA 3,10000,0.304,False,,False,,False,,False,,False,,False
354610,SP,SANTA CLARA D'OESTE,0.161,MUITO BAIXA VULNERABILIDADE,False,False,NÃO ELEGIVEL,0,MUITO BAIXA VULNERABILIDADE,FAIXA 3,10000,0.183,False,,False,,False,,False,,False,,False
354620,SP,SANTA CRUZ DA CONCEICAO,0.149,MUITO BAIXA VULNERABILIDADE,False,False,CADASTRO RESERVA,0,MUITO BAIXA VULNERABILIDADE,FAIXA 3,10000,0.153,False,,False,,False,,False,,False,,False
354625,SP,SANTA CRUZ DA ESPERANCA,0.350,MEDIA VULNERABILIDADE,False,False,NÃO ELEGIVEL,0,MEDIA VULNERABILIDADE,FAIXA 2,15000,0.423,False,,False,,False,,False,,False,,False
354630,SP,SANTA CRUZ DAS PALMEIRAS,0.289,BAIXA VULNERABILIDADE,False,False,CONFIRMAÇÃO DE VAGAS (ADERIDOS),1,BAIXA VULNERABILIDADE,FAIXA 3,10000,0.267,False,,False,,False,,False,,False,,False
354640,SP,SANTA CRUZ DO RIO PARDO,0.198,MUITO BAIXA VULNERABILIDADE,False,False,NÃO ELEGIVEL,0,MUITO BAIXA VULNERABILIDADE,FAIXA 3,10000,0.225,False,,False,,False,,False,,False,,False
354650,SP,SANTA ERNESTINA,0.253,BAIXA VULNERABILIDADE,False,False,NÃO ELEGIVEL,0,BAIXA VULNERABILIDADE,FAIXA 3,10000,0.293,False,,False,,False,,False,,False,,False
354660,SP,SANTA FE DO SUL,0.174,MUITO BAIXA VULNERABILIDADE,False,False,NÃO ELEGIVEL,0,MUITO BAIXA VULNERABILIDADE,FAIXA 3,10000,0.201,False,,False,,False,,False,,False,,False
354670,SP,SANTA GERTRUDES,0.162,MUITO BAIXA VULNERABILIDADE,False,False,NÃO ELEGIVEL,0,MUITO BAIXA VULNERABILIDADE,FAIXA 3,10000,0.213,False,,False,,False,,False,,False,,False
354680,SP,SANTA ISABEL,0.285,BAIXA VULNERABILIDADE,False,False,CADASTRO RESERVA,0,BAIXA VULNERABILIDADE,FAIXA 3,10000,0.256,False,,False,,False,,False,,False,,False
354690,SP,SANTA LUCIA,0.310,MEDIA VULNERABILIDADE,False,False,CADASTRO RESERVA,0,MEDIA VULNERABILIDADE,FAIXA 2,15000,0.388,False,,False,,False,,False,,False,,False
354700,SP,SANTA MARIA DA SERRA,0.248,BAIXA VULNERABILIDADE,False,False,NÃO ELEGIVEL,0,BAIXA VULNERABILIDADE,FAIXA 3,10000,0.301,False,,False,,False,,False,,False,,False
354710,SP,SANTA MERCEDES,0.222,BAIXA VULNERABILIDADE,False,False,NÃO ELEGIVEL,0,BAIXA VULNERABILIDADE,FAIXA 3,10000,0.196,False,,False,,False,,False,,False,,False
354720,SP,SANTANA DA PONTE PENSA,0.113,MUITO BAIXA VULNERABILIDADE,False,False,NÃO ELEGIVEL,0,MUITO BAIXA VULNERABILIDADE,FAIXA 3,10000,0.105,False,,False,,False,,False,,False,,False
354730,SP,SANTANA DE PARNAIBA,0.302,MEDIA VULNERABILIDADE,False,False,NÃO ELEGIVEL,0,MEDIA VULNERABILIDADE,FAIXA 2,15000,0.331,False,,False,,False,,False,,False,,False
354740,SP,SANTA RITA D'OESTE,0.121,MUITO BAIXA VULNERABILIDADE,False,False,NÃO ELEGIVEL,0,MUITO BAIXA VULNERABILIDADE,FAIXA 3,10000,0.144,False,,False,,False,,False,,False,,False
354750,SP,SANTA RITA DO PASSA QUATRO,0.200,MUITO BAIXA VULNERABILIDADE,False,False,NÃO ELEGIVEL,0,MUITO BAIXA VULNERABILIDADE,FAIXA 3,10000,0.283,False,,False,,False,,False,,False,,False
354760,SP,SANTA ROSA DE VITERBO,0.261,BAIXA VULNERABILIDADE,False,False,NÃO ELEGIVEL,0,BAIXA VULNERABILIDADE,FAIXA 3,10000,0.272,False,,False,,False,,False,,False,,False
354765,SP,SANTA SALETE,0.179,MUITO BAIXA VULNERABILIDADE,False,False,NÃO ELEGIVEL,0,MUITO BAIXA VULNERABILIDADE,FAIXA 3,10000,0.191,False,,False,,False,,False,,False,,False
354770,SP,SANTO ANASTACIO,0.239,BAIXA VULNERABILIDADE,False,False,NÃO ELEGIVEL,0,BAIXA VULNERABILIDADE,FAIXA 3,10000,0.301,False,,False,,False,,False,,False,,False
354780,SP,SANTO ANDRE,0.268,BAIXA VULNERABILIDADE,False,False,CONFIRMAÇÃO DE VAGAS (ADERIDOS),1,BAIXA VULNERABILIDADE,FAIXA 3,10000,0.331,False,,False,,True,FAIXA 3,True,FAIXA 3,False,,True
354790,SP,SANTO ANTONIO DA ALEGRIA,0.201,BAIXA VULNERABILIDADE,False,False,CADASTRO RESERVA,0,BAIXA VULNERABILIDADE,FAIXA 3,10000,0.238,False,,False,,False,,False,,False,,False
354800,SP,SANTO ANTONIO DE POSSE,0.216,BAIXA VULNERABILIDADE,False,False,CADASTRO RESERVA,0,BAIXA VULNERABILIDADE,FAIXA 3,10000,0.227,False,,False,,False,,False,,False,,False
354805,SP,SANTO ANTONIO DO ARACANGUA,0.246,BAIXA VULNERABILIDADE,False,False,CADASTRO RESERVA,0,BAIXA VULNERABILIDADE,FAIXA 3,10000,0.305,False,,False,,False,,False,,False,,False
354810,SP,SANTO ANTONIO DO JARDIM,0.170,MUITO BAIXA VULNERABILIDADE,False,False,CADASTRO RESERVA,0,MUITO BAIXA VULNERABILIDADE,FAIXA 3,10000,0.277,False,,False,,False,,False,,False,,False
354820,SP,SANTO ANTONIO DO PINHAL,0.234,BAIXA VULNERABILIDADE,False,False,CADASTRO RESERVA,0,BAIXA VULNERABILIDADE,FAIXA 3,10000,0.310,False,,False,,False,,False,,False,,False
354830,SP,SANTO EXPEDITO,0.322,MEDIA VULNERABILIDADE,False,False,NÃO ELEGIVEL,0,MEDIA VULNERABILIDADE,FAIXA 2,15000,0.291,False,,False,,False,,False,,False,,False
354840,SP,SANTOPOLIS DO AGUAPEI,0.295,BAIXA VULNERABILIDADE,False,False,NÃO ELEGIVEL,0,BAIXA VULNERABILIDADE,FAIXA 3,10000,0.362,False,,False,,False,,False,,False,,False
354850,SP,SANTOS,0.170,MUITO BAIXA VULNERABILIDADE,False,False,CADASTRO RESERVA,0,MUITO BAIXA VULNERABILIDADE,FAIXA 3,10000,0.247,False,,False,,True,FAIXA 3,False,,False,,True
354860,SP,SAO BENTO DO SAPUCAI,0.297,BAIXA VULNERABILIDADE,False,False,CADASTRO RESERVA,0,BAIXA VULNERABILIDADE,FAIXA 3,10000,0.269,False,,False,,False,,False,,False,,False
354870,SP,SAO BERNARDO DO CAMPO,0.278,BAIXA VULNERABILIDADE,False,False,CADASTRO RESERVA,0,BAIXA VULNERABILIDADE,FAIXA 3,10000,0.329,False,,False,,False,,False,,True,FAIXA 3,True
354880,SP,SAO CAETANO DO SUL,0.183,MUITO BAIXA VULNERABILIDADE,False,False,CADASTRO RESERVA,0,MUITO BAIXA VULNERABILIDADE,FAIXA 3,10000,0.141,False,,False,,False,,False,,False,,False
354890,SP,SAO CARLOS,0.187,MUITO BAIXA VULNERABILIDADE,False,False,CADASTRO RESERVA,0,MUITO BAIXA VULNERABILIDADE,FAIXA 3,10000,0.272,False,,False,,False,,False,,False,,False
354900,SP,SAO FRANCISCO,0.297,BAIXA VULNERABILIDADE,False,False,CADASTRO RESERVA,0,BAIXA VULNERABILIDADE,FAIXA 3,10000,0.327,False,,False,,False,,False,,False,,False
354910,SP,SAO JOAO DA BOA VISTA,0.160,MUITO BAIXA VULNERABILIDADE,False,False,CONFIRMAÇÃO DE VAGAS (ADERIDOS),2,MUITO BAIXA VULNERABILIDADE,FAIXA 3,10000,0.234,False,,False,,True,FAIXA 3,True,FAIXA 3,True,FAIXA 3,True
354920,SP,SAO JOAO DAS DUAS PONTES,0.154,MUITO BAIXA VULNERABILIDADE,False,False,CADASTRO RESERVA,0,MUITO BAIXA VULNERABILIDADE,FAIXA 3,10000,0.141,False,,False,,False,,False,,False,,False
354925,SP,SAO JOAO DE IRACEMA,0.178,MUITO BAIXA VULNERABILIDADE,False,False,CADASTRO RESERVA,0,MUITO BAIXA VULNERABILIDADE,FAIXA 3,10000,0.280,False,,False,,False,,False,,False,,False
354930,SP,SAO JOAO DO PAU D'ALHO,0.211,BAIXA VULNERABILIDADE,False,False,CADASTRO RESERVA,0,BAIXA VULNERABILIDADE,FAIXA 3,10000,0.142,False,,False,,False,,False,,False,,False
354940,SP,SAO JOAQUIM DA BARRA,0.181,MUITO BAIXA VULNERABILIDADE,False,False,CADASTRO RESERVA,0,MUITO BAIXA VULNERABILIDADE,FAIXA 3,10000,0.216,True,FAIXA 3,True,FAIXA 3,False,,False,,False,,True
354950,SP,SAO JOSE DA BELA VISTA,0.308,MEDIA VULNERABILIDADE,False,False,CADASTRO RESERVA,0,MEDIA VULNERABILIDADE,FAIXA 2,15000,0.308,False,,False,,False,,False,,False,,False
354960,SP,SAO JOSE DO BARREIRO,0.276,BAIXA VULNERABILIDADE,False,False,CADASTRO RESERVA,0,BAIXA VULNERABILIDADE,FAIXA 3,10000,0.393,False,,False,,False,,False,,False,,False
354970,SP,SAO JOSE DO RIO PARDO,0.196,MUITO BAIXA VULNERABILIDADE,False,False,CADASTRO RESERVA,0,MUITO BAIXA VULNERABILIDADE,FAIXA 3,10000,0.240,False,,False,,False,,False,,False,,False
354980,SP,SAO JOSE DO RIO PRETO,0.195,MUITO BAIXA VULNERABILIDADE,False,False,CONFIRMAÇÃO DE VAGAS (ADERIDOS),1,MUITO BAIXA VULNERABILIDADE,FAIXA 3,10000,0.273,False,,False,,True,FAIXA 3,False,,False,,True
354990,SP,SAO JOSE DOS CAMPOS,0.236,BAIXA VULNERABILIDADE,False,False,CONFIRMAÇÃO DE VAGAS (ADERIDOS),1,BAIXA VULNERABILIDADE,FAIXA 3,10000,0.249,False,,True,FAIXA 3,False,,False,,False,,True
354995,SP,SAO LOURENCO DA SERRA,0.267,BAIXA VULNERABILIDADE,False,False,CADASTRO RESERVA,0,BAIXA VULNERABILIDADE,FAIXA 3,10000,0.302,False,,False,,False,,False,,False,,False
355000,SP,SAO LUIS DO PARAITINGA,0.283,BAIXA VULNERABILIDADE,False,False,CADASTRO RESERVA,0,BAIXA VULNERABILIDADE,FAIXA 3,10000,0.230,False,,False,,False,,False,,False,,False
355010,SP,SAO MANUEL,0.213,BAIXA VULNERABILIDADE,False,False,CADASTRO RESERVA,0,BAIXA VULNERABILIDADE,FAIXA 3,10000,0.336,True,FAIXA 3,True,FAIXA 3,True,FAIXA 3,True,FAIXA 3,True,FAIXA 3,True
355020,SP,SAO MIGUEL ARCANJO,0.286,BAIXA VULNERABILIDADE,False,False,CADASTRO RESERVA,0,BAIXA VULNERABILIDADE,FAIXA 3,10000,0.315,False,,False,,False,,False,,False,,False
355030,SP,SAO PAULO,0.291,BAIXA VULNERABILIDADE,False,False,CADASTRO RESERVA,0,BAIXA VULNERABILIDADE,FAIXA 3,10000,0.339,False,,True,FAIXA 3,True,FAIXA 3,True,FAIXA 3,False,,True
355040,SP,SAO PEDRO,0.203,BAIXA VULNERABILIDADE,False,False,CADASTRO RESERVA,0,BAIXA VULNERABILIDADE,FAIXA 3,10000,0.254,False,,False,,False,,False,,True,FAIXA 3,True
355050,SP,SAO PEDRO DO TURVO,0.212,BAIXA VULNERABILIDADE,False,False,NÃO ELEGIVEL,0,BAIXA VULNERABILIDADE,FAIXA 3,10000,0.223,False,,False,,False,,False,,False,,False
355060,SP,SAO ROQUE,0.219,BAIXA VULNERABILIDADE,False,False,CADASTRO RESERVA,0,BAIXA VULNERABILIDADE,FAIXA 3,10000,0.317,False,,True,FAIXA 3,True,FAIXA 3,True,FAIXA 3,False,,True
355070,SP,SAO SEBASTIAO,0.215,BAIXA VULNERABILIDADE,False,False,CONFIRMAÇÃO DE VAGAS (ADERIDOS),2,BAIXA VULNERABILIDADE,FAIXA 3,10000,0.255,False,,False,,False,,False,,False,,False
355080,SP,SAO SEBASTIAO DA GRAMA,0.202,BAIXA VULNERABILIDADE,False,False,NÃO ELEGIVEL,0,BAIXA VULNERABILIDADE,FAIXA 3,10000,0.263,False,,False,,False,,False,,False,,False
355090,SP,SAO SIMAO,0.220,BAIXA VULNERABILIDADE,False,False,CADASTRO RESERVA,0,BAIXA VULNERABILIDADE,FAIXA 3,10000,0.235,False,,False,,False,,False,,False,,False
355100,SP,SAO VICENTE,0.311,MEDIA VULNERABILIDADE,False,False,CONFIRMAÇÃO DE VAGAS (ADERIDOS),1,MEDIA VULNERABILIDADE,FAIXA 2,15000,0.349,False,,False,,True,FAIXA 2,True,FAIXA 2,True,FAIXA 2,True
355110,SP,SARAPUI,0.235,BAIXA VULNERABILIDADE,False,False,CADASTRO RESERVA,0,BAIXA VULNERABILIDADE,FAIXA 3,10000,0.231,False,,False,,False,,False,,False,,False
355120,SP,SARUTAIA,0.301,MEDIA VULNERABILIDADE,False,False,NÃO ELEGIVEL,0,MEDIA VULNERABILIDADE,FAIXA 2,15000,0.290,False,,False,,False,,False,,False,,False
355130,SP,SEBASTIANOPOLIS DO SUL,0.143,MUITO BAIXA VULNERABILIDADE,False,False,CADASTRO RESERVA,0,MUITO BAIXA VULNERABILIDADE,FAIXA 3,10000,0.189,False,,False,,False,,False,,False,,False
355140,SP,SERRA AZUL,0.321,MEDIA VULNERABILIDADE,False,False,CADASTRO RESERVA,0,MEDIA VULNERABILIDADE,FAIXA 2,15000,0.347,False,,False,,False,,False,,False,,False
355150,SP,SERRANA,0.212,BAIXA VULNERABILIDADE,False,False,CADASTRO RESERVA,0,BAIXA VULNERABILIDADE,FAIXA 3,10000,0.280,False,,False,,False,,False,,False,,False
355160,SP,SERRA NEGRA,0.162,MUITO BAIXA VULNERABILIDADE,False,False,CADASTRO RESERVA,0,MUITO BAIXA VULNERABILIDADE,FAIXA 3,10000,0.205,False,,False,,False,,False,,False,,False
355170,SP,SERTAOZINHO,0.186,MUITO BAIXA VULNERABILIDADE,False,False,CADASTRO RESERVA,0,MUITO BAIXA VULNERABILIDADE,FAIXA 3,10000,0.290,False,,False,,False,,False,,True,FAIXA 3,True
355180,SP,SETE BARRAS,0.303,MEDIA VULNERABILIDADE,False,False,CADASTRO RESERVA,0,MEDIA VULNERABILIDADE,FAIXA 2,15000,0.415,False,,False,,False,,False,,False,,False
355190,SP,SEVERINIA,0.286,BAIXA VULNERABILIDADE,False,False,NÃO ELEGIVEL,0,BAIXA VULNERABILIDADE,FAIXA 3,10000,0.308,False,,False,,False,,False,,False,,False
355200,SP,SILVEIRAS,0.270,BAIXA VULNERABILIDADE,False,False,CADASTRO RESERVA,0,BAIXA VULNERABILIDADE,FAIXA 3,10000,0.264,False,,False,,False,,False,,False,,False
355210,SP,SOCORRO,0.223,BAIXA VULNERABILIDADE,False,False,CONFIRMAÇÃO DE VAGAS (ADERIDOS),2,BAIXA VULNERABILIDADE,FAIXA 3,10000,0.253,False,,False,,False,,False,,False,,False
355220,SP,SOROCABA,0.277,BAIXA VULNERABILIDADE,False,False,CONFIRMAÇÃO DE VAGAS (ADERIDOS),1,BAIXA VULNERABILIDADE,FAIXA 3,10000,0.335,False,,True,FAIXA 3,True,FAIXA 3,True,FAIXA 3,False,,True
355230,SP,SUD MENNUCCI,0.212,BAIXA VULNERABILIDADE,False,False,CADASTRO RESERVA,0,BAIXA VULNERABILIDADE,FAIXA 3,10000,0.241,False,,False,,False,,False,,False,,False
355240,SP,SUMARE,0.244,BAIXA VULNERABILIDADE,False,False,CONFIRMAÇÃO DE VAGAS (ADERIDOS),2,BAIXA VULNERABILIDADE,FAIXA 3,10000,0.339,False,,False,,False,,False,,False,,False
355250,SP,SUZANO,0.333,MEDIA VULNERABILIDADE,False,False,CADASTRO RESERVA,0,MEDIA VULNERABILIDADE,FAIXA 2,15000,0.383,False,,False,,True,FAIXA 2,True,FAIXA 2,False,,True
355255,SP,SUZANAPOLIS,0.247,BAIXA VULNERABILIDADE,False,False,NÃO ELEGIVEL,0,BAIXA VULNERABILIDADE,FAIXA 3,10000,0.275,False,,False,,False,,False,,False,,False
355260,SP,TABAPUA,0.301,MEDIA VULNERABILIDADE,False,False,NÃO ELEGIVEL,0,MEDIA VULNERABILIDADE,FAIXA 2,15000,0.209,False,,False,,False,,False,,False,,False
355270,SP,TABATINGA,0.274,BAIXA VULNERABILIDADE,False,False,CADASTRO RESERVA,0,BAIXA VULNERABILIDADE,FAIXA 3,10000,0.248,False,,False,,False,,False,,False,,False
355280,SP,TABOAO DA SERRA,0.294,BAIXA VULNERABILIDADE,False,False,CADASTRO RESERVA,0,BAIXA VULNERABILIDADE,FAIXA 3,10000,0.321,False,,False,,False,,False,,False,,False
355290,SP,TACIBA,0.309,MEDIA VULNERABILIDADE,False,False,NÃO ELEGIVEL,0,MEDIA VULNERABILIDADE,FAIXA 2,15000,0.343,False,,False,,False,,False,,False,,False
355300,SP,TAGUAI,0.216,BAIXA VULNERABILIDADE,False,False,CADASTRO RESERVA,0,BAIXA VULNERABILIDADE,FAIXA 3,10000,0.213,False,,False,,False,,False,,False,,False
355310,SP,TAIACU,0.234,BAIXA VULNERABILIDADE,False,False,CADASTRO RESERVA,0,BAIXA VULNERABILIDADE,FAIXA 3,10000,0.391,False,,False,,False,,False,,False,,False
355320,SP,TAIUVA,0.248,BAIXA VULNERABILIDADE,False,False,CADASTRO RESERVA,0,BAIXA VULNERABILIDADE,FAIXA 3,10000,0.296,False,,False,,False,,False,,False,,False
355330,SP,TAMBAU,0.220,BAIXA VULNERABILIDADE,False,False,CADASTRO RESERVA,0,BAIXA VULNERABILIDADE,FAIXA 3,10000,0.331,False,,True,FAIXA 3,False,,False,,False,,True
355340,SP,TANABI,0.208,BAIXA VULNERABILIDADE,False,False,CADASTRO RESERVA,0,BAIXA VULNERABILIDADE,FAIXA 3,10000,0.244,False,,False,,True,FAIXA 3,True,FAIXA 3,False,,True
355350,SP,TAPIRAI,0.325,MEDIA VULNERABILIDADE,False,False,CADASTRO RESERVA,0,MEDIA VULNERABILIDADE,FAIXA 2,15000,0.364,False,,False,,False,,False,,False,,False
355360,SP,TAPIRATIBA,0.164,MUITO BAIXA VULNERABILIDADE,False,False,CADASTRO RESERVA,0,MUITO BAIXA VULNERABILIDADE,FAIXA 3,10000,0.323,False,,False,,False,,False,,False,,False
355365,SP,TAQUARAL,0.187,MUITO BAIXA VULNERABILIDADE,False,False,CADASTRO RESERVA,0,MUITO BAIXA VULNERABILIDADE,FAIXA 3,10000,0.261,False,,False,,False,,False,,False,,False
355370,SP,TAQUARITINGA,0.298,BAIXA VULNERABILIDADE,False,False,CADASTRO RESERVA,0,BAIXA VULNERABILIDADE,FAIXA 3,10000,0.372,True,FAIXA 3,True,FAIXA 3,False,,False,,False,,True
355380,SP,TAQUARITUBA,0.370,MEDIA VULNERABILIDADE,False,False,CADASTRO RESERVA,0,MEDIA VULNERABILIDADE,FAIXA 2,15000,0.387,False,,False,,False,,False,,False,,False
355385,SP,TAQUARIVAI,0.281,BAIXA VULNERABILIDADE,False,False,CONFIRMAÇÃO DE VAGAS (ADERIDOS),1,BAIXA VULNERABILIDADE,FAIXA 3,10000,0.353,False,,False,,False,,False,,False,,False
355390,SP,TARABAI,0.332,MEDIA VULNERABILIDADE,False,False,CADASTRO RESERVA,0,MEDIA VULNERABILIDADE,FAIXA 2,15000,0.400,False,,False,,False,,False,,True,FAIXA 2,True
355395,SP,TARUMA,0.213,BAIXA VULNERABILIDADE,False,False,NÃO ELEGIVEL,0,BAIXA VULNERABILIDADE,FAIXA 3,10000,0.247,False,,False,,False,,False,,False,,False
355400,SP,TATUI,0.188,MUITO BAIXA VULNERABILIDADE,False,False,CADASTRO RESERVA,0,MUITO BAIXA VULNERABILIDADE,FAIXA 3,10000,0.227,False,,False,,False,,False,,False,,False
355410,SP,TAUBATE,0.187,MUITO BAIXA VULNERABILIDADE,False,False,CADASTRO RESERVA,0,MUITO BAIXA VULNERABILIDADE,FAIXA 3,10000,0.257,False,,False,,True,FAIXA 3,True,FAIXA 3,True,FAIXA 3,True
355420,SP,TEJUPA,0.295,BAIXA VULNERABILIDADE,False,False,CADASTRO RESERVA,0,BAIXA VULNERABILIDADE,FAIXA 3,10000,0.341,False,,False,,False,,False,,False,,False
355430,SP,TEODORO SAMPAIO,0.285,BAIXA VULNERABILIDADE,False,False,NÃO ELEGIVEL,0,BAIXA VULNERABILIDADE,FAIXA 3,10000,0.291,False,,False,,False,,False,,False,,False
355440,SP,TERRA ROXA,0.288,BAIXA VULNERABILIDADE,False,False,CADASTRO RESERVA,0,BAIXA VULNERABILIDADE,FAIXA 3,10000,0.379,False,,False,,False,,False,,False,,False
355450,SP,TIETE,0.139,MUITO BAIXA VULNERABILIDADE,False,False,CONFIRMAÇÃO DE VAGAS (ADERIDOS),1,MUITO BAIXA VULNERABILIDADE,FAIXA 3,10000,0.235,False,,False,,False,,False,,False,,False
355460,SP,TIMBURI,0.236,BAIXA VULNERABILIDADE,False,False,NÃO ELEGIVEL,0,BAIXA VULNERABILIDADE,FAIXA 3,10000,0.273,False,,False,,False,,False,,False,,False
355465,SP,TORRE DE PEDRA,0.260,BAIXA VULNERABILIDADE,False,False,CADASTRO RESERVA,0,BAIXA VULNERABILIDADE,FAIXA 3,10000,0.338,False,,False,,False,,False,,False,,False
355470,SP,TORRINHA,0.208,BAIXA VULNERABILIDADE,False,False,CADASTRO RESERVA,0,BAIXA VULNERABILIDADE,FAIXA 3,10000,0.197,False,,False,,False,,False,,False,,False
355475,SP,TRABIJU,0.299,BAIXA VULNERABILIDADE,False,False,CONFIRMAÇÃO DE VAGAS (ADERIDOS),1,BAIXA VULNERABILIDADE,FAIXA 3,10000,0.367,False,,False,,False,,False,,False,,False
355480,SP,TREMEMBE,0.213,BAIXA VULNERABILIDADE,False,False,NÃO ELEGIVEL,0,BAIXA VULNERABILIDADE,FAIXA 3,10000,0.265,False,,False,,False,,False,,False,,False
355490,SP,TRES FRONTEIRAS,0.164,MUITO BAIXA VULNERABILIDADE,False,False,NÃO ELEGIVEL,0,MUITO BAIXA VULNERABILIDADE,FAIXA 3,10000,0.175,False,,False,,False,,False,,False,,False
355495,SP,TUIUTI,0.235,BAIXA VULNERABILIDADE,False,False,CADASTRO RESERVA,0,BAIXA VULNERABILIDADE,FAIXA 3,10000,0.274,False,,False,,False,,False,,False,,False
355500,SP,TUPA,0.221,BAIXA VULNERABILIDADE,False,False,CONFIRMAÇÃO DE VAGAS (ADERIDOS),1,BAIXA VULNERABILIDADE,FAIXA 3,10000,0.326,True,FAIXA 3,True,FAIXA 3,False,,False,,True,FAIXA 3,True
355510,SP,TUPI PAULISTA,0.161,MUITO BAIXA VULNERABILIDADE,False,False,NÃO ELEGIVEL,0,MUITO BAIXA VULNERABILIDADE,FAIXA 3,10000,0.192,False,,False,,False,,False,,False,,False
355520,SP,TURIUBA,0.113,MUITO BAIXA VULNERABILIDADE,False,False,CADASTRO RESERVA,0,MUITO BAIXA VULNERABILIDADE,FAIXA 3,10000,0.119,False,,False,,False,,False,,False,,False
355530,SP,TURMALINA,0.241,BAIXA VULNERABILIDADE,False,False,CADASTRO RESERVA,0,BAIXA VULNERABILIDADE,FAIXA 3,10000,0.180,False,,False,,False,,False,,False,,False
355535,SP,UBARANA,0.235,BAIXA VULNERABILIDADE,False,False,NÃO ELEGIVEL,0,BAIXA VULNERABILIDADE,FAIXA 3,10000,0.329,False,,False,,False,,False,,False,,False
355540,SP,UBATUBA,0.236,BAIXA VULNERABILIDADE,False,False,CONFIRMAÇÃO DE VAGAS (ADERIDOS),1,BAIXA VULNERABILIDADE,FAIXA 3,10000,0.295,False,,False,,False,,False,,False,,False
355550,SP,UBIRAJARA,0.186,MUITO BAIXA VULNERABILIDADE,False,False,CADASTRO RESERVA,0,MUITO BAIXA VULNERABILIDADE,FAIXA 3,10000,0.263,False,,False,,False,,False,,False,,False
355560,SP,UCHOA,0.301,MEDIA VULNERABILIDADE,False,False,NÃO ELEGIVEL,0,MEDIA VULNERABILIDADE,FAIXA 2,15000,0.329,False,,False,,False,,False,,False,,False
355570,SP,UNIAO PAULISTA,0.195,MUITO BAIXA VULNERABILIDADE,False,False,NÃO ELEGIVEL,0,MUITO BAIXA VULNERABILIDADE,FAIXA 3,10000,0.220,False,,False,,False,,False,,False,,False
355580,SP,URANIA,0.177,MUITO BAIXA VULNERABILIDADE,False,False,NÃO ELEGIVEL,0,MUITO BAIXA VULNERABILIDADE,FAIXA 3,10000,0.232,False,,False,,False,,False,,False,,False
355590,SP,URU,0.173,MUITO BAIXA VULNERABILIDADE,False,False,CADASTRO RESERVA,0,MUITO BAIXA VULNERABILIDADE,FAIXA 3,10000,0.145,False,,False,,False,,False,,False,,False
355600,SP,URUPES,0.175,MUITO BAIXA VULNERABILIDADE,False,False,CADASTRO RESERVA,0,MUITO BAIXA VULNERABILIDADE,FAIXA 3,10000,0.269,False,,False,,False,,False,,False,,False
355610,SP,VALENTIM GENTIL,0.151,MUITO BAIXA VULNERABILIDADE,False,False,CADASTRO RESERVA,0,MUITO BAIXA VULNERABILIDADE,FAIXA 3,10000,0.167,False,,False,,False,,False,,False,,False
355620,SP,VALINHOS,0.179,MUITO BAIXA VULNERABILIDADE,False,False,CADASTRO RESERVA,0,MUITO BAIXA VULNERABILIDADE,FAIXA 3,10000,0.160,False,,False,,False,,False,,False,,False
355630,SP,VALPARAISO,0.264,BAIXA VULNERABILIDADE,False,False,NÃO ELEGIVEL,0,BAIXA VULNERABILIDADE,FAIXA 3,10000,0.353,False,,False,,False,,False,,False,,False
355635,SP,VARGEM,0.203,BAIXA VULNERABILIDADE,False,False,CADASTRO RESERVA,0,BAIXA VULNERABILIDADE,FAIXA 3,10000,0.249,False,,False,,False,,False,,False,,False
355640,SP,VARGEM GRANDE DO SUL,0.297,BAIXA VULNERABILIDADE,False,False,CADASTRO RESERVA,0,BAIXA VULNERABILIDADE,FAIXA 3,10000,0.395,False,,False,,False,,False,,False,,False
355645,SP,VARGEM GRANDE PAULISTA,0.245,BAIXA VULNERABILIDADE,False,False,NOVA ADESÃO,3,BAIXA VULNERABILIDADE,FAIXA 3,10000,0.279,False,,False,,False,,False,,True,FAIXA 3,True
355650,SP,VARZEA PAULISTA,0.301,MEDIA VULNERABILIDADE,False,False,CADASTRO RESERVA,0,MEDIA VULNERABILIDADE,FAIXA 2,15000,0.333,False,,False,,False,,False,,False,,False
355660,SP,VERA CRUZ,0.179,MUITO BAIXA VULNERABILIDADE,False,False,CADASTRO RESERVA,0,MUITO BAIXA VULNERABILIDADE,FAIXA 3,10000,0.201,False,,False,,False,,False,,False,,False
355670,SP,VINHEDO,0.175,MUITO BAIXA VULNERABILIDADE,False,False,NÃO ELEGIVEL,0,MUITO BAIXA VULNERABILIDADE,FAIXA 3,10000,0.167,False,,False,,False,,False,,False,,False
355680,SP,VIRADOURO,0.210,BAIXA VULNERABILIDADE,False,False,CONFIRMAÇÃO DE VAGAS (ADERIDOS),1,BAIXA VULNERABILIDADE,FAIXA 3,10000,0.249,False,,False,,False,,False,,False,,False
355690,SP,VISTA ALEGRE DO ALTO,0.198,MUITO BAIXA VULNERABILIDADE,False,False,NÃO ELEGIVEL,0,MUITO BAIXA VULNERABILIDADE,FAIXA 3,10000,0.206,False,,False,,False,,False,,False,,False
355695,SP,VITORIA BRASIL,0.151,MUITO BAIXA VULNERABILIDADE,False,False,NÃO ELEGIVEL,0,MUITO BAIXA VULNERABILIDADE,FAIXA 3,10000,0.189,False,,False,,False,,False,,False,,False
355700,SP,VOTORANTIM,0.269,BAIXA VULNERABILIDADE,False,False,CONFIRMAÇÃO DE VAGAS (ADERIDOS),1,BAIXA VULNERABILIDADE,FAIXA 3,10000,0.289,False,,False,,True,FAIXA 3,True,FAIXA 3,False,,True
355710,SP,VOTUPORANGA,0.151,MUITO BAIXA VULNERABILIDADE,False,False,CADASTRO RESERVA,0,MUITO BAIXA VULNERABILIDADE,FAIXA 3,10000,0.195,True,FAIXA 3,True,FAIXA 3,False,,False,,False,,True
355715,SP,ZACARIAS,0.181,MUITO BAIXA VULNERABILIDADE,False,False,NÃO ELEGIVEL,0,MUITO BAIXA VULNERABILIDADE,FAIXA 3,10000,0.178,False,,False,,False,,False,,False,,False
355720,SP,CHAVANTES,0.232,BAIXA VULNERABILIDADE,False,False,CADASTRO RESERVA,0,BAIXA VULNERABILIDADE,FAIXA 3,10000,0.242,False,,False,,False,,False,,False,,False
355730,SP,ESTIVA GERBI,0.162,MUITO BAIXA VULNERABILIDADE,False,False,CONFIRMAÇÃO DE VAGAS (ADERIDOS),1,MUITO BAIXA VULNERABILIDADE,FAIXA 3,10000,0.151,False,,True,FAIXA 3,False,,False,,False,,True
410010,PR,ABATIA,0.285,BAIXA VULNERABILIDADE,False,False,CADASTRO RESERVA,0,BAIXA VULNERABILIDADE,FAIXA 3,10000,0.337,False,,False,,False,,False,,False,,False
410020,PR,ADRIANOPOLIS,0.403,ALTA VULNERABILIDADE,False,False,CADASTRO RESERVA,0,ALTA VULNERABILIDADE,FAIXA 1,20000,0.274,False,,False,,False,,False,,False,,False
410030,PR,AGUDOS DO SUL,0.300,BAIXA VULNERABILIDADE,False,False,CADASTRO RESERVA,0,BAIXA VULNERABILIDADE,FAIXA 3,10000,0.362,False,,False,,False,,False,,False,,False
410040,PR,ALMIRANTE TAMANDARE,0.337,MEDIA VULNERABILIDADE,False,False,CADASTRO RESERVA,0,MEDIA VULNERABILIDADE,FAIXA 2,15000,0.370,False,,False,,False,,False,,True,FAIXA 2,True
410045,PR,ALTAMIRA DO PARANA,0.340,MEDIA VULNERABILIDADE,False,True,CADASTRO RESERVA,0,MEDIA VULNERABILIDADE,FAIXA 2,15000,0.374,False,,False,,False,,False,,False,,False
410050,PR,ALTONIA,0.188,MUITO BAIXA VULNERABILIDADE,False,True,CONFIRMAÇÃO DE VAGAS (ADERIDOS),1,MUITO BAIXA VULNERABILIDADE,FAIXA 3,10000,0.238,False,,False,,False,,False,,False,,False
410060,PR,ALTO PARANA,0.277,BAIXA VULNERABILIDADE,False,False,CADASTRO RESERVA,0,BAIXA VULNERABILIDADE,FAIXA 3,10000,0.345,False,,False,,False,,False,,False,,False
410070,PR,ALTO PIQUIRI,0.352,MEDIA VULNERABILIDADE,False,True,CADASTRO RESERVA,0,MEDIA VULNERABILIDADE,FAIXA 2,15000,0.377,False,,False,,False,,False,,False,,False
410080,PR,ALVORADA DO SUL,0.340,MEDIA VULNERABILIDADE,False,False,CADASTRO RESERVA,0,MEDIA VULNERABILIDADE,FAIXA 2,15000,0.267,False,,False,,False,,False,,False,,False
410090,PR,AMAPORA,0.349,MEDIA VULNERABILIDADE,False,False,CONFIRMAÇÃO DE VAGAS (ADERIDOS),1,MEDIA VULNERABILIDADE,FAIXA 2,15000,0.375,False,,False,,False,,False,,False,,False
410100,PR,AMPERE,0.218,BAIXA VULNERABILIDADE,False,True,CONFIRMAÇÃO DE VAGAS (ADERIDOS),1,BAIXA VULNERABILIDADE,FAIXA 3,10000,0.296,False,,False,,False,,False,,False,,False
410105,PR,ANAHY,0.213,BAIXA VULNERABILIDADE,False,True,CADASTRO RESERVA,0,BAIXA VULNERABILIDADE,FAIXA 3,10000,0.278,False,,False,,False,,False,,False,,False
410110,PR,ANDIRA,0.252,BAIXA VULNERABILIDADE,False,False,CONFIRMAÇÃO DE VAGAS (ADERIDOS),1,BAIXA VULNERABILIDADE,FAIXA 3,10000,0.268,False,,False,,False,,False,,False,,False
410115,PR,ANGULO,0.300,BAIXA VULNERABILIDADE,False,False,CADASTRO RESERVA,0,BAIXA VULNERABILIDADE,FAIXA 3,10000,0.362,False,,False,,False,,False,,False,,False
410120,PR,ANTONINA,0.358,MEDIA VULNERABILIDADE,False,False,CADASTRO RESERVA,0,MEDIA VULNERABILIDADE,FAIXA 2,15000,0.378,False,,False,,True,FAIXA 2,True,FAIXA 2,False,,True
410130,PR,ANTONIO OLINTO,0.350,MEDIA VULNERABILIDADE,False,False,CADASTRO RESERVA,0,MEDIA VULNERABILIDADE,FAIXA 2,15000,0.411,False,,False,,False,,False,,False,,False
410140,PR,APUCARANA,0.228,BAIXA VULNERABILIDADE,False,False,CADASTRO RESERVA,0,BAIXA VULNERABILIDADE,FAIXA 3,10000,0.329,False,,False,,False,,False,,False,,False
410150,PR,ARAPONGAS,0.162,MUITO BAIXA VULNERABILIDADE,False,False,CONFIRMAÇÃO DE VAGAS (ADERIDOS),2,MUITO BAIXA VULNERABILIDADE,FAIXA 3,10000,0.192,False,,False,,False,,False,,False,,False
410160,PR,ARAPOTI,0.273,BAIXA VULNERABILIDADE,False,False,CADASTRO RESERVA,0,BAIXA VULNERABILIDADE,FAIXA 3,10000,0.426,False,,False,,False,,False,,False,,False
410165,PR,ARAPUA,0.295,BAIXA VULNERABILIDADE,False,False,CADASTRO RESERVA,0,BAIXA VULNERABILIDADE,FAIXA 3,10000,0.341,False,,False,,False,,False,,False,,False
410170,PR,ARARUNA,0.215,BAIXA VULNERABILIDADE,False,False,NÃO ELEGIVEL,0,BAIXA VULNERABILIDADE,FAIXA 3,10000,0.272,False,,False,,False,,False,,False,,False
410180,PR,ARAUCARIA,0.304,MEDIA VULNERABILIDADE,False,False,CONFIRMAÇÃO DE VAGAS (ADERIDOS),3,MEDIA VULNERABILIDADE,FAIXA 2,15000,0.334,False,,False,,False,,False,,False,,False
410185,PR,ARIRANHA DO IVAI,0.271,BAIXA VULNERABILIDADE,False,False,CADASTRO RESERVA,0,BAIXA VULNERABILIDADE,FAIXA 3,10000,0.309,False,,False,,False,,False,,False,,False
410190,PR,ASSAI,0.255,BAIXA VULNERABILIDADE,False,False,CONFIRMAÇÃO DE VAGAS (ADERIDOS),1,BAIXA VULNERABILIDADE,FAIXA 3,10000,0.342,False,,False,,False,,False,,False,,False
410200,PR,ASSIS CHATEAUBRIAND,0.256,BAIXA VULNERABILIDADE,False,True,CADASTRO RESERVA,0,BAIXA VULNERABILIDADE,FAIXA 3,10000,0.256,False,,False,,False,,False,,False,,False
410210,PR,ASTORGA,0.209,BAIXA VULNERABILIDADE,False,False,CADASTRO RESERVA,0,BAIXA VULNERABILIDADE,FAIXA 3,10000,0.333,False,,False,,False,,False,,False,,False
410220,PR,ATALAIA,0.255,BAIXA VULNERABILIDADE,False,False,CADASTRO RESERVA,0,BAIXA VULNERABILIDADE,FAIXA 3,10000,0.281,False,,False,,False,,False,,False,,False
410230,PR,BALSA NOVA,0.267,BAIXA VULNERABILIDADE,False,False,CADASTRO RESERVA,0,BAIXA VULNERABILIDADE,FAIXA 3,10000,0.287,False,,False,,False,,False,,False,,False
410240,PR,BANDEIRANTES,0.201,BAIXA VULNERABILIDADE,False,False,CADASTRO RESERVA,0,BAIXA VULNERABILIDADE,FAIXA 3,10000,0.305,False,,False,,False,,False,,False,,False
410250,PR,BARBOSA FERRAZ,0.395,MEDIA VULNERABILIDADE,False,False,CONFIRMAÇÃO DE VAGAS (ADERIDOS),2,MEDIA VULNERABILIDADE,FAIXA 2,15000,0.428,False,,False,,False,,False,,False,,False
410260,PR,BARRACAO,0.245,BAIXA VULNERABILIDADE,False,True,CADASTRO RESERVA,0,BAIXA VULNERABILIDADE,FAIXA 3,10000,0.320,False,,False,,False,,False,,False,,False
410270,PR,BARRA DO JACARE,0.196,MUITO BAIXA VULNERABILIDADE,False,False,CADASTRO RESERVA,0,MUITO BAIXA VULNERABILIDADE,FAIXA 3,10000,0.153,False,,False,,False,,False,,False,,False
410275,PR,BELA VISTA DA CAROBA,0.273,BAIXA VULNERABILIDADE,False,True,CADASTRO RESERVA,0,BAIXA VULNERABILIDADE,FAIXA 3,10000,0.346,False,,False,,False,,False,,False,,False
410280,PR,BELA VISTA DO PARAISO,0.310,MEDIA VULNERABILIDADE,False,False,CADASTRO RESERVA,0,MEDIA VULNERABILIDADE,FAIXA 2,15000,0.394,False,,False,,False,,False,,False,,False
410290,PR,BITURUNA,0.271,BAIXA VULNERABILIDADE,False,False,CADASTRO RESERVA,0,BAIXA VULNERABILIDADE,FAIXA 3,10000,0.331,False,,False,,False,,False,,False,,False
410300,PR,BOA ESPERANCA,0.217,BAIXA VULNERABILIDADE,False,True,CADASTRO RESERVA,0,BAIXA VULNERABILIDADE,FAIXA 3,10000,0.263,False,,False,,False,,False,,False,,False
410302,PR,BOA ESPERANCA DO IGUACU,0.331,MEDIA VULNERABILIDADE,False,True,CADASTRO RESERVA,0,MEDIA VULNERABILIDADE,FAIXA 2,15000,0.389,False,,False,,False,,False,,False,,False
410304,PR,BOA VENTURA DE SAO ROQUE,0.379,MEDIA VULNERABILIDADE,False,False,CADASTRO RESERVA,0,MEDIA VULNERABILIDADE,FAIXA 2,15000,0.399,False,,False,,False,,False,,False,,False
410305,PR,BOA VISTA DA APARECIDA,0.298,BAIXA VULNERABILIDADE,False,True,CADASTRO RESERVA,0,BAIXA VULNERABILIDADE,FAIXA 3,10000,0.359,False,,False,,False,,False,,False,,False
410310,PR,BOCAIUVA DO SUL,0.394,MEDIA VULNERABILIDADE,False,False,CADASTRO RESERVA,0,MEDIA VULNERABILIDADE,FAIXA 2,15000,0.218,False,,False,,False,,False,,False,,False
410315,PR,BOM JESUS DO SUL,0.253,BAIXA VULNERABILIDADE,False,True,NÃO ELEGIVEL,0,BAIXA VULNERABILIDADE,FAIXA 3,10000,0.377,False,,False,,False,,False,,False,,False
410320,PR,BOM SUCESSO,0.360,MEDIA VULNERABILIDADE,False,False,CADASTRO RESERVA,0,MEDIA VULNERABILIDADE,FAIXA 2,15000,0.430,False,,False,,False,,False,,False,,False
410322,PR,BOM SUCESSO DO SUL,0.184,MUITO BAIXA VULNERABILIDADE,False,True,CADASTRO RESERVA,0,MUITO BAIXA VULNERABILIDADE,FAIXA 3,10000,0.173,False,,False,,False,,False,,False,,False
410330,PR,BORRAZOPOLIS,0.273,BAIXA VULNERABILIDADE,False,False,CADASTRO RESERVA,0,BAIXA VULNERABILIDADE,FAIXA 3,10000,0.257,False,,False,,False,,False,,False,,False
410335,PR,BRAGANEY,0.343,MEDIA VULNERABILIDADE,False,True,CADASTRO RESERVA,0,MEDIA VULNERABILIDADE,FAIXA 2,15000,0.269,False,,False,,False,,False,,False,,False
410337,PR,BRASILANDIA DO SUL,0.300,BAIXA VULNERABILIDADE,False,True,CADASTRO RESERVA,0,BAIXA VULNERABILIDADE,FAIXA 3,10000,0.373,False,,False,,False,,False,,False,,False
410340,PR,CAFEARA,0.276,BAIXA VULNERABILIDADE,False,False,NÃO ELEGIVEL,0,BAIXA VULNERABILIDADE,FAIXA 3,10000,0.171,False,,False,,False,,False,,False,,False
410345,PR,CAFELANDIA,0.158,MUITO BAIXA VULNERABILIDADE,False,True,CADASTRO RESERVA,0,MUITO BAIXA VULNERABILIDADE,FAIXA 3,10000,0.175,False,,False,,False,,False,,False,,False
410347,PR,CAFEZAL DO SUL,0.256,BAIXA VULNERABILIDADE,False,True,CADASTRO RESERVA,0,BAIXA VULNERABILIDADE,FAIXA 3,10000,0.372,False,,False,,False,,False,,False,,False
410350,PR,CALIFORNIA,0.211,BAIXA VULNERABILIDADE,False,False,CADASTRO RESERVA,0,BAIXA VULNERABILIDADE,FAIXA 3,10000,0.274,False,,False,,False,,False,,False,,False
410360,PR,CAMBARA,0.294,BAIXA VULNERABILIDADE,False,False,CADASTRO RESERVA,0,BAIXA VULNERABILIDADE,FAIXA 3,10000,0.366,False,,False,,False,,False,,False,,False
410370,PR,CAMBE,0.196,MUITO BAIXA VULNERABILIDADE,False,False,CONFIRMAÇÃO DE VAGAS (ADERIDOS),1,MUITO BAIXA VULNERABILIDADE,FAIXA 3,10000,0.258,False,,False,,True,FAIXA 3,True,FAIXA 3,True,FAIXA 3,True
410380,PR,CAMBIRA,0.185,MUITO BAIXA VULNERABILIDADE,False,False,CADASTRO RESERVA,0,MUITO BAIXA VULNERABILIDADE,FAIXA 3,10000,0.279,False,,False,,False,,False,,False,,False
410390,PR,CAMPINA DA LAGOA,0.349,MEDIA VULNERABILIDADE,False,True,CADASTRO RESERVA,0,MEDIA VULNERABILIDADE,FAIXA 2,15000,0.413,False,,False,,False,,False,,False,,False
410395,PR,CAMPINA DO SIMAO,0.352,MEDIA VULNERABILIDADE,False,False,NÃO ELEGIVEL,0,MEDIA VULNERABILIDADE,FAIXA 2,15000,0.508,False,,False,,False,,False,,False,,False
410400,PR,CAMPINA GRANDE DO SUL,0.317,MEDIA VULNERABILIDADE,False,False,CADASTRO RESERVA,0,MEDIA VULNERABILIDADE,FAIXA 2,15000,0.321,False,,False,,False,,False,,False,,False
410405,PR,CAMPO BONITO,0.394,MEDIA VULNERABILIDADE,False,True,CADASTRO RESERVA,0,MEDIA VULNERABILIDADE,FAIXA 2,15000,0.499,False,,False,,False,,False,,False,,False
410410,PR,CAMPO DO TENENTE,0.299,BAIXA VULNERABILIDADE,False,False,CADASTRO RESERVA,0,BAIXA VULNERABILIDADE,FAIXA 3,10000,0.466,False,,False,,False,,False,,False,,False
410420,PR,CAMPO LARGO,0.265,BAIXA VULNERABILIDADE,False,False,CADASTRO RESERVA,0,BAIXA VULNERABILIDADE,FAIXA 3,10000,0.281,False,,False,,False,,False,,False,,False
410425,PR,CAMPO MAGRO,0.339,MEDIA VULNERABILIDADE,False,False,CADASTRO RESERVA,0,MEDIA VULNERABILIDADE,FAIXA 2,15000,0.349,False,,False,,False,,False,,False,,False
410430,PR,CAMPO MOURAO,0.192,MUITO BAIXA VULNERABILIDADE,False,False,CADASTRO RESERVA,0,MUITO BAIXA VULNERABILIDADE,FAIXA 3,10000,0.241,False,,False,,False,,False,,False,,False
410440,PR,CANDIDO DE ABREU,0.386,MEDIA VULNERABILIDADE,False,False,CADASTRO RESERVA,0,MEDIA VULNERABILIDADE,FAIXA 2,15000,0.477,False,,False,,False,,False,,False,,False
410442,PR,CANDOI,0.327,MEDIA VULNERABILIDADE,False,True,CADASTRO RESERVA,0,MEDIA VULNERABILIDADE,FAIXA 2,15000,0.356,False,,False,,False,,False,,False,,False
410445,PR,CANTAGALO,0.359,MEDIA VULNERABILIDADE,False,False,CADASTRO RESERVA,0,MEDIA VULNERABILIDADE,FAIXA 2,15000,0.432,False,,False,,False,,False,,False,,False
410450,PR,CAPANEMA,0.249,BAIXA VULNERABILIDADE,False,True,CADASTRO RESERVA,0,BAIXA VULNERABILIDADE,FAIXA 3,10000,0.216,False,,False,,False,,False,,False,,False
410460,PR,CAPITAO LEONIDAS MARQUES,0.275,BAIXA VULNERABILIDADE,False,True,CADASTRO RESERVA,0,BAIXA VULNERABILIDADE,FAIXA 3,10000,0.355,False,,False,,False,,False,,False,,False
410465,PR,CARAMBEI,0.186,MUITO BAIXA VULNERABILIDADE,False,False,CADASTRO RESERVA,0,MUITO BAIXA VULNERABILIDADE,FAIXA 3,10000,0.254,False,,False,,False,,False,,False,,False
410470,PR,CARLOPOLIS,0.215,BAIXA VULNERABILIDADE,False,False,CADASTRO RESERVA,0,BAIXA VULNERABILIDADE,FAIXA 3,10000,0.188,False,,False,,False,,False,,False,,False
410480,PR,CASCAVEL,0.212,BAIXA VULNERABILIDADE,False,True,CONFIRMAÇÃO DE VAGAS (ADERIDOS),2,BAIXA VULNERABILIDADE,FAIXA 3,10000,0.318,True,FAIXA 3,True,FAIXA 3,True,FAIXA 3,True,FAIXA 3,False,,True
410490,PR,CASTRO,0.263,BAIXA VULNERABILIDADE,False,False,CONFIRMAÇÃO DE VAGAS (ADERIDOS),1,BAIXA VULNERABILIDADE,FAIXA 3,10000,0.312,False,,False,,False,,False,,False,,False
410500,PR,CATANDUVAS,0.346,MEDIA VULNERABILIDADE,False,True,CADASTRO RESERVA,0,MEDIA VULNERABILIDADE,FAIXA 2,15000,0.347,False,,False,,False,,False,,False,,False
410510,PR,CENTENARIO DO SUL,0.349,MEDIA VULNERABILIDADE,False,False,CADASTRO RESERVA,0,MEDIA VULNERABILIDADE,FAIXA 2,15000,0.388,False,,False,,False,,False,,False,,False
410520,PR,CERRO AZUL,0.363,MEDIA VULNERABILIDADE,False,False,CADASTRO RESERVA,0,MEDIA VULNERABILIDADE,FAIXA 2,15000,0.408,False,,False,,False,,False,,False,,False
410530,PR,CEU AZUL,0.196,MUITO BAIXA VULNERABILIDADE,False,True,CADASTRO RESERVA,0,MUITO BAIXA VULNERABILIDADE,FAIXA 3,10000,0.257,False,,False,,False,,False,,False,,False
410540,PR,CHOPINZINHO,0.249,BAIXA VULNERABILIDADE,False,True,CADASTRO RESERVA,0,BAIXA VULNERABILIDADE,FAIXA 3,10000,0.231,False,,False,,False,,False,,False,,False
410550,PR,CIANORTE,0.186,MUITO BAIXA VULNERABILIDADE,False,False,CADASTRO RESERVA,0,MUITO BAIXA VULNERABILIDADE,FAIXA 3,10000,0.164,False,,False,,False,,False,,True,FAIXA 3,True
410560,PR,CIDADE GAUCHA,0.222,BAIXA VULNERABILIDADE,False,True,CADASTRO RESERVA,0,BAIXA VULNERABILIDADE,FAIXA 3,10000,0.304,False,,False,,False,,False,,False,,False
410570,PR,CLEVELANDIA,0.332,MEDIA VULNERABILIDADE,False,True,CADASTRO RESERVA,0,MEDIA VULNERABILIDADE,FAIXA 2,15000,0.400,False,,False,,False,,False,,False,,False
410580,PR,COLOMBO,0.311,MEDIA VULNERABILIDADE,False,False,CONFIRMAÇÃO DE VAGAS (ADERIDOS),3,MEDIA VULNERABILIDADE,FAIXA 2,15000,0.350,False,,False,,False,,False,,False,,False
410590,PR,COLORADO,0.177,MUITO BAIXA VULNERABILIDADE,False,False,CADASTRO RESERVA,0,MUITO BAIXA VULNERABILIDADE,FAIXA 3,10000,0.225,False,,False,,False,,False,,False,,False
410600,PR,CONGONHINHAS,0.323,MEDIA VULNERABILIDADE,False,False,CADASTRO RESERVA,0,MEDIA VULNERABILIDADE,FAIXA 2,15000,0.400,False,,False,,False,,False,,False,,False
410610,PR,CONSELHEIRO MAIRINCK,0.293,BAIXA VULNERABILIDADE,False,False,CADASTRO RESERVA,0,BAIXA VULNERABILIDADE,FAIXA 3,10000,0.340,False,,False,,False,,False,,False,,False
410620,PR,CONTENDA,0.281,BAIXA VULNERABILIDADE,False,False,CADASTRO RESERVA,0,BAIXA VULNERABILIDADE,FAIXA 3,10000,0.389,False,,False,,False,,False,,False,,False
410630,PR,CORBELIA,0.192,MUITO BAIXA VULNERABILIDADE,False,True,CADASTRO RESERVA,0,MUITO BAIXA VULNERABILIDADE,FAIXA 3,10000,0.305,False,,False,,False,,False,,False,,False
410640,PR,CORNELIO PROCOPIO,0.196,MUITO BAIXA VULNERABILIDADE,False,False,CADASTRO RESERVA,0,MUITO BAIXA VULNERABILIDADE,FAIXA 3,10000,0.251,False,,False,,False,,False,,False,,False
410645,PR,CORONEL DOMINGOS SOARES,0.359,MEDIA VULNERABILIDADE,False,True,CADASTRO RESERVA,0,MEDIA VULNERABILIDADE,FAIXA 2,15000,0.487,False,,False,,False,,False,,False,,False
410650,PR,CORONEL VIVIDA,0.231,BAIXA VULNERABILIDADE,False,True,CADASTRO RESERVA,0,BAIXA VULNERABILIDADE,FAIXA 3,10000,0.354,False,,False,,False,,False,,False,,False
410655,PR,CORUMBATAI DO SUL,0.397,MEDIA VULNERABILIDADE,False,False,CADASTRO RESERVA,0,MEDIA VULNERABILIDADE,FAIXA 2,15000,0.424,False,,False,,False,,False,,False,,False
410657,PR,CRUZEIRO DO IGUACU,0.245,BAIXA VULNERABILIDADE,False,True,CADASTRO RESERVA,0,BAIXA VULNERABILIDADE,FAIXA 3,10000,0.288,False,,False,,False,,False,,False,,False
410660,PR,CRUZEIRO DO OESTE,0.347,MEDIA VULNERABILIDADE,False,True,CADASTRO RESERVA,0,MEDIA VULNERABILIDADE,FAIXA 2,15000,0.306,False,,False,,False,,False,,False,,False
410670,PR,CRUZEIRO DO SUL,0.244,BAIXA VULNERABILIDADE,False,False,CADASTRO RESERVA,0,BAIXA VULNERABILIDADE,FAIXA 3,10000,0.341,False,,False,,False,,False,,False,,False
410680,PR,CRUZ MACHADO,0.351,MEDIA VULNERABILIDADE,False,False,CADASTRO RESERVA,0,MEDIA VULNERABILIDADE,FAIXA 2,15000,0.402,False,,False,,False,,False,,False,,False
410685,PR,CRUZMALTINA,0.235,BAIXA VULNERABILIDADE,False,False,CADASTRO RESERVA,0,BAIXA VULNERABILIDADE,FAIXA 3,10000,0.195,False,,False,,False,,False,,False,,False
410690,PR,CURITIBA,0.253,BAIXA VULNERABILIDADE,False,False,CONFIRMAÇÃO DE VAGAS (ADERIDOS),2,BAIXA VULNERABILIDADE,FAIXA 3,10000,0.297,True,FAIXA 3,True,FAIXA 3,True,FAIXA 3,True,FAIXA 3,True,FAIXA 3,True
410700,PR,CURIUVA,0.377,MEDIA VULNERABILIDADE,False,False,CADASTRO RESERVA,0,MEDIA VULNERABILIDADE,FAIXA 2,15000,0.396,False,,False,,False,,False,,False,,False
410710,PR,DIAMANTE DO NORTE,0.307,MEDIA VULNERABILIDADE,False,False,CADASTRO RESERVA,0,MEDIA VULNERABILIDADE,FAIXA 2,15000,0.395,False,,False,,False,,False,,False,,False
410712,PR,DIAMANTE DO SUL,0.382,MEDIA VULNERABILIDADE,False,True,CADASTRO RESERVA,0,MEDIA VULNERABILIDADE,FAIXA 2,15000,0.419,False,,False,,False,,False,,False,,False
410715,PR,DIAMANTE D'OESTE,0.396,MEDIA VULNERABILIDADE,False,True,CADASTRO RESERVA,0,MEDIA VULNERABILIDADE,FAIXA 2,15000,0.403,False,,False,,False,,False,,False,,False
410720,PR,DOIS VIZINHOS,0.199,MUITO BAIXA VULNERABILIDADE,False,True,CADASTRO RESERVA,0,MUITO BAIXA VULNERABILIDADE,FAIXA 3,10000,0.249,False,,False,,False,,False,,False,,False
410725,PR,DOURADINA,0.209,BAIXA VULNERABILIDADE,False,True,CADASTRO RESERVA,0,BAIXA VULNERABILIDADE,FAIXA 3,10000,0.185,False,,False,,False,,False,,False,,False
410730,PR,DOUTOR CAMARGO,0.255,BAIXA VULNERABILIDADE,False,False,CADASTRO RESERVA,0,BAIXA VULNERABILIDADE,FAIXA 3,10000,0.212,False,,False,,False,,False,,False,,False
410740,PR,ENEAS MARQUES,0.217,BAIXA VULNERABILIDADE,False,True,CADASTRO RESERVA,0,BAIXA VULNERABILIDADE,FAIXA 3,10000,0.258,False,,False,,False,,False,,False,,False
410750,PR,ENGENHEIRO BELTRAO,0.247,BAIXA VULNERABILIDADE,False,False,CADASTRO RESERVA,0,BAIXA VULNERABILIDADE,FAIXA 3,10000,0.313,False,,False,,False,,False,,False,,False
410752,PR,ESPERANCA NOVA,0.204,BAIXA VULNERABILIDADE,False,True,CADASTRO RESERVA,0,BAIXA VULNERABILIDADE,FAIXA 3,10000,0.233,False,,False,,False,,False,,False,,False
410753,PR,ENTRE RIOS DO OESTE,0.171,MUITO BAIXA VULNERABILIDADE,False,True,CADASTRO RESERVA,0,MUITO BAIXA VULNERABILIDADE,FAIXA 3,10000,0.154,False,,False,,False,,False,,False,,False
410754,PR,ESPIGAO ALTO DO IGUACU,0.330,MEDIA VULNERABILIDADE,False,True,CONFIRMAÇÃO DE VAGAS (ADERIDOS),1,MEDIA VULNERABILIDADE,FAIXA 2,15000,0.339,False,,False,,False,,False,,False,,False
410755,PR,FAROL,0.251,BAIXA VULNERABILIDADE,False,False,CADASTRO RESERVA,0,BAIXA VULNERABILIDADE,FAIXA 3,10000,0.292,False,,False,,False,,False,,False,,False
410760,PR,FAXINAL,0.271,BAIXA VULNERABILIDADE,False,False,CADASTRO RESERVA,0,BAIXA VULNERABILIDADE,FAIXA 3,10000,0.377,False,,False,,False,,False,,False,,False
410765,PR,FAZENDA RIO GRANDE,0.339,MEDIA VULNERABILIDADE,False,False,CONFIRMAÇÃO DE VAGAS (ADERIDOS),1,MEDIA VULNERABILIDADE,FAIXA 2,15000,0.351,False,,False,,False,,False,,False,,False
410770,PR,FENIX,0.317,MEDIA VULNERABILIDADE,False,False,NÃO ELEGIVEL,0,MEDIA VULNERABILIDADE,FAIXA 2,15000,0.396,False,,False,,False,,False,,False,,False
410773,PR,FERNANDES PINHEIRO,0.356,MEDIA VULNERABILIDADE,False,False,CADASTRO RESERVA,0,MEDIA VULNERABILIDADE,FAIXA 2,15000,0.334,False,,False,,False,,False,,False,,False
410775,PR,FIGUEIRA,0.321,MEDIA VULNERABILIDADE,False,False,CADASTRO RESERVA,0,MEDIA VULNERABILIDADE,FAIXA 2,15000,0.342,False,,False,,False,,False,,False,,False
410780,PR,FLORAI,0.265,BAIXA VULNERABILIDADE,False,False,NÃO ELEGIVEL,0,BAIXA VULNERABILIDADE,FAIXA 3,10000,0.226,False,,False,,False,,False,,False,,False
410785,PR,FLOR DA SERRA DO SUL,0.273,BAIXA VULNERABILIDADE,False,True,CADASTRO RESERVA,0,BAIXA VULNERABILIDADE,FAIXA 3,10000,0.357,False,,False,,False,,False,,False,,False
410790,PR,FLORESTA,0.192,MUITO BAIXA VULNERABILIDADE,False,False,CADASTRO RESERVA,0,MUITO BAIXA VULNERABILIDADE,FAIXA 3,10000,0.276,False,,False,,False,,False,,False,,False
410800,PR,FLORESTOPOLIS,0.300,BAIXA VULNERABILIDADE,False,False,NÃO ELEGIVEL,0,BAIXA VULNERABILIDADE,FAIXA 3,10000,0.338,False,,False,,False,,False,,False,,False
410810,PR,FLORIDA,0.191,MUITO BAIXA VULNERABILIDADE,False,False,CADASTRO RESERVA,0,MUITO BAIXA VULNERABILIDADE,FAIXA 3,10000,0.204,False,,False,,False,,False,,False,,False
410820,PR,FORMOSA DO OESTE,0.235,BAIXA VULNERABILIDADE,False,True,CADASTRO RESERVA,0,BAIXA VULNERABILIDADE,FAIXA 3,10000,0.375,False,,False,,False,,False,,False,,False
410830,PR,FOZ DO IGUACU,0.249,BAIXA VULNERABILIDADE,False,True,CADASTRO RESERVA,0,BAIXA VULNERABILIDADE,FAIXA 3,10000,0.307,False,,False,,False,,False,,True,FAIXA 3,True
410832,PR,FRANCISCO ALVES,0.262,BAIXA VULNERABILIDADE,False,True,CADASTRO RESERVA,0,BAIXA VULNERABILIDADE,FAIXA 3,10000,0.280,False,,False,,False,,False,,False,,False
410840,PR,FRANCISCO BELTRAO,0.167,MUITO BAIXA VULNERABILIDADE,False,True,CADASTRO RESERVA,0,MUITO BAIXA VULNERABILIDADE,FAIXA 3,10000,0.219,False,,True,FAIXA 3,True,FAIXA 3,True,FAIXA 3,False,,True
410845,PR,FOZ DO JORDAO,0.347,MEDIA VULNERABILIDADE,False,False,CADASTRO RESERVA,0,MEDIA VULNERABILIDADE,FAIXA 2,15000,0.411,False,,False,,False,,False,,False,,False
410850,PR,GENERAL CARNEIRO,0.403,ALTA VULNERABILIDADE,False,False,CADASTRO RESERVA,0,ALTA VULNERABILIDADE,FAIXA 1,20000,0.457,False,,False,,False,,False,,False,,False
410855,PR,GODOY MOREIRA,0.306,MEDIA VULNERABILIDADE,False,False,CADASTRO RESERVA,0,MEDIA VULNERABILIDADE,FAIXA 2,15000,0.247,False,,False,,False,,False,,False,,False
410860,PR,GOIOERE,0.238,BAIXA VULNERABILIDADE,False,True,NÃO ELEGIVEL,0,BAIXA VULNERABILIDADE,FAIXA 3,10000,0.254,False,,False,,False,,False,,False,,False
410865,PR,GOIOXIM,0.437,ALTA VULNERABILIDADE,False,False,CADASTRO RESERVA,0,ALTA VULNERABILIDADE,FAIXA 1,20000,0.499,False,,False,,False,,False,,False,,False
410870,PR,GRANDES RIOS,0.320,MEDIA VULNERABILIDADE,False,False,CADASTRO RESERVA,0,MEDIA VULNERABILIDADE,FAIXA 2,15000,0.337,False,,False,,False,,False,,False,,False
410880,PR,GUAIRA,0.264,BAIXA VULNERABILIDADE,False,True,CONFIRMAÇÃO DE VAGAS (ADERIDOS),1,BAIXA VULNERABILIDADE,FAIXA 3,10000,0.347,False,,False,,False,,False,,False,,False
410890,PR,GUAIRACA,0.272,BAIXA VULNERABILIDADE,False,False,NÃO ELEGIVEL,0,BAIXA VULNERABILIDADE,FAIXA 3,10000,0.364,False,,False,,False,,False,,False,,False
410895,PR,GUAMIRANGA,0.259,BAIXA VULNERABILIDADE,False,False,CADASTRO RESERVA,0,BAIXA VULNERABILIDADE,FAIXA 3,10000,0.270,False,,False,,False,,False,,False,,False
410900,PR,GUAPIRAMA,0.267,BAIXA VULNERABILIDADE,False,False,CADASTRO RESERVA,0,BAIXA VULNERABILIDADE,FAIXA 3,10000,0.284,False,,False,,False,,False,,False,,False
410910,PR,GUAPOREMA,0.233,BAIXA VULNERABILIDADE,False,False,CADASTRO RESERVA,0,BAIXA VULNERABILIDADE,FAIXA 3,10000,0.244,False,,False,,False,,False,,False,,False
410920,PR,GUARACI,0.238,BAIXA VULNERABILIDADE,False,False,CADASTRO RESERVA,0,BAIXA VULNERABILIDADE,FAIXA 3,10000,0.244,False,,False,,False,,False,,False,,False
410930,PR,GUARANIACU,0.343,MEDIA VULNERABILIDADE,False,True,CADASTRO RESERVA,0,MEDIA VULNERABILIDADE,FAIXA 2,15000,0.357,False,,False,,False,,False,,False,,False
410940,PR,GUARAPUAVA,0.250,BAIXA VULNERABILIDADE,False,False,CADASTRO RESERVA,0,BAIXA VULNERABILIDADE,FAIXA 3,10000,0.326,False,,False,,False,,False,,False,,False
410950,PR,GUARAQUECABA,0.385,MEDIA VULNERABILIDADE,False,False,CADASTRO RESERVA,0,MEDIA VULNERABILIDADE,FAIXA 2,15000,0.418,False,,False,,False,,False,,False,,False
410960,PR,GUARATUBA,0.230,BAIXA VULNERABILIDADE,False,False,CONFIRMAÇÃO DE VAGAS (ADERIDOS),1,BAIXA VULNERABILIDADE,FAIXA 3,10000,0.239,False,,False,,False,,False,,False,,False
410965,PR,HONORIO SERPA,0.278,BAIXA VULNERABILIDADE,False,True,CADASTRO RESERVA,0,BAIXA VULNERABILIDADE,FAIXA 3,10000,0.311,False,,False,,False,,False,,False,,False
410970,PR,IBAITI,0.312,MEDIA VULNERABILIDADE,False,False,CADASTRO RESERVA,0,MEDIA VULNERABILIDADE,FAIXA 2,15000,0.339,False,,False,,False,,False,,False,,False
410975,PR,IBEMA,0.316,MEDIA VULNERABILIDADE,False,True,CADASTRO RESERVA,0,MEDIA VULNERABILIDADE,FAIXA 2,15000,0.508,False,,False,,False,,False,,False,,False
410980,PR,IBIPORA,0.231,BAIXA VULNERABILIDADE,False,False,CADASTRO RESERVA,0,BAIXA VULNERABILIDADE,FAIXA 3,10000,0.238,False,,False,,False,,False,,False,,False
410990,PR,ICARAIMA,0.270,BAIXA VULNERABILIDADE,False,True,CADASTRO RESERVA,0,BAIXA VULNERABILIDADE,FAIXA 3,10000,0.300,False,,False,,False,,False,,False,,False
411000,PR,IGUARACU,0.197,MUITO BAIXA VULNERABILIDADE,False,False,CADASTRO RESERVA,0,MUITO BAIXA VULNERABILIDADE,FAIXA 3,10000,0.226,False,,False,,False,,False,,False,,False
411005,PR,IGUATU,0.305,MEDIA VULNERABILIDADE,False,True,NÃO ELEGIVEL,0,MEDIA VULNERABILIDADE,FAIXA 2,15000,0.353,False,,False,,False,,False,,False,,False
411007,PR,IMBAU,0.385,MEDIA VULNERABILIDADE,False,False,CADASTRO RESERVA,0,MEDIA VULNERABILIDADE,FAIXA 2,15000,0.457,False,,False,,False,,False,,False,,False
411010,PR,IMBITUVA,0.254,BAIXA VULNERABILIDADE,False,False,CADASTRO RESERVA,0,BAIXA VULNERABILIDADE,FAIXA 3,10000,0.355,False,,False,,False,,False,,False,,False
411020,PR,INACIO MARTINS,0.420,ALTA VULNERABILIDADE,False,False,CADASTRO RESERVA,0,ALTA VULNERABILIDADE,FAIXA 1,20000,0.430,False,,False,,False,,False,,False,,False
411030,PR,INAJA,0.328,MEDIA VULNERABILIDADE,False,False,CADASTRO RESERVA,0,MEDIA VULNERABILIDADE,FAIXA 2,15000,0.333,False,,False,,False,,False,,False,,False
411040,PR,INDIANOPOLIS,0.165,MUITO BAIXA VULNERABILIDADE,False,False,CADASTRO RESERVA,0,MUITO BAIXA VULNERABILIDADE,FAIXA 3,10000,0.153,False,,False,,False,,False,,False,,False
411050,PR,IPIRANGA,0.254,BAIXA VULNERABILIDADE,False,False,CONFIRMAÇÃO DE VAGAS (ADERIDOS),1,BAIXA VULNERABILIDADE,FAIXA 3,10000,0.301,False,,False,,False,,False,,False,,False
411060,PR,IPORA,0.254,BAIXA VULNERABILIDADE,False,True,CADASTRO RESERVA,0,BAIXA VULNERABILIDADE,FAIXA 3,10000,0.382,False,,False,,False,,False,,False,,False
411065,PR,IRACEMA DO OESTE,0.230,BAIXA VULNERABILIDADE,False,True,CADASTRO RESERVA,0,BAIXA VULNERABILIDADE,FAIXA 3,10000,0.211,False,,False,,False,,False,,False,,False
411070,PR,IRATI,0.235,BAIXA VULNERABILIDADE,False,False,CADASTRO RESERVA,0,BAIXA VULNERABILIDADE,FAIXA 3,10000,0.424,False,,False,,False,,False,,False,,False
411080,PR,IRETAMA,0.304,MEDIA VULNERABILIDADE,False,False,CADASTRO RESERVA,0,MEDIA VULNERABILIDADE,FAIXA 2,15000,0.347,False,,False,,False,,False,,False,,False
411090,PR,ITAGUAJE,0.346,MEDIA VULNERABILIDADE,False,False,CONFIRMAÇÃO DE VAGAS (ADERIDOS),1,MEDIA VULNERABILIDADE,FAIXA 2,15000,0.311,False,,False,,False,,False,,False,,False
411095,PR,ITAIPULANDIA,0.170,MUITO BAIXA VULNERABILIDADE,False,True,NÃO ELEGIVEL,0,MUITO BAIXA VULNERABILIDADE,FAIXA 3,10000,0.262,False,,False,,False,,False,,False,,False
411100,PR,ITAMBARACA,0.292,BAIXA VULNERABILIDADE,False,False,CADASTRO RESERVA,0,BAIXA VULNERABILIDADE,FAIXA 3,10000,0.365,False,,False,,False,,False,,False,,False
411110,PR,ITAMBE,0.216,BAIXA VULNERABILIDADE,False,False,CADASTRO RESERVA,0,BAIXA VULNERABILIDADE,FAIXA 3,10000,0.163,False,,False,,False,,False,,False,,False
411120,PR,ITAPEJARA D'OESTE,0.220,BAIXA VULNERABILIDADE,False,True,CONFIRMAÇÃO DE VAGAS (ADERIDOS),1,BAIXA VULNERABILIDADE,FAIXA 3,10000,0.258,False,,False,,False,,False,,False,,False
411125,PR,ITAPERUCU,0.381,MEDIA VULNERABILIDADE,False,False,CADASTRO RESERVA,0,MEDIA VULNERABILIDADE,FAIXA 2,15000,0.452,False,,False,,False,,False,,False,,False
411130,PR,ITAUNA DO SUL,0.337,MEDIA VULNERABILIDADE,False,False,CADASTRO RESERVA,0,MEDIA VULNERABILIDADE,FAIXA 2,15000,0.321,False,,False,,False,,False,,False,,False
411140,PR,IVAI,0.315,MEDIA VULNERABILIDADE,False,False,CADASTRO RESERVA,0,MEDIA VULNERABILIDADE,FAIXA 2,15000,0.382,False,,False,,False,,False,,False,,False
411150,PR,IVAIPORA,0.263,BAIXA VULNERABILIDADE,False,False,CADASTRO RESERVA,0,BAIXA VULNERABILIDADE,FAIXA 3,10000,0.399,False,,False,,False,,False,,False,,False
411155,PR,IVATE,0.277,BAIXA VULNERABILIDADE,False,True,CADASTRO RESERVA,0,BAIXA VULNERABILIDADE,FAIXA 3,10000,0.313,False,,False,,False,,False,,False,,False
411160,PR,IVATUBA,0.254,BAIXA VULNERABILIDADE,False,False,NÃO ELEGIVEL,0,BAIXA VULNERABILIDADE,FAIXA 3,10000,0.334,False,,False,,False,,False,,False,,False
411170,PR,JABOTI,0.251,BAIXA VULNERABILIDADE,False,False,CADASTRO RESERVA,0,BAIXA VULNERABILIDADE,FAIXA 3,10000,0.246,False,,False,,False,,False,,False,,False
411180,PR,JACAREZINHO,0.259,BAIXA VULNERABILIDADE,False,False,CADASTRO RESERVA,0,BAIXA VULNERABILIDADE,FAIXA 3,10000,0.289,False,,False,,False,,False,,False,,False
411190,PR,JAGUAPITA,0.204,BAIXA VULNERABILIDADE,False,False,CADASTRO RESERVA,0,BAIXA VULNERABILIDADE,FAIXA 3,10000,0.309,False,,False,,False,,False,,False,,False
411200,PR,JAGUARIAIVA,0.289,BAIXA VULNERABILIDADE,False,False,CADASTRO RESERVA,0,BAIXA VULNERABILIDADE,FAIXA 3,10000,0.343,False,,False,,False,,False,,False,,False
411210,PR,JANDAIA DO SUL,0.167,MUITO BAIXA VULNERABILIDADE,False,False,NÃO ELEGIVEL,0,MUITO BAIXA VULNERABILIDADE,FAIXA 3,10000,0.214,False,,False,,False,,False,,False,,False
411220,PR,JANIOPOLIS,0.270,BAIXA VULNERABILIDADE,False,True,NÃO ELEGIVEL,0,BAIXA VULNERABILIDADE,FAIXA 3,10000,0.273,False,,False,,False,,False,,False,,False
411230,PR,JAPIRA,0.303,MEDIA VULNERABILIDADE,False,False,CADASTRO RESERVA,0,MEDIA VULNERABILIDADE,FAIXA 2,15000,0.438,False,,False,,False,,False,,False,,False
411240,PR,JAPURA,0.254,BAIXA VULNERABILIDADE,False,False,CADASTRO RESERVA,0,BAIXA VULNERABILIDADE,FAIXA 3,10000,0.191,False,,False,,False,,False,,False,,False
411250,PR,JARDIM ALEGRE,0.321,MEDIA VULNERABILIDADE,False,False,CADASTRO RESERVA,0,MEDIA VULNERABILIDADE,FAIXA 2,15000,0.280,False,,False,,False,,False,,False,,False
411260,PR,JARDIM OLINDA,0.240,BAIXA VULNERABILIDADE,False,False,CADASTRO RESERVA,0,BAIXA VULNERABILIDADE,FAIXA 3,10000,0.182,False,,False,,False,,False,,False,,False
411270,PR,JATAIZINHO,0.279,BAIXA VULNERABILIDADE,False,False,CADASTRO RESERVA,0,BAIXA VULNERABILIDADE,FAIXA 3,10000,0.370,False,,False,,False,,False,,False,,False
411275,PR,JESUITAS,0.286,BAIXA VULNERABILIDADE,False,True,CADASTRO RESERVA,0,BAIXA VULNERABILIDADE,FAIXA 3,10000,0.292,False,,False,,False,,False,,False,,False
411280,PR,JOAQUIM TAVORA,0.217,BAIXA VULNERABILIDADE,False,False,CADASTRO RESERVA,0,BAIXA VULNERABILIDADE,FAIXA 3,10000,0.332,False,,False,,False,,False,,False,,False
411290,PR,JUNDIAI DO SUL,0.300,BAIXA VULNERABILIDADE,False,False,CADASTRO RESERVA,0,BAIXA VULNERABILIDADE,FAIXA 3,10000,0.347,False,,False,,False,,False,,False,,False
411295,PR,JURANDA,0.264,BAIXA VULNERABILIDADE,False,True,CADASTRO RESERVA,0,BAIXA VULNERABILIDADE,FAIXA 3,10000,0.399,False,,False,,False,,False,,False,,False
411300,PR,JUSSARA,0.199,MUITO BAIXA VULNERABILIDADE,False,False,CADASTRO RESERVA,0,MUITO BAIXA VULNERABILIDADE,FAIXA 3,10000,0.207,False,,False,,False,,False,,False,,False
411310,PR,KALORE,0.204,BAIXA VULNERABILIDADE,False,False,CADASTRO RESERVA,0,BAIXA VULNERABILIDADE,FAIXA 3,10000,0.248,False,,False,,False,,False,,False,,False
411320,PR,LAPA,0.289,BAIXA VULNERABILIDADE,False,False,CADASTRO RESERVA,0,BAIXA VULNERABILIDADE,FAIXA 3,10000,0.368,False,,False,,False,,False,,False,,False
411325,PR,LARANJAL,0.407,ALTA VULNERABILIDADE,False,True,CONFIRMAÇÃO DE VAGAS (ADERIDOS),1,ALTA VULNERABILIDADE,FAIXA 1,20000,0.438,False,,False,,False,,False,,False,,False
411330,PR,LARANJEIRAS DO SUL,0.295,BAIXA VULNERABILIDADE,False,True,CONFIRMAÇÃO DE VAGAS (ADERIDOS),1,BAIXA VULNERABILIDADE,FAIXA 3,10000,0.434,False,,False,,False,,False,,False,,False
411340,PR,LEOPOLIS,0.274,BAIXA VULNERABILIDADE,False,False,CADASTRO RESERVA,0,BAIXA VULNERABILIDADE,FAIXA 3,10000,0.347,False,,False,,False,,False,,False,,False
411342,PR,LIDIANOPOLIS,0.237,BAIXA VULNERABILIDADE,False,False,CADASTRO RESERVA,0,BAIXA VULNERABILIDADE,FAIXA 3,10000,0.262,False,,False,,False,,False,,False,,False
411345,PR,LINDOESTE,0.381,MEDIA VULNERABILIDADE,False,True,CADASTRO RESERVA,0,MEDIA VULNERABILIDADE,FAIXA 2,15000,0.343,False,,False,,False,,False,,False,,False
411350,PR,LOANDA,0.245,BAIXA VULNERABILIDADE,False,False,CADASTRO RESERVA,0,BAIXA VULNERABILIDADE,FAIXA 3,10000,0.233,False,,False,,False,,False,,False,,False
411360,PR,LOBATO,0.140,MUITO BAIXA VULNERABILIDADE,False,False,CADASTRO RESERVA,0,MUITO BAIXA VULNERABILIDADE,FAIXA 3,10000,0.141,False,,False,,False,,False,,False,,False
411370,PR,LONDRINA,0.255,BAIXA VULNERABILIDADE,False,False,CONFIRMAÇÃO DE VAGAS (ADERIDOS),2,BAIXA VULNERABILIDADE,FAIXA 3,10000,0.335,True,FAIXA 3,True,FAIXA 3,True,FAIXA 3,True,FAIXA 3,False,,True
411373,PR,LUIZIANA,0.359,MEDIA VULNERABILIDADE,False,False,CADASTRO RESERVA,0,MEDIA VULNERABILIDADE,FAIXA 2,15000,0.413,False,,False,,False,,False,,False,,False
411375,PR,LUNARDELLI,0.285,BAIXA VULNERABILIDADE,False,False,CADASTRO RESERVA,0,BAIXA VULNERABILIDADE,FAIXA 3,10000,0.350,False,,False,,False,,False,,False,,False
411380,PR,LUPIONOPOLIS,0.254,BAIXA VULNERABILIDADE,False,False,NÃO ELEGIVEL,0,BAIXA VULNERABILIDADE,FAIXA 3,10000,0.272,False,,False,,False,,False,,False,,False
411390,PR,MALLET,0.240,BAIXA VULNERABILIDADE,False,False,CADASTRO RESERVA,0,BAIXA VULNERABILIDADE,FAIXA 3,10000,0.184,False,,False,,False,,False,,False,,False
411400,PR,MAMBORE,0.257,BAIXA VULNERABILIDADE,False,False,CADASTRO RESERVA,0,BAIXA VULNERABILIDADE,FAIXA 3,10000,0.272,False,,False,,False,,False,,False,,False
411410,PR,MANDAGUACU,0.179,MUITO BAIXA VULNERABILIDADE,False,False,NOVA ADESÃO,1,MUITO BAIXA VULNERABILIDADE,FAIXA 3,10000,0.196,False,,False,,False,,False,,False,,False
411420,PR,MANDAGUARI,0.207,BAIXA VULNERABILIDADE,False,False,CADASTRO RESERVA,0,BAIXA VULNERABILIDADE,FAIXA 3,10000,0.254,False,,False,,False,,False,,False,,False
411430,PR,MANDIRITUBA,0.365,MEDIA VULNERABILIDADE,False,False,CADASTRO RESERVA,0,MEDIA VULNERABILIDADE,FAIXA 2,15000,0.441,False,,False,,False,,False,,False,,False
411435,PR,MANFRINOPOLIS,0.319,MEDIA VULNERABILIDADE,False,True,CADASTRO RESERVA,0,MEDIA VULNERABILIDADE,FAIXA 2,15000,0.345,False,,False,,False,,False,,False,,False
411440,PR,MANGUEIRINHA,0.272,BAIXA VULNERABILIDADE,False,True,CADASTRO RESERVA,0,BAIXA VULNERABILIDADE,FAIXA 3,10000,0.239,False,,False,,False,,False,,False,,False
411450,PR,MANOEL RIBAS,0.324,MEDIA VULNERABILIDADE,False,False,CADASTRO RESERVA,0,MEDIA VULNERABILIDADE,FAIXA 2,15000,0.364,False,,False,,False,,False,,False,,False
411460,PR,MARECHAL CANDIDO RONDON,0.151,MUITO BAIXA VULNERABILIDADE,False,True,CADASTRO RESERVA,0,MUITO BAIXA VULNERABILIDADE,FAIXA 3,10000,0.232,False,,False,,False,,False,,False,,False
411470,PR,MARIA HELENA,0.330,MEDIA VULNERABILIDADE,False,True,CADASTRO RESERVA,0,MEDIA VULNERABILIDADE,FAIXA 2,15000,0.382,False,,False,,False,,False,,False,,False
411480,PR,MARIALVA,0.188,MUITO BAIXA VULNERABILIDADE,False,False,CADASTRO RESERVA,0,MUITO BAIXA VULNERABILIDADE,FAIXA 3,10000,0.354,False,,False,,False,,False,,False,,False
411490,PR,MARILANDIA DO SUL,0.249,BAIXA VULNERABILIDADE,False,False,CADASTRO RESERVA,0,BAIXA VULNERABILIDADE,FAIXA 3,10000,0.248,False,,False,,False,,False,,False,,False
411500,PR,MARILENA,0.283,BAIXA VULNERABILIDADE,False,False,CADASTRO RESERVA,0,BAIXA VULNERABILIDADE,FAIXA 3,10000,0.386,False,,False,,False,,False,,False,,False
411510,PR,MARILUZ,0.398,MEDIA VULNERABILIDADE,False,True,CADASTRO RESERVA,0,MEDIA VULNERABILIDADE,FAIXA 2,15000,0.436,False,,False,,False,,False,,False,,False
411520,PR,MARINGA,0.130,MUITO BAIXA VULNERABILIDADE,False,False,CONFIRMAÇÃO DE VAGAS (ADERIDOS),3,MUITO BAIXA VULNERABILIDADE,FAIXA 3,10000,0.165,False,,True,FAIXA 3,True,FAIXA 3,True,FAIXA 3,True,FAIXA 3,True
411530,PR,MARIOPOLIS,0.252,BAIXA VULNERABILIDADE,False,True,CADASTRO RESERVA,0,BAIXA VULNERABILIDADE,FAIXA 3,10000,0.330,False,,False,,False,,False,,False,,False
411535,PR,MARIPA,0.154,MUITO BAIXA VULNERABILIDADE,False,True,CONFIRMAÇÃO DE VAGAS (ADERIDOS),1,MUITO BAIXA VULNERABILIDADE,FAIXA 3,10000,0.156,False,,False,,False,,False,,False,,False
411540,PR,MARMELEIRO,0.287,BAIXA VULNERABILIDADE,False,True,CADASTRO RESERVA,0,BAIXA VULNERABILIDADE,FAIXA 3,10000,0.287,False,,False,,False,,False,,False,,False
411545,PR,MARQUINHO,0.354,MEDIA VULNERABILIDADE,False,False,CADASTRO RESERVA,0,MEDIA VULNERABILIDADE,FAIXA 2,15000,0.396,False,,False,,False,,False,,False,,False
411550,PR,MARUMBI,0.240,BAIXA VULNERABILIDADE,False,False,CADASTRO RESERVA,0,BAIXA VULNERABILIDADE,FAIXA 3,10000,0.253,False,,False,,False,,False,,False,,False
411560,PR,MATELANDIA,0.204,BAIXA VULNERABILIDADE,False,True,CADASTRO RESERVA,0,BAIXA VULNERABILIDADE,FAIXA 3,10000,0.275,False,,False,,False,,False,,False,,False
411570,PR,MATINHOS,0.208,BAIXA VULNERABILIDADE,False,False,CADASTRO RESERVA,0,BAIXA VULNERABILIDADE,FAIXA 3,10000,0.248,False,,False,,False,,False,,False,,False
411573,PR,MATO RICO,0.335,MEDIA VULNERABILIDADE,False,False,CADASTRO RESERVA,0,MEDIA VULNERABILIDADE,FAIXA 2,15000,0.419,False,,False,,False,,False,,False,,False
411575,PR,MAUA DA SERRA,0.277,BAIXA VULNERABILIDADE,False,False,CADASTRO RESERVA,0,BAIXA VULNERABILIDADE,FAIXA 3,10000,0.305,False,,False,,False,,False,,False,,False
411580,PR,MEDIANEIRA,0.164,MUITO BAIXA VULNERABILIDADE,False,True,CADASTRO RESERVA,0,MUITO BAIXA VULNERABILIDADE,FAIXA 3,10000,0.182,False,,False,,False,,False,,False,,False
411585,PR,MERCEDES,0.157,MUITO BAIXA VULNERABILIDADE,False,True,CADASTRO RESERVA,0,MUITO BAIXA VULNERABILIDADE,FAIXA 3,10000,0.130,False,,False,,False,,False,,False,,False
411590,PR,MIRADOR,0.232,BAIXA VULNERABILIDADE,False,False,CADASTRO RESERVA,0,BAIXA VULNERABILIDADE,FAIXA 3,10000,0.254,False,,False,,False,,False,,False,,False
411600,PR,MIRASELVA,0.195,MUITO BAIXA VULNERABILIDADE,False,False,NÃO ELEGIVEL,0,MUITO BAIXA VULNERABILIDADE,FAIXA 3,10000,0.281,False,,False,,False,,False,,False,,False
411605,PR,MISSAL,0.210,BAIXA VULNERABILIDADE,False,True,CADASTRO RESERVA,0,BAIXA VULNERABILIDADE,FAIXA 3,10000,0.202,False,,False,,False,,False,,False,,False
411610,PR,MOREIRA SALES,0.366,MEDIA VULNERABILIDADE,False,True,CADASTRO RESERVA,0,MEDIA VULNERABILIDADE,FAIXA 2,15000,0.454,False,,False,,False,,False,,False,,False
411620,PR,MORRETES,0.280,BAIXA VULNERABILIDADE,False,False,CONFIRMAÇÃO DE VAGAS (ADERIDOS),1,BAIXA VULNERABILIDADE,FAIXA 3,10000,0.217,False,,False,,False,,False,,False,,False
411630,PR,MUNHOZ DE MELO,0.262,BAIXA VULNERABILIDADE,False,False,CADASTRO RESERVA,0,BAIXA VULNERABILIDADE,FAIXA 3,10000,0.213,False,,False,,False,,False,,False,,False
411640,PR,NOSSA SENHORA DAS GRACAS,0.207,BAIXA VULNERABILIDADE,False,False,NÃO ELEGIVEL,0,BAIXA VULNERABILIDADE,FAIXA 3,10000,0.275,False,,False,,False,,False,,False,,False
411650,PR,NOVA ALIANCA DO IVAI,0.224,BAIXA VULNERABILIDADE,False,False,CADASTRO RESERVA,0,BAIXA VULNERABILIDADE,FAIXA 3,10000,0.255,False,,False,,False,,False,,False,,False
411660,PR,NOVA AMERICA DA COLINA,0.193,MUITO BAIXA VULNERABILIDADE,False,False,CADASTRO RESERVA,0,MUITO BAIXA VULNERABILIDADE,FAIXA 3,10000,0.274,False,,False,,False,,False,,False,,False
411670,PR,NOVA AURORA,0.257,BAIXA VULNERABILIDADE,False,True,CONFIRMAÇÃO DE VAGAS (ADERIDOS),1,BAIXA VULNERABILIDADE,FAIXA 3,10000,0.361,False,,False,,False,,False,,False,,False
411680,PR,NOVA CANTU,0.311,MEDIA VULNERABILIDADE,False,False,CADASTRO RESERVA,0,MEDIA VULNERABILIDADE,FAIXA 2,15000,0.278,False,,False,,False,,False,,False,,False
411690,PR,NOVA ESPERANCA,0.291,BAIXA VULNERABILIDADE,False,False,CADASTRO RESERVA,0,BAIXA VULNERABILIDADE,FAIXA 3,10000,0.430,False,,False,,False,,False,,False,,False
411695,PR,NOVA ESPERANCA DO SUDOESTE,0.250,BAIXA VULNERABILIDADE,False,True,CADASTRO RESERVA,0,BAIXA VULNERABILIDADE,FAIXA 3,10000,0.318,False,,False,,False,,False,,False,,False
411700,PR,NOVA FATIMA,0.314,MEDIA VULNERABILIDADE,False,False,NÃO ELEGIVEL,0,MEDIA VULNERABILIDADE,FAIXA 2,15000,0.418,False,,False,,False,,False,,False,,False
411705,PR,NOVA LARANJEIRAS,0.414,ALTA VULNERABILIDADE,False,True,CONFIRMAÇÃO DE VAGAS (ADERIDOS),1,ALTA VULNERABILIDADE,FAIXA 1,20000,0.541,False,,False,,False,,False,,False,,False
411710,PR,NOVA LONDRINA,0.250,BAIXA VULNERABILIDADE,False,False,CADASTRO RESERVA,0,BAIXA VULNERABILIDADE,FAIXA 3,10000,0.299,False,,False,,False,,False,,False,,False
411720,PR,NOVA OLIMPIA,0.324,MEDIA VULNERABILIDADE,False,True,CADASTRO RESERVA,0,MEDIA VULNERABILIDADE,FAIXA 2,15000,0.356,False,,False,,False,,False,,False,,False
411721,PR,NOVA SANTA BARBARA,0.343,MEDIA VULNERABILIDADE,False,False,CADASTRO RESERVA,0,MEDIA VULNERABILIDADE,FAIXA 2,15000,0.278,False,,False,,False,,False,,False,,False
411722,PR,NOVA SANTA ROSA,0.220,BAIXA VULNERABILIDADE,False,True,CADASTRO RESERVA,0,BAIXA VULNERABILIDADE,FAIXA 3,10000,0.424,False,,False,,False,,False,,False,,False
411725,PR,NOVA PRATA DO IGUACU,0.273,BAIXA VULNERABILIDADE,False,True,CADASTRO RESERVA,0,BAIXA VULNERABILIDADE,FAIXA 3,10000,0.351,False,,False,,False,,False,,False,,False
411727,PR,NOVA TEBAS,0.337,MEDIA VULNERABILIDADE,False,False,CONFIRMAÇÃO DE VAGAS (ADERIDOS),1,MEDIA VULNERABILIDADE,FAIXA 2,15000,0.356,False,,False,,False,,False,,False,,False
411729,PR,NOVO ITACOLOMI,0.160,MUITO BAIXA VULNERABILIDADE,False,False,CADASTRO RESERVA,0,MUITO BAIXA VULNERABILIDADE,FAIXA 3,10000,0.124,False,,False,,False,,False,,False,,False
411730,PR,ORTIGUEIRA,0.461,ALTA VULNERABILIDADE,False,False,CADASTRO RESERVA,0,ALTA VULNERABILIDADE,FAIXA 1,20000,0.551,False,,False,,False,,False,,False,,False
411740,PR,OURIZONA,0.153,MUITO BAIXA VULNERABILIDADE,False,False,NÃO ELEGIVEL,0,MUITO BAIXA VULNERABILIDADE,FAIXA 3,10000,0.202,False,,False,,False,,False,,False,,False
411745,PR,OURO VERDE DO OESTE,0.205,BAIXA VULNERABILIDADE,False,True,CADASTRO RESERVA,0,BAIXA VULNERABILIDADE,FAIXA 3,10000,0.275,False,,False,,False,,False,,False,,False
411750,PR,PAICANDU,0.308,MEDIA VULNERABILIDADE,False,False,CADASTRO RESERVA,0,MEDIA VULNERABILIDADE,FAIXA 2,15000,0.326,False,,False,,False,,False,,False,,False
411760,PR,PALMAS,0.357,MEDIA VULNERABILIDADE,False,True,CADASTRO RESERVA,0,MEDIA VULNERABILIDADE,FAIXA 2,15000,0.444,False,,False,,False,,False,,False,,False
411770,PR,PALMEIRA,0.277,BAIXA VULNERABILIDADE,False,False,CADASTRO RESERVA,0,BAIXA VULNERABILIDADE,FAIXA 3,10000,0.301,False,,False,,False,,False,,False,,False
411780,PR,PALMITAL,0.346,MEDIA VULNERABILIDADE,False,False,CONFIRMAÇÃO DE VAGAS (ADERIDOS),1,MEDIA VULNERABILIDADE,FAIXA 2,15000,0.416,False,,False,,False,,False,,False,,False
411790,PR,PALOTINA,0.170,MUITO BAIXA VULNERABILIDADE,False,True,NÃO ELEGIVEL,0,MUITO BAIXA VULNERABILIDADE,FAIXA 3,10000,0.223,False,,False,,False,,False,,False,,False
411800,PR,PARAISO DO NORTE,0.169,MUITO BAIXA VULNERABILIDADE,False,False,CADASTRO RESERVA,0,MUITO BAIXA VULNERABILIDADE,FAIXA 3,10000,0.253,False,,False,,False,,False,,False,,False
411810,PR,PARANACITY,0.224,BAIXA VULNERABILIDADE,False,False,CADASTRO RESERVA,0,BAIXA VULNERABILIDADE,FAIXA 3,10000,0.225,False,,False,,False,,False,,False,,False
411820,PR,PARANAGUA,0.215,BAIXA VULNERABILIDADE,False,False,CADASTRO RESERVA,0,BAIXA VULNERABILIDADE,FAIXA 3,10000,0.244,True,FAIXA 3,True,FAIXA 3,True,FAIXA 3,True,FAIXA 3,False,,True
411830,PR,PARANAPOEMA,0.268,BAIXA VULNERABILIDADE,False,False,NÃO ELEGIVEL,0,BAIXA VULNERABILIDADE,FAIXA 3,10000,0.375,False,,False,,False,,False,,False,,False
411840,PR,PARANAVAI,0.197,MUITO BAIXA VULNERABILIDADE,False,False,CONFIRMAÇÃO DE VAGAS (ADERIDOS),1,MUITO BAIXA VULNERABILIDADE,FAIXA 3,10000,0.219,False,,False,,False,,False,,False,,False
411845,PR,PATO BRAGADO,0.155,MUITO BAIXA VULNERABILIDADE,False,True,CADASTRO RESERVA,0,MUITO BAIXA VULNERABILIDADE,FAIXA 3,10000,0.184,False,,False,,False,,False,,False,,False
411850,PR,PATO BRANCO,0.179,MUITO BAIXA VULNERABILIDADE,False,True,CONFIRMAÇÃO DE VAGAS (ADERIDOS),1,MUITO BAIXA VULNERABILIDADE,FAIXA 3,10000,0.303,False,,False,,False,,False,,False,,False
411860,PR,PAULA FREITAS,0.235,BAIXA VULNERABILIDADE,False,False,CADASTRO RESERVA,0,BAIXA VULNERABILIDADE,FAIXA 3,10000,0.260,False,,False,,False,,False,,False,,False
411870,PR,PAULO FRONTIN,0.229,BAIXA VULNERABILIDADE,False,False,CADASTRO RESERVA,0,BAIXA VULNERABILIDADE,FAIXA 3,10000,0.461,False,,False,,False,,False,,False,,False
411880,PR,PEABIRU,0.213,BAIXA VULNERABILIDADE,False,False,CADASTRO RESERVA,0,BAIXA VULNERABILIDADE,FAIXA 3,10000,0.315,False,,False,,False,,False,,False,,False
411885,PR,PEROBAL,0.220,BAIXA VULNERABILIDADE,False,True,CADASTRO RESERVA,0,BAIXA VULNERABILIDADE,FAIXA 3,10000,0.239,False,,False,,False,,False,,False,,False
411890,PR,PEROLA,0.192,MUITO BAIXA VULNERABILIDADE,False,True,CADASTRO RESERVA,0,MUITO BAIXA VULNERABILIDADE,FAIXA 3,10000,0.162,False,,False,,False,,False,,False,,False
411900,PR,PEROLA D'OESTE,0.221,BAIXA VULNERABILIDADE,False,True,CADASTRO RESERVA,0,BAIXA VULNERABILIDADE,FAIXA 3,10000,0.321,False,,False,,False,,False,,False,,False
411910,PR,PIEN,0.239,BAIXA VULNERABILIDADE,False,False,CADASTRO RESERVA,0,BAIXA VULNERABILIDADE,FAIXA 3,10000,0.326,False,,False,,False,,False,,False,,False
411915,PR,PINHAIS,0.261,BAIXA VULNERABILIDADE,False,False,CADASTRO RESERVA,0,BAIXA VULNERABILIDADE,FAIXA 3,10000,0.272,False,,False,,False,,False,,False,,False
411920,PR,PINHALAO,0.216,BAIXA VULNERABILIDADE,False,False,CONFIRMAÇÃO DE VAGAS (ADERIDOS),1,BAIXA VULNERABILIDADE,FAIXA 3,10000,0.229,False,,False,,False,,False,,False,,False
411925,PR,PINHAL DE SAO BENTO,0.290,BAIXA VULNERABILIDADE,False,True,CADASTRO RESERVA,0,BAIXA VULNERABILIDADE,FAIXA 3,10000,0.281,False,,False,,False,,False,,False,,False
411930,PR,PINHAO,0.369,MEDIA VULNERABILIDADE,False,False,CADASTRO RESERVA,0,MEDIA VULNERABILIDADE,FAIXA 2,15000,0.252,False,,False,,False,,False,,False,,False
411940,PR,PIRAI DO SUL,0.316,MEDIA VULNERABILIDADE,False,False,CONFIRMAÇÃO DE VAGAS (ADERIDOS),1,MEDIA VULNERABILIDADE,FAIXA 2,15000,0.501,False,,False,,False,,False,,False,,False
411950,PR,PIRAQUARA,0.332,MEDIA VULNERABILIDADE,False,False,CADASTRO RESERVA,0,MEDIA VULNERABILIDADE,FAIXA 2,15000,0.353,False,,False,,False,,False,,False,,False
411960,PR,PITANGA,0.287,BAIXA VULNERABILIDADE,False,False,CADASTRO RESERVA,0,BAIXA VULNERABILIDADE,FAIXA 3,10000,0.348,False,,False,,False,,False,,False,,False
411965,PR,PITANGUEIRAS,0.244,BAIXA VULNERABILIDADE,False,False,NÃO ELEGIVEL,0,BAIXA VULNERABILIDADE,FAIXA 3,10000,0.336,False,,False,,False,,False,,False,,False
411970,PR,PLANALTINA DO PARANA,0.298,BAIXA VULNERABILIDADE,False,False,CADASTRO RESERVA,0,BAIXA VULNERABILIDADE,FAIXA 3,10000,0.463,False,,False,,False,,False,,False,,False
411980,PR,PLANALTO,0.241,BAIXA VULNERABILIDADE,False,True,CADASTRO RESERVA,0,BAIXA VULNERABILIDADE,FAIXA 3,10000,0.171,False,,False,,False,,False,,False,,False
411990,PR,PONTA GROSSA,0.267,BAIXA VULNERABILIDADE,False,False,CONFIRMAÇÃO DE VAGAS (ADERIDOS),2,BAIXA VULNERABILIDADE,FAIXA 3,10000,0.358,True,FAIXA 3,True,FAIXA 3,True,FAIXA 3,True,FAIXA 3,False,,True
411995,PR,PONTAL DO PARANA,0.198,MUITO BAIXA VULNERABILIDADE,False,False,CADASTRO RESERVA,0,MUITO BAIXA VULNERABILIDADE,FAIXA 3,10000,0.238,False,,False,,False,,False,,False,,False
412000,PR,PORECATU,0.214,BAIXA VULNERABILIDADE,False,False,CADASTRO RESERVA,0,BAIXA VULNERABILIDADE,FAIXA 3,10000,0.174,False,,False,,False,,False,,False,,False
412010,PR,PORTO AMAZONAS,0.225,BAIXA VULNERABILIDADE,False,False,CADASTRO RESERVA,0,BAIXA VULNERABILIDADE,FAIXA 3,10000,0.240,False,,False,,False,,False,,False,,False
412015,PR,PORTO BARREIRO,0.327,MEDIA VULNERABILIDADE,False,True,NÃO ELEGIVEL,0,MEDIA VULNERABILIDADE,FAIXA 2,15000,0.502,False,,False,,False,,False,,False,,False
412020,PR,PORTO RICO,0.221,BAIXA VULNERABILIDADE,False,False,CADASTRO RESERVA,0,BAIXA VULNERABILIDADE,FAIXA 3,10000,0.297,False,,False,,False,,False,,False,,False
412030,PR,PORTO VITORIA,0.240,BAIXA VULNERABILIDADE,False,False,CADASTRO RESERVA,0,BAIXA VULNERABILIDADE,FAIXA 3,10000,0.320,False,,False,,False,,False,,False,,False
412033,PR,PRADO FERREIRA,0.215,BAIXA VULNERABILIDADE,False,False,NÃO ELEGIVEL,0,BAIXA VULNERABILIDADE,FAIXA 3,10000,0.225,False,,False,,False,,False,,False,,False
412035,PR,PRANCHITA,0.268,BAIXA VULNERABILIDADE,False,True,CONFIRMAÇÃO DE VAGAS (ADERIDOS),1,BAIXA VULNERABILIDADE,FAIXA 3,10000,0.325,False,,False,,False,,False,,False,,False
412040,PR,PRESIDENTE CASTELO BRANCO,0.148,MUITO BAIXA VULNERABILIDADE,False,False,CADASTRO RESERVA,0,MUITO BAIXA VULNERABILIDADE,FAIXA 3,10000,0.176,False,,False,,False,,False,,False,,False
412050,PR,PRIMEIRO DE MAIO,0.263,BAIXA VULNERABILIDADE,False,False,CADASTRO RESERVA,0,BAIXA VULNERABILIDADE,FAIXA 3,10000,0.302,False,,False,,False,,False,,False,,False
412060,PR,PRUDENTOPOLIS,0.301,MEDIA VULNERABILIDADE,False,False,CADASTRO RESERVA,0,MEDIA VULNERABILIDADE,FAIXA 2,15000,0.371,False,,False,,False,,False,,False,,False
412065,PR,QUARTO CENTENARIO,0.323,MEDIA VULNERABILIDADE,False,True,CADASTRO RESERVA,0,MEDIA VULNERABILIDADE,FAIXA 2,15000,0.432,False,,False,,False,,False,,False,,False
412070,PR,QUATIGUA,0.197,MUITO BAIXA VULNERABILIDADE,False,False,CADASTRO RESERVA,0,MUITO BAIXA VULNERABILIDADE,FAIXA 3,10000,0.410,False,,False,,False,,False,,False,,False
412080,PR,QUATRO BARRAS,0.284,BAIXA VULNERABILIDADE,False,False,CADASTRO RESERVA,0,BAIXA VULNERABILIDADE,FAIXA 3,10000,0.310,False,,False,,False,,False,,False,,False
412085,PR,QUATRO PONTES,0.128,MUITO BAIXA VULNERABILIDADE,False,True,CADASTRO RESERVA,0,MUITO BAIXA VULNERABILIDADE,FAIXA 3,10000,0.110,False,,False,,False,,False,,False,,False
412090,PR,QUEDAS DO IGUACU,0.364,MEDIA VULNERABILIDADE,False,True,CONFIRMAÇÃO DE VAGAS (ADERIDOS),2,MEDIA VULNERABILIDADE,FAIXA 2,15000,0.361,False,,False,,False,,False,,False,,False
412100,PR,QUERENCIA DO NORTE,0.351,MEDIA VULNERABILIDADE,False,True,CADASTRO RESERVA,0,MEDIA VULNERABILIDADE,FAIXA 2,15000,0.355,False,,False,,False,,False,,False,,False
412110,PR,QUINTA DO SOL,0.324,MEDIA VULNERABILIDADE,False,False,CADASTRO RESERVA,0,MEDIA VULNERABILIDADE,FAIXA 2,15000,0.409,False,,False,,False,,False,,False,,False
412120,PR,QUITANDINHA,0.310,MEDIA VULNERABILIDADE,False,False,CADASTRO RESERVA,0,MEDIA VULNERABILIDADE,FAIXA 2,15000,0.322,False,,False,,False,,False,,False,,False
412125,PR,RAMILANDIA,0.306,MEDIA VULNERABILIDADE,False,True,CADASTRO RESERVA,0,MEDIA VULNERABILIDADE,FAIXA 2,15000,0.301,False,,False,,False,,False,,False,,False
412130,PR,RANCHO ALEGRE,0.339,MEDIA VULNERABILIDADE,False,False,CADASTRO RESERVA,0,MEDIA VULNERABILIDADE,FAIXA 2,15000,0.418,False,,False,,False,,False,,False,,False
412135,PR,RANCHO ALEGRE D'OESTE,0.354,MEDIA VULNERABILIDADE,False,True,CADASTRO RESERVA,0,MEDIA VULNERABILIDADE,FAIXA 2,15000,0.406,False,,False,,False,,False,,False,,False
412140,PR,REALEZA,0.212,BAIXA VULNERABILIDADE,False,True,CADASTRO RESERVA,0,BAIXA VULNERABILIDADE,FAIXA 3,10000,0.282,False,,False,,False,,False,,False,,False
412150,PR,REBOUCAS,0.299,BAIXA VULNERABILIDADE,False,False,CADASTRO RESERVA,0,BAIXA VULNERABILIDADE,FAIXA 3,10000,0.372,False,,False,,False,,False,,False,,False
412160,PR,RENASCENCA,0.250,BAIXA VULNERABILIDADE,False,True,CADASTRO RESERVA,0,BAIXA VULNERABILIDADE,FAIXA 3,10000,0.362,False,,False,,False,,False,,False,,False
412170,PR,RESERVA,0.396,MEDIA VULNERABILIDADE,False,False,CADASTRO RESERVA,0,MEDIA VULNERABILIDADE,FAIXA 2,15000,0.397,False,,False,,False,,False,,False,,False
412175,PR,RESERVA DO IGUACU,0.317,MEDIA VULNERABILIDADE,False,False,CADASTRO RESERVA,0,MEDIA VULNERABILIDADE,FAIXA 2,15000,0.374,False,,False,,False,,False,,False,,False
412180,PR,RIBEIRAO CLARO,0.197,MUITO BAIXA VULNERABILIDADE,False,False,NÃO ELEGIVEL,0,MUITO BAIXA VULNERABILIDADE,FAIXA 3,10000,0.183,False,,False,,False,,False,,False,,False
412190,PR,RIBEIRAO DO PINHAL,0.380,MEDIA VULNERABILIDADE,False,False,CADASTRO RESERVA,0,MEDIA VULNERABILIDADE,FAIXA 2,15000,0.417,False,,False,,False,,False,,False,,False
412200,PR,RIO AZUL,0.259,BAIXA VULNERABILIDADE,False,False,CONFIRMAÇÃO DE VAGAS (ADERIDOS),1,BAIXA VULNERABILIDADE,FAIXA 3,10000,0.494,False,,False,,False,,False,,False,,False
412210,PR,RIO BOM,0.221,BAIXA VULNERABILIDADE,False,False,CADASTRO RESERVA,0,BAIXA VULNERABILIDADE,FAIXA 3,10000,0.260,False,,False,,False,,False,,False,,False
412215,PR,RIO BONITO DO IGUACU,0.311,MEDIA VULNERABILIDADE,False,True,CADASTRO RESERVA,0,MEDIA VULNERABILIDADE,FAIXA 2,15000,0.333,False,,False,,False,,False,,False,,False
412217,PR,RIO BRANCO DO IVAI,0.305,MEDIA VULNERABILIDADE,False,False,CADASTRO RESERVA,0,MEDIA VULNERABILIDADE,FAIXA 2,15000,0.401,False,,False,,False,,False,,False,,False
412220,PR,RIO BRANCO DO SUL,0.388,MEDIA VULNERABILIDADE,False,False,CADASTRO RESERVA,0,MEDIA VULNERABILIDADE,FAIXA 2,15000,0.372,False,,False,,False,,False,,False,,False
412230,PR,RIO NEGRO,0.224,BAIXA VULNERABILIDADE,False,False,CADASTRO RESERVA,0,BAIXA VULNERABILIDADE,FAIXA 3,10000,0.223,False,,False,,False,,False,,False,,False
412240,PR,ROLANDIA,0.198,MUITO BAIXA VULNERABILIDADE,False,False,CADASTRO RESERVA,0,MUITO BAIXA VULNERABILIDADE,FAIXA 3,10000,0.240,False,,False,,False,,False,,False,,False
412250,PR,RONCADOR,0.319,MEDIA VULNERABILIDADE,False,False,CADASTRO RESERVA,0,MEDIA VULNERABILIDADE,FAIXA 2,15000,0.321,False,,False,,False,,False,,False,,False
412260,PR,RONDON,0.195,MUITO BAIXA VULNERABILIDADE,False,True,CADASTRO RESERVA,0,MUITO BAIXA VULNERABILIDADE,FAIXA 3,10000,0.240,False,,False,,False,,False,,False,,False
412265,PR,ROSARIO DO IVAI,0.345,MEDIA VULNERABILIDADE,False,False,CADASTRO RESERVA,0,MEDIA VULNERABILIDADE,FAIXA 2,15000,0.346,False,,False,,False,,False,,False,,False
412270,PR,SABAUDIA,0.183,MUITO BAIXA VULNERABILIDADE,False,False,NÃO ELEGIVEL,0,MUITO BAIXA VULNERABILIDADE,FAIXA 3,10000,0.181,False,,False,,False,,False,,False,,False
412280,PR,SALGADO FILHO,0.248,BAIXA VULNERABILIDADE,False,True,CADASTRO RESERVA,0,BAIXA VULNERABILIDADE,FAIXA 3,10000,0.327,False,,False,,False,,False,,False,,False
412290,PR,SALTO DO ITARARE,0.291,BAIXA VULNERABILIDADE,False,False,CADASTRO RESERVA,0,BAIXA VULNERABILIDADE,FAIXA 3,10000,0.319,False,,False,,False,,False,,False,,False
412300,PR,SALTO DO LONTRA,0.242,BAIXA VULNERABILIDADE,False,True,CADASTRO RESERVA,0,BAIXA VULNERABILIDADE,FAIXA 3,10000,0.332,False,,False,,False,,False,,False,,False
412310,PR,SANTA AMELIA,0.229,BAIXA VULNERABILIDADE,False,False,CADASTRO RESERVA,0,BAIXA VULNERABILIDADE,FAIXA 3,10000,0.249,False,,False,,False,,False,,False,,False
412320,PR,SANTA CECILIA DO PAVAO,0.294,BAIXA VULNERABILIDADE,False,False,CONFIRMAÇÃO DE VAGAS (ADERIDOS),1,BAIXA VULNERABILIDADE,FAIXA 3,10000,0.406,False,,False,,False,,False,,False,,False
412330,PR,SANTA CRUZ DE MONTE CASTELO,0.362,MEDIA VULNERABILIDADE,False,True,CADASTRO RESERVA,0,MEDIA VULNERABILIDADE,FAIXA 2,15000,0.332,False,,False,,False,,False,,False,,False
412340,PR,SANTA FE,0.170,MUITO BAIXA VULNERABILIDADE,False,False,CADASTRO RESERVA,0,MUITO BAIXA VULNERABILIDADE,FAIXA 3,10000,0.206,False,,False,,False,,False,,False,,False
412350,PR,SANTA HELENA,0.195,MUITO BAIXA VULNERABILIDADE,False,True,CADASTRO RESERVA,0,MUITO BAIXA VULNERABILIDADE,FAIXA 3,10000,0.232,False,,False,,False,,False,,False,,False
412360,PR,SANTA INES,0.237,BAIXA VULNERABILIDADE,False,False,CADASTRO RESERVA,0,BAIXA VULNERABILIDADE,FAIXA 3,10000,0.217,False,,False,,False,,False,,False,,False
412370,PR,SANTA ISABEL DO IVAI,0.214,BAIXA VULNERABILIDADE,False,True,CADASTRO RESERVA,0,BAIXA VULNERABILIDADE,FAIXA 3,10000,0.330,False,,False,,False,,False,,False,,False
412380,PR,SANTA IZABEL DO OESTE,0.265,BAIXA VULNERABILIDADE,False,True,CADASTRO RESERVA,0,BAIXA VULNERABILIDADE,FAIXA 3,10000,0.380,False,,False,,False,,False,,False,,False
412382,PR,SANTA LUCIA,0.250,BAIXA VULNERABILIDADE,False,True,CADASTRO RESERVA,0,BAIXA VULNERABILIDADE,FAIXA 3,10000,0.327,False,,False,,False,,False,,False,,False
412385,PR,SANTA MARIA DO OESTE,0.373,MEDIA VULNERABILIDADE,False,False,CADASTRO RESERVA,0,MEDIA VULNERABILIDADE,FAIXA 2,15000,0.503,False,,False,,False,,False,,False,,False
412390,PR,SANTA MARIANA,0.246,BAIXA VULNERABILIDADE,False,False,CADASTRO RESERVA,0,BAIXA VULNERABILIDADE,FAIXA 3,10000,0.255,False,,False,,False,,False,,True,FAIXA 3,True
412395,PR,SANTA MONICA,0.304,MEDIA VULNERABILIDADE,False,True,CADASTRO RESERVA,0,MEDIA VULNERABILIDADE,FAIXA 2,15000,0.260,False,,False,,False,,False,,False,,False
412400,PR,SANTANA DO ITARARE,0.348,MEDIA VULNERABILIDADE,False,False,CONFIRMAÇÃO DE VAGAS (ADERIDOS),1,MEDIA VULNERABILIDADE,FAIXA 2,15000,0.286,False,,False,,False,,False,,False,,False
412402,PR,SANTA TEREZA DO OESTE,0.260,BAIXA VULNERABILIDADE,False,True,CADASTRO RESERVA,0,BAIXA VULNERABILIDADE,FAIXA 3,10000,0.390,False,,False,,False,,False,,False,,False
412405,PR,SANTA TEREZINHA DE ITAIPU,0.220,BAIXA VULNERABILIDADE,False,True,CADASTRO RESERVA,0,BAIXA VULNERABILIDADE,FAIXA 3,10000,0.251,False,,False,,False,,False,,False,,False
412410,PR,SANTO ANTONIO DA PLATINA,0.284,BAIXA VULNERABILIDADE,False,False,CONFIRMAÇÃO DE VAGAS (ADERIDOS),1,BAIXA VULNERABILIDADE,FAIXA 3,10000,0.334,False,,True,FAIXA 3,True,FAIXA 3,True,FAIXA 3,False,,True
412420,PR,SANTO ANTONIO DO CAIUA,0.320,MEDIA VULNERABILIDADE,False,False,NÃO ELEGIVEL,0,MEDIA VULNERABILIDADE,FAIXA 2,15000,0.256,False,,False,,False,,False,,False,,False
412430,PR,SANTO ANTONIO DO PARAISO,0.269,BAIXA VULNERABILIDADE,False,False,CADASTRO RESERVA,0,BAIXA VULNERABILIDADE,FAIXA 3,10000,0.420,False,,False,,False,,False,,False,,False
412440,PR,SANTO ANTONIO DO SUDOESTE,0.279,BAIXA VULNERABILIDADE,False,True,CADASTRO RESERVA,0,BAIXA VULNERABILIDADE,FAIXA 3,10000,0.331,False,,False,,False,,False,,False,,False
412450,PR,SANTO INACIO,0.235,BAIXA VULNERABILIDADE,False,False,CONFIRMAÇÃO DE VAGAS (ADERIDOS),1,BAIXA VULNERABILIDADE,FAIXA 3,10000,0.247,False,,False,,False,,False,,False,,False
412460,PR,SAO CARLOS DO IVAI,0.283,BAIXA VULNERABILIDADE,False,False,CADASTRO RESERVA,0,BAIXA VULNERABILIDADE,FAIXA 3,10000,0.390,False,,False,,False,,False,,False,,False
412470,PR,SAO JERONIMO DA SERRA,0.418,ALTA VULNERABILIDADE,False,False,CADASTRO RESERVA,0,ALTA VULNERABILIDADE,FAIXA 1,20000,0.407,False,,False,,False,,False,,False,,False
412480,PR,SAO JOAO,0.216,BAIXA VULNERABILIDADE,False,True,CADASTRO RESERVA,0,BAIXA VULNERABILIDADE,FAIXA 3,10000,0.385,False,,False,,False,,False,,False,,False
412490,PR,SAO JOAO DO CAIUA,0.366,MEDIA VULNERABILIDADE,False,False,CADASTRO RESERVA,0,MEDIA VULNERABILIDADE,FAIXA 2,15000,0.419,False,,False,,False,,False,,False,,False
412500,PR,SAO JOAO DO IVAI,0.315,MEDIA VULNERABILIDADE,False,False,CADASTRO RESERVA,0,MEDIA VULNERABILIDADE,FAIXA 2,15000,0.371,False,,False,,False,,False,,False,,False
412510,PR,SAO JOAO DO TRIUNFO,0.266,BAIXA VULNERABILIDADE,False,False,CADASTRO RESERVA,0,BAIXA VULNERABILIDADE,FAIXA 3,10000,0.406,False,,False,,False,,False,,False,,False
412520,PR,SAO JORGE D'OESTE,0.208,BAIXA VULNERABILIDADE,False,True,CADASTRO RESERVA,0,BAIXA VULNERABILIDADE,FAIXA 3,10000,0.269,False,,False,,False,,False,,False,,False
412530,PR,SAO JORGE DO IVAI,0.189,MUITO BAIXA VULNERABILIDADE,False,False,CADASTRO RESERVA,0,MUITO BAIXA VULNERABILIDADE,FAIXA 3,10000,0.266,False,,False,,False,,False,,False,,False
412535,PR,SAO JORGE DO PATROCINIO,0.251,BAIXA VULNERABILIDADE,False,True,CADASTRO RESERVA,0,BAIXA VULNERABILIDADE,FAIXA 3,10000,0.301,False,,False,,False,,False,,False,,False
412540,PR,SAO JOSE DA BOA VISTA,0.320,MEDIA VULNERABILIDADE,False,False,NÃO ELEGIVEL,0,MEDIA VULNERABILIDADE,FAIXA 2,15000,0.427,False,,False,,False,,False,,False,,False
412545,PR,SAO JOSE DAS PALMEIRAS,0.269,BAIXA VULNERABILIDADE,False,True,CADASTRO RESERVA,0,BAIXA VULNERABILIDADE,FAIXA 3,10000,0.301,False,,False,,False,,False,,False,,False
412550,PR,SAO JOSE DOS PINHAIS,0.266,BAIXA VULNERABILIDADE,False,False,CONFIRMAÇÃO DE VAGAS (ADERIDOS),2,BAIXA VULNERABILIDADE,FAIXA 3,10000,0.285,False,,False,,False,,False,,False,,False
412555,PR,SAO MANOEL DO PARANA,0.150,MUITO BAIXA VULNERABILIDADE,False,False,CADASTRO RESERVA,0,MUITO BAIXA VULNERABILIDADE,FAIXA 3,10000,0.123,False,,False,,False,,False,,False,,False
412560,PR,SAO MATEUS DO SUL,0.242,BAIXA VULNERABILIDADE,False,False,CADASTRO RESERVA,0,BAIXA VULNERABILIDADE,FAIXA 3,10000,0.390,False,,False,,False,,False,,False,,False
412570,PR,SAO MIGUEL DO IGUACU,0.245,BAIXA VULNERABILIDADE,False,True,CADASTRO RESERVA,0,BAIXA VULNERABILIDADE,FAIXA 3,10000,0.263,False,,False,,False,,False,,False,,False
412575,PR,SAO PEDRO DO IGUACU,0.269,BAIXA VULNERABILIDADE,False,True,CADASTRO RESERVA,0,BAIXA VULNERABILIDADE,FAIXA 3,10000,0.418,False,,False,,False,,False,,False,,False
412580,PR,SAO PEDRO DO IVAI,0.218,BAIXA VULNERABILIDADE,False,False,NÃO ELEGIVEL,0,BAIXA VULNERABILIDADE,FAIXA 3,10000,0.386,False,,False,,False,,False,,False,,False
412590,PR,SAO PEDRO DO PARANA,0.205,BAIXA VULNERABILIDADE,False,False,CADASTRO RESERVA,0,BAIXA VULNERABILIDADE,FAIXA 3,10000,0.226,False,,False,,False,,False,,False,,False
412600,PR,SAO SEBASTIAO DA AMOREIRA,0.250,BAIXA VULNERABILIDADE,False,False,CADASTRO RESERVA,0,BAIXA VULNERABILIDADE,FAIXA 3,10000,0.360,False,,False,,False,,False,,False,,False
412610,PR,SAO TOME,0.174,MUITO BAIXA VULNERABILIDADE,False,False,CADASTRO RESERVA,0,MUITO BAIXA VULNERABILIDADE,FAIXA 3,10000,0.183,False,,False,,False,,False,,False,,False
412620,PR,SAPOPEMA,0.330,MEDIA VULNERABILIDADE,False,False,CADASTRO RESERVA,0,MEDIA VULNERABILIDADE,FAIXA 2,15000,0.381,False,,False,,False,,False,,False,,False
412625,PR,SARANDI,0.258,BAIXA VULNERABILIDADE,False,False,CONFIRMAÇÃO DE VAGAS (ADERIDOS),1,BAIXA VULNERABILIDADE,FAIXA 3,10000,0.311,False,,False,,False,,False,,False,,False
412627,PR,SAUDADE DO IGUACU,0.278,BAIXA VULNERABILIDADE,False,True,CADASTRO RESERVA,0,BAIXA VULNERABILIDADE,FAIXA 3,10000,0.342,False,,False,,False,,False,,False,,False
412630,PR,SENGES,0.376,MEDIA VULNERABILIDADE,False,False,CADASTRO RESERVA,0,MEDIA VULNERABILIDADE,FAIXA 2,15000,0.477,False,,False,,False,,False,,False,,False
412635,PR,SERRANOPOLIS DO IGUACU,0.174,MUITO BAIXA VULNERABILIDADE,False,True,NÃO ELEGIVEL,0,MUITO BAIXA VULNERABILIDADE,FAIXA 3,10000,0.175,False,,False,,False,,False,,False,,False
412640,PR,SERTANEJA,0.267,BAIXA VULNERABILIDADE,False,False,CADASTRO RESERVA,0,BAIXA VULNERABILIDADE,FAIXA 3,10000,0.274,False,,False,,False,,False,,False,,False
412650,PR,SERTANOPOLIS,0.185,MUITO BAIXA VULNERABILIDADE,False,False,NÃO ELEGIVEL,0,MUITO BAIXA VULNERABILIDADE,FAIXA 3,10000,0.242,False,,False,,False,,False,,False,,False
412660,PR,SIQUEIRA CAMPOS,0.215,BAIXA VULNERABILIDADE,False,False,CADASTRO RESERVA,0,BAIXA VULNERABILIDADE,FAIXA 3,10000,0.289,False,,False,,False,,False,,False,,False
412665,PR,SULINA,0.234,BAIXA VULNERABILIDADE,False,True,CADASTRO RESERVA,0,BAIXA VULNERABILIDADE,FAIXA 3,10000,0.244,False,,False,,False,,False,,False,,False
412667,PR,TAMARANA,0.373,MEDIA VULNERABILIDADE,False,False,CADASTRO RESERVA,0,MEDIA VULNERABILIDADE,FAIXA 2,15000,0.339,False,,False,,False,,False,,False,,False
412670,PR,TAMBOARA,0.185,MUITO BAIXA VULNERABILIDADE,False,False,CADASTRO RESERVA,0,MUITO BAIXA VULNERABILIDADE,FAIXA 3,10000,0.228,False,,False,,False,,False,,False,,False
412680,PR,TAPEJARA,0.184,MUITO BAIXA VULNERABILIDADE,False,True,CADASTRO RESERVA,0,MUITO BAIXA VULNERABILIDADE,FAIXA 3,10000,0.268,False,,False,,False,,False,,False,,False
412690,PR,TAPIRA,0.255,BAIXA VULNERABILIDADE,False,True,CADASTRO RESERVA,0,BAIXA VULNERABILIDADE,FAIXA 3,10000,0.348,False,,False,,False,,False,,False,,False
412700,PR,TEIXEIRA SOARES,0.277,BAIXA VULNERABILIDADE,False,False,CADASTRO RESERVA,0,BAIXA VULNERABILIDADE,FAIXA 3,10000,0.350,False,,False,,False,,False,,False,,False
412710,PR,TELEMACO BORBA,0.267,BAIXA VULNERABILIDADE,False,False,CADASTRO RESERVA,0,BAIXA VULNERABILIDADE,FAIXA 3,10000,0.299,False,,False,,False,,False,,False,,False
412720,PR,TERRA BOA,0.238,BAIXA VULNERABILIDADE,False,False,NÃO ELEGIVEL,0,BAIXA VULNERABILIDADE,FAIXA 3,10000,0.222,False,,False,,False,,False,,False,,False
412730,PR,TERRA RICA,0.253,BAIXA VULNERABILIDADE,False,False,CONFIRMAÇÃO DE VAGAS (ADERIDOS),1,BAIXA VULNERABILIDADE,FAIXA 3,10000,0.239,False,,False,,False,,False,,False,,False
412740,PR,TERRA ROXA,0.234,BAIXA VULNERABILIDADE,False,True,CADASTRO RESERVA,0,BAIXA VULNERABILIDADE,FAIXA 3,10000,0.264,False,,False,,False,,False,,False,,False
412750,PR,TIBAGI,0.298,BAIXA VULNERABILIDADE,False,False,CADASTRO RESERVA,0,BAIXA VULNERABILIDADE,FAIXA 3,10000,0.327,False,,False,,False,,False,,False,,False
412760,PR,TIJUCAS DO SUL,0.275,BAIXA VULNERABILIDADE,False,False,CADASTRO RESERVA,0,BAIXA VULNERABILIDADE,FAIXA 3,10000,0.342,False,,False,,False,,False,,False,,False
412770,PR,TOLEDO,0.171,MUITO BAIXA VULNERABILIDADE,False,True,CONFIRMAÇÃO DE VAGAS (ADERIDOS),1,MUITO BAIXA VULNERABILIDADE,FAIXA 3,10000,0.205,False,,False,,False,,False,,False,,False
412780,PR,TOMAZINA,0.274,BAIXA VULNERABILIDADE,False,False,CADASTRO RESERVA,0,BAIXA VULNERABILIDADE,FAIXA 3,10000,0.303,False,,False,,False,,False,,False,,False
412785,PR,TRES BARRAS DO PARANA,0.328,MEDIA VULNERABILIDADE,False,True,CADASTRO RESERVA,0,MEDIA VULNERABILIDADE,FAIXA 2,15000,0.376,False,,False,,False,,False,,False,,False
412788,PR,TUNAS DO PARANA,0.447,ALTA VULNERABILIDADE,False,False,CADASTRO RESERVA,0,ALTA VULNERABILIDADE,FAIXA 1,20000,0.322,False,,False,,False,,False,,False,,False
412790,PR,TUNEIRAS DO OESTE,0.229,BAIXA VULNERABILIDADE,False,True,CADASTRO RESERVA,0,BAIXA VULNERABILIDADE,FAIXA 3,10000,0.375,False,,False,,False,,False,,False,,False
412795,PR,TUPASSI,0.203,BAIXA VULNERABILIDADE,False,True,CADASTRO RESERVA,0,BAIXA VULNERABILIDADE,FAIXA 3,10000,0.280,False,,False,,False,,False,,False,,False
412796,PR,TURVO,0.345,MEDIA VULNERABILIDADE,False,False,CADASTRO RESERVA,0,MEDIA VULNERABILIDADE,FAIXA 2,15000,0.520,False,,False,,False,,False,,False,,False
412800,PR,UBIRATA,0.241,BAIXA VULNERABILIDADE,False,True,CADASTRO RESERVA,0,BAIXA VULNERABILIDADE,FAIXA 3,10000,0.354,False,,False,,False,,False,,False,,False
412810,PR,UMUARAMA,0.178,MUITO BAIXA VULNERABILIDADE,False,True,CONFIRMAÇÃO DE VAGAS (ADERIDOS),1,MUITO BAIXA VULNERABILIDADE,FAIXA 3,10000,0.248,False,,False,,False,,False,,False,,False
412820,PR,UNIAO DA VITORIA,0.258,BAIXA VULNERABILIDADE,False,False,CADASTRO RESERVA,0,BAIXA VULNERABILIDADE,FAIXA 3,10000,0.344,False,,False,,False,,False,,False,,False
412830,PR,UNIFLOR,0.248,BAIXA VULNERABILIDADE,False,False,CADASTRO RESERVA,0,BAIXA VULNERABILIDADE,FAIXA 3,10000,0.189,False,,False,,False,,False,,False,,False
412840,PR,URAI,0.261,BAIXA VULNERABILIDADE,False,False,CADASTRO RESERVA,0,BAIXA VULNERABILIDADE,FAIXA 3,10000,0.332,False,,False,,False,,False,,False,,False
412850,PR,WENCESLAU BRAZ,0.348,MEDIA VULNERABILIDADE,False,False,CADASTRO RESERVA,0,MEDIA VULNERABILIDADE,FAIXA 2,15000,0.431,False,,False,,False,,False,,False,,False
412853,PR,VENTANIA,0.376,MEDIA VULNERABILIDADE,False,False,CONFIRMAÇÃO DE VAGAS (ADERIDOS),1,MEDIA VULNERABILIDADE,FAIXA 2,15000,0.318,False,,False,,False,,False,,False,,False
412855,PR,VERA CRUZ DO OESTE,0.304,MEDIA VULNERABILIDADE,False,True,CADASTRO RESERVA,0,MEDIA VULNERABILIDADE,FAIXA 2,15000,0.331,False,,False,,False,,False,,False,,False
412860,PR,VERE,0.232,BAIXA VULNERABILIDADE,False,True,NÃO ELEGIVEL,0,BAIXA VULNERABILIDADE,FAIXA 3,10000,0.172,False,,False,,False,,False,,False,,False
412862,PR,ALTO PARAISO,0.283,BAIXA VULNERABILIDADE,False,True,CADASTRO RESERVA,0,BAIXA VULNERABILIDADE,FAIXA 3,10000,0.317,False,,False,,False,,False,,False,,False
412863,PR,DOUTOR ULYSSES,0.451,ALTA VULNERABILIDADE,False,False,CADASTRO RESERVA,0,ALTA VULNERABILIDADE,FAIXA 1,20000,0.393,False,,False,,False,,False,,False,,False
412865,PR,VIRMOND,0.377,MEDIA VULNERABILIDADE,False,False,CADASTRO RESERVA,0,MEDIA VULNERABILIDADE,FAIXA 2,15000,0.404,False,,False,,False,,False,,False,,False
412870,PR,VITORINO,0.251,BAIXA VULNERABILIDADE,False,True,CADASTRO RESERVA,0,BAIXA VULNERABILIDADE,FAIXA 3,10000,0.440,False,,False,,False,,False,,False,,False
412880,PR,XAMBRE,0.278,BAIXA VULNERABILIDADE,False,True,CADASTRO RESERVA,0,BAIXA VULNERABILIDADE,FAIXA 3,10000,0.390,False,,False,,False,,False,,False,,False
420005,SC,ABDON BATISTA,0.262,BAIXA VULNERABILIDADE,False,False,NÃO ELEGIVEL,0,BAIXA VULNERABILIDADE,FAIXA 3,10000,0.298,False,,False,,False,,False,,False,,False
420010,SC,ABELARDO LUZ,0.283,BAIXA VULNERABILIDADE,False,True,CADASTRO RESERVA,0,BAIXA VULNERABILIDADE,FAIXA 3,10000,0.347,False,,False,,False,,False,,True,FAIXA 3,True
420020,SC,AGROLANDIA,0.145,MUITO BAIXA VULNERABILIDADE,False,False,CADASTRO RESERVA,0,MUITO BAIXA VULNERABILIDADE,FAIXA 3,10000,0.155,False,,False,,False,,False,,False,,False
420030,SC,AGRONOMICA,0.223,BAIXA VULNERABILIDADE,False,False,NÃO ELEGIVEL,0,BAIXA VULNERABILIDADE,FAIXA 3,10000,0.142,False,,False,,False,,False,,False,,False
420040,SC,AGUA DOCE,0.294,BAIXA VULNERABILIDADE,False,False,CADASTRO RESERVA,0,BAIXA VULNERABILIDADE,FAIXA 3,10000,0.412,False,,False,,False,,False,,False,,False
420050,SC,AGUAS DE CHAPECO,0.252,BAIXA VULNERABILIDADE,False,True,CADASTRO RESERVA,0,BAIXA VULNERABILIDADE,FAIXA 3,10000,0.376,False,,False,,False,,False,,False,,False
420055,SC,AGUAS FRIAS,0.174,MUITO BAIXA VULNERABILIDADE,False,True,CADASTRO RESERVA,0,MUITO BAIXA VULNERABILIDADE,FAIXA 3,10000,0.165,False,,False,,False,,False,,False,,False
420060,SC,AGUAS MORNAS,0.304,MEDIA VULNERABILIDADE,False,False,CONFIRMAÇÃO DE VAGAS (ADERIDOS),1,MEDIA VULNERABILIDADE,FAIXA 2,15000,0.280,False,,False,,False,,False,,False,,False
420070,SC,ALFREDO WAGNER,0.350,MEDIA VULNERABILIDADE,False,False,NOVA ADESÃO,1,MEDIA VULNERABILIDADE,FAIXA 2,15000,0.162,False,,False,,False,,False,,False,,False
420075,SC,ALTO BELA VISTA,0.301,MEDIA VULNERABILIDADE,False,False,CADASTRO RESERVA,0,MEDIA VULNERABILIDADE,FAIXA 2,15000,0.304,False,,False,,False,,False,,False,,False
420080,SC,ANCHIETA,0.225,BAIXA VULNERABILIDADE,False,True,NÃO ELEGIVEL,0,BAIXA VULNERABILIDADE,FAIXA 3,10000,0.365,False,,False,,False,,False,,False,,False
420090,SC,ANGELINA,0.271,BAIXA VULNERABILIDADE,False,False,CADASTRO RESERVA,0,BAIXA VULNERABILIDADE,FAIXA 3,10000,0.080,False,,False,,False,,False,,False,,False
420100,SC,ANITA GARIBALDI,0.323,MEDIA VULNERABILIDADE,False,False,CADASTRO RESERVA,0,MEDIA VULNERABILIDADE,FAIXA 2,15000,0.382,False,,False,,False,,False,,False,,False
420110,SC,ANITAPOLIS,0.249,BAIXA VULNERABILIDADE,False,False,CADASTRO RESERVA,0,BAIXA VULNERABILIDADE,FAIXA 3,10000,0.131,False,,False,,False,,False,,False,,False
420120,SC,ANTONIO CARLOS,0.142,MUITO BAIXA VULNERABILIDADE,False,False,NÃO ELEGIVEL,0,MUITO BAIXA VULNERABILIDADE,FAIXA 3,10000,0.096,False,,False,,False,,False,,False,,False
420125,SC,APIUNA,0.209,BAIXA VULNERABILIDADE,False,False,CONFIRMAÇÃO DE VAGAS (ADERIDOS),1,BAIXA VULNERABILIDADE,FAIXA 3,10000,0.167,False,,False,,False,,False,,True,FAIXA 3,True
420127,SC,ARABUTA,0.264,BAIXA VULNERABILIDADE,False,True,NÃO ELEGIVEL,0,BAIXA VULNERABILIDADE,FAIXA 3,10000,0.275,False,,False,,False,,False,,False,,False
420130,SC,ARAQUARI,0.306,MEDIA VULNERABILIDADE,False,False,CADASTRO RESERVA,0,MEDIA VULNERABILIDADE,FAIXA 2,15000,0.344,False,,False,,False,,False,,False,,False
420140,SC,ARARANGUA,0.183,MUITO BAIXA VULNERABILIDADE,False,False,CADASTRO RESERVA,0,MUITO BAIXA VULNERABILIDADE,FAIXA 3,10000,0.283,False,,False,,False,,False,,False,,False
420150,SC,ARMAZEM,0.138,MUITO BAIXA VULNERABILIDADE,False,False,CADASTRO RESERVA,0,MUITO BAIXA VULNERABILIDADE,FAIXA 3,10000,0.135,False,,True,FAIXA 3,True,FAIXA 3,True,FAIXA 3,True,FAIXA 3,True
420160,SC,ARROIO TRINTA,0.130,MUITO BAIXA VULNERABILIDADE,False,False,CADASTRO RESERVA,0,MUITO BAIXA VULNERABILIDADE,FAIXA 3,10000,0.096,False,,False,,False,,False,,False,,False
420165,SC,ARVOREDO,0.247,BAIXA VULNERABILIDADE,False,True,NÃO ELEGIVEL,0,BAIXA VULNERABILIDADE,FAIXA 3,10000,0.239,False,,False,,False,,False,,False,,False
420170,SC,ASCURRA,0.124,MUITO BAIXA VULNERABILIDADE,False,False,CADASTRO RESERVA,0,MUITO BAIXA VULNERABILIDADE,FAIXA 3,10000,0.124,False,,False,,False,,False,,False,,False
420180,SC,ATALANTA,0.233,BAIXA VULNERABILIDADE,False,False,CADASTRO RESERVA,0,BAIXA VULNERABILIDADE,FAIXA 3,10000,0.121,False,,False,,False,,False,,False,,False
420190,SC,AURORA,0.164,MUITO BAIXA VULNERABILIDADE,False,False,CADASTRO RESERVA,0,MUITO BAIXA VULNERABILIDADE,FAIXA 3,10000,0.147,False,,False,,False,,False,,False,,False
420195,SC,BALNEARIO ARROIO DO SILVA,0.194,MUITO BAIXA VULNERABILIDADE,False,False,CADASTRO RESERVA,0,MUITO BAIXA VULNERABILIDADE,FAIXA 3,10000,0.220,False,,False,,False,,False,,False,,False
420200,SC,BALNEARIO CAMBORIU,0.123,MUITO BAIXA VULNERABILIDADE,False,False,CADASTRO RESERVA,0,MUITO BAIXA VULNERABILIDADE,FAIXA 3,10000,0.163,False,,False,,False,,False,,True,FAIXA 3,True
420205,SC,BALNEARIO BARRA DO SUL,0.206,BAIXA VULNERABILIDADE,False,False,CONFIRMAÇÃO DE VAGAS (ADERIDOS),1,BAIXA VULNERABILIDADE,FAIXA 3,10000,0.230,False,,False,,False,,False,,False,,False
420207,SC,BALNEARIO GAIVOTA,0.208,BAIXA VULNERABILIDADE,False,False,CADASTRO RESERVA,0,BAIXA VULNERABILIDADE,FAIXA 3,10000,0.198,False,,False,,False,,False,,False,,False
420208,SC,BANDEIRANTE,0.295,BAIXA VULNERABILIDADE,False,True,CADASTRO RESERVA,0,BAIXA VULNERABILIDADE,FAIXA 3,10000,0.266,False,,False,,False,,False,,False,,False
420209,SC,BARRA BONITA,0.286,BAIXA VULNERABILIDADE,False,True,CADASTRO RESERVA,0,BAIXA VULNERABILIDADE,FAIXA 3,10000,0.378,False,,False,,False,,False,,False,,False
420210,SC,BARRA VELHA,0.202,BAIXA VULNERABILIDADE,False,False,CONFIRMAÇÃO DE VAGAS (ADERIDOS),3,BAIXA VULNERABILIDADE,FAIXA 3,10000,0.260,False,,False,,False,,False,,True,FAIXA 3,True
420213,SC,BELA VISTA DO TOLDO,0.266,BAIXA VULNERABILIDADE,False,False,CADASTRO RESERVA,0,BAIXA VULNERABILIDADE,FAIXA 3,10000,0.529,False,,False,,False,,False,,False,,False
420215,SC,BELMONTE,0.285,BAIXA VULNERABILIDADE,False,True,CADASTRO RESERVA,0,BAIXA VULNERABILIDADE,FAIXA 3,10000,0.297,False,,False,,False,,False,,False,,False
420220,SC,BENEDITO NOVO,0.221,BAIXA VULNERABILIDADE,False,False,CONFIRMAÇÃO DE VAGAS (ADERIDOS),1,BAIXA VULNERABILIDADE,FAIXA 3,10000,0.193,False,,False,,False,,False,,False,,False
420230,SC,BIGUACU,0.213,BAIXA VULNERABILIDADE,False,False,CADASTRO RESERVA,0,BAIXA VULNERABILIDADE,FAIXA 3,10000,0.253,False,,False,,True,FAIXA 3,True,FAIXA 3,True,FAIXA 3,True
420240,SC,BLUMENAU,0.199,MUITO BAIXA VULNERABILIDADE,False,False,CONFIRMAÇÃO DE VAGAS (ADERIDOS),2,MUITO BAIXA VULNERABILIDADE,FAIXA 3,10000,0.212,True,FAIXA 3,True,FAIXA 3,False,,False,,False,,True
420243,SC,BOCAINA DO SUL,0.364,MEDIA VULNERABILIDADE,False,False,CADASTRO RESERVA,0,MEDIA VULNERABILIDADE,FAIXA 2,15000,0.522,False,,False,,False,,False,,False,,False
420245,SC,BOMBINHAS,0.162,MUITO BAIXA VULNERABILIDADE,False,False,CADASTRO RESERVA,0,MUITO BAIXA VULNERABILIDADE,FAIXA 3,10000,0.337,False,,False,,False,,False,,False,,False
420250,SC,BOM JARDIM DA SERRA,0.292,BAIXA VULNERABILIDADE,False,False,CADASTRO RESERVA,0,BAIXA VULNERABILIDADE,FAIXA 3,10000,0.386,False,,False,,False,,False,,False,,False
420253,SC,BOM JESUS,0.283,BAIXA VULNERABILIDADE,False,True,CADASTRO RESERVA,0,BAIXA VULNERABILIDADE,FAIXA 3,10000,0.490,False,,False,,False,,False,,False,,False
420257,SC,BOM JESUS DO OESTE,0.218,BAIXA VULNERABILIDADE,False,True,CADASTRO RESERVA,0,BAIXA VULNERABILIDADE,FAIXA 3,10000,0.127,False,,False,,False,,False,,False,,False
420260,SC,BOM RETIRO,0.299,BAIXA VULNERABILIDADE,False,False,CADASTRO RESERVA,0,BAIXA VULNERABILIDADE,FAIXA 3,10000,0.440,False,,False,,False,,False,,False,,False
420270,SC,BOTUVERA,0.164,MUITO BAIXA VULNERABILIDADE,False,False,CADASTRO RESERVA,0,MUITO BAIXA VULNERABILIDADE,FAIXA 3,10000,0.185,False,,False,,False,,False,,False,,False
420280,SC,BRACO DO NORTE,0.136,MUITO BAIXA VULNERABILIDADE,False,False,CADASTRO RESERVA,0,MUITO BAIXA VULNERABILIDADE,FAIXA 3,10000,0.137,False,,False,,False,,False,,True,FAIXA 3,True
420285,SC,BRACO DO TROMBUDO,0.125,MUITO BAIXA VULNERABILIDADE,False,False,CADASTRO RESERVA,0,MUITO BAIXA VULNERABILIDADE,FAIXA 3,10000,0.080,False,,False,,False,,False,,False,,False
420287,SC,BRUNOPOLIS,0.272,BAIXA VULNERABILIDADE,False,False,CADASTRO RESERVA,0,BAIXA VULNERABILIDADE,FAIXA 3,10000,0.281,False,,False,,False,,False,,False,,False
420290,SC,BRUSQUE,0.148,MUITO BAIXA VULNERABILIDADE,False,False,CONFIRMAÇÃO DE VAGAS (ADERIDOS),2,MUITO BAIXA VULNERABILIDADE,FAIXA 3,10000,0.168,False,,False,,False,,False,,True,FAIXA 3,True
420300,SC,CACADOR,0.238,BAIXA VULNERABILIDADE,False,False,CADASTRO RESERVA,0,BAIXA VULNERABILIDADE,FAIXA 3,10000,0.276,False,,False,,False,,False,,True,FAIXA 3,True
420310,SC,CAIBI,0.234,BAIXA VULNERABILIDADE,False,True,CADASTRO RESERVA,0,BAIXA VULNERABILIDADE,FAIXA 3,10000,0.319,False,,False,,False,,False,,False,,False
420315,SC,CALMON,0.456,ALTA VULNERABILIDADE,False,False,CADASTRO RESERVA,0,ALTA VULNERABILIDADE,FAIXA 1,20000,0.329,False,,False,,False,,False,,False,,False
420320,SC,CAMBORIU,0.161,MUITO BAIXA VULNERABILIDADE,False,False,CADASTRO RESERVA,0,MUITO BAIXA VULNERABILIDADE,FAIXA 3,10000,0.215,False,,False,,False,,False,,False,,False
420325,SC,CAPAO ALTO,0.341,MEDIA VULNERABILIDADE,False,False,NÃO ELEGIVEL,0,MEDIA VULNERABILIDADE,FAIXA 2,15000,0.373,False,,False,,False,,False,,False,,False
420330,SC,CAMPO ALEGRE,0.206,BAIXA VULNERABILIDADE,False,False,CADASTRO RESERVA,0,BAIXA VULNERABILIDADE,FAIXA 3,10000,0.284,False,,False,,False,,False,,True,FAIXA 3,True
420340,SC,CAMPO BELO DO SUL,0.288,BAIXA VULNERABILIDADE,False,False,CADASTRO RESERVA,0,BAIXA VULNERABILIDADE,FAIXA 3,10000,0.243,False,,False,,False,,False,,True,FAIXA 3,True
420350,SC,CAMPO ERE,0.374,MEDIA VULNERABILIDADE,False,True,CADASTRO RESERVA,0,MEDIA VULNERABILIDADE,FAIXA 2,15000,0.353,False,,False,,False,,False,,False,,False
420360,SC,CAMPOS NOVOS,0.220,BAIXA VULNERABILIDADE,False,False,CADASTRO RESERVA,0,BAIXA VULNERABILIDADE,FAIXA 3,10000,0.261,False,,True,FAIXA 3,True,FAIXA 3,True,FAIXA 3,True,FAIXA 3,True
420370,SC,CANELINHA,0.243,BAIXA VULNERABILIDADE,False,False,CONFIRMAÇÃO DE VAGAS (ADERIDOS),1,BAIXA VULNERABILIDADE,FAIXA 3,10000,0.240,False,,False,,False,,False,,False,,False
420380,SC,CANOINHAS,0.212,BAIXA VULNERABILIDADE,False,False,CADASTRO RESERVA,0,BAIXA VULNERABILIDADE,FAIXA 3,10000,0.268,False,,False,,True,FAIXA 3,True,FAIXA 3,False,,True
420390,SC,CAPINZAL,0.156,MUITO BAIXA VULNERABILIDADE,False,False,CADASTRO RESERVA,0,MUITO BAIXA VULNERABILIDADE,FAIXA 3,10000,0.180,False,,False,,False,,False,,False,,False
420395,SC,CAPIVARI DE BAIXO,0.144,MUITO BAIXA VULNERABILIDADE,False,False,CADASTRO RESERVA,0,MUITO BAIXA VULNERABILIDADE,FAIXA 3,10000,0.152,False,,False,,False,,False,,False,,False
420400,SC,CATANDUVAS,0.250,BAIXA VULNERABILIDADE,False,False,NÃO ELEGIVEL,0,BAIXA VULNERABILIDADE,FAIXA 3,10000,0.426,False,,False,,False,,False,,False,,False
420410,SC,CAXAMBU DO SUL,0.373,MEDIA VULNERABILIDADE,False,True,CADASTRO RESERVA,0,MEDIA VULNERABILIDADE,FAIXA 2,15000,0.301,False,,False,,False,,False,,False,,False
420415,SC,CELSO RAMOS,0.175,MUITO BAIXA VULNERABILIDADE,False,False,CADASTRO RESERVA,0,MUITO BAIXA VULNERABILIDADE,FAIXA 3,10000,0.184,False,,False,,False,,False,,False,,False
420417,SC,CERRO NEGRO,0.351,MEDIA VULNERABILIDADE,False,False,NÃO ELEGIVEL,0,MEDIA VULNERABILIDADE,FAIXA 2,15000,0.384,False,,False,,False,,False,,False,,False
420419,SC,CHAPADAO DO LAGEADO,0.219,BAIXA VULNERABILIDADE,False,False,CADASTRO RESERVA,0,BAIXA VULNERABILIDADE,FAIXA 3,10000,0.216,False,,False,,False,,False,,False,,False
420420,SC,CHAPECO,0.182,MUITO BAIXA VULNERABILIDADE,False,True,CADASTRO RESERVA,0,MUITO BAIXA VULNERABILIDADE,FAIXA 3,10000,0.257,True,FAIXA 3,True,FAIXA 3,True,FAIXA 3,True,FAIXA 3,True,FAIXA 3,True
420425,SC,COCAL DO SUL,0.136,MUITO BAIXA VULNERABILIDADE,False,False,CONFIRMAÇÃO DE VAGAS (ADERIDOS),1,MUITO BAIXA VULNERABILIDADE,FAIXA 3,10000,0.140,False,,False,,False,,False,,False,,False
420430,SC,CONCORDIA,0.163,MUITO BAIXA VULNERABILIDADE,False,True,CADASTRO RESERVA,0,MUITO BAIXA VULNERABILIDADE,FAIXA 3,10000,0.215,False,,False,,False,,False,,False,,False
420435,SC,CORDILHEIRA ALTA,0.144,MUITO BAIXA VULNERABILIDADE,False,True,CADASTRO RESERVA,0,MUITO BAIXA VULNERABILIDADE,FAIXA 3,10000,0.146,False,,False,,False,,False,,False,,False
420440,SC,CORONEL FREITAS,0.197,MUITO BAIXA VULNERABILIDADE,False,True,CADASTRO RESERVA,0,MUITO BAIXA VULNERABILIDADE,FAIXA 3,10000,0.332,False,,False,,False,,False,,False,,False
420445,SC,CORONEL MARTINS,0.328,MEDIA VULNERABILIDADE,False,True,NÃO ELEGIVEL,0,MEDIA VULNERABILIDADE,FAIXA 2,15000,0.235,False,,False,,False,,False,,False,,False
420450,SC,CORUPA,0.137,MUITO BAIXA VULNERABILIDADE,False,False,CADASTRO RESERVA,0,MUITO BAIXA VULNERABILIDADE,FAIXA 3,10000,0.137,False,,False,,False,,False,,False,,False
420455,SC,CORREIA PINTO,0.326,MEDIA VULNERABILIDADE,False,False,CONFIRMAÇÃO DE VAGAS (ADERIDOS),1,MEDIA VULNERABILIDADE,FAIXA 2,15000,0.403,False,,False,,False,,False,,False,,False
420460,SC,CRICIUMA,0.148,MUITO BAIXA VULNERABILIDADE,False,False,CADASTRO RESERVA,0,MUITO BAIXA VULNERABILIDADE,FAIXA 3,10000,0.197,True,FAIXA 3,True,FAIXA 3,True,FAIXA 3,True,FAIXA 3,True,FAIXA 3,True
420470,SC,CUNHA PORA,0.194,MUITO BAIXA VULNERABILIDADE,False,True,CADASTRO RESERVA,0,MUITO BAIXA VULNERABILIDADE,FAIXA 3,10000,0.201,False,,False,,True,FAIXA 3,True,FAIXA 3,False,,True
420475,SC,CUNHATAI,0.193,MUITO BAIXA VULNERABILIDADE,False,True,NÃO ELEGIVEL,0,MUITO BAIXA VULNERABILIDADE,FAIXA 3,10000,0.209,False,,False,,False,,False,,False,,False
420480,SC,CURITIBANOS,0.234,BAIXA VULNERABILIDADE,False,False,CADASTRO RESERVA,0,BAIXA VULNERABILIDADE,FAIXA 3,10000,0.288,False,,False,,False,,False,,True,FAIXA 3,True
420490,SC,DESCANSO,0.239,BAIXA VULNERABILIDADE,False,True,CADASTRO RESERVA,0,BAIXA VULNERABILIDADE,FAIXA 3,10000,0.187,False,,False,,False,,False,,False,,False
420500,SC,DIONISIO CERQUEIRA,0.283,BAIXA VULNERABILIDADE,False,True,NÃO ELEGIVEL,0,BAIXA VULNERABILIDADE,FAIXA 3,10000,0.360,False,,False,,False,,False,,False,,False
420510,SC,DONA EMMA,0.171,MUITO BAIXA VULNERABILIDADE,False,False,CADASTRO RESERVA,0,MUITO BAIXA VULNERABILIDADE,FAIXA 3,10000,0.158,False,,False,,False,,False,,False,,False
420515,SC,DOUTOR PEDRINHO,0.192,MUITO BAIXA VULNERABILIDADE,False,False,NÃO ELEGIVEL,0,MUITO BAIXA VULNERABILIDADE,FAIXA 3,10000,0.142,False,,False,,False,,False,,False,,False
420517,SC,ENTRE RIOS,0.456,ALTA VULNERABILIDADE,False,True,CADASTRO RESERVA,0,ALTA VULNERABILIDADE,FAIXA 1,20000,0.483,False,,False,,False,,False,,False,,False
420519,SC,ERMO,0.231,BAIXA VULNERABILIDADE,False,False,CADASTRO RESERVA,0,BAIXA VULNERABILIDADE,FAIXA 3,10000,0.226,False,,False,,False,,False,,False,,False
420520,SC,ERVAL VELHO,0.196,MUITO BAIXA VULNERABILIDADE,False,False,CADASTRO RESERVA,0,MUITO BAIXA VULNERABILIDADE,FAIXA 3,10000,0.297,False,,False,,False,,False,,False,,False
420530,SC,FAXINAL DOS GUEDES,0.191,MUITO BAIXA VULNERABILIDADE,False,True,CADASTRO RESERVA,0,MUITO BAIXA VULNERABILIDADE,FAIXA 3,10000,0.369,False,,False,,False,,False,,False,,False
420535,SC,FLOR DO SERTAO,0.238,BAIXA VULNERABILIDADE,False,True,CADASTRO RESERVA,0,BAIXA VULNERABILIDADE,FAIXA 3,10000,0.238,False,,False,,False,,False,,False,,False
420540,SC,FLORIANOPOLIS,0.201,BAIXA VULNERABILIDADE,False,False,CADASTRO RESERVA,0,BAIXA VULNERABILIDADE,FAIXA 3,10000,0.237,True,FAIXA 3,True,FAIXA 3,True,FAIXA 3,True,FAIXA 3,True,FAIXA 3,True
420543,SC,FORMOSA DO SUL,0.311,MEDIA VULNERABILIDADE,False,True,CADASTRO RESERVA,0,MEDIA VULNERABILIDADE,FAIXA 2,15000,0.176,False,,False,,False,,False,,False,,False
420545,SC,FORQUILHINHA,0.150,MUITO BAIXA VULNERABILIDADE,False,False,CADASTRO RESERVA,0,MUITO BAIXA VULNERABILIDADE,FAIXA 3,10000,0.145,False,,False,,False,,False,,True,FAIXA 3,True
420550,SC,FRAIBURGO,0.205,BAIXA VULNERABILIDADE,False,False,CADASTRO RESERVA,0,BAIXA VULNERABILIDADE,FAIXA 3,10000,0.276,False,,False,,False,,False,,True,FAIXA 3,True
420555,SC,FREI ROGERIO,0.264,BAIXA VULNERABILIDADE,False,False,NÃO ELEGIVEL,0,BAIXA VULNERABILIDADE,FAIXA 3,10000,0.357,False,,False,,False,,False,,False,,False
420560,SC,GALVAO,0.244,BAIXA VULNERABILIDADE,False,True,CADASTRO RESERVA,0,BAIXA VULNERABILIDADE,FAIXA 3,10000,0.432,False,,False,,False,,False,,False,,False
420570,SC,GAROPABA,0.156,MUITO BAIXA VULNERABILIDADE,False,False,CONFIRMAÇÃO DE VAGAS (ADERIDOS),1,MUITO BAIXA VULNERABILIDADE,FAIXA 3,10000,0.141,False,,False,,False,,False,,True,FAIXA 3,True
420580,SC,GARUVA,0.235,BAIXA VULNERABILIDADE,False,False,CADASTRO RESERVA,0,BAIXA VULNERABILIDADE,FAIXA 3,10000,0.232,False,,False,,False,,False,,False,,False
420590,SC,GASPAR,0.141,MUITO BAIXA VULNERABILIDADE,False,False,CADASTRO RESERVA,0,MUITO BAIXA VULNERABILIDADE,FAIXA 3,10000,0.215,False,,False,,False,,False,,False,,False
420600,SC,GOVERNADOR CELSO RAMOS,0.241,BAIXA VULNERABILIDADE,False,False,NÃO ELEGIVEL,0,BAIXA VULNERABILIDADE,FAIXA 3,10000,0.308,False,,False,,False,,False,,False,,False
420610,SC,GRAO PARA,0.208,BAIXA VULNERABILIDADE,False,False,CADASTRO RESERVA,0,BAIXA VULNERABILIDADE,FAIXA 3,10000,0.173,False,,False,,False,,False,,False,,False
420620,SC,GRAVATAL,0.121,MUITO BAIXA VULNERABILIDADE,False,False,CADASTRO RESERVA,0,MUITO BAIXA VULNERABILIDADE,FAIXA 3,10000,0.097,False,,False,,False,,False,,False,,False
420630,SC,GUABIRUBA,0.211,BAIXA VULNERABILIDADE,False,False,CADASTRO RESERVA,0,BAIXA VULNERABILIDADE,FAIXA 3,10000,0.398,False,,False,,False,,False,,False,,False
420640,SC,GUARACIABA,0.221,BAIXA VULNERABILIDADE,False,True,NÃO ELEGIVEL,0,BAIXA VULNERABILIDADE,FAIXA 3,10000,0.182,False,,False,,False,,False,,False,,False
420650,SC,GUARAMIRIM,0.213,BAIXA VULNERABILIDADE,False,False,CADASTRO RESERVA,0,BAIXA VULNERABILIDADE,FAIXA 3,10000,0.214,False,,False,,False,,False,,False,,False
420660,SC,GUARUJA DO SUL,0.206,BAIXA VULNERABILIDADE,False,True,CADASTRO RESERVA,0,BAIXA VULNERABILIDADE,FAIXA 3,10000,0.176,False,,False,,False,,False,,False,,False
420665,SC,GUATAMBU,0.220,BAIXA VULNERABILIDADE,False,True,CADASTRO RESERVA,0,BAIXA VULNERABILIDADE,FAIXA 3,10000,0.361,False,,False,,False,,False,,False,,False
420670,SC,HERVAL D'OESTE,0.170,MUITO BAIXA VULNERABILIDADE,False,False,CONFIRMAÇÃO DE VAGAS (ADERIDOS),1,MUITO BAIXA VULNERABILIDADE,FAIXA 3,10000,0.253,False,,False,,False,,False,,False,,False
420675,SC,IBIAM,0.196,MUITO BAIXA VULNERABILIDADE,False,False,NÃO ELEGIVEL,0,MUITO BAIXA VULNERABILIDADE,FAIXA 3,10000,0.149,False,,False,,False,,False,,False,,False
420680,SC,IBICARE,0.185,MUITO BAIXA VULNERABILIDADE,False,False,NÃO ELEGIVEL,0,MUITO BAIXA VULNERABILIDADE,FAIXA 3,10000,0.169,False,,False,,False,,False,,False,,False
420690,SC,IBIRAMA,0.126,MUITO BAIXA VULNERABILIDADE,False,False,CADASTRO RESERVA,0,MUITO BAIXA VULNERABILIDADE,FAIXA 3,10000,0.127,False,,False,,False,,False,,False,,False
420700,SC,ICARA,0.193,MUITO BAIXA VULNERABILIDADE,False,False,CONFIRMAÇÃO DE VAGAS (ADERIDOS),2,MUITO BAIXA VULNERABILIDADE,FAIXA 3,10000,0.331,False,,False,,False,,False,,True,FAIXA 3,True
420710,SC,ILHOTA,0.241,BAIXA VULNERABILIDADE,False,False,CADASTRO RESERVA,0,BAIXA VULNERABILIDADE,FAIXA 3,10000,0.420,False,,False,,False,,False,,False,,False
420720,SC,IMARUI,0.276,BAIXA VULNERABILIDADE,False,False,CADASTRO RESERVA,0,BAIXA VULNERABILIDADE,FAIXA 3,10000,0.211,False,,False,,False,,False,,False,,False
420730,SC,IMBITUBA,0.165,MUITO BAIXA VULNERABILIDADE,False,False,CADASTRO RESERVA,0,MUITO BAIXA VULNERABILIDADE,FAIXA 3,10000,0.188,False,,False,,False,,False,,True,FAIXA 3,True
420740,SC,IMBUIA,0.187,MUITO BAIXA VULNERABILIDADE,False,False,CADASTRO RESERVA,0,MUITO BAIXA VULNERABILIDADE,FAIXA 3,10000,0.128,False,,False,,False,,False,,False,,False
420750,SC,INDAIAL,0.134,MUITO BAIXA VULNERABILIDADE,False,False,CADASTRO RESERVA,0,MUITO BAIXA VULNERABILIDADE,FAIXA 3,10000,0.151,False,,False,,False,,False,,False,,False
420757,SC,IOMERE,0.130,MUITO BAIXA VULNERABILIDADE,False,False,NÃO ELEGIVEL,0,MUITO BAIXA VULNERABILIDADE,FAIXA 3,10000,0.088,False,,False,,False,,False,,False,,False
420760,SC,IPIRA,0.195,MUITO BAIXA VULNERABILIDADE,False,False,CADASTRO RESERVA,0,MUITO BAIXA VULNERABILIDADE,FAIXA 3,10000,0.121,False,,False,,False,,False,,False,,False
420765,SC,IPORA DO OESTE,0.200,MUITO BAIXA VULNERABILIDADE,False,True,CADASTRO RESERVA,0,MUITO BAIXA VULNERABILIDADE,FAIXA 3,10000,0.160,False,,False,,False,,False,,False,,False
420768,SC,IPUACU,0.462,ALTA VULNERABILIDADE,False,True,CADASTRO RESERVA,0,ALTA VULNERABILIDADE,FAIXA 1,20000,0.281,False,,False,,False,,False,,False,,False
420770,SC,IPUMIRIM,0.145,MUITO BAIXA VULNERABILIDADE,False,True,CONFIRMAÇÃO DE VAGAS (ADERIDOS),1,MUITO BAIXA VULNERABILIDADE,FAIXA 3,10000,0.242,False,,False,,False,,False,,False,,False
420775,SC,IRACEMINHA,0.278,BAIXA VULNERABILIDADE,False,True,CADASTRO RESERVA,0,BAIXA VULNERABILIDADE,FAIXA 3,10000,0.485,False,,False,,False,,False,,False,,False
420780,SC,IRANI,0.340,MEDIA VULNERABILIDADE,False,False,CONFIRMAÇÃO DE VAGAS (ADERIDOS),1,MEDIA VULNERABILIDADE,FAIXA 2,15000,0.366,False,,False,,False,,False,,False,,False
420785,SC,IRATI,0.279,BAIXA VULNERABILIDADE,False,True,CADASTRO RESERVA,0,BAIXA VULNERABILIDADE,FAIXA 3,10000,0.355,False,,False,,False,,False,,False,,False
420790,SC,IRINEOPOLIS,0.290,BAIXA VULNERABILIDADE,False,False,CADASTRO RESERVA,0,BAIXA VULNERABILIDADE,FAIXA 3,10000,0.415,False,,False,,False,,False,,False,,False
420800,SC,ITA,0.152,MUITO BAIXA VULNERABILIDADE,False,True,CADASTRO RESERVA,0,MUITO BAIXA VULNERABILIDADE,FAIXA 3,10000,0.236,False,,False,,False,,False,,False,,False
420810,SC,ITAIOPOLIS,0.235,BAIXA VULNERABILIDADE,False,False,CADASTRO RESERVA,0,BAIXA VULNERABILIDADE,FAIXA 3,10000,0.295,False,,False,,False,,False,,False,,False
420820,SC,ITAJAI,0.148,MUITO BAIXA VULNERABILIDADE,False,False,CADASTRO RESERVA,0,MUITO BAIXA VULNERABILIDADE,FAIXA 3,10000,0.188,True,FAIXA 3,True,FAIXA 3,True,FAIXA 3,True,FAIXA 3,True,FAIXA 3,True
420830,SC,ITAPEMA,0.143,MUITO BAIXA VULNERABILIDADE,False,False,CADASTRO RESERVA,0,MUITO BAIXA VULNERABILIDADE,FAIXA 3,10000,0.167,False,,False,,False,,False,,True,FAIXA 3,True
420840,SC,ITAPIRANGA,0.139,MUITO BAIXA VULNERABILIDADE,False,True,NÃO ELEGIVEL,0,MUITO BAIXA VULNERABILIDADE,FAIXA 3,10000,0.066,False,,False,,False,,False,,False,,False
420845,SC,ITAPOA,0.213,BAIXA VULNERABILIDADE,False,False,CADASTRO RESERVA,0,BAIXA VULNERABILIDADE,FAIXA 3,10000,0.311,False,,False,,False,,False,,False,,False
420850,SC,ITUPORANGA,0.182,MUITO BAIXA VULNERABILIDADE,False,False,CADASTRO RESERVA,0,MUITO BAIXA VULNERABILIDADE,FAIXA 3,10000,0.279,False,,False,,False,,False,,False,,False
420860,SC,JABORA,0.341,MEDIA VULNERABILIDADE,False,False,NÃO ELEGIVEL,0,MEDIA VULNERABILIDADE,FAIXA 2,15000,0.279,False,,False,,False,,False,,False,,False
420870,SC,JACINTO MACHADO,0.272,BAIXA VULNERABILIDADE,False,False,CADASTRO RESERVA,0,BAIXA VULNERABILIDADE,FAIXA 3,10000,0.215,False,,False,,False,,False,,False,,False
420880,SC,JAGUARUNA,0.195,MUITO BAIXA VULNERABILIDADE,False,False,CADASTRO RESERVA,0,MUITO BAIXA VULNERABILIDADE,FAIXA 3,10000,0.342,False,,False,,False,,False,,True,FAIXA 3,True
420890,SC,JARAGUA DO SUL,0.121,MUITO BAIXA VULNERABILIDADE,False,False,CADASTRO RESERVA,0,MUITO BAIXA VULNERABILIDADE,FAIXA 3,10000,0.202,True,FAIXA 3,True,FAIXA 3,False,,False,,False,,True
420895,SC,JARDINOPOLIS,0.214,BAIXA VULNERABILIDADE,False,True,CADASTRO RESERVA,0,BAIXA VULNERABILIDADE,FAIXA 3,10000,0.127,False,,False,,False,,False,,False,,False
420900,SC,JOACABA,0.166,MUITO BAIXA VULNERABILIDADE,False,False,CADASTRO RESERVA,0,MUITO BAIXA VULNERABILIDADE,FAIXA 3,10000,0.189,True,FAIXA 3,True,FAIXA 3,True,FAIXA 3,True,FAIXA 3,True,FAIXA 3,True
420910,SC,JOINVILLE,0.230,BAIXA VULNERABILIDADE,False,False,CADASTRO RESERVA,0,BAIXA VULNERABILIDADE,FAIXA 3,10000,0.273,False,,True,FAIXA 3,True,FAIXA 3,True,FAIXA 3,True,FAIXA 3,True
420915,SC,JOSE BOITEUX,0.278,BAIXA VULNERABILIDADE,False,False,CADASTRO RESERVA,0,BAIXA VULNERABILIDADE,FAIXA 3,10000,0.162,False,,False,,False,,False,,False,,False
420917,SC,JUPIA,0.240,BAIXA VULNERABILIDADE,False,True,CADASTRO RESERVA,0,BAIXA VULNERABILIDADE,FAIXA 3,10000,0.247,False,,False,,False,,False,,False,,False
420920,SC,LACERDOPOLIS,0.136,MUITO BAIXA VULNERABILIDADE,False,False,NÃO ELEGIVEL,0,MUITO BAIXA VULNERABILIDADE,FAIXA 3,10000,0.134,False,,False,,False,,False,,False,,False
420930,SC,LAGES,0.228,BAIXA VULNERABILIDADE,False,False,CADASTRO RESERVA,0,BAIXA VULNERABILIDADE,FAIXA 3,10000,0.365,True,FAIXA 3,True,FAIXA 3,True,FAIXA 3,True,FAIXA 3,True,FAIXA 3,True
420940,SC,LAGUNA,0.187,MUITO BAIXA VULNERABILIDADE,False,False,CADASTRO RESERVA,0,MUITO BAIXA VULNERABILIDADE,FAIXA 3,10000,0.166,False,,False,,False,,False,,True,FAIXA 3,True
420945,SC,LAJEADO GRANDE,0.179,MUITO BAIXA VULNERABILIDADE,False,True,CADASTRO RESERVA,0,MUITO BAIXA VULNERABILIDADE,FAIXA 3,10000,0.227,False,,False,,False,,False,,False,,False
420950,SC,LAURENTINO,0.130,MUITO BAIXA VULNERABILIDADE,False,False,CADASTRO RESERVA,0,MUITO BAIXA VULNERABILIDADE,FAIXA 3,10000,0.106,False,,False,,False,,False,,False,,False
420960,SC,LAURO MULLER,0.157,MUITO BAIXA VULNERABILIDADE,False,False,CADASTRO RESERVA,0,MUITO BAIXA VULNERABILIDADE,FAIXA 3,10000,0.185,False,,False,,False,,False,,True,FAIXA 3,True
420970,SC,LEBON REGIS,0.397,MEDIA VULNERABILIDADE,False,False,CADASTRO RESERVA,0,MEDIA VULNERABILIDADE,FAIXA 2,15000,0.500,False,,False,,False,,False,,False,,False
420980,SC,LEOBERTO LEAL,0.255,BAIXA VULNERABILIDADE,False,False,CONFIRMAÇÃO DE VAGAS (ADERIDOS),1,BAIXA VULNERABILIDADE,FAIXA 3,10000,0.302,False,,False,,False,,False,,False,,False
420985,SC,LINDOIA DO SUL,0.186,MUITO BAIXA VULNERABILIDADE,False,False,CADASTRO RESERVA,0,MUITO BAIXA VULNERABILIDADE,FAIXA 3,10000,0.178,False,,False,,False,,False,,False,,False
420990,SC,LONTRAS,0.156,MUITO BAIXA VULNERABILIDADE,False,False,CADASTRO RESERVA,0,MUITO BAIXA VULNERABILIDADE,FAIXA 3,10000,0.188,False,,False,,False,,False,,False,,False
421000,SC,LUIZ ALVES,0.227,BAIXA VULNERABILIDADE,False,False,CADASTRO RESERVA,0,BAIXA VULNERABILIDADE,FAIXA 3,10000,0.279,False,,False,,False,,False,,False,,False
421003,SC,LUZERNA,0.090,MUITO BAIXA VULNERABILIDADE,False,False,NÃO ELEGIVEL,0,MUITO BAIXA VULNERABILIDADE,FAIXA 3,10000,0.080,False,,False,,False,,False,,False,,False
421005,SC,MACIEIRA,0.234,BAIXA VULNERABILIDADE,False,False,CADASTRO RESERVA,0,BAIXA VULNERABILIDADE,FAIXA 3,10000,0.304,False,,False,,False,,False,,False,,False
421010,SC,MAFRA,0.195,MUITO BAIXA VULNERABILIDADE,False,False,CONFIRMAÇÃO DE VAGAS (ADERIDOS),2,MUITO BAIXA VULNERABILIDADE,FAIXA 3,10000,0.253,False,,False,,False,,False,,True,FAIXA 3,True
421020,SC,MAJOR GERCINO,0.230,BAIXA VULNERABILIDADE,False,False,CADASTRO RESERVA,0,BAIXA VULNERABILIDADE,FAIXA 3,10000,0.168,False,,False,,False,,False,,False,,False
421030,SC,MAJOR VIEIRA,0.260,BAIXA VULNERABILIDADE,False,False,CADASTRO RESERVA,0,BAIXA VULNERABILIDADE,FAIXA 3,10000,0.313,False,,False,,False,,False,,False,,False
421040,SC,MARACAJA,0.161,MUITO BAIXA VULNERABILIDADE,False,False,CADASTRO RESERVA,0,MUITO BAIXA VULNERABILIDADE,FAIXA 3,10000,0.158,False,,False,,False,,False,,False,,False
421050,SC,MARAVILHA,0.176,MUITO BAIXA VULNERABILIDADE,False,True,CADASTRO RESERVA,0,MUITO BAIXA VULNERABILIDADE,FAIXA 3,10000,0.160,False,,False,,False,,False,,False,,False
421055,SC,MAREMA,0.134,MUITO BAIXA VULNERABILIDADE,False,True,CADASTRO RESERVA,0,MUITO BAIXA VULNERABILIDADE,FAIXA 3,10000,0.161,False,,False,,False,,False,,False,,False
421060,SC,MASSARANDUBA,0.132,MUITO BAIXA VULNERABILIDADE,False,False,CADASTRO RESERVA,0,MUITO BAIXA VULNERABILIDADE,FAIXA 3,10000,0.118,False,,False,,False,,False,,False,,False
421070,SC,MATOS COSTA,0.408,ALTA VULNERABILIDADE,False,False,CADASTRO RESERVA,0,ALTA VULNERABILIDADE,FAIXA 1,20000,0.503,False,,False,,False,,False,,False,,False
421080,SC,MELEIRO,0.161,MUITO BAIXA VULNERABILIDADE,False,False,CADASTRO RESERVA,0,MUITO BAIXA VULNERABILIDADE,FAIXA 3,10000,0.130,False,,False,,False,,False,,False,,False
421085,SC,MIRIM DOCE,0.187,MUITO BAIXA VULNERABILIDADE,False,False,NÃO ELEGIVEL,0,MUITO BAIXA VULNERABILIDADE,FAIXA 3,10000,0.180,False,,False,,False,,False,,False,,False
421090,SC,MODELO,0.138,MUITO BAIXA VULNERABILIDADE,False,True,NÃO ELEGIVEL,0,MUITO BAIXA VULNERABILIDADE,FAIXA 3,10000,0.145,False,,False,,False,,False,,False,,False
421100,SC,MONDAI,0.263,BAIXA VULNERABILIDADE,False,True,CADASTRO RESERVA,0,BAIXA VULNERABILIDADE,FAIXA 3,10000,0.161,False,,False,,False,,False,,False,,False
421105,SC,MONTE CARLO,0.348,MEDIA VULNERABILIDADE,False,False,CADASTRO RESERVA,0,MEDIA VULNERABILIDADE,FAIXA 2,15000,0.485,False,,False,,False,,False,,False,,False
421110,SC,MONTE CASTELO,0.350,MEDIA VULNERABILIDADE,False,False,CADASTRO RESERVA,0,MEDIA VULNERABILIDADE,FAIXA 2,15000,0.405,False,,False,,False,,False,,False,,False
421120,SC,MORRO DA FUMACA,0.166,MUITO BAIXA VULNERABILIDADE,False,False,CADASTRO RESERVA,0,MUITO BAIXA VULNERABILIDADE,FAIXA 3,10000,0.171,False,,False,,False,,False,,True,FAIXA 3,True
421125,SC,MORRO GRANDE,0.212,BAIXA VULNERABILIDADE,False,False,CADASTRO RESERVA,0,BAIXA VULNERABILIDADE,FAIXA 3,10000,0.191,False,,False,,False,,False,,False,,False
421130,SC,NAVEGANTES,0.212,BAIXA VULNERABILIDADE,False,False,CADASTRO RESERVA,0,BAIXA VULNERABILIDADE,FAIXA 3,10000,0.274,False,,False,,False,,False,,False,,False
421140,SC,NOVA ERECHIM,0.211,BAIXA VULNERABILIDADE,False,True,CADASTRO RESERVA,0,BAIXA VULNERABILIDADE,FAIXA 3,10000,0.194,False,,False,,False,,False,,False,,False
421145,SC,NOVA ITABERABA,0.230,BAIXA VULNERABILIDADE,False,True,CADASTRO RESERVA,0,BAIXA VULNERABILIDADE,FAIXA 3,10000,0.308,False,,False,,False,,False,,False,,False
421150,SC,NOVA TRENTO,0.136,MUITO BAIXA VULNERABILIDADE,False,False,CADASTRO RESERVA,0,MUITO BAIXA VULNERABILIDADE,FAIXA 3,10000,0.129,False,,False,,False,,False,,False,,False
421160,SC,NOVA VENEZA,0.133,MUITO BAIXA VULNERABILIDADE,False,False,CONFIRMAÇÃO DE VAGAS (ADERIDOS),1,MUITO BAIXA VULNERABILIDADE,FAIXA 3,10000,0.212,False,,False,,False,,False,,True,FAIXA 3,True
421165,SC,NOVO HORIZONTE,0.228,BAIXA VULNERABILIDADE,False,True,CADASTRO RESERVA,0,BAIXA VULNERABILIDADE,FAIXA 3,10000,0.252,False,,False,,False,,False,,False,,False
421170,SC,ORLEANS,0.178,MUITO BAIXA VULNERABILIDADE,False,False,NÃO ELEGIVEL,0,MUITO BAIXA VULNERABILIDADE,FAIXA 3,10000,0.179,False,,False,,False,,False,,True,FAIXA 3,True
421175,SC,OTACILIO COSTA,0.210,BAIXA VULNERABILIDADE,False,False,CONFIRMAÇÃO DE VAGAS (ADERIDOS),1,BAIXA VULNERABILIDADE,FAIXA 3,10000,0.230,False,,False,,False,,False,,False,,False
421180,SC,OURO,0.210,BAIXA VULNERABILIDADE,False,False,CADASTRO RESERVA,0,BAIXA VULNERABILIDADE,FAIXA 3,10000,0.185,False,,False,,False,,False,,False,,False
421185,SC,OURO VERDE,0.242,BAIXA VULNERABILIDADE,False,True,CADASTRO RESERVA,0,BAIXA VULNERABILIDADE,FAIXA 3,10000,0.342,False,,False,,False,,False,,False,,False
421187,SC,PAIAL,0.347,MEDIA VULNERABILIDADE,False,True,NÃO ELEGIVEL,0,MEDIA VULNERABILIDADE,FAIXA 2,15000,0.355,False,,False,,False,,False,,False,,False
421189,SC,PAINEL,0.249,BAIXA VULNERABILIDADE,False,False,CADASTRO RESERVA,0,BAIXA VULNERABILIDADE,FAIXA 3,10000,0.231,False,,False,,False,,False,,False,,False
421190,SC,PALHOCA,0.219,BAIXA VULNERABILIDADE,False,False,CADASTRO RESERVA,0,BAIXA VULNERABILIDADE,FAIXA 3,10000,0.259,False,,False,,False,,False,,False,,False
421200,SC,PALMA SOLA,0.266,BAIXA VULNERABILIDADE,False,True,NÃO ELEGIVEL,0,BAIXA VULNERABILIDADE,FAIXA 3,10000,0.454,False,,False,,False,,False,,False,,False
421205,SC,PALMEIRA,0.319,MEDIA VULNERABILIDADE,False,False,CADASTRO RESERVA,0,MEDIA VULNERABILIDADE,FAIXA 2,15000,0.395,False,,False,,False,,False,,False,,False
421210,SC,PALMITOS,0.190,MUITO BAIXA VULNERABILIDADE,False,True,NÃO ELEGIVEL,0,MUITO BAIXA VULNERABILIDADE,FAIXA 3,10000,0.283,False,,False,,True,FAIXA 3,True,FAIXA 3,False,,True
421220,SC,PAPANDUVA,0.263,BAIXA VULNERABILIDADE,False,False,CONFIRMAÇÃO DE VAGAS (ADERIDOS),1,BAIXA VULNERABILIDADE,FAIXA 3,10000,0.238,False,,False,,False,,False,,False,,False
421223,SC,PARAISO,0.274,BAIXA VULNERABILIDADE,False,True,CADASTRO RESERVA,0,BAIXA VULNERABILIDADE,FAIXA 3,10000,0.423,False,,False,,False,,False,,False,,False
421225,SC,PASSO DE TORRES,0.203,BAIXA VULNERABILIDADE,False,False,CADASTRO RESERVA,0,BAIXA VULNERABILIDADE,FAIXA 3,10000,0.225,False,,False,,False,,False,,False,,False
421227,SC,PASSOS MAIA,0.281,BAIXA VULNERABILIDADE,False,False,CADASTRO RESERVA,0,BAIXA VULNERABILIDADE,FAIXA 3,10000,0.355,False,,False,,False,,False,,False,,False
421230,SC,PAULO LOPES,0.227,BAIXA VULNERABILIDADE,False,False,CADASTRO RESERVA,0,BAIXA VULNERABILIDADE,FAIXA 3,10000,0.196,False,,False,,False,,False,,False,,False
421240,SC,PEDRAS GRANDES,0.159,MUITO BAIXA VULNERABILIDADE,False,False,CADASTRO RESERVA,0,MUITO BAIXA VULNERABILIDADE,FAIXA 3,10000,0.086,False,,False,,False,,False,,False,,False
421250,SC,PENHA,0.187,MUITO BAIXA VULNERABILIDADE,False,False,CONFIRMAÇÃO DE VAGAS (ADERIDOS),1,MUITO BAIXA VULNERABILIDADE,FAIXA 3,10000,0.187,False,,False,,False,,False,,True,FAIXA 3,True
421260,SC,PERITIBA,0.310,MEDIA VULNERABILIDADE,False,False,NÃO ELEGIVEL,0,MEDIA VULNERABILIDADE,FAIXA 2,15000,0.132,False,,False,,False,,False,,False,,False
421265,SC,PESCARIA BRAVA,0.187,MUITO BAIXA VULNERABILIDADE,False,False,CADASTRO RESERVA,0,MUITO BAIXA VULNERABILIDADE,FAIXA 3,10000,,False,,False,,False,,False,,False,,False
421270,SC,PETROLANDIA,0.281,BAIXA VULNERABILIDADE,False,False,CADASTRO RESERVA,0,BAIXA VULNERABILIDADE,FAIXA 3,10000,0.256,False,,False,,False,,False,,False,,False
421280,SC,BALNEARIO PICARRAS,0.201,BAIXA VULNERABILIDADE,False,False,CADASTRO RESERVA,0,BAIXA VULNERABILIDADE,FAIXA 3,10000,0.231,False,,False,,False,,False,,True,FAIXA 3,True
421290,SC,PINHALZINHO,0.133,MUITO BAIXA VULNERABILIDADE,False,True,CADASTRO RESERVA,0,MUITO BAIXA VULNERABILIDADE,FAIXA 3,10000,0.220,False,,False,,False,,False,,False,,False
421300,SC,PINHEIRO PRETO,0.144,MUITO BAIXA VULNERABILIDADE,False,False,CADASTRO RESERVA,0,MUITO BAIXA VULNERABILIDADE,FAIXA 3,10000,0.142,False,,False,,False,,False,,False,,False
421310,SC,PIRATUBA,0.151,MUITO BAIXA VULNERABILIDADE,False,False,CADASTRO RESERVA,0,MUITO BAIXA VULNERABILIDADE,FAIXA 3,10000,0.096,False,,False,,False,,False,,False,,False
421315,SC,PLANALTO ALEGRE,0.233,BAIXA VULNERABILIDADE,False,True,CADASTRO RESERVA,0,BAIXA VULNERABILIDADE,FAIXA 3,10000,0.240,False,,False,,False,,False,,False,,False
421320,SC,POMERODE,0.117,MUITO BAIXA VULNERABILIDADE,False,False,NÃO ELEGIVEL,0,MUITO BAIXA VULNERABILIDADE,FAIXA 3,10000,0.114,False,,False,,False,,False,,False,,False
421330,SC,PONTE ALTA,0.272,BAIXA VULNERABILIDADE,False,False,CADASTRO RESERVA,0,BAIXA VULNERABILIDADE,FAIXA 3,10000,0.326,False,,False,,False,,False,,False,,False
421335,SC,PONTE ALTA DO NORTE,0.267,BAIXA VULNERABILIDADE,False,False,CADASTRO RESERVA,0,BAIXA VULNERABILIDADE,FAIXA 3,10000,0.358,False,,False,,False,,False,,False,,False
421340,SC,PONTE SERRADA,0.345,MEDIA VULNERABILIDADE,False,False,CADASTRO RESERVA,0,MEDIA VULNERABILIDADE,FAIXA 2,15000,0.311,False,,False,,False,,False,,False,,False
421350,SC,PORTO BELO,0.144,MUITO BAIXA VULNERABILIDADE,False,False,CADASTRO RESERVA,0,MUITO BAIXA VULNERABILIDADE,FAIXA 3,10000,0.145,False,,False,,False,,False,,True,FAIXA 3,True
421360,SC,PORTO UNIAO,0.191,MUITO BAIXA VULNERABILIDADE,False,False,CADASTRO RESERVA,0,MUITO BAIXA VULNERABILIDADE,FAIXA 3,10000,0.301,False,,True,FAIXA 3,True,FAIXA 3,True,FAIXA 3,True,FAIXA 3,True
421370,SC,POUSO REDONDO,0.175,MUITO BAIXA VULNERABILIDADE,False,False,CADASTRO RESERVA,0,MUITO BAIXA VULNERABILIDADE,FAIXA 3,10000,0.217,False,,False,,False,,False,,False,,False
421380,SC,PRAIA GRANDE,0.206,BAIXA VULNERABILIDADE,False,False,CADASTRO RESERVA,0,BAIXA VULNERABILIDADE,FAIXA 3,10000,0.168,False,,False,,False,,False,,False,,False
421390,SC,PRESIDENTE CASTELLO BRANCO,0.178,MUITO BAIXA VULNERABILIDADE,False,False,NÃO ELEGIVEL,0,MUITO BAIXA VULNERABILIDADE,FAIXA 3,10000,0.190,False,,False,,False,,False,,False,,False
421400,SC,PRESIDENTE GETULIO,0.180,MUITO BAIXA VULNERABILIDADE,False,False,CADASTRO RESERVA,0,MUITO BAIXA VULNERABILIDADE,FAIXA 3,10000,0.261,False,,False,,False,,False,,False,,False
421410,SC,PRESIDENTE NEREU,0.181,MUITO BAIXA VULNERABILIDADE,False,False,CADASTRO RESERVA,0,MUITO BAIXA VULNERABILIDADE,FAIXA 3,10000,0.170,False,,False,,False,,False,,False,,False
421415,SC,PRINCESA,0.226,BAIXA VULNERABILIDADE,False,True,CADASTRO RESERVA,0,BAIXA VULNERABILIDADE,FAIXA 3,10000,0.213,False,,False,,False,,False,,False,,False
421420,SC,QUILOMBO,0.244,BAIXA VULNERABILIDADE,False,True,CONFIRMAÇÃO DE VAGAS (ADERIDOS),1,BAIXA VULNERABILIDADE,FAIXA 3,10000,0.312,False,,False,,False,,False,,False,,False
421430,SC,RANCHO QUEIMADO,0.165,MUITO BAIXA VULNERABILIDADE,False,False,CADASTRO RESERVA,0,MUITO BAIXA VULNERABILIDADE,FAIXA 3,10000,0.200,False,,False,,False,,False,,False,,False
421440,SC,RIO DAS ANTAS,0.192,MUITO BAIXA VULNERABILIDADE,False,False,NÃO ELEGIVEL,0,MUITO BAIXA VULNERABILIDADE,FAIXA 3,10000,0.194,False,,False,,False,,False,,False,,False
421450,SC,RIO DO CAMPO,0.220,BAIXA VULNERABILIDADE,False,False,CADASTRO RESERVA,0,BAIXA VULNERABILIDADE,FAIXA 3,10000,0.139,False,,False,,False,,False,,False,,False
421460,SC,RIO DO OESTE,0.206,BAIXA VULNERABILIDADE,False,False,CADASTRO RESERVA,0,BAIXA VULNERABILIDADE,FAIXA 3,10000,0.153,False,,False,,False,,False,,False,,False
421470,SC,RIO DOS CEDROS,0.138,MUITO BAIXA VULNERABILIDADE,False,False,CADASTRO RESERVA,0,MUITO BAIXA VULNERABILIDADE,FAIXA 3,10000,0.121,False,,False,,False,,False,,False,,False
421480,SC,RIO DO SUL,0.143,MUITO BAIXA VULNERABILIDADE,False,False,CADASTRO RESERVA,0,MUITO BAIXA VULNERABILIDADE,FAIXA 3,10000,0.150,True,FAIXA 3,True,FAIXA 3,True,FAIXA 3,True,FAIXA 3,False,,True
421490,SC,RIO FORTUNA,0.167,MUITO BAIXA VULNERABILIDADE,False,False,CADASTRO RESERVA,0,MUITO BAIXA VULNERABILIDADE,FAIXA 3,10000,0.111,False,,False,,False,,False,,True,FAIXA 3,True
421500,SC,RIO NEGRINHO,0.265,BAIXA VULNERABILIDADE,False,False,CADASTRO RESERVA,0,BAIXA VULNERABILIDADE,FAIXA 3,10000,0.358,False,,False,,False,,False,,False,,False
421505,SC,RIO RUFINO,0.222,BAIXA VULNERABILIDADE,False,False,CADASTRO RESERVA,0,BAIXA VULNERABILIDADE,FAIXA 3,10000,0.327,False,,False,,False,,False,,False,,False
421507,SC,RIQUEZA,0.250,BAIXA VULNERABILIDADE,False,True,CADASTRO RESERVA,0,BAIXA VULNERABILIDADE,FAIXA 3,10000,0.307,False,,False,,False,,False,,False,,False
421510,SC,RODEIO,0.229,BAIXA VULNERABILIDADE,False,False,CONFIRMAÇÃO DE VAGAS (ADERIDOS),1,BAIXA VULNERABILIDADE,FAIXA 3,10000,0.118,False,,False,,False,,False,,False,,False
421520,SC,ROMELANDIA,0.243,BAIXA VULNERABILIDADE,False,True,CADASTRO RESERVA,0,BAIXA VULNERABILIDADE,FAIXA 3,10000,0.332,False,,False,,False,,False,,False,,False
421530,SC,SALETE,0.206,BAIXA VULNERABILIDADE,False,False,CADASTRO RESERVA,0,BAIXA VULNERABILIDADE,FAIXA 3,10000,0.148,False,,False,,False,,False,,False,,False
421535,SC,SALTINHO,0.311,MEDIA VULNERABILIDADE,False,True,CADASTRO RESERVA,0,MEDIA VULNERABILIDADE,FAIXA 2,15000,0.511,False,,False,,False,,False,,False,,False
421540,SC,SALTO VELOSO,0.145,MUITO BAIXA VULNERABILIDADE,False,False,CADASTRO RESERVA,0,MUITO BAIXA VULNERABILIDADE,FAIXA 3,10000,0.280,False,,False,,False,,False,,False,,False
421545,SC,SANGAO,0.214,BAIXA VULNERABILIDADE,False,False,CONFIRMAÇÃO DE VAGAS (ADERIDOS),1,BAIXA VULNERABILIDADE,FAIXA 3,10000,0.207,False,,False,,False,,False,,False,,False
421550,SC,SANTA CECILIA,0.282,BAIXA VULNERABILIDADE,False,False,CADASTRO RESERVA,0,BAIXA VULNERABILIDADE,FAIXA 3,10000,0.365,False,,False,,False,,False,,False,,False
421555,SC,SANTA HELENA,0.206,BAIXA VULNERABILIDADE,False,True,CADASTRO RESERVA,0,BAIXA VULNERABILIDADE,FAIXA 3,10000,0.277,False,,False,,False,,False,,False,,False
421560,SC,SANTA ROSA DE LIMA,0.166,MUITO BAIXA VULNERABILIDADE,False,False,CADASTRO RESERVA,0,MUITO BAIXA VULNERABILIDADE,FAIXA 3,10000,0.174,False,,False,,False,,False,,False,,False
421565,SC,SANTA ROSA DO SUL,0.179,MUITO BAIXA VULNERABILIDADE,False,False,CADASTRO RESERVA,0,MUITO BAIXA VULNERABILIDADE,FAIXA 3,10000,0.129,False,,False,,False,,False,,False,,False
421567,SC,SANTA TEREZINHA,0.241,BAIXA VULNERABILIDADE,False,False,CADASTRO RESERVA,0,BAIXA VULNERABILIDADE,FAIXA 3,10000,0.371,False,,False,,False,,False,,False,,False
421568,SC,SANTA TEREZINHA DO PROGRESSO,0.310,MEDIA VULNERABILIDADE,False,True,NÃO ELEGIVEL,0,MEDIA VULNERABILIDADE,FAIXA 2,15000,0.291,False,,False,,False,,False,,False,,False
421569,SC,SANTIAGO DO SUL,0.182,MUITO BAIXA VULNERABILIDADE,False,True,NÃO ELEGIVEL,0,MUITO BAIXA VULNERABILIDADE,FAIXA 3,10000,0.148,False,,False,,False,,False,,False,,False
421570,SC,SANTO AMARO DA IMPERATRIZ,0.219,BAIXA VULNERABILIDADE,False,False,CONFIRMAÇÃO DE VAGAS (ADERIDOS),1,BAIXA VULNERABILIDADE,FAIXA 3,10000,0.236,False,,False,,False,,False,,False,,False
421575,SC,SAO BERNARDINO,0.361,MEDIA VULNERABILIDADE,False,True,CADASTRO RESERVA,0,MEDIA VULNERABILIDADE,FAIXA 2,15000,0.359,False,,False,,False,,False,,False,,False
421580,SC,SAO BENTO DO SUL,0.150,MUITO BAIXA VULNERABILIDADE,False,False,CADASTRO RESERVA,0,MUITO BAIXA VULNERABILIDADE,FAIXA 3,10000,0.194,True,FAIXA 3,False,,True,FAIXA 3,True,FAIXA 3,False,,True
421590,SC,SAO BONIFACIO,0.204,BAIXA VULNERABILIDADE,False,False,CADASTRO RESERVA,0,BAIXA VULNERABILIDADE,FAIXA 3,10000,0.198,False,,False,,False,,False,,False,,False
421600,SC,SAO CARLOS,0.197,MUITO BAIXA VULNERABILIDADE,False,True,CADASTRO RESERVA,0,MUITO BAIXA VULNERABILIDADE,FAIXA 3,10000,0.202,False,,False,,False,,False,,False,,False
421605,SC,SAO CRISTOVAO DO SUL,0.354,MEDIA VULNERABILIDADE,False,False,CADASTRO RESERVA,0,MEDIA VULNERABILIDADE,FAIXA 2,15000,0.497,False,,False,,False,,False,,False,,False
421610,SC,SAO DOMINGOS,0.224,BAIXA VULNERABILIDADE,False,True,CONFIRMAÇÃO DE VAGAS (ADERIDOS),1,BAIXA VULNERABILIDADE,FAIXA 3,10000,0.329,False,,False,,False,,False,,False,,False
421620,SC,SAO FRANCISCO DO SUL,0.200,MUITO BAIXA VULNERABILIDADE,False,False,CADASTRO RESERVA,0,MUITO BAIXA VULNERABILIDADE,FAIXA 3,10000,0.252,False,,False,,False,,False,,True,FAIXA 3,True
421625,SC,SAO JOAO DO OESTE,0.174,MUITO BAIXA VULNERABILIDADE,False,True,CONFIRMAÇÃO DE VAGAS (ADERIDOS),1,MUITO BAIXA VULNERABILIDADE,FAIXA 3,10000,0.127,False,,False,,False,,False,,False,,False
421630,SC,SAO JOAO BATISTA,0.204,BAIXA VULNERABILIDADE,False,False,CADASTRO RESERVA,0,BAIXA VULNERABILIDADE,FAIXA 3,10000,0.177,False,,False,,False,,False,,True,FAIXA 3,True
421635,SC,SAO JOAO DO ITAPERIU,0.144,MUITO BAIXA VULNERABILIDADE,False,False,CONFIRMAÇÃO DE VAGAS (ADERIDOS),1,MUITO BAIXA VULNERABILIDADE,FAIXA 3,10000,0.174,False,,False,,False,,False,,False,,False
421640,SC,SAO JOAO DO SUL,0.208,BAIXA VULNERABILIDADE,False,False,CADASTRO RESERVA,0,BAIXA VULNERABILIDADE,FAIXA 3,10000,0.144,False,,False,,False,,False,,False,,False
421650,SC,SAO JOAQUIM,0.257,BAIXA VULNERABILIDADE,False,False,CONFIRMAÇÃO DE VAGAS (ADERIDOS),2,BAIXA VULNERABILIDADE,FAIXA 3,10000,0.238,False,,False,,False,,False,,False,,False
421660,SC,SAO JOSE,0.180,MUITO BAIXA VULNERABILIDADE,False,False,CADASTRO RESERVA,0,MUITO BAIXA VULNERABILIDADE,FAIXA 3,10000,0.242,False,,False,,True,FAIXA 3,True,FAIXA 3,True,FAIXA 3,True
421670,SC,SAO JOSE DO CEDRO,0.197,MUITO BAIXA VULNERABILIDADE,False,True,CADASTRO RESERVA,0,MUITO BAIXA VULNERABILIDADE,FAIXA 3,10000,0.341,False,,False,,False,,False,,False,,False
421680,SC,SAO JOSE DO CERRITO,0.276,BAIXA VULNERABILIDADE,False,False,CADASTRO RESERVA,0,BAIXA VULNERABILIDADE,FAIXA 3,10000,0.318,False,,False,,False,,False,,False,,False
421690,SC,SAO LOURENCO DO OESTE,0.229,BAIXA VULNERABILIDADE,False,True,CADASTRO RESERVA,0,BAIXA VULNERABILIDADE,FAIXA 3,10000,0.446,False,,False,,False,,False,,False,,False
421700,SC,SAO LUDGERO,0.190,MUITO BAIXA VULNERABILIDADE,False,False,CADASTRO RESERVA,0,MUITO BAIXA VULNERABILIDADE,FAIXA 3,10000,0.167,False,,False,,False,,False,,False,,False
421710,SC,SAO MARTINHO,0.166,MUITO BAIXA VULNERABILIDADE,False,False,CADASTRO RESERVA,0,MUITO BAIXA VULNERABILIDADE,FAIXA 3,10000,0.169,False,,False,,False,,False,,False,,False
421715,SC,SAO MIGUEL DA BOA VISTA,0.209,BAIXA VULNERABILIDADE,False,True,CADASTRO RESERVA,0,BAIXA VULNERABILIDADE,FAIXA 3,10000,0.227,False,,False,,False,,False,,False,,False
421720,SC,SAO MIGUEL DO OESTE,0.152,MUITO BAIXA VULNERABILIDADE,False,True,CONFIRMAÇÃO DE VAGAS (ADERIDOS),1,MUITO BAIXA VULNERABILIDADE,FAIXA 3,10000,0.243,True,FAIXA 3,True,FAIXA 3,True,FAIXA 3,True,FAIXA 3,True,FAIXA 3,True
421725,SC,SAO PEDRO DE ALCANTARA,0.235,BAIXA VULNERABILIDADE,False,False,CADASTRO RESERVA,0,BAIXA VULNERABILIDADE,FAIXA 3,10000,0.096,False,,False,,False,,False,,False,,False
421730,SC,SAUDADES,0.126,MUITO BAIXA VULNERABILIDADE,False,True,CADASTRO RESERVA,0,MUITO BAIXA VULNERABILIDADE,FAIXA 3,10000,0.079,False,,False,,False,,False,,False,,False
421740,SC,SCHROEDER,0.120,MUITO BAIXA VULNERABILIDADE,False,False,NÃO ELEGIVEL,0,MUITO BAIXA VULNERABILIDADE,FAIXA 3,10000,0.130,False,,False,,False,,False,,False,,False
421750,SC,SEARA,0.197,MUITO BAIXA VULNERABILIDADE,False,True,CADASTRO RESERVA,0,MUITO BAIXA VULNERABILIDADE,FAIXA 3,10000,0.184,False,,False,,False,,False,,False,,False
421755,SC,SERRA ALTA,0.205,BAIXA VULNERABILIDADE,False,True,CADASTRO RESERVA,0,BAIXA VULNERABILIDADE,FAIXA 3,10000,0.185,False,,False,,False,,False,,False,,False
421760,SC,SIDEROPOLIS,0.132,MUITO BAIXA VULNERABILIDADE,False,False,CADASTRO RESERVA,0,MUITO BAIXA VULNERABILIDADE,FAIXA 3,10000,0.179,False,,False,,False,,False,,True,FAIXA 3,True
421770,SC,SOMBRIO,0.202,BAIXA VULNERABILIDADE,False,False,CADASTRO RESERVA,0,BAIXA VULNERABILIDADE,FAIXA 3,10000,0.179,False,,True,FAIXA 3,True,FAIXA 3,True,FAIXA 3,True,FAIXA 3,True
421775,SC,SUL BRASIL,0.299,BAIXA VULNERABILIDADE,False,True,CADASTRO RESERVA,0,BAIXA VULNERABILIDADE,FAIXA 3,10000,0.321,False,,False,,False,,False,,False,,False
421780,SC,TAIO,0.193,MUITO BAIXA VULNERABILIDADE,False,False,NÃO ELEGIVEL,0,MUITO BAIXA VULNERABILIDADE,FAIXA 3,10000,0.226,False,,False,,False,,False,,False,,False
421790,SC,TANGARA,0.182,MUITO BAIXA VULNERABILIDADE,False,False,NOVA ADESÃO,1,MUITO BAIXA VULNERABILIDADE,FAIXA 3,10000,0.202,False,,False,,False,,False,,True,FAIXA 3,True
421795,SC,TIGRINHOS,0.214,BAIXA VULNERABILIDADE,False,True,CADASTRO RESERVA,0,BAIXA VULNERABILIDADE,FAIXA 3,10000,0.209,False,,False,,False,,False,,False,,False
421800,SC,TIJUCAS,0.194,MUITO BAIXA VULNERABILIDADE,False,False,CADASTRO RESERVA,0,MUITO BAIXA VULNERABILIDADE,FAIXA 3,10000,0.222,False,,False,,False,,False,,False,,False
421810,SC,TIMBE DO SUL,0.197,MUITO BAIXA VULNERABILIDADE,False,False,CADASTRO RESERVA,0,MUITO BAIXA VULNERABILIDADE,FAIXA 3,10000,0.190,False,,False,,False,,False,,False,,False
421820,SC,TIMBO,0.099,MUITO BAIXA VULNERABILIDADE,False,False,CONFIRMAÇÃO DE VAGAS (ADERIDOS),1,MUITO BAIXA VULNERABILIDADE,FAIXA 3,10000,0.097,False,,False,,False,,False,,True,FAIXA 3,True
421825,SC,TIMBO GRANDE,0.364,MEDIA VULNERABILIDADE,False,False,CADASTRO RESERVA,0,MEDIA VULNERABILIDADE,FAIXA 2,15000,0.320,False,,False,,False,,False,,False,,False
421830,SC,TRES BARRAS,0.300,BAIXA VULNERABILIDADE,False,False,CONFIRMAÇÃO DE VAGAS (ADERIDOS),1,BAIXA VULNERABILIDADE,FAIXA 3,10000,0.361,False,,False,,False,,False,,False,,False
421835,SC,TREVISO,0.162,MUITO BAIXA VULNERABILIDADE,False,False,CADASTRO RESERVA,0,MUITO BAIXA VULNERABILIDADE,FAIXA 3,10000,0.116,False,,False,,False,,False,,False,,False
421840,SC,TREZE DE MAIO,0.160,MUITO BAIXA VULNERABILIDADE,False,False,CADASTRO RESERVA,0,MUITO BAIXA VULNERABILIDADE,FAIXA 3,10000,0.163,False,,False,,False,,False,,True,FAIXA 3,True
421850,SC,TREZE TILIAS,0.180,MUITO BAIXA VULNERABILIDADE,False,False,NÃO ELEGIVEL,0,MUITO BAIXA VULNERABILIDADE,FAIXA 3,10000,0.260,False,,False,,False,,False,,False,,False
421860,SC,TROMBUDO CENTRAL,0.150,MUITO BAIXA VULNERABILIDADE,False,False,CADASTRO RESERVA,0,MUITO BAIXA VULNERABILIDADE,FAIXA 3,10000,0.184,False,,False,,False,,False,,False,,False
421870,SC,TUBARAO,0.121,MUITO BAIXA VULNERABILIDADE,False,False,CADASTRO RESERVA,0,MUITO BAIXA VULNERABILIDADE,FAIXA 3,10000,0.153,True,FAIXA 3,True,FAIXA 3,False,,False,,True,FAIXA 3,True
421875,SC,TUNAPOLIS,0.241,BAIXA VULNERABILIDADE,False,True,CADASTRO RESERVA,0,BAIXA VULNERABILIDADE,FAIXA 3,10000,0.128,False,,False,,False,,False,,False,,False
421880,SC,TURVO,0.166,MUITO BAIXA VULNERABILIDADE,False,False,CADASTRO RESERVA,0,MUITO BAIXA VULNERABILIDADE,FAIXA 3,10000,0.145,False,,False,,False,,False,,False,,False
421885,SC,UNIAO DO OESTE,0.209,BAIXA VULNERABILIDADE,False,True,CADASTRO RESERVA,0,BAIXA VULNERABILIDADE,FAIXA 3,10000,0.322,False,,False,,False,,False,,False,,False
421890,SC,URUBICI,0.225,BAIXA VULNERABILIDADE,False,False,CONFIRMAÇÃO DE VAGAS (ADERIDOS),1,BAIXA VULNERABILIDADE,FAIXA 3,10000,0.292,False,,False,,False,,False,,False,,False
421895,SC,URUPEMA,0.260,BAIXA VULNERABILIDADE,False,False,NÃO ELEGIVEL,0,BAIXA VULNERABILIDADE,FAIXA 3,10000,0.309,False,,False,,False,,False,,False,,False
421900,SC,URUSSANGA,0.117,MUITO BAIXA VULNERABILIDADE,False,False,CADASTRO RESERVA,0,MUITO BAIXA VULNERABILIDADE,FAIXA 3,10000,0.104,False,,False,,False,,False,,True,FAIXA 3,True
421910,SC,VARGEAO,0.234,BAIXA VULNERABILIDADE,False,True,NÃO ELEGIVEL,0,BAIXA VULNERABILIDADE,FAIXA 3,10000,0.179,False,,False,,False,,False,,False,,False
421915,SC,VARGEM,0.252,BAIXA VULNERABILIDADE,False,False,CADASTRO RESERVA,0,BAIXA VULNERABILIDADE,FAIXA 3,10000,0.204,False,,False,,False,,False,,False,,False
421917,SC,VARGEM BONITA,0.308,MEDIA VULNERABILIDADE,False,False,CADASTRO RESERVA,0,MEDIA VULNERABILIDADE,FAIXA 2,15000,0.431,False,,False,,False,,False,,False,,False
421920,SC,VIDAL RAMOS,0.199,MUITO BAIXA VULNERABILIDADE,False,False,CADASTRO RESERVA,0,MUITO BAIXA VULNERABILIDADE,FAIXA 3,10000,0.207,False,,False,,False,,False,,False,,False
421930,SC,VIDEIRA,0.179,MUITO BAIXA VULNERABILIDADE,False,False,CONFIRMAÇÃO DE VAGAS (ADERIDOS),1,MUITO BAIXA VULNERABILIDADE,FAIXA 3,10000,0.222,False,,False,,False,,False,,True,FAIXA 3,True
421935,SC,VITOR MEIRELES,0.337,MEDIA VULNERABILIDADE,False,False,CADASTRO RESERVA,0,MEDIA VULNERABILIDADE,FAIXA 2,15000,0.362,False,,False,,False,,False,,False,,False
421940,SC,WITMARSUM,0.199,MUITO BAIXA VULNERABILIDADE,False,False,CADASTRO RESERVA,0,MUITO BAIXA VULNERABILIDADE,FAIXA 3,10000,0.173,False,,False,,False,,False,,False,,False
421950,SC,XANXERE,0.180,MUITO BAIXA VULNERABILIDADE,False,True,CADASTRO RESERVA,0,MUITO BAIXA VULNERABILIDADE,FAIXA 3,10000,0.230,False,,True,FAIXA 3,False,,False,,True,FAIXA 3,True
421960,SC,XAVANTINA,0.307,MEDIA VULNERABILIDADE,False,True,NÃO ELEGIVEL,0,MEDIA VULNERABILIDADE,FAIXA 2,15000,0.365,False,,False,,False,,False,,False,,False
421970,SC,XAXIM,0.202,BAIXA VULNERABILIDADE,False,True,CADASTRO RESERVA,0,BAIXA VULNERABILIDADE,FAIXA 3,10000,0.319,False,,False,,False,,False,,False,,False
421985,SC,ZORTEA,0.164,MUITO BAIXA VULNERABILIDADE,False,False,NÃO ELEGIVEL,0,MUITO BAIXA VULNERABILIDADE,FAIXA 3,10000,0.216,False,,False,,False,,False,,False,,False
422000,SC,BALNEARIO RINCAO,0.193,MUITO BAIXA VULNERABILIDADE,False,False,CADASTRO RESERVA,0,MUITO BAIXA VULNERABILIDADE,FAIXA 3,10000,,False,,False,,False,,False,,True,FAIXA 3,True
430003,RS,ACEGUA,0.322,MEDIA VULNERABILIDADE,False,True,CADASTRO RESERVA,0,MEDIA VULNERABILIDADE,FAIXA 2,15000,0.529,False,,False,,False,,False,,False,,False
430005,RS,AGUA SANTA,0.164,MUITO BAIXA VULNERABILIDADE,False,False,CADASTRO RESERVA,0,MUITO BAIXA VULNERABILIDADE,FAIXA 3,10000,0.172,False,,False,,False,,False,,False,,False
430010,RS,AGUDO,0.208,BAIXA VULNERABILIDADE,False,False,CONFIRMAÇÃO DE VAGAS (ADERIDOS),1,BAIXA VULNERABILIDADE,FAIXA 3,10000,0.427,False,,False,,False,,False,,False,,False
430020,RS,AJURICABA,0.193,MUITO BAIXA VULNERABILIDADE,False,True,CADASTRO RESERVA,0,MUITO BAIXA VULNERABILIDADE,FAIXA 3,10000,0.329,False,,False,,False,,False,,False,,False
430030,RS,ALECRIM,0.274,BAIXA VULNERABILIDADE,False,True,CONFIRMAÇÃO DE VAGAS (ADERIDOS),1,BAIXA VULNERABILIDADE,FAIXA 3,10000,0.378,False,,False,,False,,False,,False,,False
430040,RS,ALEGRETE,0.211,BAIXA VULNERABILIDADE,False,True,CADASTRO RESERVA,0,BAIXA VULNERABILIDADE,FAIXA 3,10000,0.241,False,,False,,False,,False,,False,,False
430045,RS,ALEGRIA,0.252,BAIXA VULNERABILIDADE,False,True,CADASTRO RESERVA,0,BAIXA VULNERABILIDADE,FAIXA 3,10000,0.154,False,,False,,False,,False,,False,,False
430047,RS,ALMIRANTE TAMANDARE DO SUL,0.176,MUITO BAIXA VULNERABILIDADE,False,True,CADASTRO RESERVA,0,MUITO BAIXA VULNERABILIDADE,FAIXA 3,10000,0.137,False,,False,,False,,False,,False,,False
430050,RS,ALPESTRE,0.289,BAIXA VULNERABILIDADE,False,True,CADASTRO RESERVA,0,BAIXA VULNERABILIDADE,FAIXA 3,10000,0.289,False,,False,,False,,False,,False,,False
430055,RS,ALTO ALEGRE,0.206,BAIXA VULNERABILIDADE,False,False,CADASTRO RESERVA,0,BAIXA VULNERABILIDADE,FAIXA 3,10000,0.221,False,,False,,False,,False,,False,,False
430057,RS,ALTO FELIZ,0.135,MUITO BAIXA VULNERABILIDADE,False,False,NÃO ELEGIVEL,0,MUITO BAIXA VULNERABILIDADE,FAIXA 3,10000,0.114,False,,False,,False,,False,,False,,False
430060,RS,ALVORADA,0.340,MEDIA VULNERABILIDADE,False,False,CONFIRMAÇÃO DE VAGAS (ADERIDOS),1,MEDIA VULNERABILIDADE,FAIXA 2,15000,0.376,False,,False,,True,FAIXA 2,True,FAIXA 2,True,FAIXA 2,True
430063,RS,AMARAL FERRADOR,0.263,BAIXA VULNERABILIDADE,False,False,CADASTRO RESERVA,0,BAIXA VULNERABILIDADE,FAIXA 3,10000,0.354,False,,False,,False,,False,,False,,False
430064,RS,AMETISTA DO SUL,0.310,MEDIA VULNERABILIDADE,False,True,CONFIRMAÇÃO DE VAGAS (ADERIDOS),1,MEDIA VULNERABILIDADE,FAIXA 2,15000,0.414,False,,False,,False,,False,,False,,False
430066,RS,ANDRE DA ROCHA,0.233,BAIXA VULNERABILIDADE,False,False,NÃO ELEGIVEL,0,BAIXA VULNERABILIDADE,FAIXA 3,10000,0.291,False,,False,,False,,False,,False,,False
430070,RS,ANTA GORDA,0.186,MUITO BAIXA VULNERABILIDADE,False,False,CADASTRO RESERVA,0,MUITO BAIXA VULNERABILIDADE,FAIXA 3,10000,0.150,False,,False,,False,,False,,False,,False
430080,RS,ANTONIO PRADO,0.168,MUITO BAIXA VULNERABILIDADE,False,False,CADASTRO RESERVA,0,MUITO BAIXA VULNERABILIDADE,FAIXA 3,10000,0.225,False,,False,,False,,False,,False,,False
430085,RS,ARAMBARE,0.242,BAIXA VULNERABILIDADE,False,False,CADASTRO RESERVA,0,BAIXA VULNERABILIDADE,FAIXA 3,10000,0.268,False,,False,,False,,False,,False,,False
430087,RS,ARARICA,0.226,BAIXA VULNERABILIDADE,False,False,CADASTRO RESERVA,0,BAIXA VULNERABILIDADE,FAIXA 3,10000,0.189,False,,False,,False,,False,,False,,False
430090,RS,ARATIBA,0.255,BAIXA VULNERABILIDADE,False,True,NÃO ELEGIVEL,0,BAIXA VULNERABILIDADE,FAIXA 3,10000,0.152,False,,False,,False,,False,,False,,False
430100,RS,ARROIO DO MEIO,0.102,MUITO BAIXA VULNERABILIDADE,False,False,CADASTRO RESERVA,0,MUITO BAIXA VULNERABILIDADE,FAIXA 3,10000,0.186,False,,False,,False,,False,,False,,False
430105,RS,ARROIO DO SAL,0.205,BAIXA VULNERABILIDADE,False,False,CADASTRO RESERVA,0,BAIXA VULNERABILIDADE,FAIXA 3,10000,0.231,False,,False,,False,,False,,False,,False
430107,RS,ARROIO DO PADRE,0.238,BAIXA VULNERABILIDADE,False,True,CADASTRO RESERVA,0,BAIXA VULNERABILIDADE,FAIXA 3,10000,0.248,False,,False,,False,,False,,False,,False
430110,RS,ARROIO DOS RATOS,0.288,BAIXA VULNERABILIDADE,False,False,CADASTRO RESERVA,0,BAIXA VULNERABILIDADE,FAIXA 3,10000,0.311,False,,False,,False,,False,,False,,False
430120,RS,ARROIO DO TIGRE,0.240,BAIXA VULNERABILIDADE,False,False,CADASTRO RESERVA,0,BAIXA VULNERABILIDADE,FAIXA 3,10000,0.331,False,,False,,False,,False,,False,,False
430130,RS,ARROIO GRANDE,0.294,BAIXA VULNERABILIDADE,False,True,CADASTRO RESERVA,0,BAIXA VULNERABILIDADE,FAIXA 3,10000,0.289,False,,False,,False,,False,,False,,False
430140,RS,ARVOREZINHA,0.240,BAIXA VULNERABILIDADE,False,False,CADASTRO RESERVA,0,BAIXA VULNERABILIDADE,FAIXA 3,10000,0.163,False,,False,,False,,False,,False,,False
430150,RS,AUGUSTO PESTANA,0.157,MUITO BAIXA VULNERABILIDADE,False,True,NÃO ELEGIVEL,0,MUITO BAIXA VULNERABILIDADE,FAIXA 3,10000,0.202,False,,False,,False,,False,,False,,False
430155,RS,AUREA,0.206,BAIXA VULNERABILIDADE,False,False,CADASTRO RESERVA,0,BAIXA VULNERABILIDADE,FAIXA 3,10000,0.347,False,,False,,False,,False,,False,,False
430160,RS,BAGE,0.265,BAIXA VULNERABILIDADE,False,True,CADASTRO RESERVA,0,BAIXA VULNERABILIDADE,FAIXA 3,10000,0.299,False,,False,,False,,False,,False,,False
430163,RS,BALNEARIO PINHAL,0.260,BAIXA VULNERABILIDADE,False,False,CADASTRO RESERVA,0,BAIXA VULNERABILIDADE,FAIXA 3,10000,0.242,False,,False,,False,,False,,False,,False
430165,RS,BARAO,0.158,MUITO BAIXA VULNERABILIDADE,False,False,CADASTRO RESERVA,0,MUITO BAIXA VULNERABILIDADE,FAIXA 3,10000,0.111,False,,False,,False,,False,,False,,False
430170,RS,BARAO DE COTEGIPE,0.192,MUITO BAIXA VULNERABILIDADE,False,True,CADASTRO RESERVA,0,MUITO BAIXA VULNERABILIDADE,FAIXA 3,10000,0.330,False,,False,,False,,False,,False,,False
430175,RS,BARAO DO TRIUNFO,0.302,MEDIA VULNERABILIDADE,False,False,CADASTRO RESERVA,0,MEDIA VULNERABILIDADE,FAIXA 2,15000,0.304,False,,False,,False,,False,,False,,False
430180,RS,BARRACAO,0.278,BAIXA VULNERABILIDADE,False,False,NÃO ELEGIVEL,0,BAIXA VULNERABILIDADE,FAIXA 3,10000,0.265,False,,False,,False,,False,,False,,False
430185,RS,BARRA DO GUARITA,0.243,BAIXA VULNERABILIDADE,False,True,CADASTRO RESERVA,0,BAIXA VULNERABILIDADE,FAIXA 3,10000,0.179,False,,False,,False,,False,,False,,False
430187,RS,BARRA DO QUARAI,0.259,BAIXA VULNERABILIDADE,False,True,CONFIRMAÇÃO DE VAGAS (ADERIDOS),1,BAIXA VULNERABILIDADE,FAIXA 3,10000,0.276,False,,False,,False,,False,,False,,False
430190,RS,BARRA DO RIBEIRO,0.266,BAIXA VULNERABILIDADE,False,False,CADASTRO RESERVA,0,BAIXA VULNERABILIDADE,FAIXA 3,10000,0.251,False,,False,,False,,False,,False,,False
430192,RS,BARRA DO RIO AZUL,0.343,MEDIA VULNERABILIDADE,False,True,CADASTRO RESERVA,0,MEDIA VULNERABILIDADE,FAIXA 2,15000,0.348,False,,False,,False,,False,,False,,False
430195,RS,BARRA FUNDA,0.158,MUITO BAIXA VULNERABILIDADE,False,True,NÃO ELEGIVEL,0,MUITO BAIXA VULNERABILIDADE,FAIXA 3,10000,0.126,False,,False,,False,,False,,False,,False
430200,RS,BARROS CASSAL,0.280,BAIXA VULNERABILIDADE,False,False,CADASTRO RESERVA,0,BAIXA VULNERABILIDADE,FAIXA 3,10000,0.333,False,,False,,False,,False,,False,,False
430205,RS,BENJAMIN CONSTANT DO SUL,0.398,MEDIA VULNERABILIDADE,False,True,CADASTRO RESERVA,0,MEDIA VULNERABILIDADE,FAIXA 2,15000,0.345,False,,False,,False,,False,,False,,False
430210,RS,BENTO GONCALVES,0.151,MUITO BAIXA VULNERABILIDADE,False,False,CADASTRO RESERVA,0,MUITO BAIXA VULNERABILIDADE,FAIXA 3,10000,0.175,False,,False,,False,,False,,False,,False
430215,RS,BOA VISTA DAS MISSOES,0.261,BAIXA VULNERABILIDADE,False,True,CADASTRO RESERVA,0,BAIXA VULNERABILIDADE,FAIXA 3,10000,0.234,False,,False,,False,,False,,False,,False
430220,RS,BOA VISTA DO BURICA,0.106,MUITO BAIXA VULNERABILIDADE,False,True,NÃO ELEGIVEL,0,MUITO BAIXA VULNERABILIDADE,FAIXA 3,10000,0.088,False,,False,,False,,False,,False,,False
430222,RS,BOA VISTA DO CADEADO,0.225,BAIXA VULNERABILIDADE,False,True,CADASTRO RESERVA,0,BAIXA VULNERABILIDADE,FAIXA 3,10000,0.247,False,,False,,False,,False,,False,,False
430223,RS,BOA VISTA DO INCRA,0.217,BAIXA VULNERABILIDADE,False,False,CADASTRO RESERVA,0,BAIXA VULNERABILIDADE,FAIXA 3,10000,0.286,False,,False,,False,,False,,False,,False
430225,RS,BOA VISTA DO SUL,0.157,MUITO BAIXA VULNERABILIDADE,False,False,NÃO ELEGIVEL,0,MUITO BAIXA VULNERABILIDADE,FAIXA 3,10000,0.175,False,,False,,False,,False,,False,,False
430230,RS,BOM JESUS,0.312,MEDIA VULNERABILIDADE,False,False,NOVA ADESÃO,1,MEDIA VULNERABILIDADE,FAIXA 2,15000,0.429,False,,False,,False,,False,,False,,False
430235,RS,BOM PRINCIPIO,0.158,MUITO BAIXA VULNERABILIDADE,False,False,CADASTRO RESERVA,0,MUITO BAIXA VULNERABILIDADE,FAIXA 3,10000,0.120,False,,False,,False,,False,,False,,False
430237,RS,BOM PROGRESSO,0.216,BAIXA VULNERABILIDADE,False,True,CONFIRMAÇÃO DE VAGAS (ADERIDOS),1,BAIXA VULNERABILIDADE,FAIXA 3,10000,0.183,False,,False,,False,,False,,False,,False
430240,RS,BOM RETIRO DO SUL,0.138,MUITO BAIXA VULNERABILIDADE,False,False,CADASTRO RESERVA,0,MUITO BAIXA VULNERABILIDADE,FAIXA 3,10000,0.104,False,,False,,False,,False,,False,,False
430245,RS,BOQUEIRAO DO LEAO,0.244,BAIXA VULNERABILIDADE,False,False,CADASTRO RESERVA,0,BAIXA VULNERABILIDADE,FAIXA 3,10000,0.306,False,,False,,True,FAIXA 3,True,FAIXA 3,False,,True
430250,RS,BOSSOROCA,0.291,BAIXA VULNERABILIDADE,False,True,CADASTRO RESERVA,0,BAIXA VULNERABILIDADE,FAIXA 3,10000,0.229,False,,False,,False,,False,,False,,False
430258,RS,BOZANO,0.199,MUITO BAIXA VULNERABILIDADE,False,True,NÃO ELEGIVEL,0,MUITO BAIXA VULNERABILIDADE,FAIXA 3,10000,0.205,False,,False,,False,,False,,False,,False
430260,RS,BRAGA,0.320,MEDIA VULNERABILIDADE,False,True,CONFIRMAÇÃO DE VAGAS (ADERIDOS),1,MEDIA VULNERABILIDADE,FAIXA 2,15000,0.298,False,,False,,False,,False,,False,,False
430265,RS,BROCHIER,0.146,MUITO BAIXA VULNERABILIDADE,False,False,CADASTRO RESERVA,0,MUITO BAIXA VULNERABILIDADE,FAIXA 3,10000,0.109,False,,False,,False,,False,,False,,False
430270,RS,BUTIA,0.379,MEDIA VULNERABILIDADE,False,False,CADASTRO RESERVA,0,MEDIA VULNERABILIDADE,FAIXA 2,15000,0.288,False,,False,,False,,False,,False,,False
430280,RS,CACAPAVA DO SUL,0.252,BAIXA VULNERABILIDADE,False,True,CADASTRO RESERVA,0,BAIXA VULNERABILIDADE,FAIXA 3,10000,0.398,False,,False,,False,,False,,True,FAIXA 3,True
430290,RS,CACEQUI,0.308,MEDIA VULNERABILIDADE,False,True,CADASTRO RESERVA,0,MEDIA VULNERABILIDADE,FAIXA 2,15000,0.307,False,,False,,False,,False,,False,,False
430300,RS,CACHOEIRA DO SUL,0.225,BAIXA VULNERABILIDADE,False,False,CADASTRO RESERVA,0,BAIXA VULNERABILIDADE,FAIXA 3,10000,0.375,False,,False,,False,,False,,False,,False
430310,RS,CACHOEIRINHA,0.239,BAIXA VULNERABILIDADE,False,False,CADASTRO RESERVA,0,BAIXA VULNERABILIDADE,FAIXA 3,10000,0.280,False,,False,,False,,False,,False,,False
430320,RS,CACIQUE DOBLE,0.353,MEDIA VULNERABILIDADE,False,False,CADASTRO RESERVA,0,MEDIA VULNERABILIDADE,FAIXA 2,15000,0.189,False,,False,,False,,False,,False,,False
430330,RS,CAIBATE,0.232,BAIXA VULNERABILIDADE,False,True,CADASTRO RESERVA,0,BAIXA VULNERABILIDADE,FAIXA 3,10000,0.370,False,,False,,False,,False,,False,,False
430340,RS,CAICARA,0.251,BAIXA VULNERABILIDADE,False,True,CADASTRO RESERVA,0,BAIXA VULNERABILIDADE,FAIXA 3,10000,0.247,False,,False,,False,,False,,False,,False
430350,RS,CAMAQUA,0.233,BAIXA VULNERABILIDADE,False,False,CADASTRO RESERVA,0,BAIXA VULNERABILIDADE,FAIXA 3,10000,0.263,False,,False,,False,,False,,False,,False
430355,RS,CAMARGO,0.180,MUITO BAIXA VULNERABILIDADE,False,False,CADASTRO RESERVA,0,MUITO BAIXA VULNERABILIDADE,FAIXA 3,10000,0.186,False,,False,,False,,False,,False,,False
430360,RS,CAMBARA DO SUL,0.323,MEDIA VULNERABILIDADE,False,False,NÃO ELEGIVEL,0,MEDIA VULNERABILIDADE,FAIXA 2,15000,0.301,False,,False,,False,,False,,False,,False
430367,RS,CAMPESTRE DA SERRA,0.269,BAIXA VULNERABILIDADE,False,False,NÃO ELEGIVEL,0,BAIXA VULNERABILIDADE,FAIXA 3,10000,0.144,False,,False,,False,,False,,False,,False
430370,RS,CAMPINA DAS MISSOES,0.204,BAIXA VULNERABILIDADE,False,True,CADASTRO RESERVA,0,BAIXA VULNERABILIDADE,FAIXA 3,10000,0.121,False,,False,,False,,False,,False,,False
430380,RS,CAMPINAS DO SUL,0.199,MUITO BAIXA VULNERABILIDADE,False,True,CADASTRO RESERVA,0,MUITO BAIXA VULNERABILIDADE,FAIXA 3,10000,0.382,False,,False,,False,,False,,False,,False
430390,RS,CAMPO BOM,0.142,MUITO BAIXA VULNERABILIDADE,False,False,CADASTRO RESERVA,0,MUITO BAIXA VULNERABILIDADE,FAIXA 3,10000,0.179,False,,True,FAIXA 3,True,FAIXA 3,False,,False,,True
430400,RS,CAMPO NOVO,0.246,BAIXA VULNERABILIDADE,False,True,CADASTRO RESERVA,0,BAIXA VULNERABILIDADE,FAIXA 3,10000,0.228,False,,False,,False,,False,,False,,False
430410,RS,CAMPOS BORGES,0.293,BAIXA VULNERABILIDADE,False,False,CADASTRO RESERVA,0,BAIXA VULNERABILIDADE,FAIXA 3,10000,0.206,False,,False,,False,,False,,False,,False
430420,RS,CANDELARIA,0.215,BAIXA VULNERABILIDADE,False,False,CADASTRO RESERVA,0,BAIXA VULNERABILIDADE,FAIXA 3,10000,0.199,False,,False,,False,,False,,False,,False
430430,RS,CANDIDO GODOI,0.205,BAIXA VULNERABILIDADE,False,True,CADASTRO RESERVA,0,BAIXA VULNERABILIDADE,FAIXA 3,10000,0.137,False,,False,,False,,False,,False,,False
430435,RS,CANDIOTA,0.253,BAIXA VULNERABILIDADE,False,True,CADASTRO RESERVA,0,BAIXA VULNERABILIDADE,FAIXA 3,10000,0.263,False,,False,,False,,False,,False,,False
430440,RS,CANELA,0.200,MUITO BAIXA VULNERABILIDADE,False,False,NÃO ELEGIVEL,0,MUITO BAIXA VULNERABILIDADE,FAIXA 3,10000,0.295,False,,False,,False,,False,,True,FAIXA 3,True
430450,RS,CANGUCU,0.249,BAIXA VULNERABILIDADE,False,True,CADASTRO RESERVA,0,BAIXA VULNERABILIDADE,FAIXA 3,10000,0.203,False,,False,,False,,False,,False,,False
430460,RS,CANOAS,0.256,BAIXA VULNERABILIDADE,False,False,CONFIRMAÇÃO DE VAGAS (ADERIDOS),2,BAIXA VULNERABILIDADE,FAIXA 3,10000,0.287,False,,False,,False,,False,,False,,False
430461,RS,CANUDOS DO VALE,0.208,BAIXA VULNERABILIDADE,False,False,CADASTRO RESERVA,0,BAIXA VULNERABILIDADE,FAIXA 3,10000,0.227,False,,False,,False,,False,,False,,False
430462,RS,CAPAO BONITO DO SUL,0.237,BAIXA VULNERABILIDADE,False,False,CADASTRO RESERVA,0,BAIXA VULNERABILIDADE,FAIXA 3,10000,0.238,False,,False,,False,,False,,False,,False
430463,RS,CAPAO DA CANOA,0.216,BAIXA VULNERABILIDADE,False,False,CADASTRO RESERVA,0,BAIXA VULNERABILIDADE,FAIXA 3,10000,0.333,False,,False,,False,,False,,False,,False
430465,RS,CAPAO DO CIPO,0.327,MEDIA VULNERABILIDADE,False,True,CADASTRO RESERVA,0,MEDIA VULNERABILIDADE,FAIXA 2,15000,0.358,False,,False,,False,,False,,False,,False
430466,RS,CAPAO DO LEAO,0.290,BAIXA VULNERABILIDADE,False,True,CONFIRMAÇÃO DE VAGAS (ADERIDOS),1,BAIXA VULNERABILIDADE,FAIXA 3,10000,0.311,False,,False,,False,,False,,False,,False
430467,RS,CAPIVARI DO SUL,0.194,MUITO BAIXA VULNERABILIDADE,False,False,NÃO ELEGIVEL,0,MUITO BAIXA VULNERABILIDADE,FAIXA 3,10000,0.168,False,,False,,False,,False,,False,,False
430468,RS,CAPELA DE SANTANA,0.337,MEDIA VULNERABILIDADE,False,False,CADASTRO RESERVA,0,MEDIA VULNERABILIDADE,FAIXA 2,15000,0.346,False,,False,,False,,False,,False,,False
430469,RS,CAPITAO,0.225,BAIXA VULNERABILIDADE,False,False,NÃO ELEGIVEL,0,BAIXA VULNERABILIDADE,FAIXA 3,10000,0.116,False,,False,,False,,False,,False,,False
430470,RS,CARAZINHO,0.192,MUITO BAIXA VULNERABILIDADE,False,True,CONFIRMAÇÃO DE VAGAS (ADERIDOS),2,MUITO BAIXA VULNERABILIDADE,FAIXA 3,10000,0.361,False,,False,,False,,False,,True,FAIXA 3,True
430471,RS,CARAA,0.242,BAIXA VULNERABILIDADE,False,False,CADASTRO RESERVA,0,BAIXA VULNERABILIDADE,FAIXA 3,10000,0.234,False,,False,,False,,False,,False,,False
430480,RS,CARLOS BARBOSA,0.118,MUITO BAIXA VULNERABILIDADE,False,False,CADASTRO RESERVA,0,MUITO BAIXA VULNERABILIDADE,FAIXA 3,10000,0.124,False,,False,,False,,False,,False,,False
430485,RS,CARLOS GOMES,0.255,BAIXA VULNERABILIDADE,False,False,CADASTRO RESERVA,0,BAIXA VULNERABILIDADE,FAIXA 3,10000,0.259,False,,False,,False,,False,,False,,False
430490,RS,CASCA,0.159,MUITO BAIXA VULNERABILIDADE,False,False,CADASTRO RESERVA,0,MUITO BAIXA VULNERABILIDADE,FAIXA 3,10000,0.113,False,,False,,False,,False,,False,,False
430495,RS,CASEIROS,0.221,BAIXA VULNERABILIDADE,False,False,CADASTRO RESERVA,0,BAIXA VULNERABILIDADE,FAIXA 3,10000,0.225,False,,False,,False,,False,,False,,False
430500,RS,CATUIPE,0.223,BAIXA VULNERABILIDADE,False,True,CADASTRO RESERVA,0,BAIXA VULNERABILIDADE,FAIXA 3,10000,0.211,False,,False,,False,,False,,False,,False
430510,RS,CAXIAS DO SUL,0.179,MUITO BAIXA VULNERABILIDADE,False,False,CONFIRMAÇÃO DE VAGAS (ADERIDOS),5,MUITO BAIXA VULNERABILIDADE,FAIXA 3,10000,0.216,False,,False,,True,FAIXA 3,True,FAIXA 3,True,FAIXA 3,True
430511,RS,CENTENARIO,0.204,BAIXA VULNERABILIDADE,False,False,NÃO ELEGIVEL,0,BAIXA VULNERABILIDADE,FAIXA 3,10000,0.209,False,,False,,False,,False,,False,,False
430512,RS,CERRITO,0.316,MEDIA VULNERABILIDADE,False,True,CADASTRO RESERVA,0,MEDIA VULNERABILIDADE,FAIXA 2,15000,0.405,False,,False,,False,,False,,False,,False
430513,RS,CERRO BRANCO,0.190,MUITO BAIXA VULNERABILIDADE,False,False,CADASTRO RESERVA,0,MUITO BAIXA VULNERABILIDADE,FAIXA 3,10000,0.235,False,,False,,False,,False,,False,,False
430515,RS,CERRO GRANDE,0.327,MEDIA VULNERABILIDADE,False,True,CADASTRO RESERVA,0,MEDIA VULNERABILIDADE,FAIXA 2,15000,0.316,False,,False,,False,,False,,False,,False
430517,RS,CERRO GRANDE DO SUL,0.304,MEDIA VULNERABILIDADE,False,False,CADASTRO RESERVA,0,MEDIA VULNERABILIDADE,FAIXA 2,15000,0.315,False,,False,,False,,False,,False,,False
430520,RS,CERRO LARGO,0.186,MUITO BAIXA VULNERABILIDADE,False,True,CADASTRO RESERVA,0,MUITO BAIXA VULNERABILIDADE,FAIXA 3,10000,0.314,False,,False,,False,,False,,False,,False
430530,RS,CHAPADA,0.167,MUITO BAIXA VULNERABILIDADE,False,True,CADASTRO RESERVA,0,MUITO BAIXA VULNERABILIDADE,FAIXA 3,10000,0.141,True,FAIXA 3,True,FAIXA 3,False,,False,,False,,True
430535,RS,CHARQUEADAS,0.212,BAIXA VULNERABILIDADE,False,False,CADASTRO RESERVA,0,BAIXA VULNERABILIDADE,FAIXA 3,10000,0.201,True,FAIXA 3,True,FAIXA 3,False,,False,,False,,True
430537,RS,CHARRUA,0.568,MUITO ALTA VULNERABILIDADE,False,False,NÃO ELEGIVEL,0,MUITO ALTA VULNERABILIDADE,FAIXA 1,20000,0.640,False,,False,,False,,False,,False,,False
430540,RS,CHIAPETTA,0.221,BAIXA VULNERABILIDADE,False,True,NÃO ELEGIVEL,0,BAIXA VULNERABILIDADE,FAIXA 3,10000,0.298,False,,False,,False,,False,,False,,False
430543,RS,CHUI,0.209,BAIXA VULNERABILIDADE,False,True,CADASTRO RESERVA,0,BAIXA VULNERABILIDADE,FAIXA 3,10000,0.205,False,,False,,False,,False,,False,,False
430544,RS,CHUVISCA,0.258,BAIXA VULNERABILIDADE,False,False,CADASTRO RESERVA,0,BAIXA VULNERABILIDADE,FAIXA 3,10000,0.270,False,,False,,False,,False,,False,,False
430545,RS,CIDREIRA,0.212,BAIXA VULNERABILIDADE,False,False,CADASTRO RESERVA,0,BAIXA VULNERABILIDADE,FAIXA 3,10000,0.218,False,,False,,False,,False,,False,,False
430550,RS,CIRIACO,0.330,MEDIA VULNERABILIDADE,False,False,CADASTRO RESERVA,0,MEDIA VULNERABILIDADE,FAIXA 2,15000,0.342,False,,False,,False,,False,,False,,False
430558,RS,COLINAS,0.126,MUITO BAIXA VULNERABILIDADE,False,False,CADASTRO RESERVA,0,MUITO BAIXA VULNERABILIDADE,FAIXA 3,10000,0.120,False,,False,,False,,False,,False,,False
430560,RS,COLORADO,0.203,BAIXA VULNERABILIDADE,False,False,CADASTRO RESERVA,0,BAIXA VULNERABILIDADE,FAIXA 3,10000,0.183,False,,False,,False,,False,,False,,False
430570,RS,CONDOR,0.193,MUITO BAIXA VULNERABILIDADE,False,True,NÃO ELEGIVEL,0,MUITO BAIXA VULNERABILIDADE,FAIXA 3,10000,0.286,False,,False,,False,,False,,False,,False
430580,RS,CONSTANTINA,0.283,BAIXA VULNERABILIDADE,False,True,CADASTRO RESERVA,0,BAIXA VULNERABILIDADE,FAIXA 3,10000,0.207,False,,False,,False,,False,,False,,False
430583,RS,COQUEIRO BAIXO,0.195,MUITO BAIXA VULNERABILIDADE,False,False,NÃO ELEGIVEL,0,MUITO BAIXA VULNERABILIDADE,FAIXA 3,10000,0.170,False,,False,,False,,False,,False,,False
430585,RS,COQUEIROS DO SUL,0.236,BAIXA VULNERABILIDADE,False,True,CADASTRO RESERVA,0,BAIXA VULNERABILIDADE,FAIXA 3,10000,0.201,False,,False,,False,,False,,False,,False
430587,RS,CORONEL BARROS,0.171,MUITO BAIXA VULNERABILIDADE,False,True,NÃO ELEGIVEL,0,MUITO BAIXA VULNERABILIDADE,FAIXA 3,10000,0.180,False,,False,,False,,False,,False,,False
430590,RS,CORONEL BICACO,0.321,MEDIA VULNERABILIDADE,False,True,CADASTRO RESERVA,0,MEDIA VULNERABILIDADE,FAIXA 2,15000,0.404,False,,False,,False,,False,,False,,False
430593,RS,CORONEL PILAR,0.232,BAIXA VULNERABILIDADE,False,False,NÃO ELEGIVEL,0,BAIXA VULNERABILIDADE,FAIXA 3,10000,0.233,False,,False,,False,,False,,False,,False
430595,RS,COTIPORA,0.237,BAIXA VULNERABILIDADE,False,False,CADASTRO RESERVA,0,BAIXA VULNERABILIDADE,FAIXA 3,10000,0.111,False,,False,,False,,False,,False,,False
430597,RS,COXILHA,0.246,BAIXA VULNERABILIDADE,False,False,NÃO ELEGIVEL,0,BAIXA VULNERABILIDADE,FAIXA 3,10000,0.201,False,,False,,False,,False,,False,,False
430600,RS,CRISSIUMAL,0.221,BAIXA VULNERABILIDADE,False,True,CADASTRO RESERVA,0,BAIXA VULNERABILIDADE,FAIXA 3,10000,0.115,False,,False,,False,,False,,False,,False
430605,RS,CRISTAL,0.360,MEDIA VULNERABILIDADE,False,False,CADASTRO RESERVA,0,MEDIA VULNERABILIDADE,FAIXA 2,15000,0.339,False,,False,,False,,False,,False,,False
430607,RS,CRISTAL DO SUL,0.371,MEDIA VULNERABILIDADE,False,True,CADASTRO RESERVA,0,MEDIA VULNERABILIDADE,FAIXA 2,15000,0.410,False,,False,,False,,False,,False,,False
430610,RS,CRUZ ALTA,0.215,BAIXA VULNERABILIDADE,False,True,CADASTRO RESERVA,0,BAIXA VULNERABILIDADE,FAIXA 3,10000,0.252,True,FAIXA 3,True,FAIXA 3,False,,False,,False,,True
430613,RS,CRUZALTENSE,0.311,MEDIA VULNERABILIDADE,False,True,CADASTRO RESERVA,0,MEDIA VULNERABILIDADE,FAIXA 2,15000,0.223,False,,False,,False,,False,,False,,False
430620,RS,CRUZEIRO DO SUL,0.183,MUITO BAIXA VULNERABILIDADE,False,False,NÃO ELEGIVEL,0,MUITO BAIXA VULNERABILIDADE,FAIXA 3,10000,0.217,False,,False,,False,,False,,False,,False
430630,RS,DAVID CANABARRO,0.155,MUITO BAIXA VULNERABILIDADE,False,False,NÃO ELEGIVEL,0,MUITO BAIXA VULNERABILIDADE,FAIXA 3,10000,0.150,False,,False,,False,,False,,False,,False
430632,RS,DERRUBADAS,0.310,MEDIA VULNERABILIDADE,False,True,CADASTRO RESERVA,0,MEDIA VULNERABILIDADE,FAIXA 2,15000,0.145,False,,False,,False,,False,,False,,False
430635,RS,DEZESSEIS DE NOVEMBRO,0.294,BAIXA VULNERABILIDADE,False,True,NÃO ELEGIVEL,0,BAIXA VULNERABILIDADE,FAIXA 3,10000,0.307,False,,False,,False,,False,,False,,False
430637,RS,DILERMANDO DE AGUIAR,0.266,BAIXA VULNERABILIDADE,False,False,CADASTRO RESERVA,0,BAIXA VULNERABILIDADE,FAIXA 3,10000,0.273,False,,False,,False,,False,,False,,False
430640,RS,DOIS IRMAOS,0.139,MUITO BAIXA VULNERABILIDADE,False,False,CADASTRO RESERVA,0,MUITO BAIXA VULNERABILIDADE,FAIXA 3,10000,0.191,False,,False,,False,,False,,False,,False
430642,RS,DOIS IRMAOS DAS MISSOES,0.358,MEDIA VULNERABILIDADE,False,True,CADASTRO RESERVA,0,MEDIA VULNERABILIDADE,FAIXA 2,15000,0.404,False,,False,,False,,False,,False,,False
430645,RS,DOIS LAJEADOS,0.178,MUITO BAIXA VULNERABILIDADE,False,False,NÃO ELEGIVEL,0,MUITO BAIXA VULNERABILIDADE,FAIXA 3,10000,0.179,False,,False,,False,,False,,False,,False
430650,RS,DOM FELICIANO,0.333,MEDIA VULNERABILIDADE,False,False,CADASTRO RESERVA,0,MEDIA VULNERABILIDADE,FAIXA 2,15000,0.386,False,,False,,False,,False,,False,,False
430655,RS,DOM PEDRO DE ALCANTARA,0.204,BAIXA VULNERABILIDADE,False,False,NÃO ELEGIVEL,0,BAIXA VULNERABILIDADE,FAIXA 3,10000,0.197,False,,False,,False,,False,,False,,False
430660,RS,DOM PEDRITO,0.243,BAIXA VULNERABILIDADE,False,True,CADASTRO RESERVA,0,BAIXA VULNERABILIDADE,FAIXA 3,10000,0.295,False,,False,,False,,False,,False,,False
430670,RS,DONA FRANCISCA,0.176,MUITO BAIXA VULNERABILIDADE,False,False,CADASTRO RESERVA,0,MUITO BAIXA VULNERABILIDADE,FAIXA 3,10000,0.164,False,,False,,False,,False,,False,,False
430673,RS,DOUTOR MAURICIO CARDOSO,0.249,BAIXA VULNERABILIDADE,False,True,CADASTRO RESERVA,0,BAIXA VULNERABILIDADE,FAIXA 3,10000,0.214,False,,False,,False,,False,,False,,False
430675,RS,DOUTOR RICARDO,0.289,BAIXA VULNERABILIDADE,False,False,CADASTRO RESERVA,0,BAIXA VULNERABILIDADE,FAIXA 3,10000,0.134,False,,False,,False,,False,,False,,False
430676,RS,ELDORADO DO SUL,0.285,BAIXA VULNERABILIDADE,False,False,CADASTRO RESERVA,0,BAIXA VULNERABILIDADE,FAIXA 3,10000,0.368,False,,False,,False,,False,,False,,False
430680,RS,ENCANTADO,0.140,MUITO BAIXA VULNERABILIDADE,False,False,CADASTRO RESERVA,0,MUITO BAIXA VULNERABILIDADE,FAIXA 3,10000,0.127,False,,False,,False,,False,,False,,False
430690,RS,ENCRUZILHADA DO SUL,0.368,MEDIA VULNERABILIDADE,False,True,CADASTRO RESERVA,0,MEDIA VULNERABILIDADE,FAIXA 2,15000,0.279,False,,False,,False,,False,,False,,False
430692,RS,ENGENHO VELHO,0.411,ALTA VULNERABILIDADE,False,True,CADASTRO RESERVA,0,ALTA VULNERABILIDADE,FAIXA 1,20000,0.165,False,,False,,False,,False,,False,,False
430693,RS,ENTRE-IJUIS,0.236,BAIXA VULNERABILIDADE,False,True,CADASTRO RESERVA,0,BAIXA VULNERABILIDADE,FAIXA 3,10000,0.202,False,,False,,False,,False,,False,,False
430695,RS,ENTRE RIOS DO SUL,0.303,MEDIA VULNERABILIDADE,False,True,CADASTRO RESERVA,0,MEDIA VULNERABILIDADE,FAIXA 2,15000,0.315,False,,False,,False,,False,,False,,False
430697,RS,EREBANGO,0.207,BAIXA VULNERABILIDADE,False,False,CADASTRO RESERVA,0,BAIXA VULNERABILIDADE,FAIXA 3,10000,0.247,False,,False,,False,,False,,False,,False
430700,RS,ERECHIM,0.155,MUITO BAIXA VULNERABILIDADE,False,True,CADASTRO RESERVA,0,MUITO BAIXA VULNERABILIDADE,FAIXA 3,10000,0.275,True,FAIXA 3,True,FAIXA 3,True,FAIXA 3,True,FAIXA 3,False,,True
430705,RS,ERNESTINA,0.147,MUITO BAIXA VULNERABILIDADE,False,False,CONFIRMAÇÃO DE VAGAS (ADERIDOS),1,MUITO BAIXA VULNERABILIDADE,FAIXA 3,10000,0.154,False,,False,,False,,False,,False,,False
430710,RS,HERVAL,0.356,MEDIA VULNERABILIDADE,False,True,CADASTRO RESERVA,0,MEDIA VULNERABILIDADE,FAIXA 2,15000,0.426,False,,False,,False,,False,,False,,False
430720,RS,ERVAL GRANDE,0.309,MEDIA VULNERABILIDADE,False,True,CADASTRO RESERVA,0,MEDIA VULNERABILIDADE,FAIXA 2,15000,0.378,False,,False,,False,,False,,False,,False
430730,RS,ERVAL SECO,0.287,BAIXA VULNERABILIDADE,False,True,CADASTRO RESERVA,0,BAIXA VULNERABILIDADE,FAIXA 3,10000,0.367,False,,False,,False,,False,,False,,False
430740,RS,ESMERALDA,0.357,MEDIA VULNERABILIDADE,False,False,NÃO ELEGIVEL,0,MEDIA VULNERABILIDADE,FAIXA 2,15000,0.364,False,,False,,False,,False,,False,,False
430745,RS,ESPERANCA DO SUL,0.298,BAIXA VULNERABILIDADE,False,True,CADASTRO RESERVA,0,BAIXA VULNERABILIDADE,FAIXA 3,10000,0.300,False,,False,,False,,False,,False,,False
430750,RS,ESPUMOSO,0.210,BAIXA VULNERABILIDADE,False,False,CADASTRO RESERVA,0,BAIXA VULNERABILIDADE,FAIXA 3,10000,0.184,False,,False,,False,,False,,False,,False
430755,RS,ESTACAO,0.259,BAIXA VULNERABILIDADE,False,False,CADASTRO RESERVA,0,BAIXA VULNERABILIDADE,FAIXA 3,10000,0.428,False,,False,,False,,False,,False,,False
430760,RS,ESTANCIA VELHA,0.178,MUITO BAIXA VULNERABILIDADE,False,False,CADASTRO RESERVA,0,MUITO BAIXA VULNERABILIDADE,FAIXA 3,10000,0.385,False,,False,,False,,False,,False,,False
430770,RS,ESTEIO,0.218,BAIXA VULNERABILIDADE,False,False,CADASTRO RESERVA,0,BAIXA VULNERABILIDADE,FAIXA 3,10000,0.264,False,,False,,False,,False,,False,,False
430780,RS,ESTRELA,0.146,MUITO BAIXA VULNERABILIDADE,False,False,CADASTRO RESERVA,0,MUITO BAIXA VULNERABILIDADE,FAIXA 3,10000,0.313,False,,False,,False,,False,,False,,False
430781,RS,ESTRELA VELHA,0.231,BAIXA VULNERABILIDADE,False,False,NÃO ELEGIVEL,0,BAIXA VULNERABILIDADE,FAIXA 3,10000,0.119,False,,False,,False,,False,,False,,False
430783,RS,EUGENIO DE CASTRO,0.277,BAIXA VULNERABILIDADE,False,True,CADASTRO RESERVA,0,BAIXA VULNERABILIDADE,FAIXA 3,10000,0.210,False,,False,,False,,False,,False,,False
430786,RS,FAGUNDES VARELA,0.163,MUITO BAIXA VULNERABILIDADE,False,False,CADASTRO RESERVA,0,MUITO BAIXA VULNERABILIDADE,FAIXA 3,10000,0.172,False,,False,,False,,False,,False,,False
430790,RS,FARROUPILHA,0.155,MUITO BAIXA VULNERABILIDADE,False,False,NÃO ELEGIVEL,0,MUITO BAIXA VULNERABILIDADE,FAIXA 3,10000,0.156,False,,False,,False,,False,,False,,False
430800,RS,FAXINAL DO SOTURNO,0.213,BAIXA VULNERABILIDADE,False,False,CADASTRO RESERVA,0,BAIXA VULNERABILIDADE,FAIXA 3,10000,0.213,False,,False,,False,,False,,False,,False
430805,RS,FAXINALZINHO,0.298,BAIXA VULNERABILIDADE,False,True,CADASTRO RESERVA,0,BAIXA VULNERABILIDADE,FAIXA 3,10000,0.238,False,,False,,False,,False,,False,,False
430807,RS,FAZENDA VILANOVA,0.232,BAIXA VULNERABILIDADE,False,False,NÃO ELEGIVEL,0,BAIXA VULNERABILIDADE,FAIXA 3,10000,0.189,False,,False,,False,,False,,False,,False
430810,RS,FELIZ,0.108,MUITO BAIXA VULNERABILIDADE,False,False,NÃO ELEGIVEL,0,MUITO BAIXA VULNERABILIDADE,FAIXA 3,10000,0.107,False,,False,,False,,False,,False,,False
430820,RS,FLORES DA CUNHA,0.213,BAIXA VULNERABILIDADE,False,False,CADASTRO RESERVA,0,BAIXA VULNERABILIDADE,FAIXA 3,10000,0.166,False,,False,,False,,False,,False,,False
430825,RS,FLORIANO PEIXOTO,0.211,BAIXA VULNERABILIDADE,False,False,NÃO ELEGIVEL,0,BAIXA VULNERABILIDADE,FAIXA 3,10000,0.201,False,,False,,False,,False,,False,,False
430830,RS,FONTOURA XAVIER,0.338,MEDIA VULNERABILIDADE,False,False,CADASTRO RESERVA,0,MEDIA VULNERABILIDADE,FAIXA 2,15000,0.380,False,,False,,False,,False,,False,,False
430840,RS,FORMIGUEIRO,0.255,BAIXA VULNERABILIDADE,False,False,CADASTRO RESERVA,0,BAIXA VULNERABILIDADE,FAIXA 3,10000,0.334,False,,False,,False,,False,,False,,False
430843,RS,FORQUETINHA,0.179,MUITO BAIXA VULNERABILIDADE,False,False,NÃO ELEGIVEL,0,MUITO BAIXA VULNERABILIDADE,FAIXA 3,10000,0.168,False,,False,,False,,False,,False,,False
430845,RS,FORTALEZA DOS VALOS,0.207,BAIXA VULNERABILIDADE,False,False,CONFIRMAÇÃO DE VAGAS (ADERIDOS),1,BAIXA VULNERABILIDADE,FAIXA 3,10000,0.155,False,,False,,False,,False,,False,,False
430850,RS,FREDERICO WESTPHALEN,0.193,MUITO BAIXA VULNERABILIDADE,False,True,CADASTRO RESERVA,0,MUITO BAIXA VULNERABILIDADE,FAIXA 3,10000,0.153,True,FAIXA 3,True,FAIXA 3,True,FAIXA 3,True,FAIXA 3,False,,True
430860,RS,GARIBALDI,0.122,MUITO BAIXA VULNERABILIDADE,False,False,CONFIRMAÇÃO DE VAGAS (ADERIDOS),1,MUITO BAIXA VULNERABILIDADE,FAIXA 3,10000,0.119,False,,False,,False,,False,,False,,False
430865,RS,GARRUCHOS,0.363,MEDIA VULNERABILIDADE,False,True,CADASTRO RESERVA,0,MEDIA VULNERABILIDADE,FAIXA 2,15000,0.215,False,,False,,False,,False,,False,,False
430870,RS,GAURAMA,0.207,BAIXA VULNERABILIDADE,False,False,CADASTRO RESERVA,0,BAIXA VULNERABILIDADE,FAIXA 3,10000,0.135,False,,False,,False,,False,,False,,False
430880,RS,GENERAL CAMARA,0.279,BAIXA VULNERABILIDADE,False,False,CADASTRO RESERVA,0,BAIXA VULNERABILIDADE,FAIXA 3,10000,0.303,False,,False,,False,,False,,False,,False
430885,RS,GENTIL,0.258,BAIXA VULNERABILIDADE,False,False,NÃO ELEGIVEL,0,BAIXA VULNERABILIDADE,FAIXA 3,10000,0.212,False,,False,,False,,False,,False,,False
430890,RS,GETULIO VARGAS,0.199,MUITO BAIXA VULNERABILIDADE,False,False,CADASTRO RESERVA,0,MUITO BAIXA VULNERABILIDADE,FAIXA 3,10000,0.372,False,,False,,False,,False,,False,,False
430900,RS,GIRUA,0.233,BAIXA VULNERABILIDADE,False,True,NOVA ADESÃO,1,BAIXA VULNERABILIDADE,FAIXA 3,10000,0.253,True,FAIXA 3,True,FAIXA 3,True,FAIXA 3,True,FAIXA 3,True,FAIXA 3,True
430905,RS,GLORINHA,0.217,BAIXA VULNERABILIDADE,False,False,CADASTRO RESERVA,0,BAIXA VULNERABILIDADE,FAIXA 3,10000,0.377,False,,False,,False,,False,,False,,False
430910,RS,GRAMADO,0.117,MUITO BAIXA VULNERABILIDADE,False,False,CADASTRO RESERVA,0,MUITO BAIXA VULNERABILIDADE,FAIXA 3,10000,0.119,False,,False,,False,,False,,False,,False
430912,RS,GRAMADO DOS LOUREIROS,0.369,MEDIA VULNERABILIDADE,False,True,CADASTRO RESERVA,0,MEDIA VULNERABILIDADE,FAIXA 2,15000,0.277,False,,False,,False,,False,,False,,False
430915,RS,GRAMADO XAVIER,0.282,BAIXA VULNERABILIDADE,False,False,CADASTRO RESERVA,0,BAIXA VULNERABILIDADE,FAIXA 3,10000,0.282,False,,False,,False,,False,,False,,False
430920,RS,GRAVATAI,0.303,MEDIA VULNERABILIDADE,False,False,CONFIRMAÇÃO DE VAGAS (ADERIDOS),1,MEDIA VULNERABILIDADE,FAIXA 2,15000,0.350,False,,False,,False,,False,,True,FAIXA 2,True
430925,RS,GUABIJU,0.155,MUITO BAIXA VULNERABILIDADE,False,False,NÃO ELEGIVEL,0,MUITO BAIXA VULNERABILIDADE,FAIXA 3,10000,0.202,False,,False,,False,,False,,False,,False
430930,RS,GUAIBA,0.304,MEDIA VULNERABILIDADE,False,False,CADASTRO RESERVA,0,MEDIA VULNERABILIDADE,FAIXA 2,15000,0.360,True,FAIXA 2,True,FAIXA 2,True,FAIXA 2,True,FAIXA 2,False,,True
430940,RS,GUAPORE,0.179,MUITO BAIXA VULNERABILIDADE,False,False,CADASTRO RESERVA,0,MUITO BAIXA VULNERABILIDADE,FAIXA 3,10000,0.217,False,,False,,False,,False,,False,,False
430950,RS,GUARANI DAS MISSOES,0.219,BAIXA VULNERABILIDADE,False,True,CADASTRO RESERVA,0,BAIXA VULNERABILIDADE,FAIXA 3,10000,0.193,False,,False,,False,,False,,False,,False
430955,RS,HARMONIA,0.136,MUITO BAIXA VULNERABILIDADE,False,False,CADASTRO RESERVA,0,MUITO BAIXA VULNERABILIDADE,FAIXA 3,10000,0.100,False,,False,,False,,False,,False,,False
430957,RS,HERVEIRAS,0.284,BAIXA VULNERABILIDADE,False,False,CADASTRO RESERVA,0,BAIXA VULNERABILIDADE,FAIXA 3,10000,0.297,False,,False,,False,,False,,False,,False
430960,RS,HORIZONTINA,0.168,MUITO BAIXA VULNERABILIDADE,False,True,CADASTRO RESERVA,0,MUITO BAIXA VULNERABILIDADE,FAIXA 3,10000,0.223,False,,False,,False,,False,,False,,False
430965,RS,HULHA NEGRA,0.360,MEDIA VULNERABILIDADE,False,True,CADASTRO RESERVA,0,MEDIA VULNERABILIDADE,FAIXA 2,15000,0.265,False,,False,,False,,False,,False,,False
430970,RS,HUMAITA,0.182,MUITO BAIXA VULNERABILIDADE,False,True,CADASTRO RESERVA,0,MUITO BAIXA VULNERABILIDADE,FAIXA 3,10000,0.264,False,,False,,False,,False,,False,,False
430975,RS,IBARAMA,0.260,BAIXA VULNERABILIDADE,False,False,CADASTRO RESERVA,0,BAIXA VULNERABILIDADE,FAIXA 3,10000,0.262,False,,False,,False,,False,,False,,False
430980,RS,IBIACA,0.190,MUITO BAIXA VULNERABILIDADE,False,False,NÃO ELEGIVEL,0,MUITO BAIXA VULNERABILIDADE,FAIXA 3,10000,0.157,False,,False,,False,,False,,False,,False
430990,RS,IBIRAIARAS,0.354,MEDIA VULNERABILIDADE,False,False,CADASTRO RESERVA,0,MEDIA VULNERABILIDADE,FAIXA 2,15000,0.189,False,,False,,False,,False,,False,,False
430995,RS,IBIRAPUITA,0.386,MEDIA VULNERABILIDADE,False,False,NÃO ELEGIVEL,0,MEDIA VULNERABILIDADE,FAIXA 2,15000,0.258,False,,False,,False,,False,,False,,False
431000,RS,IBIRUBA,0.149,MUITO BAIXA VULNERABILIDADE,False,True,CADASTRO RESERVA,0,MUITO BAIXA VULNERABILIDADE,FAIXA 3,10000,0.256,False,,False,,False,,False,,False,,False
431010,RS,IGREJINHA,0.163,MUITO BAIXA VULNERABILIDADE,False,False,CADASTRO RESERVA,0,MUITO BAIXA VULNERABILIDADE,FAIXA 3,10000,0.154,True,FAIXA 3,True,FAIXA 3,True,FAIXA 3,True,FAIXA 3,False,,True
431020,RS,IJUI,0.199,MUITO BAIXA VULNERABILIDADE,False,True,CADASTRO RESERVA,0,MUITO BAIXA VULNERABILIDADE,FAIXA 3,10000,0.298,True,FAIXA 3,False,,False,,False,,False,,True
431030,RS,ILOPOLIS,0.269,BAIXA VULNERABILIDADE,False,False,CADASTRO RESERVA,0,BAIXA VULNERABILIDADE,FAIXA 3,10000,0.451,False,,False,,False,,False,,False,,False
431033,RS,IMBE,0.194,MUITO BAIXA VULNERABILIDADE,False,False,CADASTRO RESERVA,0,MUITO BAIXA VULNERABILIDADE,FAIXA 3,10000,0.223,False,,False,,False,,False,,False,,False
431036,RS,IMIGRANTE,0.159,MUITO BAIXA VULNERABILIDADE,False,False,CADASTRO RESERVA,0,MUITO BAIXA VULNERABILIDADE,FAIXA 3,10000,0.066,False,,False,,False,,False,,False,,False
431040,RS,INDEPENDENCIA,0.260,BAIXA VULNERABILIDADE,False,True,CADASTRO RESERVA,0,BAIXA VULNERABILIDADE,FAIXA 3,10000,0.293,False,,False,,False,,False,,False,,False
431041,RS,INHACORA,0.300,BAIXA VULNERABILIDADE,False,True,CADASTRO RESERVA,0,BAIXA VULNERABILIDADE,FAIXA 3,10000,0.366,False,,False,,False,,False,,False,,False
431043,RS,IPE,0.241,BAIXA VULNERABILIDADE,False,False,CADASTRO RESERVA,0,BAIXA VULNERABILIDADE,FAIXA 3,10000,0.340,False,,False,,False,,False,,False,,False
431046,RS,IPIRANGA DO SUL,0.185,MUITO BAIXA VULNERABILIDADE,False,False,CADASTRO RESERVA,0,MUITO BAIXA VULNERABILIDADE,FAIXA 3,10000,0.126,False,,False,,False,,False,,False,,False
431050,RS,IRAI,0.332,MEDIA VULNERABILIDADE,False,True,CONFIRMAÇÃO DE VAGAS (ADERIDOS),1,MEDIA VULNERABILIDADE,FAIXA 2,15000,0.240,False,,False,,False,,False,,False,,False
431053,RS,ITAARA,0.211,BAIXA VULNERABILIDADE,False,False,CADASTRO RESERVA,0,BAIXA VULNERABILIDADE,FAIXA 3,10000,0.245,False,,False,,False,,False,,False,,False
431055,RS,ITACURUBI,0.295,BAIXA VULNERABILIDADE,False,True,CADASTRO RESERVA,0,BAIXA VULNERABILIDADE,FAIXA 3,10000,0.178,False,,False,,False,,False,,False,,False
431057,RS,ITAPUCA,0.352,MEDIA VULNERABILIDADE,False,False,CADASTRO RESERVA,0,MEDIA VULNERABILIDADE,FAIXA 2,15000,0.363,False,,False,,False,,False,,False,,False
431060,RS,ITAQUI,0.231,BAIXA VULNERABILIDADE,False,True,CADASTRO RESERVA,0,BAIXA VULNERABILIDADE,FAIXA 3,10000,0.282,False,,False,,False,,False,,False,,False
431065,RS,ITATI,0.244,BAIXA VULNERABILIDADE,False,False,NÃO ELEGIVEL,0,BAIXA VULNERABILIDADE,FAIXA 3,10000,0.247,False,,False,,False,,False,,False,,False
431070,RS,ITATIBA DO SUL,0.275,BAIXA VULNERABILIDADE,False,True,CADASTRO RESERVA,0,BAIXA VULNERABILIDADE,FAIXA 3,10000,0.291,False,,False,,False,,False,,False,,False
431075,RS,IVORA,0.272,BAIXA VULNERABILIDADE,False,False,NÃO ELEGIVEL,0,BAIXA VULNERABILIDADE,FAIXA 3,10000,0.142,False,,False,,False,,False,,False,,False
431080,RS,IVOTI,0.150,MUITO BAIXA VULNERABILIDADE,False,False,CADASTRO RESERVA,0,MUITO BAIXA VULNERABILIDADE,FAIXA 3,10000,0.152,False,,False,,False,,False,,False,,False
431085,RS,JABOTICABA,0.286,BAIXA VULNERABILIDADE,False,True,CADASTRO RESERVA,0,BAIXA VULNERABILIDADE,FAIXA 3,10000,0.368,False,,False,,False,,False,,False,,False
431087,RS,JACUIZINHO,0.297,BAIXA VULNERABILIDADE,False,False,CADASTRO RESERVA,0,BAIXA VULNERABILIDADE,FAIXA 3,10000,0.311,False,,False,,False,,False,,False,,False
431090,RS,JACUTINGA,0.184,MUITO BAIXA VULNERABILIDADE,False,True,CADASTRO RESERVA,0,MUITO BAIXA VULNERABILIDADE,FAIXA 3,10000,0.194,False,,False,,False,,False,,False,,False
431100,RS,JAGUARAO,0.236,BAIXA VULNERABILIDADE,False,True,CADASTRO RESERVA,0,BAIXA VULNERABILIDADE,FAIXA 3,10000,0.270,False,,False,,False,,False,,False,,False
431110,RS,JAGUARI,0.221,BAIXA VULNERABILIDADE,False,True,CADASTRO RESERVA,0,BAIXA VULNERABILIDADE,FAIXA 3,10000,0.157,False,,False,,False,,False,,False,,False
431112,RS,JAQUIRANA,0.357,MEDIA VULNERABILIDADE,False,False,NÃO ELEGIVEL,0,MEDIA VULNERABILIDADE,FAIXA 2,15000,0.397,False,,False,,False,,False,,False,,False
431113,RS,JARI,0.325,MEDIA VULNERABILIDADE,False,True,CADASTRO RESERVA,0,MEDIA VULNERABILIDADE,FAIXA 2,15000,0.344,False,,False,,False,,False,,False,,False
431115,RS,JOIA,0.264,BAIXA VULNERABILIDADE,False,True,CADASTRO RESERVA,0,BAIXA VULNERABILIDADE,FAIXA 3,10000,0.149,False,,False,,False,,False,,False,,False
431120,RS,JULIO DE CASTILHOS,0.250,BAIXA VULNERABILIDADE,False,False,CADASTRO RESERVA,0,BAIXA VULNERABILIDADE,FAIXA 3,10000,0.336,False,,False,,False,,False,,False,,False
431123,RS,LAGOA BONITA DO SUL,0.275,BAIXA VULNERABILIDADE,False,False,CADASTRO RESERVA,0,BAIXA VULNERABILIDADE,FAIXA 3,10000,0.287,False,,False,,False,,False,,False,,False
431125,RS,LAGOAO,0.325,MEDIA VULNERABILIDADE,False,False,CADASTRO RESERVA,0,MEDIA VULNERABILIDADE,FAIXA 2,15000,0.423,False,,False,,False,,False,,False,,False
431127,RS,LAGOA DOS TRES CANTOS,0.145,MUITO BAIXA VULNERABILIDADE,False,False,NÃO ELEGIVEL,0,MUITO BAIXA VULNERABILIDADE,FAIXA 3,10000,0.093,False,,False,,False,,False,,False,,False
431130,RS,LAGOA VERMELHA,0.231,BAIXA VULNERABILIDADE,False,False,CONFIRMAÇÃO DE VAGAS (ADERIDOS),1,BAIXA VULNERABILIDADE,FAIXA 3,10000,0.282,False,,False,,False,,False,,True,FAIXA 3,True
431140,RS,LAJEADO,0.138,MUITO BAIXA VULNERABILIDADE,False,False,CONFIRMAÇÃO DE VAGAS (ADERIDOS),3,MUITO BAIXA VULNERABILIDADE,FAIXA 3,10000,0.196,False,,False,,False,,False,,False,,False
431142,RS,LAJEADO DO BUGRE,0.419,ALTA VULNERABILIDADE,False,True,CADASTRO RESERVA,0,ALTA VULNERABILIDADE,FAIXA 1,20000,0.306,False,,False,,False,,False,,False,,False
431150,RS,LAVRAS DO SUL,0.231,BAIXA VULNERABILIDADE,False,True,CADASTRO RESERVA,0,BAIXA VULNERABILIDADE,FAIXA 3,10000,0.218,False,,False,,False,,False,,False,,False
431160,RS,LIBERATO SALZANO,0.336,MEDIA VULNERABILIDADE,False,True,CADASTRO RESERVA,0,MEDIA VULNERABILIDADE,FAIXA 2,15000,0.245,False,,False,,False,,False,,False,,False
431162,RS,LINDOLFO COLLOR,0.201,BAIXA VULNERABILIDADE,False,False,CADASTRO RESERVA,0,BAIXA VULNERABILIDADE,FAIXA 3,10000,0.231,False,,False,,False,,False,,False,,False
431164,RS,LINHA NOVA,0.106,MUITO BAIXA VULNERABILIDADE,False,False,NÃO ELEGIVEL,0,MUITO BAIXA VULNERABILIDADE,FAIXA 3,10000,0.103,False,,False,,False,,False,,False,,False
431170,RS,MACHADINHO,0.313,MEDIA VULNERABILIDADE,False,False,CADASTRO RESERVA,0,MEDIA VULNERABILIDADE,FAIXA 2,15000,0.344,False,,False,,False,,False,,False,,False
431171,RS,MACAMBARA,0.301,MEDIA VULNERABILIDADE,False,True,CADASTRO RESERVA,0,MEDIA VULNERABILIDADE,FAIXA 2,15000,0.318,False,,False,,False,,False,,False,,False
431173,RS,MAMPITUBA,0.230,BAIXA VULNERABILIDADE,False,False,CADASTRO RESERVA,0,BAIXA VULNERABILIDADE,FAIXA 3,10000,0.263,False,,False,,False,,False,,False,,False
431175,RS,MANOEL VIANA,0.306,MEDIA VULNERABILIDADE,False,True,CADASTRO RESERVA,0,MEDIA VULNERABILIDADE,FAIXA 2,15000,0.434,False,,False,,False,,False,,False,,False
431177,RS,MAQUINE,0.249,BAIXA VULNERABILIDADE,False,False,CADASTRO RESERVA,0,BAIXA VULNERABILIDADE,FAIXA 3,10000,0.181,False,,False,,False,,False,,False,,False
431179,RS,MARATA,0.200,MUITO BAIXA VULNERABILIDADE,False,False,CADASTRO RESERVA,0,MUITO BAIXA VULNERABILIDADE,FAIXA 3,10000,0.231,False,,False,,False,,False,,False,,False
431180,RS,MARAU,0.166,MUITO BAIXA VULNERABILIDADE,False,False,CADASTRO RESERVA,0,MUITO BAIXA VULNERABILIDADE,FAIXA 3,10000,0.215,False,,False,,False,,False,,False,,False
431190,RS,MARCELINO RAMOS,0.218,BAIXA VULNERABILIDADE,False,False,CADASTRO RESERVA,0,BAIXA VULNERABILIDADE,FAIXA 3,10000,0.173,False,,False,,False,,False,,False,,False
431198,RS,MARIANA PIMENTEL,0.245,BAIXA VULNERABILIDADE,False,False,CADASTRO RESERVA,0,BAIXA VULNERABILIDADE,FAIXA 3,10000,0.225,False,,False,,False,,False,,False,,False
431200,RS,MARIANO MORO,0.273,BAIXA VULNERABILIDADE,False,False,NÃO ELEGIVEL,0,BAIXA VULNERABILIDADE,FAIXA 3,10000,0.279,False,,False,,False,,False,,False,,False
431205,RS,MARQUES DE SOUZA,0.207,BAIXA VULNERABILIDADE,False,False,NÃO ELEGIVEL,0,BAIXA VULNERABILIDADE,FAIXA 3,10000,0.221,False,,False,,False,,False,,False,,False
431210,RS,MATA,0.294,BAIXA VULNERABILIDADE,False,False,CADASTRO RESERVA,0,BAIXA VULNERABILIDADE,FAIXA 3,10000,0.244,False,,False,,False,,False,,False,,False
431213,RS,MATO CASTELHANO,0.188,MUITO BAIXA VULNERABILIDADE,False,False,CADASTRO RESERVA,0,MUITO BAIXA VULNERABILIDADE,FAIXA 3,10000,0.208,False,,False,,False,,False,,False,,False
431215,RS,MATO LEITAO,0.160,MUITO BAIXA VULNERABILIDADE,False,False,CADASTRO RESERVA,0,MUITO BAIXA VULNERABILIDADE,FAIXA 3,10000,0.109,False,,False,,False,,False,,False,,False
431217,RS,MATO QUEIMADO,0.275,BAIXA VULNERABILIDADE,False,True,CADASTRO RESERVA,0,BAIXA VULNERABILIDADE,FAIXA 3,10000,0.271,False,,False,,False,,False,,False,,False
431220,RS,MAXIMILIANO DE ALMEIDA,0.348,MEDIA VULNERABILIDADE,False,False,CADASTRO RESERVA,0,MEDIA VULNERABILIDADE,FAIXA 2,15000,0.500,False,,False,,False,,False,,False,,False
431225,RS,MINAS DO LEAO,0.348,MEDIA VULNERABILIDADE,False,False,CADASTRO RESERVA,0,MEDIA VULNERABILIDADE,FAIXA 2,15000,0.252,False,,False,,False,,False,,False,,False
431230,RS,MIRAGUAI,0.256,BAIXA VULNERABILIDADE,False,True,NÃO ELEGIVEL,0,BAIXA VULNERABILIDADE,FAIXA 3,10000,0.252,False,,False,,False,,False,,False,,False
431235,RS,MONTAURI,0.172,MUITO BAIXA VULNERABILIDADE,False,False,NÃO ELEGIVEL,0,MUITO BAIXA VULNERABILIDADE,FAIXA 3,10000,0.170,False,,False,,False,,False,,False,,False
431237,RS,MONTE ALEGRE DOS CAMPOS,0.306,MEDIA VULNERABILIDADE,False,False,CADASTRO RESERVA,0,MEDIA VULNERABILIDADE,FAIXA 2,15000,0.312,False,,False,,False,,False,,False,,False
431238,RS,MONTE BELO DO SUL,0.159,MUITO BAIXA VULNERABILIDADE,False,False,CADASTRO RESERVA,0,MUITO BAIXA VULNERABILIDADE,FAIXA 3,10000,0.149,False,,False,,False,,False,,False,,False
431240,RS,MONTENEGRO,0.210,BAIXA VULNERABILIDADE,False,False,NÃO ELEGIVEL,0,BAIXA VULNERABILIDADE,FAIXA 3,10000,0.341,False,,False,,False,,False,,False,,False
431242,RS,MORMACO,0.321,MEDIA VULNERABILIDADE,False,False,CADASTRO RESERVA,0,MEDIA VULNERABILIDADE,FAIXA 2,15000,0.322,False,,False,,False,,False,,False,,False
431244,RS,MORRINHOS DO SUL,0.240,BAIXA VULNERABILIDADE,False,False,CADASTRO RESERVA,0,BAIXA VULNERABILIDADE,FAIXA 3,10000,0.214,False,,False,,False,,False,,False,,False
431245,RS,MORRO REDONDO,0.252,BAIXA VULNERABILIDADE,False,True,CADASTRO RESERVA,0,BAIXA VULNERABILIDADE,FAIXA 3,10000,0.257,False,,False,,False,,False,,False,,False
431247,RS,MORRO REUTER,0.137,MUITO BAIXA VULNERABILIDADE,False,False,NÃO ELEGIVEL,0,MUITO BAIXA VULNERABILIDADE,FAIXA 3,10000,0.119,False,,False,,False,,False,,False,,False
431250,RS,MOSTARDAS,0.319,MEDIA VULNERABILIDADE,False,False,CONFIRMAÇÃO DE VAGAS (ADERIDOS),1,MEDIA VULNERABILIDADE,FAIXA 2,15000,0.284,False,,False,,False,,False,,False,,False
431260,RS,MUCUM,0.148,MUITO BAIXA VULNERABILIDADE,False,False,CADASTRO RESERVA,0,MUITO BAIXA VULNERABILIDADE,FAIXA 3,10000,0.129,False,,False,,False,,False,,False,,False
431261,RS,MUITOS CAPOES,0.296,BAIXA VULNERABILIDADE,False,False,NÃO ELEGIVEL,0,BAIXA VULNERABILIDADE,FAIXA 3,10000,0.349,False,,False,,False,,False,,False,,False
431262,RS,MULITERNO,0.389,MEDIA VULNERABILIDADE,False,False,CADASTRO RESERVA,0,MEDIA VULNERABILIDADE,FAIXA 2,15000,0.363,False,,False,,False,,False,,False,,False
431265,RS,NAO-ME-TOQUE,0.139,MUITO BAIXA VULNERABILIDADE,False,False,CADASTRO RESERVA,0,MUITO BAIXA VULNERABILIDADE,FAIXA 3,10000,0.207,False,,True,FAIXA 3,True,FAIXA 3,True,FAIXA 3,False,,True
431267,RS,NICOLAU VERGUEIRO,0.225,BAIXA VULNERABILIDADE,False,False,NÃO ELEGIVEL,0,BAIXA VULNERABILIDADE,FAIXA 3,10000,0.233,False,,False,,False,,False,,False,,False
431270,RS,NONOAI,0.325,MEDIA VULNERABILIDADE,False,True,CADASTRO RESERVA,0,MEDIA VULNERABILIDADE,FAIXA 2,15000,0.296,True,FAIXA 2,True,FAIXA 2,False,,False,,False,,True
431275,RS,NOVA ALVORADA,0.187,MUITO BAIXA VULNERABILIDADE,False,False,NÃO ELEGIVEL,0,MUITO BAIXA VULNERABILIDADE,FAIXA 3,10000,0.192,False,,False,,False,,False,,False,,False
431280,RS,NOVA ARACA,0.099,MUITO BAIXA VULNERABILIDADE,False,False,CADASTRO RESERVA,0,MUITO BAIXA VULNERABILIDADE,FAIXA 3,10000,0.118,False,,False,,False,,False,,False,,False
431290,RS,NOVA BASSANO,0.143,MUITO BAIXA VULNERABILIDADE,False,False,NÃO ELEGIVEL,0,MUITO BAIXA VULNERABILIDADE,FAIXA 3,10000,0.141,False,,False,,False,,False,,False,,False
431295,RS,NOVA BOA VISTA,0.128,MUITO BAIXA VULNERABILIDADE,False,True,NÃO ELEGIVEL,0,MUITO BAIXA VULNERABILIDADE,FAIXA 3,10000,0.126,False,,False,,False,,False,,False,,False
431300,RS,NOVA BRESCIA,0.269,BAIXA VULNERABILIDADE,False,False,NÃO ELEGIVEL,0,BAIXA VULNERABILIDADE,FAIXA 3,10000,0.185,False,,False,,False,,False,,False,,False
431301,RS,NOVA CANDELARIA,0.148,MUITO BAIXA VULNERABILIDADE,False,True,NÃO ELEGIVEL,0,MUITO BAIXA VULNERABILIDADE,FAIXA 3,10000,0.138,False,,False,,False,,False,,False,,False
431303,RS,NOVA ESPERANCA DO SUL,0.146,MUITO BAIXA VULNERABILIDADE,False,True,CADASTRO RESERVA,0,MUITO BAIXA VULNERABILIDADE,FAIXA 3,10000,0.149,False,,False,,False,,False,,False,,False
431306,RS,NOVA HARTZ,0.174,MUITO BAIXA VULNERABILIDADE,False,False,CADASTRO RESERVA,0,MUITO BAIXA VULNERABILIDADE,FAIXA 3,10000,0.184,False,,False,,False,,False,,False,,False
431308,RS,NOVA PADUA,0.144,MUITO BAIXA VULNERABILIDADE,False,False,NÃO ELEGIVEL,0,MUITO BAIXA VULNERABILIDADE,FAIXA 3,10000,0.157,False,,False,,False,,False,,False,,False
431310,RS,NOVA PALMA,0.191,MUITO BAIXA VULNERABILIDADE,False,False,CADASTRO RESERVA,0,MUITO BAIXA VULNERABILIDADE,FAIXA 3,10000,0.096,False,,False,,False,,False,,False,,False
431320,RS,NOVA PETROPOLIS,0.115,MUITO BAIXA VULNERABILIDADE,False,False,CADASTRO RESERVA,0,MUITO BAIXA VULNERABILIDADE,FAIXA 3,10000,0.111,False,,False,,False,,False,,False,,False
431330,RS,NOVA PRATA,0.153,MUITO BAIXA VULNERABILIDADE,False,False,NÃO ELEGIVEL,0,MUITO BAIXA VULNERABILIDADE,FAIXA 3,10000,0.115,False,,False,,False,,False,,False,,False
431333,RS,NOVA RAMADA,0.189,MUITO BAIXA VULNERABILIDADE,False,True,CADASTRO RESERVA,0,MUITO BAIXA VULNERABILIDADE,FAIXA 3,10000,0.169,False,,False,,False,,False,,False,,False
431335,RS,NOVA ROMA DO SUL,0.286,BAIXA VULNERABILIDADE,False,False,NÃO ELEGIVEL,0,BAIXA VULNERABILIDADE,FAIXA 3,10000,0.314,False,,False,,False,,False,,False,,False
431337,RS,NOVA SANTA RITA,0.310,MEDIA VULNERABILIDADE,False,False,CADASTRO RESERVA,0,MEDIA VULNERABILIDADE,FAIXA 2,15000,0.346,False,,False,,False,,False,,True,FAIXA 2,True
431339,RS,NOVO CABRAIS,0.256,BAIXA VULNERABILIDADE,False,False,CADASTRO RESERVA,0,BAIXA VULNERABILIDADE,FAIXA 3,10000,0.253,False,,False,,False,,False,,False,,False
431340,RS,NOVO HAMBURGO,0.201,BAIXA VULNERABILIDADE,False,False,CADASTRO RESERVA,0,BAIXA VULNERABILIDADE,FAIXA 3,10000,0.228,True,FAIXA 3,True,FAIXA 3,False,,False,,False,,True
431342,RS,NOVO MACHADO,0.226,BAIXA VULNERABILIDADE,False,True,NÃO ELEGIVEL,0,BAIXA VULNERABILIDADE,FAIXA 3,10000,0.217,False,,False,,False,,False,,False,,False
431344,RS,NOVO TIRADENTES,0.293,BAIXA VULNERABILIDADE,False,True,NÃO ELEGIVEL,0,BAIXA VULNERABILIDADE,FAIXA 3,10000,0.382,False,,False,,False,,False,,False,,False
431346,RS,NOVO XINGU,0.168,MUITO BAIXA VULNERABILIDADE,False,True,CADASTRO RESERVA,0,MUITO BAIXA VULNERABILIDADE,FAIXA 3,10000,0.183,False,,False,,False,,False,,False,,False
431349,RS,NOVO BARREIRO,0.291,BAIXA VULNERABILIDADE,False,True,CONFIRMAÇÃO DE VAGAS (ADERIDOS),1,BAIXA VULNERABILIDADE,FAIXA 3,10000,0.353,False,,False,,False,,False,,False,,False
431350,RS,OSORIO,0.202,BAIXA VULNERABILIDADE,False,False,CADASTRO RESERVA,0,BAIXA VULNERABILIDADE,FAIXA 3,10000,0.180,False,,True,FAIXA 3,True,FAIXA 3,True,FAIXA 3,False,,True
431360,RS,PAIM FILHO,0.335,MEDIA VULNERABILIDADE,False,False,CADASTRO RESERVA,0,MEDIA VULNERABILIDADE,FAIXA 2,15000,0.172,False,,False,,False,,False,,False,,False
431365,RS,PALMARES DO SUL,0.273,BAIXA VULNERABILIDADE,False,False,CADASTRO RESERVA,0,BAIXA VULNERABILIDADE,FAIXA 3,10000,0.262,False,,False,,False,,False,,False,,False
431370,RS,PALMEIRA DAS MISSOES,0.268,BAIXA VULNERABILIDADE,False,True,CADASTRO RESERVA,0,BAIXA VULNERABILIDADE,FAIXA 3,10000,0.347,False,,False,,False,,False,,False,,False
431380,RS,PALMITINHO,0.255,BAIXA VULNERABILIDADE,False,True,CADASTRO RESERVA,0,BAIXA VULNERABILIDADE,FAIXA 3,10000,0.158,False,,False,,False,,False,,False,,False
431390,RS,PANAMBI,0.168,MUITO BAIXA VULNERABILIDADE,False,True,CADASTRO RESERVA,0,MUITO BAIXA VULNERABILIDADE,FAIXA 3,10000,0.203,False,,False,,False,,False,,False,,False
431395,RS,PANTANO GRANDE,0.286,BAIXA VULNERABILIDADE,False,False,CADASTRO RESERVA,0,BAIXA VULNERABILIDADE,FAIXA 3,10000,0.244,False,,False,,False,,False,,False,,False
431400,RS,PARAI,0.133,MUITO BAIXA VULNERABILIDADE,False,False,CADASTRO RESERVA,0,MUITO BAIXA VULNERABILIDADE,FAIXA 3,10000,0.200,False,,False,,False,,False,,False,,False
431402,RS,PARAISO DO SUL,0.220,BAIXA VULNERABILIDADE,False,False,CADASTRO RESERVA,0,BAIXA VULNERABILIDADE,FAIXA 3,10000,0.179,False,,False,,False,,False,,False,,False
431403,RS,PARECI NOVO,0.153,MUITO BAIXA VULNERABILIDADE,False,False,CADASTRO RESERVA,0,MUITO BAIXA VULNERABILIDADE,FAIXA 3,10000,0.145,False,,False,,False,,False,,False,,False
431405,RS,PAROBE,0.189,MUITO BAIXA VULNERABILIDADE,False,False,CADASTRO RESERVA,0,MUITO BAIXA VULNERABILIDADE,FAIXA 3,10000,0.210,True,FAIXA 3,True,FAIXA 3,True,FAIXA 3,True,FAIXA 3,False,,True
431406,RS,PASSA SETE,0.294,BAIXA VULNERABILIDADE,False,False,CADASTRO RESERVA,0,BAIXA VULNERABILIDADE,FAIXA 3,10000,0.378,False,,False,,False,,False,,False,,False
431407,RS,PASSO DO SOBRADO,0.217,BAIXA VULNERABILIDADE,False,False,CONFIRMAÇÃO DE VAGAS (ADERIDOS),1,BAIXA VULNERABILIDADE,FAIXA 3,10000,0.159,False,,False,,False,,False,,False,,False
431410,RS,PASSO FUNDO,0.210,BAIXA VULNERABILIDADE,False,False,CADASTRO RESERVA,0,BAIXA VULNERABILIDADE,FAIXA 3,10000,0.285,False,,False,,False,,False,,False,,False
431413,RS,PAULO BENTO,0.200,MUITO BAIXA VULNERABILIDADE,False,True,CADASTRO RESERVA,0,MUITO BAIXA VULNERABILIDADE,FAIXA 3,10000,0.199,False,,False,,False,,False,,False,,False
431415,RS,PAVERAMA,0.201,BAIXA VULNERABILIDADE,False,False,CADASTRO RESERVA,0,BAIXA VULNERABILIDADE,FAIXA 3,10000,0.165,False,,False,,False,,False,,False,,False
431417,RS,PEDRAS ALTAS,0.409,ALTA VULNERABILIDADE,False,True,CADASTRO RESERVA,0,ALTA VULNERABILIDADE,FAIXA 1,20000,0.429,False,,False,,False,,False,,False,,False
431420,RS,PEDRO OSORIO,0.312,MEDIA VULNERABILIDADE,False,True,CADASTRO RESERVA,0,MEDIA VULNERABILIDADE,FAIXA 2,15000,0.280,False,,False,,False,,False,,False,,False
431430,RS,PEJUCARA,0.235,BAIXA VULNERABILIDADE,False,True,CADASTRO RESERVA,0,BAIXA VULNERABILIDADE,FAIXA 3,10000,0.176,False,,False,,False,,False,,False,,False
431440,RS,PELOTAS,0.224,BAIXA VULNERABILIDADE,False,True,CONFIRMAÇÃO DE VAGAS (ADERIDOS),8,BAIXA VULNERABILIDADE,FAIXA 3,10000,0.310,True,FAIXA 3,True,FAIXA 3,True,FAIXA 3,True,FAIXA 3,True,FAIXA 3,True
431442,RS,PICADA CAFE,0.110,MUITO BAIXA VULNERABILIDADE,False,False,NÃO ELEGIVEL,0,MUITO BAIXA VULNERABILIDADE,FAIXA 3,10000,0.104,False,,False,,False,,False,,False,,False
431445,RS,PINHAL,0.269,BAIXA VULNERABILIDADE,False,True,CADASTRO RESERVA,0,BAIXA VULNERABILIDADE,FAIXA 3,10000,0.350,False,,False,,False,,False,,False,,False
431446,RS,PINHAL DA SERRA,0.304,MEDIA VULNERABILIDADE,False,False,CADASTRO RESERVA,0,MEDIA VULNERABILIDADE,FAIXA 2,15000,0.303,False,,False,,False,,False,,False,,False
431447,RS,PINHAL GRANDE,0.269,BAIXA VULNERABILIDADE,False,False,CADASTRO RESERVA,0,BAIXA VULNERABILIDADE,FAIXA 3,10000,0.283,False,,False,,False,,False,,False,,False
431449,RS,PINHEIRINHO DO VALE,0.379,MEDIA VULNERABILIDADE,False,True,CADASTRO RESERVA,0,MEDIA VULNERABILIDADE,FAIXA 2,15000,0.489,False,,False,,False,,False,,False,,False
431450,RS,PINHEIRO MACHADO,0.338,MEDIA VULNERABILIDADE,False,True,CADASTRO RESERVA,0,MEDIA VULNERABILIDADE,FAIXA 2,15000,0.288,False,,False,,False,,False,,False,,False
431454,RS,PINTO BANDEIRA,0.151,MUITO BAIXA VULNERABILIDADE,False,False,CONFIRMAÇÃO DE VAGAS (ADERIDOS),1,MUITO BAIXA VULNERABILIDADE,FAIXA 3,10000,,False,,False,,False,,False,,False,,False
431455,RS,PIRAPO,0.288,BAIXA VULNERABILIDADE,False,True,CADASTRO RESERVA,0,BAIXA VULNERABILIDADE,FAIXA 3,10000,0.337,False,,False,,False,,False,,False,,False
431460,RS,PIRATINI,0.318,MEDIA VULNERABILIDADE,False,True,CADASTRO RESERVA,0,MEDIA VULNERABILIDADE,FAIXA 2,15000,0.368,False,,False,,False,,False,,False,,False
431470,RS,PLANALTO,0.359,MEDIA VULNERABILIDADE,False,True,CADASTRO RESERVA,0,MEDIA VULNERABILIDADE,FAIXA 2,15000,0.296,False,,False,,False,,False,,False,,False
431475,RS,POCO DAS ANTAS,0.139,MUITO BAIXA VULNERABILIDADE,False,False,CADASTRO RESERVA,0,MUITO BAIXA VULNERABILIDADE,FAIXA 3,10000,0.114,False,,False,,False,,False,,False,,False
431477,RS,PONTAO,0.293,BAIXA VULNERABILIDADE,False,True,CADASTRO RESERVA,0,BAIXA VULNERABILIDADE,FAIXA 3,10000,0.317,False,,False,,False,,False,,False,,False
431478,RS,PONTE PRETA,0.196,MUITO BAIXA VULNERABILIDADE,False,True,CADASTRO RESERVA,0,MUITO BAIXA VULNERABILIDADE,FAIXA 3,10000,0.215,False,,False,,False,,False,,False,,False
431480,RS,PORTAO,0.284,BAIXA VULNERABILIDADE,False,False,CADASTRO RESERVA,0,BAIXA VULNERABILIDADE,FAIXA 3,10000,0.348,False,,False,,False,,False,,False,,False
431490,RS,PORTO ALEGRE,0.249,BAIXA VULNERABILIDADE,False,False,CONFIRMAÇÃO DE VAGAS (ADERIDOS),13,BAIXA VULNERABILIDADE,FAIXA 3,10000,0.319,True,FAIXA 3,True,FAIXA 3,False,,False,,False,,True
431500,RS,PORTO LUCENA,0.225,BAIXA VULNERABILIDADE,False,True,CADASTRO RESERVA,0,BAIXA VULNERABILIDADE,FAIXA 3,10000,0.171,False,,False,,False,,False,,False,,False
431505,RS,PORTO MAUA,0.283,BAIXA VULNERABILIDADE,False,True,CONFIRMAÇÃO DE VAGAS (ADERIDOS),1,BAIXA VULNERABILIDADE,FAIXA 3,10000,0.297,False,,False,,False,,False,,False,,False
431507,RS,PORTO VERA CRUZ,0.193,MUITO BAIXA VULNERABILIDADE,False,True,CADASTRO RESERVA,0,MUITO BAIXA VULNERABILIDADE,FAIXA 3,10000,0.185,False,,False,,False,,False,,False,,False
431510,RS,PORTO XAVIER,0.229,BAIXA VULNERABILIDADE,False,True,CADASTRO RESERVA,0,BAIXA VULNERABILIDADE,FAIXA 3,10000,0.268,False,,False,,False,,False,,False,,False
431513,RS,POUSO NOVO,0.228,BAIXA VULNERABILIDADE,False,False,CADASTRO RESERVA,0,BAIXA VULNERABILIDADE,FAIXA 3,10000,0.191,False,,False,,False,,False,,False,,False
431514,RS,PRESIDENTE LUCENA,0.217,BAIXA VULNERABILIDADE,False,False,NÃO ELEGIVEL,0,BAIXA VULNERABILIDADE,FAIXA 3,10000,0.119,False,,False,,False,,False,,False,,False
431515,RS,PROGRESSO,0.243,BAIXA VULNERABILIDADE,False,False,CADASTRO RESERVA,0,BAIXA VULNERABILIDADE,FAIXA 3,10000,0.144,False,,False,,False,,False,,False,,False
431517,RS,PROTASIO ALVES,0.210,BAIXA VULNERABILIDADE,False,False,CADASTRO RESERVA,0,BAIXA VULNERABILIDADE,FAIXA 3,10000,0.236,False,,False,,False,,False,,False,,False
431520,RS,PUTINGA,0.247,BAIXA VULNERABILIDADE,False,False,CADASTRO RESERVA,0,BAIXA VULNERABILIDADE,FAIXA 3,10000,0.295,False,,False,,False,,False,,False,,False
431530,RS,QUARAI,0.277,BAIXA VULNERABILIDADE,False,True,CADASTRO RESERVA,0,BAIXA VULNERABILIDADE,FAIXA 3,10000,0.262,False,,False,,False,,False,,False,,False
431531,RS,QUATRO IRMAOS,0.332,MEDIA VULNERABILIDADE,False,True,CADASTRO RESERVA,0,MEDIA VULNERABILIDADE,FAIXA 2,15000,0.442,False,,False,,False,,False,,False,,False
431532,RS,QUEVEDOS,0.276,BAIXA VULNERABILIDADE,False,False,CADASTRO RESERVA,0,BAIXA VULNERABILIDADE,FAIXA 3,10000,0.260,False,,False,,False,,False,,False,,False
431535,RS,QUINZE DE NOVEMBRO,0.159,MUITO BAIXA VULNERABILIDADE,False,False,CADASTRO RESERVA,0,MUITO BAIXA VULNERABILIDADE,FAIXA 3,10000,0.098,False,,False,,False,,False,,False,,False
431540,RS,REDENTORA,0.422,ALTA VULNERABILIDADE,False,True,CONFIRMAÇÃO DE VAGAS (ADERIDOS),1,ALTA VULNERABILIDADE,FAIXA 1,20000,0.314,False,,False,,False,,False,,False,,False
431545,RS,RELVADO,0.203,BAIXA VULNERABILIDADE,False,False,NÃO ELEGIVEL,0,BAIXA VULNERABILIDADE,FAIXA 3,10000,0.197,False,,False,,False,,False,,False,,False
431550,RS,RESTINGA SECA,0.251,BAIXA VULNERABILIDADE,False,False,CADASTRO RESERVA,0,BAIXA VULNERABILIDADE,FAIXA 3,10000,0.287,False,,False,,False,,False,,False,,False
431555,RS,RIO DOS INDIOS,0.341,MEDIA VULNERABILIDADE,False,True,CADASTRO RESERVA,0,MEDIA VULNERABILIDADE,FAIXA 2,15000,0.472,False,,False,,False,,False,,False,,False
431560,RS,RIO GRANDE,0.270,BAIXA VULNERABILIDADE,False,True,CONFIRMAÇÃO DE VAGAS (ADERIDOS),3,BAIXA VULNERABILIDADE,FAIXA 3,10000,0.334,True,FAIXA 3,True,FAIXA 3,True,FAIXA 3,True,FAIXA 3,True,FAIXA 3,True
431570,RS,RIO PARDO,0.303,MEDIA VULNERABILIDADE,False,False,CADASTRO RESERVA,0,MEDIA VULNERABILIDADE,FAIXA 2,15000,0.294,False,,False,,True,FAIXA 2,True,FAIXA 2,False,,True
431575,RS,RIOZINHO,0.206,BAIXA VULNERABILIDADE,False,False,NÃO ELEGIVEL,0,BAIXA VULNERABILIDADE,FAIXA 3,10000,0.149,False,,False,,False,,False,,False,,False
431580,RS,ROCA SALES,0.144,MUITO BAIXA VULNERABILIDADE,False,False,CADASTRO RESERVA,0,MUITO BAIXA VULNERABILIDADE,FAIXA 3,10000,0.116,False,,False,,False,,False,,False,,False
431590,RS,RODEIO BONITO,0.287,BAIXA VULNERABILIDADE,False,True,CONFIRMAÇÃO DE VAGAS (ADERIDOS),1,BAIXA VULNERABILIDADE,FAIXA 3,10000,0.220,False,,False,,False,,False,,False,,False
431595,RS,ROLADOR,0.282,BAIXA VULNERABILIDADE,False,True,CADASTRO RESERVA,0,BAIXA VULNERABILIDADE,FAIXA 3,10000,0.289,False,,False,,False,,False,,False,,False
431600,RS,ROLANTE,0.207,BAIXA VULNERABILIDADE,False,False,CADASTRO RESERVA,0,BAIXA VULNERABILIDADE,FAIXA 3,10000,0.189,False,,False,,True,FAIXA 3,True,FAIXA 3,False,,True
431610,RS,RONDA ALTA,0.282,BAIXA VULNERABILIDADE,False,True,CADASTRO RESERVA,0,BAIXA VULNERABILIDADE,FAIXA 3,10000,0.353,False,,False,,False,,False,,False,,False
431620,RS,RONDINHA,0.211,BAIXA VULNERABILIDADE,False,True,CADASTRO RESERVA,0,BAIXA VULNERABILIDADE,FAIXA 3,10000,0.198,False,,False,,False,,False,,False,,False
431630,RS,ROQUE GONZALES,0.248,BAIXA VULNERABILIDADE,False,True,NÃO ELEGIVEL,0,BAIXA VULNERABILIDADE,FAIXA 3,10000,0.296,False,,False,,False,,False,,False,,False
431640,RS,ROSARIO DO SUL,0.274,BAIXA VULNERABILIDADE,False,True,CADASTRO RESERVA,0,BAIXA VULNERABILIDADE,FAIXA 3,10000,0.316,False,,False,,False,,False,,False,,False
431642,RS,SAGRADA FAMILIA,0.318,MEDIA VULNERABILIDADE,False,True,CADASTRO RESERVA,0,MEDIA VULNERABILIDADE,FAIXA 2,15000,0.287,False,,False,,False,,False,,False,,False
431643,RS,SALDANHA MARINHO,0.174,MUITO BAIXA VULNERABILIDADE,False,True,CADASTRO RESERVA,0,MUITO BAIXA VULNERABILIDADE,FAIXA 3,10000,0.150,False,,False,,False,,False,,False,,False
431645,RS,SALTO DO JACUI,0.282,BAIXA VULNERABILIDADE,False,False,CADASTRO RESERVA,0,BAIXA VULNERABILIDADE,FAIXA 3,10000,0.331,False,,False,,False,,False,,False,,False
431647,RS,SALVADOR DAS MISSOES,0.128,MUITO BAIXA VULNERABILIDADE,False,True,NÃO ELEGIVEL,0,MUITO BAIXA VULNERABILIDADE,FAIXA 3,10000,0.127,False,,False,,False,,False,,False,,False
431650,RS,SALVADOR DO SUL,0.123,MUITO BAIXA VULNERABILIDADE,False,False,CADASTRO RESERVA,0,MUITO BAIXA VULNERABILIDADE,FAIXA 3,10000,0.095,False,,False,,False,,False,,False,,False
431660,RS,SANANDUVA,0.216,BAIXA VULNERABILIDADE,False,False,NÃO ELEGIVEL,0,BAIXA VULNERABILIDADE,FAIXA 3,10000,0.160,False,,False,,False,,False,,False,,False
431670,RS,SANTA BARBARA DO SUL,0.174,MUITO BAIXA VULNERABILIDADE,False,True,CADASTRO RESERVA,0,MUITO BAIXA VULNERABILIDADE,FAIXA 3,10000,0.186,False,,False,,False,,False,,False,,False
431673,RS,SANTA CECILIA DO SUL,0.213,BAIXA VULNERABILIDADE,False,False,CADASTRO RESERVA,0,BAIXA VULNERABILIDADE,FAIXA 3,10000,0.183,False,,False,,False,,False,,False,,False
431675,RS,SANTA CLARA DO SUL,0.137,MUITO BAIXA VULNERABILIDADE,False,False,NÃO ELEGIVEL,0,MUITO BAIXA VULNERABILIDADE,FAIXA 3,10000,0.087,False,,False,,False,,False,,False,,False
431680,RS,SANTA CRUZ DO SUL,0.164,MUITO BAIXA VULNERABILIDADE,False,False,CADASTRO RESERVA,0,MUITO BAIXA VULNERABILIDADE,FAIXA 3,10000,0.251,False,,False,,False,,False,,False,,False
431690,RS,SANTA MARIA,0.185,MUITO BAIXA VULNERABILIDADE,False,False,CONFIRMAÇÃO DE VAGAS (ADERIDOS),1,MUITO BAIXA VULNERABILIDADE,FAIXA 3,10000,0.281,True,FAIXA 3,True,FAIXA 3,True,FAIXA 3,True,FAIXA 3,True,FAIXA 3,True
431695,RS,SANTA MARIA DO HERVAL,0.305,MEDIA VULNERABILIDADE,False,False,NÃO ELEGIVEL,0,MEDIA VULNERABILIDADE,FAIXA 2,15000,0.297,False,,False,,False,,False,,False,,False
431697,RS,SANTA MARGARIDA DO SUL,0.231,BAIXA VULNERABILIDADE,False,True,CADASTRO RESERVA,0,BAIXA VULNERABILIDADE,FAIXA 3,10000,0.167,False,,False,,False,,False,,False,,False
431700,RS,SANTANA DA BOA VISTA,0.311,MEDIA VULNERABILIDADE,False,True,CONFIRMAÇÃO DE VAGAS (ADERIDOS),1,MEDIA VULNERABILIDADE,FAIXA 2,15000,0.235,False,,False,,False,,False,,False,,False
431710,RS,SANT'ANA DO LIVRAMENTO,0.238,BAIXA VULNERABILIDADE,False,True,CADASTRO RESERVA,0,BAIXA VULNERABILIDADE,FAIXA 3,10000,0.259,False,,False,,False,,False,,True,FAIXA 3,True
431720,RS,SANTA ROSA,0.144,MUITO BAIXA VULNERABILIDADE,False,True,CADASTRO RESERVA,0,MUITO BAIXA VULNERABILIDADE,FAIXA 3,10000,0.247,True,FAIXA 3,True,FAIXA 3,True,FAIXA 3,True,FAIXA 3,True,FAIXA 3,True
431725,RS,SANTA TEREZA,0.180,MUITO BAIXA VULNERABILIDADE,False,False,CADASTRO RESERVA,0,MUITO BAIXA VULNERABILIDADE,FAIXA 3,10000,0.187,False,,False,,False,,False,,False,,False
431730,RS,SANTA VITORIA DO PALMAR,0.248,BAIXA VULNERABILIDADE,False,True,CONFIRMAÇÃO DE VAGAS (ADERIDOS),1,BAIXA VULNERABILIDADE,FAIXA 3,10000,0.358,False,,False,,False,,False,,False,,False
431740,RS,SANTIAGO,0.184,MUITO BAIXA VULNERABILIDADE,False,True,CADASTRO RESERVA,0,MUITO BAIXA VULNERABILIDADE,FAIXA 3,10000,0.229,False,,False,,False,,False,,False,,False
431750,RS,SANTO ANGELO,0.171,MUITO BAIXA VULNERABILIDADE,False,True,CONFIRMAÇÃO DE VAGAS (ADERIDOS),1,MUITO BAIXA VULNERABILIDADE,FAIXA 3,10000,0.249,False,,False,,False,,False,,False,,False
431755,RS,SANTO ANTONIO DO PALMA,0.235,BAIXA VULNERABILIDADE,False,False,NÃO ELEGIVEL,0,BAIXA VULNERABILIDADE,FAIXA 3,10000,0.139,False,,False,,False,,False,,False,,False
431760,RS,SANTO ANTONIO DA PATRULHA,0.214,BAIXA VULNERABILIDADE,False,False,CADASTRO RESERVA,0,BAIXA VULNERABILIDADE,FAIXA 3,10000,0.181,False,,False,,False,,False,,False,,False
431770,RS,SANTO ANTONIO DAS MISSOES,0.325,MEDIA VULNERABILIDADE,False,True,CADASTRO RESERVA,0,MEDIA VULNERABILIDADE,FAIXA 2,15000,0.375,False,,False,,False,,False,,False,,False
431775,RS,SANTO ANTONIO DO PLANALTO,0.183,MUITO BAIXA VULNERABILIDADE,False,False,CADASTRO RESERVA,0,MUITO BAIXA VULNERABILIDADE,FAIXA 3,10000,0.138,False,,False,,False,,False,,False,,False
431780,RS,SANTO AUGUSTO,0.227,BAIXA VULNERABILIDADE,False,True,CADASTRO RESERVA,0,BAIXA VULNERABILIDADE,FAIXA 3,10000,0.373,False,,False,,False,,False,,False,,False
431790,RS,SANTO CRISTO,0.191,MUITO BAIXA VULNERABILIDADE,False,True,CADASTRO RESERVA,0,MUITO BAIXA VULNERABILIDADE,FAIXA 3,10000,0.126,False,,False,,False,,False,,False,,False
431795,RS,SANTO EXPEDITO DO SUL,0.280,BAIXA VULNERABILIDADE,False,False,NÃO ELEGIVEL,0,BAIXA VULNERABILIDADE,FAIXA 3,10000,0.260,False,,False,,False,,False,,False,,False
431800,RS,SAO BORJA,0.234,BAIXA VULNERABILIDADE,False,True,CONFIRMAÇÃO DE VAGAS (ADERIDOS),1,BAIXA VULNERABILIDADE,FAIXA 3,10000,0.298,True,FAIXA 3,True,FAIXA 3,True,FAIXA 3,True,FAIXA 3,True,FAIXA 3,True
431805,RS,SAO DOMINGOS DO SUL,0.279,BAIXA VULNERABILIDADE,False,False,NÃO ELEGIVEL,0,BAIXA VULNERABILIDADE,FAIXA 3,10000,0.131,False,,False,,False,,False,,False,,False
431810,RS,SAO FRANCISCO DE ASSIS,0.299,BAIXA VULNERABILIDADE,False,True,CADASTRO RESERVA,0,BAIXA VULNERABILIDADE,FAIXA 3,10000,0.347,False,,False,,False,,False,,False,,False
431820,RS,SAO FRANCISCO DE PAULA,0.300,BAIXA VULNERABILIDADE,False,False,CADASTRO RESERVA,0,BAIXA VULNERABILIDADE,FAIXA 3,10000,0.318,False,,False,,False,,False,,False,,False
431830,RS,SAO GABRIEL,0.271,BAIXA VULNERABILIDADE,False,True,CADASTRO RESERVA,0,BAIXA VULNERABILIDADE,FAIXA 3,10000,0.355,False,,False,,False,,False,,False,,False
431840,RS,SAO JERONIMO,0.261,BAIXA VULNERABILIDADE,False,False,CADASTRO RESERVA,0,BAIXA VULNERABILIDADE,FAIXA 3,10000,0.212,False,,False,,False,,False,,False,,False
431842,RS,SAO JOAO DA URTIGA,0.259,BAIXA VULNERABILIDADE,False,False,CADASTRO RESERVA,0,BAIXA VULNERABILIDADE,FAIXA 3,10000,0.183,False,,False,,False,,False,,False,,False
431843,RS,SAO JOAO DO POLESINE,0.228,BAIXA VULNERABILIDADE,False,False,CADASTRO RESERVA,0,BAIXA VULNERABILIDADE,FAIXA 3,10000,0.187,False,,False,,False,,False,,False,,False
431844,RS,SAO JORGE,0.172,MUITO BAIXA VULNERABILIDADE,False,False,CADASTRO RESERVA,0,MUITO BAIXA VULNERABILIDADE,FAIXA 3,10000,0.153,False,,False,,False,,False,,False,,False
431845,RS,SAO JOSE DAS MISSOES,0.263,BAIXA VULNERABILIDADE,False,True,CADASTRO RESERVA,0,BAIXA VULNERABILIDADE,FAIXA 3,10000,0.270,False,,False,,False,,False,,False,,False
431846,RS,SAO JOSE DO HERVAL,0.369,MEDIA VULNERABILIDADE,False,False,NÃO ELEGIVEL,0,MEDIA VULNERABILIDADE,FAIXA 2,15000,0.299,False,,False,,False,,False,,False,,False
431848,RS,SAO JOSE DO HORTENCIO,0.174,MUITO BAIXA VULNERABILIDADE,False,False,CADASTRO RESERVA,0,MUITO BAIXA VULNERABILIDADE,FAIXA 3,10000,0.111,False,,False,,False,,False,,False,,False
431849,RS,SAO JOSE DO INHACORA,0.206,BAIXA VULNERABILIDADE,False,True,NÃO ELEGIVEL,0,BAIXA VULNERABILIDADE,FAIXA 3,10000,0.112,False,,False,,False,,False,,False,,False
431850,RS,SAO JOSE DO NORTE,0.366,MEDIA VULNERABILIDADE,False,True,CADASTRO RESERVA,0,MEDIA VULNERABILIDADE,FAIXA 2,15000,0.383,False,,False,,False,,False,,False,,False
431860,RS,SAO JOSE DO OURO,0.236,BAIXA VULNERABILIDADE,False,False,CADASTRO RESERVA,0,BAIXA VULNERABILIDADE,FAIXA 3,10000,0.210,False,,False,,False,,False,,False,,False
431861,RS,SAO JOSE DO SUL,0.165,MUITO BAIXA VULNERABILIDADE,False,False,CADASTRO RESERVA,0,MUITO BAIXA VULNERABILIDADE,FAIXA 3,10000,0.164,False,,False,,False,,False,,False,,False
431862,RS,SAO JOSE DOS AUSENTES,0.325,MEDIA VULNERABILIDADE,False,False,CADASTRO RESERVA,0,MEDIA VULNERABILIDADE,FAIXA 2,15000,0.389,False,,False,,False,,False,,False,,False
431870,RS,SAO LEOPOLDO,0.240,BAIXA VULNERABILIDADE,False,False,CADASTRO RESERVA,0,BAIXA VULNERABILIDADE,FAIXA 3,10000,0.323,False,,False,,False,,False,,False,,False
431880,RS,SAO LOURENCO DO SUL,0.269,BAIXA VULNERABILIDADE,False,True,CONFIRMAÇÃO DE VAGAS (ADERIDOS),1,BAIXA VULNERABILIDADE,FAIXA 3,10000,0.474,False,,False,,False,,False,,False,,False
431890,RS,SAO LUIZ GONZAGA,0.254,BAIXA VULNERABILIDADE,False,True,CADASTRO RESERVA,0,BAIXA VULNERABILIDADE,FAIXA 3,10000,0.321,False,,False,,False,,False,,False,,False
431900,RS,SAO MARCOS,0.130,MUITO BAIXA VULNERABILIDADE,False,False,CADASTRO RESERVA,0,MUITO BAIXA VULNERABILIDADE,FAIXA 3,10000,0.146,False,,False,,False,,False,,False,,False
431910,RS,SAO MARTINHO,0.211,BAIXA VULNERABILIDADE,False,True,CADASTRO RESERVA,0,BAIXA VULNERABILIDADE,FAIXA 3,10000,0.174,False,,False,,False,,False,,False,,False
431912,RS,SAO MARTINHO DA SERRA,0.313,MEDIA VULNERABILIDADE,False,False,CADASTRO RESERVA,0,MEDIA VULNERABILIDADE,FAIXA 2,15000,0.268,False,,False,,False,,False,,False,,False
431915,RS,SAO MIGUEL DAS MISSOES,0.253,BAIXA VULNERABILIDADE,False,True,CADASTRO RESERVA,0,BAIXA VULNERABILIDADE,FAIXA 3,10000,0.339,False,,False,,False,,False,,False,,False
431920,RS,SAO NICOLAU,0.343,MEDIA VULNERABILIDADE,False,True,NÃO ELEGIVEL,0,MEDIA VULNERABILIDADE,FAIXA 2,15000,0.375,False,,False,,False,,False,,False,,False
431930,RS,SAO PAULO DAS MISSOES,0.209,BAIXA VULNERABILIDADE,False,True,CADASTRO RESERVA,0,BAIXA VULNERABILIDADE,FAIXA 3,10000,0.272,False,,False,,False,,False,,False,,False
431935,RS,SAO PEDRO DA SERRA,0.172,MUITO BAIXA VULNERABILIDADE,False,False,CADASTRO RESERVA,0,MUITO BAIXA VULNERABILIDADE,FAIXA 3,10000,0.165,False,,False,,False,,False,,False,,False
431936,RS,SAO PEDRO DAS MISSOES,0.267,BAIXA VULNERABILIDADE,False,True,CADASTRO RESERVA,0,BAIXA VULNERABILIDADE,FAIXA 3,10000,0.208,False,,False,,False,,False,,False,,False
431937,RS,SAO PEDRO DO BUTIA,0.128,MUITO BAIXA VULNERABILIDADE,False,True,CADASTRO RESERVA,0,MUITO BAIXA VULNERABILIDADE,FAIXA 3,10000,0.108,False,,False,,False,,False,,False,,False
431940,RS,SAO PEDRO DO SUL,0.234,BAIXA VULNERABILIDADE,False,False,CADASTRO RESERVA,0,BAIXA VULNERABILIDADE,FAIXA 3,10000,0.345,False,,False,,False,,False,,False,,False
431950,RS,SAO SEBASTIAO DO CAI,0.223,BAIXA VULNERABILIDADE,False,False,CONFIRMAÇÃO DE VAGAS (ADERIDOS),1,BAIXA VULNERABILIDADE,FAIXA 3,10000,0.159,False,,False,,False,,False,,False,,False
431960,RS,SAO SEPE,0.232,BAIXA VULNERABILIDADE,False,True,CADASTRO RESERVA,0,BAIXA VULNERABILIDADE,FAIXA 3,10000,0.316,False,,False,,False,,False,,False,,False
431970,RS,SAO VALENTIM,0.271,BAIXA VULNERABILIDADE,False,True,CADASTRO RESERVA,0,BAIXA VULNERABILIDADE,FAIXA 3,10000,0.205,False,,False,,False,,False,,False,,False
431971,RS,SAO VALENTIM DO SUL,0.153,MUITO BAIXA VULNERABILIDADE,False,False,NÃO ELEGIVEL,0,MUITO BAIXA VULNERABILIDADE,FAIXA 3,10000,0.149,False,,False,,False,,False,,False,,False
431973,RS,SAO VALERIO DO SUL,0.453,ALTA VULNERABILIDADE,False,True,CADASTRO RESERVA,0,ALTA VULNERABILIDADE,FAIXA 1,20000,0.449,False,,False,,False,,False,,False,,False
431975,RS,SAO VENDELINO,0.105,MUITO BAIXA VULNERABILIDADE,False,False,CADASTRO RESERVA,0,MUITO BAIXA VULNERABILIDADE,FAIXA 3,10000,0.097,False,,False,,False,,False,,False,,False
431980,RS,SAO VICENTE DO SUL,0.283,BAIXA VULNERABILIDADE,False,True,CADASTRO RESERVA,0,BAIXA VULNERABILIDADE,FAIXA 3,10000,0.406,False,,False,,False,,False,,False,,False
431990,RS,SAPIRANGA,0.191,MUITO BAIXA VULNERABILIDADE,False,False,CONFIRMAÇÃO DE VAGAS (ADERIDOS),1,MUITO BAIXA VULNERABILIDADE,FAIXA 3,10000,0.194,False,,False,,True,FAIXA 3,True,FAIXA 3,False,,True
432000,RS,SAPUCAIA DO SUL,0.281,BAIXA VULNERABILIDADE,False,False,CADASTRO RESERVA,0,BAIXA VULNERABILIDADE,FAIXA 3,10000,0.246,False,,False,,True,FAIXA 3,True,FAIXA 3,True,FAIXA 3,True
432010,RS,SARANDI,0.189,MUITO BAIXA VULNERABILIDADE,False,True,CADASTRO RESERVA,0,MUITO BAIXA VULNERABILIDADE,FAIXA 3,10000,0.231,False,,False,,False,,False,,False,,False
432020,RS,SEBERI,0.252,BAIXA VULNERABILIDADE,False,True,CONFIRMAÇÃO DE VAGAS (ADERIDOS),1,BAIXA VULNERABILIDADE,FAIXA 3,10000,0.238,False,,False,,True,FAIXA 3,True,FAIXA 3,False,,True
432023,RS,SEDE NOVA,0.237,BAIXA VULNERABILIDADE,False,True,NÃO ELEGIVEL,0,BAIXA VULNERABILIDADE,FAIXA 3,10000,0.202,False,,False,,False,,False,,False,,False
432026,RS,SEGREDO,0.283,BAIXA VULNERABILIDADE,False,False,CONFIRMAÇÃO DE VAGAS (ADERIDOS),1,BAIXA VULNERABILIDADE,FAIXA 3,10000,0.362,False,,False,,False,,False,,False,,False
432030,RS,SELBACH,0.218,BAIXA VULNERABILIDADE,False,False,CADASTRO RESERVA,0,BAIXA VULNERABILIDADE,FAIXA 3,10000,0.290,False,,False,,False,,False,,False,,False
432032,RS,SENADOR SALGADO FILHO,0.233,BAIXA VULNERABILIDADE,False,True,CADASTRO RESERVA,0,BAIXA VULNERABILIDADE,FAIXA 3,10000,0.227,False,,False,,False,,False,,False,,False
432035,RS,SENTINELA DO SUL,0.250,BAIXA VULNERABILIDADE,False,False,CADASTRO RESERVA,0,BAIXA VULNERABILIDADE,FAIXA 3,10000,0.296,False,,False,,False,,False,,False,,False
432040,RS,SERAFINA CORREA,0.174,MUITO BAIXA VULNERABILIDADE,False,False,CONFIRMAÇÃO DE VAGAS (ADERIDOS),1,MUITO BAIXA VULNERABILIDADE,FAIXA 3,10000,0.121,False,,False,,False,,False,,False,,False
432045,RS,SERIO,0.281,BAIXA VULNERABILIDADE,False,False,CADASTRO RESERVA,0,BAIXA VULNERABILIDADE,FAIXA 3,10000,0.254,False,,False,,False,,False,,False,,False
432050,RS,SERTAO,0.275,BAIXA VULNERABILIDADE,False,False,CONFIRMAÇÃO DE VAGAS (ADERIDOS),1,BAIXA VULNERABILIDADE,FAIXA 3,10000,0.427,False,,False,,False,,False,,False,,False
432055,RS,SERTAO SANTANA,0.296,BAIXA VULNERABILIDADE,False,False,CADASTRO RESERVA,0,BAIXA VULNERABILIDADE,FAIXA 3,10000,0.165,False,,False,,False,,False,,False,,False
432057,RS,SETE DE SETEMBRO,0.264,BAIXA VULNERABILIDADE,False,True,NÃO ELEGIVEL,0,BAIXA VULNERABILIDADE,FAIXA 3,10000,0.285,False,,False,,False,,False,,False,,False
432060,RS,SEVERIANO DE ALMEIDA,0.246,BAIXA VULNERABILIDADE,False,False,CADASTRO RESERVA,0,BAIXA VULNERABILIDADE,FAIXA 3,10000,0.124,False,,False,,False,,False,,False,,False
432065,RS,SILVEIRA MARTINS,0.257,BAIXA VULNERABILIDADE,False,False,CADASTRO RESERVA,0,BAIXA VULNERABILIDADE,FAIXA 3,10000,0.182,False,,False,,False,,False,,False,,False
432067,RS,SINIMBU,0.279,BAIXA VULNERABILIDADE,False,False,CONFIRMAÇÃO DE VAGAS (ADERIDOS),1,BAIXA VULNERABILIDADE,FAIXA 3,10000,0.272,False,,False,,False,,False,,False,,False
432070,RS,SOBRADINHO,0.233,BAIXA VULNERABILIDADE,False,False,CADASTRO RESERVA,0,BAIXA VULNERABILIDADE,FAIXA 3,10000,0.327,False,,False,,False,,False,,False,,False
432080,RS,SOLEDADE,0.279,BAIXA VULNERABILIDADE,False,False,CADASTRO RESERVA,0,BAIXA VULNERABILIDADE,FAIXA 3,10000,0.343,False,,False,,False,,False,,False,,False
432085,RS,TABAI,0.240,BAIXA VULNERABILIDADE,False,False,CADASTRO RESERVA,0,BAIXA VULNERABILIDADE,FAIXA 3,10000,0.166,False,,False,,False,,False,,False,,False
432090,RS,TAPEJARA,0.167,MUITO BAIXA VULNERABILIDADE,False,False,CADASTRO RESERVA,0,MUITO BAIXA VULNERABILIDADE,FAIXA 3,10000,0.200,False,,False,,False,,False,,False,,False
432100,RS,TAPERA,0.168,MUITO BAIXA VULNERABILIDADE,False,False,CADASTRO RESERVA,0,MUITO BAIXA VULNERABILIDADE,FAIXA 3,10000,0.154,False,,False,,False,,False,,False,,False
432110,RS,TAPES,0.257,BAIXA VULNERABILIDADE,False,False,CONFIRMAÇÃO DE VAGAS (ADERIDOS),1,BAIXA VULNERABILIDADE,FAIXA 3,10000,0.318,False,,False,,False,,False,,False,,False
432120,RS,TAQUARA,0.194,MUITO BAIXA VULNERABILIDADE,False,False,CADASTRO RESERVA,0,MUITO BAIXA VULNERABILIDADE,FAIXA 3,10000,0.256,False,,False,,False,,False,,False,,False
432130,RS,TAQUARI,0.238,BAIXA VULNERABILIDADE,False,False,CONFIRMAÇÃO DE VAGAS (ADERIDOS),1,BAIXA VULNERABILIDADE,FAIXA 3,10000,0.251,False,,False,,False,,False,,False,,False
432132,RS,TAQUARUCU DO SUL,0.234,BAIXA VULNERABILIDADE,False,True,CADASTRO RESERVA,0,BAIXA VULNERABILIDADE,FAIXA 3,10000,0.237,False,,False,,False,,False,,False,,False
432135,RS,TAVARES,0.266,BAIXA VULNERABILIDADE,False,False,CADASTRO RESERVA,0,BAIXA VULNERABILIDADE,FAIXA 3,10000,0.261,False,,False,,False,,False,,False,,False
432140,RS,TENENTE PORTELA,0.322,MEDIA VULNERABILIDADE,False,True,CADASTRO RESERVA,0,MEDIA VULNERABILIDADE,FAIXA 2,15000,0.381,False,,False,,True,FAIXA 2,True,FAIXA 2,True,FAIXA 2,True
432143,RS,TERRA DE AREIA,0.241,BAIXA VULNERABILIDADE,False,False,CADASTRO RESERVA,0,BAIXA VULNERABILIDADE,FAIXA 3,10000,0.175,False,,False,,False,,False,,False,,False
432145,RS,TEUTONIA,0.119,MUITO BAIXA VULNERABILIDADE,False,False,CADASTRO RESERVA,0,MUITO BAIXA VULNERABILIDADE,FAIXA 3,10000,0.103,False,,False,,False,,False,,False,,False
432146,RS,TIO HUGO,0.332,MEDIA VULNERABILIDADE,False,False,CADASTRO RESERVA,0,MEDIA VULNERABILIDADE,FAIXA 2,15000,0.212,False,,False,,False,,False,,False,,False
432147,RS,TIRADENTES DO SUL,0.280,BAIXA VULNERABILIDADE,False,True,CADASTRO RESERVA,0,BAIXA VULNERABILIDADE,FAIXA 3,10000,0.360,False,,False,,False,,False,,False,,False
432149,RS,TOROPI,0.254,BAIXA VULNERABILIDADE,False,False,CADASTRO RESERVA,0,BAIXA VULNERABILIDADE,FAIXA 3,10000,0.255,False,,False,,False,,False,,False,,False
432150,RS,TORRES,0.170,MUITO BAIXA VULNERABILIDADE,False,False,CADASTRO RESERVA,0,MUITO BAIXA VULNERABILIDADE,FAIXA 3,10000,0.172,False,,False,,False,,False,,False,,False
432160,RS,TRAMANDAI,0.235,BAIXA VULNERABILIDADE,False,False,CONFIRMAÇÃO DE VAGAS (ADERIDOS),1,BAIXA VULNERABILIDADE,FAIXA 3,10000,0.287,False,,False,,False,,False,,False,,False
432162,RS,TRAVESSEIRO,0.174,MUITO BAIXA VULNERABILIDADE,False,False,NÃO ELEGIVEL,0,MUITO BAIXA VULNERABILIDADE,FAIXA 3,10000,0.137,False,,False,,False,,False,,False,,False
432163,RS,TRES ARROIOS,0.136,MUITO BAIXA VULNERABILIDADE,False,False,CADASTRO RESERVA,0,MUITO BAIXA VULNERABILIDADE,FAIXA 3,10000,0.141,False,,False,,False,,False,,False,,False
432166,RS,TRES CACHOEIRAS,0.184,MUITO BAIXA VULNERABILIDADE,False,False,NÃO ELEGIVEL,0,MUITO BAIXA VULNERABILIDADE,FAIXA 3,10000,0.177,False,,False,,False,,False,,False,,False
432170,RS,TRES COROAS,0.173,MUITO BAIXA VULNERABILIDADE,False,False,CADASTRO RESERVA,0,MUITO BAIXA VULNERABILIDADE,FAIXA 3,10000,0.161,False,,False,,False,,False,,False,,False
432180,RS,TRES DE MAIO,0.210,BAIXA VULNERABILIDADE,False,True,CADASTRO RESERVA,0,BAIXA VULNERABILIDADE,FAIXA 3,10000,0.182,False,,False,,False,,False,,False,,False
432183,RS,TRES FORQUILHAS,0.280,BAIXA VULNERABILIDADE,False,False,NÃO ELEGIVEL,0,BAIXA VULNERABILIDADE,FAIXA 3,10000,0.288,False,,False,,False,,False,,False,,False
432185,RS,TRES PALMEIRAS,0.393,MEDIA VULNERABILIDADE,False,True,CONFIRMAÇÃO DE VAGAS (ADERIDOS),1,MEDIA VULNERABILIDADE,FAIXA 2,15000,0.244,False,,False,,False,,False,,False,,False
432190,RS,TRES PASSOS,0.161,MUITO BAIXA VULNERABILIDADE,False,True,CADASTRO RESERVA,0,MUITO BAIXA VULNERABILIDADE,FAIXA 3,10000,0.151,False,,True,FAIXA 3,True,FAIXA 3,True,FAIXA 3,False,,True
432195,RS,TRINDADE DO SUL,0.363,MEDIA VULNERABILIDADE,False,True,CADASTRO RESERVA,0,MEDIA VULNERABILIDADE,FAIXA 2,15000,0.479,False,,False,,False,,False,,False,,False
432200,RS,TRIUNFO,0.244,BAIXA VULNERABILIDADE,False,False,CADASTRO RESERVA,0,BAIXA VULNERABILIDADE,FAIXA 3,10000,0.218,False,,False,,False,,False,,False,,False
432210,RS,TUCUNDUVA,0.176,MUITO BAIXA VULNERABILIDADE,False,True,NÃO ELEGIVEL,0,MUITO BAIXA VULNERABILIDADE,FAIXA 3,10000,0.177,False,,False,,False,,False,,False,,False
432215,RS,TUNAS,0.381,MEDIA VULNERABILIDADE,False,False,CONFIRMAÇÃO DE VAGAS (ADERIDOS),1,MEDIA VULNERABILIDADE,FAIXA 2,15000,0.540,False,,False,,False,,False,,False,,False
432218,RS,TUPANCI DO SUL,0.244,BAIXA VULNERABILIDADE,False,False,NÃO ELEGIVEL,0,BAIXA VULNERABILIDADE,FAIXA 3,10000,0.239,False,,False,,False,,False,,False,,False
432220,RS,TUPANCIRETA,0.303,MEDIA VULNERABILIDADE,False,True,CADASTRO RESERVA,0,MEDIA VULNERABILIDADE,FAIXA 2,15000,0.278,False,,False,,False,,False,,False,,False
432225,RS,TUPANDI,0.124,MUITO BAIXA VULNERABILIDADE,False,False,CADASTRO RESERVA,0,MUITO BAIXA VULNERABILIDADE,FAIXA 3,10000,0.115,False,,False,,False,,False,,False,,False
432230,RS,TUPARENDI,0.177,MUITO BAIXA VULNERABILIDADE,False,True,CADASTRO RESERVA,0,MUITO BAIXA VULNERABILIDADE,FAIXA 3,10000,0.161,False,,False,,False,,False,,False,,False
432232,RS,TURUCU,0.254,BAIXA VULNERABILIDADE,False,True,CADASTRO RESERVA,0,BAIXA VULNERABILIDADE,FAIXA 3,10000,0.253,False,,False,,False,,False,,False,,False
432234,RS,UBIRETAMA,0.242,BAIXA VULNERABILIDADE,False,True,CADASTRO RESERVA,0,BAIXA VULNERABILIDADE,FAIXA 3,10000,0.269,False,,False,,False,,False,,False,,False
432235,RS,UNIAO DA SERRA,0.171,MUITO BAIXA VULNERABILIDADE,False,False,NÃO ELEGIVEL,0,MUITO BAIXA VULNERABILIDADE,FAIXA 3,10000,0.171,False,,False,,False,,False,,False,,False
432237,RS,UNISTALDA,0.283,BAIXA VULNERABILIDADE,False,True,CADASTRO RESERVA,0,BAIXA VULNERABILIDADE,FAIXA 3,10000,0.314,False,,False,,False,,False,,False,,False
432240,RS,URUGUAIANA,0.244,BAIXA VULNERABILIDADE,False,True,CONFIRMAÇÃO DE VAGAS (ADERIDOS),5,BAIXA VULNERABILIDADE,FAIXA 3,10000,0.300,True,FAIXA 3,True,FAIXA 3,True,FAIXA 3,True,FAIXA 3,False,,True
432250,RS,VACARIA,0.241,BAIXA VULNERABILIDADE,False,False,CADASTRO RESERVA,0,BAIXA VULNERABILIDADE,FAIXA 3,10000,0.321,False,,False,,False,,False,,False,,False
432252,RS,VALE VERDE,0.272,BAIXA VULNERABILIDADE,False,False,CADASTRO RESERVA,0,BAIXA VULNERABILIDADE,FAIXA 3,10000,0.251,False,,False,,False,,False,,False,,False
432253,RS,VALE DO SOL,0.207,BAIXA VULNERABILIDADE,False,False,CONFIRMAÇÃO DE VAGAS (ADERIDOS),1,BAIXA VULNERABILIDADE,FAIXA 3,10000,0.223,False,,False,,False,,False,,False,,False
432254,RS,VALE REAL,0.202,BAIXA VULNERABILIDADE,False,False,CADASTRO RESERVA,0,BAIXA VULNERABILIDADE,FAIXA 3,10000,0.274,False,,False,,False,,False,,False,,False
432255,RS,VANINI,0.164,MUITO BAIXA VULNERABILIDADE,False,False,NÃO ELEGIVEL,0,MUITO BAIXA VULNERABILIDADE,FAIXA 3,10000,0.132,False,,False,,False,,False,,False,,False
432260,RS,VENANCIO AIRES,0.173,MUITO BAIXA VULNERABILIDADE,False,False,CADASTRO RESERVA,0,MUITO BAIXA VULNERABILIDADE,FAIXA 3,10000,0.199,False,,False,,False,,False,,False,,False
432270,RS,VERA CRUZ,0.178,MUITO BAIXA VULNERABILIDADE,False,False,NÃO ELEGIVEL,0,MUITO BAIXA VULNERABILIDADE,FAIXA 3,10000,0.144,False,,False,,False,,False,,False,,False
432280,RS,VERANOPOLIS,0.132,MUITO BAIXA VULNERABILIDADE,False,False,CADASTRO RESERVA,0,MUITO BAIXA VULNERABILIDADE,FAIXA 3,10000,0.128,False,,False,,False,,False,,False,,False
432285,RS,VESPASIANO CORREA,0.150,MUITO BAIXA VULNERABILIDADE,False,False,NÃO ELEGIVEL,0,MUITO BAIXA VULNERABILIDADE,FAIXA 3,10000,0.160,False,,False,,False,,False,,False,,False
432290,RS,VIADUTOS,0.336,MEDIA VULNERABILIDADE,False,False,CADASTRO RESERVA,0,MEDIA VULNERABILIDADE,FAIXA 2,15000,0.315,False,,False,,False,,False,,False,,False
432300,RS,VIAMAO,0.333,MEDIA VULNERABILIDADE,False,False,CONFIRMAÇÃO DE VAGAS (ADERIDOS),3,MEDIA VULNERABILIDADE,FAIXA 2,15000,0.374,False,,False,,False,,False,,False,,False
432310,RS,VICENTE DUTRA,0.419,ALTA VULNERABILIDADE,False,True,CADASTRO RESERVA,0,ALTA VULNERABILIDADE,FAIXA 1,20000,0.547,False,,False,,False,,False,,False,,False
432320,RS,VICTOR GRAEFF,0.143,MUITO BAIXA VULNERABILIDADE,False,False,NÃO ELEGIVEL,0,MUITO BAIXA VULNERABILIDADE,FAIXA 3,10000,0.150,False,,False,,False,,False,,False,,False
432330,RS,VILA FLORES,0.125,MUITO BAIXA VULNERABILIDADE,False,False,CADASTRO RESERVA,0,MUITO BAIXA VULNERABILIDADE,FAIXA 3,10000,0.092,False,,False,,False,,False,,False,,False
432335,RS,VILA LANGARO,0.266,BAIXA VULNERABILIDADE,False,False,NÃO ELEGIVEL,0,BAIXA VULNERABILIDADE,FAIXA 3,10000,0.329,False,,False,,False,,False,,False,,False
432340,RS,VILA MARIA,0.185,MUITO BAIXA VULNERABILIDADE,False,False,CADASTRO RESERVA,0,MUITO BAIXA VULNERABILIDADE,FAIXA 3,10000,0.154,False,,False,,False,,False,,False,,False
432345,RS,VILA NOVA DO SUL,0.289,BAIXA VULNERABILIDADE,False,True,CADASTRO RESERVA,0,BAIXA VULNERABILIDADE,FAIXA 3,10000,0.201,False,,False,,False,,False,,False,,False
432350,RS,VISTA ALEGRE,0.237,BAIXA VULNERABILIDADE,False,True,CADASTRO RESERVA,0,BAIXA VULNERABILIDADE,FAIXA 3,10000,0.185,False,,False,,False,,False,,False,,False
432360,RS,VISTA ALEGRE DO PRATA,0.324,MEDIA VULNERABILIDADE,False,False,NÃO ELEGIVEL,0,MEDIA VULNERABILIDADE,FAIXA 2,15000,0.237,False,,False,,False,,False,,False,,False
432370,RS,VISTA GAUCHA,0.227,BAIXA VULNERABILIDADE,False,True,CADASTRO RESERVA,0,BAIXA VULNERABILIDADE,FAIXA 3,10000,0.258,False,,False,,False,,False,,False,,False
432375,RS,VITORIA DAS MISSOES,0.283,BAIXA VULNERABILIDADE,False,True,NÃO ELEGIVEL,0,BAIXA VULNERABILIDADE,FAIXA 3,10000,0.288,False,,False,,False,,False,,False,,False
432377,RS,WESTFALIA,0.102,MUITO BAIXA VULNERABILIDADE,False,False,NÃO ELEGIVEL,0,MUITO BAIXA VULNERABILIDADE,FAIXA 3,10000,0.096,False,,False,,False,,False,,False,,False
432380,RS,XANGRI-LA,0.177,MUITO BAIXA VULNERABILIDADE,False,False,NÃO ELEGIVEL,0,MUITO BAIXA VULNERABILIDADE,FAIXA 3,10000,0.175,False,,False,,False,,False,,False,,False
500020,MS,AGUA CLARA,0.347,MEDIA VULNERABILIDADE,False,False,NÃO ELEGIVEL,0,MEDIA VULNERABILIDADE,FAIXA 2,15000,0.318,False,,False,,False,,False,,False,,False
500025,MS,ALCINOPOLIS,0.227,BAIXA VULNERABILIDADE,False,False,CADASTRO RESERVA,0,BAIXA VULNERABILIDADE,FAIXA 3,10000,0.227,False,,False,,False,,False,,False,,False
500060,MS,AMAMBAI,0.375,MEDIA VULNERABILIDADE,False,True,CADASTRO RESERVA,0,MEDIA VULNERABILIDADE,FAIXA 2,15000,0.293,False,,False,,False,,False,,True,FAIXA 2,True
500070,MS,ANASTACIO,0.315,MEDIA VULNERABILIDADE,False,True,NÃO ELEGIVEL,0,MEDIA VULNERABILIDADE,FAIXA 2,15000,0.351,False,,False,,False,,False,,False,,False
500080,MS,ANAURILANDIA,0.294,BAIXA VULNERABILIDADE,False,False,NÃO ELEGIVEL,0,BAIXA VULNERABILIDADE,FAIXA 3,10000,0.322,False,,False,,False,,False,,False,,False
500085,MS,ANGELICA,0.337,MEDIA VULNERABILIDADE,False,False,CADASTRO RESERVA,0,MEDIA VULNERABILIDADE,FAIXA 2,15000,0.347,False,,False,,False,,False,,False,,False
500090,MS,ANTONIO JOAO,0.397,MEDIA VULNERABILIDADE,False,True,CADASTRO RESERVA,0,MEDIA VULNERABILIDADE,FAIXA 2,15000,0.342,False,,False,,False,,False,,False,,False
500100,MS,APARECIDA DO TABOADO,0.271,BAIXA VULNERABILIDADE,False,False,CADASTRO RESERVA,0,BAIXA VULNERABILIDADE,FAIXA 3,10000,0.317,False,,False,,False,,False,,True,FAIXA 3,True
500110,MS,AQUIDAUANA,0.329,MEDIA VULNERABILIDADE,False,True,CADASTRO RESERVA,0,MEDIA VULNERABILIDADE,FAIXA 2,15000,0.341,True,FAIXA 2,True,FAIXA 2,True,FAIXA 2,True,FAIXA 2,True,FAIXA 2,True
500124,MS,ARAL MOREIRA,0.375,MEDIA VULNERABILIDADE,False,True,CADASTRO RESERVA,0,MEDIA VULNERABILIDADE,FAIXA 2,15000,0.293,False,,False,,False,,False,,False,,False
500150,MS,BANDEIRANTES,0.306,MEDIA VULNERABILIDADE,False,False,CADASTRO RESERVA,0,MEDIA VULNERABILIDADE,FAIXA 2,15000,0.239,False,,False,,False,,False,,False,,False
500190,MS,BATAGUASSU,0.271,BAIXA VULNERABILIDADE,False,False,CADASTRO RESERVA,0,BAIXA VULNERABILIDADE,FAIXA 3,10000,0.286,False,,False,,False,,False,,False,,False
500200,MS,BATAYPORA,0.306,MEDIA VULNERABILIDADE,False,False,NÃO ELEGIVEL,0,MEDIA VULNERABILIDADE,FAIXA 2,15000,0.262,False,,False,,False,,False,,False,,False
500210,MS,BELA VISTA,0.377,MEDIA VULNERABILIDADE,False,True,CADASTRO RESERVA,0,MEDIA VULNERABILIDADE,FAIXA 2,15000,0.494,False,,False,,False,,False,,False,,False
500215,MS,BODOQUENA,0.281,BAIXA VULNERABILIDADE,False,True,CADASTRO RESERVA,0,BAIXA VULNERABILIDADE,FAIXA 3,10000,0.291,False,,False,,False,,False,,False,,False
500220,MS,BONITO,0.263,BAIXA VULNERABILIDADE,False,True,CADASTRO RESERVA,0,BAIXA VULNERABILIDADE,FAIXA 3,10000,0.268,False,,False,,False,,False,,True,FAIXA 3,True
500230,MS,BRASILANDIA,0.327,MEDIA VULNERABILIDADE,False,False,CADASTRO RESERVA,0,MEDIA VULNERABILIDADE,FAIXA 2,15000,0.279,False,,False,,False,,False,,True,FAIXA 2,True
500240,MS,CAARAPO,0.456,ALTA VULNERABILIDADE,False,True,CADASTRO RESERVA,0,ALTA VULNERABILIDADE,FAIXA 1,20000,0.313,False,,False,,False,,False,,True,FAIXA 1,True
500260,MS,CAMAPUA,0.266,BAIXA VULNERABILIDADE,False,False,NÃO ELEGIVEL,0,BAIXA VULNERABILIDADE,FAIXA 3,10000,0.301,False,,False,,False,,False,,False,,False
500270,MS,CAMPO GRANDE,0.270,BAIXA VULNERABILIDADE,False,False,CADASTRO RESERVA,0,BAIXA VULNERABILIDADE,FAIXA 3,10000,0.318,True,FAIXA 3,True,FAIXA 3,True,FAIXA 3,True,FAIXA 3,False,,True
500280,MS,CARACOL,0.271,BAIXA VULNERABILIDADE,False,True,CADASTRO RESERVA,0,BAIXA VULNERABILIDADE,FAIXA 3,10000,0.386,False,,False,,False,,False,,False,,False
500290,MS,CASSILANDIA,0.221,BAIXA VULNERABILIDADE,False,False,CADASTRO RESERVA,0,BAIXA VULNERABILIDADE,FAIXA 3,10000,0.281,False,,False,,False,,False,,True,FAIXA 3,True
500295,MS,CHAPADAO DO SUL,0.196,MUITO BAIXA VULNERABILIDADE,False,False,CONFIRMAÇÃO DE VAGAS (ADERIDOS),1,MUITO BAIXA VULNERABILIDADE,FAIXA 3,10000,0.208,False,,False,,False,,False,,False,,False
500310,MS,CORGUINHO,0.271,BAIXA VULNERABILIDADE,False,False,CADASTRO RESERVA,0,BAIXA VULNERABILIDADE,FAIXA 3,10000,0.292,False,,False,,False,,False,,False,,False
500315,MS,CORONEL SAPUCAIA,0.485,ALTA VULNERABILIDADE,False,True,CADASTRO RESERVA,0,ALTA VULNERABILIDADE,FAIXA 1,20000,0.401,False,,False,,False,,False,,False,,False
500320,MS,CORUMBA,0.328,MEDIA VULNERABILIDADE,False,True,CONFIRMAÇÃO DE VAGAS (ADERIDOS),1,MEDIA VULNERABILIDADE,FAIXA 2,15000,0.338,True,FAIXA 2,True,FAIXA 2,False,,False,,True,FAIXA 2,True
500325,MS,COSTA RICA,0.257,BAIXA VULNERABILIDADE,False,False,CADASTRO RESERVA,0,BAIXA VULNERABILIDADE,FAIXA 3,10000,0.240,False,,False,,False,,False,,True,FAIXA 3,True
500330,MS,COXIM,0.265,BAIXA VULNERABILIDADE,False,False,CADASTRO RESERVA,0,BAIXA VULNERABILIDADE,FAIXA 3,10000,0.273,True,FAIXA 3,True,FAIXA 3,True,FAIXA 3,True,FAIXA 3,True,FAIXA 3,True
500345,MS,DEODAPOLIS,0.340,MEDIA VULNERABILIDADE,False,True,CONFIRMAÇÃO DE VAGAS (ADERIDOS),2,MEDIA VULNERABILIDADE,FAIXA 2,15000,0.282,False,,False,,False,,False,,False,,False
500348,MS,DOIS IRMAOS DO BURITI,0.360,MEDIA VULNERABILIDADE,False,True,CADASTRO RESERVA,0,MEDIA VULNERABILIDADE,FAIXA 2,15000,0.383,False,,False,,False,,False,,False,,False
500350,MS,DOURADINA,0.369,MEDIA VULNERABILIDADE,False,True,CADASTRO RESERVA,0,MEDIA VULNERABILIDADE,FAIXA 2,15000,0.229,False,,False,,False,,False,,False,,False
500370,MS,DOURADOS,0.236,BAIXA VULNERABILIDADE,False,True,CADASTRO RESERVA,0,BAIXA VULNERABILIDADE,FAIXA 3,10000,0.253,True,FAIXA 3,True,FAIXA 3,True,FAIXA 3,True,FAIXA 3,True,FAIXA 3,True
500375,MS,ELDORADO,0.378,MEDIA VULNERABILIDADE,False,True,CADASTRO RESERVA,0,MEDIA VULNERABILIDADE,FAIXA 2,15000,0.382,False,,False,,False,,False,,False,,False
500380,MS,FATIMA DO SUL,0.253,BAIXA VULNERABILIDADE,False,True,CADASTRO RESERVA,0,BAIXA VULNERABILIDADE,FAIXA 3,10000,0.283,False,,False,,True,FAIXA 3,True,FAIXA 3,True,FAIXA 3,True
500390,MS,FIGUEIRAO,0.280,BAIXA VULNERABILIDADE,False,False,CADASTRO RESERVA,0,BAIXA VULNERABILIDADE,FAIXA 3,10000,0.260,False,,False,,False,,False,,False,,False
500400,MS,GLORIA DE DOURADOS,0.279,BAIXA VULNERABILIDADE,False,True,CADASTRO RESERVA,0,BAIXA VULNERABILIDADE,FAIXA 3,10000,0.219,False,,False,,False,,False,,False,,False
500410,MS,GUIA LOPES DA LAGUNA,0.319,MEDIA VULNERABILIDADE,False,True,CADASTRO RESERVA,0,MEDIA VULNERABILIDADE,FAIXA 2,15000,0.385,False,,False,,False,,False,,False,,False
500430,MS,IGUATEMI,0.313,MEDIA VULNERABILIDADE,False,True,CADASTRO RESERVA,0,MEDIA VULNERABILIDADE,FAIXA 2,15000,0.378,False,,False,,False,,False,,False,,False
500440,MS,INOCENCIA,0.248,BAIXA VULNERABILIDADE,False,False,CADASTRO RESERVA,0,BAIXA VULNERABILIDADE,FAIXA 3,10000,0.263,False,,False,,False,,False,,False,,False
500450,MS,ITAPORA,0.452,ALTA VULNERABILIDADE,False,True,CONFIRMAÇÃO DE VAGAS (ADERIDOS),1,ALTA VULNERABILIDADE,FAIXA 1,20000,0.299,False,,False,,False,,False,,True,FAIXA 1,True
500460,MS,ITAQUIRAI,0.370,MEDIA VULNERABILIDADE,False,True,CADASTRO RESERVA,0,MEDIA VULNERABILIDADE,FAIXA 2,15000,0.278,False,,False,,False,,False,,True,FAIXA 2,True
500470,MS,IVINHEMA,0.264,BAIXA VULNERABILIDADE,False,False,CADASTRO RESERVA,0,BAIXA VULNERABILIDADE,FAIXA 3,10000,0.281,False,,False,,False,,False,,False,,False
500480,MS,JAPORA,0.601,MUITO ALTA VULNERABILIDADE,False,True,CADASTRO RESERVA,0,MUITO ALTA VULNERABILIDADE,FAIXA 1,20000,0.452,False,,False,,False,,False,,False,,False
500490,MS,JARAGUARI,0.305,MEDIA VULNERABILIDADE,False,False,CADASTRO RESERVA,0,MEDIA VULNERABILIDADE,FAIXA 2,15000,0.303,False,,False,,False,,False,,False,,False
500500,MS,JARDIM,0.246,BAIXA VULNERABILIDADE,False,True,CADASTRO RESERVA,0,BAIXA VULNERABILIDADE,FAIXA 3,10000,0.277,False,,False,,False,,False,,False,,False
500510,MS,JATEI,0.287,BAIXA VULNERABILIDADE,False,True,CADASTRO RESERVA,0,BAIXA VULNERABILIDADE,FAIXA 3,10000,0.295,False,,False,,False,,False,,False,,False
500515,MS,JUTI,0.404,ALTA VULNERABILIDADE,False,True,CADASTRO RESERVA,0,ALTA VULNERABILIDADE,FAIXA 1,20000,0.407,False,,False,,False,,False,,False,,False
500520,MS,LADARIO,0.359,MEDIA VULNERABILIDADE,False,True,CONFIRMAÇÃO DE VAGAS (ADERIDOS),1,MEDIA VULNERABILIDADE,FAIXA 2,15000,0.372,False,,False,,False,,False,,False,,False
500525,MS,LAGUNA CARAPA,0.358,MEDIA VULNERABILIDADE,False,True,CADASTRO RESERVA,0,MEDIA VULNERABILIDADE,FAIXA 2,15000,0.342,False,,False,,False,,False,,False,,False
500540,MS,MARACAJU,0.261,BAIXA VULNERABILIDADE,False,True,CADASTRO RESERVA,0,BAIXA VULNERABILIDADE,FAIXA 3,10000,0.251,False,,False,,False,,False,,False,,False
500560,MS,MIRANDA,0.422,ALTA VULNERABILIDADE,False,True,CADASTRO RESERVA,0,ALTA VULNERABILIDADE,FAIXA 1,20000,0.393,False,,False,,False,,False,,False,,False
500568,MS,MUNDO NOVO,0.280,BAIXA VULNERABILIDADE,False,True,CADASTRO RESERVA,0,BAIXA VULNERABILIDADE,FAIXA 3,10000,0.306,False,,False,,False,,False,,False,,False
500570,MS,NAVIRAI,0.265,BAIXA VULNERABILIDADE,False,True,CADASTRO RESERVA,0,BAIXA VULNERABILIDADE,FAIXA 3,10000,0.338,False,,False,,False,,False,,True,FAIXA 3,True
500580,MS,NIOAQUE,0.432,ALTA VULNERABILIDADE,False,True,CADASTRO RESERVA,0,ALTA VULNERABILIDADE,FAIXA 1,20000,0.303,False,,False,,False,,False,,False,,False
500600,MS,NOVA ALVORADA DO SUL,0.308,MEDIA VULNERABILIDADE,False,False,CADASTRO RESERVA,0,MEDIA VULNERABILIDADE,FAIXA 2,15000,0.314,False,,False,,False,,False,,True,FAIXA 2,True
500620,MS,NOVA ANDRADINA,0.236,BAIXA VULNERABILIDADE,False,False,CADASTRO RESERVA,0,BAIXA VULNERABILIDADE,FAIXA 3,10000,0.218,False,,False,,True,FAIXA 3,True,FAIXA 3,True,FAIXA 3,True
500625,MS,NOVO HORIZONTE DO SUL,0.377,MEDIA VULNERABILIDADE,False,True,CADASTRO RESERVA,0,MEDIA VULNERABILIDADE,FAIXA 2,15000,0.455,False,,False,,False,,False,,False,,False
500627,MS,PARAISO DAS AGUAS,0.257,BAIXA VULNERABILIDADE,False,False,NÃO ELEGIVEL,0,BAIXA VULNERABILIDADE,FAIXA 3,10000,,False,,False,,False,,False,,False,,False
500630,MS,PARANAIBA,0.254,BAIXA VULNERABILIDADE,False,False,NÃO ELEGIVEL,0,BAIXA VULNERABILIDADE,FAIXA 3,10000,0.249,False,,True,FAIXA 3,True,FAIXA 3,True,FAIXA 3,False,,True
500635,MS,PARANHOS,0.451,ALTA VULNERABILIDADE,False,True,CADASTRO RESERVA,0,ALTA VULNERABILIDADE,FAIXA 1,20000,0.315,False,,False,,False,,False,,False,,False
500640,MS,PEDRO GOMES,0.291,BAIXA VULNERABILIDADE,False,False,CADASTRO RESERVA,0,BAIXA VULNERABILIDADE,FAIXA 3,10000,0.304,False,,False,,False,,False,,False,,False
500660,MS,PONTA PORA,0.322,MEDIA VULNERABILIDADE,False,True,CADASTRO RESERVA,0,MEDIA VULNERABILIDADE,FAIXA 2,15000,0.364,False,,False,,False,,False,,True,FAIXA 2,True
500690,MS,PORTO MURTINHO,0.317,MEDIA VULNERABILIDADE,False,True,CADASTRO RESERVA,0,MEDIA VULNERABILIDADE,FAIXA 2,15000,0.304,False,,False,,False,,False,,False,,False
500710,MS,RIBAS DO RIO PARDO,0.351,MEDIA VULNERABILIDADE,False,False,CONFIRMAÇÃO DE VAGAS (ADERIDOS),1,MEDIA VULNERABILIDADE,FAIXA 2,15000,0.422,False,,False,,False,,False,,True,FAIXA 2,True
500720,MS,RIO BRILHANTE,0.336,MEDIA VULNERABILIDADE,False,True,CADASTRO RESERVA,0,MEDIA VULNERABILIDADE,FAIXA 2,15000,0.350,False,,False,,False,,False,,True,FAIXA 2,True
500730,MS,RIO NEGRO,0.287,BAIXA VULNERABILIDADE,False,False,CADASTRO RESERVA,0,BAIXA VULNERABILIDADE,FAIXA 3,10000,0.289,False,,False,,False,,False,,False,,False
500740,MS,RIO VERDE DE MATO GROSSO,0.327,MEDIA VULNERABILIDADE,False,False,CADASTRO RESERVA,0,MEDIA VULNERABILIDADE,FAIXA 2,15000,0.377,False,,False,,False,,False,,False,,False
500750,MS,ROCHEDO,0.300,BAIXA VULNERABILIDADE,False,False,NÃO ELEGIVEL,0,BAIXA VULNERABILIDADE,FAIXA 3,10000,0.244,False,,False,,False,,False,,False,,False
500755,MS,SANTA RITA DO PARDO,0.401,ALTA VULNERABILIDADE,False,False,CADASTRO RESERVA,0,ALTA VULNERABILIDADE,FAIXA 1,20000,0.274,False,,False,,False,,False,,False,,False
500769,MS,SAO GABRIEL DO OESTE,0.166,MUITO BAIXA VULNERABILIDADE,False,False,CADASTRO RESERVA,0,MUITO BAIXA VULNERABILIDADE,FAIXA 3,10000,0.241,False,,False,,False,,False,,False,,False
500770,MS,SETE QUEDAS,0.396,MEDIA VULNERABILIDADE,False,True,CADASTRO RESERVA,0,MEDIA VULNERABILIDADE,FAIXA 2,15000,0.443,False,,False,,False,,False,,False,,False
500780,MS,SELVIRIA,0.356,MEDIA VULNERABILIDADE,False,False,CADASTRO RESERVA,0,MEDIA VULNERABILIDADE,FAIXA 2,15000,0.303,False,,False,,False,,False,,False,,False
500790,MS,SIDROLANDIA,0.330,MEDIA VULNERABILIDADE,False,True,CADASTRO RESERVA,0,MEDIA VULNERABILIDADE,FAIXA 2,15000,0.281,False,,False,,False,,False,,True,FAIXA 2,True
500793,MS,SONORA,0.273,BAIXA VULNERABILIDADE,False,False,CADASTRO RESERVA,0,BAIXA VULNERABILIDADE,FAIXA 3,10000,0.278,False,,False,,False,,False,,False,,False
500795,MS,TACURU,0.521,MUITO ALTA VULNERABILIDADE,False,True,CADASTRO RESERVA,0,MUITO ALTA VULNERABILIDADE,FAIXA 1,20000,0.323,False,,False,,False,,False,,False,,False
500797,MS,TAQUARUSSU,0.388,MEDIA VULNERABILIDADE,False,True,CADASTRO RESERVA,0,MEDIA VULNERABILIDADE,FAIXA 2,15000,0.373,False,,False,,False,,False,,False,,False
500800,MS,TERENOS,0.318,MEDIA VULNERABILIDADE,False,False,CADASTRO RESERVA,0,MEDIA VULNERABILIDADE,FAIXA 2,15000,0.302,False,,False,,False,,False,,False,,False
500830,MS,TRES LAGOAS,0.218,BAIXA VULNERABILIDADE,False,False,CADASTRO RESERVA,0,BAIXA VULNERABILIDADE,FAIXA 3,10000,0.240,True,FAIXA 3,True,FAIXA 3,True,FAIXA 3,True,FAIXA 3,True,FAIXA 3,True
500840,MS,VICENTINA,0.316,MEDIA VULNERABILIDADE,False,True,NÃO ELEGIVEL,0,MEDIA VULNERABILIDADE,FAIXA 2,15000,0.260,False,,False,,False,,False,,False,,False
510010,MT,ACORIZAL,0.398,MEDIA VULNERABILIDADE,True,False,NÃO ELEGIVEL,0,MEDIA VULNERABILIDADE,FAIXA 2,15000,0.316,False,,False,,False,,False,,False,,False
510020,MT,AGUA BOA,0.225,BAIXA VULNERABILIDADE,True,False,CADASTRO RESERVA,0,BAIXA VULNERABILIDADE,FAIXA 3,10000,0.269,False,,False,,False,,False,,False,,False
510025,MT,ALTA FLORESTA,0.230,BAIXA VULNERABILIDADE,True,False,CADASTRO RESERVA,0,BAIXA VULNERABILIDADE,FAIXA 3,10000,0.253,True,FAIXA 3,True,FAIXA 3,False,,False,,False,,True
510030,MT,ALTO ARAGUAIA,0.242,BAIXA VULNERABILIDADE,True,False,CADASTRO RESERVA,0,BAIXA VULNERABILIDADE,FAIXA 3,10000,0.263,False,,False,,False,,False,,False,,False
510035,MT,ALTO BOA VISTA,0.367,MEDIA VULNERABILIDADE,True,False,CADASTRO RESERVA,0,MEDIA VULNERABILIDADE,FAIXA 2,15000,0.297,False,,False,,False,,False,,False,,False
510040,MT,ALTO GARCAS,0.252,BAIXA VULNERABILIDADE,True,False,NÃO ELEGIVEL,0,BAIXA VULNERABILIDADE,FAIXA 3,10000,0.286,False,,False,,False,,False,,False,,False
510050,MT,ALTO PARAGUAI,0.479,ALTA VULNERABILIDADE,True,False,CADASTRO RESERVA,0,ALTA VULNERABILIDADE,FAIXA 1,20000,0.359,False,,False,,False,,False,,False,,False
510060,MT,ALTO TAQUARI,0.201,BAIXA VULNERABILIDADE,True,False,NÃO ELEGIVEL,0,BAIXA VULNERABILIDADE,FAIXA 3,10000,0.207,False,,False,,False,,False,,False,,False
510080,MT,APIACAS,0.292,BAIXA VULNERABILIDADE,True,False,CADASTRO RESERVA,0,BAIXA VULNERABILIDADE,FAIXA 3,10000,0.280,False,,False,,False,,False,,False,,False
510100,MT,ARAGUAIANA,0.259,BAIXA VULNERABILIDADE,True,False,CADASTRO RESERVA,0,BAIXA VULNERABILIDADE,FAIXA 3,10000,0.267,False,,False,,False,,False,,False,,False
510120,MT,ARAGUAINHA,0.195,MUITO BAIXA VULNERABILIDADE,True,False,NÃO ELEGIVEL,0,MUITO BAIXA VULNERABILIDADE,FAIXA 3,10000,0.216,False,,False,,False,,False,,False,,False
510125,MT,ARAPUTANGA,0.243,BAIXA VULNERABILIDADE,True,True,CADASTRO RESERVA,0,BAIXA VULNERABILIDADE,FAIXA 3,10000,0.233,False,,False,,False,,False,,True,FAIXA 3,True
510130,MT,ARENAPOLIS,0.340,MEDIA VULNERABILIDADE,True,False,NÃO ELEGIVEL,0,MEDIA VULNERABILIDADE,FAIXA 2,15000,0.290,False,,False,,False,,False,,False,,False
510140,MT,ARIPUANA,0.342,MEDIA VULNERABILIDADE,True,False,CADASTRO RESERVA,0,MEDIA VULNERABILIDADE,FAIXA 2,15000,0.316,False,,False,,False,,False,,False,,False
510160,MT,BARAO DE MELGACO,0.443,ALTA VULNERABILIDADE,True,True,CONFIRMAÇÃO DE VAGAS (ADERIDOS),1,ALTA VULNERABILIDADE,FAIXA 1,20000,0.369,False,,False,,False,,False,,False,,False
510170,MT,BARRA DO BUGRES,0.295,BAIXA VULNERABILIDADE,True,True,CADASTRO RESERVA,0,BAIXA VULNERABILIDADE,FAIXA 3,10000,0.318,False,,False,,False,,False,,False,,False
510180,MT,BARRA DO GARCAS,0.225,BAIXA VULNERABILIDADE,True,False,CADASTRO RESERVA,0,BAIXA VULNERABILIDADE,FAIXA 3,10000,0.225,False,,False,,False,,False,,False,,False
510183,MT,BOA ESPERANCA DO NORTE,0.220,BAIXA VULNERABILIDADE,True,False,NÃO ELEGIVEL,0,BAIXA VULNERABILIDADE,FAIXA 3,10000,,False,,False,,False,,False,,False,,False
510185,MT,BOM JESUS DO ARAGUAIA,0.323,MEDIA VULNERABILIDADE,True,False,CADASTRO RESERVA,0,MEDIA VULNERABILIDADE,FAIXA 2,15000,0.382,False,,False,,False,,False,,False,,False
510190,MT,BRASNORTE,0.321,MEDIA VULNERABILIDADE,True,False,CADASTRO RESERVA,0,MEDIA VULNERABILIDADE,FAIXA 2,15000,0.408,False,,False,,False,,False,,False,,False
510250,MT,CACERES,0.290,BAIXA VULNERABILIDADE,True,True,CADASTRO RESERVA,0,BAIXA VULNERABILIDADE,FAIXA 3,10000,0.306,True,FAIXA 3,True,FAIXA 3,True,FAIXA 3,True,FAIXA 3,True,FAIXA 3,True
510260,MT,CAMPINAPOLIS,0.481,ALTA VULNERABILIDADE,True,False,CADASTRO RESERVA,0,ALTA VULNERABILIDADE,FAIXA 1,20000,0.303,True,FAIXA 1,True,FAIXA 1,False,,False,,False,,True
510263,MT,CAMPO NOVO DO PARECIS,0.195,MUITO BAIXA VULNERABILIDADE,True,False,CADASTRO RESERVA,0,MUITO BAIXA VULNERABILIDADE,FAIXA 3,10000,0.205,False,,False,,False,,False,,True,FAIXA 3,True
510267,MT,CAMPO VERDE,0.211,BAIXA VULNERABILIDADE,True,False,CADASTRO RESERVA,0,BAIXA VULNERABILIDADE,FAIXA 3,10000,0.235,False,,False,,False,,False,,False,,False
510268,MT,CAMPOS DE JULIO,0.223,BAIXA VULNERABILIDADE,True,True,NÃO ELEGIVEL,0,BAIXA VULNERABILIDADE,FAIXA 3,10000,0.227,False,,False,,False,,False,,False,,False
510269,MT,CANABRAVA DO NORTE,0.383,MEDIA VULNERABILIDADE,True,False,CADASTRO RESERVA,0,MEDIA VULNERABILIDADE,FAIXA 2,15000,0.415,False,,False,,False,,False,,False,,False
510270,MT,CANARANA,0.247,BAIXA VULNERABILIDADE,True,False,CADASTRO RESERVA,0,BAIXA VULNERABILIDADE,FAIXA 3,10000,0.277,True,FAIXA 3,True,FAIXA 3,True,FAIXA 3,True,FAIXA 3,False,,True
510279,MT,CARLINDA,0.312,MEDIA VULNERABILIDADE,True,False,CADASTRO RESERVA,0,MEDIA VULNERABILIDADE,FAIXA 2,15000,0.214,False,,False,,False,,False,,False,,False
510285,MT,CASTANHEIRA,0.343,MEDIA VULNERABILIDADE,True,False,CADASTRO RESERVA,0,MEDIA VULNERABILIDADE,FAIXA 2,15000,0.289,False,,False,,False,,False,,False,,False
510300,MT,CHAPADA DOS GUIMARAES,0.348,MEDIA VULNERABILIDADE,True,False,CADASTRO RESERVA,0,MEDIA VULNERABILIDADE,FAIXA 2,15000,0.266,False,,False,,False,,False,,False,,False
510305,MT,CLAUDIA,0.281,BAIXA VULNERABILIDADE,True,False,CADASTRO RESERVA,0,BAIXA VULNERABILIDADE,FAIXA 3,10000,0.272,False,,False,,False,,False,,False,,False
510310,MT,COCALINHO,0.345,MEDIA VULNERABILIDADE,True,False,CADASTRO RESERVA,0,MEDIA VULNERABILIDADE,FAIXA 2,15000,0.348,False,,False,,False,,False,,False,,False
510320,MT,COLIDER,0.266,BAIXA VULNERABILIDADE,True,False,CADASTRO RESERVA,0,BAIXA VULNERABILIDADE,FAIXA 3,10000,0.278,True,FAIXA 3,True,FAIXA 3,True,FAIXA 3,True,FAIXA 3,True,FAIXA 3,True
510325,MT,COLNIZA,0.459,ALTA VULNERABILIDADE,True,False,CADASTRO RESERVA,0,ALTA VULNERABILIDADE,FAIXA 1,20000,0.377,False,,False,,False,,False,,False,,False
510330,MT,COMODORO,0.307,MEDIA VULNERABILIDADE,True,True,CADASTRO RESERVA,0,MEDIA VULNERABILIDADE,FAIXA 2,15000,0.292,False,,False,,False,,False,,False,,False
510335,MT,CONFRESA,0.383,MEDIA VULNERABILIDADE,True,False,CADASTRO RESERVA,0,MEDIA VULNERABILIDADE,FAIXA 2,15000,0.313,False,,False,,False,,False,,False,,False
510336,MT,CONQUISTA D'OESTE,0.369,MEDIA VULNERABILIDADE,True,True,CADASTRO RESERVA,0,MEDIA VULNERABILIDADE,FAIXA 2,15000,0.278,False,,False,,False,,False,,False,,False
510337,MT,COTRIGUACU,0.436,ALTA VULNERABILIDADE,True,False,CADASTRO RESERVA,0,ALTA VULNERABILIDADE,FAIXA 1,20000,0.405,False,,False,,False,,False,,False,,False
510340,MT,CUIABA,0.261,BAIXA VULNERABILIDADE,True,False,CONFIRMAÇÃO DE VAGAS (ADERIDOS),2,BAIXA VULNERABILIDADE,FAIXA 3,10000,0.287,False,,True,FAIXA 3,True,FAIXA 3,True,FAIXA 3,True,FAIXA 3,True
510343,MT,CURVELANDIA,0.295,BAIXA VULNERABILIDADE,True,True,CADASTRO RESERVA,0,BAIXA VULNERABILIDADE,FAIXA 3,10000,0.357,False,,False,,False,,False,,False,,False
510345,MT,DENISE,0.252,BAIXA VULNERABILIDADE,True,False,CADASTRO RESERVA,0,BAIXA VULNERABILIDADE,FAIXA 3,10000,0.316,False,,False,,False,,False,,False,,False
510350,MT,DIAMANTINO,0.254,BAIXA VULNERABILIDADE,True,False,CADASTRO RESERVA,0,BAIXA VULNERABILIDADE,FAIXA 3,10000,0.255,True,FAIXA 3,True,FAIXA 3,True,FAIXA 3,True,FAIXA 3,False,,True
510360,MT,DOM AQUINO,0.337,MEDIA VULNERABILIDADE,True,False,CADASTRO RESERVA,0,MEDIA VULNERABILIDADE,FAIXA 2,15000,0.230,False,,False,,False,,False,,False,,False
510370,MT,FELIZ NATAL,0.308,MEDIA VULNERABILIDADE,True,False,CONFIRMAÇÃO DE VAGAS (ADERIDOS),1,MEDIA VULNERABILIDADE,FAIXA 2,15000,0.315,False,,False,,False,,False,,False,,False
510380,MT,FIGUEIROPOLIS D'OESTE,0.280,BAIXA VULNERABILIDADE,True,True,CADASTRO RESERVA,0,BAIXA VULNERABILIDADE,FAIXA 3,10000,0.241,False,,False,,False,,False,,False,,False
510385,MT,GAUCHA DO NORTE,0.367,MEDIA VULNERABILIDADE,True,False,CADASTRO RESERVA,0,MEDIA VULNERABILIDADE,FAIXA 2,15000,0.241,False,,False,,False,,False,,False,,False
510390,MT,GENERAL CARNEIRO,0.374,MEDIA VULNERABILIDADE,True,False,CONFIRMAÇÃO DE VAGAS (ADERIDOS),1,MEDIA VULNERABILIDADE,FAIXA 2,15000,0.299,False,,False,,False,,False,,False,,False
510395,MT,GLORIA D'OESTE,0.229,BAIXA VULNERABILIDADE,True,True,CADASTRO RESERVA,0,BAIXA VULNERABILIDADE,FAIXA 3,10000,0.256,False,,False,,False,,False,,False,,False
510410,MT,GUARANTA DO NORTE,0.279,BAIXA VULNERABILIDADE,True,False,CADASTRO RESERVA,0,BAIXA VULNERABILIDADE,FAIXA 3,10000,0.302,True,FAIXA 3,True,FAIXA 3,True,FAIXA 3,True,FAIXA 3,False,,True
510420,MT,GUIRATINGA,0.233,BAIXA VULNERABILIDADE,True,False,CONFIRMAÇÃO DE VAGAS (ADERIDOS),1,BAIXA VULNERABILIDADE,FAIXA 3,10000,0.277,False,,False,,False,,False,,False,,False
510450,MT,INDIAVAI,0.262,BAIXA VULNERABILIDADE,True,True,CADASTRO RESERVA,0,BAIXA VULNERABILIDADE,FAIXA 3,10000,0.273,False,,False,,False,,False,,False,,False
510452,MT,IPIRANGA DO NORTE,0.202,BAIXA VULNERABILIDADE,True,False,NÃO ELEGIVEL,0,BAIXA VULNERABILIDADE,FAIXA 3,10000,0.249,False,,False,,False,,False,,False,,False
510454,MT,ITANHANGA,0.261,BAIXA VULNERABILIDADE,True,False,CADASTRO RESERVA,0,BAIXA VULNERABILIDADE,FAIXA 3,10000,0.273,False,,False,,False,,False,,False,,False
510455,MT,ITAUBA,0.228,BAIXA VULNERABILIDADE,True,False,CADASTRO RESERVA,0,BAIXA VULNERABILIDADE,FAIXA 3,10000,0.319,False,,False,,False,,False,,False,,False
510460,MT,ITIQUIRA,0.246,BAIXA VULNERABILIDADE,True,False,CADASTRO RESERVA,0,BAIXA VULNERABILIDADE,FAIXA 3,10000,0.278,False,,False,,False,,False,,False,,False
510480,MT,JACIARA,0.271,BAIXA VULNERABILIDADE,True,False,NÃO ELEGIVEL,0,BAIXA VULNERABILIDADE,FAIXA 3,10000,0.249,False,,False,,False,,False,,False,,False
510490,MT,JANGADA,0.366,MEDIA VULNERABILIDADE,True,False,CADASTRO RESERVA,0,MEDIA VULNERABILIDADE,FAIXA 2,15000,0.282,False,,False,,False,,False,,False,,False
510500,MT,JAURU,0.310,MEDIA VULNERABILIDADE,True,True,CONFIRMAÇÃO DE VAGAS (ADERIDOS),1,MEDIA VULNERABILIDADE,FAIXA 2,15000,0.311,False,,False,,False,,False,,False,,False
510510,MT,JUARA,0.290,BAIXA VULNERABILIDADE,True,False,CADASTRO RESERVA,0,BAIXA VULNERABILIDADE,FAIXA 3,10000,0.265,True,FAIXA 3,True,FAIXA 3,False,,False,,False,,True
510515,MT,JUINA,0.272,BAIXA VULNERABILIDADE,True,False,CADASTRO RESERVA,0,BAIXA VULNERABILIDADE,FAIXA 3,10000,0.291,False,,False,,False,,False,,False,,False
510517,MT,JURUENA,0.299,BAIXA VULNERABILIDADE,True,False,CADASTRO RESERVA,0,BAIXA VULNERABILIDADE,FAIXA 3,10000,0.257,False,,False,,False,,False,,False,,False
510520,MT,JUSCIMEIRA,0.350,MEDIA VULNERABILIDADE,True,False,CONFIRMAÇÃO DE VAGAS (ADERIDOS),1,MEDIA VULNERABILIDADE,FAIXA 2,15000,0.249,False,,False,,False,,False,,False,,False
510523,MT,LAMBARI D'OESTE,0.365,MEDIA VULNERABILIDADE,True,True,CADASTRO RESERVA,0,MEDIA VULNERABILIDADE,FAIXA 2,15000,0.392,False,,False,,False,,False,,False,,False
510525,MT,LUCAS DO RIO VERDE,0.196,MUITO BAIXA VULNERABILIDADE,True,False,CADASTRO RESERVA,0,MUITO BAIXA VULNERABILIDADE,FAIXA 3,10000,0.186,False,,False,,False,,False,,False,,False
510530,MT,LUCIARA,0.316,MEDIA VULNERABILIDADE,True,False,CADASTRO RESERVA,0,MEDIA VULNERABILIDADE,FAIXA 2,15000,0.211,False,,False,,False,,False,,False,,False
510550,MT,VILA BELA DA SANTISSIMA TRINDADE,0.400,MEDIA VULNERABILIDADE,True,True,CADASTRO RESERVA,0,MEDIA VULNERABILIDADE,FAIXA 2,15000,0.238,False,,False,,False,,False,,False,,False
510558,MT,MARCELANDIA,0.335,MEDIA VULNERABILIDADE,True,False,CADASTRO RESERVA,0,MEDIA VULNERABILIDADE,FAIXA 2,15000,0.288,False,,False,,False,,False,,False,,False
510560,MT,MATUPA,0.262,BAIXA VULNERABILIDADE,True,False,CADASTRO RESERVA,0,BAIXA VULNERABILIDADE,FAIXA 3,10000,0.284,False,,False,,False,,False,,False,,False
510562,MT,MIRASSOL D'OESTE,0.257,BAIXA VULNERABILIDADE,True,True,CONFIRMAÇÃO DE VAGAS (ADERIDOS),1,BAIXA VULNERABILIDADE,FAIXA 3,10000,0.237,True,FAIXA 3,True,FAIXA 3,True,FAIXA 3,True,FAIXA 3,False,,True
510590,MT,NOBRES,0.267,BAIXA VULNERABILIDADE,True,False,CADASTRO RESERVA,0,BAIXA VULNERABILIDADE,FAIXA 3,10000,0.301,False,,False,,False,,False,,False,,False
510600,MT,NORTELANDIA,0.302,MEDIA VULNERABILIDADE,True,False,NÃO ELEGIVEL,0,MEDIA VULNERABILIDADE,FAIXA 2,15000,0.250,False,,False,,False,,False,,False,,False
510610,MT,NOSSA SENHORA DO LIVRAMENTO,0.505,MUITO ALTA VULNERABILIDADE,True,True,CADASTRO RESERVA,0,MUITO ALTA VULNERABILIDADE,FAIXA 1,20000,0.324,False,,False,,False,,False,,False,,False
510615,MT,NOVA BANDEIRANTES,0.362,MEDIA VULNERABILIDADE,True,False,CONFIRMAÇÃO DE VAGAS (ADERIDOS),1,MEDIA VULNERABILIDADE,FAIXA 2,15000,0.228,False,,False,,False,,False,,False,,False
510617,MT,NOVA NAZARE,0.430,ALTA VULNERABILIDADE,True,False,CADASTRO RESERVA,0,ALTA VULNERABILIDADE,FAIXA 1,20000,0.276,False,,False,,False,,False,,False,,False
510618,MT,NOVA LACERDA,0.377,MEDIA VULNERABILIDADE,True,True,NÃO ELEGIVEL,0,MEDIA VULNERABILIDADE,FAIXA 2,15000,0.241,False,,False,,False,,False,,False,,False
510619,MT,NOVA SANTA HELENA,0.301,MEDIA VULNERABILIDADE,True,False,CADASTRO RESERVA,0,MEDIA VULNERABILIDADE,FAIXA 2,15000,0.278,False,,False,,False,,False,,False,,False
510620,MT,NOVA BRASILANDIA,0.321,MEDIA VULNERABILIDADE,True,False,CADASTRO RESERVA,0,MEDIA VULNERABILIDADE,FAIXA 2,15000,0.267,False,,False,,False,,False,,False,,False
510621,MT,NOVA CANAA DO NORTE,0.288,BAIXA VULNERABILIDADE,True,False,CADASTRO RESERVA,0,BAIXA VULNERABILIDADE,FAIXA 3,10000,0.297,False,,False,,False,,False,,False,,False
510622,MT,NOVA MUTUM,0.191,MUITO BAIXA VULNERABILIDADE,True,False,CADASTRO RESERVA,0,MUITO BAIXA VULNERABILIDADE,FAIXA 3,10000,0.228,False,,False,,False,,False,,False,,False
510623,MT,NOVA OLIMPIA,0.338,MEDIA VULNERABILIDADE,True,False,CADASTRO RESERVA,0,MEDIA VULNERABILIDADE,FAIXA 2,15000,0.365,False,,False,,False,,False,,False,,False
510624,MT,NOVA UBIRATA,0.328,MEDIA VULNERABILIDADE,True,False,CONFIRMAÇÃO DE VAGAS (ADERIDOS),1,MEDIA VULNERABILIDADE,FAIXA 2,15000,0.308,False,,False,,False,,False,,False,,False
510625,MT,NOVA XAVANTINA,0.245,BAIXA VULNERABILIDADE,True,False,CONFIRMAÇÃO DE VAGAS (ADERIDOS),1,BAIXA VULNERABILIDADE,FAIXA 3,10000,0.249,True,FAIXA 3,True,FAIXA 3,True,FAIXA 3,True,FAIXA 3,False,,True
510626,MT,NOVO MUNDO,0.272,BAIXA VULNERABILIDADE,True,False,CADASTRO RESERVA,0,BAIXA VULNERABILIDADE,FAIXA 3,10000,0.295,False,,False,,False,,False,,False,,False
510627,MT,NOVO HORIZONTE DO NORTE,0.271,BAIXA VULNERABILIDADE,True,False,CADASTRO RESERVA,0,BAIXA VULNERABILIDADE,FAIXA 3,10000,0.242,False,,False,,False,,False,,False,,False
510628,MT,NOVO SAO JOAQUIM,0.363,MEDIA VULNERABILIDADE,True,False,CADASTRO RESERVA,0,MEDIA VULNERABILIDADE,FAIXA 2,15000,0.328,False,,False,,False,,False,,True,FAIXA 2,True
510629,MT,PARANAITA,0.325,MEDIA VULNERABILIDADE,True,False,CADASTRO RESERVA,0,MEDIA VULNERABILIDADE,FAIXA 2,15000,0.292,True,FAIXA 2,True,FAIXA 2,True,FAIXA 2,True,FAIXA 2,True,FAIXA 2,True
510630,MT,PARANATINGA,0.338,MEDIA VULNERABILIDADE,True,False,CADASTRO RESERVA,0,MEDIA VULNERABILIDADE,FAIXA 2,15000,0.269,False,,False,,False,,False,,False,,False
510631,MT,NOVO SANTO ANTONIO,0.490,ALTA VULNERABILIDADE,True,False,CADASTRO RESERVA,0,ALTA VULNERABILIDADE,FAIXA 1,20000,0.370,False,,False,,False,,False,,False,,False
510637,MT,PEDRA PRETA,0.240,BAIXA VULNERABILIDADE,True,False,CADASTRO RESERVA,0,BAIXA VULNERABILIDADE,FAIXA 3,10000,0.282,False,,False,,False,,False,,False,,False
510642,MT,PEIXOTO DE AZEVEDO,0.376,MEDIA VULNERABILIDADE,True,False,CADASTRO RESERVA,0,MEDIA VULNERABILIDADE,FAIXA 2,15000,0.345,True,FAIXA 2,True,FAIXA 2,True,FAIXA 2,True,FAIXA 2,False,,True
510645,MT,PLANALTO DA SERRA,0.350,MEDIA VULNERABILIDADE,True,False,CADASTRO RESERVA,0,MEDIA VULNERABILIDADE,FAIXA 2,15000,0.335,False,,False,,False,,False,,False,,False
510650,MT,POCONE,0.369,MEDIA VULNERABILIDADE,True,True,CADASTRO RESERVA,0,MEDIA VULNERABILIDADE,FAIXA 2,15000,0.357,False,,False,,False,,False,,False,,False
510665,MT,PONTAL DO ARAGUAIA,0.229,BAIXA VULNERABILIDADE,True,False,NÃO ELEGIVEL,0,BAIXA VULNERABILIDADE,FAIXA 3,10000,0.262,False,,False,,False,,False,,False,,False
510670,MT,PONTE BRANCA,0.295,BAIXA VULNERABILIDADE,True,False,CADASTRO RESERVA,0,BAIXA VULNERABILIDADE,FAIXA 3,10000,0.300,False,,False,,False,,False,,False,,False
510675,MT,PONTES E LACERDA,0.249,BAIXA VULNERABILIDADE,True,True,CADASTRO RESERVA,0,BAIXA VULNERABILIDADE,FAIXA 3,10000,0.270,False,,False,,False,,False,,False,,False
510677,MT,PORTO ALEGRE DO NORTE,0.340,MEDIA VULNERABILIDADE,True,False,CADASTRO RESERVA,0,MEDIA VULNERABILIDADE,FAIXA 2,15000,0.237,False,,False,,False,,False,,False,,False
510680,MT,PORTO DOS GAUCHOS,0.258,BAIXA VULNERABILIDADE,True,False,CADASTRO RESERVA,0,BAIXA VULNERABILIDADE,FAIXA 3,10000,0.200,False,,False,,False,,False,,False,,False
510682,MT,PORTO ESPERIDIAO,0.301,MEDIA VULNERABILIDADE,True,True,CADASTRO RESERVA,0,MEDIA VULNERABILIDADE,FAIXA 2,15000,0.294,False,,False,,False,,False,,False,,False
510685,MT,PORTO ESTRELA,0.387,MEDIA VULNERABILIDADE,True,True,NÃO ELEGIVEL,0,MEDIA VULNERABILIDADE,FAIXA 2,15000,0.252,False,,False,,False,,False,,False,,False
510700,MT,POXOREO,0.378,MEDIA VULNERABILIDADE,True,False,CADASTRO RESERVA,0,MEDIA VULNERABILIDADE,FAIXA 2,15000,0.319,False,,False,,False,,False,,False,,False
510704,MT,PRIMAVERA DO LESTE,0.220,BAIXA VULNERABILIDADE,True,False,NÃO ELEGIVEL,0,BAIXA VULNERABILIDADE,FAIXA 3,10000,0.229,False,,False,,False,,False,,False,,False
510706,MT,QUERENCIA,0.306,MEDIA VULNERABILIDADE,True,False,CADASTRO RESERVA,0,MEDIA VULNERABILIDADE,FAIXA 2,15000,0.316,True,FAIXA 2,True,FAIXA 2,True,FAIXA 2,True,FAIXA 2,False,,True
510710,MT,SAO JOSE DOS QUATRO MARCOS,0.238,BAIXA VULNERABILIDADE,True,True,CADASTRO RESERVA,0,BAIXA VULNERABILIDADE,FAIXA 3,10000,0.236,False,,False,,False,,False,,False,,False
510715,MT,RESERVA DO CABACAL,0.270,BAIXA VULNERABILIDADE,True,True,CADASTRO RESERVA,0,BAIXA VULNERABILIDADE,FAIXA 3,10000,0.247,False,,False,,False,,False,,False,,False
510718,MT,RIBEIRAO CASCALHEIRA,0.433,ALTA VULNERABILIDADE,True,False,CADASTRO RESERVA,0,ALTA VULNERABILIDADE,FAIXA 1,20000,0.326,True,FAIXA 1,True,FAIXA 1,False,,False,,False,,True
510719,MT,RIBEIRAOZINHO,0.231,BAIXA VULNERABILIDADE,True,False,CADASTRO RESERVA,0,BAIXA VULNERABILIDADE,FAIXA 3,10000,0.184,False,,False,,False,,False,,False,,False
510720,MT,RIO BRANCO,0.320,MEDIA VULNERABILIDADE,True,True,CADASTRO RESERVA,0,MEDIA VULNERABILIDADE,FAIXA 2,15000,0.287,False,,False,,False,,False,,False,,False
510724,MT,SANTA CARMEM,0.214,BAIXA VULNERABILIDADE,True,False,NÃO ELEGIVEL,0,BAIXA VULNERABILIDADE,FAIXA 3,10000,0.231,False,,False,,False,,False,,False,,False
510726,MT,SANTO AFONSO,0.346,MEDIA VULNERABILIDADE,True,False,CADASTRO RESERVA,0,MEDIA VULNERABILIDADE,FAIXA 2,15000,0.274,False,,False,,False,,False,,False,,False
510729,MT,SAO JOSE DO POVO,0.266,BAIXA VULNERABILIDADE,True,False,CADASTRO RESERVA,0,BAIXA VULNERABILIDADE,FAIXA 3,10000,0.266,False,,False,,False,,False,,False,,False
510730,MT,SAO JOSE DO RIO CLARO,0.305,MEDIA VULNERABILIDADE,True,False,CADASTRO RESERVA,0,MEDIA VULNERABILIDADE,FAIXA 2,15000,0.310,False,,False,,False,,False,,False,,False
510735,MT,SAO JOSE DO XINGU,0.333,MEDIA VULNERABILIDADE,True,False,CADASTRO RESERVA,0,MEDIA VULNERABILIDADE,FAIXA 2,15000,0.271,False,,False,,False,,False,,False,,False
510740,MT,SAO PEDRO DA CIPA,0.358,MEDIA VULNERABILIDADE,True,False,CADASTRO RESERVA,0,MEDIA VULNERABILIDADE,FAIXA 2,15000,0.446,False,,False,,False,,False,,False,,False
510757,MT,RONDOLANDIA,0.377,MEDIA VULNERABILIDADE,True,False,CADASTRO RESERVA,0,MEDIA VULNERABILIDADE,FAIXA 2,15000,0.303,False,,False,,False,,False,,False,,False
510760,MT,RONDONOPOLIS,0.214,BAIXA VULNERABILIDADE,True,False,CONFIRMAÇÃO DE VAGAS (ADERIDOS),1,BAIXA VULNERABILIDADE,FAIXA 3,10000,0.224,True,FAIXA 3,True,FAIXA 3,True,FAIXA 3,True,FAIXA 3,True,FAIXA 3,True
510770,MT,ROSARIO OESTE,0.346,MEDIA VULNERABILIDADE,True,False,CADASTRO RESERVA,0,MEDIA VULNERABILIDADE,FAIXA 2,15000,0.306,False,,False,,False,,False,,False,,False
510774,MT,SANTA CRUZ DO XINGU,0.424,ALTA VULNERABILIDADE,True,False,NÃO ELEGIVEL,0,ALTA VULNERABILIDADE,FAIXA 1,20000,0.296,False,,False,,False,,False,,False,,False
510775,MT,SALTO DO CEU,0.337,MEDIA VULNERABILIDADE,True,True,CADASTRO RESERVA,0,MEDIA VULNERABILIDADE,FAIXA 2,15000,0.266,False,,False,,False,,False,,False,,False
510776,MT,SANTA RITA DO TRIVELATO,0.234,BAIXA VULNERABILIDADE,True,False,CADASTRO RESERVA,0,BAIXA VULNERABILIDADE,FAIXA 3,10000,0.240,False,,False,,False,,False,,False,,False
510777,MT,SANTA TEREZINHA,0.494,ALTA VULNERABILIDADE,True,False,CADASTRO RESERVA,0,ALTA VULNERABILIDADE,FAIXA 1,20000,0.392,False,,False,,False,,False,,False,,False
510779,MT,SANTO ANTONIO DO LESTE,0.313,MEDIA VULNERABILIDADE,True,False,NÃO ELEGIVEL,0,MEDIA VULNERABILIDADE,FAIXA 2,15000,0.261,False,,False,,False,,False,,False,,False
510780,MT,SANTO ANTONIO DO LEVERGER,0.351,MEDIA VULNERABILIDADE,True,False,CADASTRO RESERVA,0,MEDIA VULNERABILIDADE,FAIXA 2,15000,0.228,False,,False,,False,,False,,False,,False
510785,MT,SAO FELIX DO ARAGUAIA,0.349,MEDIA VULNERABILIDADE,True,False,CADASTRO RESERVA,0,MEDIA VULNERABILIDADE,FAIXA 2,15000,0.297,True,FAIXA 2,True,FAIXA 2,True,FAIXA 2,True,FAIXA 2,False,,True
510787,MT,SAPEZAL,0.252,BAIXA VULNERABILIDADE,True,True,CADASTRO RESERVA,0,BAIXA VULNERABILIDADE,FAIXA 3,10000,0.292,False,,False,,False,,False,,False,,False
510788,MT,SERRA NOVA DOURADA,0.323,MEDIA VULNERABILIDADE,True,False,CADASTRO RESERVA,0,MEDIA VULNERABILIDADE,FAIXA 2,15000,0.261,False,,False,,False,,False,,False,,False
510790,MT,SINOP,0.201,BAIXA VULNERABILIDADE,True,False,CONFIRMAÇÃO DE VAGAS (ADERIDOS),2,BAIXA VULNERABILIDADE,FAIXA 3,10000,0.203,False,,True,FAIXA 3,True,FAIXA 3,True,FAIXA 3,True,FAIXA 3,True
510792,MT,SORRISO,0.220,BAIXA VULNERABILIDADE,True,False,CADASTRO RESERVA,0,BAIXA VULNERABILIDADE,FAIXA 3,10000,0.267,True,FAIXA 3,True,FAIXA 3,True,FAIXA 3,True,FAIXA 3,True,FAIXA 3,True
510794,MT,TABAPORA,0.225,BAIXA VULNERABILIDADE,True,False,CADASTRO RESERVA,0,BAIXA VULNERABILIDADE,FAIXA 3,10000,0.204,False,,False,,False,,False,,False,,False
510795,MT,TANGARA DA SERRA,0.227,BAIXA VULNERABILIDADE,True,True,CADASTRO RESERVA,0,BAIXA VULNERABILIDADE,FAIXA 3,10000,0.231,True,FAIXA 3,True,FAIXA 3,False,,False,,False,,True
510800,MT,TAPURAH,0.225,BAIXA VULNERABILIDADE,True,False,NÃO ELEGIVEL,0,BAIXA VULNERABILIDADE,FAIXA 3,10000,0.266,False,,False,,False,,False,,False,,False
510805,MT,TERRA NOVA DO NORTE,0.300,BAIXA VULNERABILIDADE,True,False,CADASTRO RESERVA,0,BAIXA VULNERABILIDADE,FAIXA 3,10000,0.247,False,,False,,False,,False,,False,,False
510810,MT,TESOURO,0.353,MEDIA VULNERABILIDADE,True,False,CADASTRO RESERVA,0,MEDIA VULNERABILIDADE,FAIXA 2,15000,0.352,False,,False,,False,,False,,False,,False
510820,MT,TORIXOREU,0.277,BAIXA VULNERABILIDADE,True,False,NÃO ELEGIVEL,0,BAIXA VULNERABILIDADE,FAIXA 3,10000,0.274,False,,True,FAIXA 3,False,,False,,False,,True
510830,MT,UNIAO DO SUL,0.292,BAIXA VULNERABILIDADE,True,False,NÃO ELEGIVEL,0,BAIXA VULNERABILIDADE,FAIXA 3,10000,0.276,False,,False,,False,,False,,False,,False
510835,MT,VALE DE SAO DOMINGOS,0.273,BAIXA VULNERABILIDADE,True,True,CADASTRO RESERVA,0,BAIXA VULNERABILIDADE,FAIXA 3,10000,0.335,False,,False,,False,,False,,False,,False
510840,MT,VARZEA GRANDE,0.318,MEDIA VULNERABILIDADE,True,False,CADASTRO RESERVA,0,MEDIA VULNERABILIDADE,FAIXA 2,15000,0.374,False,,True,FAIXA 2,True,FAIXA 2,True,FAIXA 2,True,FAIXA 2,True
510850,MT,VERA,0.214,BAIXA VULNERABILIDADE,True,False,CADASTRO RESERVA,0,BAIXA VULNERABILIDADE,FAIXA 3,10000,0.253,False,,False,,False,,False,,False,,False
510860,MT,VILA RICA,0.396,MEDIA VULNERABILIDADE,True,False,CONFIRMAÇÃO DE VAGAS (ADERIDOS),2,MEDIA VULNERABILIDADE,FAIXA 2,15000,0.305,False,,False,,False,,False,,False,,False
510880,MT,NOVA GUARITA,0.305,MEDIA VULNERABILIDADE,True,False,CADASTRO RESERVA,0,MEDIA VULNERABILIDADE,FAIXA 2,15000,0.320,False,,False,,False,,False,,False,,False
510885,MT,NOVA MARILANDIA,0.362,MEDIA VULNERABILIDADE,True,False,CADASTRO RESERVA,0,MEDIA VULNERABILIDADE,FAIXA 2,15000,0.328,False,,False,,False,,False,,False,,False
510890,MT,NOVA MARINGA,0.277,BAIXA VULNERABILIDADE,True,False,CADASTRO RESERVA,0,BAIXA VULNERABILIDADE,FAIXA 3,10000,0.232,False,,False,,False,,False,,False,,False
510895,MT,NOVA MONTE VERDE,0.257,BAIXA VULNERABILIDADE,True,False,CADASTRO RESERVA,0,BAIXA VULNERABILIDADE,FAIXA 3,10000,0.222,False,,False,,False,,False,,False,,False
520005,GO,ABADIA DE GOIAS,0.292,BAIXA VULNERABILIDADE,False,False,CONFIRMAÇÃO DE VAGAS (ADERIDOS),1,BAIXA VULNERABILIDADE,FAIXA 3,10000,0.198,False,,False,,False,,False,,True,FAIXA 3,True
520010,GO,ABADIANIA,0.251,BAIXA VULNERABILIDADE,False,False,CADASTRO RESERVA,0,BAIXA VULNERABILIDADE,FAIXA 3,10000,0.256,False,,False,,False,,False,,False,,False
520013,GO,ACREUNA,0.314,MEDIA VULNERABILIDADE,False,False,CADASTRO RESERVA,0,MEDIA VULNERABILIDADE,FAIXA 2,15000,0.327,False,,False,,False,,False,,False,,False
520015,GO,ADELANDIA,0.311,MEDIA VULNERABILIDADE,False,False,CADASTRO RESERVA,0,MEDIA VULNERABILIDADE,FAIXA 2,15000,0.283,False,,False,,False,,False,,False,,False
520017,GO,AGUA FRIA DE GOIAS,0.370,MEDIA VULNERABILIDADE,False,False,CONFIRMAÇÃO DE VAGAS (ADERIDOS),1,MEDIA VULNERABILIDADE,FAIXA 2,15000,0.356,False,,False,,False,,False,,False,,False
520020,GO,AGUA LIMPA,0.219,BAIXA VULNERABILIDADE,False,False,CADASTRO RESERVA,0,BAIXA VULNERABILIDADE,FAIXA 3,10000,0.249,False,,False,,False,,False,,False,,False
520025,GO,AGUAS LINDAS DE GOIAS,0.375,MEDIA VULNERABILIDADE,False,False,CADASTRO RESERVA,0,MEDIA VULNERABILIDADE,FAIXA 2,15000,0.404,True,FAIXA 2,False,,False,,False,,False,,True
520030,GO,ALEXANIA,0.304,MEDIA VULNERABILIDADE,False,False,CADASTRO RESERVA,0,MEDIA VULNERABILIDADE,FAIXA 2,15000,0.288,False,,False,,False,,False,,False,,False
520050,GO,ALOANDIA,0.269,BAIXA VULNERABILIDADE,False,False,NÃO ELEGIVEL,0,BAIXA VULNERABILIDADE,FAIXA 3,10000,0.279,False,,False,,False,,False,,False,,False
520055,GO,ALTO HORIZONTE,0.195,MUITO BAIXA VULNERABILIDADE,False,False,NÃO ELEGIVEL,0,MUITO BAIXA VULNERABILIDADE,FAIXA 3,10000,0.233,False,,False,,False,,False,,False,,False
520060,GO,ALTO PARAISO DE GOIAS,0.322,MEDIA VULNERABILIDADE,False,False,CONFIRMAÇÃO DE VAGAS (ADERIDOS),1,MEDIA VULNERABILIDADE,FAIXA 2,15000,0.300,False,,False,,False,,False,,False,,False
520080,GO,ALVORADA DO NORTE,0.388,MEDIA VULNERABILIDADE,False,False,CONFIRMAÇÃO DE VAGAS (ADERIDOS),1,MEDIA VULNERABILIDADE,FAIXA 2,15000,0.406,False,,False,,False,,False,,False,,False
520082,GO,AMARALINA,0.362,MEDIA VULNERABILIDADE,False,False,CADASTRO RESERVA,0,MEDIA VULNERABILIDADE,FAIXA 2,15000,0.309,False,,False,,False,,False,,False,,False
520085,GO,AMERICANO DO BRASIL,0.297,BAIXA VULNERABILIDADE,False,False,NÃO ELEGIVEL,0,BAIXA VULNERABILIDADE,FAIXA 3,10000,0.345,False,,True,FAIXA 3,False,,False,,False,,True
520090,GO,AMORINOPOLIS,0.311,MEDIA VULNERABILIDADE,False,False,CADASTRO RESERVA,0,MEDIA VULNERABILIDADE,FAIXA 2,15000,0.427,False,,False,,False,,False,,False,,False
520110,GO,ANAPOLIS,0.240,BAIXA VULNERABILIDADE,False,False,CADASTRO RESERVA,0,BAIXA VULNERABILIDADE,FAIXA 3,10000,0.303,False,,True,FAIXA 3,True,FAIXA 3,True,FAIXA 3,True,FAIXA 3,True
520120,GO,ANHANGUERA,0.159,MUITO BAIXA VULNERABILIDADE,False,False,CONFIRMAÇÃO DE VAGAS (ADERIDOS),1,MUITO BAIXA VULNERABILIDADE,FAIXA 3,10000,0.120,False,,False,,False,,False,,False,,False
520130,GO,ANICUNS,0.244,BAIXA VULNERABILIDADE,False,False,CONFIRMAÇÃO DE VAGAS (ADERIDOS),1,BAIXA VULNERABILIDADE,FAIXA 3,10000,0.257,False,,False,,False,,False,,False,,False
520140,GO,APARECIDA DE GOIANIA,0.350,MEDIA VULNERABILIDADE,False,False,CONFIRMAÇÃO DE VAGAS (ADERIDOS),5,MEDIA VULNERABILIDADE,FAIXA 2,15000,0.369,True,FAIXA 2,False,,False,,False,,False,,True
520145,GO,APARECIDA DO RIO DOCE,0.290,BAIXA VULNERABILIDADE,False,False,CADASTRO RESERVA,0,BAIXA VULNERABILIDADE,FAIXA 3,10000,0.293,False,,False,,False,,False,,False,,False
520150,GO,APORE,0.359,MEDIA VULNERABILIDADE,False,False,CADASTRO RESERVA,0,MEDIA VULNERABILIDADE,FAIXA 2,15000,0.335,False,,False,,False,,False,,False,,False
520160,GO,ARACU,0.342,MEDIA VULNERABILIDADE,False,False,NÃO ELEGIVEL,0,MEDIA VULNERABILIDADE,FAIXA 2,15000,0.210,False,,False,,False,,False,,False,,False
520170,GO,ARAGARCAS,0.259,BAIXA VULNERABILIDADE,False,False,CADASTRO RESERVA,0,BAIXA VULNERABILIDADE,FAIXA 3,10000,0.287,True,FAIXA 3,True,FAIXA 3,True,FAIXA 3,True,FAIXA 3,False,,True
520180,GO,ARAGOIANIA,0.400,MEDIA VULNERABILIDADE,False,False,CADASTRO RESERVA,0,MEDIA VULNERABILIDADE,FAIXA 2,15000,0.402,False,,False,,False,,False,,False,,False
520215,GO,ARAGUAPAZ,0.295,BAIXA VULNERABILIDADE,False,False,NÃO ELEGIVEL,0,BAIXA VULNERABILIDADE,FAIXA 3,10000,0.309,False,,False,,False,,False,,False,,False
520235,GO,ARENOPOLIS,0.321,MEDIA VULNERABILIDADE,False,False,CADASTRO RESERVA,0,MEDIA VULNERABILIDADE,FAIXA 2,15000,0.276,False,,False,,False,,False,,False,,False
520250,GO,ARUANA,0.270,BAIXA VULNERABILIDADE,False,False,NÃO ELEGIVEL,0,BAIXA VULNERABILIDADE,FAIXA 3,10000,0.283,False,,False,,False,,False,,False,,False
520260,GO,AURILANDIA,0.314,MEDIA VULNERABILIDADE,False,False,CADASTRO RESERVA,0,MEDIA VULNERABILIDADE,FAIXA 2,15000,0.332,False,,False,,False,,False,,False,,False
520280,GO,AVELINOPOLIS,0.287,BAIXA VULNERABILIDADE,False,False,NÃO ELEGIVEL,0,BAIXA VULNERABILIDADE,FAIXA 3,10000,0.297,False,,False,,False,,False,,False,,False
520310,GO,BALIZA,0.460,ALTA VULNERABILIDADE,False,False,CADASTRO RESERVA,0,ALTA VULNERABILIDADE,FAIXA 1,20000,0.258,False,,False,,False,,False,,False,,False
520320,GO,BARRO ALTO,0.246,BAIXA VULNERABILIDADE,False,False,CONFIRMAÇÃO DE VAGAS (ADERIDOS),2,BAIXA VULNERABILIDADE,FAIXA 3,10000,0.222,False,,False,,False,,False,,False,,False
520330,GO,BELA VISTA DE GOIAS,0.331,MEDIA VULNERABILIDADE,False,False,CONFIRMAÇÃO DE VAGAS (ADERIDOS),1,MEDIA VULNERABILIDADE,FAIXA 2,15000,0.326,False,,False,,False,,False,,False,,False
520340,GO,BOM JARDIM DE GOIAS,0.371,MEDIA VULNERABILIDADE,False,False,CADASTRO RESERVA,0,MEDIA VULNERABILIDADE,FAIXA 2,15000,0.338,False,,True,FAIXA 2,False,,False,,False,,True
520350,GO,BOM JESUS DE GOIAS,0.327,MEDIA VULNERABILIDADE,False,False,CADASTRO RESERVA,0,MEDIA VULNERABILIDADE,FAIXA 2,15000,0.293,False,,False,,False,,False,,False,,False
520355,GO,BONFINOPOLIS,0.359,MEDIA VULNERABILIDADE,False,False,CADASTRO RESERVA,0,MEDIA VULNERABILIDADE,FAIXA 2,15000,0.395,False,,False,,False,,False,,False,,False
520357,GO,BONOPOLIS,0.308,MEDIA VULNERABILIDADE,False,False,CADASTRO RESERVA,0,MEDIA VULNERABILIDADE,FAIXA 2,15000,0.263,False,,False,,False,,False,,False,,False
520360,GO,BRAZABRANTES,0.287,BAIXA VULNERABILIDADE,False,False,CADASTRO RESERVA,0,BAIXA VULNERABILIDADE,FAIXA 3,10000,0.254,False,,False,,False,,False,,False,,False
520380,GO,BRITANIA,0.292,BAIXA VULNERABILIDADE,False,False,CADASTRO RESERVA,0,BAIXA VULNERABILIDADE,FAIXA 3,10000,0.293,False,,True,FAIXA 3,False,,False,,False,,True
520390,GO,BURITI ALEGRE,0.272,BAIXA VULNERABILIDADE,False,False,CADASTRO RESERVA,0,BAIXA VULNERABILIDADE,FAIXA 3,10000,0.284,False,,False,,False,,False,,False,,False
520393,GO,BURITI DE GOIAS,0.251,BAIXA VULNERABILIDADE,False,False,CADASTRO RESERVA,0,BAIXA VULNERABILIDADE,FAIXA 3,10000,0.228,False,,False,,False,,False,,False,,False
520396,GO,BURITINOPOLIS,0.363,MEDIA VULNERABILIDADE,False,False,NÃO ELEGIVEL,0,MEDIA VULNERABILIDADE,FAIXA 2,15000,0.263,False,,False,,False,,False,,False,,False
520400,GO,CABECEIRAS,0.301,MEDIA VULNERABILIDADE,False,False,CADASTRO RESERVA,0,MEDIA VULNERABILIDADE,FAIXA 2,15000,0.276,False,,False,,False,,False,,False,,False
520410,GO,CACHOEIRA ALTA,0.367,MEDIA VULNERABILIDADE,False,False,CADASTRO RESERVA,0,MEDIA VULNERABILIDADE,FAIXA 2,15000,0.296,False,,True,FAIXA 2,False,,False,,False,,True
520420,GO,CACHOEIRA DE GOIAS,0.250,BAIXA VULNERABILIDADE,False,False,NÃO ELEGIVEL,0,BAIXA VULNERABILIDADE,FAIXA 3,10000,0.286,False,,False,,False,,False,,False,,False
520425,GO,CACHOEIRA DOURADA,0.271,BAIXA VULNERABILIDADE,False,False,CADASTRO RESERVA,0,BAIXA VULNERABILIDADE,FAIXA 3,10000,0.266,False,,True,FAIXA 3,False,,False,,False,,True
520430,GO,CACU,0.215,BAIXA VULNERABILIDADE,False,False,CADASTRO RESERVA,0,BAIXA VULNERABILIDADE,FAIXA 3,10000,0.190,False,,False,,False,,False,,False,,False
520440,GO,CAIAPONIA,0.289,BAIXA VULNERABILIDADE,False,False,CADASTRO RESERVA,0,BAIXA VULNERABILIDADE,FAIXA 3,10000,0.280,False,,True,FAIXA 3,False,,False,,False,,True
520450,GO,CALDAS NOVAS,0.209,BAIXA VULNERABILIDADE,False,False,CADASTRO RESERVA,0,BAIXA VULNERABILIDADE,FAIXA 3,10000,0.218,False,,False,,False,,False,,True,FAIXA 3,True
520455,GO,CALDAZINHA,0.371,MEDIA VULNERABILIDADE,False,False,CADASTRO RESERVA,0,MEDIA VULNERABILIDADE,FAIXA 2,15000,0.366,False,,False,,False,,False,,False,,False
520460,GO,CAMPESTRE DE GOIAS,0.305,MEDIA VULNERABILIDADE,False,False,NÃO ELEGIVEL,0,MEDIA VULNERABILIDADE,FAIXA 2,15000,0.258,False,,False,,False,,False,,False,,False
520465,GO,CAMPINACU,0.333,MEDIA VULNERABILIDADE,False,False,CADASTRO RESERVA,0,MEDIA VULNERABILIDADE,FAIXA 2,15000,0.305,False,,False,,False,,False,,False,,False
520470,GO,CAMPINORTE,0.267,BAIXA VULNERABILIDADE,False,False,CADASTRO RESERVA,0,BAIXA VULNERABILIDADE,FAIXA 3,10000,0.271,False,,False,,False,,False,,False,,False
520480,GO,CAMPO ALEGRE DE GOIAS,0.274,BAIXA VULNERABILIDADE,False,False,CADASTRO RESERVA,0,BAIXA VULNERABILIDADE,FAIXA 3,10000,0.285,False,,False,,False,,False,,False,,False
520485,GO,CAMPO LIMPO DE GOIAS,0.311,MEDIA VULNERABILIDADE,False,False,CADASTRO RESERVA,0,MEDIA VULNERABILIDADE,FAIXA 2,15000,0.367,False,,False,,False,,False,,False,,False
520490,GO,CAMPOS BELOS,0.311,MEDIA VULNERABILIDADE,False,False,CADASTRO RESERVA,0,MEDIA VULNERABILIDADE,FAIXA 2,15000,0.315,True,FAIXA 2,True,FAIXA 2,False,,False,,False,,True
520495,GO,CAMPOS VERDES,0.385,MEDIA VULNERABILIDADE,False,False,NÃO ELEGIVEL,0,MEDIA VULNERABILIDADE,FAIXA 2,15000,0.390,False,,False,,False,,False,,False,,False
520500,GO,CARMO DO RIO VERDE,0.256,BAIXA VULNERABILIDADE,False,False,CADASTRO RESERVA,0,BAIXA VULNERABILIDADE,FAIXA 3,10000,0.226,False,,False,,False,,False,,False,,False
520505,GO,CASTELANDIA,0.381,MEDIA VULNERABILIDADE,False,False,NÃO ELEGIVEL,0,MEDIA VULNERABILIDADE,FAIXA 2,15000,0.381,False,,False,,False,,False,,False,,False
520510,GO,CATALAO,0.209,BAIXA VULNERABILIDADE,False,False,CADASTRO RESERVA,0,BAIXA VULNERABILIDADE,FAIXA 3,10000,0.211,True,FAIXA 3,True,FAIXA 3,False,,False,,False,,True
520520,GO,CATURAI,0.398,MEDIA VULNERABILIDADE,False,False,CADASTRO RESERVA,0,MEDIA VULNERABILIDADE,FAIXA 2,15000,0.355,False,,False,,False,,False,,False,,False
520530,GO,CAVALCANTE,0.428,ALTA VULNERABILIDADE,False,False,CADASTRO RESERVA,0,ALTA VULNERABILIDADE,FAIXA 1,20000,0.329,False,,False,,False,,False,,True,FAIXA 1,True
520540,GO,CERES,0.189,MUITO BAIXA VULNERABILIDADE,False,False,CADASTRO RESERVA,0,MUITO BAIXA VULNERABILIDADE,FAIXA 3,10000,0.168,False,,False,,False,,False,,True,FAIXA 3,True
520545,GO,CEZARINA,0.242,BAIXA VULNERABILIDADE,False,False,CADASTRO RESERVA,0,BAIXA VULNERABILIDADE,FAIXA 3,10000,0.269,False,,False,,False,,False,,False,,False
520547,GO,CHAPADAO DO CEU,0.173,MUITO BAIXA VULNERABILIDADE,False,False,NÃO ELEGIVEL,0,MUITO BAIXA VULNERABILIDADE,FAIXA 3,10000,0.205,False,,False,,False,,False,,False,,False
520549,GO,CIDADE OCIDENTAL,0.360,MEDIA VULNERABILIDADE,False,False,CADASTRO RESERVA,0,MEDIA VULNERABILIDADE,FAIXA 2,15000,0.350,False,,False,,False,,False,,False,,False
520551,GO,COCALZINHO DE GOIAS,0.425,ALTA VULNERABILIDADE,False,False,CADASTRO RESERVA,0,ALTA VULNERABILIDADE,FAIXA 1,20000,0.257,False,,False,,False,,False,,True,FAIXA 1,True
520552,GO,COLINAS DO SUL,0.317,MEDIA VULNERABILIDADE,False,False,CADASTRO RESERVA,0,MEDIA VULNERABILIDADE,FAIXA 2,15000,0.289,False,,False,,False,,False,,False,,False
520570,GO,CORREGO DO OURO,0.188,MUITO BAIXA VULNERABILIDADE,False,False,CADASTRO RESERVA,0,MUITO BAIXA VULNERABILIDADE,FAIXA 3,10000,0.213,False,,False,,False,,False,,False,,False
520580,GO,CORUMBA DE GOIAS,0.350,MEDIA VULNERABILIDADE,False,False,CADASTRO RESERVA,0,MEDIA VULNERABILIDADE,FAIXA 2,15000,0.266,False,,False,,False,,False,,False,,False
520590,GO,CORUMBAIBA,0.262,BAIXA VULNERABILIDADE,False,False,CADASTRO RESERVA,0,BAIXA VULNERABILIDADE,FAIXA 3,10000,0.224,False,,False,,False,,False,,False,,False
520620,GO,CRISTALINA,0.346,MEDIA VULNERABILIDADE,False,False,CONFIRMAÇÃO DE VAGAS (ADERIDOS),1,MEDIA VULNERABILIDADE,FAIXA 2,15000,0.374,False,,False,,False,,False,,False,,False
520630,GO,CRISTIANOPOLIS,0.196,MUITO BAIXA VULNERABILIDADE,False,False,NÃO ELEGIVEL,0,MUITO BAIXA VULNERABILIDADE,FAIXA 3,10000,0.254,False,,False,,False,,False,,False,,False
520640,GO,CRIXAS,0.277,BAIXA VULNERABILIDADE,False,False,CADASTRO RESERVA,0,BAIXA VULNERABILIDADE,FAIXA 3,10000,0.262,True,FAIXA 3,True,FAIXA 3,False,,False,,False,,True
520650,GO,CROMINIA,0.246,BAIXA VULNERABILIDADE,False,False,CADASTRO RESERVA,0,BAIXA VULNERABILIDADE,FAIXA 3,10000,0.251,False,,False,,False,,False,,False,,False
520660,GO,CUMARI,0.173,MUITO BAIXA VULNERABILIDADE,False,False,NÃO ELEGIVEL,0,MUITO BAIXA VULNERABILIDADE,FAIXA 3,10000,0.189,False,,False,,False,,False,,False,,False
520670,GO,DAMIANOPOLIS,0.379,MEDIA VULNERABILIDADE,False,False,CADASTRO RESERVA,0,MEDIA VULNERABILIDADE,FAIXA 2,15000,0.247,False,,False,,False,,False,,False,,False
520680,GO,DAMOLANDIA,0.227,BAIXA VULNERABILIDADE,False,False,NÃO ELEGIVEL,0,BAIXA VULNERABILIDADE,FAIXA 3,10000,0.302,False,,False,,False,,False,,False,,False
520690,GO,DAVINOPOLIS,0.294,BAIXA VULNERABILIDADE,False,False,CONFIRMAÇÃO DE VAGAS (ADERIDOS),1,BAIXA VULNERABILIDADE,FAIXA 3,10000,0.199,False,,False,,False,,False,,False,,False
520710,GO,DIORAMA,0.256,BAIXA VULNERABILIDADE,False,False,CADASTRO RESERVA,0,BAIXA VULNERABILIDADE,FAIXA 3,10000,0.261,False,,True,FAIXA 3,False,,False,,False,,True
520725,GO,DOVERLANDIA,0.306,MEDIA VULNERABILIDADE,False,False,CADASTRO RESERVA,0,MEDIA VULNERABILIDADE,FAIXA 2,15000,0.275,False,,False,,False,,False,,False,,False
520735,GO,EDEALINA,0.282,BAIXA VULNERABILIDADE,False,False,CADASTRO RESERVA,0,BAIXA VULNERABILIDADE,FAIXA 3,10000,0.286,False,,False,,False,,False,,False,,False
520740,GO,EDEIA,0.275,BAIXA VULNERABILIDADE,False,False,NÃO ELEGIVEL,0,BAIXA VULNERABILIDADE,FAIXA 3,10000,0.265,False,,False,,False,,False,,False,,False
520750,GO,ESTRELA DO NORTE,0.224,BAIXA VULNERABILIDADE,False,False,NÃO ELEGIVEL,0,BAIXA VULNERABILIDADE,FAIXA 3,10000,0.239,False,,False,,False,,False,,False,,False
520753,GO,FAINA,0.349,MEDIA VULNERABILIDADE,False,False,NÃO ELEGIVEL,0,MEDIA VULNERABILIDADE,FAIXA 2,15000,0.288,False,,False,,False,,False,,False,,False
520760,GO,FAZENDA NOVA,0.298,BAIXA VULNERABILIDADE,False,False,NÃO ELEGIVEL,0,BAIXA VULNERABILIDADE,FAIXA 3,10000,0.265,False,,False,,False,,False,,True,FAIXA 3,True
520780,GO,FIRMINOPOLIS,0.225,BAIXA VULNERABILIDADE,False,False,CADASTRO RESERVA,0,BAIXA VULNERABILIDADE,FAIXA 3,10000,0.364,False,,False,,False,,False,,False,,False
520790,GO,FLORES DE GOIAS,0.482,ALTA VULNERABILIDADE,False,False,CADASTRO RESERVA,0,ALTA VULNERABILIDADE,FAIXA 1,20000,0.293,False,,False,,False,,False,,True,FAIXA 1,True
520800,GO,FORMOSA,0.279,BAIXA VULNERABILIDADE,False,False,CADASTRO RESERVA,0,BAIXA VULNERABILIDADE,FAIXA 3,10000,0.297,False,,False,,False,,False,,True,FAIXA 3,True
520810,GO,FORMOSO,0.322,MEDIA VULNERABILIDADE,False,False,CADASTRO RESERVA,0,MEDIA VULNERABILIDADE,FAIXA 2,15000,0.304,False,,False,,False,,False,,False,,False
520815,GO,GAMELEIRA DE GOIAS,0.225,BAIXA VULNERABILIDADE,False,False,NÃO ELEGIVEL,0,BAIXA VULNERABILIDADE,FAIXA 3,10000,0.257,False,,False,,False,,False,,False,,False
520830,GO,DIVINOPOLIS DE GOIAS,0.313,MEDIA VULNERABILIDADE,False,False,CADASTRO RESERVA,0,MEDIA VULNERABILIDADE,FAIXA 2,15000,0.270,False,,True,FAIXA 2,False,,False,,False,,True
520840,GO,GOIANAPOLIS,0.293,BAIXA VULNERABILIDADE,False,False,NÃO ELEGIVEL,0,BAIXA VULNERABILIDADE,FAIXA 3,10000,0.323,False,,False,,False,,False,,True,FAIXA 3,True
520850,GO,GOIANDIRA,0.228,BAIXA VULNERABILIDADE,False,False,CADASTRO RESERVA,0,BAIXA VULNERABILIDADE,FAIXA 3,10000,0.241,False,,False,,False,,False,,True,FAIXA 3,True
520860,GO,GOIANESIA,0.287,BAIXA VULNERABILIDADE,False,False,CADASTRO RESERVA,0,BAIXA VULNERABILIDADE,FAIXA 3,10000,0.281,False,,False,,False,,False,,True,FAIXA 3,True
520870,GO,GOIANIA,0.291,BAIXA VULNERABILIDADE,False,False,CADASTRO RESERVA,0,BAIXA VULNERABILIDADE,FAIXA 3,10000,0.318,False,,True,FAIXA 3,False,,False,,True,FAIXA 3,True
520880,GO,GOIANIRA,0.349,MEDIA VULNERABILIDADE,False,False,CONFIRMAÇÃO DE VAGAS (ADERIDOS),3,MEDIA VULNERABILIDADE,FAIXA 2,15000,0.391,False,,False,,True,FAIXA 2,False,,False,,True
520890,GO,GOIAS,0.299,BAIXA VULNERABILIDADE,False,False,NÃO ELEGIVEL,0,BAIXA VULNERABILIDADE,FAIXA 3,10000,0.328,False,,False,,True,FAIXA 3,False,,False,,True
520910,GO,GOIATUBA,0.330,MEDIA VULNERABILIDADE,False,False,NÃO ELEGIVEL,0,MEDIA VULNERABILIDADE,FAIXA 2,15000,0.353,False,,False,,True,FAIXA 2,True,FAIXA 2,True,FAIXA 2,True
520915,GO,GOUVELANDIA,0.350,MEDIA VULNERABILIDADE,False,False,CADASTRO RESERVA,0,MEDIA VULNERABILIDADE,FAIXA 2,15000,0.302,False,,False,,False,,False,,False,,False
520920,GO,GUAPO,0.334,MEDIA VULNERABILIDADE,False,False,CADASTRO RESERVA,0,MEDIA VULNERABILIDADE,FAIXA 2,15000,0.335,False,,False,,False,,False,,False,,False
520929,GO,GUARAITA,0.241,BAIXA VULNERABILIDADE,False,False,CADASTRO RESERVA,0,BAIXA VULNERABILIDADE,FAIXA 3,10000,0.236,False,,False,,False,,False,,False,,False
520940,GO,GUARANI DE GOIAS,0.401,ALTA VULNERABILIDADE,False,False,CADASTRO RESERVA,0,ALTA VULNERABILIDADE,FAIXA 1,20000,0.309,False,,False,,False,,False,,False,,False
520945,GO,GUARINOS,0.320,MEDIA VULNERABILIDADE,False,False,NÃO ELEGIVEL,0,MEDIA VULNERABILIDADE,FAIXA 2,15000,0.322,False,,False,,False,,False,,False,,False
520960,GO,HEITORAI,0.356,MEDIA VULNERABILIDADE,False,False,CADASTRO RESERVA,0,MEDIA VULNERABILIDADE,FAIXA 2,15000,0.254,False,,False,,False,,False,,False,,False
520970,GO,HIDROLANDIA,0.268,BAIXA VULNERABILIDADE,False,False,CADASTRO RESERVA,0,BAIXA VULNERABILIDADE,FAIXA 3,10000,0.343,True,FAIXA 3,False,,False,,False,,True,FAIXA 3,True
520980,GO,HIDROLINA,0.299,BAIXA VULNERABILIDADE,False,False,CADASTRO RESERVA,0,BAIXA VULNERABILIDADE,FAIXA 3,10000,0.238,False,,False,,False,,False,,False,,False
520990,GO,IACIARA,0.426,ALTA VULNERABILIDADE,False,False,CADASTRO RESERVA,0,ALTA VULNERABILIDADE,FAIXA 1,20000,0.435,False,,False,,False,,False,,False,,False
520993,GO,INACIOLANDIA,0.314,MEDIA VULNERABILIDADE,False,False,NÃO ELEGIVEL,0,MEDIA VULNERABILIDADE,FAIXA 2,15000,0.323,False,,False,,False,,False,,False,,False
520995,GO,INDIARA,0.283,BAIXA VULNERABILIDADE,False,False,CADASTRO RESERVA,0,BAIXA VULNERABILIDADE,FAIXA 3,10000,0.327,False,,False,,False,,False,,True,FAIXA 3,True
521000,GO,INHUMAS,0.233,BAIXA VULNERABILIDADE,False,False,CADASTRO RESERVA,0,BAIXA VULNERABILIDADE,FAIXA 3,10000,0.223,False,,False,,False,,False,,True,FAIXA 3,True
521010,GO,IPAMERI,0.278,BAIXA VULNERABILIDADE,False,False,CADASTRO RESERVA,0,BAIXA VULNERABILIDADE,FAIXA 3,10000,0.306,False,,False,,True,FAIXA 3,True,FAIXA 3,False,,True
521015,GO,IPIRANGA DE GOIAS,0.292,BAIXA VULNERABILIDADE,False,False,CADASTRO RESERVA,0,BAIXA VULNERABILIDADE,FAIXA 3,10000,0.195,False,,False,,False,,False,,False,,False
521020,GO,IPORA,0.201,BAIXA VULNERABILIDADE,False,False,CADASTRO RESERVA,0,BAIXA VULNERABILIDADE,FAIXA 3,10000,0.204,True,FAIXA 3,False,,False,,False,,False,,True
521030,GO,ISRAELANDIA,0.285,BAIXA VULNERABILIDADE,False,False,CADASTRO RESERVA,0,BAIXA VULNERABILIDADE,FAIXA 3,10000,0.299,False,,False,,False,,False,,False,,False
521040,GO,ITABERAI,0.253,BAIXA VULNERABILIDADE,False,False,CADASTRO RESERVA,0,BAIXA VULNERABILIDADE,FAIXA 3,10000,0.326,True,FAIXA 3,False,,False,,False,,False,,True
521056,GO,ITAGUARI,0.317,MEDIA VULNERABILIDADE,False,False,NÃO ELEGIVEL,0,MEDIA VULNERABILIDADE,FAIXA 2,15000,0.268,False,,False,,False,,False,,False,,False
521060,GO,ITAGUARU,0.247,BAIXA VULNERABILIDADE,False,False,CADASTRO RESERVA,0,BAIXA VULNERABILIDADE,FAIXA 3,10000,0.205,False,,False,,False,,False,,False,,False
521080,GO,ITAJA,0.244,BAIXA VULNERABILIDADE,False,False,CONFIRMAÇÃO DE VAGAS (ADERIDOS),1,BAIXA VULNERABILIDADE,FAIXA 3,10000,0.286,False,,False,,False,,False,,False,,False
521090,GO,ITAPACI,0.327,MEDIA VULNERABILIDADE,False,False,CADASTRO RESERVA,0,MEDIA VULNERABILIDADE,FAIXA 2,15000,0.272,False,,False,,False,,False,,False,,False
521100,GO,ITAPIRAPUA,0.321,MEDIA VULNERABILIDADE,False,False,NÃO ELEGIVEL,0,MEDIA VULNERABILIDADE,FAIXA 2,15000,0.323,False,,False,,False,,False,,False,,False
521120,GO,ITAPURANGA,0.232,BAIXA VULNERABILIDADE,False,False,NÃO ELEGIVEL,0,BAIXA VULNERABILIDADE,FAIXA 3,10000,0.206,False,,False,,False,,False,,False,,False
521130,GO,ITARUMA,0.304,MEDIA VULNERABILIDADE,False,False,NOVA ADESÃO,1,MEDIA VULNERABILIDADE,FAIXA 2,15000,0.294,False,,False,,False,,False,,True,FAIXA 2,True
521140,GO,ITAUCU,0.229,BAIXA VULNERABILIDADE,False,False,CADASTRO RESERVA,0,BAIXA VULNERABILIDADE,FAIXA 3,10000,0.213,False,,False,,False,,False,,False,,False
521150,GO,ITUMBIARA,0.211,BAIXA VULNERABILIDADE,False,False,CADASTRO RESERVA,0,BAIXA VULNERABILIDADE,FAIXA 3,10000,0.252,True,FAIXA 3,True,FAIXA 3,True,FAIXA 3,True,FAIXA 3,True,FAIXA 3,True
521160,GO,IVOLANDIA,0.242,BAIXA VULNERABILIDADE,False,False,CADASTRO RESERVA,0,BAIXA VULNERABILIDADE,FAIXA 3,10000,0.255,False,,False,,False,,False,,False,,False
521170,GO,JANDAIA,0.294,BAIXA VULNERABILIDADE,False,False,CADASTRO RESERVA,0,BAIXA VULNERABILIDADE,FAIXA 3,10000,0.269,False,,False,,False,,False,,False,,False
521180,GO,JARAGUA,0.260,BAIXA VULNERABILIDADE,False,False,NÃO ELEGIVEL,0,BAIXA VULNERABILIDADE,FAIXA 3,10000,0.229,False,,False,,False,,False,,False,,False
521190,GO,JATAI,0.207,BAIXA VULNERABILIDADE,False,False,CONFIRMAÇÃO DE VAGAS (ADERIDOS),1,BAIXA VULNERABILIDADE,FAIXA 3,10000,0.216,False,,False,,False,,False,,False,,False
521200,GO,JAUPACI,0.248,BAIXA VULNERABILIDADE,False,False,NÃO ELEGIVEL,0,BAIXA VULNERABILIDADE,FAIXA 3,10000,0.230,False,,False,,False,,False,,True,FAIXA 3,True
521205,GO,JESUPOLIS,0.303,MEDIA VULNERABILIDADE,False,False,CADASTRO RESERVA,0,MEDIA VULNERABILIDADE,FAIXA 2,15000,0.297,False,,False,,False,,False,,False,,False
521210,GO,JOVIANIA,0.364,MEDIA VULNERABILIDADE,False,False,CADASTRO RESERVA,0,MEDIA VULNERABILIDADE,FAIXA 2,15000,0.311,False,,False,,False,,False,,False,,False
521220,GO,JUSSARA,0.226,BAIXA VULNERABILIDADE,False,False,NOVA ADESÃO,3,BAIXA VULNERABILIDADE,FAIXA 3,10000,0.256,False,,True,FAIXA 3,False,,False,,False,,True
521225,GO,LAGOA SANTA,0.172,MUITO BAIXA VULNERABILIDADE,False,False,NÃO ELEGIVEL,0,MUITO BAIXA VULNERABILIDADE,FAIXA 3,10000,0.210,False,,False,,False,,False,,False,,False
521230,GO,LEOPOLDO DE BULHOES,0.289,BAIXA VULNERABILIDADE,False,False,CADASTRO RESERVA,0,BAIXA VULNERABILIDADE,FAIXA 3,10000,0.305,False,,False,,False,,False,,False,,False
521250,GO,LUZIANIA,0.396,MEDIA VULNERABILIDADE,False,False,CONFIRMAÇÃO DE VAGAS (ADERIDOS),2,MEDIA VULNERABILIDADE,FAIXA 2,15000,0.436,True,FAIXA 2,True,FAIXA 2,False,,False,,True,FAIXA 2,True
521260,GO,MAIRIPOTABA,0.286,BAIXA VULNERABILIDADE,False,False,CADASTRO RESERVA,0,BAIXA VULNERABILIDADE,FAIXA 3,10000,0.235,False,,False,,False,,False,,False,,False
521270,GO,MAMBAI,0.389,MEDIA VULNERABILIDADE,False,False,CONFIRMAÇÃO DE VAGAS (ADERIDOS),1,MEDIA VULNERABILIDADE,FAIXA 2,15000,0.388,False,,False,,False,,False,,False,,False
521280,GO,MARA ROSA,0.316,MEDIA VULNERABILIDADE,False,False,CADASTRO RESERVA,0,MEDIA VULNERABILIDADE,FAIXA 2,15000,0.324,True,FAIXA 2,True,FAIXA 2,False,,False,,False,,True
521290,GO,MARZAGAO,0.246,BAIXA VULNERABILIDADE,False,False,NÃO ELEGIVEL,0,BAIXA VULNERABILIDADE,FAIXA 3,10000,0.254,False,,False,,False,,False,,False,,False
521295,GO,MATRINCHA,0.295,BAIXA VULNERABILIDADE,False,False,NÃO ELEGIVEL,0,BAIXA VULNERABILIDADE,FAIXA 3,10000,0.319,False,,True,FAIXA 3,False,,False,,False,,True
521300,GO,MAURILANDIA,0.376,MEDIA VULNERABILIDADE,False,False,NÃO ELEGIVEL,0,MEDIA VULNERABILIDADE,FAIXA 2,15000,0.417,False,,False,,False,,False,,False,,False
521305,GO,MIMOSO DE GOIAS,0.312,MEDIA VULNERABILIDADE,False,False,NÃO ELEGIVEL,0,MEDIA VULNERABILIDADE,FAIXA 2,15000,0.311,False,,False,,False,,False,,False,,False
521308,GO,MINACU,0.298,BAIXA VULNERABILIDADE,False,False,CADASTRO RESERVA,0,BAIXA VULNERABILIDADE,FAIXA 3,10000,0.286,True,FAIXA 3,True,FAIXA 3,False,,False,,False,,True
521310,GO,MINEIROS,0.253,BAIXA VULNERABILIDADE,False,False,CADASTRO RESERVA,0,BAIXA VULNERABILIDADE,FAIXA 3,10000,0.247,False,,True,FAIXA 3,False,,False,,False,,True
521340,GO,MOIPORA,0.234,BAIXA VULNERABILIDADE,False,False,CADASTRO RESERVA,0,BAIXA VULNERABILIDADE,FAIXA 3,10000,0.208,False,,False,,False,,False,,False,,False
521350,GO,MONTE ALEGRE DE GOIAS,0.470,ALTA VULNERABILIDADE,False,False,CADASTRO RESERVA,0,ALTA VULNERABILIDADE,FAIXA 1,20000,0.389,False,,False,,False,,False,,False,,False
521370,GO,MONTES CLAROS DE GOIAS,0.275,BAIXA VULNERABILIDADE,False,False,NÃO ELEGIVEL,0,BAIXA VULNERABILIDADE,FAIXA 3,10000,0.285,False,,False,,False,,False,,True,FAIXA 3,True
521375,GO,MONTIVIDIU,0.191,MUITO BAIXA VULNERABILIDADE,False,False,CADASTRO RESERVA,0,MUITO BAIXA VULNERABILIDADE,FAIXA 3,10000,0.236,False,,False,,False,,False,,True,FAIXA 3,True
521377,GO,MONTIVIDIU DO NORTE,0.377,MEDIA VULNERABILIDADE,False,False,CADASTRO RESERVA,0,MEDIA VULNERABILIDADE,FAIXA 2,15000,0.229,False,,False,,False,,False,,False,,False
521380,GO,MORRINHOS,0.210,BAIXA VULNERABILIDADE,False,False,CADASTRO RESERVA,0,BAIXA VULNERABILIDADE,FAIXA 3,10000,0.265,True,FAIXA 3,True,FAIXA 3,True,FAIXA 3,False,,False,,True
521385,GO,MORRO AGUDO DE GOIAS,0.306,MEDIA VULNERABILIDADE,False,False,CADASTRO RESERVA,0,MEDIA VULNERABILIDADE,FAIXA 2,15000,0.274,False,,False,,False,,False,,False,,False
521390,GO,MOSSAMEDES,0.223,BAIXA VULNERABILIDADE,False,False,CADASTRO RESERVA,0,BAIXA VULNERABILIDADE,FAIXA 3,10000,0.281,False,,False,,False,,False,,False,,False
521400,GO,MOZARLANDIA,0.276,BAIXA VULNERABILIDADE,False,False,CADASTRO RESERVA,0,BAIXA VULNERABILIDADE,FAIXA 3,10000,0.264,False,,False,,False,,False,,False,,False
521405,GO,MUNDO NOVO,0.381,MEDIA VULNERABILIDADE,False,False,CADASTRO RESERVA,0,MEDIA VULNERABILIDADE,FAIXA 2,15000,0.331,False,,True,FAIXA 2,False,,False,,False,,True
521410,GO,MUTUNOPOLIS,0.312,MEDIA VULNERABILIDADE,False,False,CADASTRO RESERVA,0,MEDIA VULNERABILIDADE,FAIXA 2,15000,0.255,False,,False,,False,,False,,False,,False
521440,GO,NAZARIO,0.295,BAIXA VULNERABILIDADE,False,False,CADASTRO RESERVA,0,BAIXA VULNERABILIDADE,FAIXA 3,10000,0.325,False,,False,,False,,False,,False,,False
521450,GO,NEROPOLIS,0.270,BAIXA VULNERABILIDADE,False,False,CADASTRO RESERVA,0,BAIXA VULNERABILIDADE,FAIXA 3,10000,0.298,False,,True,FAIXA 3,False,,False,,True,FAIXA 3,True
521460,GO,NIQUELANDIA,0.266,BAIXA VULNERABILIDADE,False,False,CONFIRMAÇÃO DE VAGAS (ADERIDOS),3,BAIXA VULNERABILIDADE,FAIXA 3,10000,0.282,False,,True,FAIXA 3,False,,False,,True,FAIXA 3,True
521470,GO,NOVA AMERICA,0.244,BAIXA VULNERABILIDADE,False,False,NÃO ELEGIVEL,0,BAIXA VULNERABILIDADE,FAIXA 3,10000,0.287,False,,False,,False,,False,,False,,False
521480,GO,NOVA AURORA,0.205,BAIXA VULNERABILIDADE,False,False,NÃO ELEGIVEL,0,BAIXA VULNERABILIDADE,FAIXA 3,10000,0.178,False,,False,,False,,False,,False,,False
521483,GO,NOVA CRIXAS,0.338,MEDIA VULNERABILIDADE,False,False,CADASTRO RESERVA,0,MEDIA VULNERABILIDADE,FAIXA 2,15000,0.334,False,,False,,False,,False,,False,,False
521486,GO,NOVA GLORIA,0.345,MEDIA VULNERABILIDADE,False,False,CADASTRO RESERVA,0,MEDIA VULNERABILIDADE,FAIXA 2,15000,0.373,False,,False,,False,,False,,False,,False
521487,GO,NOVA IGUACU DE GOIAS,0.310,MEDIA VULNERABILIDADE,False,False,CADASTRO RESERVA,0,MEDIA VULNERABILIDADE,FAIXA 2,15000,0.302,False,,False,,False,,False,,False,,False
521490,GO,NOVA ROMA,0.303,MEDIA VULNERABILIDADE,False,False,CADASTRO RESERVA,0,MEDIA VULNERABILIDADE,FAIXA 2,15000,0.225,False,,False,,False,,False,,False,,False
521500,GO,NOVA VENEZA,0.292,BAIXA VULNERABILIDADE,False,False,CADASTRO RESERVA,0,BAIXA VULNERABILIDADE,FAIXA 3,10000,0.278,False,,False,,False,,False,,False,,False
521520,GO,NOVO BRASIL,0.267,BAIXA VULNERABILIDADE,False,False,NÃO ELEGIVEL,0,BAIXA VULNERABILIDADE,FAIXA 3,10000,0.260,False,,False,,False,,False,,False,,False
521523,GO,NOVO GAMA,0.412,ALTA VULNERABILIDADE,False,False,CONFIRMAÇÃO DE VAGAS (ADERIDOS),1,ALTA VULNERABILIDADE,FAIXA 1,20000,0.429,False,,False,,False,,False,,False,,False
521525,GO,NOVO PLANALTO,0.423,ALTA VULNERABILIDADE,False,False,CADASTRO RESERVA,0,ALTA VULNERABILIDADE,FAIXA 1,20000,0.343,False,,False,,False,,False,,False,,False
521530,GO,ORIZONA,0.244,BAIXA VULNERABILIDADE,False,False,NÃO ELEGIVEL,0,BAIXA VULNERABILIDADE,FAIXA 3,10000,0.257,False,,False,,False,,False,,False,,False
521540,GO,OURO VERDE DE GOIAS,0.229,BAIXA VULNERABILIDADE,False,False,CADASTRO RESERVA,0,BAIXA VULNERABILIDADE,FAIXA 3,10000,0.241,False,,False,,False,,False,,False,,False
521550,GO,OUVIDOR,0.161,MUITO BAIXA VULNERABILIDADE,False,False,NÃO ELEGIVEL,0,MUITO BAIXA VULNERABILIDADE,FAIXA 3,10000,0.222,False,,False,,False,,False,,False,,False
521560,GO,PADRE BERNARDO,0.424,ALTA VULNERABILIDADE,False,False,CADASTRO RESERVA,0,ALTA VULNERABILIDADE,FAIXA 1,20000,0.284,False,,False,,False,,False,,False,,False
521565,GO,PALESTINA DE GOIAS,0.229,BAIXA VULNERABILIDADE,False,False,CADASTRO RESERVA,0,BAIXA VULNERABILIDADE,FAIXA 3,10000,0.268,False,,True,FAIXA 3,False,,False,,False,,True
521570,GO,PALMEIRAS DE GOIAS,0.267,BAIXA VULNERABILIDADE,False,False,CADASTRO RESERVA,0,BAIXA VULNERABILIDADE,FAIXA 3,10000,0.281,False,,True,FAIXA 3,False,,False,,False,,True
521580,GO,PALMELO,0.184,MUITO BAIXA VULNERABILIDADE,False,False,CADASTRO RESERVA,0,MUITO BAIXA VULNERABILIDADE,FAIXA 3,10000,0.208,False,,False,,False,,False,,False,,False
521590,GO,PALMINOPOLIS,0.221,BAIXA VULNERABILIDADE,False,False,CADASTRO RESERVA,0,BAIXA VULNERABILIDADE,FAIXA 3,10000,0.229,False,,False,,False,,False,,False,,False
521600,GO,PANAMA,0.248,BAIXA VULNERABILIDADE,False,False,NÃO ELEGIVEL,0,BAIXA VULNERABILIDADE,FAIXA 3,10000,0.305,False,,False,,False,,False,,False,,False
521630,GO,PARANAIGUARA,0.269,BAIXA VULNERABILIDADE,False,False,NÃO ELEGIVEL,0,BAIXA VULNERABILIDADE,FAIXA 3,10000,0.268,False,,True,FAIXA 3,False,,False,,False,,True
521640,GO,PARAUNA,0.294,BAIXA VULNERABILIDADE,False,False,CADASTRO RESERVA,0,BAIXA VULNERABILIDADE,FAIXA 3,10000,0.333,False,,True,FAIXA 3,False,,False,,False,,True
521645,GO,PEROLANDIA,0.264,BAIXA VULNERABILIDADE,False,False,CADASTRO RESERVA,0,BAIXA VULNERABILIDADE,FAIXA 3,10000,0.272,False,,False,,False,,False,,False,,False
521680,GO,PETROLINA DE GOIAS,0.235,BAIXA VULNERABILIDADE,False,False,CADASTRO RESERVA,0,BAIXA VULNERABILIDADE,FAIXA 3,10000,0.295,False,,False,,False,,False,,False,,False
521690,GO,PILAR DE GOIAS,0.331,MEDIA VULNERABILIDADE,False,False,NÃO ELEGIVEL,0,MEDIA VULNERABILIDADE,FAIXA 2,15000,0.264,False,,False,,False,,False,,False,,False
521710,GO,PIRACANJUBA,0.290,BAIXA VULNERABILIDADE,False,False,CADASTRO RESERVA,0,BAIXA VULNERABILIDADE,FAIXA 3,10000,0.243,False,,False,,False,,False,,True,FAIXA 3,True
521720,GO,PIRANHAS,0.252,BAIXA VULNERABILIDADE,False,False,NÃO ELEGIVEL,0,BAIXA VULNERABILIDADE,FAIXA 3,10000,0.278,True,FAIXA 3,True,FAIXA 3,False,,False,,False,,True
521730,GO,PIRENOPOLIS,0.260,BAIXA VULNERABILIDADE,False,False,CONFIRMAÇÃO DE VAGAS (ADERIDOS),2,BAIXA VULNERABILIDADE,FAIXA 3,10000,0.266,False,,False,,False,,False,,False,,False
521740,GO,PIRES DO RIO,0.202,BAIXA VULNERABILIDADE,False,False,CADASTRO RESERVA,0,BAIXA VULNERABILIDADE,FAIXA 3,10000,0.280,False,,True,FAIXA 3,False,,False,,False,,True
521760,GO,PLANALTINA,0.405,ALTA VULNERABILIDADE,False,False,CADASTRO RESERVA,0,ALTA VULNERABILIDADE,FAIXA 1,20000,0.431,False,,False,,False,,False,,False,,False
521770,GO,PONTALINA,0.345,MEDIA VULNERABILIDADE,False,False,NÃO ELEGIVEL,0,MEDIA VULNERABILIDADE,FAIXA 2,15000,0.284,False,,False,,False,,False,,False,,False
521800,GO,PORANGATU,0.257,BAIXA VULNERABILIDADE,False,False,CONFIRMAÇÃO DE VAGAS (ADERIDOS),2,BAIXA VULNERABILIDADE,FAIXA 3,10000,0.248,True,FAIXA 3,True,FAIXA 3,False,,False,,False,,True
521805,GO,PORTEIRAO,0.232,BAIXA VULNERABILIDADE,False,False,NÃO ELEGIVEL,0,BAIXA VULNERABILIDADE,FAIXA 3,10000,0.211,False,,False,,False,,False,,False,,False
521810,GO,PORTELANDIA,0.295,BAIXA VULNERABILIDADE,False,False,CADASTRO RESERVA,0,BAIXA VULNERABILIDADE,FAIXA 3,10000,0.255,False,,False,,False,,False,,False,,False
521830,GO,POSSE,0.405,ALTA VULNERABILIDADE,False,False,CADASTRO RESERVA,0,ALTA VULNERABILIDADE,FAIXA 1,20000,0.399,False,,False,,False,,False,,False,,False
521839,GO,PROFESSOR JAMIL,0.297,BAIXA VULNERABILIDADE,False,False,CADASTRO RESERVA,0,BAIXA VULNERABILIDADE,FAIXA 3,10000,0.294,False,,False,,False,,False,,False,,False
521850,GO,QUIRINOPOLIS,0.234,BAIXA VULNERABILIDADE,False,False,CADASTRO RESERVA,0,BAIXA VULNERABILIDADE,FAIXA 3,10000,0.229,False,,False,,False,,False,,False,,False
521860,GO,RIALMA,0.204,BAIXA VULNERABILIDADE,False,False,CONFIRMAÇÃO DE VAGAS (ADERIDOS),1,BAIXA VULNERABILIDADE,FAIXA 3,10000,0.189,False,,False,,False,,False,,False,,False
521870,GO,RIANAPOLIS,0.238,BAIXA VULNERABILIDADE,False,False,CADASTRO RESERVA,0,BAIXA VULNERABILIDADE,FAIXA 3,10000,0.236,False,,False,,False,,False,,False,,False
521878,GO,RIO QUENTE,0.148,MUITO BAIXA VULNERABILIDADE,False,False,NÃO ELEGIVEL,0,MUITO BAIXA VULNERABILIDADE,FAIXA 3,10000,0.153,False,,True,FAIXA 3,False,,False,,False,,True
521880,GO,RIO VERDE,0.224,BAIXA VULNERABILIDADE,False,False,CADASTRO RESERVA,0,BAIXA VULNERABILIDADE,FAIXA 3,10000,0.243,True,FAIXA 3,True,FAIXA 3,True,FAIXA 3,True,FAIXA 3,True,FAIXA 3,True
521890,GO,RUBIATABA,0.233,BAIXA VULNERABILIDADE,False,False,CADASTRO RESERVA,0,BAIXA VULNERABILIDADE,FAIXA 3,10000,0.205,False,,False,,False,,False,,False,,False
521900,GO,SANCLERLANDIA,0.248,BAIXA VULNERABILIDADE,False,False,NÃO ELEGIVEL,0,BAIXA VULNERABILIDADE,FAIXA 3,10000,0.241,False,,False,,False,,False,,False,,False
521910,GO,SANTA BARBARA DE GOIAS,0.274,BAIXA VULNERABILIDADE,False,False,CADASTRO RESERVA,0,BAIXA VULNERABILIDADE,FAIXA 3,10000,0.263,False,,False,,False,,False,,False,,False
521920,GO,SANTA CRUZ DE GOIAS,0.241,BAIXA VULNERABILIDADE,False,False,NÃO ELEGIVEL,0,BAIXA VULNERABILIDADE,FAIXA 3,10000,0.259,False,,False,,False,,False,,False,,False
521925,GO,SANTA FE DE GOIAS,0.201,BAIXA VULNERABILIDADE,False,False,NÃO ELEGIVEL,0,BAIXA VULNERABILIDADE,FAIXA 3,10000,0.251,False,,False,,False,,False,,False,,False
521930,GO,SANTA HELENA DE GOIAS,0.264,BAIXA VULNERABILIDADE,False,False,NÃO ELEGIVEL,0,BAIXA VULNERABILIDADE,FAIXA 3,10000,0.287,False,,True,FAIXA 3,True,FAIXA 3,True,FAIXA 3,False,,True
521935,GO,SANTA ISABEL,0.274,BAIXA VULNERABILIDADE,False,False,CADASTRO RESERVA,0,BAIXA VULNERABILIDADE,FAIXA 3,10000,0.240,False,,False,,False,,False,,False,,False
521940,GO,SANTA RITA DO ARAGUAIA,0.265,BAIXA VULNERABILIDADE,False,False,CADASTRO RESERVA,0,BAIXA VULNERABILIDADE,FAIXA 3,10000,0.332,False,,False,,False,,False,,False,,False
521945,GO,SANTA RITA DO NOVO DESTINO,0.317,MEDIA VULNERABILIDADE,False,False,NÃO ELEGIVEL,0,MEDIA VULNERABILIDADE,FAIXA 2,15000,0.312,False,,False,,False,,False,,False,,False
521950,GO,SANTA ROSA DE GOIAS,0.251,BAIXA VULNERABILIDADE,False,False,NÃO ELEGIVEL,0,BAIXA VULNERABILIDADE,FAIXA 3,10000,0.355,False,,False,,False,,False,,False,,False
521960,GO,SANTA TEREZA DE GOIAS,0.350,MEDIA VULNERABILIDADE,False,False,CADASTRO RESERVA,0,MEDIA VULNERABILIDADE,FAIXA 2,15000,0.315,False,,False,,False,,False,,False,,False
521970,GO,SANTA TEREZINHA DE GOIAS,0.305,MEDIA VULNERABILIDADE,False,False,NÃO ELEGIVEL,0,MEDIA VULNERABILIDADE,FAIXA 2,15000,0.316,False,,False,,False,,False,,False,,False
521971,GO,SANTO ANTONIO DA BARRA,0.283,BAIXA VULNERABILIDADE,False,False,NÃO ELEGIVEL,0,BAIXA VULNERABILIDADE,FAIXA 3,10000,0.328,False,,False,,False,,False,,False,,False
521973,GO,SANTO ANTONIO DE GOIAS,0.337,MEDIA VULNERABILIDADE,False,False,CONFIRMAÇÃO DE VAGAS (ADERIDOS),1,MEDIA VULNERABILIDADE,FAIXA 2,15000,0.314,False,,False,,False,,False,,False,,False
521975,GO,SANTO ANTONIO DO DESCOBERTO,0.425,ALTA VULNERABILIDADE,False,False,CADASTRO RESERVA,0,ALTA VULNERABILIDADE,FAIXA 1,20000,0.442,False,,False,,False,,False,,False,,False
521980,GO,SAO DOMINGOS,0.459,ALTA VULNERABILIDADE,False,False,CADASTRO RESERVA,0,ALTA VULNERABILIDADE,FAIXA 1,20000,0.320,False,,False,,False,,False,,False,,False
521990,GO,SAO FRANCISCO DE GOIAS,0.275,BAIXA VULNERABILIDADE,False,False,CADASTRO RESERVA,0,BAIXA VULNERABILIDADE,FAIXA 3,10000,0.284,False,,False,,False,,False,,False,,False
522000,GO,SAO JOAO D'ALIANCA,0.370,MEDIA VULNERABILIDADE,False,False,CADASTRO RESERVA,0,MEDIA VULNERABILIDADE,FAIXA 2,15000,0.335,False,,False,,False,,False,,True,FAIXA 2,True
522005,GO,SAO JOAO DA PARAUNA,0.182,MUITO BAIXA VULNERABILIDADE,False,False,CADASTRO RESERVA,0,MUITO BAIXA VULNERABILIDADE,FAIXA 3,10000,0.197,False,,False,,False,,False,,False,,False
522010,GO,SAO LUIS DE MONTES BELOS,0.199,MUITO BAIXA VULNERABILIDADE,False,False,CADASTRO RESERVA,0,MUITO BAIXA VULNERABILIDADE,FAIXA 3,10000,0.232,False,,False,,False,,False,,False,,False
522015,GO,SAO LUIZ DO NORTE,0.298,BAIXA VULNERABILIDADE,False,False,CADASTRO RESERVA,0,BAIXA VULNERABILIDADE,FAIXA 3,10000,0.308,False,,False,,False,,False,,False,,False
522020,GO,SAO MIGUEL DO ARAGUAIA,0.319,MEDIA VULNERABILIDADE,False,False,CADASTRO RESERVA,0,MEDIA VULNERABILIDADE,FAIXA 2,15000,0.324,True,FAIXA 2,True,FAIXA 2,False,,False,,False,,True
522026,GO,SAO MIGUEL DO PASSA QUATRO,0.203,BAIXA VULNERABILIDADE,False,False,CADASTRO RESERVA,0,BAIXA VULNERABILIDADE,FAIXA 3,10000,0.296,False,,False,,False,,False,,False,,False
522028,GO,SAO PATRICIO,0.211,BAIXA VULNERABILIDADE,False,False,NÃO ELEGIVEL,0,BAIXA VULNERABILIDADE,FAIXA 3,10000,0.226,False,,False,,False,,False,,False,,False
522040,GO,SAO SIMAO,0.239,BAIXA VULNERABILIDADE,False,False,NÃO ELEGIVEL,0,BAIXA VULNERABILIDADE,FAIXA 3,10000,0.255,False,,False,,False,,False,,True,FAIXA 3,True
522045,GO,SENADOR CANEDO,0.367,MEDIA VULNERABILIDADE,False,False,CONFIRMAÇÃO DE VAGAS (ADERIDOS),1,MEDIA VULNERABILIDADE,FAIXA 2,15000,0.389,True,FAIXA 2,False,,False,,False,,False,,True
522050,GO,SERRANOPOLIS,0.229,BAIXA VULNERABILIDADE,False,False,CADASTRO RESERVA,0,BAIXA VULNERABILIDADE,FAIXA 3,10000,0.282,False,,False,,False,,False,,False,,False
522060,GO,SILVANIA,0.338,MEDIA VULNERABILIDADE,False,False,CADASTRO RESERVA,0,MEDIA VULNERABILIDADE,FAIXA 2,15000,0.300,True,FAIXA 2,False,,False,,False,,False,,True
522068,GO,SIMOLANDIA,0.382,MEDIA VULNERABILIDADE,False,False,CADASTRO RESERVA,0,MEDIA VULNERABILIDADE,FAIXA 2,15000,0.357,False,,False,,False,,False,,False,,False
522070,GO,SITIO D'ABADIA,0.338,MEDIA VULNERABILIDADE,False,False,CADASTRO RESERVA,0,MEDIA VULNERABILIDADE,FAIXA 2,15000,0.242,False,,False,,False,,False,,False,,False
522100,GO,TAQUARAL DE GOIAS,0.180,MUITO BAIXA VULNERABILIDADE,False,False,NÃO ELEGIVEL,0,MUITO BAIXA VULNERABILIDADE,FAIXA 3,10000,0.169,False,,False,,False,,False,,False,,False
522108,GO,TERESINA DE GOIAS,0.467,ALTA VULNERABILIDADE,False,False,CADASTRO RESERVA,0,ALTA VULNERABILIDADE,FAIXA 1,20000,0.339,False,,False,,False,,False,,False,,False
522119,GO,TEREZOPOLIS DE GOIAS,0.338,MEDIA VULNERABILIDADE,False,False,CADASTRO RESERVA,0,MEDIA VULNERABILIDADE,FAIXA 2,15000,0.300,False,,False,,True,FAIXA 2,False,,False,,True
522130,GO,TRES RANCHOS,0.141,MUITO BAIXA VULNERABILIDADE,False,False,CADASTRO RESERVA,0,MUITO BAIXA VULNERABILIDADE,FAIXA 3,10000,0.164,False,,False,,False,,False,,True,FAIXA 3,True
522140,GO,TRINDADE,0.353,MEDIA VULNERABILIDADE,False,False,CONFIRMAÇÃO DE VAGAS (ADERIDOS),2,MEDIA VULNERABILIDADE,FAIXA 2,15000,0.370,False,,False,,False,,False,,False,,False
522145,GO,TROMBAS,0.340,MEDIA VULNERABILIDADE,False,False,CADASTRO RESERVA,0,MEDIA VULNERABILIDADE,FAIXA 2,15000,0.340,False,,False,,False,,False,,False,,False
522150,GO,TURVANIA,0.305,MEDIA VULNERABILIDADE,False,False,CADASTRO RESERVA,0,MEDIA VULNERABILIDADE,FAIXA 2,15000,0.329,False,,False,,False,,False,,False,,False
522155,GO,TURVELANDIA,0.376,MEDIA VULNERABILIDADE,False,False,NÃO ELEGIVEL,0,MEDIA VULNERABILIDADE,FAIXA 2,15000,0.348,False,,False,,False,,False,,False,,False
522157,GO,UIRAPURU,0.296,BAIXA VULNERABILIDADE,False,False,CONFIRMAÇÃO DE VAGAS (ADERIDOS),1,BAIXA VULNERABILIDADE,FAIXA 3,10000,0.252,False,,False,,False,,False,,False,,False
522160,GO,URUACU,0.263,BAIXA VULNERABILIDADE,False,False,CONFIRMAÇÃO DE VAGAS (ADERIDOS),2,BAIXA VULNERABILIDADE,FAIXA 3,10000,0.222,True,FAIXA 3,True,FAIXA 3,False,,False,,True,FAIXA 3,True
522170,GO,URUANA,0.298,BAIXA VULNERABILIDADE,False,False,CADASTRO RESERVA,0,BAIXA VULNERABILIDADE,FAIXA 3,10000,0.305,False,,False,,False,,False,,True,FAIXA 3,True
522180,GO,URUTAI,0.310,MEDIA VULNERABILIDADE,False,False,CADASTRO RESERVA,0,MEDIA VULNERABILIDADE,FAIXA 2,15000,0.247,False,,False,,False,,False,,False,,False
522185,GO,VALPARAISO DE GOIAS,0.326,MEDIA VULNERABILIDADE,False,False,CONFIRMAÇÃO DE VAGAS (ADERIDOS),1,MEDIA VULNERABILIDADE,FAIXA 2,15000,0.343,False,,False,,False,,False,,False,,False
522190,GO,VARJAO,0.221,BAIXA VULNERABILIDADE,False,False,CADASTRO RESERVA,0,BAIXA VULNERABILIDADE,FAIXA 3,10000,0.232,False,,False,,False,,False,,False,,False
522200,GO,VIANOPOLIS,0.271,BAIXA VULNERABILIDADE,False,False,CADASTRO RESERVA,0,BAIXA VULNERABILIDADE,FAIXA 3,10000,0.303,False,,False,,False,,False,,False,,False
522205,GO,VICENTINOPOLIS,0.415,ALTA VULNERABILIDADE,False,False,CADASTRO RESERVA,0,ALTA VULNERABILIDADE,FAIXA 1,20000,0.325,False,,False,,False,,False,,False,,False
522220,GO,VILA BOA,0.384,MEDIA VULNERABILIDADE,False,False,CADASTRO RESERVA,0,MEDIA VULNERABILIDADE,FAIXA 2,15000,0.336,False,,False,,False,,False,,False,,False
522230,GO,VILA PROPICIO,0.281,BAIXA VULNERABILIDADE,False,False,CADASTRO RESERVA,0,BAIXA VULNERABILIDADE,FAIXA 3,10000,0.252,False,,False,,False,,False,,False,,False
530010,DF,BRASILIA,0.294,BAIXA VULNERABILIDADE,False,False,CONFIRMAÇÃO DE VAGAS (ADERIDOS),15,BAIXA VULNERABILIDADE,FAIXA 3,10000,0.315,True,FAIXA 3,True,FAIXA 3,True,FAIXA 3,True,FAIXA 3,True,FAIXA 3,True
