co_ibge_7d,co_ibge_6d,no_municipio_uf,populacao_2022
1100015,110001,Alta Floresta D'Oeste - RO,21494
1100023,110002,Ariquemes - RO,96833
1100031,110003,Cabixi - RO,5351
1100049,110004,Cacoal - RO,86887
1100056,110005,Cerejeiras - RO,15890
1100064,110006,Colorado do Oeste - RO,15663
1100072,110007,Corumbiara - RO,7519
1100080,110008,Costa Marques - RO,12627
1100098,110009,Espigão D'Oeste - RO,29414
1100106,110010,Guajará-Mirim - RO,39387
1100114,110011,Jaru - RO,50591
1100122,110012,Ji-Paraná - RO,124333
1100130,110013,Machadinho D'Oeste - RO,30707
1100148,110014,Nova Brasilândia D'Oeste - RO,15679
1100155,110015,Ouro Preto do Oeste - RO,35044
1100189,110018,Pimenta Bueno - RO,35079
1100205,110020,Porto Velho - RO,460434
1100254,110025,Presidente Médici - RO,19327
1100262,110026,Rio Crespo - RO,3471
1100288,110028,Rolim de Moura - RO,56406
1100296,110029,Santa Luzia D'Oeste - RO,7419
1100304,110030,Vilhena - RO,95832
1100320,110032,São Miguel do Guaporé - RO,21635
1100338,110033,Nova Mamoré - RO,25444
1100346,110034,Alvorada D'Oeste - RO,13117
1100379,110037,Alto Alegre dos Parecis - RO,11479
1100403,110040,Alto Paraíso - RO,16320
1100452,110045,Buritis - RO,27992
1100502,110050,Novo Horizonte do Oeste - RO,7667
1100601,110060,Cacaulândia - RO,4150
1100700,110070,Campo Novo de Rondônia - RO,8844
1100809,110080,Candeias do Jamari - RO,22310
1100908,110090,Castanheiras - RO,3233
1100924,110092,Chupinguaia - RO,9324
1100940,110094,Cujubim - RO,14863
1101005,110100,Governador Jorge Teixeira - RO,8001
1101104,110110,Itapuã do Oeste - RO,8548
1101203,110120,Ministro Andreazza - RO,6466
1101302,110130,Mirante da Serra - RO,9235
1101401,110140,Monte Negro - RO,11548
1101435,110143,Nova União - RO,6200
1101450,110145,Parecis - RO,4125
1101468,110146,Pimenteiras do Oeste - RO,2156
1101476,110147,Primavera de Rondônia - RO,3076
1101484,110148,São Felipe D'Oeste - RO,5258
1101492,110149,São Francisco do Guaporé - RO,16286
1101500,110150,Seringueiras - RO,11171
1101559,110155,Teixeirópolis - RO,4256
1101609,110160,Theobroma - RO,8113
1101708,110170,Urupá - RO,10725
1101757,110175,Vale do Anari - RO,7788
1101807,110180,Vale do Paraíso - RO,6479
1200013,120001,Acrelândia - AC,14021
1200054,120005,Assis Brasil - AC,8100
1200104,120010,Brasiléia - AC,26000
1200138,120013,Bujari - AC,12917
1200179,120017,Capixaba - AC,10392
1200203,120020,Cruzeiro do Sul - AC,91888
1200252,120025,Epitaciolândia - AC,18757
1200302,120030,Feijó - AC,35426
1200328,120032,Jordão - AC,9222
1200336,120033,Mâncio Lima - AC,19294
1200344,120034,Manoel Urbano - AC,11996
1200351,120035,Marechal Thaumaturgo - AC,17093
1200385,120038,Plácido de Castro - AC,16560
1200393,120039,Porto Walter - AC,10735
1200401,120040,Rio Branco - AC,364756
1200427,120042,Rodrigues Alves - AC,14938
1200435,120043,Santa Rosa do Purus - AC,6723
1200450,120045,Senador Guiomard - AC,21454
1200500,120050,Sena Madureira - AC,41343
1200609,120060,Tarauacá - AC,43467
1200708,120070,Xapuri - AC,18243
1200807,120080,Porto Acre - AC,16693
1300029,130002,Alvarães - AM,15866
1300060,130006,Amaturá - AM,10819
1300086,130008,Anamã - AM,9962
1300102,130010,Anori - AM,17194
1300144,130014,Apuí - AM,20647
1300201,130020,Atalaia do Norte - AM,15314
1300300,130030,Autazes - AM,41564
1300409,130040,Barcelos - AM,18834
1300508,130050,Barreirinha - AM,31051
1300607,130060,Benjamin Constant - AM,37648
1300631,130063,Beruri - AM,20718
1300680,130068,Boa Vista do Ramos - AM,23785
1300706,130070,Boca do Acre - AM,35447
1300805,130080,Borba - AM,33080
1300839,130083,Caapiranga - AM,13469
1300904,130090,Canutama - AM,16869
1301001,130100,Carauari - AM,28742
1301100,130110,Careiro - AM,30792
1301159,130115,Careiro da Várzea - AM,19637
1301209,130120,Coari - AM,70616
1301308,130130,Codajás - AM,23549
1301407,130140,Eirunepé - AM,33170
1301506,130150,Envira - AM,17186
1301605,130160,Fonte Boa - AM,25871
1301654,130165,Guajará - AM,13815
1301704,130170,Humaitá - AM,57473
1301803,130180,Ipixuna - AM,24311
1301852,130185,Iranduba - AM,61163
1301902,130190,Itacoatiara - AM,103598
1301951,130195,Itamarati - AM,10937
1302009,130200,Itapiranga - AM,10162
1302108,130210,Japurá - AM,8858
1302207,130220,Juruá - AM,10742
1302306,130230,Jutaí - AM,25172
1302405,130240,Lábrea - AM,45448
1302504,130250,Manacapuru - AM,101883
1302553,130255,Manaquiri - AM,17107
1302603,130260,Manaus - AM,2063689
1302702,130270,Manicoré - AM,53914
1302801,130280,Maraã - AM,15529
1302900,130290,Maués - AM,61204
1303007,130300,Nhamundá - AM,20136
1303106,130310,Nova Olinda do Norte - AM,27062
1303205,130320,Novo Airão - AM,15761
1303304,130330,Novo Aripuanã - AM,23818
1303403,130340,Parintins - AM,96372
1303502,130350,Pauini - AM,19373
1303536,130353,Presidente Figueiredo - AM,30668
1303569,130356,Rio Preto da Eva - AM,24936
1303601,130360,Santa Isabel do Rio Negro - AM,14164
1303700,130370,Santo Antônio do Içá - AM,28211
1303809,130380,São Gabriel da Cachoeira - AM,51795
1303908,130390,São Paulo de Olivença - AM,32967
1303957,130395,São Sebastião do Uatumã - AM,11670
1304005,130400,Silves - AM,11559
1304062,130406,Tabatinga - AM,66764
1304104,130410,Tapauá - AM,19599
1304203,130420,Tefé - AM,73669
1304237,130423,Tonantins - AM,19247
1304260,130426,Uarini - AM,14431
1304302,130430,Urucará - AM,18631
1304401,130440,Urucurituba - AM,23945
1400027,140002,Amajari - RR,13927
1400050,140005,Alto Alegre - RR,21096
1400100,140010,Boa Vista - RR,413486
1400159,140015,Bonfim - RR,13923
1400175,140017,Cantá - RR,18682
1400209,140020,Caracaraí - RR,20957
1400233,140023,Caroebe - RR,10656
1400282,140028,Iracema - RR,10023
1400308,140030,Mucajaí - RR,18095
1400407,140040,Normandia - RR,13986
1400456,140045,Pacaraima - RR,19305
1400472,140047,Rorainópolis - RR,32647
1400506,140050,São João da Baliza - RR,8858
1400605,140060,São Luiz do Anauá - RR,7315
1400704,140070,Uiramutã - RR,13751
1500107,150010,Abaetetuba - PA,158188
1500131,150013,Abel Figueiredo - PA,6136
1500206,150020,Acará - PA,59023
1500305,150030,Afuá - PA,37765
1500347,150034,Água Azul do Norte - PA,18080
1500404,150040,Alenquer - PA,69377
1500503,150050,Almeirim - PA,34280
1500602,150060,Altamira - PA,126279
1500701,150070,Anajás - PA,28011
1500800,150080,Ananindeua - PA,478778
1500859,150085,Anapu - PA,31850
1500909,150090,Augusto Corrêa - PA,44573
1500958,150095,Aurora do Pará - PA,23774
1501006,150100,Aveiro - PA,18290
1501105,150110,Bagre - PA,31892
1501204,150120,Baião - PA,51641
1501253,150125,Bannach - PA,4031
1501303,150130,Barcarena - PA,126650
1501402,150140,Belém - PA,1303403
1501451,150145,Belterra - PA,18099
1501501,150150,Benevides - PA,63567
1501576,150157,Bom Jesus do Tocantins - PA,18005
1501600,150160,Bonito - PA,12622
1501709,150170,Bragança - PA,123082
1501725,150172,Brasil Novo - PA,24718
1501758,150175,Brejo Grande do Araguaia - PA,6783
1501782,150178,Breu Branco - PA,45712
1501808,150180,Breves - PA,106968
1501907,150190,Bujaru - PA,24383
1501956,150195,Cachoeira do Piriá - PA,19630
1502004,150200,Cachoeira do Arari - PA,23981
1502103,150210,Cametá - PA,134184
1502152,150215,Canaã dos Carajás - PA,77079
1502202,150220,Capanema - PA,70394
1502301,150230,Capitão Poço - PA,56506
1502400,150240,Castanhal - PA,192256
1502509,150250,Chaves - PA,20757
1502608,150260,Colares - PA,12868
1502707,150270,Conceição do Araguaia - PA,44617
1502756,150275,Concórdia do Pará - PA,26881
1502764,150276,Cumaru do Norte - PA,14036
1502772,150277,Curionópolis - PA,19950
1502806,150280,Curralinho - PA,33903
1502855,150285,Curuá - PA,14117
1502905,150290,Curuçá - PA,41262
1502939,150293,Dom Eliseu - PA,58484
1502954,150295,Eldorado do Carajás - PA,28192
1503002,150300,Faro - PA,8728
1503044,150304,Floresta do Araguaia - PA,17898
1503077,150307,Garrafão do Norte - PA,24703
1503093,150309,Goianésia do Pará - PA,26362
1503101,150310,Gurupá - PA,31786
1503200,150320,Igarapé-Açu - PA,35797
1503309,150330,Igarapé-Miri - PA,64831
1503408,150340,Inhangapi - PA,10325
1503457,150345,Ipixuna do Pará - PA,30329
1503507,150350,Irituia - PA,30955
1503606,150360,Itaituba - PA,123314
1503705,150370,Itupiranga - PA,49754
1503754,150375,Jacareacanga - PA,24042
1503804,150380,Jacundá - PA,37707
1503903,150390,Juruti - PA,50881
1504000,150400,Limoeiro do Ajuru - PA,29569
1504059,150405,Mãe do Rio - PA,34353
1504109,150410,Magalhães Barata - PA,8115
1504208,150420,Marabá - PA,266533
1504307,150430,Maracanã - PA,25971
1504406,150440,Marapanim - PA,26573
1504422,150442,Marituba - PA,111785
1504455,150445,Medicilândia - PA,27094
1504505,150450,Melgaço - PA,27881
1504604,150460,Mocajuba - PA,27198
1504703,150470,Moju - PA,84094
1504752,150475,Mojuí dos Campos - PA,23501
1504802,150480,Monte Alegre - PA,60012
1504901,150490,Muaná - PA,45368
1504950,150495,Nova Esperança do Piriá - PA,20478
1504976,150497,Nova Ipixuna - PA,13955
1505007,150500,Nova Timboteua - PA,12806
1505031,150503,Novo Progresso - PA,33638
1505064,150506,Novo Repartimento - PA,60732
1505106,150510,Óbidos - PA,52229
1505205,150520,Oeiras do Pará - PA,33844
1505304,150530,Oriximiná - PA,68294
1505403,150540,Ourém - PA,17855
1505437,150543,Ourilândia do Norte - PA,32467
1505486,150548,Pacajá - PA,41097
1505494,150549,Palestina do Pará - PA,6885
1505502,150550,Paragominas - PA,105550
1505536,150553,Parauapebas - PA,267836
1505551,150555,Pau D'Arco - PA,6931
1505601,150560,Peixe-Boi - PA,8285
1505635,150563,Piçarra - PA,12832
1505650,150565,Placas - PA,18668
1505700,150570,Ponta de Pedras - PA,24984
1505809,150580,Portel - PA,62503
1505908,150590,Porto de Moz - PA,40597
1506005,150600,Prainha - PA,35577
1506104,150610,Primavera - PA,10851
1506112,150611,Quatipuru - PA,11524
1506138,150613,Redenção - PA,85597
1506161,150616,Rio Maria - PA,18384
1506187,150618,Rondon do Pará - PA,53143
1506195,150619,Rurópolis - PA,35769
1506203,150620,Salinópolis - PA,44772
1506302,150630,Salvaterra - PA,24129
1506351,150635,Santa Bárbara do Pará - PA,21087
1506401,150640,Santa Cruz do Arari - PA,7445
1506500,150650,Santa Izabel do Pará - PA,73019
1506559,150655,Santa Luzia do Pará - PA,20370
1506583,150658,Santa Maria das Barreiras - PA,16548
1506609,150660,Santa Maria do Pará - PA,24624
1506708,150670,Santana do Araguaia - PA,32413
1506807,150680,Santarém - PA,331942
1506906,150690,Santarém Novo - PA,6116
1507003,150700,Santo Antônio do Tauá - PA,27461
1507102,150710,São Caetano de Odivelas - PA,16666
1507151,150715,São Domingos do Araguaia - PA,21092
1507201,150720,São Domingos do Capim - PA,30599
1507300,150730,São Félix do Xingu - PA,65418
1507409,150740,São Francisco do Pará - PA,14894
1507458,150745,São Geraldo do Araguaia - PA,24255
1507466,150746,São João da Ponta - PA,4430
1507474,150747,São João de Pirabas - PA,20689
1507508,150750,São João do Araguaia - PA,13664
1507607,150760,São Miguel do Guamá - PA,52894
1507706,150770,São Sebastião da Boa Vista - PA,25643
1507755,150775,Sapucaia - PA,5847
1507805,150780,Senador José Porfírio - PA,22576
1507904,150790,Soure - PA,24204
1507953,150795,Tailândia - PA,72493
1507961,150796,Terra Alta - PA,10400
1507979,150797,Terra Santa - PA,18782
1508001,150800,Tomé-Açu - PA,67585
1508035,150803,Tracuateua - PA,28595
1508050,150805,Trairão - PA,15242
1508084,150808,Tucumã - PA,39550
1508100,150810,Tucuruí - PA,91306
1508126,150812,Ulianópolis - PA,37972
1508159,150815,Uruará - PA,43558
1508209,150820,Vigia - PA,50832
1508308,150830,Viseu - PA,58692
1508357,150835,Vitória do Xingu - PA,15607
1508407,150840,Xinguara - PA,52893
1600055,160005,Serra do Navio - AP,4673
1600105,160010,Amapá - AP,7943
1600154,160015,Pedra Branca do Amapari - AP,12847
1600204,160020,Calçoene - AP,10612
1600212,160021,Cutias - AP,4461
1600238,160023,Ferreira Gomes - AP,6666
1600253,160025,Itaubal - AP,5599
1600279,160027,Laranjal do Jari - AP,35114
1600303,160030,Macapá - AP,442933
1600402,160040,Mazagão - AP,21924
1600501,160050,Oiapoque - AP,27482
1600535,160053,Porto Grande - AP,17848
1600550,160055,Pracuúba - AP,3803
1600600,160060,Santana - AP,107618
1600709,160070,Tartarugalzinho - AP,12945
1600808,160080,Vitória do Jari - AP,11291
1700251,170025,Abreulândia - TO,2576
1700301,170030,Aguiarnópolis - TO,4497
1700350,170035,Aliança do Tocantins - TO,5147
1700400,170040,Almas - TO,6499
1700707,170070,Alvorada - TO,8802
1701002,170100,Ananás - TO,10325
1701051,170105,Angico - TO,2876
1701101,170110,Aparecida do Rio Negro - TO,4856
1701309,170130,Aragominas - TO,5290
1701903,170190,Araguacema - TO,5927
1702000,170200,Araguaçu - TO,8133
1702109,170210,Araguaína - TO,171301
1702158,170215,Araguanã - TO,4310
1702208,170220,Araguatins - TO,31918
1702307,170230,Arapoema - TO,5550
1702406,170240,Arraias - TO,10287
1702554,170255,Augustinópolis - TO,17484
1702703,170270,Aurora do Tocantins - TO,3342
1702901,170290,Axixá do Tocantins - TO,10262
1703008,170300,Babaçulândia - TO,7880
1703057,170305,Bandeirantes do Tocantins - TO,3407
1703073,170307,Barra do Ouro - TO,4476
1703107,170310,Barrolândia - TO,4846
1703206,170320,Bernardo Sayão - TO,4229
1703305,170330,Bom Jesus do Tocantins - TO,4038
1703602,170360,Brasilândia do Tocantins - TO,1974
1703701,170370,Brejinho de Nazaré - TO,4725
1703800,170380,Buriti do Tocantins - TO,10307
1703826,170382,Cachoeirinha - TO,1961
1703842,170384,Campos Lindos - TO,8653
1703867,170386,Cariri do Tocantins - TO,4007
1703883,170388,Carmolândia - TO,2201
1703891,170389,Carrasco Bonito - TO,3318
1703909,170390,Caseara - TO,4847
1704105,170410,Centenário - TO,2131
1704600,170460,Chapada de Areia - TO,1501
1705102,170510,Chapada da Natividade - TO,3117
1705508,170550,Colinas do Tocantins - TO,34233
1705557,170555,Combinado - TO,4756
1705607,170560,Conceição do Tocantins - TO,3887
1706001,170600,Couto Magalhães - TO,5331
1706100,170610,Cristalândia - TO,6371
1706258,170625,Crixás do Tocantins - TO,1470
1706506,170650,Darcinópolis - TO,5827
1707009,170700,Dianópolis - TO,17739
1707108,170710,Divinópolis do Tocantins - TO,7024
1707207,170720,Dois Irmãos do Tocantins - TO,6327
1707306,170730,Dueré - TO,4248
1707405,170740,Esperantina - TO,7530
1707553,170755,Fátima - TO,3467
1707652,170765,Figueirópolis - TO,5211
1707702,170770,Filadélfia - TO,7712
1708205,170820,Formoso do Araguaia - TO,18881
1708254,170825,Tabocão - TO,3455
1708304,170830,Goianorte - TO,4738
1709005,170900,Goiatins - TO,12433
1709302,170930,Guaraí - TO,24775
1709500,170950,Gurupi - TO,85125
1709807,170980,Ipueiras - TO,1590
1710508,171050,Itacajá - TO,6819
1710706,171070,Itaguatins - TO,5172
1710904,171090,Itapiratins - TO,3577
1711100,171110,Itaporã do Tocantins - TO,2404
1711506,171150,Jaú do Tocantins - TO,3334
1711803,171180,Juarina - TO,2243
1711902,171190,Lagoa da Confusão - TO,15288
1711951,171195,Lagoa do Tocantins - TO,3516
1712009,171200,Lajeado - TO,3357
1712157,171215,Lavandeira - TO,1626
1712405,171240,Lizarda - TO,2999
1712454,171245,Luzinópolis - TO,2717
1712504,171250,Marianópolis do Tocantins - TO,4615
1712702,171270,Mateiros - TO,2748
1712801,171280,Maurilândia do Tocantins - TO,3095
1713205,171320,Miracema do Tocantins - TO,18566
1713304,171330,Miranorte - TO,12701
1713601,171360,Monte do Carmo - TO,5694
1713700,171370,Monte Santo do Tocantins - TO,2396
1713809,171380,Palmeiras do Tocantins - TO,4872
1713957,171395,Muricilândia - TO,3367
1714203,171420,Natividade - TO,8754
1714302,171430,Nazaré - TO,4521
1714880,171488,Nova Olinda - TO,10367
1715002,171500,Nova Rosalândia - TO,3362
1715101,171510,Novo Acordo - TO,3969
1715150,171515,Novo Alegre - TO,1846
1715259,171525,Novo Jardim - TO,2230
1715507,171550,Oliveira de Fátima - TO,1164
1715705,171570,Palmeirante - TO,4798
1715754,171575,Palmeirópolis - TO,6975
1716109,171610,Paraíso do Tocantins - TO,52360
1716208,171620,Paranã - TO,10542
1716307,171630,Pau D'Arco - TO,4043
1716505,171650,Pedro Afonso - TO,14055
1716604,171660,Peixe - TO,9317
1716653,171665,Pequizeiro - TO,4921
1716703,171670,Colméia - TO,8941
1717008,171700,Pindorama do Tocantins - TO,4478
1717206,171720,Piraquê - TO,2282
1717503,171750,Pium - TO,7128
1717800,171780,Ponte Alta do Bom Jesus - TO,4220
1717909,171790,Ponte Alta do Tocantins - TO,7586
1718006,171800,Porto Alegre do Tocantins - TO,2866
1718204,171820,Porto Nacional - TO,64418
1718303,171830,Praia Norte - TO,9044
1718402,171840,Presidente Kennedy - TO,3047
1718451,171845,Pugmil - TO,2193
1718501,171850,Recursolândia - TO,3421
1718550,171855,Riachinho - TO,3960
1718659,171865,Rio da Conceição - TO,1768
1718709,171870,Rio dos Bois - TO,2738
1718758,171875,Rio Sono - TO,4841
1718808,171880,Sampaio - TO,4215
1718840,171884,Sandolândia - TO,3723
1718865,171886,Santa Fé do Araguaia - TO,7216
1718881,171888,Santa Maria do Tocantins - TO,2680
1718899,171889,Santa Rita do Tocantins - TO,2219
1718907,171890,Santa Rosa do Tocantins - TO,4653
1719004,171900,Santa Tereza do Tocantins - TO,2781
1720002,172000,Santa Terezinha do Tocantins - TO,2406
1720101,172010,São Bento do Tocantins - TO,5654
1720150,172015,São Félix do Tocantins - TO,1783
1720200,172020,São Miguel do Tocantins - TO,13241
1720259,172025,São Salvador do Tocantins - TO,2385
1720309,172030,São Sebastião do Tocantins - TO,4100
1720499,172049,São Valério - TO,4422
1720655,172065,Silvanópolis - TO,5108
1720804,172080,Sítio Novo do Tocantins - TO,10830
1720853,172085,Sucupira - TO,1577
1720903,172090,Taguatinga - TO,14011
1720937,172093,Taipas do Tocantins - TO,2021
1720978,172097,Talismã - TO,2456
1721000,172100,Palmas - TO,302692
1721109,172110,Tocantínia - TO,7459
1721208,172120,Tocantinópolis - TO,22615
1721257,172125,Tupirama - TO,1909
1721307,172130,Tupiratins - TO,1874
1722081,172208,Wanderlândia - TO,10522
1722107,172210,Xambioá - TO,10517
2100055,210005,Açailândia - MA,106550
2100105,210010,Afonso Cunha - MA,6144
2100154,210015,Água Doce do Maranhão - MA,12142
2100204,210020,Alcântara - MA,18467
2100303,210030,Aldeias Altas - MA,23286
2100402,210040,Altamira do Maranhão - MA,6447
2100436,210043,Alto Alegre do Maranhão - MA,24048
2100477,210047,Alto Alegre do Pindaré - MA,25710
2100501,210050,Alto Parnaíba - MA,11109
2100550,210055,Amapá do Maranhão - MA,7170
2100600,210060,Amarante do Maranhão - MA,37085
2100709,210070,Anajatuba - MA,25322
2100808,210080,Anapurus - MA,13793
2100832,210083,Apicum-Açu - MA,17519
2100873,210087,Araguanã - MA,11181
2100907,210090,Araioses - MA,39052
2100956,210095,Arame - MA,25517
2101004,210100,Arari - MA,29472
2101103,210110,Axixá - MA,11790
2101202,210120,Bacabal - MA,103711
2101251,210125,Bacabeira - MA,16966
2101301,210130,Bacuri - MA,16290
2101350,210135,Bacurituba - MA,5252
2101400,210140,Balsas - MA,101767
2101509,210150,Barão de Grajaú - MA,18984
2101608,210160,Barra do Corda - MA,84532
2101707,210170,Barreirinhas - MA,65589
2101731,210173,Belágua - MA,8460
2101772,210177,Bela Vista do Maranhão - MA,11750
2101806,210180,Benedito Leite - MA,5469
2101905,210190,Bequimão - MA,19584
2101939,210193,Bernardo do Mearim - MA,5840
2101970,210197,Boa Vista do Gurupi - MA,7574
2102002,210200,Bom Jardim - MA,33100
2102036,210203,Bom Jesus das Selvas - MA,28599
2102077,210207,Bom Lugar - MA,12212
2102101,210210,Brejo - MA,34120
2102150,210215,Brejo de Areia - MA,9218
2102200,210220,Buriti - MA,29685
2102309,210230,Buriti Bravo - MA,22455
2102325,210232,Buriticupu - MA,55499
2102358,210235,Buritirana - MA,12918
2102374,210237,Cachoeira Grande - MA,9732
2102408,210240,Cajapió - MA,10121
2102507,210250,Cajari - MA,16412
2102556,210255,Campestre do Maranhão - MA,12301
2102606,210260,Cândido Mendes - MA,19932
2102705,210270,Cantanhede - MA,24303
2102754,210275,Capinzal do Norte - MA,11374
2102804,210280,Carolina - MA,24062
2102903,210290,Carutapera - MA,24238
2103000,210300,Caxias - MA,156973
2103109,210310,Cedral - MA,10208
2103125,210312,Central do Maranhão - MA,7094
2103158,210315,Centro do Guilherme - MA,12342
2103174,210317,Centro Novo do Maranhão - MA,16267
2103208,210320,Chapadinha - MA,81386
2103257,210325,Cidelândia - MA,12878
2103307,210330,Codó - MA,114275
2103406,210340,Coelho Neto - MA,41658
2103505,210350,Colinas - MA,40316
2103554,210355,Conceição do Lago-Açu - MA,14915
2103604,210360,Coroatá - MA,59566
2103703,210370,Cururupu - MA,31558
2103752,210375,Davinópolis - MA,14404
2103802,210380,Dom Pedro - MA,23053
2103901,210390,Duque Bacelar - MA,10223
2104008,210400,Esperantinópolis - MA,18311
2104057,210405,Estreito - MA,33294
2104073,210407,Feira Nova do Maranhão - MA,8048
2104081,210408,Fernando Falcão - MA,10873
2104099,210409,Formosa da Serra Negra - MA,17719
2104107,210410,Fortaleza dos Nogueiras - MA,12640
2104206,210420,Fortuna - MA,16976
2104305,210430,Godofredo Viana - MA,10186
2104404,210440,Gonçalves Dias - MA,17206
2104503,210450,Governador Archer - MA,10231
2104552,210455,Governador Edison Lobão - MA,18411
2104602,210460,Governador Eugênio Barros - MA,13930
2104628,210462,Governador Luiz Rocha - MA,7063
2104651,210465,Governador Newton Bello - MA,10713
2104677,210467,Governador Nunes Freire - MA,23128
2104701,210470,Graça Aranha - MA,6023
2104800,210480,Grajaú - MA,73872
2104909,210490,Guimarães - MA,10290
2105005,210500,Humberto de Campos - MA,25680
2105104,210510,Icatu - MA,24794
2105153,210515,Igarapé do Meio - MA,13974
2105203,210520,Igarapé Grande - MA,10231
2105302,210530,Imperatriz - MA,273110
2105351,210535,Itaipava do Grajaú - MA,13828
2105401,210540,Itapecuru Mirim - MA,60440
2105427,210542,Itinga do Maranhão - MA,22513
2105450,210545,Jatobá - MA,7471
2105476,210547,Jenipapo dos Vieiras - MA,17076
2105500,210550,João Lisboa - MA,24709
2105609,210560,Joselândia - MA,14924
2105658,210565,Junco do Maranhão - MA,5146
2105708,210570,Lago da Pedra - MA,44403
2105807,210580,Lago do Junco - MA,9506
2105906,210590,Lago Verde - MA,14769
2105922,210592,Lagoa do Mato - MA,10572
2105948,210594,Lago dos Rodrigues - MA,8758
2105963,210596,Lagoa Grande do Maranhão - MA,11411
2105989,210598,Lajeado Novo - MA,7057
2106003,210600,Lima Campos - MA,11297
2106102,210610,Loreto - MA,11597
2106201,210620,Luís Domingues - MA,7161
2106300,210630,Magalhães de Almeida - MA,13807
2106326,210632,Maracaçumé - MA,21149
2106359,210635,Marajá do Sena - MA,7027
2106375,210637,Maranhãozinho - MA,13761
2106409,210640,Mata Roma - MA,17090
2106508,210650,Matinha - MA,22034
2106607,210660,Matões - MA,32174
2106631,210663,Matões do Norte - MA,17432
2106672,210667,Milagres do Maranhão - MA,8818
2106706,210670,Mirador - MA,21030
2106755,210675,Miranda do Norte - MA,23864
2106805,210680,Mirinzal - MA,13978
2106904,210690,Monção - MA,27751
2107001,210700,Montes Altos - MA,9106
2107100,210710,Morros - MA,18554
2107209,210720,Nina Rodrigues - MA,14176
2107258,210725,Nova Colinas - MA,5021
2107308,210730,Nova Iorque - MA,4320
2107357,210735,Nova Olinda do Maranhão - MA,14314
2107407,210740,Olho d'Água das Cunhãs - MA,17919
2107456,210745,Olinda Nova do Maranhão - MA,13577
2107506,210750,Paço do Lumiar - MA,145643
2107605,210760,Palmeirândia - MA,21059
2107704,210770,Paraibano - MA,18274
2107803,210780,Parnarama - MA,31250
2107902,210790,Passagem Franca - MA,17220
2108009,210800,Pastos Bons - MA,18802
2108058,210805,Paulino Neves - MA,17056
2108108,210810,Paulo Ramos - MA,20341
2108207,210820,Pedreiras - MA,37050
2108256,210825,Pedro do Rosário - MA,24320
2108306,210830,Penalva - MA,32511
2108405,210840,Peri Mirim - MA,11108
2108454,210845,Peritoró - MA,20479
2108504,210850,Pindaré-Mirim - MA,31429
2108603,210860,Pinheiro - MA,84621
2108702,210870,Pio XII - MA,21886
2108801,210880,Pirapemas - MA,17714
2108900,210890,Poção de Pedras - MA,17161
2109007,210900,Porto Franco - MA,23903
2109056,210905,Porto Rico do Maranhão - MA,5954
2109106,210910,Presidente Dutra - MA,45155
2109205,210920,Presidente Juscelino - MA,11356
2109239,210923,Presidente Médici - MA,4696
2109270,210927,Presidente Sarney - MA,17511
2109304,210930,Presidente Vargas - MA,10549
2109403,210940,Primeira Cruz - MA,13614
2109452,210945,Raposa - MA,30839
2109502,210950,Riachão - MA,22145
2109551,210955,Ribamar Fiquene - MA,7420
2109601,210960,Rosário - MA,38475
2109700,210970,Sambaíba - MA,5568
2109759,210975,Santa Filomena do Maranhão - MA,6697
2109809,210980,Santa Helena - MA,41561
2109908,210990,Santa Inês - MA,85014
2110005,211000,Santa Luzia - MA,57635
2110039,211003,Santa Luzia do Paruá - MA,24307
2110104,211010,Santa Quitéria do Maranhão - MA,23957
2110203,211020,Santa Rita - MA,37035
2110237,211023,Santana do Maranhão - MA,10567
2110278,211027,Santo Amaro do Maranhão - MA,13949
2110302,211030,Santo Antônio dos Lopes - MA,14304
2110401,211040,São Benedito do Rio Preto - MA,18364
2110500,211050,São Bento - MA,46395
2110609,211060,São Bernardo - MA,26943
2110658,211065,São Domingos do Azeitão - MA,7992
2110708,211070,São Domingos do Maranhão - MA,34034
2110807,211080,São Félix de Balsas - MA,4402
2110856,211085,São Francisco do Brejão - MA,9051
2110906,211090,São Francisco do Maranhão - MA,12064
2111003,211100,São João Batista - MA,18544
2111029,211102,São João do Carú - MA,12251
2111052,211105,São João do Paraíso - MA,9904
2111078,211107,São João do Soter - MA,16889
2111102,211110,São João dos Patos - MA,25020
2111201,211120,São José de Ribamar - MA,244579
2111250,211125,São José dos Basílios - MA,6957
2111300,211130,São Luís - MA,1037775
2111409,211140,São Luís Gonzaga do Maranhão - MA,17818
2111508,211150,São Mateus do Maranhão - MA,38829
2111532,211153,São Pedro da Água Branca - MA,14338
2111573,211157,São Pedro dos Crentes - MA,5783
2111607,211160,São Raimundo das Mangabeiras - MA,18672
2111631,211163,São Raimundo do Doca Bezerra - MA,5650
2111672,211167,São Roberto - MA,4544
2111706,211170,São Vicente Ferrer - MA,19498
2111722,211172,Satubinha - MA,8784
2111748,211174,Senador Alexandre Costa - MA,10207
2111763,211176,Senador La Rocque - MA,14700
2111789,211178,Serrano do Maranhão - MA,10202
2111805,211180,Sítio Novo - MA,17074
2111904,211190,Sucupira do Norte - MA,10238
2111953,211195,Sucupira do Riachão - MA,4985
2112001,211200,Tasso Fragoso - MA,8862
2112100,211210,Timbiras - MA,26484
2112209,211220,Timon - MA,174465
2112233,211223,Trizidela do Vale - MA,22484
2112274,211227,Tufilândia - MA,5507
2112308,211230,Tuntum - MA,36251
2112407,211240,Turiaçu - MA,37491
2112456,211245,Turilândia - MA,31638
2112506,211250,Tutóia - MA,53356
2112605,211260,Urbano Santos - MA,32812
2112704,211270,Vargem Grande - MA,43261
2112803,211280,Viana - MA,51442
2112852,211285,Vila Nova dos Martírios - MA,10362
2112902,211290,Vitória do Mearim - MA,30805
2113009,211300,Vitorino Freire - MA,30845
2114007,211400,Zé Doca - MA,40801
2200053,220005,Acauã - PI,6420
2200103,220010,Agricolândia - PI,4940
2200202,220020,Água Branca - PI,17573
2200251,220025,Alagoinha do Piauí - PI,6819
2200277,220027,Alegrete do Piauí - PI,4634
2200301,220030,Alto Longá - PI,13479
2200400,220040,Altos - PI,47453
2200459,220045,Alvorada do Gurguéia - PI,5322
2200509,220050,Amarante - PI,17234
2200608,220060,Angical do Piauí - PI,6827
2200707,220070,Anísio de Abreu - PI,9407
2200806,220080,Antônio Almeida - PI,3152
2200905,220090,Aroazes - PI,5369
2200954,220095,Aroeiras do Itaim - PI,2690
2201002,220100,Arraial - PI,4520
2201051,220105,Assunção do Piauí - PI,7452
2201101,220110,Avelino Lopes - PI,10866
2201150,220115,Baixa Grande do Ribeiro - PI,13272
2201176,220117,Barra D'Alcântara - PI,3995
2201200,220120,Barras - PI,47938
2201309,220130,Barreiras do Piauí - PI,3264
2201408,220140,Barro Duro - PI,6640
2201507,220150,Batalha - PI,26300
2201556,220155,Bela Vista do Piauí - PI,4091
2201572,220157,Belém do Piauí - PI,3423
2201606,220160,Beneditinos - PI,9929
2201705,220170,Bertolínia - PI,5562
2201739,220173,Betânia do Piauí - PI,6220
2201770,220177,Boa Hora - PI,6902
2201804,220180,Bocaina - PI,4078
2201903,220190,Bom Jesus - PI,28796
2201919,220191,Bom Princípio do Piauí - PI,5636
2201929,220192,Bonfim do Piauí - PI,5913
2201945,220194,Boqueirão do Piauí - PI,6545
2201960,220196,Brasileira - PI,8436
2201988,220198,Brejo do Piauí - PI,3904
2202000,220200,Buriti dos Lopes - PI,19654
2202026,220202,Buriti dos Montes - PI,7434
2202059,220205,Cabeceiras do Piauí - PI,10212
2202075,220207,Cajazeiras do Piauí - PI,3108
2202083,220208,Cajueiro da Praia - PI,7957
2202091,220209,Caldeirão Grande do Piauí - PI,5503
2202109,220210,Campinas do Piauí - PI,4938
2202117,220211,Campo Alegre do Fidalgo - PI,4616
2202133,220213,Campo Grande do Piauí - PI,6020
2202174,220217,Campo Largo do Piauí - PI,7419
2202208,220220,Campo Maior - PI,45793
2202251,220225,Canavieira - PI,3414
2202307,220230,Canto do Buriti - PI,19365
2202406,220240,Capitão de Campos - PI,11100
2202455,220245,Capitão Gervásio Oliveira - PI,3974
2202505,220250,Caracol - PI,10318
2202539,220253,Caraúbas do Piauí - PI,5630
2202554,220255,Caridade do Piauí - PI,5033
2202604,220260,Castelo do Piauí - PI,19288
2202653,220265,Caxingó - PI,5496
2202703,220270,Cocal - PI,28212
2202711,220271,Cocal de Telha - PI,4911
2202729,220272,Cocal dos Alves - PI,6386
2202737,220273,Coivaras - PI,4117
2202752,220275,Colônia do Gurguéia - PI,6150
2202778,220277,Colônia do Piauí - PI,6994
2202802,220280,Conceição do Canindé - PI,4932
2202851,220285,Coronel José Dias - PI,4250
2202901,220290,Corrente - PI,27278
2203008,220300,Cristalândia do Piauí - PI,7356
2203107,220310,Cristino Castro - PI,10503
2203206,220320,Curimatá - PI,11270
2203230,220323,Currais - PI,4854
2203255,220325,Curralinhos - PI,4413
2203271,220327,Curral Novo do Piauí - PI,5073
2203305,220330,Demerval Lobão - PI,16352
2203354,220335,Dirceu Arcoverde - PI,7054
2203404,220340,Dom Expedito Lopes - PI,6320
2203420,220342,Domingos Mourão - PI,4075
2203453,220345,Dom Inocêncio - PI,9159
2203503,220350,Elesbão Veloso - PI,13607
2203602,220360,Eliseu Martins - PI,4377
2203701,220370,Esperantina - PI,40970
2203750,220375,Fartura do Piauí - PI,5284
2203800,220380,Flores do Piauí - PI,4414
2203859,220385,Floresta do Piauí - PI,2333
2203909,220390,Floriano - PI,62036
2204006,220400,Francinópolis - PI,4505
2204105,220410,Francisco Ayres - PI,4412
2204154,220415,Francisco Macedo - PI,2929
2204204,220420,Francisco Santos - PI,8237
2204303,220430,Fronteiras - PI,10259
2204352,220435,Geminiano - PI,5445
2204402,220440,Gilbués - PI,10892
2204501,220450,Guadalupe - PI,10270
2204550,220455,Guaribas - PI,4276
2204600,220460,Hugo Napoleão - PI,3518
2204659,220465,Ilha Grande - PI,9274
2204709,220470,Inhuma - PI,14958
2204808,220480,Ipiranga do Piauí - PI,9420
2204907,220490,Isaías Coelho - PI,7774
2205003,220500,Itainópolis - PI,10790
2205102,220510,Itaueira - PI,10323
2205151,220515,Jacobina do Piauí - PI,5613
2205201,220520,Jaicós - PI,17527
2205250,220525,Jardim do Mulato - PI,4180
2205276,220527,Jatobá do Piauí - PI,4494
2205300,220530,Jerumenha - PI,4497
2205359,220535,João Costa - PI,2970
2205409,220540,Joaquim Pires - PI,13886
2205458,220545,Joca Marques - PI,5394
2205508,220550,José de Freitas - PI,42559
2205516,220551,Juazeiro do Piauí - PI,5214
2205524,220552,Júlio Borges - PI,5388
2205532,220553,Jurema - PI,4425
2205540,220554,Lagoinha do Piauí - PI,2939
2205557,220555,Lagoa Alegre - PI,8256
2205565,220556,Lagoa do Barro do Piauí - PI,4995
2205573,220557,Lagoa de São Francisco - PI,6331
2205581,220558,Lagoa do Piauí - PI,4810
2205599,220559,Lagoa do Sítio - PI,4520
2205607,220560,Landri Sales - PI,5213
2205706,220570,Luís Correia - PI,30641
2205805,220580,Luzilândia - PI,25375
2205854,220585,Madeiro - PI,8032
2205904,220590,Manoel Emídio - PI,5209
2205953,220595,Marcolândia - PI,8533
2206001,220600,Marcos Parente - PI,4724
2206050,220605,Massapê do Piauí - PI,5218
2206100,220610,Matias Olímpio - PI,10641
2206209,220620,Miguel Alves - PI,32150
2206308,220630,Miguel Leão - PI,1318
2206357,220635,Milton Brandão - PI,6542
2206407,220640,Monsenhor Gil - PI,10255
2206506,220650,Monsenhor Hipólito - PI,7577
2206605,220660,Monte Alegre do Piauí - PI,10660
2206654,220665,Morro Cabeça no Tempo - PI,4377
2206670,220667,Morro do Chapéu do Piauí - PI,6425
2206696,220669,Murici dos Portelas - PI,9797
2206704,220670,Nazaré do Piauí - PI,6665
2206720,220672,Nazária - PI,10262
2206753,220675,Nossa Senhora de Nazaré - PI,5228
2206803,220680,Nossa Senhora dos Remédios - PI,8525
2206902,220690,Novo Oriente do Piauí - PI,6097
2206951,220695,Novo Santo Antônio - PI,2827
2207009,220700,Oeiras - PI,38161
2207108,220710,Olho D'Água do Piauí - PI,2637
2207207,220720,Padre Marcos - PI,6382
2207306,220730,Paes Landim - PI,4088
2207355,220735,Pajeú do Piauí - PI,3000
2207405,220740,Palmeira do Piauí - PI,4952
2207504,220750,Palmeirais - PI,13264
2207553,220755,Paquetá - PI,3813
2207603,220760,Parnaguá - PI,10103
2207702,220770,Parnaíba - PI,162159
2207751,220775,Passagem Franca do Piauí - PI,4135
2207777,220777,Patos do Piauí - PI,5425
2207793,220779,Pau D'Arco do Piauí - PI,3880
2207801,220780,Paulistana - PI,21055
2207850,220785,Pavussu - PI,3628
2207900,220790,Pedro II - PI,37894
2207934,220793,Pedro Laurentino - PI,2458
2207959,220795,Nova Santa Rita - PI,4076
2208007,220800,Picos - PI,83090
2208106,220810,Pimenteiras - PI,11341
2208205,220820,Pio IX - PI,17613
2208304,220830,Piracuruca - PI,28846
2208403,220840,Piripiri - PI,65538
2208502,220850,Porto - PI,12052
2208551,220855,Porto Alegre do Piauí - PI,2364
2208601,220860,Prata do Piauí - PI,3042
2208650,220865,Queimada Nova - PI,8738
2208700,220870,Redenção do Gurguéia - PI,8394
2208809,220880,Regeneração - PI,17133
2208858,220885,Riacho Frio - PI,4165
2208874,220887,Ribeira do Piauí - PI,4055
2208908,220890,Ribeiro Gonçalves - PI,6164
2209005,220900,Rio Grande do Piauí - PI,5801
2209104,220910,Santa Cruz do Piauí - PI,5831
2209153,220915,Santa Cruz dos Milagres - PI,3435
2209203,220920,Santa Filomena - PI,6087
2209302,220930,Santa Luz - PI,5336
2209351,220935,Santana do Piauí - PI,4125
2209377,220937,Santa Rosa do Piauí - PI,4650
2209401,220940,Santo Antônio de Lisboa - PI,5839
2209450,220945,Santo Antônio dos Milagres - PI,2138
2209500,220950,Santo Inácio do Piauí - PI,3646
2209559,220955,São Braz do Piauí - PI,4358
2209609,220960,São Félix do Piauí - PI,2842
2209658,220965,São Francisco de Assis do Piauí - PI,5572
2209708,220970,São Francisco do Piauí - PI,5392
2209757,220975,São Gonçalo do Gurguéia - PI,2947
2209807,220980,São Gonçalo do Piauí - PI,4837
2209856,220985,São João da Canabrava - PI,4242
2209872,220987,São João da Fronteira - PI,5522
2209906,220990,São João da Serra - PI,6114
2209955,220995,São João da Varjota - PI,4383
2209971,220997,São João do Arraial - PI,8186
2210003,221000,São João do Piauí - PI,21421
2210052,221005,São José do Divino - PI,4841
2210102,221010,São José do Peixe - PI,3297
2210201,221020,São José do Piauí - PI,6597
2210300,221030,São Julião - PI,6025
2210359,221035,São Lourenço do Piauí - PI,4410
2210375,221037,São Luis do Piauí - PI,2309
2210383,221038,São Miguel da Baixa Grande - PI,2269
2210391,221039,São Miguel do Fidalgo - PI,2829
2210409,221040,São Miguel do Tapuio - PI,17554
2210508,221050,São Pedro do Piauí - PI,13755
2210607,221060,São Raimundo Nonato - PI,38934
2210623,221062,Sebastião Barros - PI,3202
2210631,221063,Sebastião Leal - PI,4446
2210656,221065,Sigefredo Pacheco - PI,9460
2210706,221070,Simões - PI,14350
2210805,221080,Simplício Mendes - PI,13870
2210904,221090,Socorro do Piauí - PI,4141
2210938,221093,Sussuapara - PI,6220
2210953,221095,Tamboril do Piauí - PI,2949
2210979,221097,Tanque do Piauí - PI,2316
2211001,221100,Teresina - PI,866300
2211100,221110,União - PI,46119
2211209,221120,Uruçuí - PI,25203
2211308,221130,Valença do Piauí - PI,22279
2211357,221135,Várzea Branca - PI,5055
2211407,221140,Várzea Grande - PI,4417
2211506,221150,Vera Mendes - PI,3185
2211605,221160,Vila Nova do Piauí - PI,2935
2211704,221170,Wall Ferraz - PI,4059
2300101,230010,Abaiara - CE,10038
2300150,230015,Acarape - CE,14027
2300200,230020,Acaraú - CE,65264
2300309,230030,Acopiara - CE,44962
2300408,230040,Aiuaba - CE,14076
2300507,230050,Alcântaras - CE,11369
2300606,230060,Altaneira - CE,6782
2300705,230070,Alto Santo - CE,14155
2300754,230075,Amontada - CE,42156
2300804,230080,Antonina do Norte - CE,7245
2300903,230090,Apuiarés - CE,12928
2301000,230100,Aquiraz - CE,80645
2301109,230110,Aracati - CE,75113
2301208,230120,Aracoiaba - CE,25553
2301257,230125,Ararendá - CE,11096
2301307,230130,Araripe - CE,19783
2301406,230140,Aratuba - CE,11224
2301505,230150,Arneiroz - CE,7429
2301604,230160,Assaré - CE,21697
2301703,230170,Aurora - CE,23714
2301802,230180,Baixio - CE,5704
2301851,230185,Banabuiú - CE,17195
2301901,230190,Barbalha - CE,75033
2301950,230195,Barreira - CE,22392
2302008,230200,Barro - CE,19381
2302057,230205,Barroquinha - CE,14567
2302107,230210,Baturité - CE,35218
2302206,230220,Beberibe - CE,53114
2302305,230230,Bela Cruz - CE,32775
2302404,230240,Boa Viagem - CE,50411
2302503,230250,Brejo Santo - CE,51090
2302602,230260,Camocim - CE,62326
2302701,230270,Campos Sales - CE,25135
2302800,230280,Canindé - CE,74174
2302909,230290,Capistrano - CE,17254
2303006,230300,Caridade - CE,16377
2303105,230310,Cariré - CE,17632
2303204,230320,Caririaçu - CE,26320
2303303,230330,Cariús - CE,17015
2303402,230340,Carnaubal - CE,17210
2303501,230350,Cascavel - CE,72720
2303600,230360,Catarina - CE,10243
2303659,230365,Catunda - CE,10444
2303709,230370,Caucaia - CE,355679
2303808,230380,Cedro - CE,22344
2303907,230390,Chaval - CE,12462
2303931,230393,Choró - CE,12113
2303956,230395,Chorozinho - CE,20163
2304004,230400,Coreaú - CE,20953
2304103,230410,Crateús - CE,76390
2304202,230420,Crato - CE,131050
2304236,230423,Croatá - CE,17481
2304251,230425,Cruz - CE,29761
2304269,230426,Deputado Irapuan Pinheiro - CE,8932
2304277,230427,Ereré - CE,6474
2304285,230428,Eusébio - CE,74170
2304301,230430,Farias Brito - CE,18217
2304350,230435,Forquilha - CE,24173
2304400,230440,Fortaleza - CE,2428708
2304459,230445,Fortim - CE,17294
2304509,230450,Frecheirinha - CE,15657
2304608,230460,General Sampaio - CE,6734
2304657,230465,Graça - CE,13801
2304707,230470,Granja - CE,53344
2304806,230480,Granjeiro - CE,4841
2304905,230490,Groaíras - CE,10910
2304954,230495,Guaiúba - CE,24325
2305001,230500,Guaraciaba do Norte - CE,42053
2305100,230510,Guaramiranga - CE,5654
2305209,230520,Hidrolândia - CE,17855
2305233,230523,Horizonte - CE,74755
2305266,230526,Ibaretama - CE,11956
2305308,230530,Ibiapina - CE,23965
2305332,230533,Ibicuitinga - CE,11611
2305357,230535,Icapuí - CE,21433
2305407,230540,Icó - CE,62642
2305506,230550,Iguatu - CE,98064
2305605,230560,Independência - CE,24024
2305654,230565,Ipaporanga - CE,11575
2305704,230570,Ipaumirim - CE,12083
2305803,230580,Ipu - CE,41081
2305902,230590,Ipueiras - CE,36798
2306009,230600,Iracema - CE,14001
2306108,230610,Irauçuba - CE,23915
2306207,230620,Itaiçaba - CE,7536
2306256,230625,Itaitinga - CE,64650
2306306,230630,Itapajé - CE,46426
2306405,230640,Itapipoca - CE,131123
2306504,230650,Itapiúna - CE,17841
2306553,230655,Itarema - CE,42957
2306603,230660,Itatira - CE,20424
2306702,230670,Jaguaretama - CE,17232
2306801,230680,Jaguaribara - CE,10356
2306900,230690,Jaguaribe - CE,33726
2307007,230700,Jaguaruana - CE,31701
2307106,230710,Jardim - CE,27411
2307205,230720,Jati - CE,7861
2307254,230725,Jijoca de Jericoacoara - CE,25555
2307304,230730,Juazeiro do Norte - CE,286120
2307403,230740,Jucás - CE,23922
2307502,230750,Lavras da Mangabeira - CE,30802
2307601,230760,Limoeiro do Norte - CE,59560
2307635,230763,Madalena - CE,16896
2307650,230765,Maracanaú - CE,234509
2307700,230770,Maranguape - CE,105093
2307809,230780,Marco - CE,25799
2307908,230790,Martinópole - CE,10846
2308005,230800,Massapê - CE,37697
2308104,230810,Mauriti - CE,45561
2308203,230820,Meruoca - CE,15157
2308302,230830,Milagres - CE,25900
2308351,230835,Milhã - CE,14123
2308377,230837,Miraíma - CE,14196
2308401,230840,Missão Velha - CE,36822
2308500,230850,Mombaça - CE,37735
2308609,230860,Monsenhor Tabosa - CE,17149
2308708,230870,Morada Nova - CE,61443
2308807,230880,Moraújo - CE,8254
2308906,230890,Morrinhos - CE,22753
2309003,230900,Mucambo - CE,13666
2309102,230910,Mulungu - CE,10569
2309201,230920,Nova Olinda - CE,15399
2309300,230930,Nova Russas - CE,30699
2309409,230940,Novo Oriente - CE,27545
2309458,230945,Ocara - CE,24493
2309508,230950,Orós - CE,19675
2309607,230960,Pacajus - CE,70983
2309706,230970,Pacatuba - CE,81524
2309805,230980,Pacoti - CE,11186
2309904,230990,Pacujá - CE,6175
2310001,231000,Palhano - CE,9346
2310100,231010,Palmácia - CE,10242
2310209,231020,Paracuru - CE,38980
2310258,231025,Paraipaba - CE,32216
2310308,231030,Parambu - CE,31445
2310407,231040,Paramoti - CE,10384
2310506,231050,Pedra Branca - CE,40187
2310605,231060,Penaforte - CE,8972
2310704,231070,Pentecoste - CE,37813
2310803,231080,Pereiro - CE,15274
2310852,231085,Pindoretama - CE,23391
2310902,231090,Piquet Carneiro - CE,16616
2310951,231095,Pires Ferreira - CE,10606
2311009,231100,Poranga - CE,12065
2311108,231110,Porteiras - CE,17050
2311207,231120,Potengi - CE,8833
2311231,231123,Potiretama - CE,5974
2311264,231126,Quiterianópolis - CE,20213
2311306,231130,Quixadá - CE,84168
2311355,231135,Quixelô - CE,15910
2311405,231140,Quixeramobim - CE,82177
2311504,231150,Quixeré - CE,20874
2311603,231160,Redenção - CE,27214
2311702,231170,Reriutaba - CE,18606
2311801,231180,Russas - CE,72928
2311900,231190,Saboeiro - CE,13854
2311959,231195,Salitre - CE,16633
2312007,231200,Santana do Acaraú - CE,30628
2312106,231210,Santana do Cariri - CE,16954
2312205,231220,Santa Quitéria - CE,40183
2312304,231230,São Benedito - CE,47640
2312403,231240,São Gonçalo do Amarante - CE,54143
2312502,231250,São João do Jaguaribe - CE,5855
2312601,231260,São Luís do Curu - CE,10822
2312700,231270,Senador Pompeu - CE,24266
2312809,231280,Senador Sá - CE,7262
2312908,231290,Sobral - CE,203023
2313005,231300,Solonópole - CE,18179
2313104,231310,Tabuleiro do Norte - CE,30652
2313203,231320,Tamboril - CE,24815
2313252,231325,Tarrafas - CE,7529
2313302,231330,Tauá - CE,61227
2313351,231335,Tejuçuoca - CE,17154
2313401,231340,Tianguá - CE,81506
2313500,231350,Trairi - CE,58415
2313559,231355,Tururu - CE,15412
2313609,231360,Ubajara - CE,32767
2313708,231370,Umari - CE,6871
2313757,231375,Umirim - CE,17470
2313807,231380,Uruburetama - CE,20189
2313906,231390,Uruoca - CE,13746
2313955,231395,Varjota - CE,18105
2314003,231400,Várzea Alegre - CE,38984
2314102,231410,Viçosa do Ceará - CE,59712
2400109,240010,Acari - RN,10597
2400208,240020,Assú - RN,56496
2400307,240030,Afonso Bezerra - RN,10839
2400406,240040,Água Nova - RN,2946
2400505,240050,Alexandria - RN,13640
2400604,240060,Almino Afonso - RN,4687
2400703,240070,Alto do Rodrigues - RN,12484
2400802,240080,Angicos - RN,11632
2400901,240090,Antônio Martins - RN,6577
2401008,240100,Apodi - RN,36093
2401107,240110,Areia Branca - RN,24093
2401206,240120,Arez - RN,13251
2401305,240130,Campo Grande - RN,9730
2401404,240140,Baía Formosa - RN,8825
2401453,240145,Baraúna - RN,26913
2401503,240150,Barcelona - RN,3986
2401602,240160,Bento Fernandes - RN,4807
2401651,240165,Bodó - RN,2306
2401701,240170,Bom Jesus - RN,9952
2401800,240180,Brejinho - RN,12202
2401859,240185,Caiçara do Norte - RN,6293
2401909,240190,Caiçara do Rio do Vento - RN,3268
2402006,240200,Caicó - RN,61146
2402105,240210,Campo Redondo - RN,10215
2402204,240220,Canguaretama - RN,29668
2402303,240230,Caraúbas - RN,19727
2402402,240240,Carnaúba dos Dantas - RN,7992
2402501,240250,Carnaubais - RN,9714
2402600,240260,Ceará-Mirim - RN,79115
2402709,240270,Cerro Corá - RN,11000
2402808,240280,Coronel Ezequiel - RN,5117
2402907,240290,Coronel João Pessoa - RN,4237
2403004,240300,Cruzeta - RN,8005
2403103,240310,Currais Novos - RN,41313
2403202,240320,Doutor Severiano - RN,7044
2403251,240325,Parnamirim - RN,252716
2403301,240330,Encanto - RN,6016
2403400,240340,Equador - RN,5360
2403509,240350,Espírito Santo - RN,10620
2403608,240360,Extremoz - RN,61635
2403707,240370,Felipe Guerra - RN,5944
2403756,240375,Fernando Pedroza - RN,2938
2403806,240380,Florânia - RN,10196
2403905,240390,Francisco Dantas - RN,2700
2404002,240400,Frutuoso Gomes - RN,4122
2404101,240410,Galinhos - RN,2104
2404200,240420,Goianinha - RN,26741
2404309,240430,Governador Dix-Sept Rosado - RN,11938
2404408,240440,Grossos - RN,9924
2404507,240450,Guamaré - RN,15295
2404606,240460,Ielmo Marinho - RN,11615
2404705,240470,Ipanguaçu - RN,14131
2404804,240480,Ipueira - RN,2035
2404853,240485,Itajá - RN,7292
2404903,240490,Itaú - RN,5320
2405009,240500,Jaçanã - RN,7834
2405108,240510,Jandaíra - RN,6562
2405207,240520,Janduís - RN,4746
2405306,240530,Januário Cicco - RN,9051
2405405,240540,Japi - RN,5117
2405504,240550,Jardim de Angicos - RN,2437
2405603,240560,Jardim de Piranhas - RN,13977
2405702,240570,Jardim do Seridó - RN,11655
2405801,240580,João Câmara - RN,33290
2405900,240590,João Dias - RN,2076
2406007,240600,José da Penha - RN,5803
2406106,240610,Jucurutu - RN,17793
2406155,240615,Jundiá - RN,3739
2406205,240620,Lagoa d'Anta - RN,6654
2406304,240630,Lagoa de Pedras - RN,7338
2406403,240640,Lagoa de Velhos - RN,2567
2406502,240650,Lagoa Nova - RN,15573
2406601,240660,Lagoa Salgada - RN,8319
2406700,240670,Lajes - RN,9866
2406809,240680,Lajes Pintadas - RN,4787
2406908,240690,Lucrécia - RN,3490
2407005,240700,Luís Gomes - RN,9070
2407104,240710,Macaíba - RN,82249
2407203,240720,Macau - RN,27369
2407252,240725,Major Sales - RN,3924
2407302,240730,Marcelino Vieira - RN,7896
2407401,240740,Martins - RN,8179
2407500,240750,Maxaranguape - RN,10255
2407609,240760,Messias Targino - RN,4274
2407708,240770,Montanhas - RN,11444
2407807,240780,Monte Alegre - RN,23031
2407906,240790,Monte das Gameleiras - RN,2276
2408003,240800,Mossoró - RN,264577
2408102,240810,Natal - RN,751300
2408201,240820,Nísia Floresta - RN,31942
2408300,240830,Nova Cruz - RN,34269
2408409,240840,Olho d'Água do Borges - RN,3905
2408508,240850,Ouro Branco - RN,4913
2408607,240860,Paraná - RN,3934
2408706,240870,Paraú - RN,3579
2408805,240880,Parazinho - RN,4801
2408904,240890,Parelhas - RN,21499
2408953,240895,Rio do Fogo - RN,10351
2409100,240910,Passa e Fica - RN,10896
2409209,240920,Passagem - RN,3115
2409308,240930,Patu - RN,11007
2409332,240933,Santa Maria - RN,4847
2409407,240940,Pau dos Ferros - RN,30479
2409506,240950,Pedra Grande - RN,3618
2409605,240960,Pedra Preta - RN,2441
2409704,240970,Pedro Avelino - RN,6242
2409803,240980,Pedro Velho - RN,13824
2409902,240990,Pendências - RN,12278
2410009,241000,Pilões - RN,2965
2410108,241010,Poço Branco - RN,12390
2410207,241020,Portalegre - RN,7601
2410256,241025,Porto do Mangue - RN,5228
2410306,241030,Serra Caiada - RN,10125
2410405,241040,Pureza - RN,9362
2410504,241050,Rafael Fernandes - RN,5432
2410603,241060,Rafael Godeiro - RN,2934
2410702,241070,Riacho da Cruz - RN,2701
2410801,241080,Riacho de Santana - RN,4127
2410900,241090,Riachuelo - RN,7389
2411007,241100,Rodolfo Fernandes - RN,4242
2411056,241105,Tibau - RN,5382
2411106,241110,Ruy Barbosa - RN,3206
2411205,241120,Santa Cruz - RN,37313
2411403,241140,Santana do Matos - RN,12456
2411429,241142,Santana do Seridó - RN,2696
2411502,241150,Santo Antônio - RN,22177
2411601,241160,São Bento do Norte - RN,3304
2411700,241170,São Bento do Trairí - RN,3792
2411809,241180,São Fernando - RN,3492
2411908,241190,São Francisco do Oeste - RN,4161
2412005,241200,São Gonçalo do Amarante - RN,115838
2412104,241210,São João do Sabugi - RN,5956
2412203,241220,São José de Mipibu - RN,47286
2412302,241230,São José do Campestre - RN,11121
2412401,241240,São José do Seridó - RN,4558
2412500,241250,São Miguel - RN,23537
2412559,241255,São Miguel do Gostoso - RN,10221
2412609,241260,São Paulo do Potengi - RN,16786
2412708,241270,São Pedro - RN,5776
2412807,241280,São Rafael - RN,7711
2412906,241290,São Tomé - RN,9972
2413003,241300,São Vicente - RN,6310
2413102,241310,Senador Elói de Souza - RN,5965
2413201,241320,Senador Georgino Avelino - RN,4065
2413300,241330,Serra de São Bento - RN,5703
2413359,241335,Serra do Mel - RN,13091
2413409,241340,Serra Negra do Norte - RN,7597
2413508,241350,Serrinha - RN,6436
2413557,241355,Serrinha dos Pintos - RN,4659
2413607,241360,Severiano Melo - RN,5487
2413706,241370,Sítio Novo - RN,4654
2413805,241380,Taboleiro Grande - RN,2338
2413904,241390,Taipu - RN,11422
2414001,241400,Tangará - RN,13281
2414100,241410,Tenente Ananias - RN,10262
2414159,241415,Tenente Laurentino Cruz - RN,5891
2414209,241420,Tibau do Sul - RN,16929
2414308,241430,Timbaúba dos Batistas - RN,2348
2414407,241440,Touros - RN,33035
2414456,241445,Triunfo Potiguar - RN,3376
2414506,241450,Umarizal - RN,10078
2414605,241460,Upanema - RN,13577
2414704,241470,Várzea - RN,5233
2414753,241475,Venha-Ver - RN,3014
2414803,241480,Vera Cruz - RN,10735
2414902,241490,Viçosa - RN,1822
2415008,241500,Vila Flor - RN,3174
2500106,250010,Água Branca - PB,9335
2500205,250020,Aguiar - PB,5003
2500304,250030,Alagoa Grande - PB,26062
2500403,250040,Alagoa Nova - PB,21013
2500502,250050,Alagoinha - PB,13725
2500536,250053,Alcantil - PB,5578
2500577,250057,Algodão de Jandaíra - PB,2953
2500601,250060,Alhandra - PB,21730
2500700,250070,São João do Rio do Peixe - PB,17964
2500734,250073,Amparo - PB,2234
2500775,250077,Aparecida - PB,7960
2500809,250080,Araçagi - PB,16646
2500908,250090,Arara - PB,12212
2501005,250100,Araruna - PB,17189
2501104,250110,Areia - PB,22633
2501153,250115,Areia de Baraúnas - PB,2005
2501203,250120,Areial - PB,7128
2501302,250130,Aroeiras - PB,18705
2501351,250135,Assunção - PB,4152
2501401,250140,Baía da Traição - PB,9224
2501500,250150,Bananeiras - PB,23134
2501534,250153,Baraúna - PB,4762
2501575,250157,Barra de Santana - PB,8059
2501609,250160,Barra de Santa Rosa - PB,12904
2501708,250170,Barra de São Miguel - PB,5906
2501807,250180,Bayeux - PB,82742
2501906,250190,Belém - PB,16401
2502003,250200,Belém do Brejo do Cruz - PB,6268
2502052,250205,Bernardino Batista - PB,3504
2502102,250210,Boa Ventura - PB,5207
2502151,250215,Boa Vista - PB,6377
2502201,250220,Bom Jesus - PB,2286
2502300,250230,Bom Sucesso - PB,4661
2502409,250240,Bonito de Santa Fé - PB,10252
2502508,250250,Boqueirão - PB,17598
2502607,250260,Igaracy - PB,5648
2502706,250270,Borborema - PB,4214
2502805,250280,Brejo do Cruz - PB,13613
2502904,250290,Brejo dos Santos - PB,5742
2503001,250300,Caaporã - PB,21193
2503100,250310,Cabaceiras - PB,5335
2503209,250320,Cabedelo - PB,66519
2503308,250330,Cachoeira dos Índios - PB,9151
2503407,250340,Cacimba de Areia - PB,3291
2503506,250350,Cacimba de Dentro - PB,16064
2503555,250355,Cacimbas - PB,7223
2503605,250360,Caiçara - PB,6602
2503704,250370,Cajazeiras - PB,63239
2503753,250375,Cajazeirinhas - PB,2740
2503803,250380,Caldas Brandão - PB,5753
2503902,250390,Camalaú - PB,6085
2504009,250400,Campina Grande - PB,419379
2504033,250403,Capim - PB,6970
2504074,250407,Caraúbas - PB,3944
2504108,250410,Carrapateira - PB,2312
2504157,250415,Casserengue - PB,6889
2504207,250420,Catingueira - PB,4491
2504306,250430,Catolé do Rocha - PB,30661
2504355,250435,Caturité - PB,5254
2504405,250440,Conceição - PB,18260
2504504,250450,Condado - PB,6451
2504603,250460,Conde - PB,27605
2504702,250470,Congo - PB,4933
2504801,250480,Coremas - PB,14683
2504850,250485,Coxixola - PB,1824
2504900,250490,Cruz do Espírito Santo - PB,17095
2505006,250500,Cubati - PB,7580
2505105,250510,Cuité - PB,19719
2505204,250520,Cuitegi - PB,6730
2505238,250523,Cuité de Mamanguape - PB,6251
2505279,250527,Curral de Cima - PB,5254
2505303,250530,Curral Velho - PB,2292
2505352,250535,Damião - PB,4982
2505402,250540,Desterro - PB,8067
2505501,250550,Vista Serrana - PB,3641
2505600,250560,Diamante - PB,6299
2505709,250570,Dona Inês - PB,10380
2505808,250580,Duas Estradas - PB,3327
2505907,250590,Emas - PB,3011
2506004,250600,Esperança - PB,31231
2506103,250610,Fagundes - PB,11049
2506202,250620,Frei Martinho - PB,2846
2506251,250625,Gado Bravo - PB,8179
2506301,250630,Guarabira - PB,57484
2506400,250640,Gurinhém - PB,13766
2506509,250650,Gurjão - PB,3242
2506608,250660,Ibiara - PB,5631
2506707,250670,Imaculada - PB,10392
2506806,250680,Ingá - PB,17692
2506905,250690,Itabaiana - PB,23182
2507002,250700,Itaporanga - PB,23940
2507101,250710,Itapororoca - PB,18382
2507200,250720,Itatuba - PB,10499
2507309,250730,Jacaraú - PB,14477
2507408,250740,Jericó - PB,7516
2507507,250750,João Pessoa - PB,833932
2507606,250760,Juarez Távora - PB,7796
2507705,250770,Juazeirinho - PB,17007
2507804,250780,Junco do Seridó - PB,6793
2507903,250790,Juripiranga - PB,10012
2508000,250800,Juru - PB,9234
2508109,250810,Lagoa - PB,4415
2508208,250820,Lagoa de Dentro - PB,7819
2508307,250830,Lagoa Seca - PB,27730
2508406,250840,Lastro - PB,3162
2508505,250850,Livramento - PB,6877
2508554,250855,Logradouro - PB,4797
2508604,250860,Lucena - PB,12560
2508703,250870,Mãe d'Água - PB,3583
2508802,250880,Malta - PB,6046
2508901,250890,Mamanguape - PB,44599
2509008,250900,Manaíra - PB,10434
2509057,250905,Marcação - PB,8999
2509107,250910,Mari - PB,21512
2509156,250915,Marizópolis - PB,6705
2509206,250920,Massaranduba - PB,14139
2509305,250930,Mataraca - PB,8244
2509339,250933,Matinhas - PB,4571
2509370,250937,Mato Grosso - PB,2543
2509396,250939,Maturéia - PB,6433
2509404,250940,Mogeiro - PB,13899
2509503,250950,Montadas - PB,5812
2509602,250960,Monte Horebe - PB,4338
2509701,250970,Monteiro - PB,32277
2509800,250980,Mulungu - PB,8791
2509909,250990,Natuba - PB,8945
2510006,251000,Nazarezinho - PB,7203
2510105,251010,Nova Floresta - PB,9724
2510204,251020,Nova Olinda - PB,5787
2510303,251030,Nova Palmeira - PB,4259
2510402,251040,Olho d'Água - PB,6060
2510501,251050,Olivedos - PB,3580
2510600,251060,Ouro Velho - PB,2918
2510659,251065,Parari - PB,1720
2510709,251070,Passagem - PB,2463
2510808,251080,Patos - PB,103165
2510907,251090,Paulista - PB,11834
2511004,251100,Pedra Branca - PB,3739
2511103,251110,Pedra Lavrada - PB,6859
2511202,251120,Pedras de Fogo - PB,29662
2511301,251130,Piancó - PB,16441
2511400,251140,Picuí - PB,18333
2511509,251150,Pilar - PB,12311
2511608,251160,Pilões - PB,6815
2511707,251170,Pilõezinhos - PB,5329
2511806,251180,Pirpirituba - PB,9340
2511905,251190,Pitimbu - PB,16751
2512002,251200,Pocinhos - PB,17469
2512036,251203,Poço Dantas - PB,3830
2512077,251207,Poço de José de Moura - PB,4006
2512101,251210,Pombal - PB,32473
2512200,251220,Prata - PB,3915
2512309,251230,Princesa Isabel - PB,21114
2512408,251240,Puxinanã - PB,14277
2512507,251250,Queimadas - PB,47658
2512606,251260,Quixaba - PB,1743
2512705,251270,Remígio - PB,17885
2512721,251272,Pedro Régis - PB,5766
2512747,251274,Riachão - PB,2927
2512754,251275,Riachão do Bacamarte - PB,4690
2512762,251276,Riachão do Poço - PB,4738
2512788,251278,Riacho de Santo Antônio - PB,1955
2512804,251280,Riacho dos Cavalos - PB,8493
2512903,251290,Rio Tinto - PB,24581
2513000,251300,Salgadinho - PB,3355
2513109,251310,Salgado de São Félix - PB,11505
2513158,251315,Santa Cecília - PB,7670
2513208,251320,Santa Cruz - PB,5947
2513307,251330,Santa Helena - PB,5865
2513356,251335,Santa Inês - PB,3227
2513406,251340,Santa Luzia - PB,14959
2513505,251350,Santana de Mangueira - PB,5010
2513604,251360,Santana dos Garrotes - PB,6569
2513653,251365,Joca Claudino - PB,2539
2513703,251370,Santa Rita - PB,149910
2513802,251380,Santa Teresinha - PB,4402
2513851,251385,Santo André - PB,2622
2513901,251390,São Bento - PB,32235
2513927,251392,São Bentinho - PB,4327
2513943,251394,São Domingos do Cariri - PB,2585
2513968,251396,São Domingos - PB,2595
2513984,251398,São Francisco - PB,3137
2514008,251400,São João do Cariri - PB,4226
2514107,251410,São João do Tigre - PB,4263
2514206,251420,São José da Lagoa Tapada - PB,7126
2514305,251430,São José de Caiana - PB,5034
2514404,251440,São José de Espinharas - PB,4083
2514453,251445,São José dos Ramos - PB,5891
2514503,251450,São José de Piranhas - PB,19067
2514552,251455,São José de Princesa - PB,3416
2514602,251460,São José do Bonfim - PB,3242
2514651,251465,São José do Brejo do Cruz - PB,1699
2514701,251470,São José do Sabugi - PB,4138
2514800,251480,São José dos Cordeiros - PB,3411
2514909,251490,São Mamede - PB,7470
2515005,251500,São Miguel de Taipu - PB,7066
2515104,251510,São Sebastião de Lagoa de Roça - PB,11040
2515203,251520,São Sebastião do Umbuzeiro - PB,3279
2515302,251530,Sapé - PB,51306
2515401,251540,São Vicente do Seridó - PB,10291
2515500,251550,Serra Branca - PB,13614
2515609,251560,Serra da Raiz - PB,3094
2515708,251570,Serra Grande - PB,2942
2515807,251580,Serra Redonda - PB,6828
2515906,251590,Serraria - PB,4885
2515930,251593,Sertãozinho - PB,5054
2515971,251597,Sobrado - PB,8236
2516003,251600,Solânea - PB,26774
2516102,251610,Soledade - PB,13968
2516151,251615,Sossêgo - PB,3345
2516201,251620,Sousa - PB,67259
2516300,251630,Sumé - PB,17166
2516409,251640,Tacima - PB,8010
2516508,251650,Taperoá - PB,14068
2516607,251660,Tavares - PB,14101
2516706,251670,Teixeira - PB,14631
2516755,251675,Tenório - PB,2966
2516805,251680,Triunfo - PB,9892
2516904,251690,Uiraúna - PB,14930
2517001,251700,Umbuzeiro - PB,9124
2517100,251710,Várzea - PB,2668
2517209,251720,Vieirópolis - PB,4864
2517407,251740,Zabelê - PB,2228
2600054,260005,Abreu e Lima - PE,98462
2600104,260010,Afogados da Ingazeira - PE,40241
2600203,260020,Afrânio - PE,18674
2600302,260030,Agrestina - PE,23779
2600401,260040,Água Preta - PE,26461
2600500,260050,Águas Belas - PE,41548
2600609,260060,Alagoinha - PE,13542
2600708,260070,Aliança - PE,35741
2600807,260080,Altinho - PE,20674
2600906,260090,Amaraji - PE,18205
2601003,260100,Angelim - PE,10241
2601052,260105,Araçoiaba - PE,19243
2601102,260110,Araripina - PE,85088
2601201,260120,Arcoverde - PE,77742
2601300,260130,Barra de Guabiraba - PE,12263
2601409,260140,Barreiros - PE,40121
2601508,260150,Belém de Maria - PE,10378
2601607,260160,Belém do São Francisco - PE,18301
2601706,260170,Belo Jardim - PE,79507
2601805,260180,Betânia - PE,11232
2601904,260190,Bezerros - PE,61694
2602001,260200,Bodocó - PE,34478
2602100,260210,Bom Conselho - PE,44294
2602209,260220,Bom Jardim - PE,37629
2602308,260230,Bonito - PE,37474
2602407,260240,Brejão - PE,9079
2602506,260250,Brejinho - PE,7720
2602605,260260,Brejo da Madre de Deus - PE,48648
2602704,260270,Buenos Aires - PE,12808
2602803,260280,Buíque - PE,52097
2602902,260290,Cabo de Santo Agostinho - PE,203440
2603009,260300,Cabrobó - PE,30294
2603108,260310,Cachoeirinha - PE,19899
2603207,260320,Caetés - PE,28827
2603306,260330,Calçado - PE,11093
2603405,260340,Calumbi - PE,5228
2603454,260345,Camaragibe - PE,147771
2603504,260350,Camocim de São Félix - PE,17419
2603603,260360,Camutanga - PE,7750
2603702,260370,Canhotinho - PE,24329
2603801,260380,Capoeiras - PE,18338
2603900,260390,Carnaíba - PE,18644
2603926,260392,Carnaubeira da Penha - PE,12239
2604007,260400,Carpina - PE,79293
2604106,260410,Caruaru - PE,378048
2604155,260415,Casinhas - PE,12967
2604205,260420,Catende - PE,32156
2604304,260430,Cedro - PE,10518
2604403,260440,Chã de Alegria - PE,12984
2604502,260450,Chã Grande - PE,20546
2604601,260460,Condado - PE,24587
2604700,260470,Correntes - PE,17131
2604809,260480,Cortês - PE,10198
2604908,260490,Cumaru - PE,15920
2605004,260500,Cupira - PE,23518
2605103,260510,Custódia - PE,37699
2605152,260515,Dormentes - PE,17188
2605202,260520,Escada - PE,59891
2605301,260530,Exu - PE,31843
2605400,260540,Feira Nova - PE,21427
2605459,260545,Fernando de Noronha - PE,3167
2605509,260550,Ferreiros - PE,15026
2605608,260560,Flores - PE,20347
2605707,260570,Floresta - PE,30137
2605806,260580,Frei Miguelinho - PE,13636
2605905,260590,Gameleira - PE,18214
2606002,260600,Garanhuns - PE,142506
2606101,260610,Glória do Goitá - PE,29347
2606200,260620,Goiana - PE,81055
2606309,260630,Granito - PE,6967
2606408,260640,Gravatá - PE,86516
2606507,260650,Iati - PE,17165
2606606,260660,Ibimirim - PE,26593
2606705,260670,Ibirajuba - PE,7140
2606804,260680,Igarassu - PE,115196
2606903,260690,Iguaracy - PE,11081
2607000,260700,Inajá - PE,25603
2607109,260710,Ingazeira - PE,4765
2607208,260720,Ipojuca - PE,98932
2607307,260730,Ipubi - PE,29009
2607406,260740,Itacuruba - PE,4284
2607505,260750,Itaíba - PE,32650
2607604,260760,Ilha de Itamaracá - PE,24540
2607653,260765,Itambé - PE,34935
2607703,260770,Itapetim - PE,13791
2607752,260775,Itapissuma - PE,27749
2607802,260780,Itaquitinga - PE,16554
2607901,260790,Jaboatão dos Guararapes - PE,644037
2607950,260795,Jaqueira - PE,10247
2608008,260800,Jataúba - PE,15843
2608057,260805,Jatobá - PE,14020
2608107,260810,João Alfredo - PE,27725
2608206,260820,Joaquim Nabuco - PE,13269
2608255,260825,Jucati - PE,11517
2608305,260830,Jupi - PE,15329
2608404,260840,Jurema - PE,13648
2608453,260845,Lagoa do Carro - PE,17981
2608503,260850,Lagoa de Itaenga - PE,19003
2608602,260860,Lagoa do Ouro - PE,11933
2608701,260870,Lagoa dos Gatos - PE,14076
2608750,260875,Lagoa Grande - PE,24088
2608800,260880,Lajedo - PE,39582
2608909,260890,Limoeiro - PE,56510
2609006,260900,Macaparana - PE,23879
2609105,260910,Machados - PE,11333
2609154,260915,Manari - PE,23763
2609204,260920,Maraial - PE,9359
2609303,260930,Mirandiba - PE,14166
2609402,260940,Moreno - PE,55292
2609501,260950,Nazaré da Mata - PE,30648
2609600,260960,Olinda - PE,349976
2609709,260970,Orobó - PE,21808
2609808,260980,Orocó - PE,13613
2609907,260990,Ouricuri - PE,65245
2610004,261000,Palmares - PE,54584
2610103,261010,Palmeirina - PE,7031
2610202,261020,Panelas - PE,22991
2610301,261030,Paranatama - PE,12199
2610400,261040,Parnamirim - PE,18612
2610509,261050,Passira - PE,28340
2610608,261060,Paudalho - PE,56665
2610707,261070,Paulista - PE,342167
2610806,261080,Pedra - PE,22795
2610905,261090,Pesqueira - PE,62722
2611002,261100,Petrolândia - PE,34161
2611101,261110,Petrolina - PE,386791
2611200,261120,Poção - PE,10500
2611309,261130,Pombos - PE,27552
2611408,261140,Primavera - PE,13838
2611507,261150,Quipapá - PE,17928
2611533,261153,Quixaba - PE,6554
2611606,261160,Recife - PE,1488920
2611705,261170,Riacho das Almas - PE,20639
2611804,261180,Ribeirão - PE,33507
2611903,261190,Rio Formoso - PE,20009
2612000,261200,Sairé - PE,10887
2612109,261210,Salgadinho - PE,5727
2612208,261220,Salgueiro - PE,62372
2612307,261230,Saloá - PE,13836
2612406,261240,Sanharó - PE,18624
2612455,261245,Santa Cruz - PE,13841
2612471,261247,Santa Cruz da Baixa Verde - PE,11567
2612505,261250,Santa Cruz do Capibaribe - PE,98254
2612554,261255,Santa Filomena - PE,12106
2612604,261260,Santa Maria da Boa Vista - PE,40578
2612703,261270,Santa Maria do Cambucá - PE,14013
2612802,261280,Santa Terezinha - PE,10244
2612901,261290,São Benedito do Sul - PE,13113
2613008,261300,São Bento do Una - PE,49449
2613107,261310,São Caitano - PE,37126
2613206,261320,São João - PE,23837
2613305,261330,São Joaquim do Monte - PE,20037
2613404,261340,São José da Coroa Grande - PE,18825
2613503,261350,São José do Belmonte - PE,34843
2613602,261360,São José do Egito - PE,31004
2613701,261370,São Lourenço da Mata - PE,111249
2613800,261380,São Vicente Férrer - PE,16677
2613909,261390,Serra Talhada - PE,92228
2614006,261400,Serrita - PE,18207
2614105,261410,Sertânia - PE,32811
2614204,261420,Sirinhaém - PE,37596
2614303,261430,Moreilândia - PE,10540
2614402,261440,Solidão - PE,5210
2614501,261450,Surubim - PE,64120
2614600,261460,Tabira - PE,27681
2614709,261470,Tacaimbó - PE,13738
2614808,261480,Tacaratu - PE,23902
2614857,261485,Tamandaré - PE,23561
2615003,261500,Taquaritinga do Norte - PE,24736
2615102,261510,Terezinha - PE,6513
2615201,261520,Terra Nova - PE,8920
2615300,261530,Timbaúba - PE,46147
2615409,261540,Toritama - PE,41137
2615508,261550,Tracunhaém - PE,13867
2615607,261560,Trindade - PE,30321
2615706,261570,Triunfo - PE,14705
2615805,261580,Tupanatinga - PE,26937
2615904,261590,Tuparetama - PE,8005
2616001,261600,Venturosa - PE,17251
2616100,261610,Verdejante - PE,9169
2616183,261618,Vertente do Lério - PE,7558
2616209,261620,Vertentes - PE,21959
2616308,261630,Vicência - PE,26359
2616407,261640,Vitória de Santo Antão - PE,134084
2616506,261650,Xexéu - PE,11611
2700102,270010,Água Branca - AL,19008
2700201,270020,Anadia - AL,13966
2700300,270030,Arapiraca - AL,234696
2700409,270040,Atalaia - AL,37512
2700508,270050,Barra de Santo Antônio - AL,16365
2700607,270060,Barra de São Miguel - AL,7944
2700706,270070,Batalha - AL,16448
2700805,270080,Belém - AL,4722
2700904,270090,Belo Monte - AL,5936
2701001,270100,Boca da Mata - AL,21187
2701100,270110,Branquinha - AL,9603
2701209,270120,Cacimbinhas - AL,10482
2701308,270130,Cajueiro - AL,16024
2701357,270135,Campestre - AL,6665
2701407,270140,Campo Alegre - AL,32106
2701506,270150,Campo Grande - AL,8143
2701605,270160,Canapi - AL,15559
2701704,270170,Capela - AL,15032
2701803,270180,Carneiros - AL,8999
2701902,270190,Chã Preta - AL,5910
2702009,270200,Coité do Nóia - AL,10810
2702108,270210,Colônia Leopoldina - AL,15816
2702207,270220,Coqueiro Seco - AL,5581
2702306,270230,Coruripe - AL,50414
2702355,270235,Craíbas - AL,25397
2702405,270240,Delmiro Gouveia - AL,51318
2702504,270250,Dois Riachos - AL,9805
2702553,270255,Estrela de Alagoas - AL,15429
2702603,270260,Feira Grande - AL,22712
2702702,270270,Feliz Deserto - AL,3963
2702801,270280,Flexeiras - AL,9618
2702900,270290,Girau do Ponciano - AL,36102
2703007,270300,Ibateguara - AL,13731
2703106,270310,Igaci - AL,23995
2703205,270320,Igreja Nova - AL,21372
2703304,270330,Inhapi - AL,15167
2703403,270340,Jacaré dos Homens - AL,5083
2703502,270350,Jacuípe - AL,5352
2703601,270360,Japaratinga - AL,9219
2703700,270370,Jaramataia - AL,4985
2703759,270375,Jequiá da Praia - AL,9470
2703809,270380,Joaquim Gomes - AL,17150
2703908,270390,Jundiá - AL,4092
2704005,270400,Junqueiro - AL,23907
2704104,270410,Lagoa da Canoa - AL,18457
2704203,270420,Limoeiro de Anadia - AL,24740
2704302,270430,Maceió - AL,957916
2704401,270440,Major Isidoro - AL,17700
2704500,270450,Maragogi - AL,32174
2704609,270460,Maravilha - AL,9534
2704708,270470,Marechal Deodoro - AL,60370
2704807,270480,Maribondo - AL,13679
2704906,270490,Mar Vermelho - AL,3155
2705002,270500,Mata Grande - AL,21844
2705101,270510,Matriz de Camaragibe - AL,23857
2705200,270520,Messias - AL,15405
2705309,270530,Minador do Negrão - AL,4845
2705408,270540,Monteirópolis - AL,7184
2705507,270550,Murici - AL,25187
2705606,270560,Novo Lino - AL,10020
2705705,270570,Olho d'Água das Flores - AL,20695
2705804,270580,Olho d'Água do Casado - AL,8349
2705903,270590,Olho d'Água Grande - AL,4330
2706000,270600,Olivença - AL,10812
2706109,270610,Ouro Branco - AL,11446
2706208,270620,Palestina - AL,4325
2706307,270630,Palmeira dos Índios - AL,71574
2706406,270640,Pão de Açúcar - AL,23823
2706422,270642,Pariconha - AL,10573
2706448,270644,Paripueira - AL,13835
2706505,270650,Passo de Camaragibe - AL,13804
2706604,270660,Paulo Jacinto - AL,6576
2706703,270670,Penedo - AL,58650
2706802,270680,Piaçabuçu - AL,15908
2706901,270690,Pilar - AL,35370
2707008,270700,Pindoba - AL,2731
2707107,270710,Piranhas - AL,22609
2707206,270720,Poço das Trincheiras - AL,12518
2707305,270730,Porto Calvo - AL,24071
2707404,270740,Porto de Pedras - AL,9295
2707503,270750,Porto Real do Colégio - AL,20082
2707602,270760,Quebrangulo - AL,11080
2707701,270770,Rio Largo - AL,93927
2707800,270780,Roteiro - AL,6474
2707909,270790,Santa Luzia do Norte - AL,6919
2708006,270800,Santana do Ipanema - AL,46220
2708105,270810,Santana do Mundaú - AL,11323
2708204,270820,São Brás - AL,6555
2708303,270830,São José da Laje - AL,20813
2708402,270840,São José da Tapera - AL,30604
2708501,270850,São Luís do Quitunde - AL,30873
2708600,270860,São Miguel dos Campos - AL,51990
2708709,270870,São Miguel dos Milagres - AL,8482
2708808,270880,São Sebastião - AL,31786
2708907,270890,Satuba - AL,24278
2708956,270895,Senador Rui Palmeira - AL,12303
2709004,270900,Tanque d'Arca - AL,5796
2709103,270910,Taquarana - AL,19032
2709152,270915,Teotônio Vilela - AL,38053
2709202,270920,Traipu - AL,23565
2709301,270930,União dos Palmares - AL,59280
2709400,270940,Viçosa - AL,24092
2800100,280010,Amparo do São Francisco - SE,2170
2800209,280020,Aquidabã - SE,20131
2800308,280030,Aracaju - SE,602757
2800407,280040,Arauá - SE,10318
2800506,280050,Areia Branca - SE,18081
2800605,280060,Barra dos Coqueiros - SE,41511
2800670,280067,Boquim - SE,24636
2800704,280070,Brejo Grande - SE,7841
2801009,280100,Campo do Brito - SE,18149
2801108,280110,Canhoba - SE,3791
2801207,280120,Canindé de São Francisco - SE,26834
2801306,280130,Capela - SE,31645
2801405,280140,Carira - SE,19939
2801504,280150,Carmópolis - SE,13853
2801603,280160,Cedro de São João - SE,5391
2801702,280170,Cristinápolis - SE,17100
2801900,280190,Cumbe - SE,3824
2802007,280200,Divina Pastora - SE,4340
2802106,280210,Estância - SE,65078
2802205,280220,Feira Nova - SE,5975
2802304,280230,Frei Paulo - SE,14530
2802403,280240,Gararu - SE,11096
2802502,280250,General Maynard - SE,3037
2802601,280260,Graccho Cardoso - SE,5834
2802700,280270,Ilha das Flores - SE,8321
2802809,280280,Indiaroba - SE,16549
2802908,280290,Itabaiana - SE,103440
2803005,280300,Itabaianinha - SE,40678
2803104,280310,Itabi - SE,4745
2803203,280320,Itaporanga d'Ajuda - SE,34411
2803302,280330,Japaratuba - SE,16209
2803401,280340,Japoatã - SE,13407
2803500,280350,Lagarto - SE,101579
2803609,280360,Laranjeiras - SE,23975
2803708,280370,Macambira - SE,6838
2803807,280380,Malhada dos Bois - SE,3579
2803906,280390,Malhador - SE,11533
2804003,280400,Maruim - SE,15719
2804102,280410,Moita Bonita - SE,11050
2804201,280420,Monte Alegre de Sergipe - SE,14336
2804300,280430,Muribeca - SE,7822
2804409,280440,Neópolis - SE,16426
2804458,280445,Nossa Senhora Aparecida - SE,9232
2804508,280450,Nossa Senhora da Glória - SE,41212
2804607,280460,Nossa Senhora das Dores - SE,24996
2804706,280470,Nossa Senhora de Lourdes - SE,6268
2804805,280480,Nossa Senhora do Socorro - SE,192330
2804904,280490,Pacatuba - SE,12502
2805000,280500,Pedra Mole - SE,2778
2805109,280510,Pedrinhas - SE,7396
2805208,280520,Pinhão - SE,5677
2805307,280530,Pirambu - SE,7913
2805406,280540,Poço Redondo - SE,33439
2805505,280550,Poço Verde - SE,21794
2805604,280560,Porto da Folha - SE,26576
2805703,280570,Propriá - SE,26618
2805802,280580,Riachão do Dantas - SE,18313
2805901,280590,Riachuelo - SE,8748
2806008,280600,Ribeirópolis - SE,17033
2806107,280610,Rosário do Catete - SE,9295
2806206,280620,Salgado - SE,20279
2806305,280630,Santa Luzia do Itanhy - SE,13616
2806404,280640,Santana do São Francisco - SE,7346
2806503,280650,Santa Rosa de Lima - SE,3937
2806602,280660,Santo Amaro das Brotas - SE,11092
2806701,280670,São Cristóvão - SE,95612
2806800,280680,São Domingos - SE,10327
2806909,280690,São Francisco - SE,3243
2807006,280700,São Miguel do Aleixo - SE,3434
2807105,280710,Simão Dias - SE,42578
2807204,280720,Siriri - SE,7834
2807303,280730,Telha - SE,3274
2807402,280740,Tobias Barreto - SE,50905
2807501,280750,Tomar do Geru - SE,12012
2807600,280760,Umbaúba - SE,23917
2900108,290010,Abaíra - BA,7301
2900207,290020,Abaré - BA,17639
2900306,290030,Acajutiba - BA,13795
2900355,290035,Adustina - BA,14201
2900405,290040,Água Fria - BA,14497
2900504,290050,Érico Cardoso - BA,10604
2900603,290060,Aiquara - BA,4447
2900702,290070,Alagoinhas - BA,151055
2900801,290080,Alcobaça - BA,24530
2900900,290090,Almadina - BA,5218
2901007,290100,Amargosa - BA,36521
2901106,290110,Amélia Rodrigues - BA,24138
2901155,290115,América Dourada - BA,15137
2901205,290120,Anagé - BA,25438
2901304,290130,Andaraí - BA,13080
2901353,290135,Andorinha - BA,15012
2901403,290140,Angical - BA,13732
2901502,290150,Anguera - BA,11031
2901601,290160,Antas - BA,14206
2901700,290170,Antônio Cardoso - BA,11146
2901809,290180,Antônio Gonçalves - BA,10862
2901908,290190,Aporá - BA,15922
2901957,290195,Apuarema - BA,6913
2902005,290200,Aracatu - BA,13936
2902054,290205,Araçás - BA,11557
2902104,290210,Araci - BA,48294
2902203,290220,Aramari - BA,9833
2902252,290225,Arataca - BA,10191
2902302,290230,Aratuípe - BA,8677
2902401,290240,Aurelino Leal - BA,11179
2902500,290250,Baianópolis - BA,13614
2902609,290260,Baixa Grande - BA,18220
2902658,290265,Banzaê - BA,11958
2902708,290270,Barra - BA,51092
2902807,290280,Barra da Estiva - BA,26026
2902906,290290,Barra do Choça - BA,36539
2903003,290300,Barra do Mendes - BA,13836
2903102,290310,Barra do Rocha - BA,5775
2903201,290320,Barreiras - BA,159734
2903235,290323,Barro Alto - BA,13453
2903276,290327,Barrocas - BA,15203
2903300,290330,Barro Preto - BA,5833
2903409,290340,Belmonte - BA,20121
2903508,290350,Belo Campo - BA,18412
2903607,290360,Biritinga - BA,15146
2903706,290370,Boa Nova - BA,13690
2903805,290380,Boa Vista do Tupim - BA,16873
2903904,290390,Bom Jesus da Lapa - BA,65550
2903953,290395,Bom Jesus da Serra - BA,9730
2904001,290400,Boninal - BA,13622
2904050,290405,Bonito - BA,15844
2904100,290410,Boquira - BA,19322
2904209,290420,Botuporã - BA,11024
2904308,290430,Brejões - BA,12943
2904407,290440,Brejolândia - BA,9108
2904506,290450,Brotas de Macaúbas - BA,11765
2904605,290460,Brumado - BA,70510
2904704,290470,Buerarema - BA,14804
2904753,290475,Buritirama - BA,19589
2904803,290480,Caatiba - BA,6205
2904852,290485,Cabaceiras do Paraguaçu - BA,16559
2904902,290490,Cachoeira - BA,29250
2905008,290500,Caculé - BA,22462
2905107,290510,Caém - BA,10384
2905156,290515,Caetanos - BA,11266
2905206,290520,Caetité - BA,52012
2905305,290530,Cafarnaum - BA,17466
2905404,290540,Cairu - BA,17761
2905503,290550,Caldeirão Grande - BA,13080
2905602,290560,Camacan - BA,22579
2905701,290570,Camaçari - BA,300372
2905800,290580,Camamu - BA,30469
2905909,290590,Campo Alegre de Lourdes - BA,30671
2906006,290600,Campo Formoso - BA,71377
2906105,290610,Canápolis - BA,10225
2906204,290620,Canarana - BA,24206
2906303,290630,Canavieiras - BA,32683
2906402,290640,Candeal - BA,7772
2906501,290650,Candeias - BA,72382
2906600,290660,Candiba - BA,13016
2906709,290670,Cândido Sales - BA,25247
2906808,290680,Cansanção - BA,37439
2906824,290682,Canudos - BA,16105
2906857,290685,Capela do Alto Alegre - BA,10744
2906873,290687,Capim Grosso - BA,33235
2906899,290689,Caraíbas - BA,9940
2906907,290690,Caravelas - BA,20580
2907004,290700,Cardeal da Silva - BA,8365
2907103,290710,Carinhanha - BA,28869
2907202,290720,Casa Nova - BA,72086
2907301,290730,Castro Alves - BA,24712
2907400,290740,Catolândia - BA,3434
2907509,290750,Catu - BA,48148
2907558,290755,Caturama - BA,8841
2907608,290760,Central - BA,16348
2907707,290770,Chorrochó - BA,10579
2907806,290780,Cícero Dantas - BA,30907
2907905,290790,Cipó - BA,17230
2908002,290800,Coaraci - BA,17333
2908101,290810,Cocos - BA,19151
2908200,290820,Conceição da Feira - BA,20800
2908309,290830,Conceição do Almeida - BA,15794
2908408,290840,Conceição do Coité - BA,67825
2908507,290850,Conceição do Jacuípe - BA,35308
2908606,290860,Conde - BA,23654
2908705,290870,Condeúba - BA,17053
2908804,290880,Contendas do Sincorá - BA,4333
2908903,290890,Coração de Maria - BA,26692
2909000,290900,Cordeiros - BA,7546
2909109,290910,Coribe - BA,13990
2909208,290920,Coronel João Sá - BA,17056
2909307,290930,Correntina - BA,32457
2909406,290940,Cotegipe - BA,13063
2909505,290950,Cravolândia - BA,4415
2909604,290960,Crisópolis - BA,19729
2909703,290970,Cristópolis - BA,13993
2909802,290980,Cruz das Almas - BA,60348
2909901,290990,Curaçá - BA,34180
2910008,291000,Dário Meira - BA,10820
2910057,291005,Dias d'Ávila - BA,71485
2910107,291010,Dom Basílio - BA,11884
2910206,291020,Dom Macedo Costa - BA,4407
2910305,291030,Elísio Medrado - BA,7808
2910404,291040,Encruzilhada - BA,19107
2910503,291050,Entre Rios - BA,38098
2910602,291060,Esplanada - BA,32554
2910701,291070,Euclides da Cunha - BA,61456
2910727,291072,Eunápolis - BA,113710
2910750,291075,Fátima - BA,17895
2910776,291077,Feira da Mata - BA,5631
2910800,291080,Feira de Santana - BA,616272
2910859,291085,Filadélfia - BA,17897
2910909,291090,Firmino Alves - BA,4873
2911006,291100,Floresta Azul - BA,11059
2911105,291110,Formosa do Rio Preto - BA,25899
2911204,291120,Gandu - BA,32178
2911253,291125,Gavião - BA,4360
2911303,291130,Gentio do Ouro - BA,10884
2911402,291140,Glória - BA,15524
2911501,291150,Gongogi - BA,5555
2911600,291160,Governador Mangabeira - BA,20605
2911659,291165,Guajeru - BA,8050
2911709,291170,Guanambi - BA,87817
2911808,291180,Guaratinga - BA,19049
2911857,291185,Heliópolis - BA,12309
2911907,291190,Iaçu - BA,24607
2912004,291200,Ibiassucê - BA,10429
2912103,291210,Ibicaraí - BA,21665
2912202,291220,Ibicoara - BA,20785
2912301,291230,Ibicuí - BA,13934
2912400,291240,Ibipeba - BA,16603
2912509,291250,Ibipitanga - BA,13863
2912608,291260,Ibiquera - BA,3725
2912707,291270,Ibirapitanga - BA,25344
2912806,291280,Ibirapuã - BA,8896
2912905,291290,Ibirataia - BA,18792
2913002,291300,Ibitiara - BA,14637
2913101,291310,Ibititá - BA,16969
2913200,291320,Ibotirama - BA,26309
2913309,291330,Ichu - BA,6190
2913408,291340,Igaporã - BA,15527
2913457,291345,Igrapiúna - BA,13151
2913507,291350,Iguaí - BA,21491
2913606,291360,Ilhéus - BA,178649
2913705,291370,Inhambupe - BA,33790
2913804,291380,Ipecaetá - BA,13709
2913903,291390,Ipiaú - BA,40706
2914000,291400,Ipirá - BA,56876
2914109,291410,Ipupiara - BA,9935
2914208,291420,Irajuba - BA,6101
2914307,291430,Iramaia - BA,10752
2914406,291440,Iraquara - BA,23879
2914505,291450,Irará - BA,28043
2914604,291460,Irecê - BA,74507
2914653,291465,Itabela - BA,28165
2914703,291470,Itaberaba - BA,65073
2914802,291480,Itabuna - BA,186708
2914901,291490,Itacaré - BA,27704
2915007,291500,Itaeté - BA,13472
2915106,291510,Itagi - BA,13803
2915205,291520,Itagibá - BA,15310
2915304,291530,Itagimirim - BA,6347
2915353,291535,Itaguaçu da Bahia - BA,12311
2915403,291540,Itaju do Colônia - BA,6037
2915502,291550,Itajuípe - BA,18781
2915601,291560,Itamaraju - BA,59605
2915700,291570,Itamari - BA,7051
2915809,291580,Itambé - BA,24394
2915908,291590,Itanagra - BA,5914
2916005,291600,Itanhém - BA,17813
2916104,291610,Itaparica - BA,19789
2916203,291620,Itapé - BA,10341
2916302,291630,Itapebi - BA,9174
2916401,291640,Itapetinga - BA,65897
2916500,291650,Itapicuru - BA,31679
2916609,291660,Itapitanga - BA,10279
2916708,291670,Itaquara - BA,8153
2916807,291680,Itarantim - BA,17052
2916856,291685,Itatim - BA,15737
2916906,291690,Itiruçu - BA,10999
2917003,291700,Itiúba - BA,33872
2917102,291710,Itororó - BA,16617
2917201,291720,Ituaçu - BA,17914
2917300,291730,Ituberá - BA,21902
2917334,291733,Iuiu - BA,11118
2917359,291735,Jaborandi - BA,9275
2917409,291740,Jacaraci - BA,14436
2917508,291750,Jacobina - BA,82590
2917607,291760,Jaguaquara - BA,45964
2917706,291770,Jaguarari - BA,32703
2917805,291780,Jaguaripe - BA,17659
2917904,291790,Jandaíra - BA,9285
2918001,291800,Jequié - BA,158813
2918100,291810,Jeremoabo - BA,37626
2918209,291820,Jiquiriçá - BA,13629
2918308,291830,Jitaúna - BA,14355
2918357,291835,João Dourado - BA,24854
2918407,291840,Juazeiro - BA,237821
2918456,291845,Jucuruçu - BA,9655
2918506,291850,Jussara - BA,16354
2918555,291855,Jussari - BA,5888
2918605,291860,Jussiape - BA,7379
2918704,291870,Lafaiete Coutinho - BA,4075
2918753,291875,Lagoa Real - BA,14105
2918803,291880,Laje - BA,21052
2918902,291890,Lajedão - BA,3845
2919009,291900,Lajedinho - BA,3527
2919058,291905,Lajedo do Tabocal - BA,7494
2919108,291910,Lamarão - BA,9015
2919157,291915,Lapão - BA,25736
2919207,291920,Lauro de Freitas - BA,203331
2919306,291930,Lençóis - BA,10774
2919405,291940,Licínio de Almeida - BA,11834
2919504,291950,Livramento de Nossa Senhora - BA,43903
2919553,291955,Luís Eduardo Magalhães - BA,107909
2919603,291960,Macajuba - BA,10454
2919702,291970,Macarani - BA,21599
2919801,291980,Macaúbas - BA,41859
2919900,291990,Macururé - BA,7256
2919926,291992,Madre de Deus - BA,18504
2919959,291995,Maetinga - BA,6973
2920007,292000,Maiquinique - BA,8731
2920106,292010,Mairi - BA,17674
2920205,292020,Malhada - BA,15398
2920304,292030,Malhada de Pedras - BA,8670
2920403,292040,Manoel Vitorino - BA,13860
2920452,292045,Mansidão - BA,13919
2920502,292050,Maracás - BA,27620
2920601,292060,Maragogipe - BA,35859
2920700,292070,Maraú - BA,24527
2920809,292080,Marcionílio Souza - BA,9267
2920908,292090,Mascote - BA,13544
2921005,292100,Mata de São João - BA,42566
2921054,292105,Matina - BA,10330
2921104,292110,Medeiros Neto - BA,22194
2921203,292120,Miguel Calmon - BA,24661
2921302,292130,Milagres - BA,11071
2921401,292140,Mirangaba - BA,15734
2921450,292145,Mirante - BA,10187
2921500,292150,Monte Santo - BA,47780
2921609,292160,Morpará - BA,7996
2921708,292170,Morro do Chapéu - BA,33594
2921807,292180,Mortugaba - BA,11143
2921906,292190,Mucugê - BA,12137
2922003,292200,Mucuri - BA,37977
2922052,292205,Mulungu do Morro - BA,13152
2922102,292210,Mundo Novo - BA,17305
2922201,292220,Muniz Ferreira - BA,7190
2922250,292225,Muquém do São Francisco - BA,10443
2922300,292230,Muritiba - BA,28707
2922409,292240,Mutuípe - BA,20037
2922508,292250,Nazaré - BA,27060
2922607,292260,Nilo Peçanha - BA,12063
2922656,292265,Nordestina - BA,18523
2922706,292270,Nova Canaã - BA,13715
2922730,292273,Nova Fátima - BA,7967
2922755,292275,Nova Ibiá - BA,6501
2922805,292280,Nova Itarana - BA,7780
2922854,292285,Nova Redenção - BA,7538
2922904,292290,Nova Soure - BA,24236
2923001,292300,Nova Viçosa - BA,39509
2923035,292303,Novo Horizonte - BA,11162
2923050,292305,Novo Triunfo - BA,10660
2923100,292310,Olindina - BA,22633
2923209,292320,Oliveira dos Brejinhos - BA,20715
2923308,292330,Ouriçangas - BA,7716
2923357,292335,Ourolândia - BA,19243
2923407,292340,Palmas de Monte Alto - BA,20078
2923506,292350,Palmeiras - BA,10339
2923605,292360,Paramirim - BA,20351
2923704,292370,Paratinga - BA,29252
2923803,292380,Paripiranga - BA,26604
2923902,292390,Pau Brasil - BA,9370
2924009,292400,Paulo Afonso - BA,112870
2924058,292405,Pé de Serra - BA,13243
2924108,292410,Pedrão - BA,6235
2924207,292420,Pedro Alexandre - BA,13954
2924306,292430,Piatã - BA,20086
2924405,292440,Pilão Arcado - BA,35357
2924504,292450,Pindaí - BA,14731
2924603,292460,Pindobaçu - BA,19083
2924652,292465,Pintadas - BA,10325
2924678,292467,Piraí do Norte - BA,10974
2924702,292470,Piripá - BA,9152
2924801,292480,Piritiba - BA,17566
2924900,292490,Planaltino - BA,8022
2925006,292500,Planalto - BA,23334
2925105,292510,Poções - BA,48293
2925204,292520,Pojuca - BA,32136
2925253,292525,Ponto Novo - BA,17938
2925303,292530,Porto Seguro - BA,168326
2925402,292540,Potiraguá - BA,10274
2925501,292550,Prado - BA,35003
2925600,292560,Presidente Dutra - BA,15130
2925709,292570,Presidente Jânio Quadros - BA,12621
2925758,292575,Presidente Tancredo Neves - BA,27734
2925808,292580,Queimadas - BA,25988
2925907,292590,Quijingue - BA,25272
2925931,292593,Quixabeira - BA,9461
2925956,292595,Rafael Jambeiro - BA,19662
2926004,292600,Remanso - BA,40586
2926103,292610,Retirolândia - BA,13651
2926202,292620,Riachão das Neves - BA,21642
2926301,292630,Riachão do Jacuípe - BA,33386
2926400,292640,Riacho de Santana - BA,30711
2926509,292650,Ribeira do Amparo - BA,13841
2926608,292660,Ribeira do Pombal - BA,54010
2926657,292665,Ribeirão do Largo - BA,9740
2926707,292670,Rio de Contas - BA,13184
2926806,292680,Rio do Antônio - BA,13146
2926905,292690,Rio do Pires - BA,10497
2927002,292700,Rio Real - BA,35362
2927101,292710,Rodelas - BA,10308
2927200,292720,Ruy Barbosa - BA,28282
2927309,292730,Salinas da Margarida - BA,14987
2927408,292740,Salvador - BA,2417678
2927507,292750,Santa Bárbara - BA,20952
2927606,292760,Santa Brígida - BA,14965
2927705,292770,Santa Cruz Cabrália - BA,29185
2927804,292780,Santa Cruz da Vitória - BA,4681
2927903,292790,Santa Inês - BA,10300
2928000,292800,Santaluz - BA,37834
2928059,292805,Santa Luzia - BA,13896
2928109,292810,Santa Maria da Vitória - BA,38604
2928208,292820,Santana - BA,24755
2928307,292830,Santanópolis - BA,8716
2928406,292840,Santa Rita de Cássia - BA,27390
2928505,292850,Santa Terezinha - BA,10441
2928604,292860,Santo Amaro - BA,56012
2928703,292870,Santo Antônio de Jesus - BA,103055
2928802,292880,Santo Estêvão - BA,52276
2928901,292890,São Desidério - BA,32828
2928950,292895,São Domingos - BA,8426
2929008,292900,São Félix - BA,11026
2929057,292905,São Félix do Coribe - BA,15194
2929107,292910,São Felipe - BA,20283
2929206,292920,São Francisco do Conde - BA,38733
2929255,292925,São Gabriel - BA,18600
2929305,292930,São Gonçalo dos Campos - BA,39513
2929354,292935,São José da Vitória - BA,5315
2929370,292937,São José do Jacuípe - BA,10187
2929404,292940,São Miguel das Matas - BA,10334
2929503,292950,São Sebastião do Passé - BA,40958
2929602,292960,Sapeaçu - BA,17963
2929701,292970,Sátiro Dias - BA,16008
2929750,292975,Saubara - BA,11438
2929800,292980,Saúde - BA,10478
2929909,292990,Seabra - BA,46160
2930006,293000,Sebastião Laranjeiras - BA,9360
2930105,293010,Senhor do Bonfim - BA,74523
2930154,293015,Serra do Ramalho - BA,34222
2930204,293020,Sento Sé - BA,38154
2930303,293030,Serra Dourada - BA,17066
2930402,293040,Serra Preta - BA,17996
2930501,293050,Serrinha - BA,80435
2930600,293060,Serrolândia - BA,13335
2930709,293070,Simões Filho - BA,114559
2930758,293075,Sítio do Mato - BA,13408
2930766,293076,Sítio do Quinto - BA,14773
2930774,293077,Sobradinho - BA,25475
2930808,293080,Souto Soares - BA,17054
2930907,293090,Tabocas do Brejo Velho - BA,11979
2931004,293100,Tanhaçu - BA,21006
2931053,293105,Tanque Novo - BA,17158
2931103,293110,Tanquinho - BA,7717
2931202,293120,Taperoá - BA,18044
2931301,293130,Tapiramutá - BA,15818
2931350,293135,Teixeira de Freitas - BA,145216
2931400,293140,Teodoro Sampaio - BA,7110
2931509,293150,Teofilândia - BA,21176
2931608,293160,Teolândia - BA,15332
2931707,293170,Terra Nova - BA,10798
2931806,293180,Tremedal - BA,16296
2931905,293190,Tucano - BA,48736
2932002,293200,Uauá - BA,24665
2932101,293210,Ubaíra - BA,18626
2932200,293220,Ubaitaba - BA,17596
2932309,293230,Ubatã - BA,16094
2932408,293240,Uibaí - BA,13432
2932457,293245,Umburanas - BA,13642
2932507,293250,Una - BA,18131
2932606,293260,Urandi - BA,15355
2932705,293270,Uruçuca - BA,21420
2932804,293280,Utinga - BA,16277
2932903,293290,Valença - BA,85655
2933000,293300,Valente - BA,24362
2933059,293305,Várzea da Roça - BA,13800
2933109,293310,Várzea do Poço - BA,8101
2933158,293315,Várzea Nova - BA,13377
2933174,293317,Varzedo - BA,9913
2933208,293320,Vera Cruz - BA,42529
2933257,293325,Vereda - BA,6003
2933307,293330,Vitória da Conquista - BA,370879
2933406,293340,Wagner - BA,9503
2933455,293345,Wanderley - BA,12968
2933505,293350,Wenceslau Guimarães - BA,24474
2933604,293360,Xique-Xique - BA,44757
3100104,310010,Abadia dos Dourados - MG,6272
3100203,310020,Abaeté - MG,22675
3100302,310030,Abre Campo - MG,13927
3100401,310040,Acaiaca - MG,3909
3100500,310050,Açucena - MG,8943
3100609,310060,Água Boa - MG,12589
3100708,310070,Água Comprida - MG,2108
3100807,310080,Aguanil - MG,4357
3100906,310090,Águas Formosas - MG,18448
3101003,310100,Águas Vermelhas - MG,14037
3101102,310110,Aimorés - MG,25269
3101201,310120,Aiuruoca - MG,6233
3101300,310130,Alagoa - MG,2749
3101409,310140,Albertina - MG,2952
3101508,310150,Além Paraíba - MG,30717
3101607,310160,Alfenas - MG,78970
3101631,310163,Alfredo Vasconcelos - MG,6931
3101706,310170,Almenara - MG,40364
3101805,310180,Alpercata - MG,6903
3101904,310190,Alpinópolis - MG,18300
3102001,310200,Alterosa - MG,13915
3102050,310205,Alto Caparaó - MG,5795
3102100,310210,Alto Rio Doce - MG,10891
3102209,310220,Alvarenga - MG,3975
3102308,310230,Alvinópolis - MG,15059
3102407,310240,Alvorada de Minas - MG,4159
3102506,310250,Amparo do Serra - MG,4541
3102605,310260,Andradas - MG,40553
3102704,310270,Cachoeira de Pajeú - MG,9110
3102803,310280,Andrelândia - MG,11927
3102852,310285,Angelândia - MG,7718
3102902,310290,Antônio Carlos - MG,11095
3103009,310300,Antônio Dias - MG,9219
3103108,310310,Antônio Prado de Minas - MG,1538
3103207,310320,Araçaí - MG,2181
3103306,310330,Aracitaba - MG,2049
3103405,310340,Araçuaí - MG,34297
3103504,310350,Araguari - MG,117808
3103603,310360,Arantina - MG,2915
3103702,310370,Araponga - MG,8048
3103751,310375,Araporã - MG,8479
3103801,310380,Arapuá - MG,2631
3103900,310390,Araújos - MG,9199
3104007,310400,Araxá - MG,111691
3104106,310410,Arceburgo - MG,9177
3104205,310420,Arcos - MG,41416
3104304,310430,Areado - MG,13881
3104403,310440,Argirita - MG,2688
3104452,310445,Aricanduva - MG,4719
3104502,310450,Arinos - MG,17272
3104601,310460,Astolfo Dutra - MG,14138
3104700,310470,Ataléia - MG,13736
3104809,310480,Augusto de Lima - MG,4538
3104908,310490,Baependi - MG,18366
3105004,310500,Baldim - MG,7492
3105103,310510,Bambuí - MG,23546
3105202,310520,Bandeira - MG,4741
3105301,310530,Bandeira do Sul - MG,5943
3105400,310540,Barão de Cocais - MG,30778
3105509,310550,Barão do Monte Alto - MG,4964
3105608,310560,Barbacena - MG,125317
3105707,310570,Barra Longa - MG,5666
3105905,310590,Barroso - MG,20080
3106002,310600,Bela Vista de Minas - MG,10167
3106101,310610,Belmiro Braga - MG,3244
3106200,310620,Belo Horizonte - MG,2315560
3106309,310630,Belo Oriente - MG,23928
3106408,310640,Belo Vale - MG,8627
3106507,310650,Berilo - MG,9826
3106606,310660,Bertópolis - MG,4451
3106655,310665,Berizal - MG,4201
3106705,310670,Betim - MG,411846
3106804,310680,Bias Fortes - MG,3361
3106903,310690,Bicas - MG,13978
3107000,310700,Biquinhas - MG,2383
3107109,310710,Boa Esperança - MG,39848
3107208,310720,Bocaina de Minas - MG,5348
3107307,310730,Bocaiúva - MG,48032
3107406,310740,Bom Despacho - MG,51737
3107505,310750,Bom Jardim de Minas - MG,6783
3107604,310760,Bom Jesus da Penha - MG,4474
3107703,310770,Bom Jesus do Amparo - MG,5631
3107802,310780,Bom Jesus do Galho - MG,14536
3107901,310790,Bom Repouso - MG,12649
3108008,310800,Bom Sucesso - MG,17151
3108107,310810,Bonfim - MG,7434
3108206,310820,Bonfinópolis de Minas - MG,5528
3108255,310825,Bonito de Minas - MG,10204
3108305,310830,Borda da Mata - MG,17404
3108404,310840,Botelhos - MG,14828
3108503,310850,Botumirim - MG,5790
3108552,310855,Brasilândia de Minas - MG,15020
3108602,310860,Brasília de Minas - MG,32025
3108701,310870,Brás Pires - MG,4260
3108800,310880,Braúnas - MG,4441
3108909,310890,Brazópolis - MG,14246
3109006,310900,Brumadinho - MG,38915
3109105,310910,Bueno Brandão - MG,10911
3109204,310920,Buenópolis - MG,9150
3109253,310925,Bugre - MG,4041
3109303,310930,Buritis - MG,24030
3109402,310940,Buritizeiro - MG,23910
3109451,310945,Cabeceira Grande - MG,6627
3109501,310950,Cabo Verde - MG,11410
3109600,310960,Cachoeira da Prata - MG,3693
3109709,310970,Cachoeira de Minas - MG,11883
3109808,310980,Cachoeira Dourada - MG,2315
3109907,310990,Caetanópolis - MG,11435
3110004,311000,Caeté - MG,38776
3110103,311010,Caiana - MG,5304
3110202,311020,Cajuri - MG,4088
3110301,311030,Caldas - MG,14217
3110400,311040,Camacho - MG,2838
3110509,311050,Camanducaia - MG,26097
3110608,311060,Cambuí - MG,29536
3110707,311070,Cambuquira - MG,12313
3110806,311080,Campanário - MG,2923
3110905,311090,Campanha - MG,15935
3111002,311100,Campestre - MG,20696
3111101,311110,Campina Verde - MG,18011
3111150,311115,Campo Azul - MG,3714
3111200,311120,Campo Belo - MG,52277
3111309,311130,Campo do Meio - MG,11377
3111408,311140,Campo Florido - MG,8466
3111507,311150,Campos Altos - MG,12979
3111606,311160,Campos Gerais - MG,26105
3111705,311170,Canaã - MG,4715
3111804,311180,Canápolis - MG,10608
3111903,311190,Cana Verde - MG,5272
3112000,311200,Candeias - MG,14001
3112059,311205,Cantagalo - MG,3974
3112109,311210,Caparaó - MG,5048
3112208,311220,Capela Nova - MG,4362
3112307,311230,Capelinha - MG,39626
3112406,311240,Capetinga - MG,6562
3112505,311250,Capim Branco - MG,10663
3112604,311260,Capinópolis - MG,14655
3112653,311265,Capitão Andrade - MG,4585
3112703,311270,Capitão Enéas - MG,14108
3112802,311280,Capitólio - MG,10380
3112901,311290,Caputira - MG,8936
3113008,311300,Caraí - MG,19548
3113107,311310,Caranaíba - MG,2933
3113206,311320,Carandaí - MG,23812
3113305,311330,Carangola - MG,31240
3113404,311340,Caratinga - MG,87360
3113503,311350,Carbonita - MG,8512
3113602,311360,Careaçu - MG,6816
3113701,311370,Carlos Chagas - MG,18615
3113800,311380,Carmésia - MG,2605
3113909,311390,Carmo da Cachoeira - MG,11547
3114006,311400,Carmo da Mata - MG,11019
3114105,311410,Carmo de Minas - MG,13797
3114204,311420,Carmo do Cajuru - MG,23479
3114303,311430,Carmo do Paranaíba - MG,29011
3114402,311440,Carmo do Rio Claro - MG,20954
3114501,311450,Carmópolis de Minas - MG,18003
3114550,311455,Carneirinho - MG,9422
3114600,311460,Carrancas - MG,4049
3114709,311470,Carvalhópolis - MG,3341
3114808,311480,Carvalhos - MG,4422
3114907,311490,Casa Grande - MG,2214
3115003,311500,Cascalho Rico - MG,2712
3115102,311510,Cássia - MG,17155
3115201,311520,Conceição da Barra de Minas - MG,3560
3115300,311530,Cataguases - MG,66261
3115359,311535,Catas Altas - MG,5473
3115409,311540,Catas Altas da Noruega - MG,3110
3115458,311545,Catuji - MG,7030
3115474,311547,Catuti - MG,4739
3115508,311550,Caxambu - MG,21056
3115607,311560,Cedro do Abaeté - MG,1081
3115706,311570,Central de Minas - MG,6171
3115805,311580,Centralina - MG,10207
3115904,311590,Chácara - MG,3075
3116001,311600,Chalé - MG,6075
3116100,311610,Chapada do Norte - MG,10337
3116159,311615,Chapada Gaúcha - MG,12355
3116209,311620,Chiador - MG,2800
3116308,311630,Cipotânea - MG,5581
3116407,311640,Claraval - MG,4658
3116506,311650,Claro dos Poções - MG,7166
3116605,311660,Cláudio - MG,30159
3116704,311670,Coimbra - MG,7117
3116803,311680,Coluna - MG,8163
3116902,311690,Comendador Gomes - MG,2773
3117009,311700,Comercinho - MG,6660
3117108,311710,Conceição da Aparecida - MG,10371
3117207,311720,Conceição das Pedras - MG,2772
3117306,311730,Conceição das Alagoas - MG,28381
3117405,311740,Conceição de Ipanema - MG,4409
3117504,311750,Conceição do Mato Dentro - MG,23163
3117603,311760,Conceição do Pará - MG,5415
3117702,311770,Conceição do Rio Verde - MG,12541
3117801,311780,Conceição dos Ouros - MG,10880
3117836,311783,Cônego Marinho - MG,7237
3117876,311787,Confins - MG,7350
3117900,311790,Congonhal - MG,11083
3118007,311800,Congonhas - MG,52890
3118106,311810,Congonhas do Norte - MG,4831
3118205,311820,Conquista - MG,6694
3118304,311830,Conselheiro Lafaiete - MG,131621
3118403,311840,Conselheiro Pena - MG,20824
3118502,311850,Consolação - MG,1563
3118601,311860,Contagem - MG,621863
3118700,311870,Coqueiral - MG,9023
3118809,311880,Coração de Jesus - MG,25377
3118908,311890,Cordisburgo - MG,7547
3119005,311900,Cordislândia - MG,3200
3119104,311910,Corinto - MG,23532
3119203,311920,Coroaci - MG,10884
3119302,311930,Coromandel - MG,28894
3119401,311940,Coronel Fabriciano - MG,104736
3119500,311950,Coronel Murta - MG,8200
3119609,311960,Coronel Pacheco - MG,2762
3119708,311970,Coronel Xavier Chaves - MG,3486
3119807,311980,Córrego Danta - MG,2960
3119906,311990,Córrego do Bom Jesus - MG,4272
3119955,311995,Córrego Fundo - MG,6133
3120003,312000,Córrego Novo - MG,2875
3120102,312010,Couto de Magalhães de Minas - MG,4245
3120151,312015,Crisólita - MG,5265
3120201,312020,Cristais - MG,12197
3120300,312030,Cristália - MG,5121
3120409,312040,Cristiano Otoni - MG,4667
3120508,312050,Cristina - MG,10374
3120607,312060,Crucilândia - MG,5434
3120706,312070,Cruzeiro da Fortaleza - MG,3521
3120805,312080,Cruzília - MG,15362
3120839,312083,Cuparaque - MG,3983
3120870,312087,Curral de Dentro - MG,7406
3120904,312090,Curvelo - MG,80665
3121001,312100,Datas - MG,5465
3121100,312110,Delfim Moreira - MG,7952
3121209,312120,Delfinópolis - MG,8393
3121258,312125,Delta - MG,10494
3121308,312130,Descoberto - MG,4928
3121407,312140,Desterro de Entre Rios - MG,7653
3121506,312150,Desterro do Melo - MG,2994
3121605,312160,Diamantina - MG,47702
3121704,312170,Diogo de Vasconcelos - MG,3549
3121803,312180,Dionísio - MG,6847
3121902,312190,Divinésia - MG,4226
3122009,312200,Divino - MG,20706
3122108,312210,Divino das Laranjeiras - MG,4178
3122207,312220,Divinolândia de Minas - MG,6516
3122306,312230,Divinópolis - MG,231091
3122355,312235,Divisa Alegre - MG,6321
3122405,312240,Divisa Nova - MG,5851
3122454,312245,Divisópolis - MG,10213
3122470,312247,Dom Bosco - MG,3697
3122504,312250,Dom Cavati - MG,4904
3122603,312260,Dom Joaquim - MG,4899
3122702,312270,Dom Silvério - MG,5228
3122801,312280,Dom Viçoso - MG,3095
3122900,312290,Dona Euzébia - MG,6093
3123007,312300,Dores de Campos - MG,10007
3123106,312310,Dores de Guanhães - MG,5029
3123205,312320,Dores do Indaiá - MG,12630
3123304,312330,Dores do Turvo - MG,4987
3123403,312340,Doresópolis - MG,1461
3123502,312350,Douradoquara - MG,1829
3123528,312352,Durandé - MG,7817
3123601,312360,Elói Mendes - MG,26336
3123700,312370,Engenheiro Caldas - MG,13622
3123809,312380,Engenheiro Navarro - MG,6354
3123858,312385,Entre Folhas - MG,5179
3123908,312390,Entre Rios de Minas - MG,14746
3124005,312400,Ervália - MG,20255
3124104,312410,Esmeraldas - MG,85598
3124203,312420,Espera Feliz - MG,24102
3124302,312430,Espinosa - MG,30443
3124401,312440,Espírito Santo do Dourado - MG,6611
3124500,312450,Estiva - MG,11502
3124609,312460,Estrela Dalva - MG,2186
3124708,312470,Estrela do Indaiá - MG,2772
3124807,312480,Estrela do Sul - MG,6840
3124906,312490,Eugenópolis - MG,10801
3125002,312500,Ewbank da Câmara - MG,3875
3125101,312510,Extrema - MG,53482
3125200,312520,Fama - MG,2578
3125309,312530,Faria Lemos - MG,3188
3125408,312540,Felício dos Santos - MG,5133
3125507,312550,São Gonçalo do Rio Preto - MG,3032
3125606,312560,Felisburgo - MG,6489
3125705,312570,Felixlândia - MG,13978
3125804,312580,Fernandes Tourinho - MG,2789
3125903,312590,Ferros - MG,9590
3125952,312595,Fervedouro - MG,10445
3126000,312600,Florestal - MG,8045
3126109,312610,Formiga - MG,68248
3126208,312620,Formoso - MG,7949
3126307,312630,Fortaleza de Minas - MG,3477
3126406,312640,Fortuna de Minas - MG,3093
3126505,312650,Francisco Badaró - MG,7366
3126604,312660,Francisco Dumont - MG,4503
3126703,312670,Francisco Sá - MG,23476
3126752,312675,Franciscópolis - MG,5034
3126802,312680,Frei Gaspar - MG,5640
3126901,312690,Frei Inocêncio - MG,8226
3126950,312695,Frei Lagonegro - MG,3391
3127008,312700,Fronteira - MG,14540
3127057,312705,Fronteira dos Vales - MG,4345
3127073,312707,Fruta de Leite - MG,4647
3127107,312710,Frutal - MG,58588
3127206,312720,Funilândia - MG,4686
3127305,312730,Galiléia - MG,6222
3127339,312733,Gameleiras - MG,4793
3127354,312735,Glaucilândia - MG,2928
3127370,312737,Goiabeira - MG,2830
3127388,312738,Goianá - MG,4053
3127404,312740,Gonçalves - MG,4727
3127503,312750,Gonzaga - MG,5230
3127602,312760,Gouveia - MG,11331
3127701,312770,Governador Valadares - MG,257171
3127800,312780,Grão Mogol - MG,13901
3127909,312790,Grupiara - MG,1392
3128006,312800,Guanhães - MG,32244
3128105,312810,Guapé - MG,13772
3128204,312820,Guaraciaba - MG,9753
3128253,312825,Guaraciama - MG,5051
3128303,312830,Guaranésia - MG,19150
3128402,312840,Guarani - MG,7714
3128501,312850,Guarará - MG,3149
3128600,312860,Guarda-Mor - MG,6539
3128709,312870,Guaxupé - MG,50911
3128808,312880,Guidoval - MG,7131
3128907,312890,Guimarânia - MG,8478
3129004,312900,Guiricema - MG,7778
3129103,312910,Gurinhatã - MG,5192
3129202,312920,Heliodora - MG,6134
3129301,312930,Iapu - MG,12030
3129400,312940,Ibertioga - MG,5198
3129509,312950,Ibiá - MG,22229
3129608,312960,Ibiaí - MG,6286
3129657,312965,Ibiracatu - MG,5081
3129707,312970,Ibiraci - MG,10948
3129806,312980,Ibirité - MG,170537
3129905,312990,Ibitiúra de Minas - MG,3365
3130002,313000,Ibituruna - MG,2698
3130051,313005,Icaraí de Minas - MG,10677
3130101,313010,Igarapé - MG,45847
3130200,313020,Igaratinga - MG,10830
3130309,313030,Iguatama - MG,6826
3130408,313040,Ijaci - MG,7003
3130507,313050,Ilicínea - MG,12741
3130556,313055,Imbé de Minas - MG,6986
3130606,313060,Inconfidentes - MG,7301
3130655,313065,Indaiabira - MG,6346
3130705,313070,Indianópolis - MG,6171
3130804,313080,Ingaí - MG,2580
3130903,313090,Inhapim - MG,22692
3131000,313100,Inhaúma - MG,6239
3131109,313110,Inimutaba - MG,7371
3131158,313115,Ipaba - MG,17136
3131208,313120,Ipanema - MG,19522
3131307,313130,Ipatinga - MG,227731
3131406,313140,Ipiaçu - MG,3775
3131505,313150,Ipuiúna - MG,9135
3131604,313160,Iraí de Minas - MG,7180
3131703,313170,Itabira - MG,113343
3131802,313180,Itabirinha - MG,10362
3131901,313190,Itabirito - MG,53365
3132008,313200,Itacambira - MG,4252
3132107,313210,Itacarambi - MG,17208
3132206,313220,Itaguara - MG,13846
3132305,313230,Itaipé - MG,10463
3132404,313240,Itajubá - MG,93073
3132503,313250,Itamarandiba - MG,32948
3132602,313260,Itamarati de Minas - MG,3690
3132701,313270,Itambacuri - MG,21042
3132800,313280,Itambé do Mato Dentro - MG,2142
3132909,313290,Itamogi - MG,10770
3133006,313300,Itamonte - MG,14786
3133105,313310,Itanhandu - MG,15236
3133204,313320,Itanhomi - MG,11128
3133303,313330,Itaobim - MG,19151
3133402,313340,Itapagipe - MG,13690
3133501,313350,Itapecerica - MG,21046
3133600,313360,Itapeva - MG,12692
3133709,313370,Itatiaiuçu - MG,12966
3133758,313375,Itaú de Minas - MG,14406
3133808,313380,Itaúna - MG,97669
3133907,313390,Itaverava - MG,5642
3134004,313400,Itinga - MG,13745
3134103,313410,Itueta - MG,6055
3134202,313420,Ituiutaba - MG,102217
3134301,313430,Itumirim - MG,6638
3134400,313440,Iturama - MG,38295
3134509,313450,Itutinga - MG,4217
3134608,313460,Jaboticatubas - MG,20406
3134707,313470,Jacinto - MG,11042
3134806,313480,Jacuí - MG,7495
3134905,313490,Jacutinga - MG,25525
3135001,313500,Jaguaraçu - MG,3092
3135050,313505,Jaíba - MG,37660
3135076,313507,Jampruca - MG,4296
3135100,313510,Janaúba - MG,70699
3135209,313520,Januária - MG,65150
3135308,313530,Japaraíba - MG,4506
3135357,313535,Japonvar - MG,8127
3135407,313540,Jeceaba - MG,6197
3135456,313545,Jenipapo de Minas - MG,6100
3135506,313550,Jequeri - MG,12419
3135605,313560,Jequitaí - MG,6484
3135704,313570,Jequitibá - MG,5883
3135803,313580,Jequitinhonha - MG,24007
3135902,313590,Jesuânia - MG,5138
3136009,313600,Joaíma - MG,13888
3136108,313610,Joanésia - MG,4329
3136207,313620,João Monlevade - MG,80187
3136306,313630,João Pinheiro - MG,46801
3136405,313640,Joaquim Felício - MG,3854
3136504,313650,Jordânia - MG,10304
3136520,313652,José Gonçalves de Minas - MG,3969
3136553,313655,José Raydan - MG,4268
3136579,313657,Josenópolis - MG,3630
3136603,313660,Nova União - MG,5909
3136652,313665,Juatuba - MG,30716
3136702,313670,Juiz de Fora - MG,540756
3136801,313680,Juramento - MG,3768
3136900,313690,Juruaia - MG,11084
3136959,313695,Juvenília - MG,5789
3137007,313700,Ladainha - MG,14383
3137106,313710,Lagamar - MG,6631
3137205,313720,Lagoa da Prata - MG,51412
3137304,313730,Lagoa dos Patos - MG,3313
3137403,313740,Lagoa Dourada - MG,12769
3137502,313750,Lagoa Formosa - MG,18904
3137536,313753,Lagoa Grande - MG,8969
3137601,313760,Lagoa Santa - MG,75145
3137700,313770,Lajinha - MG,20835
3137809,313780,Lambari - MG,20414
3137908,313790,Lamim - MG,3184
3138005,313800,Laranjal - MG,5963
3138104,313810,Lassance - MG,7124
3138203,313820,Lavras - MG,104761
3138302,313830,Leandro Ferreira - MG,3199
3138351,313835,Leme do Prado - MG,4341
3138401,313840,Leopoldina - MG,51145
3138500,313850,Liberdade - MG,4737
3138609,313860,Lima Duarte - MG,17221
3138625,313862,Limeira do Oeste - MG,8687
3138658,313865,Lontra - MG,8790
3138674,313867,Luisburgo - MG,6956
3138682,313868,Luislândia - MG,6210
3138708,313870,Luminárias - MG,5586
3138807,313880,Luz - MG,17875
3138906,313890,Machacalis - MG,6487
3139003,313900,Machado - MG,37684
3139102,313910,Madre de Deus de Minas - MG,5191
3139201,313920,Malacacheta - MG,17516
3139250,313925,Mamonas - MG,5997
3139300,313930,Manga - MG,18886
3139409,313940,Manhuaçu - MG,91886
3139508,313950,Manhumirim - MG,20613
3139607,313960,Mantena - MG,26535
3139706,313970,Maravilhas - MG,7333
3139805,313980,Mar de Espanha - MG,12721
3139904,313990,Maria da Fé - MG,14247
3140001,314000,Mariana - MG,61387
3140100,314010,Marilac - MG,4224
3140159,314015,Mário Campos - MG,15900
3140209,314020,Maripá de Minas - MG,3387
3140308,314030,Marliéria - MG,4592
3140407,314040,Marmelópolis - MG,3200
3140506,314050,Martinho Campos - MG,14003
3140530,314053,Martins Soares - MG,8396
3140555,314055,Mata Verde - MG,9112
3140605,314060,Materlândia - MG,3963
3140704,314070,Mateus Leme - MG,37841
3140803,314080,Matias Barbosa - MG,14121
3140852,314085,Matias Cardoso - MG,8895
3140902,314090,Matipó - MG,18552
3141009,314100,Mato Verde - MG,12038
3141108,314110,Matozinhos - MG,37618
3141207,314120,Matutina - MG,3814
3141306,314130,Medeiros - MG,3900
3141405,314140,Medina - MG,20156
3141504,314150,Mendes Pimentel - MG,5606
3141603,314160,Mercês - MG,10373
3141702,314170,Mesquita - MG,5040
3141801,314180,Minas Novas - MG,24405
3141900,314190,Minduri - MG,3741
3142007,314200,Mirabela - MG,13651
3142106,314210,Miradouro - MG,8968
3142205,314220,Miraí - MG,13633
3142254,314225,Miravânia - MG,3985
3142304,314230,Moeda - MG,5125
3142403,314240,Moema - MG,7548
3142502,314250,Monjolos - MG,2169
3142601,314260,Monsenhor Paulo - MG,8340
3142700,314270,Montalvânia - MG,14060
3142809,314280,Monte Alegre de Minas - MG,20170
3142908,314290,Monte Azul - MG,20328
3143005,314300,Monte Belo - MG,13046
3143104,314310,Monte Carmelo - MG,47692
3143153,314315,Monte Formoso - MG,4381
3143203,314320,Monte Santo de Minas - MG,20890
3143302,314330,Montes Claros - MG,414240
3143401,314340,Monte Sião - MG,24089
3143450,314345,Montezuma - MG,6888
3143500,314350,Morada Nova de Minas - MG,9067
3143609,314360,Morro da Garça - MG,2411
3143708,314370,Morro do Pilar - MG,3133
3143807,314380,Munhoz - MG,7451
3143906,314390,Muriaé - MG,104108
3144003,314400,Mutum - MG,27635
3144102,314410,Muzambinho - MG,21891
3144201,314420,Nacip Raydan - MG,2459
3144300,314430,Nanuque - MG,35038
3144359,314435,Naque - MG,6303
3144375,314437,Natalândia - MG,3520
3144409,314440,Natércia - MG,4691
3144508,314450,Nazareno - MG,8179
3144607,314460,Nepomuceno - MG,25018
3144656,314465,Ninheira - MG,10588
3144672,314467,Nova Belém - MG,3151
3144706,314470,Nova Era - MG,17438
3144805,314480,Nova Lima - MG,111697
3144904,314490,Nova Módica - MG,3663
3145000,314500,Nova Ponte - MG,14598
3145059,314505,Nova Porteirinha - MG,6706
3145109,314510,Nova Resende - MG,16387
3145208,314520,Nova Serrana - MG,105552
3145307,314530,Novo Cruzeiro - MG,26975
3145356,314535,Novo Oriente de Minas - MG,10275
3145372,314537,Novorizonte - MG,4571
3145406,314540,Olaria - MG,1945
3145455,314545,Olhos-d'Água - MG,5385
3145505,314550,Olímpio Noronha - MG,2555
3145604,314560,Oliveira - MG,39262
3145703,314570,Oliveira Fortes - MG,2027
3145802,314580,Onça de Pitangui - MG,2969
3145851,314585,Oratórios - MG,4917
3145877,314587,Orizânia - MG,8437
3145901,314590,Ouro Branco - MG,38724
3146008,314600,Ouro Fino - MG,32094
3146107,314610,Ouro Preto - MG,74821
3146206,314620,Ouro Verde de Minas - MG,5757
3146255,314625,Padre Carvalho - MG,5058
3146305,314630,Padre Paraíso - MG,17334
3146404,314640,Paineiras - MG,4224
3146503,314650,Pains - MG,8142
3146552,314655,Pai Pedro - MG,5551
3146602,314660,Paiva - MG,1474
3146701,314670,Palma - MG,5707
3146750,314675,Palmópolis - MG,6301
3146909,314690,Papagaios - MG,13920
3147006,314700,Paracatu - MG,94023
3147105,314710,Pará de Minas - MG,97139
3147204,314720,Paraguaçu - MG,21723
3147303,314730,Paraisópolis - MG,20445
3147402,314740,Paraopeba - MG,24107
3147501,314750,Passabém - MG,1600
3147600,314760,Passa Quatro - MG,15515
3147709,314770,Passa Tempo - MG,8473
3147808,314780,Passa Vinte - MG,2233
3147907,314790,Passos - MG,111939
3147956,314795,Patis - MG,4837
3148004,314800,Patos de Minas - MG,159235
3148103,314810,Patrocínio - MG,89826
3148202,314820,Patrocínio do Muriaé - MG,5576
3148301,314830,Paula Cândido - MG,8659
3148400,314840,Paulistas - MG,4389
3148509,314850,Pavão - MG,8047
3148608,314860,Peçanha - MG,17446
3148707,314870,Pedra Azul - MG,24410
3148756,314875,Pedra Bonita - MG,7320
3148806,314880,Pedra do Anta - MG,3311
3148905,314890,Pedra do Indaiá - MG,4112
3149002,314900,Pedra Dourada - MG,2757
3149101,314910,Pedralva - MG,10760
3149150,314915,Pedras de Maria da Cruz - MG,10433
3149200,314920,Pedrinópolis - MG,3344
3149309,314930,Pedro Leopoldo - MG,62580
3149408,314940,Pedro Teixeira - MG,1810
3149507,314950,Pequeri - MG,3351
3149606,314960,Pequi - MG,4155
3149705,314970,Perdigão - MG,12268
3149804,314980,Perdizes - MG,17151
3149903,314990,Perdões - MG,21384
3149952,314995,Periquito - MG,6553
3150000,315000,Pescador - MG,3570
3150109,315010,Piau - MG,2796
3150158,315015,Piedade de Caratinga - MG,8529
3150208,315020,Piedade de Ponte Nova - MG,3976
3150307,315030,Piedade do Rio Grande - MG,4604
3150406,315040,Piedade dos Gerais - MG,5019
3150505,315050,Pimenta - MG,8563
3150539,315053,Pingo-d'Água - MG,4706
3150570,315057,Pintópolis - MG,7084
3150604,315060,Piracema - MG,6700
3150703,315070,Pirajuba - MG,5537
3150802,315080,Piranga - MG,17018
3150901,315090,Piranguçu - MG,6041
3151008,315100,Piranguinho - MG,9120
3151107,315110,Pirapetinga - MG,11077
3151206,315120,Pirapora - MG,55606
3151305,315130,Piraúba - MG,11610
3151404,315140,Pitangui - MG,26685
3151503,315150,Piumhi - MG,36062
3151602,315160,Planura - MG,11145
3151701,315170,Poço Fundo - MG,16390
3151800,315180,Poços de Caldas - MG,163742
3151909,315190,Pocrane - MG,8350
3152006,315200,Pompéu - MG,31047
3152105,315210,Ponte Nova - MG,57776
3152131,315213,Ponto Chique - MG,3747
3152170,315217,Ponto dos Volantes - MG,10883
3152204,315220,Porteirinha - MG,37438
3152303,315230,Porto Firme - MG,10569
3152402,315240,Poté - MG,13666
3152501,315250,Pouso Alegre - MG,152217
3152600,315260,Pouso Alto - MG,6566
3152709,315270,Prados - MG,9048
3152808,315280,Prata - MG,28342
3152907,315290,Pratápolis - MG,8406
3153004,315300,Pratinha - MG,3559
3153103,315310,Presidente Bernardes - MG,4850
3153202,315320,Presidente Juscelino - MG,3465
3153301,315330,Presidente Kubitschek - MG,3071
3153400,315340,Presidente Olegário - MG,18765
3153509,315350,Alto Jequitibá - MG,8397
3153608,315360,Prudente de Morais - MG,11466
3153707,315370,Quartel Geral - MG,3179
3153806,315380,Queluzito - MG,1770
3153905,315390,Raposos - MG,16279
3154002,315400,Raul Soares - MG,23423
3154101,315410,Recreio - MG,11007
3154150,315415,Reduto - MG,7848
3154200,315420,Resende Costa - MG,11230
3154309,315430,Resplendor - MG,17226
3154408,315440,Ressaquinha - MG,4548
3154457,315445,Riachinho - MG,6863
3154507,315450,Riacho dos Machados - MG,8756
3154606,315460,Ribeirão das Neves - MG,329794
3154705,315470,Ribeirão Vermelho - MG,4080
3154804,315480,Rio Acima - MG,10261
3154903,315490,Rio Casca - MG,12789
3155009,315500,Rio Doce - MG,2484
3155108,315510,Rio do Prado - MG,4639
3155207,315520,Rio Espera - MG,5429
3155306,315530,Rio Manso - MG,5568
3155405,315540,Rio Novo - MG,8518
3155504,315550,Rio Paranaíba - MG,14532
3155603,315560,Rio Pardo de Minas - MG,28271
3155702,315570,Rio Piracicaba - MG,14631
3155801,315580,Rio Pomba - MG,17443
3155900,315590,Rio Preto - MG,5141
3156007,315600,Rio Vermelho - MG,12641
3156106,315610,Ritápolis - MG,4994
3156205,315620,Rochedo de Minas - MG,2291
3156304,315630,Rodeiro - MG,8664
3156403,315640,Romaria - MG,3386
3156452,315645,Rosário da Limeira - MG,4734
3156502,315650,Rubelita - MG,5679
3156601,315660,Rubim - MG,10298
3156700,315670,Sabará - MG,129380
3156809,315680,Sabinópolis - MG,14240
3156908,315690,Sacramento - MG,26670
3157005,315700,Salinas - MG,40178
3157104,315710,Salto da Divisa - MG,6110
3157203,315720,Santa Bárbara - MG,30466
3157252,315725,Santa Bárbara do Leste - MG,8458
3157278,315727,Santa Bárbara do Monte Verde - MG,3095
3157302,315730,Santa Bárbara do Tugúrio - MG,4208
3157336,315733,Santa Cruz de Minas - MG,8109
3157377,315737,Santa Cruz de Salinas - MG,3910
3157401,315740,Santa Cruz do Escalvado - MG,4673
3157500,315750,Santa Efigênia de Minas - MG,4039
3157609,315760,Santa Fé de Minas - MG,3522
3157658,315765,Santa Helena de Minas - MG,5938
3157708,315770,Santa Juliana - MG,15734
3157807,315780,Santa Luzia - MG,219132
3157906,315790,Santa Margarida - MG,16395
3158003,315800,Santa Maria de Itabira - MG,10485
3158102,315810,Santa Maria do Salto - MG,4755
3158201,315820,Santa Maria do Suaçuí - MG,12788
3158300,315830,Santana da Vargem - MG,6691
3158409,315840,Santana de Cataguases - MG,3489
3158508,315850,Santana de Pirapama - MG,7030
3158607,315860,Santana do Deserto - MG,3747
3158706,315870,Santana do Garambéu - MG,2137
3158805,315880,Santana do Jacaré - MG,4214
3158904,315890,Santana do Manhuaçu - MG,8987
3158953,315895,Santana do Paraíso - MG,44800
3159001,315900,Santana do Riacho - MG,5313
3159100,315910,Santana dos Montes - MG,3469
3159209,315920,Santa Rita de Caldas - MG,8460
3159308,315930,Santa Rita de Jacutinga - MG,4755
3159357,315935,Santa Rita de Minas - MG,6773
3159407,315940,Santa Rita de Ibitipoca - MG,3301
3159506,315950,Santa Rita do Itueto - MG,5826
3159605,315960,Santa Rita do Sapucaí - MG,40635
3159704,315970,Santa Rosa da Serra - MG,3382
3159803,315980,Santa Vitória - MG,20973
3159902,315990,Santo Antônio do Amparo - MG,17285
3160009,316000,Santo Antônio do Aventureiro - MG,3769
3160108,316010,Santo Antônio do Grama - MG,4229
3160207,316020,Santo Antônio do Itambé - MG,3915
3160306,316030,Santo Antônio do Jacinto - MG,10327
3160405,316040,Santo Antônio do Monte - MG,27295
3160454,316045,Santo Antônio do Retiro - MG,6629
3160504,316050,Santo Antônio do Rio Abaixo - MG,1808
3160603,316060,Santo Hipólito - MG,2717
3160702,316070,Santos Dumont - MG,42406
3160801,316080,São Bento Abade - MG,4713
3160900,316090,São Brás do Suaçuí - MG,3989
3160959,316095,São Domingos das Dores - MG,5626
3161007,316100,São Domingos do Prata - MG,17392
3161056,316105,São Félix de Minas - MG,3200
3161106,316110,São Francisco - MG,52762
3161205,316120,São Francisco de Paula - MG,6187
3161304,316130,São Francisco de Sales - MG,5732
3161403,316140,São Francisco do Glória - MG,4800
3161502,316150,São Geraldo - MG,10282
3161601,316160,São Geraldo da Piedade - MG,3305
3161650,316165,São Geraldo do Baixio - MG,3143
3161700,316170,São Gonçalo do Abaeté - MG,7375
3161809,316180,São Gonçalo do Pará - MG,11770
3161908,316190,São Gonçalo do Rio Abaixo - MG,11850
3162005,316200,São Gonçalo do Sapucaí - MG,23959
3162104,316210,São Gotardo - MG,40910
3162203,316220,São João Batista do Glória - MG,7652
3162252,316225,São João da Lagoa - MG,4822
3162302,316230,São João da Mata - MG,2914
3162401,316240,São João da Ponte - MG,23930
3162450,316245,São João das Missões - MG,13024
3162500,316250,São João del Rei - MG,90225
3162559,316255,São João do Manhuaçu - MG,11246
3162575,316257,São João do Manteninha - MG,5331
3162609,316260,São João do Oriente - MG,7070
3162658,316265,São João do Pacuí - MG,3972
3162708,316270,São João do Paraíso - MG,23910
3162807,316280,São João Evangelista - MG,15315
3162906,316290,São João Nepomuceno - MG,25565
3162922,316292,São Joaquim de Bicas - MG,34348
3162948,316294,São José da Barra - MG,7793
3162955,316295,São José da Lapa - MG,26090
3163003,316300,São José da Safira - MG,3806
3163102,316310,São José da Varginha - MG,4536
3163201,316320,São José do Alegre - MG,4133
3163300,316330,São José do Divino - MG,3464
3163409,316340,São José do Goiabal - MG,5396
3163508,316350,São José do Jacuri - MG,6197
3163607,316360,São José do Mantimento - MG,2753
3163706,316370,São Lourenço - MG,44798
3163805,316380,São Miguel do Anta - MG,6334
3163904,316390,São Pedro da União - MG,4885
3164001,316400,São Pedro dos Ferros - MG,7166
3164100,316410,São Pedro do Suaçuí - MG,5103
3164209,316420,São Romão - MG,10315
3164308,316430,São Roque de Minas - MG,7129
3164407,316440,São Sebastião da Bela Vista - MG,6387
3164431,316443,São Sebastião da Vargem Alegre - MG,3113
3164472,316447,São Sebastião do Anta - MG,6194
3164506,316450,São Sebastião do Maranhão - MG,10079
3164605,316460,São Sebastião do Oeste - MG,8815
3164704,316470,São Sebastião do Paraíso - MG,71796
3164803,316480,São Sebastião do Rio Preto - MG,1259
3164902,316490,São Sebastião do Rio Verde - MG,2300
3165008,316500,São Tiago - MG,11192
3165107,316510,São Tomás de Aquino - MG,6740
3165206,316520,São Tomé das Letras - MG,6904
3165305,316530,São Vicente de Minas - MG,6804
3165404,316540,Sapucaí-Mirim - MG,6311
3165503,316550,Sardoá - MG,5104
3165537,316553,Sarzedo - MG,36844
3165552,316555,Setubinha - MG,9917
3165560,316556,Sem-Peixe - MG,2433
3165578,316557,Senador Amaral - MG,6206
3165602,316560,Senador Cortes - MG,2240
3165701,316570,Senador Firmino - MG,7716
3165800,316580,Senador José Bento - MG,2068
3165909,316590,Senador Modestino Gonçalves - MG,4008
3166006,316600,Senhora de Oliveira - MG,5483
3166105,316610,Senhora do Porto - MG,3067
3166204,316620,Senhora dos Remédios - MG,10384
3166303,316630,Sericita - MG,7345
3166402,316640,Seritinga - MG,1819
3166501,316650,Serra Azul de Minas - MG,3792
3166600,316660,Serra da Saudade - MG,833
3166709,316670,Serra dos Aimorés - MG,6944
3166808,316680,Serra do Salitre - MG,11801
3166907,316690,Serrania - MG,7621
3166956,316695,Serranópolis de Minas - MG,4399
3167004,316700,Serranos - MG,1990
3167103,316710,Serro - MG,21952
3167202,316720,Sete Lagoas - MG,227397
3167301,316730,Silveirânia - MG,2323
3167400,316740,Silvianópolis - MG,6179
3167509,316750,Simão Pereira - MG,2947
3167608,316760,Simonésia - MG,19750
3167707,316770,Sobrália - MG,5137
3167806,316780,Soledade de Minas - MG,5613
3167905,316790,Tabuleiro - MG,4014
3168002,316800,Taiobeiras - MG,33050
3168051,316805,Taparuba - MG,3387
3168101,316810,Tapira - MG,4118
3168200,316820,Tapiraí - MG,1690
3168309,316830,Taquaraçu de Minas - MG,4224
3168408,316840,Tarumirim - MG,14709
3168507,316850,Teixeiras - MG,12255
3168606,316860,Teófilo Otoni - MG,137418
3168705,316870,Timóteo - MG,81579
3168804,316880,Tiradentes - MG,7744
3168903,316890,Tiros - MG,7883
3169000,316900,Tocantins - MG,16185
3169059,316905,Tocos do Moji - MG,3826
3169109,316910,Toledo - MG,7214
3169208,316920,Tombos - MG,8609
3169307,316930,Três Corações - MG,75485
3169356,316935,Três Marias - MG,28895
3169406,316940,Três Pontas - MG,55255
3169505,316950,Tumiritinga - MG,5886
3169604,316960,Tupaciguara - MG,25470
3169703,316970,Turmalina - MG,20000
3169802,316980,Turvolândia - MG,4935
3169901,316990,Ubá - MG,103365
3170008,317000,Ubaí - MG,11708
3170057,317005,Ubaporanga - MG,13017
3170107,317010,Uberaba - MG,337836
3170206,317020,Uberlândia - MG,713224
3170305,317030,Umburatiba - MG,2684
3170404,317040,Unaí - MG,86619
3170438,317043,União de Minas - MG,3828
3170479,317047,Uruana de Minas - MG,3282
3170503,317050,Urucânia - MG,10600
3170529,317052,Urucuia - MG,17479
3170578,317057,Vargem Alegre - MG,5780
3170602,317060,Vargem Bonita - MG,2158
3170651,317065,Vargem Grande do Rio Pardo - MG,4633
3170701,317070,Varginha - MG,136467
3170750,317075,Varjão de Minas - MG,6969
3170800,317080,Várzea da Palma - MG,33744
3170909,317090,Varzelândia - MG,18840
3171006,317100,Vazante - MG,19975
3171030,317103,Verdelândia - MG,7672
3171071,317107,Veredinha - MG,5181
3171105,317110,Veríssimo - MG,3411
3171154,317115,Vermelho Novo - MG,4899
3171204,317120,Vespasiano - MG,129246
3171303,317130,Viçosa - MG,76430
3171402,317140,Vieiras - MG,3700
3171501,317150,Mathias Lobato - MG,3038
3171600,317160,Virgem da Lapa - MG,11804
3171709,317170,Virgínia - MG,8908
3171808,317180,Virginópolis - MG,10314
3171907,317190,Virgolândia - MG,4552
3172004,317200,Visconde do Rio Branco - MG,39160
3172103,317210,Volta Grande - MG,4443
3172202,317220,Wenceslau Braz - MG,2356
3200102,320010,Afonso Cláudio - ES,30684
3200136,320013,Águia Branca - ES,9711
3200169,320016,Água Doce do Norte - ES,12042
3200201,320020,Alegre - ES,29177
3200300,320030,Alfredo Chaves - ES,13836
3200359,320035,Alto Rio Novo - ES,7434
3200409,320040,Anchieta - ES,29984
3200508,320050,Apiacá - ES,7223
3200607,320060,Aracruz - ES,94765
3200706,320070,Atílio Vivácqua - ES,10540
3200805,320080,Baixo Guandu - ES,30674
3200904,320090,Barra de São Francisco - ES,42498
3201001,320100,Boa Esperança - ES,13608
3201100,320110,Bom Jesus do Norte - ES,10254
3201159,320115,Brejetuba - ES,12985
3201209,320120,Cachoeiro de Itapemirim - ES,185786
3201308,320130,Cariacica - ES,353491
3201407,320140,Castelo - ES,36930
3201506,320150,Colatina - ES,120033
3201605,320160,Conceição da Barra - ES,27458
3201704,320170,Conceição do Castelo - ES,11937
3201803,320180,Divino de São Lourenço - ES,5083
3201902,320190,Domingos Martins - ES,35416
3202009,320200,Dores do Rio Preto - ES,6596
3202108,320210,Ecoporanga - ES,21992
3202207,320220,Fundão - ES,18014
3202256,320225,Governador Lindenberg - ES,11009
3202306,320230,Guaçuí - ES,29358
3202405,320240,Guarapari - ES,124656
3202454,320245,Ibatiba - ES,25380
3202504,320250,Ibiraçu - ES,11723
3202553,320255,Ibitirama - ES,9520
3202603,320260,Iconha - ES,12326
3202652,320265,Irupi - ES,13710
3202702,320270,Itaguaçu - ES,13589
3202801,320280,Itapemirim - ES,39832
3202900,320290,Itarana - ES,10597
3203007,320300,Iúna - ES,28590
3203056,320305,Jaguaré - ES,28931
3203106,320310,Jerônimo Monteiro - ES,11575
3203130,320313,João Neiva - ES,14079
3203163,320316,Laranja da Terra - ES,11094
3203205,320320,Linhares - ES,166786
3203304,320330,Mantenópolis - ES,12770
3203320,320332,Marataízes - ES,41929
3203346,320334,Marechal Floriano - ES,17641
3203353,320335,Marilândia - ES,12387
3203403,320340,Mimoso do Sul - ES,24475
3203502,320350,Montanha - ES,18900
3203601,320360,Mucurici - ES,5466
3203700,320370,Muniz Freire - ES,18153
3203809,320380,Muqui - ES,13745
3203908,320390,Nova Venécia - ES,49065
3204005,320400,Pancas - ES,18893
3204054,320405,Pedro Canário - ES,21522
3204104,320410,Pinheiros - ES,23915
3204203,320420,Piúma - ES,22300
3204252,320425,Ponto Belo - ES,6497
3204302,320430,Presidente Kennedy - ES,13696
3204351,320435,Rio Bananal - ES,19274
3204401,320440,Rio Novo do Sul - ES,11069
3204500,320450,Santa Leopoldina - ES,13106
3204559,320455,Santa Maria de Jetibá - ES,41636
3204609,320460,Santa Teresa - ES,22808
3204658,320465,São Domingos do Norte - ES,8589
3204708,320470,São Gabriel da Palha - ES,32252
3204807,320480,São José do Calçado - ES,10878
3204906,320490,São Mateus - ES,123752
3204955,320495,São Roque do Canaã - ES,10886
3205002,320500,Serra - ES,520653
3205010,320501,Sooretama - ES,26502
3205036,320503,Vargem Alta - ES,19563
3205069,320506,Venda Nova do Imigrante - ES,23831
3205101,320510,Viana - ES,73423
3205150,320515,Vila Pavão - ES,8911
3205176,320517,Vila Valério - ES,13728
3205200,320520,Vila Velha - ES,467722
3205309,320530,Vitória - ES,322869
3300100,330010,Angra dos Reis - RJ,167434
3300159,330015,Aperibé - RJ,11034
3300209,330020,Araruama - RJ,129671
3300225,330022,Areal - RJ,11828
3300233,330023,Armação dos Búzios - RJ,40006
3300258,330025,Arraial do Cabo - RJ,30986
3300308,330030,Barra do Piraí - RJ,92883
3300407,330040,Barra Mansa - RJ,169894
3300456,330045,Belford Roxo - RJ,483087
3300506,330050,Bom Jardim - RJ,28102
3300605,330060,Bom Jesus do Itabapoana - RJ,35173
3300704,330070,Cabo Frio - RJ,222161
3300803,330080,Cachoeiras de Macacu - RJ,56943
3300902,330090,Cambuci - RJ,14616
3300936,330093,Carapebus - RJ,13847
3300951,330095,Comendador Levy Gasparian - RJ,8741
3301009,330100,Campos dos Goytacazes - RJ,483540
3301108,330110,Cantagalo - RJ,19390
3301157,330115,Cardoso Moreira - RJ,12958
3301207,330120,Carmo - RJ,17198
3301306,330130,Casimiro de Abreu - RJ,46110
3301405,330140,Conceição de Macabu - RJ,21104
3301504,330150,Cordeiro - RJ,20783
3301603,330160,Duas Barras - RJ,10980
3301702,330170,Duque de Caxias - RJ,808161
3301801,330180,Engenheiro Paulo de Frontin - RJ,12242
3301850,330185,Guapimirim - RJ,51696
3301876,330187,Iguaba Grande - RJ,27920
3301900,330190,Itaboraí - RJ,224267
3302007,330200,Itaguaí - RJ,116841
3302056,330205,Italva - RJ,14073
3302106,330210,Itaocara - RJ,22919
3302205,330220,Itaperuna - RJ,101041
3302254,330225,Itatiaia - RJ,30908
3302270,330227,Japeri - RJ,96289
3302304,330230,Laje do Muriaé - RJ,7336
3302403,330240,Macaé - RJ,246391
3302452,330245,Macuco - RJ,5415
3302502,330250,Magé - RJ,228127
3302601,330260,Mangaratiba - RJ,41220
3302700,330270,Maricá - RJ,197277
3302809,330280,Mendes - RJ,17502
3302858,330285,Mesquita - RJ,167127
3302908,330290,Miguel Pereira - RJ,26582
3303005,330300,Miracema - RJ,26881
3303104,330310,Natividade - RJ,15074
3303203,330320,Nilópolis - RJ,146774
3303302,330330,Niterói - RJ,481749
3303401,330340,Nova Friburgo - RJ,189939
3303500,330350,Nova Iguaçu - RJ,785867
3303609,330360,Paracambi - RJ,41375
3303708,330370,Paraíba do Sul - RJ,42063
3303807,330380,Paraty - RJ,45243
3303856,330385,Paty do Alferes - RJ,29619
3303906,330390,Petrópolis - RJ,278881
3303955,330395,Pinheiral - RJ,24298
3304003,330400,Piraí - RJ,27474
3304102,330410,Porciúncula - RJ,17288
3304110,330411,Porto Real - RJ,20373
3304128,330412,Quatis - RJ,13682
3304144,330414,Queimados - RJ,140523
3304151,330415,Quissamã - RJ,22393
3304201,330420,Resende - RJ,129612
3304300,330430,Rio Bonito - RJ,56276
3304409,330440,Rio Claro - RJ,17401
3304508,330450,Rio das Flores - RJ,8954
3304524,330452,Rio das Ostras - RJ,156491
3304557,330455,Rio de Janeiro - RJ,6211223
3304607,330460,Santa Maria Madalena - RJ,10232
3304706,330470,Santo Antônio de Pádua - RJ,41325
3304755,330475,São Francisco de Itabapoana - RJ,45059
3304805,330480,São Fidélis - RJ,38961
3304904,330490,São Gonçalo - RJ,896744
3305000,330500,São João da Barra - RJ,36573
3305109,330510,São João de Meriti - RJ,440962
3305133,330513,São José de Ubá - RJ,7070
3305158,330515,São José do Vale do Rio Preto - RJ,22080
3305208,330520,São Pedro da Aldeia - RJ,104029
3305307,330530,São Sebastião do Alto - RJ,7750
3305406,330540,Sapucaia - RJ,17729
3305505,330550,Saquarema - RJ,89559
3305554,330555,Seropédica - RJ,80596
3305604,330560,Silva Jardim - RJ,21352
3305703,330570,Sumidouro - RJ,15206
3305752,330575,Tanguá - RJ,31086
3305802,330580,Teresópolis - RJ,165123
3305901,330590,Trajano de Moraes - RJ,10302
3306008,330600,Três Rios - RJ,78346
3306107,330610,Valença - RJ,68088
3306156,330615,Varre-Sai - RJ,10207
3306206,330620,Vassouras - RJ,33976
3306305,330630,Volta Redonda - RJ,261563
3500105,350010,Adamantina - SP,34687
3500204,350020,Adolfo - SP,4351
3500303,350030,Aguaí - SP,32072
3500402,350040,Águas da Prata - SP,7369
3500501,350050,Águas de Lindóia - SP,17930
3500550,350055,Águas de Santa Bárbara - SP,7177
3500600,350060,Águas de São Pedro - SP,2780
3500709,350070,Agudos - SP,37680
3500758,350075,Alambari - SP,6141
3500808,350080,Alfredo Marcondes - SP,4445
3500907,350090,Altair - SP,3451
3501004,350100,Altinópolis - SP,16818
3501103,350110,Alto Alegre - SP,3841
3501152,350115,Alumínio - SP,17301
3501202,350120,Álvares Florence - SP,3915
3501301,350130,Álvares Machado - SP,27255
3501400,350140,Álvaro de Carvalho - SP,4808
3501509,350150,Alvinlândia - SP,2885
3501608,350160,Americana - SP,237240
3501707,350170,Américo Brasiliense - SP,33019
3501806,350180,Américo de Campos - SP,5870
3501905,350190,Amparo - SP,68008
3502002,350200,Analândia - SP,4589
3502101,350210,Andradina - SP,59783
3502200,350220,Angatuba - SP,24022
3502309,350230,Anhembi - SP,5674
3502408,350240,Anhumas - SP,4023
3502507,350250,Aparecida - SP,32569
3502606,350260,Aparecida d'Oeste - SP,4086
3502705,350270,Apiaí - SP,24585
3502754,350275,Araçariguama - SP,21522
3502804,350280,Araçatuba - SP,200124
3502903,350290,Araçoiaba da Serra - SP,32443
3503000,350300,Aramina - SP,5420
3503109,350310,Arandu - SP,6885
3503158,350315,Arapeí - SP,2330
3503208,350320,Araraquara - SP,242228
3503307,350330,Araras - SP,130866
3503356,350335,Arco-Íris - SP,2044
3503406,350340,Arealva - SP,8130
3503505,350350,Areias - SP,3577
3503604,350360,Areiópolis - SP,10130
3503703,350370,Ariranha - SP,7602
3503802,350380,Artur Nogueira - SP,51456
3503901,350390,Arujá - SP,86678
3503950,350395,Aspásia - SP,1842
3504008,350400,Assis - SP,101409
3504107,350410,Atibaia - SP,158647
3504206,350420,Auriflama - SP,13692
3504305,350430,Avaí - SP,4483
3504404,350440,Avanhandava - SP,11263
3504503,350450,Avaré - SP,92805
3504602,350460,Bady Bassitt - SP,27260
3504701,350470,Balbinos - SP,3887
3504800,350480,Bálsamo - SP,9596
3504909,350490,Bananal - SP,9969
3505005,350500,Barão de Antonina - SP,3531
3505104,350510,Barbosa - SP,5640
3505203,350520,Bariri - SP,31595
3505302,350530,Barra Bonita - SP,34346
3505351,350535,Barra do Chapéu - SP,5179
3505401,350540,Barra do Turvo - SP,6876
3505500,350550,Barretos - SP,122485
3505609,350560,Barrinha - SP,32092
3505708,350570,Barueri - SP,316473
3505807,350580,Bastos - SP,21503
3505906,350590,Batatais - SP,58402
3506003,350600,Bauru - SP,379146
3506102,350610,Bebedouro - SP,76373
3506201,350620,Bento de Abreu - SP,2606
3506300,350630,Bernardino de Campos - SP,11607
3506359,350635,Bertioga - SP,64188
3506409,350640,Bilac - SP,7319
3506508,350650,Birigui - SP,118979
3506607,350660,Biritiba Mirim - SP,29683
3506706,350670,Boa Esperança do Sul - SP,12978
3506805,350680,Bocaina - SP,11259
3506904,350690,Bofete - SP,10460
3507001,350700,Boituva - SP,61081
3507100,350710,Bom Jesus dos Perdões - SP,22006
3507159,350715,Bom Sucesso de Itararé - SP,3555
3507209,350720,Borá - SP,907
3507308,350730,Boracéia - SP,4715
3507407,350740,Borborema - SP,14226
3507456,350745,Borebi - SP,2713
3507506,350750,Botucatu - SP,145155
3507605,350760,Bragança Paulista - SP,176811
3507704,350770,Braúna - SP,5356
3507753,350775,Brejo Alegre - SP,2565
3507803,350780,Brodowski - SP,25201
3507902,350790,Brotas - SP,23898
3508009,350800,Buri - SP,20250
3508108,350810,Buritama - SP,17210
3508207,350820,Buritizal - SP,4356
3508306,350830,Cabrália Paulista - SP,4299
3508405,350840,Cabreúva - SP,47011
3508504,350850,Caçapava - SP,96202
3508603,350860,Cachoeira Paulista - SP,31564
3508702,350870,Caconde - SP,17101
3508801,350880,Cafelândia - SP,16654
3508900,350890,Caiabu - SP,3712
3509007,350900,Caieiras - SP,95032
3509106,350910,Caiuá - SP,5466
3509205,350920,Cajamar - SP,92689
3509254,350925,Cajati - SP,28515
3509304,350930,Cajobi - SP,9133
3509403,350940,Cajuru - SP,23830
3509452,350945,Campina do Monte Alegre - SP,5954
3509502,350950,Campinas - SP,1139047
3509601,350960,Campo Limpo Paulista - SP,77632
3509700,350970,Campos do Jordão - SP,46974
3509809,350980,Campos Novos Paulista - SP,4888
3509908,350990,Cananéia - SP,12289
3509957,350995,Canas - SP,4931
3510005,351000,Cândido Mota - SP,29449
3510104,351010,Cândido Rodrigues - SP,2889
3510153,351015,Canitar - SP,6283
3510203,351020,Capão Bonito - SP,46337
3510302,351030,Capela do Alto - SP,22866
3510401,351040,Capivari - SP,50068
3510500,351050,Caraguatatuba - SP,134873
3510609,351060,Carapicuíba - SP,386984
3510708,351070,Cardoso - SP,11345
3510807,351080,Casa Branca - SP,28083
3510906,351090,Cássia dos Coqueiros - SP,2799
3511003,351100,Castilho - SP,19977
3511102,351110,Catanduva - SP,115791
3511201,351120,Catiguá - SP,7003
3511300,351130,Cedral - SP,12618
3511409,351140,Cerqueira César - SP,21469
3511508,351150,Cerquilho - SP,44695
3511607,351160,Cesário Lange - SP,19048
3511706,351170,Charqueada - SP,15535
3511904,351190,Clementina - SP,6982
3512001,351200,Colina - SP,18486
3512100,351210,Colômbia - SP,6629
3512209,351220,Conchal - SP,28101
3512308,351230,Conchas - SP,15232
3512407,351240,Cordeirópolis - SP,24514
3512506,351250,Coroados - SP,5400
3512605,351260,Coronel Macedo - SP,4280
3512704,351270,Corumbataí - SP,4195
3512803,351280,Cosmópolis - SP,59773
3512902,351290,Cosmorama - SP,8719
3513009,351300,Cotia - SP,274413
3513108,351310,Cravinhos - SP,33281
3513207,351320,Cristais Paulista - SP,9272
3513306,351330,Cruzália - SP,2108
3513405,351340,Cruzeiro - SP,74961
3513504,351350,Cubatão - SP,112476
3513603,351360,Cunha - SP,22110
3513702,351370,Descalvado - SP,31756
3513801,351380,Diadema - SP,393237
3513850,351385,Dirce Reis - SP,1620
3513900,351390,Divinolândia - SP,11158
3514007,351400,Dobrada - SP,8759
3514106,351410,Dois Córregos - SP,24510
3514205,351420,Dolcinópolis - SP,2207
3514304,351430,Dourado - SP,8096
3514403,351440,Dracena - SP,45474
3514502,351450,Duartina - SP,12328
3514601,351460,Dumont - SP,9471
3514700,351470,Echaporã - SP,6205
3514809,351480,Eldorado - SP,13069
3514908,351490,Elias Fausto - SP,17699
3514924,351492,Elisiário - SP,3138
3514957,351495,Embaúba - SP,2323
3515004,351500,Embu das Artes - SP,250691
3515103,351510,Embu-Guaçu - SP,66970
3515129,351512,Emilianópolis - SP,3014
3515152,351515,Engenheiro Coelho - SP,19566
3515186,351518,Espírito Santo do Pinhal - SP,39816
3515194,351519,Espírito Santo do Turvo - SP,4157
3515202,351520,Estrela d'Oeste - SP,9417
3515301,351530,Estrela do Norte - SP,2703
3515350,351535,Euclides da Cunha Paulista - SP,7924
3515400,351540,Fartura - SP,16641
3515509,351550,Fernandópolis - SP,71186
3515608,351560,Fernando Prestes - SP,5942
3515657,351565,Fernão - SP,1656
3515707,351570,Ferraz de Vasconcelos - SP,179198
3515806,351580,Flora Rica - SP,1487
3515905,351590,Floreal - SP,2733
3516002,351600,Flórida Paulista - SP,12958
3516101,351610,Florínea - SP,3851
3516200,351620,Franca - SP,352536
3516309,351630,Francisco Morato - SP,165139
3516408,351640,Franco da Rocha - SP,144849
3516507,351650,Gabriel Monteiro - SP,2763
3516606,351660,Gália - SP,6380
3516705,351670,Garça - SP,42110
3516804,351680,Gastão Vidigal - SP,3252
3516853,351685,Gavião Peixoto - SP,4702
3516903,351690,General Salgado - SP,10312
3517000,351700,Getulina - SP,10232
3517109,351710,Glicério - SP,4138
3517208,351720,Guaiçara - SP,11239
3517307,351730,Guaimbê - SP,5512
3517406,351740,Guaíra - SP,39279
3517505,351750,Guapiaçu - SP,21711
3517604,351760,Guapiara - SP,17071
3517703,351770,Guará - SP,18606
3517802,351780,Guaraçaí - SP,7441
3517901,351790,Guaraci - SP,10350
3518008,351800,Guarani d'Oeste - SP,1968
3518107,351810,Guarantã - SP,6427
3518206,351820,Guararapes - SP,31043
3518305,351830,Guararema - SP,31236
3518404,351840,Guaratinguetá - SP,118044
3518503,351850,Guareí - SP,15013
3518602,351860,Guariba - SP,37498
3518701,351870,Guarujá - SP,287634
3518800,351880,Guarulhos - SP,1291771
3518859,351885,Guatapará - SP,7320
3518909,351890,Guzolândia - SP,4246
3519006,351900,Herculândia - SP,9125
3519055,351905,Holambra - SP,15094
3519071,351907,Hortolândia - SP,236641
3519105,351910,Iacanga - SP,10437
3519204,351920,Iacri - SP,6131
3519253,351925,Iaras - SP,8010
3519303,351930,Ibaté - SP,32178
3519402,351940,Ibirá - SP,11690
3519501,351950,Ibirarema - SP,6385
3519600,351960,Ibitinga - SP,60033
3519709,351970,Ibiúna - SP,75605
3519808,351980,Icém - SP,7819
3519907,351990,Iepê - SP,7619
3520004,352000,Igaraçu do Tietê - SP,23106
3520103,352010,Igarapava - SP,26212
3520202,352020,Igaratá - SP,10605
3520301,352030,Iguape - SP,29115
3520400,352040,Ilhabela - SP,34934
3520426,352042,Ilha Comprida - SP,13419
3520442,352044,Ilha Solteira - SP,25549
3520509,352050,Indaiatuba - SP,255748
3520608,352060,Indiana - SP,5090
3520707,352070,Indiaporã - SP,4035
3520806,352080,Inúbia Paulista - SP,3615
3520905,352090,Ipaussu - SP,13712
3521002,352100,Iperó - SP,36459
3521101,352110,Ipeúna - SP,6831
3521150,352115,Ipiguá - SP,6761
3521200,352120,Iporanga - SP,4046
3521309,352130,Ipuã - SP,14454
3521408,352140,Iracemápolis - SP,21967
3521507,352150,Irapuã - SP,6867
3521606,352160,Irapuru - SP,7085
3521705,352170,Itaberá - SP,17983
3521804,352180,Itaí - SP,25180
3521903,352190,Itajobi - SP,16989
3522000,352200,Itaju - SP,3618
3522109,352210,Itanhaém - SP,112476
3522158,352215,Itaoca - SP,3422
3522208,352220,Itapecerica da Serra - SP,158522
3522307,352230,Itapetininga - SP,157790
3522406,352240,Itapeva - SP,89728
3522505,352250,Itapevi - SP,232297
3522604,352260,Itapira - SP,72022
3522653,352265,Itapirapuã Paulista - SP,4306
3522703,352270,Itápolis - SP,39493
3522802,352280,Itaporanga - SP,14085
3522901,352290,Itapuí - SP,13659
3523008,352300,Itapura - SP,3979
3523107,352310,Itaquaquecetuba - SP,369275
3523206,352320,Itararé - SP,44438
3523305,352330,Itariri - SP,15528
3523404,352340,Itatiba - SP,121590
3523503,352350,Itatinga - SP,19070
3523602,352360,Itirapina - SP,16148
3523701,352370,Itirapuã - SP,5779
3523800,352380,Itobi - SP,8046
3523909,352390,Itu - SP,168240
3524006,352400,Itupeva - SP,70616
3524105,352410,Ituverava - SP,37571
3524204,352420,Jaborandi - SP,6221
3524303,352430,Jaboticabal - SP,71821
3524402,352440,Jacareí - SP,240275
3524501,352450,Jaci - SP,7613
3524600,352460,Jacupiranga - SP,16097
3524709,352470,Jaguariúna - SP,59347
3524808,352480,Jales - SP,48776
3524907,352490,Jambeiro - SP,6397
3525003,352500,Jandira - SP,118045
3525102,352510,Jardinópolis - SP,45282
3525201,352520,Jarinu - SP,37535
3525300,352530,Jaú - SP,133497
3525409,352540,Jeriquara - SP,3863
3525508,352550,Joanópolis - SP,12815
3525607,352560,João Ramalho - SP,4371
3525706,352570,José Bonifácio - SP,36633
3525805,352580,Júlio Mesquita - SP,4254
3525854,352585,Jumirim - SP,3056
3525904,352590,Jundiaí - SP,443221
3526001,352600,Junqueirópolis - SP,20448
3526100,352610,Juquiá - SP,17154
3526209,352620,Juquitiba - SP,27404
3526308,352630,Lagoinha - SP,5083
3526407,352640,Laranjal Paulista - SP,26261
3526506,352650,Lavínia - SP,9689
3526605,352660,Lavrinhas - SP,7171
3526704,352670,Leme - SP,98161
3526803,352680,Lençóis Paulista - SP,66505
3526902,352690,Limeira - SP,291869
3527009,352700,Lindóia - SP,7014
3527108,352710,Lins - SP,74779
3527207,352720,Lorena - SP,84855
3527256,352725,Lourdes - SP,1950
3527306,352730,Louveira - SP,51847
3527405,352740,Lucélia - SP,20061
3527504,352750,Lucianópolis - SP,2372
3527603,352760,Luís Antônio - SP,12265
3527702,352770,Luiziânia - SP,4701
3527801,352780,Lupércio - SP,3981
3527900,352790,Lutécia - SP,2661
3528007,352800,Macatuba - SP,16829
3528106,352810,Macaubal - SP,7481
3528205,352820,Macedônia - SP,3963
3528304,352830,Magda - SP,3165
3528403,352840,Mairinque - SP,50027
3528502,352850,Mairiporã - SP,93853
3528601,352860,Manduri - SP,9871
3528700,352870,Marabá Paulista - SP,4573
3528809,352880,Maracaí - SP,12673
3528858,352885,Marapoama - SP,3292
3528908,352890,Mariápolis - SP,3513
3529005,352900,Marília - SP,237627
3529104,352910,Marinópolis - SP,1860
3529203,352920,Martinópolis - SP,24881
3529302,352930,Matão - SP,79033
3529401,352940,Mauá - SP,418261
3529500,352950,Mendonça - SP,6159
3529609,352960,Meridiano - SP,4572
3529658,352965,Mesópolis - SP,1952
3529708,352970,Miguelópolis - SP,19441
3529807,352980,Mineiros do Tietê - SP,11230
3529906,352990,Miracatu - SP,18553
3530003,353000,Mira Estrela - SP,3126
3530102,353010,Mirandópolis - SP,27983
3530201,353020,Mirante do Paranapanema - SP,15917
3530300,353030,Mirassol - SP,63337
3530409,353040,Mirassolândia - SP,4669
3530508,353050,Mococa - SP,67681
3530607,353060,Mogi das Cruzes - SP,451505
3530706,353070,Mogi Guaçu - SP,153658
3530805,353080,Mogi Mirim - SP,92558
3530904,353090,Mombuca - SP,3722
3531001,353100,Monções - SP,1937
3531100,353110,Mongaguá - SP,61951
3531209,353120,Monte Alegre do Sul - SP,8627
3531308,353130,Monte Alto - SP,47574
3531407,353140,Monte Aprazível - SP,22280
3531506,353150,Monte Azul Paulista - SP,18151
3531605,353160,Monte Castelo - SP,4222
3531704,353170,Monteiro Lobato - SP,4138
3531803,353180,Monte Mor - SP,64662
3531902,353190,Morro Agudo - SP,27933
3532009,353200,Morungaba - SP,13720
3532058,353205,Motuca - SP,4034
3532108,353210,Murutinga do Sul - SP,3737
3532157,353215,Nantes - SP,2660
3532207,353220,Narandiba - SP,5713
3532306,353230,Natividade da Serra - SP,6999
3532405,353240,Nazaré Paulista - SP,18217
3532504,353250,Neves Paulista - SP,9699
3532603,353260,Nhandeara - SP,9852
3532702,353270,Nipoã - SP,4750
3532801,353280,Nova Aliança - SP,6693
3532827,353282,Nova Campina - SP,8497
3532843,353284,Nova Canaã Paulista - SP,2032
3532868,353286,Nova Castilho - SP,1062
3532900,353290,Nova Europa - SP,9311
3533007,353300,Nova Granada - SP,19419
3533106,353310,Nova Guataporanga - SP,2156
3533205,353320,Nova Independência - SP,4609
3533254,353325,Novais - SP,4412
3533304,353330,Nova Luzitânia - SP,2837
3533403,353340,Nova Odessa - SP,62019
3533502,353350,Novo Horizonte - SP,38324
3533601,353360,Nuporanga - SP,7391
3533700,353370,Ocauçu - SP,4331
3533809,353380,Óleo - SP,2512
3533908,353390,Olímpia - SP,55074
3534005,353400,Onda Verde - SP,4771
3534104,353410,Oriente - SP,6085
3534203,353420,Orindiúva - SP,6024
3534302,353430,Orlândia - SP,38319
3534401,353440,Osasco - SP,728615
3534500,353450,Oscar Bressane - SP,2470
3534609,353460,Osvaldo Cruz - SP,31272
3534708,353470,Ourinhos - SP,103970
3534757,353475,Ouroeste - SP,10294
3534807,353480,Ouro Verde - SP,7779
3534906,353490,Pacaembu - SP,14877
3535002,353500,Palestina - SP,11476
3535101,353510,Palmares Paulista - SP,9650
3535200,353520,Palmeira d'Oeste - SP,8903
3535309,353530,Palmital - SP,19594
3535408,353540,Panorama - SP,14964
3535507,353550,Paraguaçu Paulista - SP,41120
3535606,353560,Paraibuna - SP,17667
3535705,353570,Paraíso - SP,6099
3535804,353580,Paranapanema - SP,19395
3535903,353590,Paranapuã - SP,4031
3536000,353600,Parapuã - SP,10580
3536109,353610,Pardinho - SP,7153
3536208,353620,Pariquera-Açu - SP,19233
3536257,353625,Parisi - SP,2892
3536307,353630,Patrocínio Paulista - SP,14512
3536406,353640,Paulicéia - SP,7955
3536505,353650,Paulínia - SP,110537
3536570,353657,Paulistânia - SP,2090
3536604,353660,Paulo de Faria - SP,7400
3536703,353670,Pederneiras - SP,44827
3536802,353680,Pedra Bela - SP,6557
3536901,353690,Pedranópolis - SP,2787
3537008,353700,Pedregulho - SP,15525
3537107,353710,Pedreira - SP,43112
3537156,353715,Pedrinhas Paulista - SP,2804
3537206,353720,Pedro de Toledo - SP,11281
3537305,353730,Penápolis - SP,61679
3537404,353740,Pereira Barreto - SP,24095
3537503,353750,Pereiras - SP,8737
3537602,353760,Peruíbe - SP,68352
3537701,353770,Piacatu - SP,5519
3537800,353780,Piedade - SP,52970
3537909,353790,Pilar do Sul - SP,27619
3538006,353800,Pindamonhangaba - SP,165428
3538105,353810,Pindorama - SP,14542
3538204,353820,Pinhalzinho - SP,15224
3538303,353830,Piquerobi - SP,3264
3538501,353850,Piquete - SP,12490
3538600,353860,Piracaia - SP,26029
3538709,353870,Piracicaba - SP,423323
3538808,353880,Piraju - SP,29436
3538907,353890,Pirajuí - SP,22431
3539004,353900,Pirangi - SP,10885
3539103,353910,Pirapora do Bom Jesus - SP,18370
3539202,353920,Pirapozinho - SP,25348
3539301,353930,Pirassununga - SP,73545
3539400,353940,Piratininga - SP,15108
3539509,353950,Pitangueiras - SP,33674
3539608,353960,Planalto - SP,4389
3539707,353970,Platina - SP,3025
3539806,353980,Poá - SP,103765
3539905,353990,Poloni - SP,5592
3540002,354000,Pompéia - SP,20196
3540101,354010,Pongaí - SP,3395
3540200,354020,Pontal - SP,37607
3540259,354025,Pontalinda - SP,4127
3540309,354030,Pontes Gestal - SP,2387
3540408,354040,Populina - SP,4127
3540507,354050,Porangaba - SP,10451
3540606,354060,Porto Feliz - SP,56497
3540705,354070,Porto Ferreira - SP,52649
3540754,354075,Potim - SP,20392
3540804,354080,Potirendaba - SP,18496
3540853,354085,Pracinha - SP,2578
3540903,354090,Pradópolis - SP,17078
3541000,354100,Praia Grande - SP,349935
3541059,354105,Pratânia - SP,5126
3541109,354110,Presidente Alves - SP,3804
3541208,354120,Presidente Bernardes - SP,14490
3541307,354130,Presidente Epitácio - SP,39505
3541406,354140,Presidente Prudente - SP,225668
3541505,354150,Presidente Venceslau - SP,35201
3541604,354160,Promissão - SP,35131
3541653,354165,Quadra - SP,3405
3541703,354170,Quatá - SP,13163
3541802,354180,Queiroz - SP,3265
3541901,354190,Queluz - SP,9159
3542008,354200,Quintana - SP,7038
3542107,354210,Rafard - SP,8965
3542206,354220,Rancharia - SP,28588
3542305,354230,Redenção da Serra - SP,4494
3542404,354240,Regente Feijó - SP,20145
3542503,354250,Reginópolis - SP,7662
3542602,354260,Registro - SP,59947
3542701,354270,Restinga - SP,6404
3542800,354280,Ribeira - SP,3132
3542909,354290,Ribeirão Bonito - SP,10989
3543006,354300,Ribeirão Branco - SP,18627
3543105,354310,Ribeirão Corrente - SP,4608
3543204,354320,Ribeirão do Sul - SP,4677
3543238,354323,Ribeirão dos Índios - SP,2025
3543253,354325,Ribeirão Grande - SP,7450
3543303,354330,Ribeirão Pires - SP,115559
3543402,354340,Ribeirão Preto - SP,698642
3543501,354350,Riversul - SP,5599
3543600,354360,Rifaina - SP,4049
3543709,354370,Rincão - SP,9098
3543808,354380,Rinópolis - SP,9259
3543907,354390,Rio Claro - SP,201418
3544004,354400,Rio das Pedras - SP,31328
3544103,354410,Rio Grande da Serra - SP,44170
3544202,354420,Riolândia - SP,10309
3544251,354425,Rosana - SP,17440
3544301,354430,Roseira - SP,10832
3544400,354440,Rubiácea - SP,2700
3544509,354450,Rubinéia - SP,3833
3544608,354460,Sabino - SP,5112
3544707,354470,Sagres - SP,2474
3544806,354480,Sales - SP,6437
3544905,354490,Sales Oliveira - SP,11411
3545001,354500,Salesópolis - SP,15202
3545100,354510,Salmourão - SP,4808
3545159,354515,Saltinho - SP,8161
3545209,354520,Salto - SP,134319
3545308,354530,Salto de Pirapora - SP,43748
3545407,354540,Salto Grande - SP,9050
3545506,354550,Sandovalina - SP,3645
3545605,354560,Santa Adélia - SP,14018
3545704,354570,Santa Albertina - SP,6393
3545803,354580,Santa Bárbara d'Oeste - SP,183347
3546009,354600,Santa Branca - SP,13975
3546108,354610,Santa Clara d'Oeste - SP,2598
3546207,354620,Santa Cruz da Conceição - SP,4277
3546256,354625,Santa Cruz da Esperança - SP,2116
3546306,354630,Santa Cruz das Palmeiras - SP,28864
3546405,354640,Santa Cruz do Rio Pardo - SP,46442
3546504,354650,Santa Ernestina - SP,6118
3546603,354660,Santa Fé do Sul - SP,34794
3546702,354670,Santa Gertrudes - SP,23611
3546801,354680,Santa Isabel - SP,53174
3546900,354690,Santa Lúcia - SP,7149
3547007,354700,Santa Maria da Serra - SP,5243
3547106,354710,Santa Mercedes - SP,2956
3547205,354720,Santana da Ponte Pensa - SP,1670
3547304,354730,Santana de Parnaíba - SP,154105
3547403,354740,Santa Rita d'Oeste - SP,2733
3547502,354750,Santa Rita do Passa Quatro - SP,24833
3547601,354760,Santa Rosa de Viterbo - SP,23411
3547650,354765,Santa Salete - SP,1645
3547700,354770,Santo Anastácio - SP,17963
3547809,354780,Santo André - SP,748919
3547908,354790,Santo Antônio da Alegria - SP,6775
3548005,354800,Santo Antônio de Posse - SP,23244
3548054,354805,Santo Antônio do Aracanguá - SP,8379
3548104,354810,Santo Antônio do Jardim - SP,6126
3548203,354820,Santo Antônio do Pinhal - SP,7133
3548302,354830,Santo Expedito - SP,3000
3548401,354840,Santópolis do Aguapeí - SP,3899
3548500,354850,Santos - SP,418608
3548609,354860,São Bento do Sapucaí - SP,11674
3548708,354870,São Bernardo do Campo - SP,810729
3548807,354880,São Caetano do Sul - SP,165655
3548906,354890,São Carlos - SP,254857
3549003,354900,São Francisco - SP,2602
3549102,354910,São João da Boa Vista - SP,92547
3549201,354920,São João das Duas Pontes - SP,2580
3549250,354925,São João de Iracema - SP,1846
3549300,354930,São João do Pau d'Alho - SP,2242
3549409,354940,São Joaquim da Barra - SP,48558
3549508,354950,São José da Bela Vista - SP,7626
3549607,354960,São José do Barreiro - SP,3853
3549706,354970,São José do Rio Pardo - SP,52205
3549805,354980,São José do Rio Preto - SP,480393
3549904,354990,São José dos Campos - SP,697054
3549953,354995,São Lourenço da Serra - SP,16067
3550001,355000,São Luiz do Paraitinga - SP,10337
3550100,355010,São Manuel - SP,37289
3550209,355020,São Miguel Arcanjo - SP,32039
3550308,355030,São Paulo - SP,11451999
3550407,355040,São Pedro - SP,38256
3550506,355050,São Pedro do Turvo - SP,7217
3550605,355060,São Roque - SP,79484
3550704,355070,São Sebastião - SP,81595
3550803,355080,São Sebastião da Grama - SP,10441
3550902,355090,São Simão - SP,13442
3551009,355100,São Vicente - SP,329911
3551108,355110,Sarapuí - SP,10369
3551207,355120,Sarutaiá - SP,3704
3551306,355130,Sebastianópolis do Sul - SP,3130
3551405,355140,Serra Azul - SP,12746
3551504,355150,Serrana - SP,43909
3551603,355160,Serra Negra - SP,29894
3551702,355170,Sertãozinho - SP,126887
3551801,355180,Sete Barras - SP,12730
3551900,355190,Severínia - SP,14576
3552007,355200,Silveiras - SP,6186
3552106,355210,Socorro - SP,40122
3552205,355220,Sorocaba - SP,723682
3552304,355230,Sud Mennucci - SP,7355
3552403,355240,Sumaré - SP,279545
3552502,355250,Suzano - SP,307429
3552551,355255,Suzanápolis - SP,3408
3552601,355260,Tabapuã - SP,11323
3552700,355270,Tabatinga - SP,14769
3552809,355280,Taboão da Serra - SP,273542
3552908,355290,Taciba - SP,6260
3553005,355300,Taguaí - SP,12669
3553104,355310,Taiaçu - SP,5677
3553203,355320,Taiúva - SP,6548
3553302,355330,Tambaú - SP,21435
3553401,355340,Tanabi - SP,25265
3553500,355350,Tapiraí - SP,7996
3553609,355360,Tapiratiba - SP,11816
3553658,355365,Taquaral - SP,2619
3553708,355370,Taquaritinga - SP,52260
3553807,355380,Taquarituba - SP,24350
3553856,355385,Taquarivaí - SP,6876
3553906,355390,Tarabai - SP,6536
3553955,355395,Tarumã - SP,14882
3554003,355400,Tatuí - SP,123942
3554102,355410,Taubaté - SP,310739
3554201,355420,Tejupá - SP,4127
3554300,355430,Teodoro Sampaio - SP,22173
3554409,355440,Terra Roxa - SP,7904
3554508,355450,Tietê - SP,37663
3554607,355460,Timburi - SP,2464
3554656,355465,Torre de Pedra - SP,2046
3554706,355470,Torrinha - SP,9335
3554755,355475,Trabiju - SP,1682
3554805,355480,Tremembé - SP,51173
3554904,355490,Três Fronteiras - SP,6804
3554953,355495,Tuiuti - SP,6778
3555000,355500,Tupã - SP,63928
3555109,355510,Tupi Paulista - SP,15854
3555208,355520,Turiúba - SP,1818
3555307,355530,Turmalina - SP,1669
3555356,355535,Ubarana - SP,5365
3555406,355540,Ubatuba - SP,92981
3555505,355550,Ubirajara - SP,5132
3555604,355560,Uchoa - SP,10394
3555703,355570,União Paulista - SP,1603
3555802,355580,Urânia - SP,8833
3555901,355590,Uru - SP,1387
3556008,355600,Urupês - SP,13744
3556107,355610,Valentim Gentil - SP,14098
3556206,355620,Valinhos - SP,126373
3556305,355630,Valparaíso - SP,24241
3556354,355635,Vargem - SP,10512
3556404,355640,Vargem Grande do Sul - SP,40133
3556453,355645,Vargem Grande Paulista - SP,50415
3556503,355650,Várzea Paulista - SP,115771
3556602,355660,Vera Cruz - SP,10176
3556701,355670,Vinhedo - SP,76540
3556800,355680,Viradouro - SP,17414
3556909,355690,Vista Alegre do Alto - SP,8109
3556958,355695,Vitória Brasil - SP,1794
3557006,355700,Votorantim - SP,127923
3557105,355710,Votuporanga - SP,96634
3557154,355715,Zacarias - SP,2692
3557204,355720,Chavantes - SP,12211
3557303,355730,Estiva Gerbi - SP,11295
4100103,410010,Abatiá - PR,7241
4100202,410020,Adrianópolis - PR,6256
4100301,410030,Agudos do Sul - PR,10233
4100400,410040,Almirante Tamandaré - PR,119825
4100459,410045,Altamira do Paraná - PR,3590
4100509,410050,Altônia - PR,18742
4100608,410060,Alto Paraná - PR,13909
4100707,410070,Alto Piquiri - PR,9727
4100806,410080,Alvorada do Sul - PR,10326
4100905,410090,Amaporã - PR,4762
4101002,410100,Ampére - PR,19620
4101051,410105,Anahy - PR,2918
4101101,410110,Andirá - PR,19878
4101150,410115,Ângulo - PR,3235
4101200,410120,Antonina - PR,18091
4101309,410130,Antônio Olinto - PR,7018
4101408,410140,Apucarana - PR,130134
4101507,410150,Arapongas - PR,119138
4101606,410160,Arapoti - PR,25777
4101655,410165,Arapuã - PR,3527
4101705,410170,Araruna - PR,14485
4101804,410180,Araucária - PR,151666
4101853,410185,Ariranha do Ivaí - PR,2329
4101903,410190,Assaí - PR,13797
4102000,410200,Assis Chateaubriand - PR,36808
4102109,410210,Astorga - PR,25475
4102208,410220,Atalaia - PR,3980
4102307,410230,Balsa Nova - PR,13395
4102406,410240,Bandeirantes - PR,31273
4102505,410250,Barbosa Ferraz - PR,10795
4102604,410260,Barracão - PR,9759
4102703,410270,Barra do Jacaré - PR,2814
4102752,410275,Bela Vista da Caroba - PR,4031
4102802,410280,Bela Vista do Paraíso - PR,14833
4102901,410290,Bituruna - PR,15533
4103008,410300,Boa Esperança - PR,4558
4103024,410302,Boa Esperança do Iguaçu - PR,2455
4103040,410304,Boa Ventura de São Roque - PR,6378
4103057,410305,Boa Vista da Aparecida - PR,7924
4103107,410310,Bocaiúva do Sul - PR,13299
4103156,410315,Bom Jesus do Sul - PR,3980
4103206,410320,Bom Sucesso - PR,6581
4103222,410322,Bom Sucesso do Sul - PR,3202
4103305,410330,Borrazópolis - PR,7735
4103354,410335,Braganey - PR,4854
4103370,410337,Brasilândia do Sul - PR,3708
4103404,410340,Cafeara - PR,2627
4103453,410345,Cafelândia - PR,18997
4103479,410347,Cafezal do Sul - PR,4473
4103503,410350,Califórnia - PR,8710
4103602,410360,Cambará - PR,23212
4103701,410370,Cambé - PR,107208
4103800,410380,Cambira - PR,9460
4103909,410390,Campina da Lagoa - PR,15723
4103958,410395,Campina do Simão - PR,3936
4104006,410400,Campina Grande do Sul - PR,47825
4104055,410405,Campo Bonito - PR,4027
4104105,410410,Campo do Tenente - PR,7508
4104204,410420,Campo Largo - PR,136327
4104253,410425,Campo Magro - PR,30160
4104303,410430,Campo Mourão - PR,99432
4104402,410440,Cândido de Abreu - PR,15244
4104428,410442,Candói - PR,14973
4104451,410445,Cantagalo - PR,10933
4104501,410450,Capanema - PR,20481
4104600,410460,Capitão Leônidas Marques - PR,14648
4104659,410465,Carambeí - PR,23283
4104709,410470,Carlópolis - PR,16905
4104808,410480,Cascavel - PR,348051
4104907,410490,Castro - PR,73075
4105003,410500,Catanduvas - PR,10446
4105102,410510,Centenário do Sul - PR,10832
4105201,410520,Cerro Azul - PR,16134
4105300,410530,Céu Azul - PR,11087
4105409,410540,Chopinzinho - PR,21085
4105508,410550,Cianorte - PR,79527
4105607,410560,Cidade Gaúcha - PR,11467
4105706,410570,Clevelândia - PR,15070
4105805,410580,Colombo - PR,232212
4105904,410590,Colorado - PR,22896
4106001,410600,Congonhinhas - PR,8320
4106100,410610,Conselheiro Mairinck - PR,3461
4106209,410620,Contenda - PR,19128
4106308,410630,Corbélia - PR,17470
4106407,410640,Cornélio Procópio - PR,45206
4106456,410645,Coronel Domingos Soares - PR,5649
4106506,410650,Coronel Vivida - PR,23331
4106555,410655,Corumbataí do Sul - PR,3760
4106571,410657,Cruzeiro do Iguaçu - PR,4133
4106605,410660,Cruzeiro do Oeste - PR,23831
4106704,410670,Cruzeiro do Sul - PR,4494
4106803,410680,Cruz Machado - PR,15978
4106852,410685,Cruzmaltina - PR,2892
4106902,410690,Curitiba - PR,1773718
4107009,410700,Curiúva - PR,13647
4107108,410710,Diamante do Norte - PR,5142
4107124,410712,Diamante do Sul - PR,3171
4107157,410715,Diamante D'Oeste - PR,4557
4107207,410720,Dois Vizinhos - PR,44869
4107256,410725,Douradina - PR,9161
4107306,410730,Doutor Camargo - PR,6327
4107405,410740,Enéas Marques - PR,5999
4107504,410750,Engenheiro Beltrão - PR,12454
4107520,410752,Esperança Nova - PR,1849
4107538,410753,Entre Rios do Oeste - PR,4575
4107546,410754,Espigão Alto do Iguaçu - PR,4797
4107553,410755,Farol - PR,3039
4107603,410760,Faxinal - PR,16389
4107652,410765,Fazenda Rio Grande - PR,148873
4107702,410770,Fênix - PR,4492
4107736,410773,Fernandes Pinheiro - PR,6255
4107751,410775,Figueira - PR,8062
4107801,410780,Floraí - PR,4792
4107850,410785,Flor da Serra do Sul - PR,4364
4107900,410790,Floresta - PR,10458
4108007,410800,Florestópolis - PR,11446
4108106,410810,Flórida - PR,2652
4108205,410820,Formosa do Oeste - PR,7635
4108304,410830,Foz do Iguaçu - PR,285415
4108320,410832,Francisco Alves - PR,8116
4108403,410840,Francisco Beltrão - PR,96666
4108452,410845,Foz do Jordão - PR,4926
4108502,410850,General Carneiro - PR,11062
4108551,410855,Godoy Moreira - PR,2977
4108601,410860,Goioerê - PR,28437
4108650,410865,Goioxim - PR,6566
4108700,410870,Grandes Rios - PR,5641
4108809,410880,Guaíra - PR,32097
4108908,410890,Guairaçá - PR,6587
4108957,410895,Guamiranga - PR,7856
4109005,410900,Guapirama - PR,4626
4109104,410910,Guaporema - PR,2191
4109203,410920,Guaraci - PR,4748
4109302,410930,Guaraniaçu - PR,13735
4109401,410940,Guarapuava - PR,182093
4109500,410950,Guaraqueçaba - PR,7430
4109609,410960,Guaratuba - PR,42062
4109658,410965,Honório Serpa - PR,4941
4109708,410970,Ibaiti - PR,28830
4109757,410975,Ibema - PR,6218
4109807,410980,Ibiporã - PR,51603
4109906,410990,Icaraíma - PR,8991
4110003,411000,Iguaraçu - PR,5338
4110052,411005,Iguatu - PR,2144
4110078,411007,Imbaú - PR,14249
4110102,411010,Imbituva - PR,29924
4110201,411020,Inácio Martins - PR,9670
4110300,411030,Inajá - PR,2536
4110409,411040,Indianópolis - PR,4448
4110508,411050,Ipiranga - PR,14142
4110607,411060,Iporã - PR,15746
4110656,411065,Iracema do Oeste - PR,2343
4110706,411070,Irati - PR,59250
4110805,411080,Iretama - PR,10684
4110904,411090,Itaguajé - PR,4481
4110953,411095,Itaipulândia - PR,11485
4111001,411100,Itambaracá - PR,5908
4111100,411110,Itambé - PR,6111
4111209,411120,Itapejara d'Oeste - PR,12344
4111258,411125,Itaperuçu - PR,31217
4111308,411130,Itaúna do Sul - PR,3572
4111407,411140,Ivaí - PR,13229
4111506,411150,Ivaiporã - PR,32720
4111555,411155,Ivaté - PR,6831
4111605,411160,Ivatuba - PR,2708
4111704,411170,Jaboti - PR,5427
4111803,411180,Jacarezinho - PR,40375
4111902,411190,Jaguapitã - PR,15122
4112009,411200,Jaguariaíva - PR,35141
4112108,411210,Jandaia do Sul - PR,21408
4112207,411220,Janiópolis - PR,5870
4112306,411230,Japira - PR,4972
4112405,411240,Japurá - PR,9144
4112504,411250,Jardim Alegre - PR,12004
4112603,411260,Jardim Olinda - PR,1343
4112702,411270,Jataizinho - PR,11813
4112751,411275,Jesuítas - PR,10506
4112801,411280,Joaquim Távora - PR,11945
4112900,411290,Jundiaí do Sul - PR,3333
4112959,411295,Juranda - PR,7771
4113007,411300,Jussara - PR,6690
4113106,411310,Kaloré - PR,4582
4113205,411320,Lapa - PR,45003
4113254,411325,Laranjal - PR,5600
4113304,411330,Laranjeiras do Sul - PR,32227
4113403,411340,Leópolis - PR,3752
4113429,411342,Lidianópolis - PR,3938
4113452,411345,Lindoeste - PR,5175
4113502,411350,Loanda - PR,23225
4113601,411360,Lobato - PR,4601
4113700,411370,Londrina - PR,555965
4113734,411373,Luiziana - PR,6690
4113759,411375,Lunardelli - PR,4872
4113809,411380,Lupionópolis - PR,4813
4113908,411390,Mallet - PR,13428
4114005,411400,Mamborê - PR,13452
4114104,411410,Mandaguaçu - PR,31457
4114203,411420,Mandaguari - PR,36716
4114302,411430,Mandirituba - PR,27439
4114351,411435,Manfrinópolis - PR,2770
4114401,411440,Mangueirinha - PR,16603
4114500,411450,Manoel Ribas - PR,14240
4114609,411460,Marechal Cândido Rondon - PR,55836
4114708,411470,Maria Helena - PR,5865
4114807,411480,Marialva - PR,41851
4114906,411490,Marilândia do Sul - PR,8677
4115002,411500,Marilena - PR,7253
4115101,411510,Mariluz - PR,9847
4115200,411520,Maringá - PR,409657
4115309,411530,Mariópolis - PR,6371
4115358,411535,Maripá - PR,6555
4115408,411540,Marmeleiro - PR,15901
4115457,411545,Marquinho - PR,4504
4115507,411550,Marumbi - PR,4699
4115606,411560,Matelândia - PR,18450
4115705,411570,Matinhos - PR,39259
4115739,411573,Mato Rico - PR,3267
4115754,411575,Mauá da Serra - PR,9383
4115804,411580,Medianeira - PR,54369
4115853,411585,Mercedes - PR,5931
4115903,411590,Mirador - PR,2238
4116000,411600,Miraselva - PR,1966
4116059,411605,Missal - PR,11064
4116109,411610,Moreira Sales - PR,11175
4116208,411620,Morretes - PR,18309
4116307,411630,Munhoz de Melo - PR,3951
4116406,411640,Nossa Senhora das Graças - PR,3669
4116505,411650,Nova Aliança do Ivaí - PR,1323
4116604,411660,Nova América da Colina - PR,3280
4116703,411670,Nova Aurora - PR,13765
4116802,411680,Nova Cantu - PR,6790
4116901,411690,Nova Esperança - PR,26585
4116950,411695,Nova Esperança do Sudoeste - PR,5597
4117008,411700,Nova Fátima - PR,7225
4117057,411705,Nova Laranjeiras - PR,12074
4117107,411710,Nova Londrina - PR,12923
4117206,411720,Nova Olímpia - PR,5833
4117214,411721,Nova Santa Bárbara - PR,4184
4117222,411722,Nova Santa Rosa - PR,8322
4117255,411725,Nova Prata do Iguaçu - PR,12699
4117271,411727,Nova Tebas - PR,6848
4117297,411729,Novo Itacolomi - PR,3125
4117305,411730,Ortigueira - PR,24192
4117404,411740,Ourizona - PR,3187
4117453,411745,Ouro Verde do Oeste - PR,6785
4117503,411750,Paiçandu - PR,45962
4117602,411760,Palmas - PR,48247
4117701,411770,Palmeira - PR,33855
4117800,411780,Palmital - PR,13033
4117909,411790,Palotina - PR,35011
4118006,411800,Paraíso do Norte - PR,13245
4118105,411810,Paranacity - PR,9557
4118204,411820,Paranaguá - PR,145829
4118303,411830,Paranapoema - PR,2398
4118402,411840,Paranavaí - PR,92001
4118451,411845,Pato Bragado - PR,5733
4118501,411850,Pato Branco - PR,91836
4118600,411860,Paula Freitas - PR,5666
4118709,411870,Paulo Frontin - PR,6343
4118808,411880,Peabiru - PR,13346
4118857,411885,Perobal - PR,7189
4118907,411890,Pérola - PR,11878
4119004,411900,Pérola d'Oeste - PR,6221
4119103,411910,Piên - PR,13655
4119152,411915,Pinhais - PR,127019
4119202,411920,Pinhalão - PR,6566
4119251,411925,Pinhal de São Bento - PR,2761
4119301,411930,Pinhão - PR,29886
4119400,411940,Piraí do Sul - PR,23651
4119509,411950,Piraquara - PR,118730
4119608,411960,Pitanga - PR,33567
4119657,411965,Pitangueiras - PR,3046
4119707,411970,Planaltina do Paraná - PR,4070
4119806,411980,Planalto - PR,14374
4119905,411990,Ponta Grossa - PR,358371
4119954,411995,Pontal do Paraná - PR,30425
4120002,412000,Porecatu - PR,11624
4120101,412010,Porto Amazonas - PR,4098
4120150,412015,Porto Barreiro - PR,3110
4120200,412020,Porto Rico - PR,3182
4120309,412030,Porto Vitória - PR,3562
4120333,412033,Prado Ferreira - PR,3709
4120358,412035,Pranchita - PR,5737
4120408,412040,Presidente Castelo Branco - PR,4336
4120507,412050,Primeiro de Maio - PR,10082
4120606,412060,Prudentópolis - PR,49393
4120655,412065,Quarto Centenário - PR,4201
4120705,412070,Quatiguá - PR,8099
4120804,412080,Quatro Barras - PR,24191
4120853,412085,Quatro Pontes - PR,4480
4120903,412090,Quedas do Iguaçu - PR,30738
4121000,412100,Querência do Norte - PR,10685
4121109,412110,Quinta do Sol - PR,5001
4121208,412120,Quitandinha - PR,18398
4121257,412125,Ramilândia - PR,4221
4121307,412130,Rancho Alegre - PR,3512
4121356,412135,Rancho Alegre D'Oeste - PR,2618
4121406,412140,Realeza - PR,19247
4121505,412150,Rebouças - PR,14514
4121604,412160,Renascença - PR,6845
4121703,412170,Reserva - PR,24573
4121752,412175,Reserva do Iguaçu - PR,6553
4121802,412180,Ribeirão Claro - PR,12364
4121901,412190,Ribeirão do Pinhal - PR,13060
4122008,412200,Rio Azul - PR,14025
4122107,412210,Rio Bom - PR,3197
4122156,412215,Rio Bonito do Iguaçu - PR,13929
4122172,412217,Rio Branco do Ivaí - PR,3808
4122206,412220,Rio Branco do Sul - PR,37558
4122305,412230,Rio Negro - PR,31324
4122404,412240,Rolândia - PR,71670
4122503,412250,Roncador - PR,11251
4122602,412260,Rondon - PR,9097
4122651,412265,Rosário do Ivaí - PR,5435
4122701,412270,Sabáudia - PR,8822
4122800,412280,Salgado Filho - PR,4075
4122909,412290,Salto do Itararé - PR,5192
4123006,412300,Salto do Lontra - PR,15223
4123105,412310,Santa Amélia - PR,3394
4123204,412320,Santa Cecília do Pavão - PR,3365
4123303,412330,Santa Cruz de Monte Castelo - PR,8613
4123402,412340,Santa Fé - PR,11378
4123501,412350,Santa Helena - PR,25492
4123600,412360,Santa Inês - PR,1748
4123709,412370,Santa Isabel do Ivaí - PR,8912
4123808,412380,Santa Izabel do Oeste - PR,14070
4123824,412382,Santa Lúcia - PR,3644
4123857,412385,Santa Maria do Oeste - PR,9934
4123907,412390,Santa Mariana - PR,11066
4123956,412395,Santa Mônica - PR,3356
4124004,412400,Santana do Itararé - PR,5514
4124020,412402,Santa Tereza do Oeste - PR,13174
4124053,412405,Santa Terezinha de Itaipu - PR,24262
4124103,412410,Santo Antônio da Platina - PR,44369
4124202,412420,Santo Antônio do Caiuá - PR,2493
4124301,412430,Santo Antônio do Paraíso - PR,2125
4124400,412440,Santo Antônio do Sudoeste - PR,23673
4124509,412450,Santo Inácio - PR,6181
4124608,412460,São Carlos do Ivaí - PR,6587
4124707,412470,São Jerônimo da Serra - PR,10830
4124806,412480,São João - PR,11886
4124905,412490,São João do Caiuá - PR,5586
4125001,412500,São João do Ivaí - PR,10667
4125100,412510,São João do Triunfo - PR,13726
4125209,412520,São Jorge d'Oeste - PR,9378
4125308,412530,São Jorge do Ivaí - PR,5168
4125357,412535,São Jorge do Patrocínio - PR,6504
4125407,412540,São José da Boa Vista - PR,6040
4125456,412545,São José das Palmeiras - PR,3957
4125506,412550,São José dos Pinhais - PR,329628
4125555,412555,São Manoel do Paraná - PR,2138
4125605,412560,São Mateus do Sul - PR,42366
4125704,412570,São Miguel do Iguaçu - PR,29122
4125753,412575,São Pedro do Iguaçu - PR,5784
4125803,412580,São Pedro do Ivaí - PR,8690
4125902,412590,São Pedro do Paraná - PR,2661
4126009,412600,São Sebastião da Amoreira - PR,8063
4126108,412610,São Tomé - PR,5232
4126207,412620,Sapopema - PR,6695
4126256,412625,Sarandi - PR,118455
4126272,412627,Saudade do Iguaçu - PR,6108
4126306,412630,Sengés - PR,17270
4126355,412635,Serranópolis do Iguaçu - PR,5007
4126405,412640,Sertaneja - PR,5616
4126504,412650,Sertanópolis - PR,15930
4126603,412660,Siqueira Campos - PR,22811
4126652,412665,Sulina - PR,3440
4126678,412667,Tamarana - PR,10707
4126702,412670,Tamboara - PR,4880
4126801,412680,Tapejara - PR,15869
4126900,412690,Tapira - PR,5745
4127007,412700,Teixeira Soares - PR,9547
4127106,412710,Telêmaco Borba - PR,75042
4127205,412720,Terra Boa - PR,17568
4127304,412730,Terra Rica - PR,14842
4127403,412740,Terra Roxa - PR,18119
4127502,412750,Tibagi - PR,19961
4127601,412760,Tijucas do Sul - PR,17621
4127700,412770,Toledo - PR,150470
4127809,412780,Tomazina - PR,8426
4127858,412785,Três Barras do Paraná - PR,11135
4127882,412788,Tunas do Paraná - PR,6219
4127908,412790,Tuneiras do Oeste - PR,8067
4127957,412795,Tupãssi - PR,8077
4127965,412796,Turvo - PR,14231
4128005,412800,Ubiratã - PR,24749
4128104,412810,Umuarama - PR,117095
4128203,412820,União da Vitória - PR,55033
4128302,412830,Uniflor - PR,2136
4128401,412840,Uraí - PR,10406
4128500,412850,Wenceslau Braz - PR,19188
4128534,412853,Ventania - PR,9681
4128559,412855,Vera Cruz do Oeste - PR,8215
4128609,412860,Verê - PR,7932
4128625,412862,Alto Paraíso - PR,3055
4128633,412863,Doutor Ulysses - PR,5697
4128658,412865,Virmond - PR,3811
4128708,412870,Vitorino - PR,9706
4128807,412880,Xambrê - PR,5798
4200051,420005,Abdon Batista - SC,2598
4200101,420010,Abelardo Luz - SC,17392
4200200,420020,Agrolândia - SC,10990
4200309,420030,Agronômica - SC,6055
4200408,420040,Água Doce - SC,6508
4200507,420050,Águas de Chapecó - SC,6036
4200556,420055,Águas Frias - SC,2839
4200606,420060,Águas Mornas - SC,6743
4200705,420070,Alfredo Wagner - SC,10481
4200754,420075,Alto Bela Vista - SC,1856
4200804,420080,Anchieta - SC,5943
4200903,420090,Angelina - SC,5358
4201000,420100,Anita Garibaldi - SC,8285
4201109,420110,Anitápolis - SC,3593
4201208,420120,Antônio Carlos - SC,11224
4201257,420125,Apiúna - SC,9811
4201273,420127,Arabutã - SC,4378
4201307,420130,Araquari - SC,45283
4201406,420140,Araranguá - SC,71922
4201505,420150,Armazém - SC,8834
4201604,420160,Arroio Trinta - SC,3556
4201653,420165,Arvoredo - SC,2510
4201703,420170,Ascurra - SC,8319
4201802,420180,Atalanta - SC,3227
4201901,420190,Aurora - SC,6780
4201950,420195,Balneário Arroio do Silva - SC,15820
4202008,420200,Balneário Camboriú - SC,139155
4202057,420205,Balneário Barra do Sul - SC,14912
4202073,420207,Balneário Gaivota - SC,15669
4202081,420208,Bandeirante - SC,3144
4202099,420209,Barra Bonita - SC,1668
4202107,420210,Barra Velha - SC,45369
4202131,420213,Bela Vista do Toldo - SC,5872
4202156,420215,Belmonte - SC,2658
4202206,420220,Benedito Novo - SC,10520
4202305,420230,Biguaçu - SC,76773
4202404,420240,Blumenau - SC,361261
4202438,420243,Bocaina do Sul - SC,3515
4202453,420245,Bombinhas - SC,25058
4202503,420250,Bom Jardim da Serra - SC,4026
4202537,420253,Bom Jesus - SC,2777
4202578,420257,Bom Jesus do Oeste - SC,2187
4202602,420260,Bom Retiro - SC,8418
4202701,420270,Botuverá - SC,5363
4202800,420280,Braço do Norte - SC,33773
4202859,420285,Braço do Trombudo - SC,4026
4202875,420287,Brunópolis - SC,2489
4202909,420290,Brusque - SC,141385
4203006,420300,Caçador - SC,73720
4203105,420310,Caibi - SC,6304
4203154,420315,Calmon - SC,3443
4203204,420320,Camboriú - SC,103074
4203253,420325,Capão Alto - SC,2625
4203303,420330,Campo Alegre - SC,12501
4203402,420340,Campo Belo do Sul - SC,7257
4203501,420350,Campo Erê - SC,9623
4203600,420360,Campos Novos - SC,36932
4203709,420370,Canelinha - SC,12821
4203808,420380,Canoinhas - SC,55016
4203907,420390,Capinzal - SC,23314
4203956,420395,Capivari de Baixo - SC,23975
4204004,420400,Catanduvas - SC,10566
4204103,420410,Caxambu do Sul - SC,4614
4204152,420415,Celso Ramos - SC,2805
4204178,420417,Cerro Negro - SC,3317
4204194,420419,Chapadão do Lageado - SC,2950
4204202,420420,Chapecó - SC,254785
4204251,420425,Cocal do Sul - SC,17240
4204301,420430,Concórdia - SC,81646
4204350,420435,Cordilheira Alta - SC,4781
4204400,420440,Coronel Freitas - SC,10388
4204459,420445,Coronel Martins - SC,2065
4204509,420450,Corupá - SC,15267
4204558,420455,Correia Pinto - SC,15727
4204608,420460,Criciúma - SC,214493
4204707,420470,Cunha Porã - SC,10953
4204756,420475,Cunhataí - SC,1968
4204806,420480,Curitibanos - SC,40045
4204905,420490,Descanso - SC,8530
4205001,420500,Dionísio Cerqueira - SC,15008
4205100,420510,Dona Emma - SC,4221
4205159,420515,Doutor Pedrinho - SC,3637
4205175,420517,Entre Rios - SC,3402
4205191,420519,Ermo - SC,2269
4205209,420520,Erval Velho - SC,4885
4205308,420530,Faxinal dos Guedes - SC,11192
4205357,420535,Flor do Sertão - SC,1783
4205407,420540,Florianópolis - SC,537211
4205431,420543,Formosa do Sul - SC,2682
4205456,420545,Forquilhinha - SC,31431
4205506,420550,Fraiburgo - SC,33481
4205555,420555,Frei Rogério - SC,2411
4205605,420560,Galvão - SC,3210
4205704,420570,Garopaba - SC,29959
4205803,420580,Garuva - SC,18545
4205902,420590,Gaspar - SC,72570
4206009,420600,Governador Celso Ramos - SC,16915
4206108,420610,Grão-Pará - SC,6277
4206207,420620,Gravatal - SC,12435
4206306,420630,Guabiruba - SC,24543
4206405,420640,Guaraciaba - SC,10796
4206504,420650,Guaramirim - SC,46711
4206603,420660,Guarujá do Sul - SC,4829
4206652,420665,Guatambú - SC,8425
4206702,420670,Herval d'Oeste - SC,21724
4206751,420675,Ibiam - SC,2008
4206801,420680,Ibicaré - SC,3269
4206900,420690,Ibirama - SC,19862
4207007,420700,Içara - SC,59035
4207106,420710,Ilhota - SC,17046
4207205,420720,Imaruí - SC,11881
4207304,420730,Imbituba - SC,52579
4207403,420740,Imbuia - SC,5982
4207502,420750,Indaial - SC,71549
4207577,420757,Iomerê - SC,2877
4207601,420760,Ipira - SC,4578
4207650,420765,Iporã do Oeste - SC,9335
4207684,420768,Ipuaçu - SC,7730
4207700,420770,Ipumirim - SC,7816
4207759,420775,Iraceminha - SC,3986
4207809,420780,Irani - SC,10195
4207858,420785,Irati - SC,2069
4207908,420790,Irineópolis - SC,10285
4208005,420800,Itá - SC,7067
4208104,420810,Itaiópolis - SC,22051
4208203,420820,Itajaí - SC,264054
4208302,420830,Itapema - SC,75940
4208401,420840,Itapiranga - SC,16638
4208450,420845,Itapoá - SC,30750
4208500,420850,Ituporanga - SC,26525
4208609,420860,Jaborá - SC,4310
4208708,420870,Jacinto Machado - SC,10624
4208807,420880,Jaguaruna - SC,20375
4208906,420890,Jaraguá do Sul - SC,182660
4208955,420895,Jardinópolis - SC,1776
4209003,420900,Joaçaba - SC,30146
4209102,420910,Joinville - SC,616317
4209151,420915,José Boiteux - SC,5985
4209177,420917,Jupiá - SC,2555
4209201,420920,Lacerdópolis - SC,2248
4209300,420930,Lages - SC,164981
4209409,420940,Laguna - SC,42785
4209458,420945,Lajeado Grande - SC,1702
4209508,420950,Laurentino - SC,7932
4209607,420960,Lauro Müller - SC,14381
4209706,420970,Lebon Régis - SC,11472
4209805,420980,Leoberto Leal - SC,3330
4209854,420985,Lindóia do Sul - SC,4549
4209904,420990,Lontras - SC,12873
4210001,421000,Luiz Alves - SC,11684
4210035,421003,Luzerna - SC,5794
4210050,421005,Macieira - SC,1778
4210100,421010,Mafra - SC,55286
4210209,421020,Major Gercino - SC,3214
4210308,421030,Major Vieira - SC,7425
4210407,421040,Maracajá - SC,7815
4210506,421050,Maravilha - SC,28251
4210555,421055,Marema - SC,2184
4210605,421060,Massaranduba - SC,17162
4210704,421070,Matos Costa - SC,2761
4210803,421080,Meleiro - SC,7006
4210852,421085,Mirim Doce - SC,2511
4210902,421090,Modelo - SC,4080
4211009,421100,Mondaí - SC,10066
4211058,421105,Monte Carlo - SC,9117
4211108,421110,Monte Castelo - SC,7736
4211207,421120,Morro da Fumaça - SC,18537
4211256,421125,Morro Grande - SC,3010
4211306,421130,Navegantes - SC,86401
4211405,421140,Nova Erechim - SC,5155
4211454,421145,Nova Itaberaba - SC,4536
4211504,421150,Nova Trento - SC,13727
4211603,421160,Nova Veneza - SC,13664
4211652,421165,Novo Horizonte - SC,2643
4211702,421170,Orleans - SC,23661
4211751,421175,Otacílio Costa - SC,17312
4211801,421180,Ouro - SC,7032
4211850,421185,Ouro Verde - SC,2181
4211876,421187,Paial - SC,1927
4211892,421189,Painel - SC,2215
4211900,421190,Palhoça - SC,222598
4212007,421200,Palma Sola - SC,7605
4212056,421205,Palmeira - SC,2561
4212106,421210,Palmitos - SC,15626
4212205,421220,Papanduva - SC,19150
4212239,421223,Paraíso - SC,4267
4212254,421225,Passo de Torres - SC,12897
4212270,421227,Passos Maia - SC,4034
4212304,421230,Paulo Lopes - SC,9063
4212403,421240,Pedras Grandes - SC,4245
4212502,421250,Penha - SC,33663
4212601,421260,Peritiba - SC,2992
4212650,421265,Pescaria Brava - SC,10190
4212700,421270,Petrolândia - SC,6716
4212809,421280,Balneário Piçarras - SC,27127
4212908,421290,Pinhalzinho - SC,21972
4213005,421300,Pinheiro Preto - SC,3473
4213104,421310,Piratuba - SC,5769
4213153,421315,Planalto Alegre - SC,2946
4213203,421320,Pomerode - SC,34289
4213302,421330,Ponte Alta - SC,4437
4213351,421335,Ponte Alta do Norte - SC,3210
4213401,421340,Ponte Serrada - SC,10649
4213500,421350,Porto Belo - SC,27688
4213609,421360,Porto União - SC,32970
4213708,421370,Pouso Redondo - SC,17123
4213807,421380,Praia Grande - SC,8270
4213906,421390,Presidente Castello Branco - SC,1689
4214003,421400,Presidente Getúlio - SC,20010
4214102,421410,Presidente Nereu - SC,2301
4214151,421415,Princesa - SC,2964
4214201,421420,Quilombo - SC,11022
4214300,421430,Rancho Queimado - SC,3279
4214409,421440,Rio das Antas - SC,6253
4214508,421450,Rio do Campo - SC,6452
4214607,421460,Rio do Oeste - SC,7747
4214706,421470,Rio dos Cedros - SC,10865
4214805,421480,Rio do Sul - SC,72587
4214904,421490,Rio Fortuna - SC,4847
4215000,421500,Rio Negrinho - SC,39261
4215059,421505,Rio Rufino - SC,2397
4215075,421507,Riqueza - SC,4768
4215109,421510,Rodeio - SC,12757
4215208,421520,Romelândia - SC,4823
4215307,421530,Salete - SC,7489
4215356,421535,Saltinho - SC,3632
4215406,421540,Salto Veloso - SC,4390
4215455,421545,Sangão - SC,12882
4215505,421550,Santa Cecília - SC,15546
4215554,421555,Santa Helena - SC,2425
4215604,421560,Santa Rosa de Lima - SC,2088
4215653,421565,Santa Rosa do Sul - SC,9792
4215679,421567,Santa Terezinha - SC,8066
4215687,421568,Santa Terezinha do Progresso - SC,2576
4215695,421569,Santiago do Sul - SC,1651
4215703,421570,Santo Amaro da Imperatriz - SC,27272
4215752,421575,São Bernardino - SC,2684
4215802,421580,São Bento do Sul - SC,83277
4215901,421590,São Bonifácio - SC,2946
4216008,421600,São Carlos - SC,10282
4216057,421605,São Cristóvão do Sul - SC,6084
4216107,421610,São Domingos - SC,9226
4216206,421620,São Francisco do Sul - SC,52674
4216255,421625,São João do Oeste - SC,6295
4216305,421630,São João Batista - SC,32687
4216354,421635,São João do Itaperiú - SC,4463
4216404,421640,São João do Sul - SC,8668
4216503,421650,São Joaquim - SC,25939
4216602,421660,São José - SC,270299
4216701,421670,São José do Cedro - SC,14167
4216800,421680,São José do Cerrito - SC,8708
4216909,421690,São Lourenço do Oeste - SC,24791
4217006,421700,São Ludgero - SC,13509
4217105,421710,São Martinho - SC,3405
4217154,421715,São Miguel da Boa Vista - SC,1781
4217204,421720,São Miguel do Oeste - SC,44330
4217253,421725,São Pedro de Alcântara - SC,5776
4217303,421730,Saudades - SC,10265
4217402,421740,Schroeder - SC,20061
4217501,421750,Seara - SC,18620
4217550,421755,Serra Alta - SC,3303
4217600,421760,Siderópolis - SC,13714
4217709,421770,Sombrio - SC,29991
4217758,421775,Sul Brasil - SC,2832
4217808,421780,Taió - SC,18310
4217907,421790,Tangará - SC,8143
4217956,421795,Tigrinhos - SC,2329
4218004,421800,Tijucas - SC,51592
4218103,421810,Timbé do Sul - SC,5386
4218202,421820,Timbó - SC,46099
4218251,421825,Timbó Grande - SC,7342
4218301,421830,Três Barras - SC,19746
4218350,421835,Treviso - SC,3782
4218400,421840,Treze de Maio - SC,7362
4218509,421850,Treze Tílias - SC,8787
4218608,421860,Trombudo Central - SC,7274
4218707,421870,Tubarão - SC,110088
4218756,421875,Tunápolis - SC,4916
4218806,421880,Turvo - SC,13043
4218855,421885,União do Oeste - SC,2774
4218905,421890,Urubici - SC,10834
4218954,421895,Urupema - SC,2656
4219002,421900,Urussanga - SC,20919
4219101,421910,Vargeão - SC,3634
4219150,421915,Vargem - SC,2627
4219176,421917,Vargem Bonita - SC,4576
4219200,421920,Vidal Ramos - SC,6189
4219309,421930,Videira - SC,55466
4219358,421935,Vitor Meireles - SC,5370
4219408,421940,Witmarsum - SC,4255
4219507,421950,Xanxerê - SC,51607
4219606,421960,Xavantina - SC,3653
4219705,421970,Xaxim - SC,31918
4219853,421985,Zortéa - SC,3930
4220000,422000,Balneário Rincão - SC,15981
4300034,430003,Aceguá - RS,4170
4300059,430005,Água Santa - RS,3912
4300109,430010,Agudo - RS,16041
4300208,430020,Ajuricaba - RS,6720
4300307,430030,Alecrim - RS,6123
4300406,430040,Alegrete - RS,72409
4300455,430045,Alegria - RS,3651
4300471,430047,Almirante Tamandaré do Sul - RS,1969
4300505,430050,Alpestre - RS,7117
4300554,430055,Alto Alegre - RS,1800
4300570,430057,Alto Feliz - RS,3072
4300604,430060,Alvorada - RS,187315
4300638,430063,Amaral Ferrador - RS,5310
4300646,430064,Ametista do Sul - RS,7650
4300661,430066,André da Rocha - RS,1135
4300703,430070,Anta Gorda - RS,5957
4300802,430080,Antônio Prado - RS,13045
4300851,430085,Arambaré - RS,4112
4300877,430087,Araricá - RS,8525
4300901,430090,Aratiba - RS,6483
4301008,430100,Arroio do Meio - RS,21958
4301057,430105,Arroio do Sal - RS,11057
4301073,430107,Arroio do Padre - RS,2599
4301107,430110,Arroio dos Ratos - RS,14601
4301206,430120,Arroio do Tigre - RS,12058
4301305,430130,Arroio Grande - RS,17558
4301404,430140,Arvorezinha - RS,10322
4301503,430150,Augusto Pestana - RS,7149
4301552,430155,Áurea - RS,3396
4301602,430160,Bagé - RS,117938
4301636,430163,Balneário Pinhal - RS,14955
4301651,430165,Barão - RS,6461
4301701,430170,Barão de Cotegipe - RS,7144
4301750,430175,Barão do Triunfo - RS,5889
4301800,430180,Barracão - RS,4831
4301859,430185,Barra do Guarita - RS,3161
4301875,430187,Barra do Quaraí - RS,4241
4301909,430190,Barra do Ribeiro - RS,12225
4301925,430192,Barra do Rio Azul - RS,1696
4301958,430195,Barra Funda - RS,2498
4302006,430200,Barros Cassal - RS,9296
4302055,430205,Benjamin Constant do Sul - RS,2082
4302105,430210,Bento Gonçalves - RS,123151
4302154,430215,Boa Vista das Missões - RS,1933
4302204,430220,Boa Vista do Buricá - RS,6966
4302220,430222,Boa Vista do Cadeado - RS,2229
4302238,430223,Boa Vista do Incra - RS,2271
4302253,430225,Boa Vista do Sul - RS,2779
4302303,430230,Bom Jesus - RS,11202
4302352,430235,Bom Princípio - RS,13142
4302378,430237,Bom Progresso - RS,2096
4302402,430240,Bom Retiro do Sul - RS,12294
4302451,430245,Boqueirão do Leão - RS,6247
4302501,430250,Bossoroca - RS,5890
4302584,430258,Bozano - RS,2151
4302600,430260,Braga - RS,3268
4302659,430265,Brochier - RS,4966
4302709,430270,Butiá - RS,19084
4302808,430280,Caçapava do Sul - RS,32515
4302907,430290,Cacequi - RS,11157
4303004,430300,Cachoeira do Sul - RS,80070
4303103,430310,Cachoeirinha - RS,136258
4303202,430320,Cacique Doble - RS,4603
4303301,430330,Caibaté - RS,4704
4303400,430340,Caiçara - RS,4836
4303509,430350,Camaquã - RS,62200
4303558,430355,Camargo - RS,2981
4303608,430360,Cambará do Sul - RS,6361
4303673,430367,Campestre da Serra - RS,3242
4303707,430370,Campina das Missões - RS,5882
4303806,430380,Campinas do Sul - RS,5284
4303905,430390,Campo Bom - RS,62886
4304002,430400,Campo Novo - RS,4975
4304101,430410,Campos Borges - RS,3613
4304200,430420,Candelária - RS,28906
4304309,430430,Cândido Godói - RS,6294
4304358,430435,Candiota - RS,10710
4304408,430440,Canela - RS,48946
4304507,430450,Canguçu - RS,49680
4304606,430460,Canoas - RS,347657
4304614,430461,Canudos do Vale - RS,1656
4304622,430462,Capão Bonito do Sul - RS,1733
4304630,430463,Capão da Canoa - RS,63594
4304655,430465,Capão do Cipó - RS,3119
4304663,430466,Capão do Leão - RS,26487
4304671,430467,Capivari do Sul - RS,3991
4304689,430468,Capela de Santana - RS,11159
4304697,430469,Capitão - RS,2921
4304705,430470,Carazinho - RS,61804
4304713,430471,Caraá - RS,7394
4304804,430480,Carlos Barbosa - RS,30420
4304853,430485,Carlos Gomes - RS,1368
4304903,430490,Casca - RS,9465
4304952,430495,Caseiros - RS,3000
4305009,430500,Catuípe - RS,8674
4305108,430510,Caxias do Sul - RS,463501
4305116,430511,Centenário - RS,2721
4305124,430512,Cerrito - RS,5808
4305132,430513,Cerro Branco - RS,3802
4305157,430515,Cerro Grande - RS,2379
4305173,430517,Cerro Grande do Sul - RS,9178
4305207,430520,Cerro Largo - RS,13705
4305306,430530,Chapada - RS,9540
4305355,430535,Charqueadas - RS,35012
4305371,430537,Charrua - RS,2768
4305405,430540,Chiapetta - RS,3913
4305439,430543,Chuí - RS,6262
4305447,430544,Chuvisca - RS,4597
4305454,430545,Cidreira - RS,17071
4305504,430550,Ciríaco - RS,4149
4305587,430558,Colinas - RS,2423
4305603,430560,Colorado - RS,3258
4305702,430570,Condor - RS,6406
4305801,430580,Constantina - RS,10385
4305835,430583,Coqueiro Baixo - RS,1290
4305850,430585,Coqueiros do Sul - RS,2211
4305871,430587,Coronel Barros - RS,2822
4305900,430590,Coronel Bicaco - RS,6144
4305934,430593,Coronel Pilar - RS,1607
4305959,430595,Cotiporã - RS,3846
4305975,430597,Coxilha - RS,2667
4306007,430600,Crissiumal - RS,12886
4306056,430605,Cristal - RS,7299
4306072,430607,Cristal do Sul - RS,2692
4306106,430610,Cruz Alta - RS,58913
4306130,430613,Cruzaltense - RS,1635
4306205,430620,Cruzeiro do Sul - RS,11600
4306304,430630,David Canabarro - RS,4321
4306320,430632,Derrubadas - RS,2751
4306353,430635,Dezesseis de Novembro - RS,2507
4306379,430637,Dilermando de Aguiar - RS,2806
4306403,430640,Dois Irmãos - RS,30709
4306429,430642,Dois Irmãos das Missões - RS,2090
4306452,430645,Dois Lajeados - RS,3097
4306502,430650,Dom Feliciano - RS,13051
4306551,430655,Dom Pedro de Alcântara - RS,2562
4306601,430660,Dom Pedrito - RS,36981
4306700,430670,Dona Francisca - RS,3079
4306734,430673,Doutor Maurício Cardoso - RS,4470
4306759,430675,Doutor Ricardo - RS,1888
4306767,430676,Eldorado do Sul - RS,39559
4306809,430680,Encantado - RS,22962
4306908,430690,Encruzilhada do Sul - RS,23819
4306924,430692,Engenho Velho - RS,1296
4306932,430693,Entre-Ijuís - RS,9158
4306957,430695,Entre Rios do Sul - RS,2685
4306973,430697,Erebango - RS,3054
4307005,430700,Erechim - RS,105705
4307054,430705,Ernestina - RS,3034
4307104,430710,Herval - RS,6191
4307203,430720,Erval Grande - RS,4930
4307302,430730,Erval Seco - RS,6787
4307401,430740,Esmeralda - RS,3195
4307450,430745,Esperança do Sul - RS,3226
4307500,430750,Espumoso - RS,15173
4307559,430755,Estação - RS,5582
4307609,430760,Estância Velha - RS,47924
4307708,430770,Esteio - RS,76137
4307807,430780,Estrela - RS,32183
4307815,430781,Estrela Velha - RS,3070
4307831,430783,Eugênio de Castro - RS,2633
4307864,430786,Fagundes Varela - RS,2566
4307906,430790,Farroupilha - RS,70286
4308003,430800,Faxinal do Soturno - RS,6702
4308052,430805,Faxinalzinho - RS,2520
4308078,430807,Fazenda Vilanova - RS,4291
4308102,430810,Feliz - RS,13764
4308201,430820,Flores da Cunha - RS,30892
4308250,430825,Floriano Peixoto - RS,1668
4308300,430830,Fontoura Xavier - RS,9550
4308409,430840,Formigueiro - RS,6413
4308433,430843,Forquetinha - RS,2393
4308458,430845,Fortaleza dos Valos - RS,4477
4308508,430850,Frederico Westphalen - RS,32627
4308607,430860,Garibaldi - RS,34335
4308656,430865,Garruchos - RS,2688
4308706,430870,Gaurama - RS,5665
4308805,430880,General Câmara - RS,7612
4308854,430885,Gentil - RS,1744
4308904,430890,Getúlio Vargas - RS,16602
4309001,430900,Giruá - RS,16013
4309050,430905,Glorinha - RS,7658
4309100,430910,Gramado - RS,40134
4309126,430912,Gramado dos Loureiros - RS,2014
4309159,430915,Gramado Xavier - RS,3304
4309209,430920,Gravataí - RS,265074
4309258,430925,Guabiju - RS,1417
4309308,430930,Guaíba - RS,92924
4309407,430940,Guaporé - RS,25268
4309506,430950,Guarani das Missões - RS,7415
4309555,430955,Harmonia - RS,5378
4309571,430957,Herveiras - RS,2565
4309605,430960,Horizontina - RS,18851
4309654,430965,Hulha Negra - RS,5976
4309704,430970,Humaitá - RS,4681
4309753,430975,Ibarama - RS,3732
4309803,430980,Ibiaçá - RS,4527
4309902,430990,Ibiraiaras - RS,6776
4309951,430995,Ibirapuitã - RS,3723
4310009,431000,Ibirubá - RS,21583
4310108,431010,Igrejinha - RS,32808
4310207,431020,Ijuí - RS,84780
4310306,431030,Ilópolis - RS,4157
4310330,431033,Imbé - RS,26824
4310363,431036,Imigrante - RS,3080
4310405,431040,Independência - RS,6427
4310413,431041,Inhacorá - RS,2014
4310439,431043,Ipê - RS,5399
4310462,431046,Ipiranga do Sul - RS,1720
4310504,431050,Iraí - RS,7482
4310538,431053,Itaara - RS,5572
4310553,431055,Itacurubi - RS,2995
4310579,431057,Itapuca - RS,1937
4310603,431060,Itaqui - RS,35768
4310652,431065,Itati - RS,2638
4310702,431070,Itatiba do Sul - RS,3208
4310751,431075,Ivorá - RS,1929
4310801,431080,Ivoti - RS,22983
4310850,431085,Jaboticaba - RS,3779
4310876,431087,Jacuizinho - RS,2040
4310900,431090,Jacutinga - RS,3338
4311007,431100,Jaguarão - RS,26603
4311106,431110,Jaguari - RS,10579
4311122,431112,Jaquirana - RS,3690
4311130,431113,Jari - RS,3349
4311155,431115,Jóia - RS,7184
4311205,431120,Júlio de Castilhos - RS,18226
4311239,431123,Lagoa Bonita do Sul - RS,2251
4311254,431125,Lagoão - RS,5341
4311270,431127,Lagoa dos Três Cantos - RS,1738
4311304,431130,Lagoa Vermelha - RS,27659
4311403,431140,Lajeado - RS,93646
4311429,431142,Lajeado do Bugre - RS,2601
4311502,431150,Lavras do Sul - RS,7157
4311601,431160,Liberato Salzano - RS,4781
4311627,431162,Lindolfo Collor - RS,6248
4311643,431164,Linha Nova - RS,1683
4311700,431170,Machadinho - RS,5735
4311718,431171,Maçambará - RS,4425
4311734,431173,Mampituba - RS,3131
4311759,431175,Manoel Viana - RS,6801
4311775,431177,Maquiné - RS,7418
4311791,431179,Maratá - RS,2470
4311809,431180,Marau - RS,45124
4311908,431190,Marcelino Ramos - RS,4320
4311981,431198,Mariana Pimentel - RS,3916
4312005,431200,Mariano Moro - RS,1858
4312054,431205,Marques de Souza - RS,3969
4312104,431210,Mata - RS,4698
4312138,431213,Mato Castelhano - RS,2553
4312153,431215,Mato Leitão - RS,4859
4312179,431217,Mato Queimado - RS,1795
4312203,431220,Maximiliano de Almeida - RS,4191
4312252,431225,Minas do Leão - RS,7505
4312302,431230,Miraguaí - RS,4427
4312351,431235,Montauri - RS,1499
4312377,431237,Monte Alegre dos Campos - RS,3180
4312385,431238,Monte Belo do Sul - RS,2557
4312401,431240,Montenegro - RS,64322
4312427,431242,Mormaço - RS,2756
4312443,431244,Morrinhos do Sul - RS,3071
4312450,431245,Morro Redondo - RS,6046
4312476,431247,Morro Reuter - RS,6029
4312500,431250,Mostardas - RS,12090
4312609,431260,Muçum - RS,4601
4312617,431261,Muitos Capões - RS,2879
4312625,431262,Muliterno - RS,1721
4312658,431265,Não-Me-Toque - RS,17898
4312674,431267,Nicolau Vergueiro - RS,1932
4312708,431270,Nonoai - RS,13719
4312757,431275,Nova Alvorada - RS,3163
4312807,431280,Nova Araçá - RS,4954
4312906,431290,Nova Bassano - RS,9649
4312955,431295,Nova Boa Vista - RS,2042
4313003,431300,Nova Bréscia - RS,3044
4313011,431301,Nova Candelária - RS,3061
4313037,431303,Nova Esperança do Sul - RS,4865
4313060,431306,Nova Hartz - RS,20088
4313086,431308,Nova Pádua - RS,2343
4313102,431310,Nova Palma - RS,5586
4313201,431320,Nova Petrópolis - RS,23300
4313300,431330,Nova Prata - RS,25692
4313334,431333,Nova Ramada - RS,2163
4313359,431335,Nova Roma do Sul - RS,3466
4313375,431337,Nova Santa Rita - RS,29024
4313391,431339,Novo Cabrais - RS,3568
4313409,431340,Novo Hamburgo - RS,227646
4313425,431342,Novo Machado - RS,3198
4313441,431344,Novo Tiradentes - RS,2146
4313466,431346,Novo Xingu - RS,1646
4313490,431349,Novo Barreiro - RS,4272
4313508,431350,Osório - RS,47396
4313607,431360,Paim Filho - RS,3629
4313656,431365,Palmares do Sul - RS,12844
4313706,431370,Palmeira das Missões - RS,33216
4313805,431380,Palmitinho - RS,7839
4313904,431390,Panambi - RS,43515
4313953,431395,Pantano Grande - RS,10212
4314001,431400,Paraí - RS,7194
4314027,431402,Paraíso do Sul - RS,6519
4314035,431403,Pareci Novo - RS,4319
4314050,431405,Parobé - RS,52058
4314068,431406,Passa Sete - RS,3983
4314076,431407,Passo do Sobrado - RS,6025
4314100,431410,Passo Fundo - RS,206215
4314134,431413,Paulo Bento - RS,2144
4314159,431415,Paverama - RS,7978
4314175,431417,Pedras Altas - RS,2061
4314209,431420,Pedro Osório - RS,7484
4314308,431430,Pejuçara - RS,3745
4314407,431440,Pelotas - RS,325685
4314423,431442,Picada Café - RS,5351
4314456,431445,Pinhal - RS,2959
4314464,431446,Pinhal da Serra - RS,2248
4314472,431447,Pinhal Grande - RS,3805
4314498,431449,Pinheirinho do Vale - RS,4540
4314506,431450,Pinheiro Machado - RS,11214
4314548,431454,Pinto Bandeira - RS,2723
4314555,431455,Pirapó - RS,2260
4314605,431460,Piratini - RS,17504
4314704,431470,Planalto - RS,10406
4314753,431475,Poço das Antas - RS,2171
4314779,431477,Pontão - RS,3296
4314787,431478,Ponte Preta - RS,1575
4314803,431480,Portão - RS,34071
4314902,431490,Porto Alegre - RS,1332845
4315008,431500,Porto Lucena - RS,4360
4315057,431505,Porto Mauá - RS,2142
4315073,431507,Porto Vera Cruz - RS,1560
4315107,431510,Porto Xavier - RS,9938
4315131,431513,Pouso Novo - RS,1739
4315149,431514,Presidente Lucena - RS,3077
4315156,431515,Progresso - RS,5340
4315172,431517,Protásio Alves - RS,2025
4315206,431520,Putinga - RS,3747
4315305,431530,Quaraí - RS,23500
4315313,431531,Quatro Irmãos - RS,1552
4315321,431532,Quevedos - RS,2507
4315354,431535,Quinze de Novembro - RS,3910
4315404,431540,Redentora - RS,9738
4315453,431545,Relvado - RS,1796
4315503,431550,Restinga Sêca - RS,14939
4315552,431555,Rio dos Índios - RS,2835
4315602,431560,Rio Grande - RS,191900
4315701,431570,Rio Pardo - RS,34654
4315750,431575,Riozinho - RS,4473
4315800,431580,Roca Sales - RS,10418
4315909,431590,Rodeio Bonito - RS,6654
4315958,431595,Rolador - RS,2291
4316006,431600,Rolante - RS,21253
4316105,431610,Ronda Alta - RS,9777
4316204,431620,Rondinha - RS,4991
4316303,431630,Roque Gonzales - RS,6576
4316402,431640,Rosário do Sul - RS,36630
4316428,431642,Sagrada Família - RS,2480
4316436,431643,Saldanha Marinho - RS,2575
4316451,431645,Salto do Jacuí - RS,10203
4316477,431647,Salvador das Missões - RS,2877
4316501,431650,Salvador do Sul - RS,6879
4316600,431660,Sananduva - RS,16399
4316709,431670,Santa Bárbara do Sul - RS,8122
4316733,431673,Santa Cecília do Sul - RS,1674
4316758,431675,Santa Clara do Sul - RS,6887
4316808,431680,Santa Cruz do Sul - RS,133230
4316907,431690,Santa Maria - RS,271735
4316956,431695,Santa Maria do Herval - RS,6340
4316972,431697,Santa Margarida do Sul - RS,2596
4317004,431700,Santana da Boa Vista - RS,7024
4317103,431710,Sant'Ana do Livramento - RS,84421
4317202,431720,Santa Rosa - RS,76963
4317251,431725,Santa Tereza - RS,1505
4317301,431730,Santa Vitória do Palmar - RS,30983
4317400,431740,Santiago - RS,48938
4317509,431750,Santo Ângelo - RS,76917
4317558,431755,Santo Antônio do Palma - RS,2091
4317608,431760,Santo Antônio da Patrulha - RS,42947
4317707,431770,Santo Antônio das Missões - RS,10300
4317756,431775,Santo Antônio do Planalto - RS,2089
4317806,431780,Santo Augusto - RS,13902
4317905,431790,Santo Cristo - RS,15320
4317954,431795,Santo Expedito do Sul - RS,2349
4318002,431800,São Borja - RS,59676
4318051,431805,São Domingos do Sul - RS,2754
4318101,431810,São Francisco de Assis - RS,17618
4318200,431820,São Francisco de Paula - RS,21893
4318309,431830,São Gabriel - RS,58487
4318408,431840,São Jerônimo - RS,21028
4318424,431842,São João da Urtiga - RS,4461
4318432,431843,São João do Polêsine - RS,2649
4318440,431844,São Jorge - RS,2912
4318457,431845,São José das Missões - RS,2362
4318465,431846,São José do Herval - RS,1902
4318481,431848,São José do Hortêncio - RS,4447
4318499,431849,São José do Inhacorá - RS,2406
4318507,431850,São José do Norte - RS,25443
4318606,431860,São José do Ouro - RS,6834
4318614,431861,São José do Sul - RS,2380
4318622,431862,São José dos Ausentes - RS,4172
4318705,431870,São Leopoldo - RS,217409
4318804,431880,São Lourenço do Sul - RS,41989
4318903,431890,São Luiz Gonzaga - RS,34752
4319000,431900,São Marcos - RS,21084
4319109,431910,São Martinho - RS,5481
4319125,431912,São Martinho da Serra - RS,2860
4319158,431915,São Miguel das Missões - RS,7056
4319208,431920,São Nicolau - RS,5118
4319307,431930,São Paulo das Missões - RS,5846
4319356,431935,São Pedro da Serra - RS,3548
4319364,431936,São Pedro das Missões - RS,1757
4319372,431937,São Pedro do Butiá - RS,3070
4319406,431940,São Pedro do Sul - RS,15577
4319505,431950,São Sebastião do Caí - RS,24428
4319604,431960,São Sepé - RS,21219
4319703,431970,São Valentim - RS,3264
4319711,431971,São Valentim do Sul - RS,2207
4319737,431973,São Valério do Sul - RS,2543
4319752,431975,São Vendelino - RS,2251
4319802,431980,São Vicente do Sul - RS,8097
4319901,431990,Sapiranga - RS,75648
4320008,432000,Sapucaia do Sul - RS,132107
4320107,432010,Sarandi - RS,22851
4320206,432020,Seberi - RS,11950
4320230,432023,Sede Nova - RS,2704
4320263,432026,Segredo - RS,6009
4320305,432030,Selbach - RS,5107
4320321,432032,Senador Salgado Filho - RS,2673
4320354,432035,Sentinela do Sul - RS,5306
4320404,432040,Serafina Corrêa - RS,16961
4320453,432045,Sério - RS,1941
4320503,432050,Sertão - RS,5541
4320552,432055,Sertão Santana - RS,5863
4320578,432057,Sete de Setembro - RS,1830
4320602,432060,Severiano de Almeida - RS,3406
4320651,432065,Silveira Martins - RS,2028
4320677,432067,Sinimbu - RS,8578
4320701,432070,Sobradinho - RS,14226
4320800,432080,Soledade - RS,29991
4320859,432085,Tabaí - RS,4461
4320909,432090,Tapejara - RS,24557
4321006,432100,Tapera - RS,10592
4321105,432110,Tapes - RS,14695
4321204,432120,Taquara - RS,53242
4321303,432130,Taquari - RS,25198
4321329,432132,Taquaruçu do Sul - RS,3119
4321352,432135,Tavares - RS,5212
4321402,432140,Tenente Portela - RS,14497
4321436,432143,Terra de Areia - RS,10334
4321451,432145,Teutônia - RS,32797
4321469,432146,Tio Hugo - RS,3267
4321477,432147,Tiradentes do Sul - RS,5129
4321493,432149,Toropi - RS,2554
4321501,432150,Torres - RS,41751
4321600,432160,Tramandaí - RS,54387
4321626,432162,Travesseiro - RS,2152
4321634,432163,Três Arroios - RS,2591
4321667,432166,Três Cachoeiras - RS,10962
4321709,432170,Três Coroas - RS,24425
4321808,432180,Três de Maio - RS,24916
4321832,432183,Três Forquilhas - RS,2760
4321857,432185,Três Palmeiras - RS,4716
4321907,432190,Três Passos - RS,25436
4321956,432195,Trindade do Sul - RS,7556
4322004,432200,Triunfo - RS,27498
4322103,432210,Tucunduva - RS,5542
4322152,432215,Tunas - RS,3681
4322186,432218,Tupanci do Sul - RS,1374
4322202,432220,Tupanciretã - RS,20005
4322251,432225,Tupandi - RS,5029
4322301,432230,Tuparendi - RS,8363
4322327,432232,Turuçu - RS,3419
4322343,432234,Ubiretama - RS,1994
4322350,432235,União da Serra - RS,1170
4322376,432237,Unistalda - RS,1995
4322400,432240,Uruguaiana - RS,117210
4322509,432250,Vacaria - RS,64197
4322525,432252,Vale Verde - RS,3150
4322533,432253,Vale do Sol - RS,9897
4322541,432254,Vale Real - RS,6058
4322558,432255,Vanini - RS,2004
4322608,432260,Venâncio Aires - RS,68763
4322707,432270,Vera Cruz - RS,26710
4322806,432280,Veranópolis - RS,24021
4322855,432285,Vespasiano Corrêa - RS,1818
4322905,432290,Viadutos - RS,4769
4323002,432300,Viamão - RS,224112
4323101,432310,Vicente Dutra - RS,4665
4323200,432320,Victor Graeff - RS,2780
4323309,432330,Vila Flores - RS,3646
4323358,432335,Vila Lângaro - RS,2079
4323408,432340,Vila Maria - RS,4413
4323457,432345,Vila Nova do Sul - RS,3863
4323507,432350,Vista Alegre - RS,2660
4323606,432360,Vista Alegre do Prata - RS,1590
4323705,432370,Vista Gaúcha - RS,2783
4323754,432375,Vitória das Missões - RS,3260
4323770,432377,Westfália - RS,3098
4323804,432380,Xangri-lá - RS,16463
5000203,500020,Água Clara - MS,16741
5000252,500025,Alcinópolis - MS,4537
5000609,500060,Amambai - MS,39325
5000708,500070,Anastácio - MS,24114
5000807,500080,Anaurilândia - MS,7653
5000856,500085,Angélica - MS,10729
5000906,500090,Antônio João - MS,9303
5001003,500100,Aparecida do Taboado - MS,27674
5001102,500110,Aquidauana - MS,46803
5001243,500124,Aral Moreira - MS,10748
5001508,500150,Bandeirantes - MS,7940
5001904,500190,Bataguassu - MS,23031
5002001,500200,Batayporã - MS,10712
5002100,500210,Bela Vista - MS,21613
5002159,500215,Bodoquena - MS,8567
5002209,500220,Bonito - MS,23659
5002308,500230,Brasilândia - MS,11579
5002407,500240,Caarapó - MS,30612
5002605,500260,Camapuã - MS,13583
5002704,500270,Campo Grande - MS,898100
5002803,500280,Caracol - MS,5036
5002902,500290,Cassilândia - MS,20988
5002951,500295,Chapadão do Sul - MS,30993
5003108,500310,Corguinho - MS,4783
5003157,500315,Coronel Sapucaia - MS,14289
5003207,500320,Corumbá - MS,96268
5003256,500325,Costa Rica - MS,26037
5003306,500330,Coxim - MS,32151
5003454,500345,Deodápolis - MS,13663
5003488,500348,Dois Irmãos do Buriti - MS,11100
5003504,500350,Douradina - MS,5578
5003702,500370,Dourados - MS,243367
5003751,500375,Eldorado - MS,11386
5003801,500380,Fátima do Sul - MS,20609
5003900,500390,Figueirão - MS,3539
5004007,500400,Glória de Dourados - MS,10444
5004106,500410,Guia Lopes da Laguna - MS,9940
5004304,500430,Iguatemi - MS,13808
5004403,500440,Inocência - MS,8404
5004502,500450,Itaporã - MS,24137
5004601,500460,Itaquiraí - MS,19423
5004700,500470,Ivinhema - MS,27821
5004809,500480,Japorã - MS,8148
5004908,500490,Jaraguari - MS,7139
5005004,500500,Jardim - MS,23981
5005103,500510,Jateí - MS,3586
5005152,500515,Juti - MS,6729
5005202,500520,Ladário - MS,21522
5005251,500525,Laguna Carapã - MS,6799
5005400,500540,Maracaju - MS,45047
5005608,500560,Miranda - MS,25536
5005681,500568,Mundo Novo - MS,19193
5005707,500570,Naviraí - MS,50457
5005806,500580,Nioaque - MS,13220
5006002,500600,Nova Alvorada do Sul - MS,21822
5006200,500620,Nova Andradina - MS,48563
5006259,500625,Novo Horizonte do Sul - MS,4721
5006275,500627,Paraíso das Águas - MS,5510
5006309,500630,Paranaíba - MS,40957
5006358,500635,Paranhos - MS,12921
5006408,500640,Pedro Gomes - MS,6941
5006606,500660,Ponta Porã - MS,92017
5006903,500690,Porto Murtinho - MS,12859
5007109,500710,Ribas do Rio Pardo - MS,23150
5007208,500720,Rio Brilhante - MS,37601
5007307,500730,Rio Negro - MS,4841
5007406,500740,Rio Verde de Mato Grosso - MS,19818
5007505,500750,Rochedo - MS,5199
5007554,500755,Santa Rita do Pardo - MS,7027
5007695,500769,São Gabriel do Oeste - MS,29579
5007703,500770,Sete Quedas - MS,10994
5007802,500780,Selvíria - MS,8142
5007901,500790,Sidrolândia - MS,47118
5007935,500793,Sonora - MS,14516
5007950,500795,Tacuru - MS,10808
5007976,500797,Taquarussu - MS,3625
5008008,500800,Terenos - MS,17652
5008305,500830,Três Lagoas - MS,132152
5008404,500840,Vicentina - MS,6336
5100102,510010,Acorizal - MT,5014
5100201,510020,Água Boa - MT,29219
5100250,510025,Alta Floresta - MT,58613
5100300,510030,Alto Araguaia - MT,17193
5100359,510035,Alto Boa Vista - MT,5715
5100409,510040,Alto Garças - MT,13052
5100508,510050,Alto Paraguai - MT,8009
5100607,510060,Alto Taquari - MT,10904
5100805,510080,Apiacás - MT,8590
5101001,510100,Araguaiana - MT,3795
5101209,510120,Araguainha - MT,1010
5101258,510125,Araputanga - MT,14786
5101308,510130,Arenápolis - MT,10576
5101407,510140,Aripuanã - MT,24626
5101605,510160,Barão de Melgaço - MT,7253
5101704,510170,Barra do Bugres - MT,29403
5101803,510180,Barra do Garças - MT,69210
5101852,510185,Bom Jesus do Araguaia - MT,7280
5101902,510190,Brasnorte - MT,17004
5102504,510250,Cáceres - MT,89681
5102603,510260,Campinápolis - MT,15347
5102637,510263,Campo Novo do Parecis - MT,45899
5102678,510267,Campo Verde - MT,44585
5102686,510268,Campos de Júlio - MT,8822
5102694,510269,Canabrava do Norte - MT,4485
5102702,510270,Canarana - MT,25858
5102793,510279,Carlinda - MT,10332
5102850,510285,Castanheira - MT,7506
5103007,510300,Chapada dos Guimarães - MT,18990
5103056,510305,Cláudia - MT,9593
5103106,510310,Cocalinho - MT,6220
5103205,510320,Colíder - MT,31370
5103254,510325,Colniza - MT,25766
5103304,510330,Comodoro - MT,18238
5103353,510335,Confresa - MT,35075
5103361,510336,Conquista D'Oeste - MT,3760
5103379,510337,Cotriguaçu - MT,11011
5103403,510340,Cuiabá - MT,650877
5103437,510343,Curvelândia - MT,4903
5103452,510345,Denise - MT,7014
5103502,510350,Diamantino - MT,21941
5103601,510360,Dom Aquino - MT,7872
5103700,510370,Feliz Natal - MT,10521
5103809,510380,Figueirópolis D'Oeste - MT,3187
5103858,510385,Gaúcha do Norte - MT,8642
5103908,510390,General Carneiro - MT,6037
5103957,510395,Glória D'Oeste - MT,2905
5104104,510410,Guarantã do Norte - MT,31024
5104203,510420,Guiratinga - MT,10966
5104500,510450,Indiavaí - MT,2213
5104526,510452,Ipiranga do Norte - MT,7815
5104542,510454,Itanhangá - MT,7539
5104559,510455,Itaúba - MT,5020
5104609,510460,Itiquira - MT,12236
5104807,510480,Jaciara - MT,28569
5104906,510490,Jangada - MT,7426
5105002,510500,Jauru - MT,8367
5105101,510510,Juara - MT,34906
5105150,510515,Juína - MT,45869
5105176,510517,Juruena - MT,10213
5105200,510520,Juscimeira - MT,11480
5105234,510523,Lambari D'Oeste - MT,4790
5105259,510525,Lucas do Rio Verde - MT,83798
5105309,510530,Luciara - MT,2509
5105507,510550,Vila Bela da Santíssima Trindade - MT,16774
5105580,510558,Marcelândia - MT,11396
5105606,510560,Matupá - MT,20091
5105622,510562,Mirassol d'Oeste - MT,26785
5105903,510590,Nobres - MT,15492
5106000,510600,Nortelândia - MT,5956
5106109,510610,Nossa Senhora do Livramento - MT,12940
5106158,510615,Nova Bandeirantes - MT,13635
5106174,510617,Nova Nazaré - MT,4200
5106182,510618,Nova Lacerda - MT,6670
5106190,510619,Nova Santa Helena - MT,4239
5106208,510620,Nova Brasilândia - MT,3932
5106216,510621,Nova Canaã do Norte - MT,11707
5106224,510622,Nova Mutum - MT,55839
5106232,510623,Nova Olímpia - MT,16352
5106240,510624,Nova Ubiratã - MT,11530
5106257,510625,Nova Xavantina - MT,24345
5106265,510626,Novo Mundo - MT,6520
5106273,510627,Novo Horizonte do Norte - MT,3349
5106281,510628,Novo São Joaquim - MT,6919
5106299,510629,Paranaíta - MT,11671
5106307,510630,Paranatinga - MT,26423
5106315,510631,Novo Santo Antônio - MT,2015
5106372,510637,Pedra Preta - MT,18066
5106422,510642,Peixoto de Azevedo - MT,32714
5106455,510645,Planalto da Serra - MT,3166
5106505,510650,Poconé - MT,31217
5106653,510665,Pontal do Araguaia - MT,6932
5106703,510670,Ponte Branca - MT,2008
5106752,510675,Pontes e Lacerda - MT,52018
5106778,510677,Porto Alegre do Norte - MT,12127
5106802,510680,Porto dos Gaúchos - MT,5593
5106828,510682,Porto Esperidião - MT,10204
5106851,510685,Porto Estrela - MT,3224
5107008,510700,Poxoréu - MT,23283
5107040,510704,Primavera do Leste - MT,85146
5107065,510706,Querência - MT,26769
5107107,510710,São José dos Quatro Marcos - MT,17849
5107156,510715,Reserva do Cabaçal - MT,2122
5107180,510718,Ribeirão Cascalheira - MT,10089
5107198,510719,Ribeirãozinho - MT,2593
5107206,510720,Rio Branco - MT,4535
5107248,510724,Santa Carmem - MT,5374
5107263,510726,Santo Afonso - MT,2519
5107297,510729,São José do Povo - MT,2875
5107305,510730,São José do Rio Claro - MT,14911
5107354,510735,São José do Xingu - MT,5964
5107404,510740,São Pedro da Cipa - MT,4191
5107578,510757,Rondolândia - MT,3505
5107602,510760,Rondonópolis - MT,244911
5107701,510770,Rosário Oeste - MT,15453
5107743,510774,Santa Cruz do Xingu - MT,2661
5107750,510775,Salto do Céu - MT,3679
5107768,510776,Santa Rita do Trivelato - MT,3276
5107776,510777,Santa Terezinha - MT,7596
5107792,510779,Santo Antônio do Leste - MT,4099
5107800,510780,Santo Antônio de Leverger - MT,15246
5107859,510785,São Félix do Araguaia - MT,13621
5107875,510787,Sapezal - MT,28944
5107883,510788,Serra Nova Dourada - MT,1800
5107909,510790,Sinop - MT,196312
5107925,510792,Sorriso - MT,110635
5107941,510794,Tabaporã - MT,9818
5107958,510795,Tangará da Serra - MT,106434
5108006,510800,Tapurah - MT,14370
5108055,510805,Terra Nova do Norte - MT,10616
5108105,510810,Tesouro - MT,3025
5108204,510820,Torixoréu - MT,4164
5108303,510830,União do Sul - MT,3838
5108352,510835,Vale de São Domingos - MT,2904
5108402,510840,Várzea Grande - MT,300078
5108501,510850,Vera - MT,12800
5108600,510860,Vila Rica - MT,19888
5108808,510880,Nova Guarita - MT,4590
5108857,510885,Nova Marilândia - MT,3529
5108907,510890,Nova Maringá - MT,5846
5108956,510895,Nova Monte Verde - MT,8313
5200050,520005,Abadia de Goiás - GO,19128
5200100,520010,Abadiânia - GO,17232
5200134,520013,Acreúna - GO,21568
5200159,520015,Adelândia - GO,2297
5200175,520017,Água Fria de Goiás - GO,4954
5200209,520020,Água Limpa - GO,1858
5200258,520025,Águas Lindas de Goiás - GO,225693
5200308,520030,Alexânia - GO,27008
5200506,520050,Aloândia - GO,1973
5200555,520055,Alto Horizonte - GO,6072
5200605,520060,Alto Paraíso de Goiás - GO,10306
5200803,520080,Alvorada do Norte - GO,8446
5200829,520082,Amaralina - GO,3268
5200852,520085,Americano do Brasil - GO,5259
5200902,520090,Amorinópolis - GO,3007
5201108,520110,Anápolis - GO,398869
5201207,520120,Anhanguera - GO,924
5201306,520130,Anicuns - GO,18503
5201405,520140,Aparecida de Goiânia - GO,527796
5201454,520145,Aparecida do Rio Doce - GO,2907
5201504,520150,Aporé - GO,4325
5201603,520160,Araçu - GO,3799
5201702,520170,Aragarças - GO,18390
5201801,520180,Aragoiânia - GO,11890
5202155,520215,Araguapaz - GO,7153
5202353,520235,Arenópolis - GO,2946
5202502,520250,Aruanã - GO,8300
5202601,520260,Aurilândia - GO,3284
5202809,520280,Avelinópolis - GO,2868
5203104,520310,Baliza - GO,3351
5203203,520320,Barro Alto - GO,10371
5203302,520330,Bela Vista de Goiás - GO,34445
5203401,520340,Bom Jardim de Goiás - GO,7826
5203500,520350,Bom Jesus de Goiás - GO,23958
5203559,520355,Bonfinópolis - GO,10296
5203575,520357,Bonópolis - GO,3299
5203609,520360,Brazabrantes - GO,3992
5203807,520380,Britânia - GO,5695
5203906,520390,Buriti Alegre - GO,10495
5203939,520393,Buriti de Goiás - GO,2732
5203962,520396,Buritinópolis - GO,3145
5204003,520400,Cabeceiras - GO,7560
5204102,520410,Cachoeira Alta - GO,11513
5204201,520420,Cachoeira de Goiás - GO,1405
5204250,520425,Cachoeira Dourada - GO,7782
5204300,520430,Caçu - GO,13774
5204409,520440,Caiapônia - GO,16513
5204508,520450,Caldas Novas - GO,98622
5204557,520455,Caldazinha - GO,4507
5204607,520460,Campestre de Goiás - GO,3755
5204656,520465,Campinaçu - GO,3708
5204706,520470,Campinorte - GO,12510
5204805,520480,Campo Alegre de Goiás - GO,7422
5204854,520485,Campo Limpo de Goiás - GO,8081
5204904,520490,Campos Belos - GO,18108
5204953,520495,Campos Verdes - GO,4005
5205000,520500,Carmo do Rio Verde - GO,9710
5205059,520505,Castelândia - GO,2985
5205109,520510,Catalão - GO,114427
5205208,520520,Caturaí - GO,5184
5205307,520530,Cavalcante - GO,9583
5205406,520540,Ceres - GO,22046
5205455,520545,Cezarina - GO,8090
5205471,520547,Chapadão do Céu - GO,12870
5205497,520549,Cidade Ocidental - GO,91767
5205513,520551,Cocalzinho de Goiás - GO,25016
5205521,520552,Colinas do Sul - GO,4030
5205703,520570,Córrego do Ouro - GO,2454
5205802,520580,Corumbá de Goiás - GO,10562
5205901,520590,Corumbaíba - GO,9164
5206206,520620,Cristalina - GO,62337
5206305,520630,Cristianópolis - GO,3504
5206404,520640,Crixás - GO,17065
5206503,520650,Cromínia - GO,3883
5206602,520660,Cumari - GO,2927
5206701,520670,Damianópolis - GO,3770
5206800,520680,Damolândia - GO,2724
5206909,520690,Davinópolis - GO,1902
5207105,520710,Diorama - GO,2062
5207253,520725,Doverlândia - GO,6956
5207352,520735,Edealina - GO,4001
5207402,520740,Edéia - GO,11747
5207501,520750,Estrela do Norte - GO,3205
5207535,520753,Faina - GO,7070
5207600,520760,Fazenda Nova - GO,5877
5207808,520780,Firminópolis - GO,10419
5207907,520790,Flores de Goiás - GO,13744
5208004,520800,Formosa - GO,115901
5208103,520810,Formoso - GO,4660
5208152,520815,Gameleira de Goiás - GO,3456
5208301,520830,Divinópolis de Goiás - GO,4457
5208400,520840,Goianápolis - GO,13967
5208509,520850,Goiandira - GO,4973
5208608,520860,Goianésia - GO,73707
5208707,520870,Goiânia - GO,1437366
5208806,520880,Goianira - GO,71916
5208905,520890,Goiás - GO,24071
5209101,520910,Goiatuba - GO,35664
5209150,520915,Gouvelândia - GO,4390
5209200,520920,Guapó - GO,19545
5209291,520929,Guaraíta - GO,2188
5209408,520940,Guarani de Goiás - GO,4085
5209457,520945,Guarinos - GO,2161
5209606,520960,Heitoraí - GO,3354
5209705,520970,Hidrolândia - GO,27742
5209804,520980,Hidrolina - GO,3545
5209903,520990,Iaciara - GO,10584
5209937,520993,Inaciolândia - GO,5954
5209952,520995,Indiara - GO,17061
5210000,521000,Inhumas - GO,52204
5210109,521010,Ipameri - GO,25548
5210158,521015,Ipiranga de Goiás - GO,2919
5210208,521020,Iporá - GO,35684
5210307,521030,Israelândia - GO,2560
5210406,521040,Itaberaí - GO,44734
5210562,521056,Itaguari - GO,4963
5210604,521060,Itaguaru - GO,4904
5210802,521080,Itajá - GO,4380
5210901,521090,Itapaci - GO,21087
5211008,521100,Itapirapuã - GO,8007
5211206,521120,Itapuranga - GO,26113
5211305,521130,Itarumã - GO,6101
5211404,521140,Itauçu - GO,7736
5211503,521150,Itumbiara - GO,107970
5211602,521160,Ivolândia - GO,2693
5211701,521170,Jandaia - GO,6272
5211800,521180,Jaraguá - GO,45223
5211909,521190,Jataí - GO,105729
5212006,521200,Jaupaci - GO,2924
5212055,521205,Jesúpolis - GO,2123
5212105,521210,Joviânia - GO,7159
5212204,521220,Jussara - GO,19620
5212253,521225,Lagoa Santa - GO,1390
5212303,521230,Leopoldo de Bulhões - GO,8745
5212501,521250,Luziânia - GO,209129
5212600,521260,Mairipotaba - GO,2561
5212709,521270,Mambaí - GO,8124
5212808,521280,Mara Rosa - GO,10700
5212907,521290,Marzagão - GO,2758
5212956,521295,Matrinchã - GO,4042
5213004,521300,Maurilândia - GO,10304
5213053,521305,Mimoso de Goiás - GO,2614
5213087,521308,Minaçu - GO,27075
5213103,521310,Mineiros - GO,70081
5213400,521340,Moiporá - GO,1685
5213509,521350,Monte Alegre de Goiás - GO,6692
5213707,521370,Montes Claros de Goiás - GO,8756
5213756,521375,Montividiu - GO,12521
5213772,521377,Montividiu do Norte - GO,3779
5213806,521380,Morrinhos - GO,51351
5213855,521385,Morro Agudo de Goiás - GO,2456
5213905,521390,Mossâmedes - GO,4654
5214002,521400,Mozarlândia - GO,14750
5214051,521405,Mundo Novo - GO,6189
5214101,521410,Mutunópolis - GO,3564
5214408,521440,Nazário - GO,8189
5214507,521450,Nerópolis - GO,31932
5214606,521460,Niquelândia - GO,34964
5214705,521470,Nova América - GO,2337
5214804,521480,Nova Aurora - GO,2101
5214838,521483,Nova Crixás - GO,12815
5214861,521486,Nova Glória - GO,8310
5214879,521487,Nova Iguaçu de Goiás - GO,3010
5214903,521490,Nova Roma - GO,3076
5215009,521500,Nova Veneza - GO,9481
5215207,521520,Novo Brasil - GO,3527
5215231,521523,Novo Gama - GO,103804
5215256,521525,Novo Planalto - GO,3716
5215306,521530,Orizona - GO,16399
5215405,521540,Ouro Verde de Goiás - GO,4057
5215504,521550,Ouvidor - GO,7200
5215603,521560,Padre Bernardo - GO,34967
5215652,521565,Palestina de Goiás - GO,3132
5215702,521570,Palmeiras de Goiás - GO,31858
5215801,521580,Palmelo - GO,2259
5215900,521590,Palminópolis - GO,3851
5216007,521600,Panamá - GO,2455
5216304,521630,Paranaiguara - GO,7607
5216403,521640,Paraúna - GO,10659
5216452,521645,Perolândia - GO,2964
5216809,521680,Petrolina de Goiás - GO,9573
5216908,521690,Pilar de Goiás - GO,2328
5217104,521710,Piracanjuba - GO,24883
5217203,521720,Piranhas - GO,11712
5217302,521730,Pirenópolis - GO,26690
5217401,521740,Pires do Rio - GO,32373
5217609,521760,Planaltina - GO,105031
5217708,521770,Pontalina - GO,18309
5218003,521800,Porangatu - GO,44317
5218052,521805,Porteirão - GO,4070
5218102,521810,Portelândia - GO,3280
5218300,521830,Posse - GO,34914
5218391,521839,Professor Jamil - GO,3649
5218508,521850,Quirinópolis - GO,48447
5218607,521860,Rialma - GO,12165
5218706,521870,Rianápolis - GO,3980
5218789,521878,Rio Quente - GO,3864
5218805,521880,Rio Verde - GO,225696
5218904,521890,Rubiataba - GO,19788
5219001,521900,Sanclerlândia - GO,7918
5219100,521910,Santa Bárbara de Goiás - GO,6149
5219209,521920,Santa Cruz de Goiás - GO,3002
5219258,521925,Santa Fé de Goiás - GO,4951
5219308,521930,Santa Helena de Goiás - GO,38492
5219357,521935,Santa Isabel - GO,3538
5219407,521940,Santa Rita do Araguaia - GO,5924
5219456,521945,Santa Rita do Novo Destino - GO,2689
5219506,521950,Santa Rosa de Goiás - GO,2820
5219605,521960,Santa Tereza de Goiás - GO,3293
5219704,521970,Santa Terezinha de Goiás - GO,10645
5219712,521971,Santo Antônio da Barra - GO,4267
5219738,521973,Santo Antônio de Goiás - GO,7386
5219753,521975,Santo Antônio do Descoberto - GO,72127
5219803,521980,São Domingos - GO,9711
5219902,521990,São Francisco de Goiás - GO,6378
5220009,522000,São João d'Aliança - GO,14041
5220058,522005,São João da Paraúna - GO,1774
5220108,522010,São Luís de Montes Belos - GO,33852
5220157,522015,São Luiz do Norte - GO,4837
5220207,522020,São Miguel do Araguaia - GO,21900
5220264,522026,São Miguel do Passa Quatro - GO,4464
5220280,522028,São Patrício - GO,2143
5220405,522040,São Simão - GO,17020
5220454,522045,Senador Canedo - GO,155635
5220504,522050,Serranópolis - GO,8027
5220603,522060,Silvânia - GO,22245
5220686,522068,Simolândia - GO,5742
5220702,522070,Sítio d'Abadia - GO,2927
5221007,522100,Taquaral de Goiás - GO,4026
5221080,522108,Teresina de Goiás - GO,2701
5221197,522119,Terezópolis de Goiás - GO,7944
5221304,522130,Três Ranchos - GO,2921
5221403,522140,Trindade - GO,142431
5221452,522145,Trombas - GO,3120
5221502,522150,Turvânia - GO,4480
5221551,522155,Turvelândia - GO,4985
5221577,522157,Uirapuru - GO,2798
5221601,522160,Uruaçu - GO,42546
5221700,522170,Uruana - GO,13729
5221809,522180,Urutaí - GO,3553
5221858,522185,Valparaíso de Goiás - GO,198861
5221908,522190,Varjão - GO,3716
5222005,522200,Vianópolis - GO,14956
5222054,522205,Vicentinópolis - GO,8768
5222203,522220,Vila Boa - GO,4215
5222302,522230,Vila Propício - GO,5815
5300108,530010,Brasília - DF,2817381
