cod_ibge6,cod_ibge7,municipio_uf,uf,ivs_2010,populacao_2010,idhm_2010,rdpc_2010,faixa,bolsa,n_medicos,taxa_preench,q_local_total,q_ext_total,q_global_total,r_local,r_global,r_diag_global_1000,r_cons_global_1000,r_cirurgica,horas_viagem_poupadas_ano,viagens_evitadas_ano,economia_transporte_ano,qalys_gerados,indice_kling_katz
530010,5300108,Brasília (DF),53,0.315,711540.0,0.799,1157.82,Faixa 2 (R$ 15k),15000.0,4,0.88,9120.0,27190.0,36310.0,0.2512,51.03,19.13,31.9,1.0,45090,6513,553605.0,792.96,0.34086378914580145
520013,5200134,Acreúna (GO),52,0.327,4912.0,0.669,462.5,Faixa 2 (R$ 15k),15000.0,0,0.7,6153.0,11972.0,18125.0,0.3395,3689.94,1221.91,2468.04,0.0,0,0,0.0,0.0,-0.33752613889751004
520015,5200159,Adelândia (GO),52,0.283,672.0,0.684,417.7,Faixa 3 (R$ 10k),10000.0,0,0.35,0.0,1842.0,1842.0,0.0,2741.07,1443.45,1297.62,0.0,0,0,0.0,0.0,-0.5243142634721318
520050,5200506,Aloândia (GO),52,0.279,395.0,0.68,503.41,Faixa 3 (R$ 10k),10000.0,0,0.35,109.0,935.0,1044.0,0.1044,2643.04,1022.78,1620.25,0.0,0,0,0.0,0.0,-0.4810164524731249
520055,5200555,Alto Horizonte (GO),52,0.233,1226.0,0.713,521.27,Faixa 3 (R$ 10k),10000.0,0,0.35,1566.0,5105.0,6671.0,0.2347,5441.27,2646.0,2795.27,0.0,0,0,0.0,0.0,-0.3338060978743886
520060,5200605,Alto Paraíso de Goiás (GO),52,0.3,1652.0,0.721,461.63,Faixa 3 (R$ 10k),10000.0,0,0.35,710.0,3476.0,4186.0,0.1696,2533.9,1191.28,1342.62,0.0,0,0,0.0,0.0,-0.4434144668572088
520080,5200803,Alvorada do Norte (GO),52,0.406,2422.0,0.675,371.34,Faixa 1 (R$ 20k),20000.0,0,0.8,1448.0,11383.0,12831.0,0.1129,5297.69,1989.27,3308.42,0.0,0,0,0.0,0.0,-0.4173735545546672
520085,5200852,Americano do Brasil (GO),52,0.345,1224.0,0.715,484.17,Faixa 2 (R$ 15k),15000.0,0,0.7,0.0,4785.0,4785.0,0.0,3909.31,1535.13,2374.18,0.0,0,0,0.0,0.0,-0.5069415462119075
520090,5200902,Amorinópolis (GO),52,0.427,544.0,0.675,449.96,Faixa 1 (R$ 20k),20000.0,0,0.8,477.0,2013.0,2490.0,0.1916,4577.21,2181.99,2395.22,0.0,0,0,0.0,0.0,-0.3798200614517345
520130,5201306,Anicuns (GO),52,0.257,4214.0,0.714,506.27,Faixa 3 (R$ 10k),10000.0,0,0.35,1345.0,12265.0,13610.0,0.0988,3229.71,1401.76,1827.95,0.0,0,0,0.0,0.0,-0.4666375705650848
520110,5201108,Anápolis (GO),52,0.303,86654.0,0.735,645.38,Faixa 2 (R$ 15k),15000.0,0,0.7,321591.0,30518.0,352109.0,0.9133,4063.39,1247.56,2815.83,0.0,0,0,0.0,0.0,-0.02725272847297435
520150,5201504,Aporé (GO),52,0.335,711.0,0.689,450.62,Faixa 2 (R$ 15k),15000.0,0,0.7,6940.0,3527.0,10467.0,0.663,14721.52,1040.79,13680.73,0.0,0,0,0.0,0.0,-0.028760096959190174
520170,5201702,Aragarças (GO),52,0.287,5865.0,0.734,503.93,Faixa 3 (R$ 10k),10000.0,0,0.35,124600.0,11575.0,136175.0,0.915,23218.24,1979.54,21238.7,0.0,0,0,0.0,0.0,0.23850973720139348
520215,5202155,Araguapaz (GO),52,0.309,1700.0,0.712,593.06,Faixa 2 (R$ 15k),15000.0,0,0.7,1058.0,4451.0,5509.0,0.192,3240.59,1241.76,1998.82,0.0,0,0,0.0,0.0,-0.4211351477215004
520160,5201603,Araçu (GO),52,0.21,898.0,0.691,456.06,Faixa 3 (R$ 10k),10000.0,0,0.35,408.0,3024.0,3432.0,0.1189,3821.83,2477.73,1344.1,0.0,0,0,0.0,0.0,-0.4204713242404178
520250,5202502,Aruanã (GO),52,0.283,2008.0,0.677,594.21,Faixa 3 (R$ 10k),10000.0,0,0.35,9274.0,4010.0,13284.0,0.6981,6615.54,1943.23,4672.31,0.0,0,0,0.0,0.0,-0.09077917188690722
520280,5202809,Avelinópolis (GO),52,0.297,466.0,0.607,386.51,Faixa 3 (R$ 10k),10000.0,0,0.35,0.0,2415.0,2415.0,0.0,5182.4,2214.59,2967.81,0.0,0,0,0.0,0.0,-0.47298838572215607
520310,5203104,Baliza (GO),52,0.258,398.0,0.753,478.09,Faixa 3 (R$ 10k),10000.0,0,0.35,0.0,1339.0,1339.0,0.0,3364.32,1354.27,2010.05,0.0,0,0,0.0,0.0,-0.5186251449004464
520320,5203203,Barro Alto (GO),52,0.222,1765.0,0.75,556.26,Faixa 3 (R$ 10k),10000.0,0,0.35,5450.0,3699.0,9149.0,0.5957,5183.57,1167.14,4016.43,0.0,0,0,0.0,0.0,-0.18367342788450675
520340,5203401,Bom Jardim de Goiás (GO),52,0.338,1927.0,0.658,511.49,Faixa 2 (R$ 15k),15000.0,0,0.7,1947.0,4429.0,6376.0,0.3054,3308.77,1269.33,2039.44,0.0,0,0,0.0,0.0,-0.35930479716242086
520350,5203500,Bom Jesus de Goiás (GO),52,0.293,4761.0,0.684,538.34,Faixa 3 (R$ 10k),10000.0,0,0.35,11182.0,7024.0,18206.0,0.6142,3823.99,2702.37,1121.61,0.0,0,0,0.0,0.0,-0.15150740039652483
520380,5203807,Britânia (GO),52,0.293,1424.0,0.675,477.76,Faixa 3 (R$ 10k),10000.0,0,0.35,1059.0,4094.0,5153.0,0.2055,3618.68,1985.25,1633.43,0.0,0,0,0.0,0.0,-0.38983981355548636
520390,5203906,Buriti Alegre (GO),52,0.284,1679.0,0.686,473.67,Faixa 3 (R$ 10k),10000.0,0,0.35,564.0,4894.0,5458.0,0.1033,3250.74,2103.63,1147.11,0.0,0,0,0.0,0.0,-0.445785547968187
520393,5203939,Buriti de Goiás (GO),52,0.228,495.0,0.711,747.23,Faixa 3 (R$ 10k),10000.0,0,0.35,0.0,6977.0,6977.0,0.0,14094.95,6129.29,7965.66,0.0,0,0,0.0,0.0,-0.2571155695976957
520410,5204102,Cachoeira Alta (GO),52,0.296,1851.0,0.695,616.4,Faixa 3 (R$ 10k),10000.0,0,0.35,982.0,5068.0,6050.0,0.1623,3268.5,1976.23,1292.27,0.0,0,0,0.0,0.0,-0.4175175567288239
520425,5204250,Cachoeira Dourada (GO),52,0.266,1331.0,0.7,602.07,Faixa 3 (R$ 10k),10000.0,0,0.35,3334.0,5772.0,9106.0,0.3661,6841.47,3130.73,3710.74,0.0,0,0,0.0,0.0,-0.23346592840619226
520420,5204201,Cachoeira de Goiás (GO),52,0.286,327.0,0.719,486.56,Faixa 3 (R$ 10k),10000.0,0,0.35,0.0,4064.0,4064.0,0.0,12428.13,4415.9,8012.23,0.0,0,0,0.0,0.0,-0.3229211093533187
520440,5204409,Caiapônia (GO),52,0.28,3778.0,0.708,510.91,Faixa 3 (R$ 10k),10000.0,0,0.35,5318.0,9461.0,14779.0,0.3598,3911.86,1326.89,2584.97,0.0,0,0,0.0,0.0,-0.321172720821945
520450,5204508,Caldas Novas (GO),52,0.218,16835.0,0.735,619.17,Faixa 3 (R$ 10k),10000.0,0,0.35,53832.0,23534.0,77366.0,0.6958,4595.54,1847.46,2748.08,0.0,0,0,0.0,0.0,-0.12041359744737135
520460,5204607,Campestre de Goiás (GO),52,0.258,742.0,0.65,379.84,Faixa 3 (R$ 10k),10000.0,0,0.35,0.0,4705.0,4705.0,0.0,6340.97,1834.23,4506.74,0.0,0,0,0.0,0.0,-0.46797447083855503
520465,5204656,Campinaçu (GO),52,0.305,545.0,0.654,457.92,Faixa 2 (R$ 15k),15000.0,0,0.7,0.0,1777.0,1777.0,0.0,3260.55,1304.59,1955.96,0.0,0,0,0.0,0.0,-0.5212448637347711
520470,5204706,Campinorte (GO),52,0.271,2689.0,0.717,578.57,Faixa 3 (R$ 10k),10000.0,0,0.35,175.0,10341.0,10516.0,0.0166,3910.75,1341.02,2569.73,0.0,0,0,0.0,0.0,-0.5031358702837816
520480,5204805,Campo Alegre de Goiás (GO),52,0.285,1057.0,0.715,649.62,Faixa 3 (R$ 10k),10000.0,0,0.35,0.0,1538.0,1538.0,0.0,1455.06,863.77,591.3,0.0,0,0,0.0,0.0,-0.555847038712419
520485,5204854,Campo Limpo de Goiás (GO),52,0.367,1435.0,0.669,403.2,Faixa 2 (R$ 15k),15000.0,0,0.7,34054.0,4574.0,38628.0,0.8816,26918.47,2016.72,24901.74,0.0,0,0,0.0,0.0,0.2692297332979099
520490,5204904,Campos Belos (GO),52,0.315,6207.0,0.707,462.3,Faixa 2 (R$ 15k),15000.0,0,0.7,291.0,6906.0,7197.0,0.0404,1159.5,234.9,924.6,0.0,0,0,0.0,0.0,-0.5544793215671436
520495,5204953,Campos Verdes (GO),52,0.39,1550.0,0.664,321.31,Faixa 2 (R$ 15k),15000.0,0,0.7,2804.0,3170.0,5974.0,0.4694,3854.19,1403.87,2450.32,0.0,0,0,0.0,0.0,-0.26169594898793985
520500,5205000,Carmo do Rio Verde (GO),52,0.226,1775.0,0.72,522.89,Faixa 3 (R$ 10k),10000.0,0,0.35,93.0,5314.0,5407.0,0.0172,3046.2,949.86,2096.34,0.0,0,0,0.0,0.0,-0.5240535770027932
520505,5205059,Castelândia (GO),52,0.381,1025.0,0.664,392.64,Faixa 2 (R$ 15k),15000.0,0,0.7,0.0,3464.0,3464.0,0.0,3379.51,1371.71,2007.8,0.0,0,0,0.0,0.0,-0.5179781311751199
520510,5205109,Catalão (GO),52,0.211,16419.0,0.751,679.95,Faixa 3 (R$ 10k),10000.0,1,0.48,37401.0,12970.0,50371.0,0.7425,3067.85,1177.48,1890.37,1.0,10260,1482,125970.0,80.64,0.6706021142842558
520430,5204300,Caçu (GO),52,0.19,1715.0,0.702,705.14,Faixa 3 (R$ 10k),10000.0,0,0.35,55.0,9209.0,9264.0,0.0059,5401.75,2407.58,2994.17,0.0,0,0,0.0,0.0,-0.46203637052170227
520540,5205406,Ceres (GO),52,0.168,5106.0,0.784,802.3,Faixa 3 (R$ 10k),10000.0,0,0.35,35492.0,5794.0,41286.0,0.8597,8085.78,2734.82,5350.96,0.0,0,0,0.0,0.0,0.034456387224057736
520545,5205455,Cezarina (GO),52,0.269,1584.0,0.731,555.18,Faixa 3 (R$ 10k),10000.0,0,0.35,3533.0,6470.0,10003.0,0.3532,6315.03,1800.51,4514.52,0.0,0,0,0.0,0.0,-0.2815540925819908
520547,5205471,Chapadão do Céu (GO),52,0.205,1619.0,0.725,687.38,Faixa 3 (R$ 10k),10000.0,0,0.35,3248.0,5173.0,8421.0,0.3857,5201.36,3145.77,2055.59,0.0,0,0,0.0,0.0,-0.24371797534748257
520590,5205901,Corumbaíba (GO),52,0.224,1439.0,0.718,488.86,Faixa 3 (R$ 10k),10000.0,0,0.35,1370.0,2699.0,4069.0,0.3367,2827.66,1971.51,856.15,0.0,0,0,0.0,0.0,-0.33065389236234666
520630,5206305,Cristianópolis (GO),52,0.254,644.0,0.66,390.95,Faixa 3 (R$ 10k),10000.0,0,0.35,873.0,3340.0,4213.0,0.2072,6541.93,2855.59,3686.34,0.0,0,0,0.0,0.0,-0.32885340166830274
520640,5206404,Crixás (GO),52,0.262,3877.0,0.741,618.86,Faixa 3 (R$ 10k),10000.0,0,0.35,830.0,5048.0,5878.0,0.1412,1516.12,577.51,938.61,0.0,0,0,0.0,0.0,-0.48747434122952915
520650,5206503,Cromínia (GO),52,0.251,689.0,0.693,443.5,Faixa 3 (R$ 10k),10000.0,0,0.35,87.0,2796.0,2883.0,0.0302,4184.33,1818.58,2365.75,0.0,0,0,0.0,0.0,-0.48002162182599956
520660,5206602,Cumari (GO),52,0.189,477.0,0.732,491.5,Faixa 3 (R$ 10k),10000.0,0,0.35,445.0,680.0,1125.0,0.3956,2358.49,1618.45,740.04,0.0,0,0,0.0,0.0,-0.3145384744641339
520680,5206800,Damolândia (GO),52,0.302,556.0,0.696,444.24,Faixa 2 (R$ 15k),15000.0,0,0.7,492.0,1943.0,2435.0,0.2021,4379.5,2706.83,1672.66,0.0,0,0,0.0,0.0,-0.36317709565507533
520690,5206909,Davinópolis (GO),52,0.199,277.0,0.718,531.72,Faixa 3 (R$ 10k),10000.0,0,0.35,9175.0,601.0,9776.0,0.9385,35292.42,2115.52,33176.9,0.0,0,0,0.0,0.0,0.4095119682401327
520710,5207105,Diorama (GO),52,0.261,404.0,0.719,405.49,Faixa 3 (R$ 10k),10000.0,0,0.35,702.0,2188.0,2890.0,0.2429,7153.47,4801.98,2351.49,0.0,0,0,0.0,0.0,-0.2515906447470963
520830,5208301,Divinópolis de Goiás (GO),52,0.27,1302.0,0.713,451.21,Faixa 3 (R$ 10k),10000.0,0,0.35,18.0,3408.0,3426.0,0.0053,2631.34,724.27,1907.07,0.0,0,0,0.0,0.0,-0.5415475969569808
520725,5207253,Doverlândia (GO),52,0.275,1369.0,0.682,464.42,Faixa 3 (R$ 10k),10000.0,0,0.35,499.0,3200.0,3699.0,0.1349,2701.97,1629.66,1072.32,0.0,0,0,0.0,0.0,-0.4483280454377862
520735,5207352,Edealina (GO),52,0.286,715.0,0.709,544.8,Faixa 3 (R$ 10k),10000.0,0,0.35,1029.0,1663.0,2692.0,0.3822,3765.03,941.26,2823.78,0.0,0,0,0.0,0.0,-0.3211531620545257
520740,5207402,Edéia (GO),52,0.265,2427.0,0.746,615.73,Faixa 3 (R$ 10k),10000.0,0,0.35,1.0,7706.0,7707.0,0.0001,3175.53,658.43,2517.1,0.0,0,0,0.0,0.0,-0.539030765241445
520750,5207501,Estrela do Norte (GO),52,0.239,891.0,0.674,515.73,Faixa 3 (R$ 10k),10000.0,0,0.35,0.0,1593.0,1593.0,0.0,1787.88,546.58,1241.3,0.0,0,0,0.0,0.0,-0.5597959123240459
520753,5207535,Faina (GO),52,0.288,1172.0,0.689,383.57,Faixa 3 (R$ 10k),10000.0,0,0.35,0.0,5064.0,5064.0,0.0,4320.82,1984.64,2336.18,0.0,0,0,0.0,0.0,-0.49000834375606084
520760,5207600,Fazenda Nova (GO),52,0.265,929.0,0.699,428.5,Faixa 3 (R$ 10k),10000.0,0,0.35,1602.0,5370.0,6972.0,0.2298,7504.84,3927.88,3576.96,0.0,0,0,0.0,0.0,-0.27669471770265647
520780,5207808,Firminópolis (GO),52,0.364,2176.0,0.738,566.73,Faixa 2 (R$ 15k),15000.0,0,0.7,12368.0,19722.0,32090.0,0.3854,14747.24,3707.72,11039.52,0.0,0,0,0.0,0.0,-0.106773553086103
520790,5207907,Flores de Goiás (GO),52,0.293,1078.0,0.727,378.65,Faixa 3 (R$ 10k),10000.0,0,0.35,0.0,4229.0,4229.0,0.0,3923.01,1282.93,2640.07,0.0,0,0,0.0,0.0,-0.5133024493043707
520810,5208103,Formoso (GO),52,0.304,1106.0,0.715,434.49,Faixa 2 (R$ 15k),15000.0,0,0.7,0.0,1670.0,1670.0,0.0,1509.95,624.77,885.17,0.0,0,0,0.0,0.0,-0.5613371336451507
520815,5208152,Gameleira de Goiás (GO),52,0.257,878.0,0.648,499.15,Faixa 3 (R$ 10k),10000.0,0,0.35,534.0,1935.0,2469.0,0.2163,2812.07,1772.21,1039.86,0.0,0,0,0.0,0.0,-0.3999786565165869
520850,5208509,Goiandira (GO),52,0.241,839.0,0.763,634.64,Faixa 3 (R$ 10k),10000.0,0,0.35,288.0,1090.0,1378.0,0.209,1642.43,1035.76,606.67,0.0,0,0,0.0,0.0,-0.43795887040564274
520860,5208608,Goianésia (GO),52,0.281,16738.0,0.71,553.1,Faixa 3 (R$ 10k),10000.0,0,0.35,67008.0,19617.0,86625.0,0.7735,5175.35,1321.9,3853.45,0.0,0,0,0.0,0.0,-0.08531662845742623
520910,5209101,Goiatuba (GO),52,0.353,6300.0,0.711,531.53,Faixa 2 (R$ 15k),15000.0,1,0.88,10312.0,16262.0,26574.0,0.388,4218.1,2958.73,1259.37,0.8633,11880,1404,119340.0,147.84,0.4334222797471671
520890,5208905,Goiás (GO),52,0.328,5715.0,0.759,671.57,Faixa 2 (R$ 15k),15000.0,2,0.88,42930.0,5343.0,48273.0,0.8893,8446.72,3046.02,5400.7,1.0,19200,3120,265200.0,188.16,0.8660631485447696
520915,5209150,Gouvelândia (GO),52,0.302,1090.0,0.679,470.24,Faixa 2 (R$ 15k),15000.0,0,0.7,3597.0,4551.0,8148.0,0.4415,7475.23,1935.78,5539.45,0.0,0,0,0.0,0.0,-0.21624795045396752
520940,5209408,Guarani de Goiás (GO),52,0.309,546.0,0.731,368.53,Faixa 2 (R$ 15k),15000.0,0,0.7,0.0,5136.0,5136.0,0.0,9406.59,3827.84,5578.75,0.0,0,0,0.0,0.0,-0.37694984148348504
520929,5209291,Guaraíta (GO),52,0.236,465.0,0.71,390.05,Faixa 3 (R$ 10k),10000.0,0,0.35,181.0,1701.0,1882.0,0.0962,4047.31,2275.27,1772.04,0.0,0,0,0.0,0.0,-0.4348831028974338
520980,5209804,Hidrolina (GO),52,0.238,881.0,0.676,435.81,Faixa 3 (R$ 10k),10000.0,0,0.35,115.0,2009.0,2124.0,0.0541,2410.9,897.84,1513.05,0.0,0,0,0.0,0.0,-0.51395510544115
520990,5209903,Iaciara (GO),52,0.435,3498.0,0.653,355.66,Faixa 1 (R$ 20k),20000.0,0,0.8,0.0,9475.0,9475.0,0.0,2708.69,1056.6,1652.09,0.0,0,0,0.0,0.0,-0.5347565747421266
520993,5209937,Inaciolândia (GO),52,0.323,1503.0,0.696,455.66,Faixa 2 (R$ 15k),15000.0,0,0.7,800.0,4624.0,5424.0,0.1475,3608.78,2036.59,1572.19,0.0,0,0,0.0,0.0,-0.4194470635982171
520995,5209952,Indiara (GO),52,0.327,3358.0,0.708,552.92,Faixa 2 (R$ 15k),15000.0,0,0.7,8834.0,7495.0,16329.0,0.541,4862.72,1541.1,3321.62,0.0,0,0,0.0,0.0,-0.20715736186660974
521010,5210109,Ipameri (GO),52,0.306,5693.0,0.687,499.25,Faixa 2 (R$ 15k),15000.0,2,0.88,11477.0,2273.0,13750.0,0.8347,2415.25,1458.81,956.44,1.0,24600,3783,321555.0,416.64,0.7184951150820609
521020,5210208,Iporá (GO),52,0.204,7222.0,0.736,652.91,Faixa 3 (R$ 10k),10000.0,2,0.48,11866.0,11336.0,23202.0,0.5114,3212.68,1572.97,1639.71,1.0,21060,3042,258570.0,241.92,0.5599466337126857
521040,5210406,Itaberaí (GO),52,0.326,7623.0,0.722,619.4,Faixa 2 (R$ 15k),15000.0,0,0.7,3762.0,19662.0,23424.0,0.1606,3072.81,1539.42,1533.39,0.0,0,0,0.0,0.0,-0.43225422460204593
521056,5210562,Itaguari (GO),52,0.268,1154.0,0.711,513.15,Faixa 3 (R$ 10k),10000.0,0,0.35,0.0,4288.0,4288.0,0.0,3715.77,1796.36,1919.41,0.0,0,0,0.0,0.0,-0.5026552388671925
521060,5210604,Itaguaru (GO),52,0.205,1601.0,0.74,542.05,Faixa 3 (R$ 10k),10000.0,0,0.35,0.0,6377.0,6377.0,0.0,3983.14,1427.23,2555.9,0.0,0,0,0.0,0.0,-0.5087905005732674
521080,5210802,Itajá (GO),52,0.286,875.0,0.688,504.4,Faixa 3 (R$ 10k),10000.0,0,0.35,725.0,3676.0,4401.0,0.1647,5029.71,2627.43,2402.29,0.0,0,0,0.0,0.0,-0.3767559507668906
521090,5210901,Itapaci (GO),52,0.272,4861.0,0.73,566.73,Faixa 3 (R$ 10k),10000.0,0,0.35,37484.0,8363.0,45847.0,0.8176,9431.6,1117.26,8314.34,0.0,0,0,0.0,0.0,-0.012557051790310813
521100,5211008,Itapirapuã (GO),52,0.323,1652.0,0.685,478.98,Faixa 2 (R$ 15k),15000.0,0,0.7,0.0,6456.0,6456.0,0.0,3907.99,1538.14,2369.85,0.0,0,0,0.0,0.0,-0.5068804754849083
521120,5211206,Itapuranga (GO),52,0.206,4713.0,0.73,526.25,Faixa 3 (R$ 10k),10000.0,0,0.35,4204.0,10809.0,15013.0,0.28,3185.44,1406.11,1779.33,0.0,0,0,0.0,0.0,-0.37083582029379397
521130,5211305,Itarumã (GO),52,0.294,981.0,0.689,835.79,Faixa 3 (R$ 10k),10000.0,0,0.35,446.0,2864.0,3310.0,0.1347,3374.11,1780.84,1593.27,0.0,0,0,0.0,0.0,-0.43588782408749405
521140,5211404,Itauçu (GO),52,0.213,1518.0,0.731,510.79,Faixa 3 (R$ 10k),10000.0,0,0.35,0.0,4308.0,4308.0,0.0,2837.94,1525.69,1312.25,0.0,0,0,0.0,0.0,-0.520939205347114
521150,5211503,Itumbiara (GO),52,0.252,20153.0,0.744,645.32,Faixa 3 (R$ 10k),10000.0,0,0.35,117989.0,18120.0,136109.0,0.8669,6753.78,3592.67,3161.12,0.0,0,0,0.0,0.0,0.043416970101466966
521160,5211602,Ivolândia (GO),52,0.255,660.0,0.696,444.73,Faixa 3 (R$ 10k),10000.0,0,0.35,230.0,2196.0,2426.0,0.0948,3675.76,1486.36,2189.39,0.0,0,0,0.0,0.0,-0.4608439351962173
521170,5211701,Jandaia (GO),52,0.269,1248.0,0.725,533.85,Faixa 3 (R$ 10k),10000.0,0,0.35,1321.0,4471.0,5792.0,0.2281,4641.03,2141.03,2500.0,0.0,0,0,0.0,0.0,-0.36067287049385166
521180,5211800,Jaraguá (GO),52,0.229,10352.0,0.701,545.35,Faixa 3 (R$ 10k),10000.0,0,0.35,238824.0,20682.0,259506.0,0.9203,25068.2,3307.38,21760.82,0.0,0,0,0.0,0.0,0.2994887246004013
521190,5211909,Jataí (GO),52,0.216,22142.0,0.738,657.58,Faixa 3 (R$ 10k),10000.0,0,0.35,89350.0,15132.0,104482.0,0.8552,4718.72,1407.05,3311.67,0.0,0,0,0.0,0.0,-0.04557055220016011
521210,5212105,Joviânia (GO),52,0.311,1511.0,0.706,553.11,Faixa 2 (R$ 15k),15000.0,0,0.7,5354.0,2446.0,7800.0,0.6864,5162.14,1047.65,4114.49,0.0,0,0,0.0,0.0,-0.13886378114411593
521220,5212204,Jussara (GO),52,0.256,3937.0,0.773,1355.38,Faixa 3 (R$ 10k),10000.0,0,0.35,7669.0,8380.0,16049.0,0.4778,4076.45,1751.08,2325.37,0.0,0,0,0.0,0.0,-0.2453813412644105
521230,5212303,Leopoldo de Bulhões (GO),52,0.305,1186.0,0.659,419.25,Faixa 2 (R$ 15k),15000.0,0,0.7,1757.0,3145.0,4902.0,0.3584,4133.22,1539.63,2593.59,0.0,0,0,0.0,0.0,-0.313560924088443
521270,5212709,Mambaí (GO),52,0.388,1639.0,0.654,323.36,Faixa 2 (R$ 15k),15000.0,0,0.7,242.0,5129.0,5371.0,0.0451,3277.0,983.53,2293.47,0.0,0,0,0.0,0.0,-0.50539708244635
521280,5212808,Mara Rosa (GO),52,0.324,2527.0,0.691,441.15,Faixa 2 (R$ 15k),15000.0,0,0.7,0.0,7669.0,7669.0,0.0,3034.82,1112.78,1922.04,0.0,0,0,0.0,0.0,-0.5291139884201485
521290,5212907,Marzagão (GO),52,0.254,420.0,0.694,454.29,Faixa 3 (R$ 10k),10000.0,0,0.35,2008.0,1691.0,3699.0,0.5428,8807.14,5661.9,3145.24,0.0,0,0,0.0,0.0,-0.048761503002260495
521295,5212956,Matrinchã (GO),52,0.319,886.0,0.67,428.77,Faixa 2 (R$ 15k),15000.0,0,0.7,1888.0,2380.0,4268.0,0.4424,4817.16,1207.67,3609.48,0.0,0,0,0.0,0.0,-0.2687627672620866
521300,5213004,Maurilândia (GO),52,0.417,3196.0,0.678,494.54,Faixa 1 (R$ 20k),20000.0,0,0.8,1546.0,7045.0,8591.0,0.18,2688.05,1052.57,1635.48,0.0,0,0,0.0,0.0,-0.43950615468608734
521308,5213087,Minaçu (GO),52,0.286,8416.0,0.711,482.08,Faixa 3 (R$ 10k),10000.0,0,0.35,8815.0,7759.0,16574.0,0.5319,1969.34,621.67,1347.67,0.0,0,0,0.0,0.0,-0.2729637248236478
521310,5213103,Mineiros (GO),52,0.247,12916.0,0.694,573.04,Faixa 3 (R$ 10k),10000.0,0,0.35,32220.0,31630.0,63850.0,0.5046,4943.48,1804.04,3139.44,0.0,0,0,0.0,0.0,-0.2186420465195583
521340,5213400,Moiporá (GO),52,0.208,270.0,0.726,470.24,Faixa 3 (R$ 10k),10000.0,0,0.35,187.0,1744.0,1931.0,0.0968,7151.85,3540.74,3611.11,0.0,0,0,0.0,0.0,-0.3619125849201918
521350,5213509,Monte Alegre de Goiás (GO),52,0.389,1364.0,0.667,323.18,Faixa 2 (R$ 15k),15000.0,0,0.7,23.0,696.0,719.0,0.032,527.13,263.2,263.93,0.0,0,0,0.0,0.0,-0.5663257018147659
521370,5213707,Montes Claros de Goiás (GO),52,0.285,1436.0,0.695,554.94,Faixa 3 (R$ 10k),10000.0,0,0.35,2614.0,3491.0,6105.0,0.4282,4251.39,2383.7,1867.69,0.0,0,0,0.0,0.0,-0.2530875438223211
521375,5213756,Montividiu (GO),52,0.236,1958.0,0.71,621.6,Faixa 3 (R$ 10k),10000.0,0,0.35,2229.0,6746.0,8975.0,0.2484,4583.76,2033.2,2550.56,0.0,0,0,0.0,0.0,-0.35341905905304805
521377,5213772,Montividiu do Norte (GO),52,0.229,482.0,0.692,390.75,Faixa 3 (R$ 10k),10000.0,0,0.35,0.0,1328.0,1328.0,0.0,2755.19,1035.27,1719.92,0.0,0,0,0.0,0.0,-0.5347125086927192
521380,5213806,Morrinhos (GO),52,0.265,7141.0,0.706,578.66,Faixa 3 (R$ 10k),10000.0,0,0.35,24903.0,10230.0,35133.0,0.7088,4919.9,2374.18,2545.72,0.0,0,0,0.0,0.0,-0.09569206385687884
521385,5213855,Morro Agudo de Goiás (GO),52,0.274,473.0,0.715,436.47,Faixa 3 (R$ 10k),10000.0,0,0.35,1911.0,2087.0,3998.0,0.478,8452.43,2285.41,6167.02,0.0,0,0,0.0,0.0,-0.17525227165635782
521390,5213905,Mossâmedes (GO),52,0.281,857.0,0.71,506.09,Faixa 3 (R$ 10k),10000.0,0,0.35,0.0,6276.0,6276.0,0.0,7323.22,2458.58,4864.64,0.0,0,0,0.0,0.0,-0.43918315218143783
521400,5214002,Mozarlândia (GO),52,0.264,3832.0,0.689,485.15,Faixa 3 (R$ 10k),10000.0,0,0.35,27351.0,4956.0,32307.0,0.8466,8430.85,575.94,7854.91,0.0,0,0,0.0,0.0,-0.024028404574660683
521405,5214051,Mundo Novo (GO),52,0.331,1258.0,0.668,423.54,Faixa 2 (R$ 15k),15000.0,0,0.7,255.0,2431.0,2686.0,0.0949,2135.14,1086.65,1048.49,0.0,0,0,0.0,0.0,-0.49092738050766194
521410,5214101,Mutunópolis (GO),52,0.255,817.0,0.725,531.41,Faixa 3 (R$ 10k),10000.0,0,0.35,124.0,1788.0,1912.0,0.0649,2340.27,935.13,1405.14,0.0,0,0,0.0,0.0,-0.5081580042557217
521440,5214408,Nazário (GO),52,0.325,1596.0,0.715,487.15,Faixa 2 (R$ 15k),15000.0,0,0.7,1.0,6352.0,6353.0,0.0002,3980.58,1771.93,2208.65,0.0,0,0,0.0,0.0,-0.4997828698771265
521460,5214606,Niquelândia (GO),52,0.282,10509.0,0.725,532.92,Faixa 3 (R$ 10k),10000.0,0,0.35,12895.0,11973.0,24868.0,0.5185,2366.35,796.84,1569.51,0.0,0,0,0.0,0.0,-0.27044556132222825
521470,5214705,Nova América (GO),52,0.287,486.0,0.682,431.07,Faixa 3 (R$ 10k),10000.0,0,0.35,0.0,1028.0,1028.0,0.0,2115.23,1028.81,1086.42,0.0,0,0,0.0,0.0,-0.5430949964852687
521480,5214804,Nova Aurora (GO),52,0.178,911.0,0.76,593.21,Faixa 3 (R$ 10k),10000.0,0,0.35,572.0,657.0,1229.0,0.4654,1349.07,769.48,579.58,0.0,0,0,0.0,0.0,-0.31242125592944886
521483,5214838,Nova Crixás (GO),52,0.334,2712.0,0.678,548.38,Faixa 2 (R$ 15k),15000.0,0,0.7,6267.0,2842.0,9109.0,0.688,3358.78,488.94,2869.84,0.0,0,0,0.0,0.0,-0.17564428462145076
521486,5214861,Nova Glória (GO),52,0.373,1522.0,0.648,371.78,Faixa 2 (R$ 15k),15000.0,0,0.7,1229.0,4128.0,5357.0,0.2294,3519.71,1252.96,2266.75,0.0,0,0,0.0,0.0,-0.39739410198889424
521520,5215207,Novo Brasil (GO),52,0.26,591.0,0.71,562.18,Faixa 3 (R$ 10k),10000.0,0,0.35,949.0,5396.0,6345.0,0.1496,10736.04,4318.1,6417.94,0.0,0,0,0.0,0.0,-0.26770632000974504
521530,5215306,Orizona (GO),52,0.257,1535.0,0.733,536.5,Faixa 3 (R$ 10k),10000.0,0,0.35,7375.0,5574.0,12949.0,0.5695,8435.83,1891.21,6544.63,0.0,0,0,0.0,0.0,-0.13707570871016198
521540,5215405,Ouro Verde de Goiás (GO),52,0.241,842.0,0.724,501.49,Faixa 3 (R$ 10k),10000.0,0,0.35,6336.0,2108.0,8444.0,0.7504,10028.5,3181.71,6846.79,0.0,0,0,0.0,0.0,0.012915071226530983
521550,5215504,Ouvidor (GO),52,0.222,770.0,0.734,572.93,Faixa 3 (R$ 10k),10000.0,0,0.35,74.0,1254.0,1328.0,0.0557,1724.68,1019.48,705.19,0.0,0,0,0.0,0.0,-0.5187612832327156
521565,5215652,Palestina de Goiás (GO),52,0.268,614.0,0.709,405.2,Faixa 3 (R$ 10k),10000.0,0,0.35,530.0,1535.0,2065.0,0.2567,3363.19,2177.52,1185.67,0.0,0,0,0.0,0.0,-0.36093757410275595
521570,5215702,Palmeiras de Goiás (GO),52,0.281,5034.0,0.715,555.32,Faixa 3 (R$ 10k),10000.0,0,0.35,10597.0,11912.0,22509.0,0.4708,4471.39,1134.09,3337.31,0.0,0,0,0.0,0.0,-0.26002163580675547
521580,5215801,Palmelo (GO),52,0.208,555.0,0.724,718.6,Faixa 3 (R$ 10k),10000.0,0,0.35,9783.0,1747.0,11530.0,0.8485,20774.77,2111.71,18663.06,0.0,0,0,0.0,0.0,0.1752428103036503
521590,5215900,Palminópolis (GO),52,0.229,782.0,0.706,503.62,Faixa 3 (R$ 10k),10000.0,0,0.35,0.0,2916.0,2916.0,0.0,3728.9,1434.78,2294.12,0.0,0,0,0.0,0.0,-0.5118583804156008
521600,5216007,Panamá (GO),52,0.305,556.0,0.705,478.92,Faixa 2 (R$ 15k),15000.0,0,0.7,3244.0,2018.0,5262.0,0.6165,9464.03,2375.9,7088.13,0.0,0,0,0.0,0.0,-0.08634701479992121
521630,5216304,Paranaiguara (GO),52,0.268,2115.0,0.714,551.65,Faixa 3 (R$ 10k),10000.0,0,0.35,932.0,7688.0,8620.0,0.1081,4075.65,2291.25,1784.4,0.0,0,0,0.0,0.0,-0.4277835934395634
521640,5216403,Paraúna (GO),52,0.333,2179.0,0.673,486.07,Faixa 2 (R$ 15k),15000.0,0,0.7,3600.0,7168.0,10768.0,0.3343,4941.72,2695.27,2246.44,0.0,0,0,0.0,0.0,-0.2860321488087065
521680,5216809,Petrolina de Goiás (GO),52,0.295,1472.0,0.689,488.87,Faixa 3 (R$ 10k),10000.0,0,0.35,972.0,5562.0,6534.0,0.1488,4438.86,2250.0,2188.86,0.0,0,0,0.0,0.0,-0.40256957339875077
521710,5217104,Piracanjuba (GO),52,0.243,4019.0,0.71,593.11,Faixa 3 (R$ 10k),10000.0,0,0.35,10277.0,10301.0,20578.0,0.4994,5120.18,1588.21,3531.97,0.0,0,0,0.0,0.0,-0.22473016677142094
521720,5217203,Piranhas (GO),52,0.278,2892.0,0.723,534.38,Faixa 3 (R$ 10k),10000.0,0,0.35,7.0,3446.0,3453.0,0.002,1193.98,489.97,704.01,0.0,0,0,0.0,0.0,-0.5678245171455704
521740,5217401,Pires do Rio (GO),52,0.28,5844.0,0.717,566.56,Faixa 3 (R$ 10k),10000.0,0,0.35,5802.0,8426.0,14228.0,0.4078,2434.63,896.13,1538.5,0.0,0,0,0.0,0.0,-0.3258017859209391
521770,5217708,Pontalina (GO),52,0.284,3499.0,0.693,517.43,Faixa 3 (R$ 10k),10000.0,0,0.35,81896.0,11496.0,93392.0,0.8769,26691.05,1094.31,25596.74,0.0,0,0,0.0,0.0,0.23990602882271364
521800,5218003,Porangatu (GO),52,0.248,11223.0,0.724,534.24,Faixa 3 (R$ 10k),10000.0,0,0.35,4534.0,13372.0,17906.0,0.2532,1595.47,699.55,895.93,0.0,0,0,0.0,0.0,-0.42379577208873265
521805,5218052,Porteirão (GO),52,0.211,826.0,0.706,586.36,Faixa 3 (R$ 10k),10000.0,0,0.35,517.0,2694.0,3211.0,0.161,3887.41,1767.55,2119.85,0.0,0,0,0.0,0.0,-0.41567209164629604
521810,5218102,Portelândia (GO),52,0.255,755.0,0.645,408.43,Faixa 3 (R$ 10k),10000.0,0,0.35,383.0,1898.0,2281.0,0.1679,3021.19,1243.71,1777.48,0.0,0,0,0.0,0.0,-0.4367033695318742
521830,5218300,Posse (GO),52,0.399,7917.0,0.683,443.88,Faixa 2 (R$ 15k),15000.0,0,0.7,55260.0,5510.0,60770.0,0.9093,7675.89,2654.29,5021.6,0.0,0,0,0.0,0.0,0.05345604180028327
521839,5218391,Professor Jamil (GO),52,0.294,613.0,0.676,432.2,Faixa 3 (R$ 10k),10000.0,0,0.35,0.0,2689.0,2689.0,0.0,4386.62,2125.61,2261.01,0.0,0,0,0.0,0.0,-0.485509919563167
521850,5218508,Quirinópolis (GO),52,0.229,8914.0,0.72,575.38,Faixa 3 (R$ 10k),10000.0,0,0.35,425586.0,17768.0,443354.0,0.9599,49736.82,6879.96,42856.85,0.0,0,0,0.0,0.0,0.7297883967251089
521860,5218607,Rialma (GO),52,0.189,2982.0,0.739,557.52,Faixa 3 (R$ 10k),10000.0,0,0.35,3586.0,6263.0,9849.0,0.3641,3302.82,822.6,2480.21,0.0,0,0,0.0,0.0,-0.3397772242659979
521878,5218789,Rio Quente (GO),52,0.153,644.0,0.704,524.24,Faixa 3 (R$ 10k),10000.0,0,0.35,385.0,1967.0,2352.0,0.1637,3652.17,2079.19,1572.98,0.0,0,0,0.0,0.0,-0.4091801524021063
521880,5218805,Rio Verde (GO),52,0.243,42544.0,0.731,663.07,Faixa 3 (R$ 10k),10000.0,1,0.48,160721.0,42917.0,203638.0,0.7892,4786.53,2142.39,2644.13,0.9762,10530,1521,129285.0,120.96,0.723365931800352
521890,5218904,Rubiataba (GO),52,0.205,3786.0,0.718,479.51,Faixa 3 (R$ 10k),10000.0,0,0.35,19425.0,6806.0,26231.0,0.7405,6928.42,1500.0,5428.42,0.0,0,0,0.0,0.0,-0.07572695811913475
521900,5219001,Sanclerlândia (GO),52,0.241,1369.0,0.714,517.85,Faixa 3 (R$ 10k),10000.0,0,0.35,0.0,18257.0,18257.0,0.0,13336.01,5642.07,7693.94,0.0,0,0,0.0,0.0,-0.2794860640246394
521910,5219100,Santa Bárbara de Goiás (GO),52,0.263,1684.0,0.718,466.27,Faixa 3 (R$ 10k),10000.0,0,0.35,238.0,5683.0,5921.0,0.0402,3516.03,1512.47,2003.56,0.0,0,0,0.0,0.0,-0.49122223569215606
521920,5219209,Santa Cruz de Goiás (GO),52,0.259,730.0,0.687,418.45,Faixa 3 (R$ 10k),10000.0,0,0.35,443.0,2409.0,2852.0,0.1553,3906.85,1424.66,2482.19,0.0,0,0,0.0,0.0,-0.4273377055707881
521925,5219258,Santa Fé de Goiás (GO),52,0.251,1182.0,0.716,474.55,Faixa 3 (R$ 10k),10000.0,0,0.35,0.0,3603.0,3603.0,0.0,3048.22,1270.73,1777.5,0.0,0,0,0.0,0.0,-0.524848046343114
521930,5219308,Santa Helena de Goiás (GO),52,0.287,10006.0,0.71,541.75,Faixa 3 (R$ 10k),10000.0,1,0.48,209329.0,2868.0,212197.0,0.9865,21206.98,3773.24,17433.74,1.0,10080,1638,139230.0,161.28,1.1003476537954306
521935,5219357,Santa Isabel (GO),52,0.24,1047.0,0.669,435.23,Faixa 3 (R$ 10k),10000.0,0,0.35,0.0,2994.0,2994.0,0.0,2859.6,1166.19,1693.41,0.0,0,0,0.0,0.0,-0.5299789378725265
521940,5219407,Santa Rita do Araguaia (GO),52,0.332,1727.0,0.679,480.93,Faixa 2 (R$ 15k),15000.0,0,0.7,0.0,9935.0,9935.0,0.0,5752.75,1277.36,4475.39,0.0,0,0,0.0,0.0,-0.48995870144830744
521950,5219506,Santa Rosa de Goiás (GO),52,0.355,463.0,0.678,404.78,Faixa 2 (R$ 15k),15000.0,0,0.7,0.0,2647.0,2647.0,0.0,5717.06,2278.62,3438.44,0.0,0,0,0.0,0.0,-0.4644654749014906
521960,5219605,Santa Tereza de Goiás (GO),52,0.315,1244.0,0.654,390.29,Faixa 2 (R$ 15k),15000.0,0,0.7,0.0,3994.0,3994.0,0.0,3210.61,1139.07,2071.54,0.0,0,0,0.0,0.0,-0.5261760003808185
521970,5219704,Santa Terezinha de Goiás (GO),52,0.316,2463.0,0.698,372.64,Faixa 2 (R$ 15k),15000.0,0,0.7,294.0,6972.0,7266.0,0.0405,2950.06,880.23,2069.83,0.0,0,0,0.0,0.0,-0.5147149741898469
521971,5219712,Santo Antônio da Barra (GO),52,0.328,983.0,0.67,443.11,Faixa 2 (R$ 15k),15000.0,0,0.7,674.0,3429.0,4103.0,0.1643,4173.96,2123.09,2050.86,0.0,0,0,0.0,0.0,-0.40102553007107905
522050,5220504,Serranópolis (GO),52,0.282,1774.0,0.705,545.64,Faixa 3 (R$ 10k),10000.0,0,0.35,75693.0,6254.0,81947.0,0.9237,46193.35,3168.55,43024.8,0.0,0,0,0.0,0.0,0.5688763813131377
522060,5220603,Silvânia (GO),52,0.3,3105.0,0.71,562.51,Faixa 3 (R$ 10k),10000.0,0,0.35,1561.0,7969.0,9530.0,0.1638,3069.24,1190.98,1878.26,0.0,0,0,0.0,0.0,-0.4396312611771235
522068,5220686,Simolândia (GO),52,0.357,1918.0,0.674,322.73,Faixa 2 (R$ 15k),15000.0,0,0.7,68.0,7195.0,7263.0,0.0094,3786.76,1269.03,2517.73,0.0,0,0,0.0,0.0,-0.510418189182897
521980,5219803,São Domingos (GO),52,0.32,2054.0,0.619,357.66,Faixa 2 (R$ 15k),15000.0,0,0.7,16.0,4291.0,4307.0,0.0037,2096.88,810.61,1286.27,0.0,0,0,0.0,0.0,-0.5470204972102225
521990,5219902,São Francisco de Goiás (GO),52,0.284,1166.0,0.684,489.81,Faixa 3 (R$ 10k),10000.0,0,0.35,5926.0,6199.0,12125.0,0.4887,10398.8,2114.92,8283.88,0.0,0,0,0.0,0.0,-0.1490018799544298
522000,5220009,São João D'Aliança (GO),52,0.335,2483.0,0.7,376.57,Faixa 2 (R$ 15k),15000.0,0,0.7,460.0,3240.0,3700.0,0.1243,1490.13,452.68,1037.45,0.0,0,0,0.0,0.0,-0.5000210425356169
522005,5220058,São João da Paraúna (GO),52,0.197,327.0,0.753,553.51,Faixa 3 (R$ 10k),10000.0,0,0.35,0.0,3749.0,3749.0,0.0,11464.83,5318.04,6146.79,0.0,0,0,0.0,0.0,-0.31190451072229586
522010,5220108,São Luís de Montes Belos (GO),52,0.232,6979.0,0.725,615.67,Faixa 3 (R$ 10k),10000.0,0,0.35,156700.0,8016.0,164716.0,0.9513,23601.66,5758.42,17843.24,0.0,0,0,0.0,0.0,0.3606586772758853
522015,5220157,São Luíz do Norte (GO),52,0.308,1191.0,0.687,393.82,Faixa 2 (R$ 15k),15000.0,0,0.7,673.0,4040.0,4713.0,0.1428,3957.18,1333.33,2623.85,0.0,0,0,0.0,0.0,-0.43569905014235
522020,5220207,São Miguel do Araguaia (GO),52,0.324,5187.0,0.686,465.05,Faixa 2 (R$ 15k),15000.0,0,0.7,32.0,7405.0,7437.0,0.0043,1433.78,634.47,799.31,0.0,0,0,0.0,0.0,-0.5597791839140125
522026,5220264,São Miguel do Passa Quatro (GO),52,0.296,406.0,0.733,603.34,Faixa 3 (R$ 10k),10000.0,0,0.35,0.0,3375.0,3375.0,0.0,8312.81,5066.5,3246.31,0.0,0,0,0.0,0.0,-0.3588860254199871
522028,5220280,São Patrício (GO),52,0.226,269.0,0.665,412.3,Faixa 3 (R$ 10k),10000.0,0,0.35,0.0,1354.0,1354.0,0.0,5033.46,1966.54,3066.91,0.0,0,0,0.0,0.0,-0.4813295069493483
522040,5220405,São Simão (GO),52,0.255,4451.0,0.703,605.96,Faixa 3 (R$ 10k),10000.0,0,0.35,6579.0,10433.0,17012.0,0.3867,3822.06,1542.8,2279.26,0.0,0,0,0.0,0.0,-0.30243950613837256
522100,5221007,Taquaral de Goiás (GO),52,0.169,718.0,0.716,537.98,Faixa 3 (R$ 10k),10000.0,0,0.35,0.0,2459.0,2459.0,0.0,3424.79,1406.69,2018.11,0.0,0,0,0.0,0.0,-0.5164901756015828
522145,5221452,Trombas (GO),52,0.34,613.0,0.663,403.82,Faixa 2 (R$ 15k),15000.0,0,0.7,0.0,2934.0,2934.0,0.0,4786.3,2195.76,2590.54,0.0,0,0,0.0,0.0,-0.47856110049950756
522130,5221304,Três Ranchos (GO),52,0.164,499.0,0.748,631.51,Faixa 3 (R$ 10k),10000.0,0,0.35,525.0,1283.0,1808.0,0.2904,3623.25,1591.18,2032.06,0.0,0,0,0.0,0.0,-0.3548943210704026
522150,5221502,Turvânia (GO),52,0.329,1018.0,0.716,491.84,Faixa 2 (R$ 15k),15000.0,0,0.7,807.0,8601.0,9408.0,0.0858,9241.65,3724.95,5516.7,0.0,0,0,0.0,0.0,-0.33615514057191126
522170,5221700,Uruana (GO),52,0.305,2747.0,0.691,423.44,Faixa 2 (R$ 15k),15000.0,0,0.7,4271.0,8316.0,12587.0,0.3393,4582.09,1469.6,3112.49,0.0,0,0,0.0,0.0,-0.3197602730408679
522160,5221601,Uruaçu (GO),52,0.222,10773.0,0.727,597.51,Faixa 3 (R$ 10k),10000.0,0,0.35,58681.0,8509.0,67190.0,0.8734,6236.89,2313.38,3923.51,0.0,0,0,0.0,0.0,0.007077062341548257
522180,5221809,Urutaí (GO),52,0.247,679.0,0.726,547.02,Faixa 3 (R$ 10k),10000.0,0,0.35,44.0,1043.0,1087.0,0.0405,1600.88,891.02,709.87,0.0,0,0,0.0,0.0,-0.5317544277642281
522190,5221908,Varjão (GO),52,0.232,634.0,0.71,553.85,Faixa 3 (R$ 10k),10000.0,0,0.35,402.0,2993.0,3395.0,0.1184,5354.89,2594.64,2760.25,0.0,0,0,0.0,0.0,-0.3980271588555333
522200,5222005,Vianópolis (GO),52,0.303,2686.0,0.716,505.77,Faixa 2 (R$ 15k),15000.0,0,0.7,0.0,7308.0,7308.0,0.0,2720.77,1316.83,1403.95,0.0,0,0,0.0,0.0,-0.5278566110842767
522205,5222054,Vicentinópolis (GO),52,0.325,1585.0,0.695,526.76,Faixa 2 (R$ 15k),15000.0,0,0.7,834.0,3613.0,4447.0,0.1875,2805.68,1394.95,1410.73,0.0,0,0,0.0,0.0,-0.4251379502117805
522230,5222302,Vila Propício (GO),52,0.252,501.0,0.699,441.8,Faixa 3 (R$ 10k),10000.0,0,0.35,5671.0,4101.0,9772.0,0.5803,19504.99,7281.44,12223.55,0.0,0,0,0.0,0.0,0.15046209072081745
520020,5200209,Água Limpa (GO),52,0.249,301.0,0.73,433.84,Faixa 3 (R$ 10k),10000.0,0,0.35,0.0,1656.0,1656.0,0.0,5501.66,3598.01,1903.65,0.0,0,0,0.0,0.0,-0.43303363286299196
520010,5200100,Abadiânia (GO),52,0.256,2966.0,0.69,429.93,Faixa 3 (R$ 10k),10000.0,0,0.35,367.0,8668.0,9035.0,0.0406,3046.19,1066.42,1979.77,0.0,0,0,0.0,0.0,-0.5086020427479616
520030,5200308,Alexânia (GO),52,0.288,5722.0,0.667,450.44,Faixa 3 (R$ 10k),10000.0,0,0.35,3609.0,13419.0,17028.0,0.2119,2975.88,1401.26,1574.62,0.0,0,0,0.0,0.0,-0.40982777750746757
520400,5204003,Cabeceiras (GO),52,0.276,1986.0,0.706,395.8,Faixa 3 (R$ 10k),10000.0,0,0.35,5.0,3573.0,3578.0,0.0014,1801.61,718.03,1083.59,0.0,0,0,0.0,0.0,-0.5544321216949001
520549,5205497,Cidade Ocidental (GO),52,0.35,13884.0,0.755,703.42,Faixa 2 (R$ 15k),15000.0,0,0.7,25884.0,22519.0,48403.0,0.5348,3486.24,893.91,2592.34,0.0,0,0,0.0,0.0,-0.2448948286265212
520551,5205513,Cocalzinho de Goiás (GO),52,0.257,1884.0,0.675,477.54,Faixa 3 (R$ 10k),10000.0,0,0.35,140.0,14877.0,15017.0,0.0093,7970.81,2772.82,5197.98,0.0,0,0,0.0,0.0,-0.4177851672801373
520580,5205802,Corumbá de Goiás (GO),52,0.266,1837.0,0.727,541.7,Faixa 3 (R$ 10k),10000.0,0,0.35,119.0,7094.0,7213.0,0.0165,3926.51,1406.64,2519.87,0.0,0,0,0.0,0.0,-0.5012858979980275
520620,5206206,Cristalina (GO),52,0.374,11827.0,0.701,481.5,Faixa 2 (R$ 15k),15000.0,0,0.7,30761.0,15409.0,46170.0,0.6663,3903.78,996.45,2907.33,0.0,0,0,0.0,0.0,-0.1670217103219877
520800,5208004,Formosa (GO),52,0.297,29084.0,0.736,617.72,Faixa 3 (R$ 10k),10000.0,0,0.35,235872.0,14214.0,250086.0,0.9432,8598.75,2476.24,6122.51,0.0,0,0,0.0,0.0,0.07869620480848208
521250,5212501,Luziânia (GO),52,0.436,51944.0,0.699,479.05,Faixa 1 (R$ 20k),20000.0,3,0.94,179252.0,15819.0,195071.0,0.9189,3755.41,994.44,2760.97,0.0,35640,5148,437580.0,725.76,-0.03479191924669327
521523,5215231,Novo Gama (GO),52,0.429,33380.0,0.68,458.04,Faixa 1 (R$ 20k),20000.0,0,0.8,227.0,16234.0,16461.0,0.0138,493.14,112.04,381.1,0.0,0,0,0.0,0.0,-0.5803481250918958
521560,5215603,Padre Bernardo (GO),52,0.284,3719.0,0.69,464.08,Faixa 3 (R$ 10k),10000.0,0,0.35,1392.0,5278.0,6670.0,0.2087,1793.49,400.65,1392.85,0.0,0,0,0.0,0.0,-0.45264027396868317
521730,5217302,Pirenópolis (GO),52,0.266,3732.0,0.725,427.13,Faixa 3 (R$ 10k),10000.0,0,0.35,86506.0,13419.0,99925.0,0.8657,26775.19,5768.22,21006.97,0.0,0,0,0.0,0.0,0.356178183062808
521760,5217609,Planaltina (GO),52,0.431,26942.0,0.682,422.78,Faixa 1 (R$ 20k),20000.0,0,0.8,38161.0,19153.0,57314.0,0.6658,2127.31,485.34,1641.97,0.0,0,0,0.0,0.0,-0.20333886542127627
521975,5219753,Santo Antônio do Descoberto (GO),52,0.442,18899.0,0.678,409.26,Faixa 1 (R$ 20k),20000.0,0,0.8,2696.0,2882.0,5578.0,0.4833,295.15,73.02,222.13,0.0,0,0,0.0,0.0,-0.3344926602798383
522185,5221858,Valparaíso de Goiás (GO),52,0.343,42848.0,0.745,665.76,Faixa 2 (R$ 15k),15000.0,0,0.7,43457.0,20147.0,63604.0,0.6832,1484.41,627.73,856.68,0.0,0,0,0.0,0.0,-0.19865784301939676
520017,5200175,Água Fria de Goiás (GO),52,0.356,672.0,0.689,372.17,Faixa 2 (R$ 15k),15000.0,0,0.7,0.0,2221.0,2221.0,0.0,3305.06,1287.2,2017.86,0.0,0,0,0.0,0.0,-0.5211242232243058
520025,5200258,Águas Lindas de Goiás (GO),52,0.404,53673.0,0.691,422.35,Faixa 1 (R$ 20k),20000.0,0,0.8,145544.0,16864.0,162408.0,0.8962,3025.88,1249.9,1775.98,0.0,0,0,0.0,0.0,-0.04959429366245878
520005,5200050,Abadia de Goiás (GO),52,0.198,1380.0,0.728,563.09,Faixa 3 (R$ 10k),10000.0,0,0.35,20106.0,15582.0,35688.0,0.5634,25860.87,5755.07,20105.8,0.0,0,0,0.0,0.0,0.18351220543530405
520140,5201405,Aparecida de Goiânia (GO),52,0.369,141520.0,0.715,573.67,Faixa 2 (R$ 15k),15000.0,2,0.88,710771.0,118931.0,829702.0,0.8567,5862.79,3431.56,2431.23,1.0,22320,3627,308295.0,282.24,0.825568586705627
520180,5201801,Aragoiânia (GO),52,0.402,1433.0,0.694,492.99,Faixa 1 (R$ 20k),20000.0,0,0.8,11745.0,9275.0,21020.0,0.5588,14668.53,3625.96,11042.57,0.0,0,0,0.0,0.0,-0.017789289270230813
520330,5203302,Bela Vista de Goiás (GO),52,0.326,4280.0,0.696,566.43,Faixa 2 (R$ 15k),15000.0,0,0.7,18346.0,16934.0,35280.0,0.52,8242.99,3405.84,4837.15,0.0,0,0,0.0,0.0,-0.12658941734228155
520355,5203559,Bonfinópolis (GO),52,0.395,1976.0,0.676,433.99,Faixa 2 (R$ 15k),15000.0,0,0.7,812.0,5918.0,6730.0,0.1207,3405.87,1798.08,1607.79,0.0,0,0,0.0,0.0,-0.4424703854178661
520360,5203609,Brazabrantes (GO),52,0.254,581.0,0.721,568.57,Faixa 3 (R$ 10k),10000.0,0,0.35,482.0,3757.0,4239.0,0.1137,7296.04,4442.34,2853.7,0.0,0,0,0.0,0.0,-0.32771569082705587
520455,5204557,Caldazinha (GO),52,0.366,791.0,0.674,480.53,Faixa 2 (R$ 15k),15000.0,0,0.7,0.0,3535.0,3535.0,0.0,4469.03,2352.72,2116.31,0.0,0,0,0.0,0.0,-0.4785656376256622
520520,5205208,Caturaí (GO),52,0.355,977.0,0.664,441.62,Faixa 2 (R$ 15k),15000.0,0,0.7,1687.0,4532.0,6219.0,0.2713,6365.4,2572.16,3793.24,0.0,0,0,0.0,0.0,-0.3044143454275815
520880,5208806,Goianira (GO),52,0.391,9798.0,0.694,452.71,Faixa 2 (R$ 15k),15000.0,1,0.88,15547.0,29084.0,44631.0,0.3483,4555.11,2052.15,2502.96,0.0,11880,1716,145860.0,241.92,-0.30022667177002343
520840,5208400,Goianápolis (GO),52,0.323,2446.0,0.706,461.37,Faixa 2 (R$ 15k),15000.0,0,0.7,18352.0,7777.0,26129.0,0.7024,10682.34,2444.4,8237.94,0.0,0,0,0.0,0.0,-0.02330044852395343
520870,5208707,Goiânia (GO),52,0.318,333598.0,0.784,910.81,Faixa 2 (R$ 15k),15000.0,2,0.88,862657.0,92965.0,955622.0,0.9027,2864.59,1390.54,1474.05,0.0,23760,3432,291720.0,483.84,-0.044566598548151634
520920,5209200,Guapó (GO),52,0.335,3486.0,0.744,667.23,Faixa 2 (R$ 15k),15000.0,0,0.7,165.0,9959.0,10124.0,0.0163,2904.19,1412.51,1491.68,0.0,0,0,0.0,0.0,-0.5143633397126072
520970,5209705,Hidrolândia (GO),52,0.343,2468.0,0.748,604.14,Faixa 2 (R$ 15k),15000.0,1,0.88,4930.0,19794.0,24724.0,0.1994,10017.83,4142.63,5875.2,1.0,10530,1521,129285.0,120.96,0.5481643924550363
521000,5210000,Inhumas (GO),52,0.223,11264.0,0.708,580.91,Faixa 3 (R$ 10k),10000.0,0,0.35,11223.0,21231.0,32454.0,0.3458,2881.21,1205.61,1675.6,0.0,0,0,0.0,0.0,-0.3449835111111067
521450,5214507,Nerópolis (GO),52,0.298,6574.0,0.713,490.99,Faixa 3 (R$ 10k),10000.0,0,0.35,2572.0,10795.0,13367.0,0.1924,2033.31,1113.48,919.84,0.0,0,0,0.0,0.0,-0.43974501581211795
521500,5215009,Nova Veneza (GO),52,0.278,1624.0,0.712,447.74,Faixa 3 (R$ 10k),10000.0,0,0.35,1534.0,4880.0,6414.0,0.2392,3949.51,1665.02,2284.48,0.0,0,0,0.0,0.0,-0.3759908693077073
521973,5219738,Santo Antônio de Goiás (GO),52,0.314,1205.0,0.724,510.7,Faixa 2 (R$ 15k),15000.0,0,0.7,4028.0,5538.0,9566.0,0.4211,7938.59,2703.73,5234.85,0.0,0,0,0.0,0.0,-0.2012325841386231
522045,5220454,Senador Canedo (GO),52,0.389,27829.0,0.711,481.63,Faixa 2 (R$ 15k),15000.0,2,0.88,62127.0,69745.0,131872.0,0.4711,4738.65,2400.37,2338.28,0.0,23760,3432,291720.0,483.84,-0.22361121723125926
522119,5221197,Terezópolis de Goiás (GO),52,0.3,1716.0,0.697,436.34,Faixa 3 (R$ 10k),10000.0,1,0.48,3312.0,4356.0,7668.0,0.4319,4468.53,2476.11,1992.42,0.0,11880,1716,145860.0,241.92,-0.2459394891139557
522140,5221403,Trindade (GO),52,0.37,30006.0,0.701,502.95,Faixa 2 (R$ 15k),15000.0,0,0.7,266614.0,39945.0,306559.0,0.8697,10216.59,1529.63,8686.96,0.0,0,0,0.0,0.0,0.035884453010089336
510025,5100250,Alta Floresta (MT),51,0.253,11366.0,0.718,562.87,Faixa 3 (R$ 10k),10000.0,0,0.35,19951.0,10094.0,30045.0,0.664,2643.41,990.5,1652.91,0.0,0,0,0.0,0.0,-0.18457688145213502
510030,5100300,Alto Araguaia (MT),51,0.263,3735.0,0.716,577.67,Faixa 3 (R$ 10k),10000.0,0,0.35,27191.0,2945.0,30136.0,0.9023,8068.54,2228.38,5840.16,0.0,0,0,0.0,0.0,0.04373883143016288
510035,5100359,Alto Boa Vista (MT),51,0.297,1114.0,0.692,367.63,Faixa 3 (R$ 10k),10000.0,0,0.35,940.0,2693.0,3633.0,0.2587,3261.22,1119.39,2141.83,0.0,0,0,0.0,0.0,-0.38860947246421756
510040,5100409,Alto Garças (MT),51,0.286,2190.0,0.676,439.08,Faixa 3 (R$ 10k),10000.0,0,0.35,11389.0,2811.0,14200.0,0.802,6484.02,548.4,5935.62,0.0,0,0,0.0,0.0,-0.07342578465740845
510060,5100607,Alto Taquari (MT),51,0.207,1712.0,0.699,573.91,Faixa 3 (R$ 10k),10000.0,0,0.35,2758.0,2475.0,5233.0,0.527,3056.66,1380.26,1676.4,0.0,0,0,0.0,0.0,-0.24194729702040582
510080,5100805,Apiacás (MT),51,0.28,1709.0,0.699,471.0,Faixa 3 (R$ 10k),10000.0,0,0.35,847.0,1996.0,2843.0,0.2979,1663.55,1028.67,634.87,0.0,0,0,0.0,0.0,-0.39064601912817304
510125,5101258,Araputanga (MT),51,0.233,3777.0,0.725,522.22,Faixa 3 (R$ 10k),10000.0,0,0.35,15969.0,2981.0,18950.0,0.8427,5017.21,921.1,4096.11,0.0,0,0,0.0,0.0,-0.06097435428946439
510130,5101308,Arenápolis (MT),51,0.29,3339.0,0.725,466.5,Faixa 3 (R$ 10k),10000.0,0,0.35,3846.0,951.0,4797.0,0.8018,1436.66,393.53,1043.13,0.0,0,0,0.0,0.0,-0.14233812446517655
510140,5101407,Aripuanã (MT),51,0.316,3268.0,0.708,550.89,Faixa 2 (R$ 15k),15000.0,0,0.7,10672.0,5986.0,16658.0,0.6407,5097.31,827.11,4270.2,0.0,0,0,0.0,0.0,-0.16968891678080858
510170,5101704,Barra do Bugres (MT),51,0.318,8316.0,0.696,490.84,Faixa 2 (R$ 15k),15000.0,0,0.7,10028.0,4551.0,14579.0,0.6878,1753.13,700.7,1052.43,0.0,0,0,0.0,0.0,-0.19087342570948046
510180,5101803,Barra do Garças (MT),51,0.225,15940.0,0.758,652.1,Faixa 3 (R$ 10k),10000.0,0,0.35,382478.0,22017.0,404495.0,0.9456,25376.1,2900.82,22475.28,0.0,0,0,0.0,0.0,0.30634356695039133
510160,5101605,Barão de Melgaço (MT),51,0.369,1361.0,0.666,419.49,Faixa 2 (R$ 15k),15000.0,0,0.7,758.0,1794.0,2552.0,0.297,1875.09,805.29,1069.8,0.0,0,0,0.0,0.0,-0.39419827182564243
510185,5101852,Bom Jesus do Araguaia (MT),51,0.382,867.0,0.703,412.51,Faixa 2 (R$ 15k),15000.0,0,0.7,306.0,2684.0,2990.0,0.1023,3448.67,523.64,2925.03,0.0,0,0,0.0,0.0,-0.48472728771239326
510190,5101902,Brasnorte (MT),51,0.408,2334.0,0.7,536.32,Faixa 1 (R$ 20k),20000.0,0,0.8,10009.0,8529.0,18538.0,0.5399,7942.59,1919.02,6023.56,0.0,0,0,0.0,0.0,-0.15841082765546016
510263,5102637,Campo Novo do Parecis (MT),51,0.205,6545.0,0.722,616.68,Faixa 3 (R$ 10k),10000.0,0,0.35,36706.0,4869.0,41575.0,0.8829,6352.18,2135.98,4216.2,0.0,0,0,0.0,0.0,0.009005641380451502
510267,5102678,Campo Verde (MT),51,0.235,6793.0,0.744,612.78,Faixa 3 (R$ 10k),10000.0,0,0.35,172190.0,8620.0,180810.0,0.9523,26617.11,1932.28,24684.82,0.0,0,0,0.0,0.0,0.3007299943535599
510268,5102686,Campos de Júlio (MT),51,0.227,898.0,0.729,868.68,Faixa 3 (R$ 10k),10000.0,0,0.35,42267.0,2670.0,44937.0,0.9406,50041.2,946.55,49094.65,0.0,0,0,0.0,0.0,0.5696568025570097
510269,5102694,Canabrava do Norte (MT),51,0.415,874.0,0.71,368.47,Faixa 1 (R$ 20k),20000.0,0,0.8,512.0,656.0,1168.0,0.4384,1336.38,300.92,1035.47,0.0,0,0,0.0,0.0,-0.3390714668612772
510270,5102702,Canarana (MT),51,0.277,3633.0,0.688,623.99,Faixa 3 (R$ 10k),10000.0,0,0.35,33776.0,9406.0,43182.0,0.7822,11886.04,1006.33,10879.71,0.0,0,0,0.0,0.0,-0.0027302365285782337
510279,5102793,Carlinda (MT),51,0.214,1262.0,0.701,430.26,Faixa 3 (R$ 10k),10000.0,0,0.35,3445.0,2336.0,5781.0,0.5959,4580.82,3016.64,1564.18,0.0,0,0,0.0,0.0,-0.1433679146782367
510285,5102850,Castanheira (MT),51,0.289,943.0,0.728,447.37,Faixa 3 (R$ 10k),10000.0,0,0.35,1056.0,2265.0,3321.0,0.318,3521.74,1318.13,2203.61,0.0,0,0,0.0,0.0,-0.3486127180717796
510300,5103007,Chapada dos Guimarães (MT),51,0.266,4280.0,0.728,502.84,Faixa 3 (R$ 10k),10000.0,0,0.35,105082.0,5969.0,111051.0,0.9462,25946.5,1119.39,24827.1,0.0,0,0,0.0,0.0,0.26781197887967756
510305,5103056,Cláudia (MT),51,0.272,1955.0,0.684,447.68,Faixa 3 (R$ 10k),10000.0,0,0.35,22698.0,5695.0,28393.0,0.7994,14523.27,1909.97,12613.3,0.0,0,0,0.0,0.0,0.06368160994873036
510310,5103106,Cocalinho (MT),51,0.348,1236.0,0.696,521.44,Faixa 2 (R$ 15k),15000.0,0,0.7,7954.0,2961.0,10915.0,0.7287,8830.91,1444.98,7385.92,0.0,0,0,0.0,0.0,-0.05899955780535211
510325,5103254,Colniza (MT),51,0.377,4366.0,0.668,466.92,Faixa 2 (R$ 15k),15000.0,0,0.7,2526348.0,3327.0,2529675.0,0.9987,579403.34,499.08,578904.26,0.0,0,0,0.0,0.0,7.3842507104283115
510320,5103205,Colíder (MT),51,0.278,6311.0,0.698,559.87,Faixa 3 (R$ 10k),10000.0,0,0.35,199854.0,7810.0,207664.0,0.9624,32905.09,3443.51,29461.58,0.0,0,0,0.0,0.0,0.42598221926131713
510330,5103304,Comodoro (MT),51,0.292,3546.0,0.707,497.49,Faixa 3 (R$ 10k),10000.0,0,0.35,8692.0,5738.0,14430.0,0.6024,4069.37,1535.82,2533.56,0.0,0,0,0.0,0.0,-0.18486125359616334
510335,5103353,Confresa (MT),51,0.313,4447.0,0.702,539.76,Faixa 2 (R$ 15k),15000.0,0,0.7,19287.0,7980.0,27267.0,0.7073,6131.55,756.02,5375.53,0.0,0,0,0.0,0.0,-0.12287578793220208
510336,5103361,Conquista D'Oeste (MT),51,0.278,494.0,0.713,546.76,Faixa 3 (R$ 10k),10000.0,0,0.35,875.0,2133.0,3008.0,0.2909,6089.07,1520.24,4568.83,0.0,0,0,0.0,0.0,-0.324814022979146
510337,5103379,Cotriguaçu (MT),51,0.405,1531.0,0.705,524.22,Faixa 1 (R$ 20k),20000.0,0,0.8,1806.0,13582.0,15388.0,0.1174,10050.95,1189.42,8861.53,0.0,0,0,0.0,0.0,-0.37469738860183466
510343,5103437,Curvelândia (MT),51,0.357,855.0,0.697,474.4,Faixa 2 (R$ 15k),15000.0,0,0.7,224.0,1155.0,1379.0,0.1624,1612.87,536.84,1076.02,0.0,0,0,0.0,0.0,-0.4760246699599605
510250,5102504,Cáceres (MT),51,0.306,26284.0,0.717,511.07,Faixa 2 (R$ 15k),15000.0,8,0.88,210244.0,0.0,210244.0,1.0,7998.93,1128.33,6870.61,1.0,91740,13260,1127100.0,1236.48,0.8694171466090751
510345,5103452,Denise (MT),51,0.316,2505.0,0.674,483.85,Faixa 2 (R$ 15k),15000.0,0,0.7,0.0,1114.0,1114.0,0.0,444.71,233.53,211.18,0.0,0,0,0.0,0.0,-0.5851518009094789
510350,5103502,Diamantino (MT),51,0.255,4661.0,0.727,554.35,Faixa 3 (R$ 10k),10000.0,0,0.35,23553.0,3079.0,26632.0,0.8844,5713.8,804.55,4909.25,0.0,0,0,0.0,0.0,-0.03290125238583543
510370,5103700,Feliz Natal (MT),51,0.315,1761.0,0.693,460.9,Faixa 2 (R$ 15k),15000.0,0,0.7,95678.0,5160.0,100838.0,0.9488,57261.78,3102.21,54159.57,0.0,0,0,0.0,0.0,0.7225740577212495
510380,5103809,Figueirópolis D'Oeste (MT),51,0.241,1017.0,0.681,417.39,Faixa 3 (R$ 10k),10000.0,0,0.35,14904.0,1150.0,16054.0,0.9284,15785.64,521.14,15264.5,0.0,0,0,0.0,0.0,0.11241728121297423
510390,5103908,General Carneiro (MT),51,0.299,812.0,0.698,401.13,Faixa 3 (R$ 10k),10000.0,0,0.35,196.0,5383.0,5579.0,0.0351,6870.69,1328.82,5541.87,0.0,0,0,0.0,0.0,-0.45562826130459494
510395,5103957,Glória D'Oeste (MT),51,0.256,513.0,0.671,396.77,Faixa 3 (R$ 10k),10000.0,0,0.35,1890.0,813.0,2703.0,0.6992,5269.01,1966.86,3302.14,0.0,0,0,0.0,0.0,-0.10686760340110475
510410,5104104,Guarantã do Norte (MT),51,0.302,5955.0,0.698,547.88,Faixa 2 (R$ 15k),15000.0,0,0.7,136795.0,9404.0,146199.0,0.9357,24550.63,1495.05,23055.58,0.0,0,0,0.0,0.0,0.2540523125698355
510420,5104203,Guiratinga (MT),51,0.277,3778.0,0.72,473.41,Faixa 3 (R$ 10k),10000.0,0,0.35,8514.0,5648.0,14162.0,0.6012,3748.54,250.13,3498.41,0.0,0,0,0.0,0.0,-0.22294065732764037
510450,5104500,Indiavaí (MT),51,0.273,694.0,0.655,384.13,Faixa 3 (R$ 10k),10000.0,0,0.35,0.0,356.0,356.0,0.0,512.97,226.22,286.74,0.0,0,0,0.0,0.0,-0.5844650928140382
510452,5104526,Ipiranga do Norte (MT),51,0.249,739.0,0.722,554.86,Faixa 3 (R$ 10k),10000.0,0,0.35,100889.0,1896.0,102785.0,0.9816,139086.6,1899.86,137186.74,0.0,0,0,0.0,0.0,1.7592054334840508
510454,5104542,Itanhangá (MT),51,0.273,636.0,0.695,531.99,Faixa 3 (R$ 10k),10000.0,0,0.35,1092.0,1498.0,2590.0,0.4216,4072.33,2223.27,1849.06,0.0,0,0,0.0,0.0,-0.2630503049538794
510455,5104559,Itaúba (MT),51,0.319,961.0,0.64,466.41,Faixa 2 (R$ 15k),15000.0,0,0.7,31841.0,3696.0,35537.0,0.896,36979.19,1519.25,35459.94,0.0,0,0,0.0,0.0,0.3931332799444473
510460,5104609,Itiquira (MT),51,0.278,1156.0,0.706,591.8,Faixa 3 (R$ 10k),10000.0,0,0.35,33386.0,2832.0,36218.0,0.9218,31330.45,3058.82,28271.63,0.0,0,0,0.0,0.0,0.3742305919945638
510480,5104807,Jaciara (MT),51,0.249,6830.0,0.712,621.88,Faixa 3 (R$ 10k),10000.0,0,0.35,47545.0,5770.0,53315.0,0.8918,7806.0,586.38,7219.62,0.0,0,0,0.0,0.0,-0.0077677013210737614
510500,5105002,Jauru (MT),51,0.311,1840.0,0.684,508.01,Faixa 2 (R$ 15k),15000.0,0,0.7,17079.0,3331.0,20410.0,0.8368,11092.39,837.5,10254.89,0.0,0,0,0.0,0.0,0.011710642753126044
510510,5105101,Juara (MT),51,0.265,6584.0,0.698,540.75,Faixa 3 (R$ 10k),10000.0,0,0.35,33500.0,5189.0,38689.0,0.8659,5876.22,1147.93,4728.28,0.0,0,0,0.0,0.0,-0.03174398794275559
510517,5105176,Juruena (MT),51,0.257,1708.0,0.661,414.77,Faixa 3 (R$ 10k),10000.0,0,0.35,3428.0,2532.0,5960.0,0.5752,3489.46,280.44,3209.02,0.0,0,0,0.0,0.0,-0.23929257745734608
510520,5105200,Juscimeira (MT),51,0.249,2751.0,0.716,507.6,Faixa 3 (R$ 10k),10000.0,0,0.35,2069.0,3864.0,5933.0,0.3487,2156.67,982.55,1174.12,0.0,0,0,0.0,0.0,-0.3585251894327115
510515,5105150,Juína (MT),51,0.291,7925.0,0.711,540.1,Faixa 3 (R$ 10k),10000.0,0,0.35,229361.0,13027.0,242388.0,0.9463,30585.24,3423.47,27161.77,0.0,0,0,0.0,0.0,0.38713064357819726
510523,5105234,Lambari D'Oeste (MT),51,0.392,841.0,0.657,549.52,Faixa 2 (R$ 15k),15000.0,0,0.7,1473.0,939.0,2412.0,0.6107,2868.01,1039.24,1828.78,0.0,0,0,0.0,0.0,-0.20874447783196826
510525,5105259,Lucas do Rio Verde (MT),51,0.186,8665.0,0.755,668.37,Faixa 3 (R$ 10k),10000.0,0,0.35,79149.0,11291.0,90440.0,0.8752,10437.39,574.26,9863.13,0.0,0,0,0.0,0.0,0.01687857736443412
510530,5105309,Luciara (MT),51,0.211,666.0,0.69,321.1,Faixa 3 (R$ 10k),10000.0,0,0.35,75.0,1828.0,1903.0,0.0394,2857.36,1561.56,1295.8,0.0,0,0,0.0,0.0,-0.4988300928033487
510558,5105580,Marcelândia (MT),51,0.288,1568.0,0.703,499.67,Faixa 3 (R$ 10k),10000.0,0,0.35,119749.0,6571.0,126320.0,0.948,80561.22,6514.67,74046.56,0.0,0,0,0.0,0.0,1.10968650142548
510560,5105606,Matupá (MT),51,0.284,2884.0,0.739,599.74,Faixa 3 (R$ 10k),10000.0,0,0.35,277305.0,13681.0,290986.0,0.953,100896.67,4261.44,96635.23,0.0,0,0,0.0,0.0,1.3149842745192786
510562,5105622,Mirassol D'Oeste (MT),51,0.237,5794.0,0.689,522.84,Faixa 3 (R$ 10k),10000.0,0,0.35,14865.0,4496.0,19361.0,0.7678,3341.56,1226.1,2115.46,0.0,0,0,0.0,0.0,-0.11436763911208292
510590,5105903,Nobres (MT),51,0.301,4361.0,0.705,487.56,Faixa 2 (R$ 15k),15000.0,0,0.7,17415.0,2112.0,19527.0,0.8918,4477.64,529.7,3947.95,0.0,0,0,0.0,0.0,-0.05196227285614663
510600,5106000,Nortelândia (MT),51,0.25,2056.0,0.713,436.55,Faixa 3 (R$ 10k),10000.0,0,0.35,684.0,1125.0,1809.0,0.3781,879.86,238.81,641.05,0.0,0,0,0.0,0.0,-0.37857425324511323
510615,5106158,Nova Bandeirantes (MT),51,0.228,931.0,0.644,614.52,Faixa 3 (R$ 10k),10000.0,0,0.35,1770.0,3017.0,4787.0,0.3698,5141.78,1100.97,4040.82,0.0,0,0,0.0,0.0,-0.3059277322189072
510620,5106208,Nova Brasilândia (MT),51,0.267,1273.0,0.695,757.59,Faixa 3 (R$ 10k),10000.0,0,0.35,371.0,1927.0,2298.0,0.1614,1805.18,487.82,1317.36,0.0,0,0,0.0,0.0,-0.47535770970269586
510621,5106216,Nova Canaã do Norte (MT),51,0.297,1729.0,0.694,624.67,Faixa 3 (R$ 10k),10000.0,0,0.35,282047.0,10406.0,292453.0,0.9644,169145.75,2612.49,166533.26,0.0,0,0,0.0,0.0,2.154402853447592
510880,5108808,Nova Guarita (MT),51,0.32,1149.0,0.651,395.57,Faixa 2 (R$ 15k),15000.0,0,0.7,685.0,4968.0,5653.0,0.1212,4919.93,1638.82,3281.11,0.0,0,0,0.0,0.0,-0.4268968699776835
510618,5106182,Nova Lacerda (MT),51,0.241,795.0,0.663,433.58,Faixa 3 (R$ 10k),10000.0,0,0.35,2165.0,3326.0,5491.0,0.3943,6906.92,1720.75,5186.16,0.0,0,0,0.0,0.0,-0.25419025680301066
510885,5108857,Nova Marilândia (MT),51,0.328,661.0,0.711,480.5,Faixa 2 (R$ 15k),15000.0,0,0.7,1053.0,531.0,1584.0,0.6648,2396.37,816.94,1579.43,0.0,0,0,0.0,0.0,-0.19182156527444244
510890,5108907,Nova Maringá (MT),51,0.232,840.0,0.702,588.92,Faixa 3 (R$ 10k),10000.0,0,0.35,22042.0,963.0,23005.0,0.9581,27386.9,851.19,26535.71,0.0,0,0,0.0,0.0,0.285672338963914
510895,5108956,Nova Monte Verde (MT),51,0.222,1034.0,0.713,466.34,Faixa 3 (R$ 10k),10000.0,0,0.35,34942.0,2005.0,36947.0,0.9457,35732.11,2299.81,33432.3,0.0,0,0,0.0,0.0,0.42375754369782576
510622,5106224,Nova Mutum (MT),51,0.228,6033.0,0.75,663.86,Faixa 3 (R$ 10k),10000.0,0,0.35,303311.0,5507.0,308818.0,0.9822,51188.13,3962.37,47225.76,0.0,0,0,0.0,0.0,0.6846447227583395
510623,5106232,Nova Olímpia (MT),51,0.365,5477.0,0.672,435.85,Faixa 2 (R$ 15k),15000.0,0,0.7,9999.0,1398.0,11397.0,0.8773,2080.88,308.38,1772.5,0.0,0,0,0.0,0.0,-0.09616816114218922
510619,5106190,Nova Santa Helena (MT),51,0.278,920.0,0.663,430.23,Faixa 3 (R$ 10k),10000.0,0,0.35,2473.0,4325.0,6798.0,0.3638,7389.13,2202.17,5186.96,0.0,0,0,0.0,0.0,-0.25172460524174634
510624,5106240,Nova Ubiratã (MT),51,0.308,1375.0,0.677,511.02,Faixa 2 (R$ 15k),15000.0,0,0.7,142200.0,7297.0,149497.0,0.9512,108725.09,13432.0,95293.09,0.0,0,0,0.0,0.0,1.6522092463349165
510625,5106257,Nova Xavantina (MT),51,0.249,4769.0,0.71,557.64,Faixa 3 (R$ 10k),10000.0,0,0.35,234691.0,4658.0,239349.0,0.9805,50188.51,1786.75,48401.76,0.0,0,0,0.0,0.0,0.6145204271106961
510627,5106273,Novo Horizonte do Norte (MT),51,0.242,602.0,0.729,482.98,Faixa 3 (R$ 10k),10000.0,0,0.35,7347.0,914.0,8261.0,0.8894,13722.59,1182.72,12539.87,0.0,0,0,0.0,0.0,0.08236394960002262
510626,5106265,Novo Mundo (MT),51,0.295,792.0,0.723,390.64,Faixa 3 (R$ 10k),10000.0,0,0.35,4457.0,9013.0,13470.0,0.3309,17007.58,6296.72,10710.86,0.0,0,0,0.0,0.0,-0.039605974263658986
510631,5106315,Novo Santo Antônio (MT),51,0.37,458.0,0.682,362.11,Faixa 2 (R$ 15k),15000.0,0,0.7,446.0,1545.0,1991.0,0.224,4347.16,650.66,3696.51,0.0,0,0,0.0,0.0,-0.40525164253388457
510628,5106281,Novo São Joaquim (MT),51,0.328,991.0,0.654,542.94,Faixa 2 (R$ 15k),15000.0,0,0.7,3631.0,6584.0,10215.0,0.3555,10307.77,1645.81,8661.96,0.0,0,0,0.0,0.0,-0.2330878144949832
510630,5106307,Paranatinga (MT),51,0.269,4266.0,0.669,499.59,Faixa 3 (R$ 10k),10000.0,0,0.35,3325.0,7128.0,10453.0,0.3181,2450.3,679.56,1770.75,0.0,0,0,0.0,0.0,-0.3788643273307858
510629,5106299,Paranaíta (MT),51,0.292,1321.0,0.72,531.73,Faixa 3 (R$ 10k),10000.0,0,0.35,8573.0,2401.0,10974.0,0.7812,8307.34,3234.67,5072.67,0.0,0,0,0.0,0.0,0.008555115473283803
510637,5106372,Pedra Preta (MT),51,0.282,3213.0,0.667,432.48,Faixa 3 (R$ 10k),10000.0,0,0.35,70982.0,4547.0,75529.0,0.9398,23507.31,381.89,23125.43,0.0,0,0,0.0,0.0,0.21398579671953305
510642,5106422,Peixoto de Azevedo (MT),51,0.345,6685.0,0.708,562.72,Faixa 2 (R$ 15k),15000.0,0,0.7,129922.0,12244.0,142166.0,0.9139,21266.42,1212.42,20054.0,0.0,0,0,0.0,0.0,0.1929874622700558
510650,5106505,Poconé (MT),51,0.357,9067.0,0.672,449.33,Faixa 2 (R$ 15k),15000.0,0,0.7,44368.0,4521.0,48889.0,0.9075,5391.97,756.15,4635.82,0.0,0,0,0.0,0.0,-0.02601578195737079
510665,5106653,Pontal do Araguaia (MT),51,0.262,1491.0,0.756,516.58,Faixa 3 (R$ 10k),10000.0,0,0.35,355.0,21122.0,21477.0,0.0165,14404.43,2124.08,12280.35,0.0,0,0,0.0,0.0,-0.34818757634975916
510670,5106703,Ponte Branca (MT),51,0.3,415.0,0.677,534.44,Faixa 3 (R$ 10k),10000.0,0,0.35,6028.0,559.0,6587.0,0.9151,15872.29,428.92,15443.37,0.0,0,0,0.0,0.0,0.10407412537841569
510675,5106752,Pontes E Lacerda (MT),51,0.27,9162.0,0.695,529.93,Faixa 3 (R$ 10k),10000.0,0,0.35,178718.0,5597.0,184315.0,0.9696,20117.33,3253.11,16864.22,0.0,0,0,0.0,0.0,0.260717884271127
510677,5106778,Porto Alegre do Norte (MT),51,0.237,1842.0,0.727,438.25,Faixa 3 (R$ 10k),10000.0,0,0.35,3356.0,1671.0,5027.0,0.6676,2729.1,1374.05,1355.05,0.0,0,0,0.0,0.0,-0.171623374447693
510682,5106828,Porto Esperidião (MT),51,0.294,1400.0,0.652,432.32,Faixa 3 (R$ 10k),10000.0,0,0.35,3522.0,1950.0,5472.0,0.6436,3908.57,573.57,3335.0,0.0,0,0,0.0,0.0,-0.18997945051994652
510680,5106802,Porto dos Gaúchos (MT),51,0.2,647.0,0.71,586.02,Faixa 3 (R$ 10k),10000.0,0,0.35,32435.0,1630.0,34065.0,0.9522,52650.7,3913.45,48737.25,0.0,0,0,0.0,0.0,0.686214893202233
510700,5107008,Poxoréo (MT),51,0.319,4121.0,0.676,390.91,Faixa 2 (R$ 15k),15000.0,0,0.7,10999.0,7431.0,18430.0,0.5968,4472.22,358.65,4113.56,0.0,0,0,0.0,0.0,-0.21317564777532977
510704,5107040,Primavera do Leste (MT),51,0.229,11236.0,0.725,663.37,Faixa 3 (R$ 10k),10000.0,0,0.35,300836.0,16148.0,316984.0,0.9491,28211.46,2416.16,25795.3,0.0,0,0,0.0,0.0,0.3320380897175191
510706,5107065,Querência (MT),51,0.316,1247.0,0.713,569.61,Faixa 2 (R$ 15k),15000.0,0,0.7,25776.0,6353.0,32129.0,0.8023,25765.04,9604.65,16160.38,0.0,0,0,0.0,0.0,0.40896690859710993
510718,5107180,Ribeirão Cascalheira (MT),51,0.326,2009.0,0.687,519.02,Faixa 2 (R$ 15k),15000.0,0,0.7,1619.0,5236.0,6855.0,0.2362,3412.15,1197.11,2215.03,0.0,0,0,0.0,0.0,-0.3966101539688782
510719,5107198,Ribeirãozinho (MT),51,0.184,404.0,0.734,657.27,Faixa 3 (R$ 10k),10000.0,0,0.35,856.0,961.0,1817.0,0.4711,4497.52,1336.63,3160.89,0.0,0,0,0.0,0.0,-0.2542773342907362
510720,5107206,Rio Branco (MT),51,0.287,1282.0,0.699,574.53,Faixa 3 (R$ 10k),10000.0,0,0.35,1821.0,1120.0,2941.0,0.6192,2294.07,822.15,1471.92,0.0,0,0,0.0,0.0,-0.2172234245763695
510760,5107602,Rondonópolis (MT),51,0.224,53931.0,0.745,610.69,Faixa 3 (R$ 10k),10000.0,1,0.48,629282.0,17853.0,647135.0,0.9724,11999.31,1277.8,10721.51,1.0,9600,1560,132600.0,94.08,0.9099816107216571
510770,5107701,Rosário Oeste (MT),51,0.306,3983.0,0.695,491.76,Faixa 2 (R$ 15k),15000.0,0,0.7,82201.0,2092.0,84293.0,0.9752,21163.19,313.83,20849.36,0.0,0,0,0.0,0.0,0.20093588128685919
510775,5107750,Salto do Céu (MT),51,0.266,685.0,0.689,459.4,Faixa 3 (R$ 10k),10000.0,0,0.35,2061.0,552.0,2613.0,0.7887,3814.6,1039.42,2775.18,0.0,0,0,0.0,0.0,-0.10203129030183514
510724,5107248,Santa Carmem (MT),51,0.231,721.0,0.706,438.24,Faixa 3 (R$ 10k),10000.0,0,0.35,83455.0,1816.0,85271.0,0.9787,118267.68,3187.24,115080.44,0.0,0,0,0.0,0.0,1.5237833478282465
510774,5107743,Santa Cruz do Xingu (MT),51,0.296,386.0,0.684,398.47,Faixa 3 (R$ 10k),10000.0,0,0.35,295.0,514.0,809.0,0.3646,2095.85,1095.85,1000.0,0.0,0,0,0.0,0.0,-0.34792291671613895
510776,5107768,Santa Rita do Trivelato (MT),51,0.24,578.0,0.729,629.37,Faixa 3 (R$ 10k),10000.0,0,0.35,16032.0,527.0,16559.0,0.9682,28648.79,4588.24,24060.55,0.0,0,0,0.0,0.0,0.40409586592129776
510777,5107776,Santa Terezinha (MT),51,0.392,1058.0,0.693,472.15,Faixa 2 (R$ 15k),15000.0,0,0.7,33974.0,1232.0,35206.0,0.965,33275.99,1879.02,31396.98,0.0,0,0,0.0,0.0,0.3915750688673683
510779,5107792,Santo Antônio do Leste (MT),51,0.261,572.0,0.712,482.79,Faixa 3 (R$ 10k),10000.0,0,0.35,92157.0,1744.0,93901.0,0.9814,164162.59,5176.57,158986.01,0.0,0,0,0.0,0.0,2.165923266076608
510787,5107875,Sapezal (MT),51,0.292,4007.0,0.72,700.34,Faixa 3 (R$ 10k),10000.0,0,0.35,6700.0,2848.0,9548.0,0.7017,2382.83,943.1,1439.73,0.0,0,0,0.0,0.0,-0.16912340672477585
510790,5107909,Sinop (MT),51,0.203,21383.0,0.737,628.45,Faixa 3 (R$ 10k),10000.0,0,0.35,878025.0,21360.0,899385.0,0.9763,42060.75,4574.38,37486.37,0.0,0,0,0.0,0.0,0.5802064738059605
510792,5107925,Sorriso (MT),51,0.267,13464.0,0.703,653.11,Faixa 3 (R$ 10k),10000.0,0,0.35,904538.0,14125.0,918663.0,0.9846,68231.06,2185.16,66045.9,0.0,0,0,0.0,0.0,0.8586337203559549
510730,5107305,São José do Rio Claro (MT),51,0.31,4132.0,0.669,443.85,Faixa 2 (R$ 15k),15000.0,0,0.7,12655.0,2745.0,15400.0,0.8218,3727.01,1074.54,2652.47,0.0,0,0,0.0,0.0,-0.08466197902166862
510735,5107354,São José do Xingu (MT),51,0.271,1290.0,0.67,507.72,Faixa 3 (R$ 10k),10000.0,0,0.35,188.0,1080.0,1268.0,0.1483,982.95,352.71,630.23,0.0,0,0,0.0,0.0,-0.49637347376273605
510710,5107107,São José dos Quatro Marcos (MT),51,0.236,3735.0,0.722,463.67,Faixa 3 (R$ 10k),10000.0,0,0.35,91168.0,3530.0,94698.0,0.9627,25354.22,987.68,24366.53,0.0,0,0,0.0,0.0,0.2655603822862804
510794,5107941,Tabaporã (MT),51,0.204,1472.0,0.673,410.29,Faixa 3 (R$ 10k),10000.0,0,0.35,13740.0,4047.0,17787.0,0.7725,12083.56,701.09,11382.47,0.0,0,0,0.0,0.0,-0.013258982071797987
510795,5107958,Tangará da Serra (MT),51,0.231,20879.0,0.734,643.11,Faixa 3 (R$ 10k),10000.0,0,0.35,477534.0,5906.0,483440.0,0.9878,23154.37,1649.84,21504.53,0.0,0,0,0.0,0.0,0.26781735575901194
510800,5108006,Tapurah (MT),51,0.266,1620.0,0.7,565.75,Faixa 3 (R$ 10k),10000.0,0,0.35,46334.0,3520.0,49854.0,0.9294,30774.07,2312.96,28461.11,0.0,0,0,0.0,0.0,0.35179398931224165
510805,5108055,Terra Nova do Norte (MT),51,0.247,1025.0,0.732,474.48,Faixa 3 (R$ 10k),10000.0,0,0.35,100855.0,10187.0,111042.0,0.9083,108333.66,7010.73,101322.93,0.0,0,0,0.0,0.0,1.4579640693326934
510820,5108204,Torixoréu (MT),51,0.274,924.0,0.742,462.81,Faixa 3 (R$ 10k),10000.0,0,0.35,1666.0,1357.0,3023.0,0.5511,3271.65,1286.8,1984.85,0.0,0,0,0.0,0.0,-0.228807439624282
510830,5108303,União do Sul (MT),51,0.276,552.0,0.668,421.8,Faixa 3 (R$ 10k),10000.0,0,0.35,3100.0,2080.0,5180.0,0.5985,9384.06,2188.41,7195.65,0.0,0,0,0.0,0.0,-0.1017950578454068
510835,5108352,Vale de São Domingos (MT),51,0.335,951.0,0.672,438.95,Faixa 2 (R$ 15k),15000.0,0,0.7,2506.0,2980.0,5486.0,0.4568,5768.66,1437.43,4331.23,0.0,0,0,0.0,0.0,-0.2429437931533119
510850,5108501,Vera (MT),51,0.253,1894.0,0.682,429.84,Faixa 3 (R$ 10k),10000.0,0,0.35,81808.0,3110.0,84918.0,0.9634,44835.27,1329.99,43505.28,0.0,0,0,0.0,0.0,0.5248793200563732
510550,5105507,Vila Bela da Santíssima Trindade (MT),51,0.238,1671.0,0.716,519.73,Faixa 3 (R$ 10k),10000.0,0,0.35,30036.0,4442.0,34478.0,0.8712,20633.15,1220.23,19412.93,0.0,0,0,0.0,0.0,0.1623776332270809
510860,5108600,Vila Rica (MT),51,0.305,3836.0,0.723,672.57,Faixa 2 (R$ 15k),15000.0,0,0.7,11897.0,1560.0,13457.0,0.8841,3508.08,862.1,2645.99,0.0,0,0,0.0,0.0,-0.059883365111551755
510020,5100201,Água Boa (MT),51,0.269,4723.0,0.725,569.27,Faixa 3 (R$ 10k),10000.0,0,0.35,62957.0,9142.0,72099.0,0.8732,15265.51,2466.65,12798.86,0.0,0,0,0.0,0.0,0.12684217143805634
510340,5103403,Cuiabá (MT),51,0.287,176574.0,0.78,854.0,Faixa 3 (R$ 10k),10000.0,0,0.35,235158.0,53122.0,288280.0,0.8157,1632.63,736.54,896.09,0.0,0,0,0.0,0.0,-0.12354813854790188
510840,5108402,Várzea Grande (MT),51,0.374,87169.0,0.733,578.21,Faixa 2 (R$ 15k),15000.0,4,0.88,652790.0,23391.0,676181.0,0.9654,7757.13,576.02,7181.11,1.0,44310,6630,563550.0,537.6,0.8336177146226895
500025,5000252,Alcinópolis (MS),50,0.227,791.0,0.723,515.51,Faixa 3 (R$ 10k),10000.0,0,0.35,511.0,1908.0,2419.0,0.2112,3058.15,1831.86,1226.3,0.0,0,0,0.0,0.0,-0.39798288065354614
500060,5000609,Amambai (MS),50,0.293,3673.0,0.705,539.45,Faixa 3 (R$ 10k),10000.0,0,0.35,8875.0,5681.0,14556.0,0.6097,3962.97,1905.8,2057.17,0.0,0,0,0.0,0.0,-0.1727598377624371
500070,5000708,Anastácio (MS),50,0.351,4918.0,0.693,467.84,Faixa 2 (R$ 15k),15000.0,0,0.7,3832.0,9491.0,13323.0,0.2876,2709.03,1300.53,1408.5,0.0,0,0,0.0,0.0,-0.37565062734321064
500080,5000807,Anaurilândia (MS),50,0.322,1233.0,0.673,485.02,Faixa 2 (R$ 15k),15000.0,0,0.7,1697.0,2665.0,4362.0,0.389,3537.71,1417.68,2120.03,0.0,0,0,0.0,0.0,-0.30811079737307323
500085,5000856,Angélica (MS),50,0.347,1924.0,0.684,506.3,Faixa 2 (R$ 15k),15000.0,0,0.7,125.0,4721.0,4846.0,0.0258,2518.71,1409.04,1109.67,0.0,0,0,0.0,0.0,-0.5143550141224777
500090,5000906,Antônio João (MS),50,0.342,1492.0,0.64,336.48,Faixa 2 (R$ 15k),15000.0,0,0.7,2882.0,3485.0,6367.0,0.4526,4267.43,2804.96,1462.47,0.0,0,0,0.0,0.0,-0.22900132481115118
500100,5001003,Aparecida do Taboado (MS),50,0.317,3958.0,0.668,467.04,Faixa 2 (R$ 15k),15000.0,0,0.7,31369.0,9960.0,41329.0,0.759,10441.89,2959.83,7482.06,0.0,0,0,0.0,0.0,0.017039343463893308
500110,5001102,Aquidauana (MS),50,0.341,10128.0,0.697,530.92,Faixa 2 (R$ 15k),15000.0,1,0.88,56979.0,9690.0,66669.0,0.8547,6582.64,1562.5,5020.14,1.0,9600,1560,132600.0,94.08,0.7853030970943579
500124,5001243,Aral Moreira (MS),50,0.293,1016.0,0.623,346.29,Faixa 3 (R$ 10k),10000.0,0,0.35,291.0,1534.0,1825.0,0.1595,1796.26,1175.2,621.06,0.0,0,0,0.0,0.0,-0.45866552810269906
500150,5001508,Bandeirantes (MS),50,0.239,1172.0,0.698,536.11,Faixa 3 (R$ 10k),10000.0,0,0.35,13.0,3028.0,3041.0,0.0043,2594.71,1208.19,1386.52,0.0,0,0,0.0,0.0,-0.5300064463707124
500190,5001904,Bataguassu (MS),50,0.286,4057.0,0.698,494.11,Faixa 3 (R$ 10k),10000.0,0,0.35,18059.0,6577.0,24636.0,0.733,6072.47,1626.57,4445.9,0.0,0,0,0.0,0.0,-0.087418263868138
500200,5002001,Batayporã (MS),50,0.262,2555.0,0.662,437.47,Faixa 3 (R$ 10k),10000.0,0,0.35,14208.0,3223.0,17431.0,0.8151,6822.31,741.68,6080.63,0.0,0,0,0.0,0.0,-0.05711464838807947
500210,5002100,Bela Vista (MS),50,0.494,4354.0,0.663,366.67,Faixa 1 (R$ 20k),20000.0,0,0.8,17771.0,4791.0,22562.0,0.7877,5181.9,1167.66,4014.24,0.0,0,0,0.0,0.0,-0.0816869081864641
500215,5002159,Bodoquena (MS),50,0.291,1624.0,0.7,473.52,Faixa 3 (R$ 10k),10000.0,0,0.35,352.0,2949.0,3301.0,0.1066,2032.64,795.57,1237.07,0.0,0,0,0.0,0.0,-0.49357228582474677
500220,5002209,Bonito (MS),50,0.268,4254.0,0.661,526.55,Faixa 3 (R$ 10k),10000.0,0,0.35,6195.0,6017.0,12212.0,0.5073,2870.71,1620.12,1250.59,0.0,0,0,0.0,0.0,-0.2485824997058262
500230,5002308,Brasilândia (MS),50,0.279,1906.0,0.714,556.59,Faixa 3 (R$ 10k),10000.0,0,0.35,1307.0,6351.0,7658.0,0.1707,4017.84,2209.86,1807.97,0.0,0,0,0.0,0.0,-0.39738083189504947
500240,5002407,Caarapó (MS),50,0.313,3806.0,0.703,484.42,Faixa 2 (R$ 15k),15000.0,0,0.7,18201.0,4731.0,22932.0,0.7937,6025.22,2701.0,3324.22,0.0,0,0,0.0,0.0,-0.0279318288964584
500260,5002605,Camapuã (MS),50,0.301,2581.0,0.707,605.8,Faixa 2 (R$ 15k),15000.0,0,0.7,2375.0,5669.0,8044.0,0.2953,3116.62,1629.21,1487.41,0.0,0,0,0.0,0.0,-0.35780909998066346
500270,5002704,Campo Grande (MS),50,0.318,184539.0,0.756,738.19,Faixa 2 (R$ 15k),15000.0,2,0.88,3251305.0,23447.0,3274752.0,0.9928,17745.58,1843.81,15901.77,0.8684,21180,2613,222105.0,215.04,0.9035536903100351
500280,5002803,Caracol (MS),50,0.386,837.0,0.649,390.15,Faixa 2 (R$ 15k),15000.0,0,0.7,1618.0,1455.0,3073.0,0.5265,3671.45,2475.51,1195.94,0.0,0,0,0.0,0.0,-0.20593348479464746
500290,5002902,Cassilândia (MS),50,0.281,3853.0,0.692,550.52,Faixa 3 (R$ 10k),10000.0,0,0.35,86574.0,7933.0,94507.0,0.9161,24528.16,2735.53,21792.63,0.0,0,0,0.0,0.0,0.27550358050484436
500295,5002951,Chapadão do Sul (MS),50,0.208,3651.0,0.74,639.84,Faixa 3 (R$ 10k),10000.0,0,0.35,17528.0,8979.0,26507.0,0.6613,7260.2,3317.72,3942.48,0.0,0,0,0.0,0.0,-0.0664277130265735
500310,5003108,Corguinho (MS),50,0.292,554.0,0.728,728.84,Faixa 3 (R$ 10k),10000.0,0,0.35,438.0,1796.0,2234.0,0.1961,4032.49,1682.31,2350.18,0.0,0,0,0.0,0.0,-0.3973731033528123
500315,5003157,Coronel Sapucaia (MS),50,0.401,2694.0,0.603,294.23,Faixa 1 (R$ 20k),20000.0,0,0.8,1157.0,2385.0,3542.0,0.3267,1314.77,925.76,389.01,0.0,0,0,0.0,0.0,-0.3824913015220597
500320,5003207,Corumbá (MS),50,0.338,32615.0,0.69,507.97,Faixa 2 (R$ 15k),15000.0,0,0.7,133405.0,10421.0,143826.0,0.9275,4409.81,1278.64,3131.17,0.0,0,0,0.0,0.0,-0.014456901064014626
500325,5003256,Costa Rica (MS),50,0.24,3944.0,0.713,566.36,Faixa 3 (R$ 10k),10000.0,0,0.35,21424.0,6551.0,27975.0,0.7658,7093.05,3638.18,3454.87,0.0,0,0,0.0,0.0,-0.004754856107747918
500330,5003306,Coxim (MS),50,0.273,8914.0,0.689,536.2,Faixa 3 (R$ 10k),10000.0,0,0.35,43568.0,7935.0,51503.0,0.8459,5777.77,1369.76,4408.01,0.0,0,0,0.0,0.0,-0.03788258187568803
500345,5003454,Deodápolis (MS),50,0.282,2773.0,0.703,508.04,Faixa 3 (R$ 10k),10000.0,0,0.35,299.0,4631.0,4930.0,0.0606,1777.86,995.31,782.55,0.0,0,0,0.0,0.0,-0.5161020246522886
500348,5003488,Dois Irmãos do Buriti (MS),50,0.383,1456.0,0.669,363.16,Faixa 2 (R$ 15k),15000.0,0,0.7,21249.0,2397.0,23646.0,0.8986,16240.38,1037.09,15203.3,0.0,0,0,0.0,0.0,0.11579713336910731
500350,5003504,Douradina (MS),50,0.229,674.0,0.749,724.52,Faixa 3 (R$ 10k),10000.0,0,0.35,2627.0,2423.0,5050.0,0.5202,7492.58,1829.38,5663.2,0.0,0,0,0.0,0.0,-0.17697587072391482
500370,5003702,Dourados (MS),50,0.253,35363.0,0.728,628.86,Faixa 3 (R$ 10k),10000.0,1,0.48,229287.0,17095.0,246382.0,0.9306,6967.23,1686.2,5281.03,0.5505,10080,1638,139230.0,161.28,0.47273491655942806
500375,5003751,Eldorado (MS),50,0.382,2468.0,0.672,485.39,Faixa 2 (R$ 15k),15000.0,0,0.7,866.0,1838.0,2704.0,0.3203,1095.62,592.79,502.84,0.0,0,0,0.0,0.0,-0.3973343941326277
500390,5003900,Figueirão (MS),50,0.26,713.0,0.637,451.18,Faixa 3 (R$ 10k),10000.0,0,0.35,10158.0,1031.0,11189.0,0.9079,15692.85,2277.7,13415.15,0.0,0,0,0.0,0.0,0.14586389519026763
500380,5003801,Fátima do Sul (MS),50,0.283,4183.0,0.71,542.37,Faixa 3 (R$ 10k),10000.0,0,0.35,7568.0,4039.0,11607.0,0.652,2774.8,1608.18,1166.63,0.0,0,0,0.0,0.0,-0.1732553667409458
500400,5004007,Glória de Dourados (MS),50,0.219,1759.0,0.705,512.37,Faixa 3 (R$ 10k),10000.0,0,0.35,0.0,4752.0,4752.0,0.0,2701.53,1354.18,1347.36,0.0,0,0,0.0,0.0,-0.5271355275369585
500410,5004106,Guia Lopes da Laguna (MS),50,0.385,2278.0,0.64,358.68,Faixa 2 (R$ 15k),15000.0,0,0.7,779.0,2949.0,3728.0,0.209,1636.52,1101.4,535.12,0.0,0,0,0.0,0.0,-0.4363334315632744
500430,5004304,Iguatemi (MS),50,0.378,1948.0,0.639,416.4,Faixa 2 (R$ 15k),15000.0,0,0.7,2638.0,19468.0,22106.0,0.1193,11348.05,1731.52,9616.53,0.0,0,0,0.0,0.0,-0.34298689034971447
500440,5004403,Inocência (MS),50,0.263,1003.0,0.697,541.16,Faixa 3 (R$ 10k),10000.0,0,0.35,718.0,3938.0,4656.0,0.1542,4642.07,2235.29,2406.78,0.0,0,0,0.0,0.0,-0.39747367227465696
500450,5004502,Itaporã (MS),50,0.299,2427.0,0.7,469.36,Faixa 3 (R$ 10k),10000.0,0,0.35,3157.0,3181.0,6338.0,0.4981,2611.45,2232.8,378.66,0.0,0,0,0.0,0.0,-0.2409178637668908
500460,5004601,Itaquiraí (MS),50,0.278,2030.0,0.69,474.1,Faixa 3 (R$ 10k),10000.0,0,0.35,495.0,3134.0,3629.0,0.1364,1787.68,1319.21,468.47,0.0,0,0,0.0,0.0,-0.4673143246792536
500470,5004700,Ivinhema (MS),50,0.281,4166.0,0.712,600.36,Faixa 3 (R$ 10k),10000.0,0,0.35,5201.0,10633.0,15834.0,0.3285,3800.77,2740.04,1060.73,0.0,0,0,0.0,0.0,-0.3025989561377108
500480,5004809,Japorã (MS),50,0.452,1101.0,0.593,328.87,Faixa 1 (R$ 20k),20000.0,0,0.8,0.0,855.0,855.0,0.0,776.57,434.15,342.42,0.0,0,0,0.0,0.0,-0.5756919603773449
500490,5004908,Jaraguari (MS),50,0.303,521.0,0.685,522.58,Faixa 2 (R$ 15k),15000.0,0,0.7,5301.0,2136.0,7437.0,0.7128,14274.47,1921.31,12353.17,0.0,0,0,0.0,0.0,0.01477803434467848
500500,5005004,Jardim (MS),50,0.277,6022.0,0.697,561.13,Faixa 3 (R$ 10k),10000.0,0,0.35,9886.0,7434.0,17320.0,0.5708,2876.12,1408.67,1467.45,0.0,0,0,0.0,0.0,-0.22026101562043604
500510,5005103,Jateí (MS),50,0.295,603.0,0.71,515.07,Faixa 3 (R$ 10k),10000.0,0,0.35,2360.0,1918.0,4278.0,0.5517,7094.53,1965.17,5129.35,0.0,0,0,0.0,0.0,-0.16183266387775266
500515,5005152,Juti (MS),50,0.407,964.0,0.627,348.03,Faixa 1 (R$ 20k),20000.0,0,0.8,10027.0,2107.0,12134.0,0.8264,12587.14,1840.25,10746.89,0.0,0,0,0.0,0.0,0.05136377375924985
500520,5005202,Ladário (MS),50,0.372,6555.0,0.704,516.96,Faixa 2 (R$ 15k),15000.0,0,0.7,5746.0,20717.0,26463.0,0.2171,4037.07,907.4,3129.67,0.0,0,0,0.0,0.0,-0.4062433360788309
500525,5005251,Laguna Carapã (MS),50,0.342,590.0,0.707,506.2,Faixa 2 (R$ 15k),15000.0,0,0.7,19.0,1769.0,1788.0,0.0106,3030.51,1513.56,1516.95,0.0,0,0,0.0,0.0,-0.5131506672433719
500540,5005400,Maracaju (MS),50,0.251,6624.0,0.691,554.98,Faixa 3 (R$ 10k),10000.0,0,0.35,19386.0,7241.0,26627.0,0.7281,4019.78,2423.76,1596.01,0.0,0,0,0.0,0.0,-0.09570919210575046
500560,5005608,Miranda (MS),50,0.393,4450.0,0.652,408.33,Faixa 2 (R$ 15k),15000.0,0,0.7,106129.0,5461.0,111590.0,0.9511,25076.4,3442.25,21634.16,0.0,0,0,0.0,0.0,0.3194513256681685
500568,5005681,Mundo Novo (MS),50,0.306,4018.0,0.645,494.54,Faixa 2 (R$ 15k),15000.0,0,0.7,3.0,2727.0,2730.0,0.0011,679.44,424.84,254.6,0.0,0,0,0.0,0.0,-0.5765957608077615
500570,5005707,Naviraí (MS),50,0.338,11726.0,0.684,509.79,Faixa 2 (R$ 15k),15000.0,0,0.7,52966.0,6240.0,59206.0,0.8946,5049.12,3555.94,1493.18,0.0,0,0,0.0,0.0,0.035297318892789906
500580,5005806,Nioaque (MS),50,0.303,1880.0,0.676,489.37,Faixa 2 (R$ 15k),15000.0,0,0.7,2171.0,2744.0,4915.0,0.4417,2614.36,1232.45,1381.91,0.0,0,0,0.0,0.0,-0.29676924126088905
500600,5006002,Nova Alvorada do Sul (MS),50,0.314,3181.0,0.682,517.0,Faixa 2 (R$ 15k),15000.0,0,0.7,2797.0,5294.0,8091.0,0.3457,2543.54,1561.77,981.77,0.0,0,0,0.0,0.0,-0.34014003348024396
500620,5006200,Nova Andradina (MS),50,0.218,10093.0,0.711,581.39,Faixa 3 (R$ 10k),10000.0,0,0.35,22511.0,15916.0,38427.0,0.5858,3807.29,1584.37,2222.93,0.0,0,0,0.0,0.0,-0.19578544710516557
500625,5006259,Novo Horizonte do Sul (MS),50,0.455,748.0,0.684,492.44,Faixa 1 (R$ 20k),20000.0,0,0.8,350.0,2074.0,2424.0,0.1444,3240.64,1810.16,1430.48,0.0,0,0,0.0,0.0,-0.43168837195322124
500630,5006309,Paranaíba (MS),50,0.249,6619.0,0.705,529.03,Faixa 3 (R$ 10k),10000.0,0,0.35,29285.0,10949.0,40234.0,0.7279,6078.56,2638.31,3440.25,0.0,0,0,0.0,0.0,-0.0638263151053042
500635,5006358,Paranhos (MS),50,0.315,1587.0,0.623,334.63,Faixa 2 (R$ 15k),15000.0,0,0.7,12172.0,1794.0,13966.0,0.8715,8800.25,935.1,7865.15,0.0,0,0,0.0,0.0,0.003249892428302914
500640,5006408,Pedro Gomes (MS),50,0.304,1755.0,0.698,455.74,Faixa 2 (R$ 15k),15000.0,0,0.7,462.0,2267.0,2729.0,0.1693,1554.99,1210.26,344.73,0.0,0,0,0.0,0.0,-0.4556479898783885
500660,5006606,Ponta Porã (MS),50,0.364,15388.0,0.696,522.26,Faixa 2 (R$ 15k),15000.0,0,0.7,62324.0,11037.0,73361.0,0.8496,4767.42,1398.36,3369.05,0.0,0,0,0.0,0.0,-0.04814553916292445
500690,5006903,Porto Murtinho (MS),50,0.304,2803.0,0.68,406.96,Faixa 2 (R$ 15k),15000.0,0,0.7,6604.0,2760.0,9364.0,0.7053,3340.71,2098.11,1242.6,0.0,0,0,0.0,0.0,-0.1249784995546234
500710,5007109,Ribas do Rio Pardo (MS),50,0.422,3715.0,0.647,455.95,Faixa 1 (R$ 20k),20000.0,0,0.8,25992.0,6683.0,32675.0,0.7955,8795.42,2763.93,6031.49,0.0,0,0,0.0,0.0,0.01021599963368185
500720,5007208,Rio Brilhante (MS),50,0.35,5925.0,0.67,508.16,Faixa 2 (R$ 15k),15000.0,0,0.7,21288.0,6314.0,27602.0,0.7712,4658.57,4124.39,534.18,0.0,0,0,0.0,0.0,-0.020535310384223637
500730,5007307,Rio Negro (MS),50,0.289,929.0,0.692,465.72,Faixa 3 (R$ 10k),10000.0,0,0.35,826.0,1462.0,2288.0,0.361,2462.86,1836.38,626.48,0.0,0,0,0.0,0.0,-0.32593048486349374
500740,5007406,Rio Verde de Mato Grosso (MS),50,0.377,4946.0,0.67,465.47,Faixa 2 (R$ 15k),15000.0,0,0.7,11296.0,5263.0,16559.0,0.6822,3347.96,1390.42,1957.54,0.0,0,0,0.0,0.0,-0.15549905893262228
500750,5007505,Rochedo (MS),50,0.244,808.0,0.678,555.22,Faixa 3 (R$ 10k),10000.0,0,0.35,1490.0,2444.0,3934.0,0.3787,4868.81,1945.54,2923.27,0.0,0,0,0.0,0.0,-0.28281382887731127
500755,5007554,Santa Rita do Pardo (MS),50,0.274,949.0,0.653,452.1,Faixa 3 (R$ 10k),10000.0,0,0.35,6472.0,3845.0,10317.0,0.6273,10871.44,3189.67,7681.77,0.0,0,0,0.0,0.0,-0.04145128021662005
500780,5007802,Selvíria (MS),50,0.303,1249.0,0.68,474.98,Faixa 2 (R$ 15k),15000.0,0,0.7,10580.0,5643.0,16223.0,0.6522,12988.79,2586.07,10402.72,0.0,0,0,0.0,0.0,-0.01668836162525312
500770,5007703,Sete Quedas (MS),50,0.443,1993.0,0.591,385.41,Faixa 1 (R$ 20k),20000.0,0,0.8,1794.0,1383.0,3177.0,0.5647,1594.08,1312.59,281.49,0.0,0,0,0.0,0.0,-0.24244905522956084
500790,5007901,Sidrolândia (MS),50,0.281,6594.0,0.696,558.36,Faixa 3 (R$ 10k),10000.0,0,0.35,20176.0,11713.0,31889.0,0.6327,4836.06,3178.8,1657.26,0.0,0,0,0.0,0.0,-0.11633952337050109
500793,5007935,Sonora (MS),50,0.278,4392.0,0.672,477.95,Faixa 3 (R$ 10k),10000.0,0,0.35,30025.0,3495.0,33520.0,0.8957,7632.06,968.12,6663.93,0.0,0,0,0.0,0.0,0.0019653673744776112
500769,5007695,São Gabriel do Oeste (MS),50,0.241,3778.0,0.675,526.23,Faixa 3 (R$ 10k),10000.0,0,0.35,84078.0,7665.0,91743.0,0.9165,24283.48,3023.29,21260.19,0.0,0,0,0.0,0.0,0.2800335247617019
500795,5007950,Tacuru (MS),50,0.323,870.0,0.693,516.92,Faixa 2 (R$ 15k),15000.0,0,0.7,22781.0,1457.0,24238.0,0.9399,27859.77,4442.53,23417.24,0.0,0,0,0.0,0.0,0.375157178993709
500797,5007976,Taquarussu (MS),50,0.373,718.0,0.669,421.79,Faixa 2 (R$ 15k),15000.0,0,0.7,1092.0,1551.0,2643.0,0.4132,3681.06,1774.37,1906.69,0.0,0,0,0.0,0.0,-0.28417013818352893
500800,5008008,Terenos (MS),50,0.302,2037.0,0.673,427.36,Faixa 2 (R$ 15k),15000.0,0,0.7,4901.0,7892.0,12793.0,0.3831,6280.31,2753.07,3527.25,0.0,0,0,0.0,0.0,-0.24142707285786363
500830,5008305,Três Lagoas (MS),50,0.24,25555.0,0.72,606.69,Faixa 3 (R$ 10k),10000.0,1,0.48,369127.0,13433.0,382560.0,0.9649,14970.06,1850.21,13119.86,1.0,10530,1521,129285.0,120.96,0.9589686409905778
500840,5008404,Vicentina (MS),50,0.26,1103.0,0.722,536.7,Faixa 3 (R$ 10k),10000.0,0,0.35,777.0,2529.0,3306.0,0.235,2997.28,1943.79,1053.49,0.0,0,0,0.0,0.0,-0.38322017816201775
500020,5000203,Água Clara (MS),50,0.318,2833.0,0.676,508.38,Faixa 2 (R$ 15k),15000.0,0,0.7,5602.0,7608.0,13210.0,0.4241,4662.9,2334.27,2328.63,0.0,0,0,0.0,0.0,-0.2512642322212769
270020,2700201,Anadia (AL),27,0.481,2931.0,0.598,240.15,Faixa 1 (R$ 20k),20000.0,0,0.8,0.0,178.0,178.0,0.0,60.73,15.69,45.04,0.0,0,0,0.0,0.0,-0.5957270169025399
270030,2700300,Arapiraca (AL),27,0.391,58469.0,0.652,371.72,Faixa 2 (R$ 15k),15000.0,12,0.88,24540.0,0.0,24540.0,1.0,419.71,247.31,172.4,1.0,121860,18057,1534845.0,1619.52,0.749289071162795
270040,2700409,Atalaia (AL),27,0.477,7823.0,0.614,255.28,Faixa 1 (R$ 20k),20000.0,0,0.8,0.0,528.0,528.0,0.0,67.49,14.06,53.43,0.0,0,0,0.0,0.0,-0.595682487488513
270070,2700706,Batalha (AL),27,0.456,4517.0,0.609,260.31,Faixa 1 (R$ 20k),20000.0,0,0.8,0.0,387.0,387.0,0.0,85.68,30.33,55.35,0.0,0,0,0.0,0.0,-0.5950272881925839
270090,2700904,Belo Monte (AL),27,0.495,413.0,0.589,201.7,Faixa 1 (R$ 20k),20000.0,0,0.8,0.0,57.0,57.0,0.0,138.01,33.9,104.12,0.0,0,0,0.0,0.0,-0.5942629398639403
270080,2700805,Belém (AL),27,0.483,738.0,0.618,299.69,Faixa 1 (R$ 20k),20000.0,0,0.8,0.0,280.0,280.0,0.0,379.4,173.44,205.96,0.0,0,0,0.0,0.0,-0.587547629377329
270100,2701001,Boca da Mata (AL),27,0.415,5783.0,0.636,273.71,Faixa 1 (R$ 20k),20000.0,0,0.8,0.0,393.0,393.0,0.0,67.96,19.02,48.94,0.0,0,0,0.0,0.0,-0.5955478973547755
270110,2701100,Branquinha (AL),27,0.493,2431.0,0.547,216.15,Faixa 1 (R$ 20k),20000.0,0,0.8,0.0,95.0,95.0,0.0,39.08,10.28,28.79,0.0,0,0,0.0,0.0,-0.5961452219544287
270120,2701209,Cacimbinhas (AL),27,0.588,2039.0,0.584,243.0,Faixa 1 (R$ 20k),20000.0,0,0.8,0.0,216.0,216.0,0.0,105.93,58.85,47.08,0.0,0,0,0.0,0.0,-0.5940281407817205
270130,2701308,Cajueiro (AL),27,0.472,6435.0,0.579,226.08,Faixa 1 (R$ 20k),20000.0,0,0.8,0.0,596.0,596.0,0.0,92.62,29.53,63.09,0.0,0,0,0.0,0.0,-0.5949589356169349
270135,2701357,Campestre (AL),27,0.525,1911.0,0.585,260.84,Faixa 1 (R$ 20k),20000.0,0,0.8,0.0,1090.0,1090.0,0.0,570.38,288.85,281.53,0.0,0,0,0.0,0.0,-0.582104774110088
270140,2701407,Campo Alegre (AL),27,0.509,8414.0,0.59,227.27,Faixa 1 (R$ 20k),20000.0,0,0.8,0.0,463.0,463.0,0.0,55.03,13.07,41.95,0.0,0,0,0.0,0.0,-0.59586816142112
270150,2701506,Campo Grande (AL),27,0.54,1551.0,0.573,202.53,Faixa 1 (R$ 20k),20000.0,0,0.8,0.0,624.0,624.0,0.0,402.32,43.84,358.48,0.0,0,0,0.0,0.0,-0.5906124748914466
270160,2701605,Canapi (AL),27,0.585,1922.0,0.564,264.01,Faixa 1 (R$ 20k),20000.0,0,0.8,0.0,399.0,399.0,0.0,207.6,64.0,143.6,0.0,0,0,0.0,0.0,-0.5925895396605547
270170,2701704,Capela (AL),27,0.446,4453.0,0.603,256.8,Faixa 1 (R$ 20k),20000.0,0,0.8,0.0,261.0,261.0,0.0,58.61,11.45,47.16,0.0,0,0,0.0,0.0,-0.595864126318399
270180,2701803,Carneiros (AL),27,0.577,1815.0,0.552,198.81,Faixa 1 (R$ 20k),20000.0,0,0.8,0.0,145.0,145.0,0.0,79.89,24.24,55.65,0.0,0,0,0.0,0.0,-0.5952594583698643
270190,2701902,Chã Preta (AL),27,0.501,1443.0,0.599,208.52,Faixa 1 (R$ 20k),20000.0,0,0.8,0.0,100.0,100.0,0.0,69.3,31.19,38.12,0.0,0,0,0.0,0.0,-0.5952151976522939
270200,2702009,Coité do Nóia (AL),27,0.377,1199.0,0.579,271.33,Faixa 2 (R$ 15k),15000.0,0,0.7,0.0,312.0,312.0,0.0,260.22,205.17,55.05,0.0,0,0,0.0,0.0,-0.5882551210444689
270210,2702108,Colônia Leopoldina (AL),27,0.47,4878.0,0.561,259.73,Faixa 1 (R$ 20k),20000.0,0,0.8,0.0,1418.0,1418.0,0.0,290.69,137.56,153.14,0.0,0,0,0.0,0.0,-0.5896162797995024
270230,2702306,Coruripe (AL),27,0.409,15723.0,0.64,281.92,Faixa 1 (R$ 20k),20000.0,0,0.8,0.0,925.0,925.0,0.0,58.83,11.64,47.19,0.0,0,0,0.0,0.0,-0.5958563776615808
270235,2702355,Craíbas (AL),27,0.461,2505.0,0.566,238.75,Faixa 1 (R$ 20k),20000.0,0,0.8,0.0,457.0,457.0,0.0,182.44,61.08,121.36,0.0,0,0,0.0,0.0,-0.592988196761563
270240,2702405,Delmiro Gouveia (AL),27,0.363,12652.0,0.628,350.77,Faixa 2 (R$ 15k),15000.0,3,0.88,7080.0,0.0,7080.0,1.0,559.6,360.42,332.99,1.0,30960,4836,411060.0,510.72,0.7549209945256953
270250,2702504,Dois Riachos (AL),27,0.487,1913.0,0.573,220.77,Faixa 1 (R$ 20k),20000.0,0,0.8,0.0,318.0,318.0,0.0,166.23,19.86,146.37,0.0,0,0,0.0,0.0,-0.5942646510922612
270255,2702553,Estrela de Alagoas (AL),27,0.464,1578.0,0.596,248.87,Faixa 1 (R$ 20k),20000.0,0,0.8,0.0,1037.0,1037.0,0.0,657.16,275.67,381.5,0.0,0,0,0.0,0.0,-0.5813323357270855
270260,2702603,Feira Grande (AL),27,0.531,7001.0,0.534,176.23,Faixa 1 (R$ 20k),20000.0,0,0.8,0.0,555.0,555.0,0.0,79.27,57.42,21.85,0.0,0,0,0.0,0.0,-0.5944074342308113
270270,2702702,Feliz Deserto (AL),27,0.486,1268.0,0.59,210.39,Faixa 1 (R$ 20k),20000.0,0,0.8,0.0,103.0,103.0,0.0,81.23,3.94,77.29,0.0,0,0,0.0,0.0,-0.5957684069455104
270280,2702801,Flexeiras (AL),27,0.461,3027.0,0.578,218.41,Faixa 1 (R$ 20k),20000.0,0,0.8,0.0,455.0,455.0,0.0,150.31,50.55,99.77,0.0,0,0,0.0,0.0,-0.5936735003404584
270290,2702900,Girau do Ponciano (AL),27,0.47,4197.0,0.604,273.76,Faixa 1 (R$ 20k),20000.0,0,0.8,0.0,756.0,756.0,0.0,180.13,66.95,113.18,0.0,0,0,0.0,0.0,-0.5928657069634313
270300,2703007,Ibateguara (AL),27,0.483,3018.0,0.561,206.79,Faixa 1 (R$ 20k),20000.0,0,0.8,0.0,289.0,289.0,0.0,95.76,33.13,62.62,0.0,0,0,0.0,0.0,-0.5948253882168032
270310,2703106,Igaci (AL),27,0.548,8340.0,0.571,229.75,Faixa 1 (R$ 20k),20000.0,0,0.8,0.0,491.0,491.0,0.0,58.87,28.3,30.58,0.0,0,0,0.0,0.0,-0.5954239907972161
270320,2703205,Igreja Nova (AL),27,0.335,1752.0,0.603,255.56,Faixa 2 (R$ 15k),15000.0,0,0.7,0.0,311.0,311.0,0.0,177.51,17.12,160.39,0.0,0,0,0.0,0.0,-0.5941908690146042
270330,2703304,Inhapi (AL),27,0.586,2552.0,0.558,217.62,Faixa 1 (R$ 20k),20000.0,0,0.8,0.0,296.0,296.0,0.0,115.99,29.0,86.99,0.0,0,0,0.0,0.0,-0.5946726759954032
270340,2703403,Jacaré dos Homens (AL),27,0.505,1171.0,0.608,243.23,Faixa 1 (R$ 20k),20000.0,0,0.8,0.0,81.0,81.0,0.0,69.17,12.81,56.36,0.0,0,0,0.0,0.0,-0.5956933200207521
270350,2703502,Jacuípe (AL),27,0.43,1448.0,0.588,247.07,Faixa 1 (R$ 20k),20000.0,0,0.8,0.0,1356.0,1356.0,0.0,936.46,455.8,480.66,0.0,0,0,0.0,0.0,-0.5730783406532451
270360,2703601,Japaratinga (AL),27,0.45,1230.0,0.601,291.04,Faixa 1 (R$ 20k),20000.0,0,0.8,0.0,355.0,355.0,0.0,288.62,127.64,160.98,0.0,0,0,0.0,0.0,-0.5899000332732622
270370,2703700,Jaramataia (AL),27,0.418,984.0,0.61,229.06,Faixa 1 (R$ 20k),20000.0,0,0.8,0.0,80.0,80.0,0.0,81.3,35.57,45.73,0.0,0,0,0.0,0.0,-0.5949476994074658
270375,2703759,Jequiá da Praia (AL),27,0.5,3907.0,0.553,186.94,Faixa 1 (R$ 20k),20000.0,0,0.8,0.0,65.0,65.0,0.0,16.64,4.86,11.77,0.0,0,0,0.0,0.0,-0.5965737596862807
270380,2703809,Joaquim Gomes (AL),27,0.526,5025.0,0.543,181.69,Faixa 1 (R$ 20k),20000.0,0,0.8,0.0,270.0,270.0,0.0,53.73,14.53,39.2,0.0,0,0,0.0,0.0,-0.595846940369247
270390,2703908,Jundiá (AL),27,0.577,1015.0,0.616,308.98,Faixa 1 (R$ 20k),20000.0,0,0.8,0.0,233.0,233.0,0.0,229.56,89.66,139.9,0.0,0,0,0.0,0.0,-0.5916425688086624
270400,2704005,Junqueiro (AL),27,0.316,2435.0,0.669,454.31,Faixa 2 (R$ 15k),15000.0,0,0.7,0.0,472.0,472.0,0.0,193.84,29.16,164.68,0.0,0,0,0.0,0.0,-0.5936691823735467
270410,2704104,Lagoa da Canoa (AL),27,0.449,3483.0,0.57,231.31,Faixa 1 (R$ 20k),20000.0,0,0.8,0.0,223.0,223.0,0.0,64.03,24.69,39.33,0.0,0,0,0.0,0.0,-0.5954514545489593
270420,2704203,Limoeiro de Anadia (AL),27,0.508,9403.0,0.557,193.01,Faixa 1 (R$ 20k),20000.0,0,0.8,0.0,300.0,300.0,0.0,31.9,10.85,21.06,0.0,0,0,0.0,0.0,-0.5962224814781095
270440,2704401,Major Isidoro (AL),27,0.554,3294.0,0.593,292.04,Faixa 1 (R$ 20k),20000.0,0,0.8,0.0,542.0,542.0,0.0,164.54,75.9,88.65,0.0,0,0,0.0,0.0,-0.592833792927774
270490,2704906,Mar Vermelho (AL),27,0.37,588.0,0.599,247.26,Faixa 2 (R$ 15k),15000.0,0,0.7,0.0,104.0,104.0,0.0,176.87,73.13,103.74,0.0,0,0,0.0,0.0,-0.5927473773449241
270450,2704500,Maragogi (AL),27,0.401,6916.0,0.633,278.17,Faixa 1 (R$ 20k),20000.0,0,0.8,0.0,6289.0,6289.0,0.0,909.34,365.53,543.81,0.0,0,0,0.0,0.0,-0.5757661576953707
270460,2704609,Maravilha (AL),27,0.423,1723.0,0.643,285.14,Faixa 1 (R$ 20k),20000.0,0,0.8,0.0,236.0,236.0,0.0,136.97,49.33,87.64,0.0,0,0,0.0,0.0,-0.5938764319813046
270480,2704807,Maribondo (AL),27,0.411,3411.0,0.607,298.71,Faixa 1 (R$ 20k),20000.0,0,0.8,0.0,267.0,267.0,0.0,78.28,19.35,58.93,0.0,0,0,0.0,0.0,-0.5954068681711291
270500,2705002,Mata Grande (AL),27,0.37,2185.0,0.597,288.82,Faixa 2 (R$ 15k),15000.0,0,0.7,0.0,1911.0,1911.0,0.0,874.6,105.72,768.88,0.0,0,0,0.0,0.0,-0.5829460502925619
270510,2705101,Matriz de Camaragibe (AL),27,0.6,8708.0,0.588,226.23,Faixa 1 (R$ 20k),20000.0,0,0.8,0.0,593.0,593.0,0.0,68.1,32.38,35.71,0.0,0,0,0.0,0.0,-0.5951998937620322
270530,2705309,Minador do Negrão (AL),27,0.585,810.0,0.627,292.47,Faixa 1 (R$ 20k),20000.0,0,0.8,0.0,135.0,135.0,0.0,166.67,29.63,137.04,0.0,0,0,0.0,0.0,-0.5940057770432834
270540,2705408,Monteirópolis (AL),27,0.5,936.0,0.601,220.67,Faixa 1 (R$ 20k),20000.0,0,0.8,0.0,182.0,182.0,0.0,194.44,22.44,172.01,0.0,0,0,0.0,0.0,-0.5938355864490253
270550,2705507,Murici (AL),27,0.511,7777.0,0.555,230.35,Faixa 1 (R$ 20k),20000.0,0,0.8,0.0,607.0,607.0,0.0,78.05,12.09,65.96,0.0,0,0,0.0,0.0,-0.5955979905123447
270560,2705606,Novo Lino (AL),27,0.53,2454.0,0.569,239.43,Faixa 1 (R$ 20k),20000.0,0,0.8,0.0,702.0,702.0,0.0,286.06,154.03,132.03,0.0,0,0,0.0,0.0,-0.5892489006456831
270590,2705903,Olho D'Água Grande (AL),27,0.613,1668.0,0.531,141.1,Faixa 1 (R$ 20k),20000.0,0,0.8,0.0,87.0,87.0,0.0,52.16,6.59,45.56,0.0,0,0,0.0,0.0,-0.5960729563757695
270570,2705705,Olho D'Água das Flores (AL),27,0.432,4979.0,0.593,261.09,Faixa 1 (R$ 20k),20000.0,0,0.8,0.0,360.0,360.0,0.0,72.3,33.54,38.76,0.0,0,0,0.0,0.0,-0.5951158458012534
270580,2705804,Olho D'Água do Casado (AL),27,0.488,1563.0,0.595,270.53,Faixa 1 (R$ 20k),20000.0,0,0.8,0.0,160.0,160.0,0.0,102.37,26.23,76.14,0.0,0,0,0.0,0.0,-0.5949193083581094
270600,2706000,Olivença (AL),27,0.505,1188.0,0.567,223.27,Faixa 1 (R$ 20k),20000.0,0,0.8,0.0,210.0,210.0,0.0,176.77,73.23,103.54,0.0,0,0,0.0,0.0,-0.592746069155653
270610,2706109,Ouro Branco (AL),27,0.537,2176.0,0.626,280.81,Faixa 1 (R$ 20k),20000.0,0,0.8,0.0,680.0,680.0,0.0,312.5,90.99,221.51,0.0,0,0,0.0,0.0,-0.5905434108638195
270630,2706307,Palmeira dos Índios (AL),27,0.43,17347.0,0.656,381.65,Faixa 1 (R$ 20k),20000.0,0,0.8,0.0,1419.0,1419.0,0.0,81.8,31.3,50.5,0.0,0,0,0.0,0.0,-0.5950519539099709
270650,2706505,Passo de Camaragibe (AL),27,0.532,2765.0,0.573,203.75,Faixa 1 (R$ 20k),20000.0,0,0.8,0.0,493.0,493.0,0.0,178.3,101.99,76.31,0.0,0,0,0.0,0.0,-0.5919810065693426
270660,2706604,Paulo Jacinto (AL),27,0.423,1498.0,0.598,227.19,Faixa 1 (R$ 20k),20000.0,0,0.8,0.0,207.0,207.0,0.0,138.18,16.02,122.16,0.0,0,0,0.0,0.0,-0.5947242518280851
270670,2706703,Penedo (AL),27,0.402,16605.0,0.663,364.62,Faixa 1 (R$ 20k),20000.0,0,0.8,0.0,761.0,761.0,0.0,45.83,13.13,32.7,0.0,0,0,0.0,0.0,-0.595984637467794
270680,2706802,Piaçabuçu (AL),27,0.427,3813.0,0.606,231.12,Faixa 1 (R$ 20k),20000.0,0,0.8,0.0,105.0,105.0,0.0,27.54,7.87,19.67,0.0,0,0,0.0,0.0,-0.5963557553920689
270710,2707107,Piranhas (AL),27,0.424,5024.0,0.622,291.32,Faixa 1 (R$ 20k),20000.0,0,0.8,0.0,458.0,458.0,0.0,91.16,25.88,65.29,0.0,0,0,0.0,0.0,-0.5950722130911149
270730,2707305,Porto Calvo (AL),27,0.409,7132.0,0.635,278.46,Faixa 1 (R$ 20k),20000.0,1,0.94,2280.0,0.0,2280.0,1.0,319.69,235.56,86.93,1.0,10800,1560,132600.0,188.16,0.7477195144164845
270750,2707503,Porto Real do Colégio (AL),27,0.414,2513.0,0.631,306.0,Faixa 1 (R$ 20k),20000.0,0,0.8,0.0,349.0,349.0,0.0,138.88,19.5,119.38,0.0,0,0,0.0,0.0,-0.59462506892362
270740,2707404,Porto de Pedras (AL),27,0.51,1773.0,0.566,219.83,Faixa 1 (R$ 20k),20000.0,0,0.8,0.0,267.0,267.0,0.0,150.59,30.46,120.14,0.0,0,0,0.0,0.0,-0.5941906130177144
270720,2707206,Poço das Trincheiras (AL),27,0.434,718.0,0.604,347.9,Faixa 1 (R$ 20k),20000.0,0,0.8,0.0,265.0,265.0,0.0,369.08,176.88,192.2,0.0,0,0,0.0,0.0,-0.5875909450048266
270640,2706406,Pão de Açúcar (AL),27,0.388,4296.0,0.653,279.29,Faixa 2 (R$ 15k),15000.0,0,0.7,0.0,289.0,289.0,0.0,67.27,20.02,47.25,0.0,0,0,0.0,0.0,-0.5955308360471046
270760,2707602,Quebrangulo (AL),27,0.417,2288.0,0.563,231.99,Faixa 1 (R$ 20k),20000.0,0,0.8,0.0,230.0,230.0,0.0,100.52,30.16,70.37,0.0,0,0,0.0,0.0,-0.5948411283321395
270780,2707800,Roteiro (AL),27,0.61,1959.0,0.527,189.23,Faixa 1 (R$ 20k),20000.0,0,0.8,0.0,55.0,55.0,0.0,28.08,2.55,25.52,0.0,0,0,0.0,0.0,-0.5964867786695139
270800,2708006,Santana do Ipanema (AL),27,0.429,8769.0,0.627,304.36,Faixa 1 (R$ 20k),20000.0,0,0.8,0.0,911.0,911.0,0.0,103.89,29.99,73.9,0.0,0,0,0.0,0.0,-0.5948023420189941
270810,2708105,Santana do Mundaú (AL),27,0.567,2031.0,0.555,211.96,Faixa 1 (R$ 20k),20000.0,0,0.8,0.0,264.0,264.0,0.0,129.99,46.28,83.7,0.0,0,0,0.0,0.0,-0.5940451526801338
270895,2708956,Senador Rui Palmeira (AL),27,0.495,1657.0,0.587,173.82,Faixa 1 (R$ 20k),20000.0,0,0.8,0.0,191.0,191.0,0.0,115.27,51.3,63.97,0.0,0,0,0.0,0.0,-0.5941039311595226
270820,2708204,São Brás (AL),27,0.411,1063.0,0.635,244.9,Faixa 1 (R$ 20k),20000.0,0,0.8,0.0,91.0,91.0,0.0,85.61,15.99,69.61,0.0,0,0,0.0,0.0,-0.5953999287424535
270830,2708303,São José da Laje (AL),27,0.477,5015.0,0.596,297.66,Faixa 1 (R$ 20k),20000.0,0,0.8,0.0,413.0,413.0,0.0,82.35,26.52,55.83,0.0,0,0,0.0,0.0,-0.5951687851160846
270840,2708402,São José da Tapera (AL),27,0.525,4698.0,0.594,270.29,Faixa 1 (R$ 20k),20000.0,0,0.8,0.0,618.0,618.0,0.0,131.55,28.31,103.24,0.0,0,0,0.0,0.0,-0.5944908189516009
270850,2708501,São Luís do Quitunde (AL),27,0.552,7806.0,0.593,265.27,Faixa 1 (R$ 20k),20000.0,0,0.8,0.0,360.0,360.0,0.0,46.12,17.55,28.57,0.0,0,0,0.0,0.0,-0.5958663540682825
270870,2708709,São Miguel dos Milagres (AL),27,0.499,745.0,0.636,276.02,Faixa 1 (R$ 20k),20000.0,0,0.8,0.0,196.0,196.0,0.0,263.09,120.81,142.28,0.0,0,0,0.0,0.0,-0.5904047821748465
270880,2708808,São Sebastião (AL),27,0.579,3930.0,0.582,242.33,Faixa 1 (R$ 20k),20000.0,0,0.8,0.0,2073.0,2073.0,0.0,527.48,298.73,228.75,0.0,0,0,0.0,0.0,-0.5823993968872578
270900,2709004,Tanque D'Arca (AL),27,0.462,775.0,0.626,226.05,Faixa 1 (R$ 20k),20000.0,0,0.8,0.0,212.0,212.0,0.0,273.55,12.9,260.65,0.0,0,0,0.0,0.0,-0.5930673975648484
270910,2709103,Taquarana (AL),27,0.474,2540.0,0.602,256.94,Faixa 1 (R$ 20k),20000.0,0,0.8,0.0,685.0,685.0,0.0,269.69,72.05,197.64,0.0,0,0,0.0,0.0,-0.5915838556978462
270915,2709152,Teotônio Vilela (AL),27,0.435,12324.0,0.577,231.52,Faixa 1 (R$ 20k),20000.0,0,0.8,0.0,940.0,940.0,0.0,76.27,13.39,62.89,0.0,0,0,0.0,0.0,-0.5955870781296715
270920,2709202,Traipu (AL),27,0.454,3202.0,0.623,274.59,Faixa 1 (R$ 20k),20000.0,0,0.8,0.0,1743.0,1743.0,0.0,544.35,27.48,516.86,0.0,0,0,0.0,0.0,-0.5892133587763425
270930,2709301,União dos Palmares (AL),27,0.395,16037.0,0.615,326.02,Faixa 2 (R$ 15k),15000.0,0,0.7,0.0,1471.0,1471.0,0.0,91.73,27.87,63.85,0.0,0,0,0.0,0.0,-0.5950134530529965
270940,2709400,Viçosa (AL),27,0.403,6627.0,0.596,265.56,Faixa 1 (R$ 20k),20000.0,0,0.8,0.0,1162.0,1162.0,0.0,175.34,36.52,138.83,0.0,0,0,0.0,0.0,-0.5937158342483102
270010,2700102,Água Branca (AL),27,0.414,2103.0,0.693,364.34,Faixa 1 (R$ 20k),20000.0,0,0.8,0.0,477.0,477.0,0.0,226.82,62.29,164.53,0.0,0,0,0.0,0.0,-0.5923871369360617
270050,2700508,Barra de Santo Antônio (AL),27,0.546,4571.0,0.569,224.56,Faixa 1 (R$ 20k),20000.0,0,0.8,0.0,305.0,305.0,0.0,66.73,17.06,49.66,0.0,0,0,0.0,0.0,-0.5956145549250167
270060,2700607,Barra de São Miguel (AL),27,0.331,2215.0,0.629,375.16,Faixa 2 (R$ 15k),15000.0,0,0.7,0.0,171.0,171.0,0.0,77.2,18.51,58.69,0.0,0,0,0.0,0.0,-0.5954425036601044
270220,2702207,Coqueiro Seco (AL),27,0.495,1877.0,0.611,294.88,Faixa 1 (R$ 20k),20000.0,0,0.8,0.0,173.0,173.0,0.0,92.17,13.85,78.32,0.0,0,0,0.0,0.0,-0.5953711176407259
270430,2704302,Maceió (AL),27,0.434,306012.0,0.7,565.89,Faixa 1 (R$ 20k),20000.0,72,0.94,139020.0,0.0,139020.0,1.0,454.3,299.01,155.29,1.0,746130,109122,9275370.0,10248.0,0.7510730944249173
270470,2704708,Marechal Deodoro (AL),27,0.398,15295.0,0.625,344.62,Faixa 2 (R$ 15k),15000.0,0,0.7,0.0,1284.0,1284.0,0.0,83.95,30.08,53.87,0.0,0,0,0.0,0.0,-0.5950559755742054
270520,2705200,Messias (AL),27,0.503,4795.0,0.591,267.27,Faixa 1 (R$ 20k),20000.0,0,0.8,0.0,449.0,449.0,0.0,93.64,22.52,71.12,0.0,0,0,0.0,0.0,-0.5951275322513032
270644,2706448,Paripueira (AL),27,0.421,3606.0,0.617,312.99,Faixa 1 (R$ 20k),20000.0,0,0.8,0.0,304.0,304.0,0.0,84.3,15.53,68.77,0.0,0,0,0.0,0.0,-0.5954285999919101
270690,2706901,Pilar (AL),27,0.425,11587.0,0.615,262.91,Faixa 1 (R$ 20k),20000.0,0,0.8,0.0,448.0,448.0,0.0,38.66,13.46,25.2,0.0,0,0,0.0,0.0,-0.5960681243087302
270770,2707701,Rio Largo (AL),27,0.522,19593.0,0.646,327.57,Faixa 1 (R$ 20k),20000.0,0,0.8,0.0,1104.0,1104.0,0.0,56.35,22.71,33.63,0.0,0,0,0.0,0.0,-0.59560136040136
270790,2707909,Santa Luzia do Norte (AL),27,0.424,2412.0,0.621,288.3,Faixa 1 (R$ 20k),20000.0,0,0.8,0.0,108.0,108.0,0.0,44.78,7.88,36.9,0.0,0,0,0.0,0.0,-0.596134189385946
270890,2708907,Satuba (AL),27,0.374,4382.0,0.667,368.96,Faixa 2 (R$ 15k),15000.0,0,0.7,0.0,346.0,346.0,0.0,78.96,34.23,44.73,0.0,0,0,0.0,0.0,-0.5950124686503026
270860,2708600,São Miguel dos Campos (AL),27,0.408,18333.0,0.618,330.17,Faixa 1 (R$ 20k),20000.0,0,0.8,0.0,847.0,847.0,0.0,46.2,11.35,34.86,0.0,0,0,0.0,0.0,-0.5960259555595504
290020,2900207,Abaré (BA),29,0.472,3877.0,0.619,262.59,Faixa 1 (R$ 20k),20000.0,0,0.8,863.0,6331.0,7194.0,0.12,1855.56,1277.02,578.54,0.0,0,0,0.0,0.0,-0.47624850021800585
290010,2900108,Abaíra (BA),29,0.419,2272.0,0.623,273.1,Faixa 1 (R$ 20k),20000.0,0,0.8,2929.0,4218.0,7147.0,0.4098,3145.69,1121.04,2024.65,0.0,0,0,0.0,0.0,-0.3097822142316546
290030,2900306,Acajutiba (BA),29,0.506,4928.0,0.628,257.93,Faixa 1 (R$ 20k),20000.0,0,0.8,756.0,4433.0,5189.0,0.1457,1052.96,685.67,367.29,0.0,0,0,0.0,0.0,-0.4882259800697641
290035,2900355,Adustina (BA),29,0.427,1660.0,0.619,296.61,Faixa 1 (R$ 20k),20000.0,0,0.8,811.0,2910.0,3721.0,0.218,2241.57,1591.57,650.0,0.0,0,0,0.0,0.0,-0.41108094430817593
290070,2900702,Alagoinhas (BA),29,0.327,51902.0,0.712,543.87,Faixa 2 (R$ 15k),15000.0,2,0.88,130961.0,29136.0,160097.0,0.818,3084.6,1246.23,1838.37,1.0,24600,3471,295035.0,322.56,0.7127062468899139
290090,2900900,Almadina (BA),29,0.458,2129.0,0.599,248.68,Faixa 1 (R$ 20k),20000.0,0,0.8,28.0,2566.0,2594.0,0.0108,1218.41,791.92,426.49,0.0,0,0,0.0,0.0,-0.5550100105557721
290100,2901007,Amargosa (BA),29,0.382,9892.0,0.656,355.39,Faixa 2 (R$ 15k),15000.0,3,0.88,37587.0,3661.0,41248.0,0.9112,4169.83,1449.96,2721.59,1.0,32940,4758,404430.0,483.84,0.7814390184605378
290115,2901155,América Dourada (BA),29,0.574,4317.0,0.587,184.84,Faixa 1 (R$ 20k),20000.0,0,0.8,1337.0,4728.0,6065.0,0.2204,1404.91,921.01,483.9,0.0,0,0,0.0,0.0,-0.4379261228196049
290120,2901205,Anagé (BA),29,0.522,8341.0,0.539,240.27,Faixa 1 (R$ 20k),20000.0,0,0.8,535.0,9284.0,9819.0,0.0545,1177.2,380.77,796.43,0.0,0,0,0.0,0.0,-0.5429811272443125
290130,2901304,Andaraí (BA),29,0.515,3478.0,0.594,269.2,Faixa 1 (R$ 20k),20000.0,0,0.8,0.0,4997.0,4997.0,0.0,1436.75,1074.47,362.28,0.0,0,0,0.0,0.0,-0.5506210752443653
290135,2901353,Andorinha (BA),29,0.317,2135.0,0.668,382.72,Faixa 2 (R$ 15k),15000.0,0,0.7,1400.0,2552.0,3952.0,0.3543,1851.05,748.01,1103.04,0.0,0,0,0.0,0.0,-0.3655525155778067
290140,2901403,Angical (BA),29,0.376,2651.0,0.69,326.9,Faixa 2 (R$ 15k),15000.0,0,0.7,10.0,6795.0,6805.0,0.0015,2566.96,1582.8,984.16,0.0,0,0,0.0,0.0,-0.522140677800067
290160,2901601,Antas (BA),29,0.414,1870.0,0.659,302.57,Faixa 1 (R$ 20k),20000.0,0,0.8,688.0,3666.0,4354.0,0.158,2328.34,1674.87,653.48,0.0,0,0,0.0,0.0,-0.439681271486014
290180,2901809,Antônio Gonçalves (BA),29,0.336,2153.0,0.659,343.62,Faixa 2 (R$ 15k),15000.0,0,0.7,0.0,3550.0,3550.0,0.0,1648.86,1091.96,556.9,0.0,0,0,0.0,0.0,-0.5474449385071896
290190,2901908,Aporá (BA),29,0.479,2986.0,0.602,239.83,Faixa 1 (R$ 20k),20000.0,0,0.8,0.0,3119.0,3119.0,0.0,1044.54,729.74,314.8,0.0,0,0,0.0,0.0,-0.5645907640526607
290195,2901957,Apuarema (BA),29,0.485,2070.0,0.591,238.4,Faixa 1 (R$ 20k),20000.0,0,0.8,0.0,2451.0,2451.0,0.0,1184.06,838.65,345.41,0.0,0,0,0.0,0.0,-0.5599769633170301
290200,2902005,Aracatu (BA),29,0.375,1173.0,0.673,401.68,Faixa 2 (R$ 15k),15000.0,0,0.7,2758.0,3565.0,6323.0,0.4362,5390.45,1574.6,3815.86,0.0,0,0,0.0,0.0,-0.2551866277074299
290210,2902104,Araci (BA),29,0.416,7663.0,0.627,326.49,Faixa 1 (R$ 20k),20000.0,0,0.8,8561.0,11492.0,20053.0,0.4269,2616.86,1609.29,1007.57,0.0,0,0,0.0,0.0,-0.2948320150426719
290225,2902252,Arataca (BA),29,0.45,2234.0,0.592,250.65,Faixa 1 (R$ 20k),20000.0,0,0.8,0.0,3574.0,3574.0,0.0,1599.82,1136.97,462.85,0.0,0,0,0.0,0.0,-0.5469078549106493
290240,2902401,Aurelino Leal (BA),29,0.45,5104.0,0.591,248.53,Faixa 1 (R$ 20k),20000.0,0,0.8,0.0,3105.0,3105.0,0.0,608.35,383.03,225.31,0.0,0,0,0.0,0.0,-0.579176402965072
290250,2902500,Baianópolis (BA),29,0.454,1278.0,0.677,312.96,Faixa 1 (R$ 20k),20000.0,0,0.8,0.0,5409.0,5409.0,0.0,4232.39,2349.77,1882.63,0.0,0,0,0.0,0.0,-0.4816797359021113
290260,2902609,Baixa Grande (BA),29,0.42,3574.0,0.644,289.17,Faixa 1 (R$ 20k),20000.0,0,0.8,790.0,7311.0,8101.0,0.0975,2266.65,867.94,1398.71,0.0,0,0,0.0,0.0,-0.4935267169374743
290265,2902658,Banzaê (BA),29,0.421,1173.0,0.606,225.99,Faixa 1 (R$ 20k),20000.0,0,0.8,888.0,10371.0,11259.0,0.0789,9598.47,6861.04,2737.43,0.0,0,0,0.0,0.0,-0.25395670876984394
290270,2902708,Barra (BA),29,0.398,9575.0,0.648,246.08,Faixa 2 (R$ 15k),15000.0,0,0.7,1383.0,18055.0,19438.0,0.0711,2030.08,1619.63,410.44,0.0,0,0,0.0,0.0,-0.49110499354844406
290280,2902807,Barra da Estiva (BA),29,0.325,2968.0,0.684,385.93,Faixa 2 (R$ 15k),15000.0,0,0.7,23538.0,8362.0,31900.0,0.7379,10747.98,953.5,9794.47,0.0,0,0,0.0,0.0,-0.04224176525070352
290290,2902906,Barra do Choça (BA),29,0.438,7426.0,0.574,270.86,Faixa 1 (R$ 20k),20000.0,0,0.8,6081.0,12567.0,18648.0,0.3261,2511.18,895.37,1615.81,0.0,0,0,0.0,0.0,-0.36823960128127653
290300,2903003,Barra do Mendes (BA),29,0.339,2157.0,0.696,392.34,Faixa 2 (R$ 15k),15000.0,0,0.7,660.0,4109.0,4769.0,0.1384,2210.94,1614.28,596.66,0.0,0,0,0.0,0.0,-0.4531707334344218
290320,2903201,Barreiras (BA),29,0.283,43945.0,0.739,532.13,Faixa 3 (R$ 10k),10000.0,1,0.48,133972.0,11319.0,145291.0,0.9221,3306.2,1800.77,1505.43,1.0,9900,1287,109395.0,67.2,0.7852239828801737
290323,2903235,Barro Alto (BA),29,0.379,2108.0,0.666,308.62,Faixa 2 (R$ 15k),15000.0,0,0.7,804.0,3998.0,4802.0,0.1674,2277.99,1486.72,791.27,0.0,0,0,0.0,0.0,-0.4402107996266841
290327,2903276,Barrocas (BA),29,0.384,1894.0,0.661,303.1,Faixa 2 (R$ 15k),15000.0,0,0.7,2373.0,6231.0,8604.0,0.2758,4542.77,1951.43,2591.34,0.0,0,0,0.0,0.0,-0.3415091515707646
290350,2903508,Belo Campo (BA),29,0.418,3047.0,0.628,308.06,Faixa 1 (R$ 20k),20000.0,0,0.8,19313.0,10901.0,30214.0,0.6392,9915.98,2406.63,7509.35,0.0,0,0,0.0,0.0,-0.06769020846744925
290360,2903607,Biritinga (BA),29,0.397,1477.0,0.66,373.86,Faixa 2 (R$ 15k),15000.0,0,0.7,2249.0,6227.0,8476.0,0.2653,5738.66,2962.76,2775.9,0.0,0,0,0.0,0.0,-0.30552317286954633
290370,2903706,Boa Nova (BA),29,0.481,2084.0,0.605,250.62,Faixa 1 (R$ 20k),20000.0,0,0.8,0.0,3020.0,3020.0,0.0,1449.14,761.04,688.1,0.0,0,0,0.0,0.0,-0.5585857299064866
290380,2903805,Boa Vista do Tupim (BA),29,0.475,2751.0,0.654,276.34,Faixa 1 (R$ 20k),20000.0,0,0.8,0.0,6203.0,6203.0,0.0,2254.82,1496.91,757.91,0.0,0,0,0.0,0.0,-0.5291705538741706
290390,2903904,Bom Jesus da Lapa (BA),29,0.385,16250.0,0.68,372.5,Faixa 2 (R$ 15k),15000.0,3,0.88,25796.0,10603.0,36399.0,0.7087,2239.94,1232.98,1006.95,1.0,30480,4758,404430.0,443.52,0.6434575235524012
290395,2903953,Bom Jesus da Serra (BA),29,0.435,901.0,0.614,252.57,Faixa 1 (R$ 20k),20000.0,0,0.8,0.0,2972.0,2972.0,0.0,3298.56,958.93,2339.62,0.0,0,0,0.0,0.0,-0.5297160667923123
290400,2904001,Boninal (BA),29,0.398,1726.0,0.693,409.64,Faixa 2 (R$ 15k),15000.0,0,0.7,2194.0,4019.0,6213.0,0.3531,3599.65,2137.31,1462.34,0.0,0,0,0.0,0.0,-0.30773464237498394
290405,2904050,Bonito (BA),29,0.38,2391.0,0.632,277.14,Faixa 2 (R$ 15k),15000.0,0,0.7,570.0,5029.0,5599.0,0.1018,2341.7,1656.63,685.07,0.0,0,0,0.0,0.0,-0.46983723059138516
290410,2904100,Boquira (BA),29,0.459,2666.0,0.688,369.58,Faixa 1 (R$ 20k),20000.0,0,0.8,3015.0,3014.0,6029.0,0.5001,2261.44,1141.04,1120.41,0.0,0,0,0.0,0.0,-0.2726454539586809
290420,2904209,Botuporã (BA),29,0.319,1344.0,0.655,336.95,Faixa 2 (R$ 15k),15000.0,0,0.7,2710.0,2503.0,5213.0,0.5199,3878.72,1438.24,2440.48,0.0,0,0,0.0,0.0,-0.2336635625104523
290440,2904407,Brejolândia (BA),29,0.502,3637.0,0.623,226.62,Faixa 1 (R$ 20k),20000.0,0,0.8,287.0,3203.0,3490.0,0.0822,959.58,719.82,239.76,0.0,0,0,0.0,0.0,-0.5222721076233986
290430,2904308,Brejões (BA),29,0.407,1967.0,0.637,337.47,Faixa 1 (R$ 20k),20000.0,0,0.8,0.0,5170.0,5170.0,0.0,2628.37,1223.18,1405.19,0.0,0,0,0.0,0.0,-0.5314700887498434
290450,2904506,Brotas de Macaúbas (BA),29,0.494,3438.0,0.578,253.69,Faixa 1 (R$ 20k),20000.0,0,0.8,3352.0,2692.0,6044.0,0.5546,1758.0,982.26,775.74,0.0,0,0,0.0,0.0,-0.25427190706917946
290460,2904605,Brumado (BA),29,0.339,13395.0,0.675,369.54,Faixa 2 (R$ 15k),15000.0,4,0.88,63709.0,1493.0,65202.0,0.9771,4867.64,3508.92,1358.72,1.0,48120,7098,603330.0,685.44,0.8787581328142023
290475,2904753,Buritirama (BA),29,0.377,2952.0,0.659,272.86,Faixa 2 (R$ 15k),15000.0,0,0.7,371.0,6652.0,7023.0,0.0528,2379.07,2069.11,309.96,0.0,0,0,0.0,0.0,-0.4846964080199605
290480,2904803,Caatiba (BA),29,0.302,1908.0,0.619,315.01,Faixa 2 (R$ 15k),15000.0,0,0.7,0.0,2201.0,2201.0,0.0,1153.56,520.96,632.6,0.0,0,0,0.0,0.0,-0.5686026030204422
290500,2905008,Caculé (BA),29,0.279,4172.0,0.676,386.98,Faixa 3 (R$ 10k),10000.0,0,0.35,1913.0,4279.0,6192.0,0.3089,1484.18,543.38,940.8,0.0,0,0,0.0,0.0,-0.3996831519337951
290515,2905156,Caetanos (BA),29,0.523,4094.0,0.562,212.56,Faixa 1 (R$ 20k),20000.0,0,0.8,0.0,3941.0,3941.0,0.0,962.63,321.93,640.69,0.0,0,0,0.0,0.0,-0.5762122070050619
290520,2905206,Caetité (BA),29,0.302,8045.0,0.658,404.66,Faixa 2 (R$ 15k),15000.0,0,0.7,99908.0,7098.0,107006.0,0.9337,13300.93,717.84,12583.1,0.0,0,0,0.0,0.0,0.08843525159160212
290530,2905305,Cafarnaum (BA),29,0.39,4254.0,0.654,293.9,Faixa 2 (R$ 15k),15000.0,0,0.7,36806.0,4406.0,41212.0,0.8931,9687.82,877.06,8810.77,0.0,0,0,0.0,0.0,0.02461359523512522
290550,2905503,Caldeirão Grande (BA),29,0.407,1889.0,0.649,281.76,Faixa 1 (R$ 20k),20000.0,0,0.8,645.0,3255.0,3900.0,0.1654,2064.58,1389.62,674.96,0.0,0,0,0.0,0.0,-0.4465294556412047
290560,2905602,Camacan (BA),29,0.451,9884.0,0.586,304.25,Faixa 1 (R$ 20k),20000.0,0,0.8,5622.0,8415.0,14037.0,0.4005,1420.17,1096.42,323.76,0.0,0,0,0.0,0.0,-0.33751081686801176
290580,2905800,Camamu (BA),29,0.385,6529.0,0.635,273.87,Faixa 2 (R$ 15k),15000.0,0,0.7,103.0,9114.0,9217.0,0.0112,1411.7,902.28,509.42,0.0,0,0,0.0,0.0,-0.5494559032413587
290590,2905909,Campo Alegre de Lourdes (BA),29,0.537,3057.0,0.637,303.27,Faixa 1 (R$ 20k),20000.0,0,0.8,2551.0,10357.0,12908.0,0.1976,4222.44,2604.84,1617.6,0.0,0,0,0.0,0.0,-0.37022712476292646
290600,2906006,Campo Formoso (BA),29,0.4,9020.0,0.694,368.57,Faixa 2 (R$ 15k),15000.0,0,0.7,32278.0,16413.0,48691.0,0.6629,5398.12,2870.29,2527.83,0.0,0,0,0.0,0.0,-0.10107776009507145
290620,2906204,Canarana (BA),29,0.446,4202.0,0.644,286.02,Faixa 1 (R$ 20k),20000.0,0,0.8,988.0,6696.0,7684.0,0.1286,1828.65,1299.14,529.51,0.0,0,0,0.0,0.0,-0.47145211440492146
290630,2906303,Canavieiras (BA),29,0.431,10656.0,0.627,316.99,Faixa 1 (R$ 20k),20000.0,0,0.8,7886.0,7624.0,15510.0,0.5084,1455.52,487.71,967.81,0.0,0,0,0.0,0.0,-0.2955153113244552
290660,2906600,Candiba (BA),29,0.348,2452.0,0.655,295.56,Faixa 2 (R$ 15k),15000.0,0,0.7,848.0,3761.0,4609.0,0.184,1879.69,599.92,1279.77,0.0,0,0,0.0,0.0,-0.45949014990653564
290680,2906808,Cansanção (BA),29,0.456,3938.0,0.655,291.1,Faixa 1 (R$ 20k),20000.0,0,0.8,123763.0,15790.0,139553.0,0.8869,35437.53,3381.92,32055.61,0.0,0,0,0.0,0.0,0.41678716406763916
290682,2906824,Canudos (BA),29,0.396,3279.0,0.647,297.83,Faixa 2 (R$ 15k),15000.0,0,0.7,16403.0,2952.0,19355.0,0.8475,5902.71,528.21,5374.5,0.0,0,0,0.0,0.0,-0.05724069002567609
290610,2906105,Canápolis (BA),29,0.473,2620.0,0.566,217.07,Faixa 1 (R$ 20k),20000.0,0,0.8,586.0,3578.0,4164.0,0.1407,1589.31,1215.27,374.05,0.0,0,0,0.0,0.0,-0.4702704374416804
290685,2906857,Capela do Alto Alegre (BA),29,0.429,1783.0,0.639,364.43,Faixa 1 (R$ 20k),20000.0,0,0.8,767.0,4376.0,5143.0,0.1491,2884.46,1334.83,1549.64,0.0,0,0,0.0,0.0,-0.44608372678983077
290687,2906873,Capim Grosso (BA),29,0.381,7560.0,0.665,338.61,Faixa 2 (R$ 15k),15000.0,0,0.7,5026.0,13289.0,18315.0,0.2744,2422.62,1678.31,744.31,0.0,0,0,0.0,0.0,-0.37654776991015787
290689,2906899,Caraíbas (BA),29,0.511,2845.0,0.577,263.99,Faixa 1 (R$ 20k),20000.0,0,0.8,0.0,3257.0,3257.0,0.0,1144.82,466.08,678.73,0.0,0,0,0.0,0.0,-0.5701372835334583
290710,2907103,Carinhanha (BA),29,0.42,5067.0,0.642,238.4,Faixa 1 (R$ 20k),20000.0,0,0.8,752.0,7320.0,8072.0,0.0932,1593.05,786.26,806.79,0.0,0,0,0.0,0.0,-0.5065748925542563
290750,2907509,Catu (BA),29,0.328,18851.0,0.703,491.59,Faixa 2 (R$ 15k),15000.0,0,0.7,11437.0,17395.0,28832.0,0.3967,1529.47,815.39,714.07,0.0,0,0,0.0,0.0,-0.3454104646288804
290755,2907558,Caturama (BA),29,0.424,2425.0,0.588,210.77,Faixa 1 (R$ 20k),20000.0,0,0.8,263.0,1153.0,1416.0,0.1857,583.92,367.84,216.08,0.0,0,0,0.0,0.0,-0.48123585862139695
290760,2907608,Central (BA),29,0.414,2860.0,0.639,272.46,Faixa 1 (R$ 20k),20000.0,0,0.8,1124.0,4383.0,5507.0,0.2041,1925.52,1491.26,434.27,0.0,0,0,0.0,0.0,-0.4251218360988151
290770,2907707,Chorrochó (BA),29,0.349,1182.0,0.659,313.64,Faixa 2 (R$ 15k),15000.0,0,0.7,685.0,3885.0,4570.0,0.1499,3866.33,3097.29,769.04,0.0,0,0,0.0,0.0,-0.38737402781501185
290790,2907905,Cipó (BA),29,0.384,4268.0,0.626,346.81,Faixa 2 (R$ 15k),15000.0,0,0.7,4466.0,5528.0,9994.0,0.4469,2341.61,1078.73,1262.89,0.0,0,0,0.0,0.0,-0.30149229139499756
290810,2908101,Cocos (BA),29,0.425,2235.0,0.636,273.51,Faixa 1 (R$ 20k),20000.0,0,0.8,227.0,8292.0,8519.0,0.0266,3811.63,3229.98,581.66,0.0,0,0,0.0,0.0,-0.4501365598694612
290840,2908408,Conceição do Coité (BA),29,0.331,13023.0,0.667,327.78,Faixa 2 (R$ 15k),15000.0,0,0.7,6493.0,15650.0,22143.0,0.2932,1700.3,891.73,808.57,0.0,0,0,0.0,0.0,-0.39622024702197817
290870,2908705,Condeúba (BA),29,0.347,2731.0,0.654,323.07,Faixa 2 (R$ 15k),15000.0,0,0.7,3917.0,6484.0,10401.0,0.3766,3808.5,859.03,2949.47,0.0,0,0,0.0,0.0,-0.3257013479114629
290880,2908804,Contendas do Sincorá (BA),29,0.375,910.0,0.669,370.11,Faixa 2 (R$ 15k),15000.0,0,0.7,12498.0,1518.0,14016.0,0.8917,15402.2,1370.33,14031.87,0.0,0,0,0.0,0.0,0.11000922396823543
290900,2909000,Cordeiros (BA),29,0.346,827.0,0.642,348.03,Faixa 2 (R$ 15k),15000.0,0,0.7,0.0,3573.0,3573.0,0.0,4320.44,2166.87,2153.57,0.0,0,0,0.0,0.0,-0.4852900542851987
290910,2909109,Coribe (BA),29,0.401,2083.0,0.646,272.81,Faixa 1 (R$ 20k),20000.0,0,0.8,153.0,5162.0,5315.0,0.0288,2551.61,1759.48,792.13,0.0,0,0,0.0,0.0,-0.5032560643821865
290920,2909208,Coronel João Sá (BA),29,0.41,2383.0,0.605,292.47,Faixa 1 (R$ 20k),20000.0,0,0.8,2753.0,10999.0,13752.0,0.2002,5770.88,3443.56,2327.32,0.0,0,0,0.0,0.0,-0.3272303553937578
290930,2909307,Correntina (BA),29,0.323,4236.0,0.682,393.87,Faixa 2 (R$ 15k),15000.0,0,0.7,3010.0,6977.0,9987.0,0.3014,2357.65,1808.31,549.34,0.0,0,0,0.0,0.0,-0.35966937161982365
290940,2909406,Cotegipe (BA),29,0.467,2496.0,0.65,256.85,Faixa 1 (R$ 20k),20000.0,0,0.8,0.0,4712.0,4712.0,0.0,1887.82,1257.61,630.21,0.0,0,0,0.0,0.0,-0.5400840162494047
290950,2909505,Cravolândia (BA),29,0.392,1192.0,0.647,273.44,Faixa 2 (R$ 15k),15000.0,0,0.7,0.0,1328.0,1328.0,0.0,1114.09,505.03,609.06,0.0,0,0,0.0,0.0,-0.5695221575348709
290970,2909703,Cristópolis (BA),29,0.359,1037.0,0.697,386.18,Faixa 2 (R$ 15k),15000.0,0,0.7,1290.0,6842.0,8132.0,0.1586,7841.85,5225.65,2616.2,0.0,0,0,0.0,0.0,-0.2765550019980447
290980,2909802,Cruz das Almas (BA),29,0.303,22303.0,0.718,441.07,Faixa 2 (R$ 15k),15000.0,0,0.7,21143.0,21678.0,42821.0,0.4938,1919.97,1123.75,796.22,0.0,0,0,0.0,0.0,-0.2808237397586465
290670,2906709,Cândido Sales (BA),29,0.475,6757.0,0.613,266.82,Faixa 1 (R$ 20k),20000.0,0,0.8,1540.0,10865.0,12405.0,0.1241,1835.87,446.5,1389.37,0.0,0,0,0.0,0.0,-0.4958492614522115
290780,2907806,Cícero Dantas (BA),29,0.501,5034.0,0.622,300.01,Faixa 1 (R$ 20k),20000.0,0,0.8,1840.0,10442.0,12282.0,0.1498,2439.81,1465.83,973.98,0.0,0,0,0.0,0.0,-0.44802448092858693
291010,2910107,Dom Basílio (BA),29,0.399,2407.0,0.569,195.81,Faixa 2 (R$ 15k),15000.0,0,0.7,247.0,3242.0,3489.0,0.0708,1449.52,874.53,574.99,0.0,0,0,0.0,0.0,-0.5180288726298385
291000,2910008,Dário Meira (BA),29,0.452,1969.0,0.607,242.8,Faixa 1 (R$ 20k),20000.0,0,0.8,0.0,3080.0,3080.0,0.0,1564.25,781.62,782.63,0.0,0,0,0.0,0.0,-0.5565746761167445
291040,2910404,Encruzilhada (BA),29,0.539,8366.0,0.541,192.36,Faixa 1 (R$ 20k),20000.0,0,0.8,1426.0,8523.0,9949.0,0.1433,1189.22,256.04,933.18,0.0,0,0,0.0,0.0,-0.49888722323018386
291050,2910503,Entre Rios (BA),29,0.387,10470.0,0.649,330.87,Faixa 2 (R$ 15k),15000.0,0,0.7,2513.0,12160.0,14673.0,0.1713,1401.43,784.43,617.0,0.0,0,0,0.0,0.0,-0.4675937363149245
291060,2910602,Esplanada (BA),29,0.408,8220.0,0.636,324.98,Faixa 1 (R$ 20k),20000.0,0,0.8,894.0,10933.0,11827.0,0.0756,1438.81,1022.63,416.18,0.0,0,0,0.0,0.0,-0.5117779312967242
291070,2910701,Euclides da Cunha (BA),29,0.35,9557.0,0.648,350.83,Faixa 2 (R$ 15k),15000.0,0,0.7,123750.0,21143.0,144893.0,0.8541,15160.93,1841.27,13319.66,0.0,0,0,0.0,0.0,0.09914432463937213
291072,2910727,Eunápolis (BA),29,0.38,33295.0,0.68,458.37,Faixa 2 (R$ 15k),15000.0,4,0.88,58517.0,0.0,58517.0,1.0,1757.53,773.45,1008.77,1.0,47280,7059,600015.0,846.72,0.7802661985591717
291077,2910776,Feira da Mata (BA),29,0.404,926.0,0.64,249.17,Faixa 1 (R$ 20k),20000.0,0,0.8,0.0,1897.0,1897.0,0.0,2048.6,1479.48,569.11,0.0,0,0,0.0,0.0,-0.5322695942011502
291080,2910800,Feira de Santana (BA),29,0.355,209023.0,0.718,552.13,Faixa 2 (R$ 15k),15000.0,2,0.88,653414.0,32893.0,686307.0,0.9521,3283.4,1600.99,1682.41,1.0,19560,2691,228735.0,147.84,0.7956898998295425
291085,2910859,Filadélfia (BA),29,0.458,3385.0,0.639,322.32,Faixa 1 (R$ 20k),20000.0,0,0.8,3114.0,8117.0,11231.0,0.2773,3317.87,2200.89,1116.99,0.0,0,0,0.0,0.0,-0.3499703932338074
291090,2910909,Firmino Alves (BA),29,0.355,1559.0,0.635,321.63,Faixa 2 (R$ 15k),15000.0,0,0.7,0.0,1691.0,1691.0,0.0,1084.67,657.47,427.2,0.0,0,0,0.0,0.0,-0.5659487679124254
291100,2911006,Floresta Azul (BA),29,0.402,2798.0,0.609,260.43,Faixa 1 (R$ 20k),20000.0,0,0.8,0.0,3781.0,3781.0,0.0,1351.32,825.95,525.38,0.0,0,0,0.0,0.0,-0.5581589764802869
291075,2910750,Fátima (BA),29,0.364,1981.0,0.63,357.03,Faixa 2 (R$ 15k),15000.0,0,0.7,421.0,5462.0,5883.0,0.0716,2969.71,1828.87,1140.84,0.0,0,0,0.0,0.0,-0.4733542198930444
291120,2911204,Gandu (BA),29,0.457,10270.0,0.633,413.69,Faixa 1 (R$ 20k),20000.0,0,0.8,16823.0,9782.0,26605.0,0.6323,2590.56,946.15,1644.4,0.0,0,0,0.0,0.0,-0.20324458366841264
291125,2911253,Gavião (BA),29,0.314,921.0,0.663,278.58,Faixa 2 (R$ 15k),15000.0,0,0.7,0.0,3242.0,3242.0,0.0,3520.09,1894.68,1625.41,0.0,0,0,0.0,0.0,-0.5026188202090356
291130,2911303,Gentio do Ouro (BA),29,0.387,1654.0,0.644,234.16,Faixa 2 (R$ 15k),15000.0,0,0.7,661.0,2768.0,3429.0,0.1928,2073.16,1636.03,437.12,0.0,0,0,0.0,0.0,-0.4254772905263664
291140,2911402,Glória (BA),29,0.236,1006.0,0.706,458.52,Faixa 3 (R$ 10k),10000.0,0,0.35,0.0,17156.0,17156.0,0.0,17053.68,3014.91,14038.77,0.0,0,0,0.0,0.0,-0.299855606037989
291165,2911659,Guajeru (BA),29,0.418,3744.0,0.583,251.16,Faixa 1 (R$ 20k),20000.0,0,0.8,0.0,3285.0,3285.0,0.0,877.4,574.79,302.62,0.0,0,0,0.0,0.0,-0.5707523478732444
291170,2911709,Guanambi (BA),29,0.294,18935.0,0.693,421.2,Faixa 3 (R$ 10k),10000.0,2,0.48,155700.0,2473.0,158173.0,0.9844,8353.47,1628.68,6724.8,1.0,22680,2964,251940.0,336.0,0.878649691312744
291185,2911857,Heliópolis (BA),29,0.419,1537.0,0.647,322.69,Faixa 1 (R$ 20k),20000.0,0,0.8,451.0,5576.0,6027.0,0.0748,3921.28,2771.63,1149.64,0.0,0,0,0.0,0.0,-0.43500411646078163
291200,2912004,Ibiassucê (BA),29,0.332,1160.0,0.673,377.47,Faixa 2 (R$ 15k),15000.0,0,0.7,0.0,2368.0,2368.0,0.0,2041.38,865.52,1175.86,0.0,0,0,0.0,0.0,-0.5482752628211987
291210,2912103,Ibicaraí (BA),29,0.381,6709.0,0.649,353.4,Faixa 2 (R$ 15k),15000.0,0,0.7,85215.0,6726.0,91941.0,0.9268,13704.13,642.87,13061.26,0.0,0,0,0.0,0.0,0.08800243812392194
291220,2912202,Ibicoara (BA),29,0.442,4206.0,0.631,306.17,Faixa 1 (R$ 20k),20000.0,0,0.8,594.0,5385.0,5979.0,0.0993,1421.54,591.3,830.24,0.0,0,0,0.0,0.0,-0.5105891990715226
291230,2912301,Ibicuí (BA),29,0.448,4357.0,0.609,297.83,Faixa 1 (R$ 20k),20000.0,0,0.8,5143.0,6112.0,11255.0,0.457,2583.2,1005.74,1577.46,0.0,0,0,0.0,0.0,-0.2949175834800258
291240,2912400,Ibipeba (BA),29,0.46,3335.0,0.67,327.38,Faixa 1 (R$ 20k),20000.0,0,0.8,1148.0,4830.0,5978.0,0.192,1792.5,1038.38,754.12,0.0,0,0,0.0,0.0,-0.4449953026295924
291250,2912509,Ibipitanga (BA),29,0.383,1420.0,0.64,327.68,Faixa 2 (R$ 15k),15000.0,0,0.7,2107.0,2610.0,4717.0,0.4467,3321.83,1084.51,2237.32,0.0,0,0,0.0,0.0,-0.2888658829695949
291260,2912608,Ibiquera (BA),29,0.411,988.0,0.589,235.58,Faixa 1 (R$ 20k),20000.0,0,0.8,0.0,1922.0,1922.0,0.0,1945.34,1571.86,373.48,0.0,0,0,0.0,0.0,-0.5312006859836446
291280,2912806,Ibirapuã (BA),29,0.414,1464.0,0.649,446.62,Faixa 1 (R$ 20k),20000.0,0,0.8,236.0,2990.0,3226.0,0.0732,2203.55,1094.26,1109.29,0.0,0,0,0.0,0.0,-0.5013794731256924
291300,2913002,Ibitiara (BA),29,0.303,1205.0,0.693,374.54,Faixa 2 (R$ 15k),15000.0,0,0.7,1111.0,5264.0,6375.0,0.1743,5290.46,4251.45,1039.0,0.0,0,0,0.0,0.0,-0.32621664874269707
291310,2913101,Ibititá (BA),29,0.375,2801.0,0.643,292.66,Faixa 2 (R$ 15k),15000.0,0,0.7,1.0,5383.0,5384.0,0.0002,1922.17,1151.02,771.15,0.0,0,0,0.0,0.0,-0.5422995029977216
291330,2913309,Ichu (BA),29,0.357,1073.0,0.656,267.79,Faixa 2 (R$ 15k),15000.0,0,0.7,0.0,2733.0,2733.0,0.0,2547.06,1499.53,1047.53,0.0,0,0,0.0,0.0,-0.5253512138487982
291340,2913408,Igaporã (BA),29,0.415,2439.0,0.639,268.71,Faixa 1 (R$ 20k),20000.0,0,0.8,967.0,3244.0,4211.0,0.2296,1726.53,775.32,951.21,0.0,0,0,0.0,0.0,-0.4326864061218618
291345,2913457,Igrapiúna (BA),29,0.492,1868.0,0.634,284.49,Faixa 1 (R$ 20k),20000.0,0,0.8,437.0,4194.0,4631.0,0.0944,2479.12,1814.24,664.88,0.0,0,0,0.0,0.0,-0.4679191829838306
291350,2913507,Iguaí (BA),29,0.378,4885.0,0.591,309.88,Faixa 2 (R$ 15k),15000.0,0,0.7,3122.0,5920.0,9042.0,0.3453,1850.97,1060.18,790.79,0.0,0,0,0.0,0.0,-0.3622434884371447
291360,2913606,Ilhéus (BA),29,0.396,62870.0,0.704,523.95,Faixa 2 (R$ 15k),15000.0,0,0.7,69104.0,17084.0,86188.0,0.8018,1370.89,943.04,427.85,0.0,0,0,0.0,0.0,-0.1289398091105356
291370,2913705,Inhambupe (BA),29,0.409,6192.0,0.632,307.12,Faixa 1 (R$ 20k),20000.0,0,0.8,8512.0,5799.0,14311.0,0.5948,2311.21,1212.37,1098.84,0.0,0,0,0.0,0.0,-0.21985119884169838
291380,2913804,Ipecaetá (BA),29,0.447,1052.0,0.66,285.98,Faixa 1 (R$ 20k),20000.0,1,0.94,3245.0,4040.0,7285.0,0.4454,6924.9,3947.72,2977.19,0.0,11880,1716,145860.0,215.04,-0.16909370871316506
291390,2913903,Ipiaú (BA),29,0.365,16734.0,0.661,389.51,Faixa 2 (R$ 15k),15000.0,0,0.7,3826.0,14561.0,18387.0,0.2081,1098.78,736.52,362.26,0.0,0,0,0.0,0.0,-0.45317162437507186
291400,2914000,Ipirá (BA),29,0.423,11368.0,0.618,306.43,Faixa 1 (R$ 20k),20000.0,0,0.8,16731.0,25327.0,42058.0,0.3978,3699.68,1868.93,1830.75,0.0,0,0,0.0,0.0,-0.28966105005082315
291410,2914109,Ipupiara (BA),29,0.442,1460.0,0.624,298.81,Faixa 1 (R$ 20k),20000.0,0,0.8,0.0,5408.0,5408.0,0.0,3704.11,3369.18,334.93,0.0,0,0,0.0,0.0,-0.4620394426408205
291420,2914208,Irajuba (BA),29,0.605,1183.0,0.592,225.7,Faixa 1 (R$ 20k),20000.0,0,0.8,1186.0,1636.0,2822.0,0.4203,2385.46,843.62,1541.84,0.0,0,0,0.0,0.0,-0.3211536986237842
291430,2914307,Iramaia (BA),29,0.404,2054.0,0.632,259.59,Faixa 1 (R$ 20k),20000.0,0,0.8,0.0,2249.0,2249.0,0.0,1094.94,499.03,595.91,0.0,0,0,0.0,0.0,-0.5699234949756671
291440,2914406,Iraquara (BA),29,0.358,2799.0,0.686,361.51,Faixa 2 (R$ 15k),15000.0,0,0.7,1367.0,11070.0,12437.0,0.1099,4443.37,3428.37,1015.01,0.0,0,0,0.0,0.0,-0.39263428186642196
291460,2914604,Irecê (BA),29,0.336,20552.0,0.709,446.88,Faixa 2 (R$ 15k),15000.0,3,0.88,187430.0,6669.0,194099.0,0.9656,9444.29,1680.13,7764.16,1.0,32220,4290,364650.0,383.04,0.8839988448243385
291465,2914653,Itabela (BA),29,0.539,8462.0,0.609,278.08,Faixa 1 (R$ 20k),20000.0,0,0.8,12237.0,5296.0,17533.0,0.6979,2071.97,646.3,1425.67,0.0,0,0,0.0,0.0,-0.18282517674882198
291470,2914703,Itaberaba (BA),29,0.384,19312.0,0.653,395.61,Faixa 2 (R$ 15k),15000.0,2,0.88,32993.0,9193.0,42186.0,0.7821,2184.44,1259.42,925.02,1.0,19680,3198,271830.0,268.8,0.682422077875788
291480,2914802,Itabuna (BA),29,0.334,79789.0,0.715,508.3,Faixa 2 (R$ 15k),15000.0,1,0.88,151769.0,15320.0,167089.0,0.9083,2094.14,1371.0,723.13,1.0,9900,1287,109395.0,67.2,0.751194976844232
291500,2915007,Itaeté (BA),29,0.521,2564.0,0.622,275.58,Faixa 1 (R$ 20k),20000.0,0,0.8,2139.0,3862.0,6001.0,0.3564,2340.48,957.88,1382.61,0.0,0,0,0.0,0.0,-0.3527145966016065
291510,2915106,Itagi (BA),29,0.462,4108.0,0.588,241.26,Faixa 1 (R$ 20k),20000.0,0,0.8,4.0,3507.0,3511.0,0.0011,854.67,577.17,277.51,0.0,0,0,0.0,0.0,-0.5703980989334626
291520,2915205,Itagibá (BA),29,0.393,3636.0,0.636,295.61,Faixa 2 (R$ 15k),15000.0,0,0.7,0.0,5816.0,5816.0,0.0,1599.56,1267.33,332.23,0.0,0,0,0.0,0.0,-0.5435324287763816
291530,2915304,Itagimirim (BA),29,0.416,2180.0,0.629,314.66,Faixa 1 (R$ 20k),20000.0,0,0.8,0.0,2137.0,2137.0,0.0,980.28,649.54,330.73,0.0,0,0,0.0,0.0,-0.5674944068157071
291535,2915353,Itaguaçu da Bahia (BA),29,0.31,954.0,0.666,360.68,Faixa 2 (R$ 15k),15000.0,0,0.7,895.0,3360.0,4255.0,0.2103,4460.17,2800.84,1659.33,0.0,0,0,0.0,0.0,-0.35534884895242236
291540,2915403,Itaju do Colônia (BA),29,0.474,2190.0,0.624,260.55,Faixa 1 (R$ 20k),20000.0,0,0.8,0.0,2442.0,2442.0,0.0,1115.07,844.75,270.32,0.0,0,0,0.0,0.0,-0.5607044715351195
291550,2915502,Itajuípe (BA),29,0.393,7063.0,0.628,349.94,Faixa 2 (R$ 15k),15000.0,0,0.7,4142.0,5983.0,10125.0,0.4091,1433.53,826.42,607.11,0.0,0,0,0.0,0.0,-0.339768934884137
291560,2915601,Itamaraju (BA),29,0.468,21253.0,0.655,417.33,Faixa 1 (R$ 20k),20000.0,0,0.8,21201.0,12866.0,34067.0,0.6223,1602.93,560.49,1042.44,0.0,0,0,0.0,0.0,-0.23123057118396698
291600,2916005,Itanhém (BA),29,0.346,4645.0,0.677,383.53,Faixa 2 (R$ 15k),15000.0,0,0.7,695.0,6114.0,6809.0,0.1021,1465.88,797.42,668.46,0.0,0,0,0.0,0.0,-0.5031902293036057
291630,2916302,Itapebi (BA),29,0.45,3364.0,0.611,272.52,Faixa 1 (R$ 20k),20000.0,0,0.8,0.0,3403.0,3403.0,0.0,1011.59,691.44,320.15,0.0,0,0,0.0,0.0,-0.5660064241428435
291640,2916401,Itapetinga (BA),29,0.29,23819.0,0.663,442.03,Faixa 3 (R$ 10k),10000.0,0,0.35,73778.0,9620.0,83398.0,0.8846,3501.32,1210.08,2291.24,0.0,0,0,0.0,0.0,-0.0506854045036498
291650,2916500,Itapicuru (BA),29,0.58,2777.0,0.626,281.07,Faixa 1 (R$ 20k),20000.0,0,0.8,2689.0,4846.0,7535.0,0.3569,2713.36,1668.71,1044.65,0.0,0,0,0.0,0.0,-0.3292386589248792
291670,2916708,Itaquara (BA),29,0.539,1843.0,0.563,236.63,Faixa 1 (R$ 20k),20000.0,0,0.8,0.0,1374.0,1374.0,0.0,745.52,454.15,291.37,0.0,0,0,0.0,0.0,-0.5755721694111207
291680,2916807,Itarantim (BA),29,0.398,5184.0,0.636,308.02,Faixa 2 (R$ 15k),15000.0,0,0.7,0.0,5275.0,5275.0,0.0,1017.55,491.51,526.04,0.0,0,0,0.0,0.0,-0.5711118454027672
291685,2916856,Itatim (BA),29,0.417,3687.0,0.634,282.49,Faixa 1 (R$ 20k),20000.0,0,0.8,5490.0,5386.0,10876.0,0.5048,2949.82,1090.86,1858.96,0.0,0,0,0.0,0.0,-0.26261277098503377
291690,2916906,Itiruçu (BA),29,0.44,3689.0,0.626,285.0,Faixa 1 (R$ 20k),20000.0,0,0.8,1925.0,3235.0,5160.0,0.3731,1398.75,1045.0,353.75,0.0,0,0,0.0,0.0,-0.3536740517080821
291700,2917003,Itiúba (BA),29,0.418,3983.0,0.616,300.22,Faixa 1 (R$ 20k),20000.0,0,0.8,4491.0,6301.0,10792.0,0.4161,2709.52,1305.55,1403.97,0.0,0,0,0.0,0.0,-0.30725229508675855
291710,2917102,Itororó (BA),29,0.386,7026.0,0.591,304.08,Faixa 2 (R$ 15k),15000.0,0,0.7,6343.0,6972.0,13315.0,0.4764,1895.1,1364.22,530.89,0.0,0,0,0.0,0.0,-0.2841535002027499
291720,2917201,Ituaçu (BA),29,0.368,2117.0,0.659,341.27,Faixa 2 (R$ 15k),15000.0,0,0.7,459.0,5539.0,5998.0,0.0765,2833.25,1583.85,1249.41,0.0,0,0,0.0,0.0,-0.47885348456412624
291730,2917300,Ituberá (BA),29,0.427,8093.0,0.652,329.21,Faixa 1 (R$ 20k),20000.0,0,0.8,812.0,6912.0,7724.0,0.1051,954.41,537.13,417.27,0.0,0,0,0.0,0.0,-0.5149086651041793
291733,2917334,Iuiú (BA),29,0.497,1805.0,0.658,289.86,Faixa 1 (R$ 20k),20000.0,0,0.8,0.0,1873.0,1873.0,0.0,1037.67,488.09,549.58,0.0,0,0,0.0,0.0,-0.5709422105409943
291735,2917359,Jaborandi (BA),29,0.418,1100.0,0.657,290.97,Faixa 1 (R$ 20k),20000.0,0,0.8,12966.0,3609.0,16575.0,0.7823,15068.18,5503.64,9564.55,0.0,0,0,0.0,0.0,0.15473601624268957
291740,2917409,Jacaraci (BA),29,0.344,1410.0,0.673,355.45,Faixa 2 (R$ 15k),15000.0,0,0.7,51.0,2677.0,2728.0,0.0187,1934.75,941.13,993.62,0.0,0,0,0.0,0.0,-0.5377505018230992
291750,2917508,Jacobina (BA),29,0.369,21305.0,0.702,441.92,Faixa 2 (R$ 15k),15000.0,0,0.7,113566.0,8504.0,122070.0,0.9303,5729.64,1152.97,4576.67,0.0,0,0,0.0,0.0,0.000715736863168459
291760,2917607,Jaguaquara (BA),29,0.422,14318.0,0.613,296.8,Faixa 1 (R$ 20k),20000.0,0,0.8,37755.0,9994.0,47749.0,0.7907,3334.89,730.13,2604.76,0.0,0,0,0.0,0.0,-0.11514319931456671
291770,2917706,Jaguarari (BA),29,0.341,5787.0,0.7,418.55,Faixa 2 (R$ 15k),15000.0,0,0.7,4468.0,8252.0,12720.0,0.3513,2198.03,1029.2,1168.83,0.0,0,0,0.0,0.0,-0.3554039751514981
291800,2918001,Jequié (BA),29,0.346,51960.0,0.673,420.34,Faixa 2 (R$ 15k),15000.0,2,0.88,80421.0,16248.0,96669.0,0.8319,1860.45,1254.73,605.72,1.0,22680,2964,251940.0,336.0,0.7045963351072178
291810,2918100,Jeremoabo (BA),29,0.372,6265.0,0.61,349.29,Faixa 2 (R$ 15k),15000.0,0,0.7,2564.0,9952.0,12516.0,0.2049,1997.77,1299.6,698.16,0.0,0,0,0.0,0.0,-0.42873711482051513
291820,2918209,Jiquiriçá (BA),29,0.35,2218.0,0.618,295.06,Faixa 2 (R$ 15k),15000.0,0,0.7,547.0,3846.0,4393.0,0.1245,1980.61,1273.22,707.39,0.0,0,0,0.0,0.0,-0.47235125107638576
291830,2918308,Jitaúna (BA),29,0.455,3864.0,0.623,279.46,Faixa 1 (R$ 20k),20000.0,0,0.8,0.0,4994.0,4994.0,0.0,1292.44,929.87,362.58,0.0,0,0,0.0,0.0,-0.5562213357066103
291835,2918357,João Dourado (BA),29,0.498,4807.0,0.625,290.21,Faixa 1 (R$ 20k),20000.0,0,0.8,3485.0,5181.0,8666.0,0.4021,1802.79,1098.81,703.97,0.0,0,0,0.0,0.0,-0.33168742733278983
291850,2918506,Jussara (BA),29,0.492,3345.0,0.611,236.16,Faixa 1 (R$ 20k),20000.0,0,0.8,0.0,4354.0,4354.0,0.0,1301.64,911.51,390.13,0.0,0,0,0.0,0.0,-0.556579172147343
291855,2918555,Jussari (BA),29,0.411,2000.0,0.628,306.01,Faixa 1 (R$ 20k),20000.0,0,0.8,0.0,2417.0,2417.0,0.0,1208.5,850.5,358.0,0.0,0,0,0.0,0.0,-0.5593560946018148
291860,2918605,Jussiape (BA),29,0.33,2180.0,0.618,323.11,Faixa 2 (R$ 15k),15000.0,0,0.7,0.0,1681.0,1681.0,0.0,771.1,294.5,476.61,0.0,0,0,0.0,0.0,-0.5793816587711333
291875,2918753,Lagoa Real (BA),29,0.516,3661.0,0.546,198.47,Faixa 1 (R$ 20k),20000.0,0,0.8,0.0,1980.0,1980.0,0.0,540.84,233.27,307.57,0.0,0,0,0.0,0.0,-0.583924536033674
291905,2919058,Lajedo do Tabocal (BA),29,0.469,1944.0,0.61,248.68,Faixa 1 (R$ 20k),20000.0,0,0.8,0.0,2092.0,2092.0,0.0,1076.13,613.17,462.96,0.0,0,0,0.0,0.0,-0.5672065934576512
291915,2919157,Lapão (BA),29,0.473,3519.0,0.638,284.87,Faixa 1 (R$ 20k),20000.0,0,0.8,1753.0,6922.0,8675.0,0.2021,2465.19,1842.85,622.34,0.0,0,0,0.0,0.0,-0.41014393715791664
291940,2919405,Licínio de Almeida (BA),29,0.336,1970.0,0.673,338.7,Faixa 2 (R$ 15k),15000.0,0,0.7,0.0,4791.0,4791.0,0.0,2431.98,1806.6,625.38,0.0,0,0,0.0,0.0,-0.51886961551208
291950,2919504,Livramento de Nossa Senhora (BA),29,0.372,5681.0,0.654,362.72,Faixa 2 (R$ 15k),15000.0,0,0.7,50393.0,11317.0,61710.0,0.8166,10862.52,2411.37,8451.15,0.0,0,0,0.0,0.0,0.03882186141129538
291955,2919553,Luís Eduardo Magalhães (BA),29,0.313,17422.0,0.679,503.22,Faixa 2 (R$ 15k),15000.0,0,0.7,36769.0,15856.0,52625.0,0.6987,3020.61,2171.62,848.98,0.0,0,0,0.0,0.0,-0.1306884094966502
291960,2919603,Macajuba (BA),29,0.487,2833.0,0.576,219.45,Faixa 1 (R$ 20k),20000.0,0,0.8,1202.0,3346.0,4548.0,0.2643,1605.37,1202.26,403.11,0.0,0,0,0.0,0.0,-0.4047426020021863
291970,2919702,Macarani (BA),29,0.386,4592.0,0.616,322.56,Faixa 2 (R$ 15k),15000.0,0,0.7,1364.0,5079.0,6443.0,0.2117,1403.09,594.95,808.14,0.0,0,0,0.0,0.0,-0.45102216695165664
291980,2919801,Macaúbas (BA),29,0.342,4497.0,0.683,330.48,Faixa 2 (R$ 15k),15000.0,0,0.7,12006.0,9169.0,21175.0,0.567,4708.69,1859.24,2849.46,0.0,0,0,0.0,0.0,-0.18707701756361214
291990,2919900,Macururé (BA),29,0.422,1086.0,0.681,291.82,Faixa 1 (R$ 20k),20000.0,0,0.8,0.0,2938.0,2938.0,0.0,2705.34,1847.15,858.2,0.0,0,0,0.0,0.0,-0.5143094702315955
291995,2919959,Maetinga (BA),29,0.343,971.0,0.616,325.79,Faixa 2 (R$ 15k),15000.0,0,0.7,9119.0,2368.0,11487.0,0.7939,11830.07,2131.82,9698.25,0.0,0,0,0.0,0.0,0.03193782983528357
292000,2920007,Maiquinique (BA),29,0.425,2312.0,0.609,257.34,Faixa 1 (R$ 20k),20000.0,0,0.8,0.0,2282.0,2282.0,0.0,987.02,510.81,476.21,0.0,0,0,0.0,0.0,-0.5710035223894823
292010,2920106,Mairi (BA),29,0.351,4248.0,0.611,301.01,Faixa 2 (R$ 15k),15000.0,0,0.7,5725.0,10194.0,15919.0,0.3596,3747.41,2699.39,1048.02,0.0,0,0,0.0,0.0,-0.2878165439671684
292030,2920304,Malhada de Pedras (BA),29,0.369,822.0,0.652,326.49,Faixa 2 (R$ 15k),15000.0,0,0.7,0.0,3957.0,3957.0,0.0,4813.87,3008.52,1805.35,0.0,0,0,0.0,0.0,-0.45714149437218604
292040,2920403,Manoel Vitorino (BA),29,0.503,2499.0,0.605,244.44,Faixa 1 (R$ 20k),20000.0,0,0.8,0.0,7112.0,7112.0,0.0,2845.94,2334.93,511.0,0.0,0,0,0.0,0.0,-0.4998621173093431
292050,2920502,Maracás (BA),29,0.453,6194.0,0.639,259.72,Faixa 1 (R$ 20k),20000.0,0,0.8,7727.0,9180.0,16907.0,0.457,2729.58,1554.41,1175.17,0.0,0,0,0.0,0.0,-0.2788177079641724
292060,2920601,Maragogipe (BA),29,0.335,10674.0,0.678,371.13,Faixa 2 (R$ 15k),15000.0,0,0.7,727.0,14035.0,14762.0,0.0492,1382.99,952.03,430.95,0.0,0,0,0.0,0.0,-0.5283486525385019
292090,2920908,Mascote (BA),29,0.493,4615.0,0.611,255.53,Faixa 1 (R$ 20k),20000.0,0,0.8,960.0,4753.0,5713.0,0.168,1237.92,749.95,487.97,0.0,0,0,0.0,0.0,-0.47233939256747937
292105,2921054,Matina (BA),29,0.384,1152.0,0.654,264.48,Faixa 2 (R$ 15k),15000.0,0,0.7,0.0,2588.0,2588.0,0.0,2246.53,1106.77,1139.76,0.0,0,0,0.0,0.0,-0.5393888986643107
292110,2921104,Medeiros Neto (BA),29,0.461,5858.0,0.614,292.29,Faixa 1 (R$ 20k),20000.0,0,0.8,3378.0,11070.0,14448.0,0.2338,2466.37,1497.44,968.93,0.0,0,0,0.0,0.0,-0.4022416595746529
292120,2921203,Miguel Calmon (BA),29,0.407,6495.0,0.623,273.66,Faixa 1 (R$ 20k),20000.0,0,0.8,2606.0,8657.0,11263.0,0.2314,1734.1,1116.4,617.71,0.0,0,0,0.0,0.0,-0.42279261016771946
292130,2921302,Milagres (BA),29,0.436,3039.0,0.658,281.14,Faixa 1 (R$ 20k),20000.0,0,0.8,54.0,4019.0,4073.0,0.0133,1340.24,666.01,674.23,0.0,0,0,0.0,0.0,-0.5553814727848433
292140,2921401,Mirangaba (BA),29,0.498,3285.0,0.615,229.42,Faixa 1 (R$ 20k),20000.0,0,0.8,3596.0,6949.0,10545.0,0.341,3210.05,2068.8,1141.25,0.0,0,0,0.0,0.0,-0.32093933666647223
292145,2921450,Mirante (BA),29,0.536,2971.0,0.562,201.36,Faixa 1 (R$ 20k),20000.0,0,0.8,697.0,2278.0,2975.0,0.2343,1001.35,546.28,455.07,0.0,0,0,0.0,0.0,-0.4454350956815478
292150,2921500,Monte Santo (BA),29,0.558,15243.0,0.534,187.51,Faixa 1 (R$ 20k),20000.0,0,0.8,15650.0,15967.0,31617.0,0.495,2074.2,812.04,1262.15,0.0,0,0,0.0,0.0,-0.28628564143523405
292160,2921609,Morpará (BA),29,0.453,2080.0,0.587,204.54,Faixa 1 (R$ 20k),20000.0,0,0.8,0.0,3938.0,3938.0,0.0,1893.27,1410.1,483.17,0.0,0,0,0.0,0.0,-0.536061710692505
292170,2921708,Morro do Chapéu (BA),29,0.432,7708.0,0.638,280.65,Faixa 1 (R$ 20k),20000.0,0,0.8,42195.0,9355.0,51550.0,0.8185,6687.86,1464.97,5222.89,0.0,0,0,0.0,0.0,-0.03828765943830779
292180,2921807,Mortugaba (BA),29,0.319,1827.0,0.676,387.6,Faixa 2 (R$ 15k),15000.0,0,0.7,1388.0,2159.0,3547.0,0.3913,1941.43,535.3,1406.13,0.0,0,0,0.0,0.0,-0.35025030732068907
292190,2921906,Mucugê (BA),29,0.265,1482.0,0.681,409.58,Faixa 3 (R$ 10k),10000.0,0,0.35,307.0,2099.0,2406.0,0.1276,1623.48,920.38,703.1,0.0,0,0,0.0,0.0,-0.4844340390669334
292200,2922003,Mucuri (BA),29,0.362,10528.0,0.67,460.28,Faixa 2 (R$ 15k),15000.0,0,0.7,9908.0,8914.0,18822.0,0.5264,1787.8,801.2,986.61,0.0,0,0,0.0,0.0,-0.27356258390065513
292205,2922052,Mulungu do Morro (BA),29,0.472,2404.0,0.644,247.79,Faixa 1 (R$ 20k),20000.0,0,0.8,1443.0,2523.0,3966.0,0.3638,1649.75,1314.48,335.27,0.0,0,0,0.0,0.0,-0.34840779151193213
292210,2922102,Mundo Novo (BA),29,0.429,5545.0,0.617,288.65,Faixa 1 (R$ 20k),20000.0,0,0.8,0.0,10338.0,10338.0,0.0,1864.38,1167.9,696.48,0.0,0,0,0.0,0.0,-0.5427100793044396
292225,2922250,Muquém de São Francisco (BA),29,0.498,3854.0,0.556,150.91,Faixa 1 (R$ 20k),20000.0,0,0.8,0.0,4958.0,4958.0,0.0,1286.46,988.58,297.87,0.0,0,0,0.0,0.0,-0.5547765473317059
292265,2922656,Nordestina (BA),29,0.384,1549.0,0.629,275.54,Faixa 2 (R$ 15k),15000.0,0,0.7,1508.0,4835.0,6343.0,0.2377,4094.9,3281.47,813.43,0.0,0,0,0.0,0.0,-0.3330249808476491
292273,2922730,Nova Fátima (BA),29,0.361,1883.0,0.64,293.02,Faixa 2 (R$ 15k),15000.0,0,0.7,0.0,6897.0,6897.0,0.0,3662.77,2210.3,1452.47,0.0,0,0,0.0,0.0,-0.4926067975039958
292275,2922755,Nova Ibiá (BA),29,0.434,1161.0,0.616,293.21,Faixa 1 (R$ 20k),20000.0,0,0.8,0.0,3320.0,3320.0,0.0,2859.6,1065.46,1794.14,0.0,0,0,0.0,0.0,-0.5325897300504744
292280,2922805,Nova Itarana (BA),29,0.471,1003.0,0.606,246.28,Faixa 1 (R$ 20k),20000.0,0,0.8,609.0,2163.0,2772.0,0.2197,2763.71,1579.26,1184.45,0.0,0,0,0.0,0.0,-0.4037943090995445
292285,2922854,Nova Redenção (BA),29,0.553,2247.0,0.617,231.74,Faixa 1 (R$ 20k),20000.0,0,0.8,0.0,2932.0,2932.0,0.0,1304.85,904.76,400.09,0.0,0,0,0.0,0.0,-0.5567129172746128
292290,2922904,Nova Soure (BA),29,0.451,4684.0,0.641,293.34,Faixa 1 (R$ 20k),20000.0,0,0.8,2420.0,6076.0,8496.0,0.2848,1813.83,1137.06,676.77,0.0,0,0,0.0,0.0,-0.3928665026561158
292300,2923001,Nova Viçosa (BA),29,0.472,12653.0,0.64,344.38,Faixa 1 (R$ 20k),20000.0,0,0.8,2428.0,12283.0,14711.0,0.165,1162.65,501.78,660.87,0.0,0,0,0.0,0.0,-0.48133153147552044
292303,2923035,Novo Horizonte (BA),29,0.309,1038.0,0.644,334.0,Faixa 2 (R$ 15k),15000.0,0,0.7,2238.0,3922.0,6160.0,0.3633,5934.49,2674.37,3260.12,0.0,0,0,0.0,0.0,-0.2584243539703793
292305,2923050,Novo Triunfo (BA),29,0.508,2597.0,0.581,229.01,Faixa 1 (R$ 20k),20000.0,0,0.8,0.0,2991.0,2991.0,0.0,1151.71,763.96,387.76,0.0,0,0,0.0,0.0,-0.5623280357614535
292310,2923100,Olindina (BA),29,0.446,5088.0,0.61,264.47,Faixa 1 (R$ 20k),20000.0,0,0.8,3621.0,6926.0,10547.0,0.3433,2072.92,1107.9,965.02,0.0,0,0,0.0,0.0,-0.3592199571022192
292320,2923209,Oliveira dos Brejinhos (BA),29,0.434,2234.0,0.652,300.55,Faixa 1 (R$ 20k),20000.0,0,0.8,1379.0,7940.0,9319.0,0.148,4171.44,2903.76,1267.68,0.0,0,0,0.0,0.0,-0.3894827542328131
292335,2923357,Ourolândia (BA),29,0.38,2352.0,0.633,268.61,Faixa 2 (R$ 15k),15000.0,0,0.7,0.0,5742.0,5742.0,0.0,2441.33,1656.89,784.44,0.0,0,0,0.0,0.0,-0.5226298820686355
292340,2923407,Palmas de Monte Alto (BA),29,0.403,3655.0,0.649,300.55,Faixa 1 (R$ 20k),20000.0,0,0.8,7.0,4112.0,4119.0,0.0017,1126.95,563.06,563.89,0.0,0,0,0.0,0.0,-0.5669499368373317
292370,2923704,Paratinga (BA),29,0.451,4698.0,0.665,280.99,Faixa 1 (R$ 20k),20000.0,0,0.8,3207.0,12666.0,15873.0,0.202,3378.67,2354.19,1024.48,0.0,0,0,0.0,0.0,-0.3852176029052364
292380,2923803,Paripiranga (BA),29,0.309,2896.0,0.639,361.21,Faixa 2 (R$ 15k),15000.0,0,0.7,2232.0,5319.0,7551.0,0.2956,2607.39,1182.32,1425.07,0.0,0,0,0.0,0.0,-0.3757694433180739
292390,2923902,Pau Brasil (BA),29,0.428,2806.0,0.629,295.06,Faixa 1 (R$ 20k),20000.0,0,0.8,0.0,8364.0,8364.0,0.0,2980.76,2424.45,556.31,0.0,0,0,0.0,0.0,-0.4958111459292178
292400,2924009,Paulo Afonso (BA),29,0.355,30863.0,0.688,506.14,Faixa 2 (R$ 15k),15000.0,1,0.88,157507.0,14219.0,171726.0,0.9172,5564.14,1138.48,4425.66,0.0,11880,1716,145860.0,241.92,-0.008743317772448888
292420,2924207,Pedro Alexandre (BA),29,0.41,1078.0,0.579,259.85,Faixa 1 (R$ 20k),20000.0,0,0.8,622.0,2872.0,3494.0,0.178,3241.19,2426.72,814.47,0.0,0,0,0.0,0.0,-0.39785183477711644
292430,2924306,Piatã (BA),29,0.362,2189.0,0.631,278.88,Faixa 2 (R$ 15k),15000.0,0,0.7,4141.0,4897.0,9038.0,0.4582,4128.83,2116.49,2012.33,0.0,0,0,0.0,0.0,-0.245649994840258
292440,2924405,Pilão Arcado (BA),29,0.471,4356.0,0.594,276.59,Faixa 1 (R$ 20k),20000.0,0,0.8,0.0,5653.0,5653.0,0.0,1297.75,709.6,588.15,0.0,0,0,0.0,0.0,-0.5618623551643755
292450,2924504,Pindaí (BA),29,0.308,1509.0,0.699,344.07,Faixa 2 (R$ 15k),15000.0,0,0.7,1.0,2295.0,2296.0,0.0004,1521.54,795.89,725.65,0.0,0,0,0.0,0.0,-0.5565405882392278
292460,2924603,Pindobaçu (BA),29,0.42,3707.0,0.596,221.07,Faixa 1 (R$ 20k),20000.0,0,0.8,3432.0,8114.0,11546.0,0.2972,3114.65,2056.11,1058.54,0.0,0,0,0.0,0.0,-0.34576036864992965
292470,2924702,Piripá (BA),29,0.329,2403.0,0.641,308.32,Faixa 2 (R$ 15k),15000.0,0,0.7,392.0,3605.0,3997.0,0.0981,1663.34,711.19,952.14,0.0,0,0,0.0,0.0,-0.5050153937372018
292480,2924801,Piritiba (BA),29,0.471,5983.0,0.634,303.14,Faixa 1 (R$ 20k),20000.0,0,0.8,0.0,5984.0,5984.0,0.0,1000.17,631.62,368.54,0.0,0,0,0.0,0.0,-0.5677035457928998
292500,2925006,Planalto (BA),29,0.466,5000.0,0.616,282.83,Faixa 1 (R$ 20k),20000.0,0,0.8,6371.0,10463.0,16834.0,0.3785,3366.8,949.8,2417.0,0.0,0,0,0.0,0.0,-0.32800941024129854
292525,2925253,Ponto Novo (BA),29,0.431,3130.0,0.635,271.07,Faixa 1 (R$ 20k),20000.0,0,0.8,4040.0,4335.0,8375.0,0.4824,2675.72,1699.36,976.36,0.0,0,0,0.0,0.0,-0.26225916178033437
292530,2925303,Porto Seguro (BA),29,0.334,37996.0,0.689,449.03,Faixa 2 (R$ 15k),15000.0,0,0.7,74182.0,19570.0,93752.0,0.7913,2467.42,1388.75,1078.67,0.0,0,0,0.0,0.0,-0.10888944075569577
292540,2925402,Potiraguá (BA),29,0.379,2308.0,0.65,294.82,Faixa 2 (R$ 15k),15000.0,0,0.7,0.0,2562.0,2562.0,0.0,1110.05,478.77,631.28,0.0,0,0,0.0,0.0,-0.5702546437576238
292510,2925105,Poções (BA),29,0.485,12004.0,0.613,292.03,Faixa 1 (R$ 20k),20000.0,0,0.8,26941.0,18136.0,45077.0,0.5977,3755.16,667.19,3087.97,0.0,0,0,0.0,0.0,-0.2139052925840596
292560,2925600,Presidente Dutra (BA),29,0.391,2927.0,0.66,292.75,Faixa 2 (R$ 15k),15000.0,0,0.7,2242.0,4539.0,6781.0,0.3306,2316.71,1102.84,1213.87,0.0,0,0,0.0,0.0,-0.3629681266960393
292570,2925709,Presidente Jânio Quadros (BA),29,0.436,1315.0,0.587,264.28,Faixa 1 (R$ 20k),20000.0,0,0.8,1349.0,3468.0,4817.0,0.28,3663.12,1113.31,2549.81,0.0,0,0,0.0,0.0,-0.3722929267462302
292575,2925758,Presidente Tancredo Neves (BA),29,0.445,4048.0,0.609,315.64,Faixa 1 (R$ 20k),20000.0,0,0.8,1846.0,5704.0,7550.0,0.2445,1865.12,727.77,1137.35,0.0,0,0,0.0,0.0,-0.42422458922178874
292405,2924058,Pé de Serra (BA),29,0.362,1996.0,0.667,316.07,Faixa 2 (R$ 15k),15000.0,0,0.7,36.0,8009.0,8045.0,0.0045,4030.56,2449.4,1581.16,0.0,0,0,0.0,0.0,-0.4792978821697256
292580,2925808,Queimadas (BA),29,0.443,4452.0,0.651,266.03,Faixa 1 (R$ 20k),20000.0,0,0.8,98.0,6654.0,6752.0,0.0145,1516.62,951.03,565.59,0.0,0,0,0.0,0.0,-0.545092496350606
292590,2925907,Quijingue (BA),29,0.312,2584.0,0.663,354.7,Faixa 2 (R$ 15k),15000.0,0,0.7,3282.0,6715.0,9997.0,0.3283,3868.81,1908.28,1960.53,0.0,0,0,0.0,0.0,-0.3233899335084129
292593,2925931,Quixabeira (BA),29,0.356,1330.0,0.64,296.93,Faixa 2 (R$ 15k),15000.0,0,0.7,0.0,2858.0,2858.0,0.0,2148.87,1463.16,685.71,0.0,0,0,0.0,0.0,-0.5314053718489479
292600,2926004,Remanso (BA),29,0.425,7899.0,0.645,320.73,Faixa 1 (R$ 20k),20000.0,0,0.8,13901.0,10466.0,24367.0,0.5705,3084.82,1913.28,1171.54,0.0,0,0,0.0,0.0,-0.20466249429379327
292610,2926103,Retirolândia (BA),29,0.31,2393.0,0.702,331.25,Faixa 2 (R$ 15k),15000.0,0,0.7,980.0,3821.0,4801.0,0.2041,2006.27,1391.98,614.29,0.0,0,0,0.0,0.0,-0.42665854032417894
292640,2926400,Riacho de Santana (BA),29,0.371,3545.0,0.689,342.61,Faixa 2 (R$ 15k),15000.0,0,0.7,1045.0,5643.0,6688.0,0.1562,1886.6,998.87,887.73,0.0,0,0,0.0,0.0,-0.463829126722583
292630,2926301,Riachão do Jacuípe (BA),29,0.31,7695.0,0.679,332.69,Faixa 2 (R$ 15k),15000.0,0,0.7,8125.0,14450.0,22575.0,0.3599,2933.72,1616.37,1317.35,0.0,0,0,0.0,0.0,-0.3261728585405063
292650,2926509,Ribeira do Amparo (BA),29,0.396,824.0,0.595,298.33,Faixa 2 (R$ 15k),15000.0,0,0.7,974.0,4607.0,5581.0,0.1745,6773.06,5188.11,1584.95,0.0,0,0,0.0,0.0,-0.2828014401970512
292660,2926608,Ribeira do Pombal (BA),29,0.408,10235.0,0.656,363.94,Faixa 1 (R$ 20k),20000.0,1,0.94,61254.0,14014.0,75268.0,0.8138,7353.98,3849.24,3504.74,1.0,10800,1560,132600.0,188.16,0.8327470654123387
292665,2926657,Ribeirão do Largo (BA),29,0.405,1678.0,0.593,275.62,Faixa 1 (R$ 20k),20000.0,0,0.8,1854.0,3385.0,5239.0,0.3539,3122.17,519.07,2603.1,0.0,0,0,0.0,0.0,-0.3553816929774198
292700,2927002,Rio Real (BA),29,0.445,8471.0,0.615,316.99,Faixa 1 (R$ 20k),20000.0,0,0.8,113715.0,12927.0,126642.0,0.8979,14950.06,1517.41,13432.65,0.0,0,0,0.0,0.0,0.11131087942555365
292670,2926707,Rio de Contas (BA),29,0.305,1661.0,0.646,329.45,Faixa 2 (R$ 15k),15000.0,0,0.7,0.0,2044.0,2044.0,0.0,1230.58,731.49,499.1,0.0,0,0,0.0,0.0,-0.5621571762563343
292680,2926806,Rio do Antônio (BA),29,0.335,1556.0,0.668,348.64,Faixa 2 (R$ 15k),15000.0,0,0.7,1397.0,3013.0,4410.0,0.3168,2834.19,847.04,1987.15,0.0,0,0,0.0,0.0,-0.3702861883654053
292690,2926905,Rio do Pires (BA),29,0.336,1472.0,0.667,317.12,Faixa 2 (R$ 15k),15000.0,0,0.7,2.0,506.0,508.0,0.0039,345.11,137.23,207.88,0.0,0,0,0.0,0.0,-0.5868545578308832
292710,2927101,Rodelas (BA),29,0.426,1788.0,0.607,224.8,Faixa 1 (R$ 20k),20000.0,0,0.8,350.0,3568.0,3918.0,0.0893,2191.28,1496.09,695.19,0.0,0,0,0.0,0.0,-0.48256940154514893
292720,2927200,Ruy Barbosa (BA),29,0.425,9344.0,0.648,330.8,Faixa 1 (R$ 20k),20000.0,0,0.8,2534.0,9176.0,11710.0,0.2164,1253.21,702.48,550.73,0.0,0,0,0.0,0.0,-0.4476623705970818
292760,2927606,Santa Brígida (BA),29,0.413,2084.0,0.627,271.34,Faixa 1 (R$ 20k),20000.0,0,0.8,702.0,10249.0,10951.0,0.0641,5254.8,2121.4,3133.4,0.0,0,0,0.0,0.0,-0.4404230828981067
292770,2927705,Santa Cruz Cabrália (BA),29,0.331,6175.0,0.696,393.39,Faixa 2 (R$ 15k),15000.0,1,0.88,9274.0,4686.0,13960.0,0.6643,2260.73,1018.95,1241.78,0.0,11880,1716,145860.0,241.92,-0.1885925228453949
292780,2927804,Santa Cruz da Vitória (BA),29,0.487,2097.0,0.622,282.01,Faixa 1 (R$ 20k),20000.0,0,0.8,0.0,2880.0,2880.0,0.0,1373.39,743.44,629.95,0.0,0,0,0.0,0.0,-0.560014288593576
292790,2927903,Santa Inês (BA),29,0.49,3773.0,0.601,262.97,Faixa 1 (R$ 20k),20000.0,0,0.8,6388.0,1788.0,8176.0,0.7813,2166.98,864.56,1302.41,0.0,0,0,0.0,0.0,-0.13164474705928914
292805,2928059,Santa Luzia (BA),29,0.419,3534.0,0.615,282.51,Faixa 1 (R$ 20k),20000.0,0,0.8,0.0,5492.0,5492.0,0.0,1554.05,1032.82,521.22,0.0,0,0,0.0,0.0,-0.5501948980547204
292810,2928109,Santa Maria da Vitória (BA),29,0.363,7822.0,0.665,382.03,Faixa 2 (R$ 15k),15000.0,0,0.7,110344.0,6689.0,117033.0,0.9428,14962.03,3769.75,11192.28,0.0,0,0,0.0,0.0,0.19369412908968436
292840,2928406,Santa Rita de Cássia (BA),29,0.36,5606.0,0.68,324.9,Faixa 2 (R$ 15k),15000.0,0,0.7,5400.0,7038.0,12438.0,0.4342,2218.69,1146.27,1072.42,0.0,0,0,0.0,0.0,-0.30806622102442766
292800,2928000,Santaluz (BA),29,0.362,7754.0,0.64,281.15,Faixa 2 (R$ 15k),15000.0,0,0.7,6809.0,10010.0,16819.0,0.4048,2169.07,925.59,1243.49,0.0,0,0,0.0,0.0,-0.3300407632857899
292820,2928208,Santana (BA),29,0.332,4340.0,0.678,352.08,Faixa 2 (R$ 15k),15000.0,0,0.7,24936.0,8953.0,33889.0,0.7358,7808.53,1800.92,6007.6,0.0,0,0,0.0,0.0,-0.05912649000917543
292860,2928604,Santo Amaro (BA),29,0.381,20639.0,0.68,363.34,Faixa 2 (R$ 15k),15000.0,0,0.7,2256.0,15757.0,18013.0,0.1252,872.77,489.75,383.01,0.0,0,0,0.0,0.0,-0.5065071449444745
292870,2928703,Santo Antônio de Jesus (BA),29,0.306,31806.0,0.709,470.75,Faixa 2 (R$ 15k),15000.0,5,0.88,206809.0,17521.0,224330.0,0.9219,7053.07,1574.07,5479.0,1.0,52050,6708,570180.0,477.12,0.8273398708229529
292880,2928802,Santo Estêvão (BA),29,0.38,11874.0,0.664,376.2,Faixa 2 (R$ 15k),15000.0,0,0.7,10124.0,20460.0,30584.0,0.331,2575.71,944.25,1631.46,0.0,0,0,0.0,0.0,-0.36354135022065515
292960,2929602,Sapeaçu (BA),29,0.368,3583.0,0.651,379.77,Faixa 2 (R$ 15k),15000.0,0,0.7,5951.0,4904.0,10855.0,0.5482,3029.58,1297.8,1731.79,0.0,0,0,0.0,0.0,-0.23317021738698643
292980,2929800,Saúde (BA),29,0.401,2764.0,0.603,254.05,Faixa 1 (R$ 20k),20000.0,0,0.8,701.0,5156.0,5857.0,0.1197,2119.03,1302.1,816.93,0.0,0,0,0.0,0.0,-0.47237570760609715
292990,2929909,Seabra (BA),29,0.288,7530.0,0.721,438.43,Faixa 3 (R$ 10k),10000.0,0,0.35,8542.0,14673.0,23215.0,0.368,3083.0,1489.64,1593.36,0.0,0,0,0.0,0.0,-0.3232383643556218
293000,2930006,Sebastião Laranjeiras (BA),29,0.461,1654.0,0.654,278.87,Faixa 1 (R$ 20k),20000.0,0,0.8,1064.0,1830.0,2894.0,0.3677,1749.7,582.22,1167.47,0.0,0,0,0.0,0.0,-0.36403229420353556
293010,2930105,Senhor do Bonfim (BA),29,0.348,20619.0,0.7,399.5,Faixa 2 (R$ 15k),15000.0,3,0.88,133535.0,7800.0,141335.0,0.9448,6854.6,1789.56,5065.04,0.3476,35400,5343,454155.0,604.8,0.31854549642749186
293020,2930204,Sento Sé (BA),29,0.487,8358.0,0.621,244.18,Faixa 1 (R$ 20k),20000.0,0,0.8,2262.0,5773.0,8035.0,0.2815,961.35,447.71,513.64,0.0,0,0,0.0,0.0,-0.42342973346543494
293030,2930303,Serra Dourada (BA),29,0.352,2006.0,0.668,307.21,Faixa 2 (R$ 15k),15000.0,0,0.7,1065.0,5417.0,6482.0,0.1643,3231.31,2164.01,1067.3,0.0,0,0,0.0,0.0,-0.412065499328701
293015,2930154,Serra do Ramalho (BA),29,0.408,2183.0,0.634,275.96,Faixa 1 (R$ 20k),20000.0,0,0.8,2916.0,10370.0,13286.0,0.2195,6086.12,4235.0,1851.12,0.0,0,0,0.0,0.0,-0.2924179974898617
293050,2930501,Serrinha (BA),29,0.367,18286.0,0.682,404.99,Faixa 2 (R$ 15k),15000.0,3,0.88,22351.0,10870.0,33221.0,0.6728,1816.75,930.66,886.09,1.0,32280,4524,384540.0,443.52,0.6111185875175663
293060,2930600,Serrolândia (BA),29,0.389,2697.0,0.646,317.17,Faixa 2 (R$ 15k),15000.0,0,0.7,1948.0,5485.0,7433.0,0.2621,2756.03,1678.53,1077.49,0.0,0,0,0.0,0.0,-0.3787962317583641
293080,2930808,Souto Soares (BA),29,0.343,2295.0,0.69,302.9,Faixa 2 (R$ 15k),15000.0,0,0.7,1767.0,4957.0,6724.0,0.2628,2929.85,1446.19,1483.66,0.0,0,0,0.0,0.0,-0.38221496709082736
292970,2929701,Sátiro Dias (BA),29,0.368,1769.0,0.609,284.3,Faixa 2 (R$ 15k),15000.0,0,0.7,1853.0,3658.0,5511.0,0.3362,3115.32,2172.98,942.34,0.0,0,0,0.0,0.0,-0.3220050190980392
292890,2928901,São Desidério (BA),29,0.379,2852.0,0.625,341.47,Faixa 2 (R$ 15k),15000.0,0,0.7,20392.0,3705.0,24097.0,0.8462,8449.16,4058.56,4390.6,0.0,0,0,0.0,0.0,0.06625918493186045
292895,2928950,São Domingos (BA),29,0.333,2240.0,0.669,309.87,Faixa 2 (R$ 15k),15000.0,0,0.7,2566.0,4932.0,7498.0,0.3422,3347.32,1295.98,2051.34,0.0,0,0,0.0,0.0,-0.3385702620017082
292905,2929057,São Félix do Coribe (BA),29,0.369,3438.0,0.666,305.49,Faixa 2 (R$ 15k),15000.0,0,0.7,19825.0,11477.0,31302.0,0.6333,9104.71,2698.37,6406.34,0.0,0,0,0.0,0.0,-0.07367701681128033
292925,2929255,São Gabriel (BA),29,0.412,3553.0,0.679,281.89,Faixa 1 (R$ 20k),20000.0,0,0.8,1475.0,5084.0,6559.0,0.2249,1846.05,1255.84,590.21,0.0,0,0,0.0,0.0,-0.42119442795675754
292937,2929370,São José do Jacuípe (BA),29,0.423,2408.0,0.611,271.54,Faixa 1 (R$ 20k),20000.0,0,0.8,0.0,5421.0,5421.0,0.0,2251.25,1510.38,740.86,0.0,0,0,0.0,0.0,-0.5288673238340348
293075,2930758,Sítio do Mato (BA),29,0.536,2750.0,0.624,161.67,Faixa 1 (R$ 20k),20000.0,0,0.8,50.0,2562.0,2612.0,0.0191,949.82,738.91,210.91,0.0,0,0,0.0,0.0,-0.5554226674355055
293076,2930766,Sítio do Quinto (BA),29,0.451,1812.0,0.633,307.59,Faixa 1 (R$ 20k),20000.0,0,0.8,401.0,3849.0,4250.0,0.0944,2345.47,1764.35,581.13,0.0,0,0,0.0,0.0,-0.47092784140610816
293090,2930907,Tabocas do Brejo Velho (BA),29,0.482,1318.0,0.684,300.56,Faixa 1 (R$ 20k),20000.0,0,0.8,1092.0,3897.0,4989.0,0.2189,3785.28,2953.72,831.56,0.0,0,0,0.0,0.0,-0.3554813361538123
293100,2931004,Tanhaçu (BA),29,0.42,5889.0,0.578,237.01,Faixa 1 (R$ 20k),20000.0,0,0.8,196.0,5714.0,5910.0,0.0332,1003.57,511.8,491.76,0.0,0,0,0.0,0.0,-0.5531289356403489
293105,2931053,Tanque Novo (BA),29,0.391,2024.0,0.665,369.67,Faixa 2 (R$ 15k),15000.0,0,0.7,3653.0,2733.0,6386.0,0.572,3155.14,1769.27,1385.87,0.0,0,0,0.0,0.0,-0.20669553123862472
293120,2931202,Taperoá (BA),29,0.402,3854.0,0.665,335.16,Faixa 1 (R$ 20k),20000.0,0,0.8,0.0,11048.0,11048.0,0.0,2866.63,2033.99,832.64,0.0,0,0,0.0,0.0,-0.507396433995907
293130,2931301,Tapiramutá (BA),29,0.51,5217.0,0.604,224.79,Faixa 1 (R$ 20k),20000.0,0,0.8,1248.0,2970.0,4218.0,0.2959,808.51,486.49,322.02,0.0,0,0,0.0,0.0,-0.4167369996747686
293135,2931350,Teixeira de Freitas (BA),29,0.383,44795.0,0.686,469.04,Faixa 2 (R$ 15k),15000.0,3,0.88,170817.0,8919.0,179736.0,0.9504,4012.41,927.07,3085.34,1.0,32220,4290,364650.0,383.04,0.7866778551209468
293150,2931509,Teofilândia (BA),29,0.286,2311.0,0.68,407.15,Faixa 3 (R$ 10k),10000.0,0,0.35,77.0,8194.0,8271.0,0.0093,3578.97,2320.64,1258.33,0.0,0,0,0.0,0.0,-0.4858822945955305
293180,2931806,Tremedal (BA),29,0.372,1425.0,0.606,296.66,Faixa 2 (R$ 15k),15000.0,0,0.7,1791.0,7878.0,9669.0,0.1852,6785.26,2489.12,4296.14,0.0,0,0,0.0,0.0,-0.3469151166448234
293190,2931905,Tucano (BA),29,0.47,7296.0,0.651,434.66,Faixa 1 (R$ 20k),20000.0,0,0.8,5804.0,13700.0,19504.0,0.2976,2673.25,1536.18,1137.06,0.0,0,0,0.0,0.0,-0.3646900387482218
293200,2932002,Uauá (BA),29,0.319,3502.0,0.678,324.58,Faixa 2 (R$ 15k),15000.0,0,0.7,5462.0,5989.0,11451.0,0.477,3269.85,1162.19,2107.65,0.0,0,0,0.0,0.0,-0.27142383901400324
293240,2932408,Uibaí (BA),29,0.398,2790.0,0.66,323.15,Faixa 2 (R$ 15k),15000.0,0,0.7,139.0,3598.0,3737.0,0.0372,1339.43,922.94,416.49,0.0,0,0,0.0,0.0,-0.5360363873175322
293245,2932457,Umburanas (BA),29,0.473,2735.0,0.571,172.47,Faixa 1 (R$ 20k),20000.0,0,0.8,0.0,5719.0,5719.0,0.0,2091.04,1377.33,713.71,0.0,0,0,0.0,0.0,-0.5343723286130888
293260,2932606,Urandi (BA),29,0.357,2069.0,0.667,344.62,Faixa 2 (R$ 15k),15000.0,0,0.7,2960.0,4044.0,7004.0,0.4226,3385.21,2188.01,1197.2,0.0,0,0,0.0,0.0,-0.2722534150423766
293280,2932804,Utinga (BA),29,0.375,5155.0,0.655,348.92,Faixa 2 (R$ 15k),15000.0,0,0.7,606.0,6386.0,6992.0,0.0867,1356.35,905.72,450.63,0.0,0,0,0.0,0.0,-0.5099700568210889
293300,2933000,Valente (BA),29,0.268,4509.0,0.703,438.52,Faixa 3 (R$ 10k),10000.0,0,0.35,4011.0,13527.0,17538.0,0.2287,3889.55,2794.41,1095.14,0.0,0,0,0.0,0.0,-0.3530659829668866
293290,2932903,Valença (BA),29,0.358,26951.0,0.672,411.01,Faixa 2 (R$ 15k),15000.0,3,0.88,32977.0,19520.0,52497.0,0.6282,1947.87,1220.33,727.54,1.0,32760,4914,417690.0,591.36,0.5966171582722776
293325,2933257,Vereda (BA),29,0.354,451.0,0.594,257.5,Faixa 2 (R$ 15k),15000.0,0,0.7,1109.0,2606.0,3715.0,0.2985,8237.25,4849.22,3388.03,0.0,0,0,0.0,0.0,-0.20691805186880768
293330,2933307,Vitória da Conquista (BA),29,0.328,91923.0,0.688,488.04,Faixa 2 (R$ 15k),15000.0,7,0.88,446721.0,15438.0,462159.0,0.9666,5027.68,1457.52,3570.15,1.0,73680,9477,805545.0,658.56,0.8220649949093085
293315,2933158,Várzea Nova (BA),29,0.522,3244.0,0.623,248.06,Faixa 1 (R$ 20k),20000.0,0,0.8,0.0,8747.0,8747.0,0.0,2696.36,1908.45,787.92,0.0,0,0,0.0,0.0,-0.5128359276579261
293305,2933059,Várzea da Roça (BA),29,0.463,1935.0,0.601,268.43,Faixa 1 (R$ 20k),20000.0,0,0.8,0.0,8233.0,8233.0,0.0,4254.78,3487.86,766.93,0.0,0,0,0.0,0.0,-0.451894488912442
293310,2933109,Várzea do Poço (BA),29,0.415,1808.0,0.606,292.3,Faixa 1 (R$ 20k),20000.0,0,0.8,0.0,4080.0,4080.0,0.0,2256.64,1513.83,742.81,0.0,0,0,0.0,0.0,-0.5287086461968314
293345,2933455,Wanderley (BA),29,0.416,2029.0,0.644,305.9,Faixa 1 (R$ 20k),20000.0,0,0.8,1552.0,3668.0,5220.0,0.2973,2572.7,2072.45,500.25,0.0,0,0,0.0,0.0,-0.3522406506441947
293360,2933604,Xique-Xique (BA),29,0.421,13088.0,0.639,286.5,Faixa 1 (R$ 20k),20000.0,0,0.8,4632.0,11695.0,16327.0,0.2837,1247.48,874.01,373.47,0.0,0,0,0.0,0.0,-0.40753889844291147
290050,2900504,Érico Cardoso (BA),29,0.396,3569.0,0.592,238.93,Faixa 2 (R$ 15k),15000.0,0,0.7,1282.0,1649.0,2931.0,0.4374,821.24,604.65,216.59,0.0,0,0,0.0,0.0,-0.3383432250650936
290720,2907202,Casa Nova (BA),29,0.383,12824.0,0.635,335.38,Faixa 2 (R$ 15k),15000.0,0,0.7,132660.0,16125.0,148785.0,0.8916,11602.07,1170.93,10431.14,0.0,0,0,0.0,0.0,0.05600631595864689
290990,2909901,Curaçá (BA),29,0.402,5357.0,0.632,281.63,Faixa 1 (R$ 20k),20000.0,0,0.8,2966.0,9943.0,12909.0,0.2298,2409.74,1700.39,709.35,0.0,0,0,0.0,0.0,-0.3998332905770373
291840,2918407,Juazeiro (BA),29,0.368,59265.0,0.7,445.4,Faixa 2 (R$ 15k),15000.0,6,0.88,81950.0,23149.0,105099.0,0.7797,1773.37,880.33,893.04,0.1812,66900,9126,775710.0,745.92,0.008398232459352294
293077,2930774,Sobradinho (BA),29,0.359,7374.0,0.654,309.25,Faixa 2 (R$ 15k),15000.0,0,0.7,16259.0,6552.0,22811.0,0.7128,3093.44,999.19,2094.25,0.0,0,0,0.0,0.0,-0.15265109574931449
290570,2905701,Camaçari (BA),29,0.358,94383.0,0.705,481.1,Faixa 2 (R$ 15k),15000.0,0,0.7,619785.0,53728.0,673513.0,0.9202,7135.96,2295.32,4840.64,0.0,0,0,0.0,0.0,0.04301132667070813
290650,2906501,Candeias (BA),29,0.321,34938.0,0.713,467.63,Faixa 2 (R$ 15k),15000.0,0,0.7,53998.0,28851.0,82849.0,0.6518,2371.31,1316.1,1055.21,0.0,0,0,0.0,0.0,-0.18611154639967967
291005,2910057,Dias D'Ávila (BA),29,0.348,25179.0,0.68,416.19,Faixa 2 (R$ 15k),15000.0,0,0.7,152553.0,50445.0,202998.0,0.7515,8062.19,1202.03,6860.16,0.0,0,0,0.0,0.0,-0.06305251977122037
291920,2919207,Lauro de Freitas (BA),29,0.335,63286.0,0.738,670.0,Faixa 2 (R$ 15k),15000.0,0,0.7,55711.0,79087.0,134798.0,0.4133,2129.98,861.0,1268.99,0.0,0,0,0.0,0.0,-0.32770126388623905
292520,2925204,Pojuca (BA),29,0.291,12179.0,0.693,430.59,Faixa 3 (R$ 10k),10000.0,0,0.35,39381.0,10161.0,49542.0,0.7949,4067.82,1120.45,2947.37,0.0,0,0,0.0,0.0,-0.09338698490015665
292740,2927408,Salvador (BA),29,0.378,1120096.0,0.75,711.97,Faixa 2 (R$ 15k),15000.0,0,0.7,4965035.0,72007.0,5037042.0,0.9857,4496.97,1612.51,2884.46,0.0,0,0,0.0,0.0,0.026232514396669727
293070,2930709,Simões Filho (BA),29,0.406,46238.0,0.689,404.14,Faixa 1 (R$ 20k),20000.0,0,0.8,34217.0,53174.0,87391.0,0.3915,1890.03,867.27,1022.75,0.0,0,0,0.0,0.0,-0.3421997074706306
230010,2300101,Abaiara (CE),23,0.465,1510.0,0.661,247.82,Faixa 1 (R$ 20k),20000.0,0,0.8,707.0,6333.0,7040.0,0.1004,4662.25,925.17,3737.09,0.0,0,0,0.0,0.0,-0.4597508878032334
230015,2300150,Acarape (CE),23,0.355,3237.0,0.66,278.28,Faixa 2 (R$ 15k),15000.0,0,0.7,5259.0,2238.0,7497.0,0.7015,2316.03,767.69,1548.35,0.0,0,0,0.0,0.0,-0.17463348494270176
230020,2300200,Acaraú (CE),23,0.499,10282.0,0.625,238.4,Faixa 1 (R$ 20k),20000.0,3,0.94,291020.0,3673.0,294693.0,0.9875,28661.06,1434.35,27282.73,1.0,35400,5343,454155.0,604.8,1.1363232307552231
230030,2300309,Acopiara (CE),23,0.393,8175.0,0.648,317.32,Faixa 2 (R$ 15k),15000.0,1,0.88,4576.0,14245.0,18821.0,0.2431,2302.26,671.31,1630.95,1.0,10530,1521,129285.0,120.96,0.38236320449127137
230040,2300408,Aiuaba (CE),23,0.318,1305.0,0.667,282.19,Faixa 2 (R$ 15k),15000.0,0,0.7,0.0,1975.0,1975.0,0.0,1513.41,517.24,996.17,0.0,0,0,0.0,0.0,-0.564079690083594
230050,2300507,Alcântaras (CE),23,0.231,1341.0,0.692,349.63,Faixa 3 (R$ 10k),10000.0,0,0.35,518.0,4000.0,4518.0,0.1147,3369.13,1670.4,1698.73,0.0,0,0,0.0,0.0,-0.4494386393091288
230060,2300606,Altaneira (CE),23,0.412,1726.0,0.628,228.99,Faixa 1 (R$ 20k),20000.0,0,0.8,179.0,6472.0,6651.0,0.0269,3853.42,924.68,2928.74,0.0,0,0,0.0,0.0,-0.5091912243378287
230070,2300705,Alto Santo (CE),23,0.307,2749.0,0.665,340.49,Faixa 2 (R$ 15k),15000.0,0,0.7,27205.0,2671.0,29876.0,0.9106,10867.95,1217.53,9650.42,0.0,0,0,0.0,0.0,0.0578835636874244
230075,2300754,Amontada (CE),23,0.469,5517.0,0.658,232.98,Faixa 1 (R$ 20k),20000.0,0,0.8,7847.0,5413.0,13260.0,0.5918,2403.48,475.08,1928.4,0.0,0,0,0.0,0.0,-0.23937001847559697
230080,2300804,Antonina do Norte (CE),23,0.462,1375.0,0.634,321.22,Faixa 1 (R$ 20k),20000.0,0,0.8,801.0,4991.0,5792.0,0.1383,4212.36,891.64,3320.73,0.0,0,0,0.0,0.0,-0.4462618151044606
230090,2300903,Apuiarés (CE),23,0.366,1806.0,0.675,278.26,Faixa 2 (R$ 15k),15000.0,0,0.7,316.0,3651.0,3967.0,0.0797,2196.57,334.99,1861.57,0.0,0,0,0.0,0.0,-0.5176955064952171
230110,2301109,Aracati (CE),23,0.384,15866.0,0.701,366.35,Faixa 2 (R$ 15k),15000.0,4,0.88,289741.0,0.0,289741.0,1.0,18261.75,1497.48,16844.51,1.0,42660,6162,523770.0,618.24,1.0112693685433374
230120,2301208,Aracoiaba (CE),23,0.424,4892.0,0.666,284.54,Faixa 1 (R$ 20k),20000.0,0,0.8,14151.0,6937.0,21088.0,0.671,4310.71,664.15,3646.57,0.0,0,0,0.0,0.0,-0.16791400375256726
230125,2301257,Ararendá (CE),23,0.472,1644.0,0.61,207.66,Faixa 1 (R$ 20k),20000.0,0,0.8,38.0,1296.0,1334.0,0.0285,811.44,321.78,489.66,0.0,0,0,0.0,0.0,-0.5630170208562537
230130,2301307,Araripe (CE),23,0.409,4479.0,0.621,231.21,Faixa 1 (R$ 20k),20000.0,0,0.8,14583.0,3776.0,18359.0,0.7943,4098.91,656.4,3442.51,0.0,0,0,0.0,0.0,-0.10533420060806802
230140,2301406,Aratuba (CE),23,0.302,1515.0,0.677,262.53,Faixa 2 (R$ 15k),15000.0,0,0.7,1420.0,2516.0,3936.0,0.3608,2598.02,935.31,1662.71,0.0,0,0,0.0,0.0,-0.3476562808592695
230150,2301505,Arneiroz (CE),23,0.326,1279.0,0.657,275.88,Faixa 2 (R$ 15k),15000.0,0,0.7,0.0,1098.0,1098.0,0.0,858.48,498.83,359.66,0.0,0,0,0.0,0.0,-0.5729640061573891
230160,2301604,Assaré (CE),23,0.387,3801.0,0.636,325.36,Faixa 2 (R$ 15k),15000.0,0,0.7,9631.0,7262.0,16893.0,0.5701,4444.36,1083.66,3360.69,0.0,0,0,0.0,0.0,-0.20892556127124023
230170,2301703,Aurora (CE),23,0.346,3709.0,0.64,271.16,Faixa 2 (R$ 15k),15000.0,0,0.7,10003.0,2559.0,12562.0,0.7963,3386.9,587.22,2799.68,0.0,0,0,0.0,0.0,-0.11520476077825081
230180,2301802,Baixio (CE),23,0.332,1088.0,0.677,299.36,Faixa 2 (R$ 15k),15000.0,0,0.7,0.0,615.0,615.0,0.0,565.26,404.41,160.85,0.0,0,0,0.0,0.0,-0.5791753319172592
230185,2301851,Banabuiú (CE),23,0.402,2873.0,0.646,279.78,Faixa 1 (R$ 20k),20000.0,0,0.8,2784.0,5015.0,7799.0,0.357,2714.58,679.08,2035.5,0.0,0,0,0.0,0.0,-0.35481981395939866
230190,2301901,Barbalha (CE),23,0.355,14516.0,0.692,377.08,Faixa 2 (R$ 15k),15000.0,36,0.88,162282.0,0.0,162282.0,1.0,11179.53,5905.83,5273.7,1.0,393420,58266,4952610.0,5476.8,1.0340725381555649
230195,2301950,Barreira (CE),23,0.389,3391.0,0.66,293.68,Faixa 2 (R$ 15k),15000.0,0,0.7,6019.0,5503.0,11522.0,0.5224,3397.82,654.67,2743.14,0.0,0,0,0.0,0.0,-0.2588179325407477
230200,2302008,Barro (CE),23,0.402,4181.0,0.601,268.48,Faixa 1 (R$ 20k),20000.0,0,0.8,139728.0,1932.0,141660.0,0.9864,33881.85,438.41,33443.43,0.0,0,0,0.0,0.0,0.3733816253655636
230205,2302057,Barroquinha (CE),23,0.461,3738.0,0.607,220.35,Faixa 1 (R$ 20k),20000.0,0,0.8,271.0,2649.0,2920.0,0.0928,781.17,395.93,385.23,0.0,0,0,0.0,0.0,-0.5273262601455551
230210,2302107,Baturité (CE),23,0.363,9311.0,0.655,307.19,Faixa 2 (R$ 15k),15000.0,0,0.7,283317.0,3224.0,286541.0,0.9887,30774.46,586.4,30188.06,0.0,0,0,0.0,0.0,0.33855019878649395
230220,2302206,Beberibe (CE),23,0.369,7216.0,0.707,444.52,Faixa 2 (R$ 15k),15000.0,0,0.7,8650.0,13631.0,22281.0,0.3882,3087.72,719.93,2367.79,0.0,0,0,0.0,0.0,-0.33239699960542063
230230,2302305,Bela Cruz (CE),23,0.486,4198.0,0.662,239.73,Faixa 1 (R$ 20k),20000.0,0,0.8,9347.0,6950.0,16297.0,0.5735,3882.09,1393.28,2488.8,0.0,0,0,0.0,0.0,-0.2063122166001194
230240,2302404,Boa Viagem (CE),23,0.461,8605.0,0.64,282.53,Faixa 1 (R$ 20k),20000.0,0,0.8,4571.0,3461.0,8032.0,0.5691,933.41,707.73,225.68,0.0,0,0,0.0,0.0,-0.2642697792783901
230250,2302503,Brejo Santo (CE),23,0.374,9830.0,0.648,287.44,Faixa 2 (R$ 15k),15000.0,11,0.88,54397.0,0.0,54397.0,1.0,5533.77,2818.92,2714.85,1.0,120660,18057,1534845.0,1800.96,0.8815901784512071
230260,2302602,Camocim (CE),23,0.396,17137.0,0.653,270.53,Faixa 2 (R$ 15k),15000.0,5,0.88,242066.0,734.0,242800.0,0.997,14168.17,1208.55,13162.81,1.0,58200,9048,769080.0,940.8,0.9504695549450659
230270,2302701,Campos Sales (CE),23,0.39,5705.0,0.668,349.22,Faixa 2 (R$ 15k),15000.0,0,0.7,1617.0,2625.0,4242.0,0.3812,743.56,489.22,254.34,0.0,0,0,0.0,0.0,-0.37218682081532495
230280,2302800,Canindé (CE),23,0.392,16772.0,0.65,318.5,Faixa 2 (R$ 15k),15000.0,5,0.88,49516.0,0.0,49516.0,1.0,2952.3,579.06,2520.51,1.0,52020,7878,669630.0,752.64,0.7913935129304733
230290,2302909,Capistrano (CE),23,0.472,2225.0,0.673,262.07,Faixa 1 (R$ 20k),20000.0,0,0.8,258.0,6778.0,7036.0,0.0367,3162.25,536.63,2625.62,0.0,0,0,0.0,0.0,-0.5229154401028788
230300,2303006,Caridade (CE),23,0.532,4119.0,0.613,232.5,Faixa 1 (R$ 20k),20000.0,0,0.8,803.0,2298.0,3101.0,0.2589,752.85,383.59,369.26,0.0,0,0,0.0,0.0,-0.4397737191478317
230320,2303204,Caririaçu (CE),23,0.435,4838.0,0.621,285.24,Faixa 1 (R$ 20k),20000.0,0,0.8,105414.0,8525.0,113939.0,0.9252,23550.85,1571.52,21979.33,0.0,0,0,0.0,0.0,0.23762249527739207
230310,2303105,Cariré (CE),23,0.385,2836.0,0.627,235.95,Faixa 2 (R$ 15k),15000.0,0,0.7,566.0,6342.0,6908.0,0.0819,2435.83,1019.39,1416.43,0.0,0,0,0.0,0.0,-0.4957167129582524
230330,2303303,Cariús (CE),23,0.344,2420.0,0.637,279.04,Faixa 2 (R$ 15k),15000.0,0,0.7,0.0,6683.0,6683.0,0.0,2761.57,601.24,2160.33,0.0,0,0,0.0,0.0,-0.5458801097058952
230340,2303402,Carnaubal (CE),23,0.398,1845.0,0.65,262.11,Faixa 2 (R$ 15k),15000.0,0,0.7,15984.0,4162.0,20146.0,0.7934,10919.24,1873.71,9045.53,0.0,0,0,0.0,0.0,0.013290176653441853
230360,2303600,Catarina (CE),23,0.332,2654.0,0.66,268.89,Faixa 2 (R$ 15k),15000.0,0,0.7,0.0,3217.0,3217.0,0.0,1212.13,122.83,1089.3,0.0,0,0,0.0,0.0,-0.5781697683959532
230365,2303659,Catunda (CE),23,0.374,1974.0,0.652,241.75,Faixa 2 (R$ 15k),15000.0,0,0.7,3042.0,3897.0,6939.0,0.4384,3515.2,994.43,2520.77,0.0,0,0,0.0,0.0,-0.2931275208263346
230380,2303808,Cedro (CE),23,0.387,4537.0,0.649,328.15,Faixa 2 (R$ 15k),15000.0,0,0.7,25873.0,5859.0,31732.0,0.8154,6994.05,680.19,6313.86,0.0,0,0,0.0,0.0,-0.05634442792214171
230390,2303907,Chaval (CE),23,0.436,3436.0,0.633,221.31,Faixa 1 (R$ 20k),20000.0,0,0.8,0.0,1605.0,1605.0,0.0,467.11,311.99,155.12,0.0,0,0,0.0,0.0,-0.5828306736953246
230393,2303931,Choró (CE),23,0.439,1367.0,0.643,234.15,Faixa 1 (R$ 20k),20000.0,0,0.8,297.0,6136.0,6433.0,0.0462,4705.93,538.41,4167.52,0.0,0,0,0.0,0.0,-0.4980067568679948
230400,2304004,Coreaú (CE),23,0.465,4063.0,0.625,203.13,Faixa 1 (R$ 20k),20000.0,0,0.8,3576.0,6315.0,9891.0,0.3615,2434.41,1324.14,1110.26,0.0,0,0,0.0,0.0,-0.33930675208836775
230410,2304103,Crateús (CE),23,0.433,17074.0,0.654,323.45,Faixa 1 (R$ 20k),20000.0,2,0.94,147011.0,0.0,147011.0,1.0,8610.23,448.99,8239.14,1.0,22680,3276,278460.0,430.08,0.860183188631718
230420,2304202,Crato (CE),23,0.318,34798.0,0.716,404.53,Faixa 2 (R$ 15k),15000.0,19,0.88,96697.0,0.0,96697.0,1.0,2778.81,1375.02,1403.79,1.0,213240,31824,2705040.0,3024.0,0.8088012132672056
230423,2304236,Croatá (CE),23,0.445,3238.0,0.614,201.05,Faixa 1 (R$ 20k),20000.0,0,0.8,1004.0,3474.0,4478.0,0.2242,1382.95,575.97,806.98,0.0,0,0,0.0,0.0,-0.4451323721796154
230425,2304251,Cruz (CE),23,0.356,3100.0,0.681,344.12,Faixa 2 (R$ 15k),15000.0,0,0.7,25282.0,8413.0,33695.0,0.7503,10869.35,2175.81,8693.55,0.0,0,0,0.0,0.0,-0.0024157767256967723
230426,2304269,Deputado Irapuan Pinheiro (CE),23,0.28,1213.0,0.678,291.33,Faixa 3 (R$ 10k),10000.0,0,0.35,2649.0,2068.0,4717.0,0.5616,3888.71,413.03,3475.68,0.0,0,0,0.0,0.0,-0.23795552261454683
230427,2304277,Ererê (CE),23,0.357,1146.0,0.656,243.3,Faixa 2 (R$ 15k),15000.0,0,0.7,130.0,454.0,584.0,0.2226,509.6,318.5,191.1,0.0,0,0,0.0,0.0,-0.46386665665037874
230430,2304301,Farias Brito (CE),23,0.288,3014.0,0.694,310.81,Faixa 3 (R$ 10k),10000.0,0,0.35,8031.0,6589.0,14620.0,0.5493,4850.7,1485.73,3364.96,0.0,0,0,0.0,0.0,-0.2043377109760361
230435,2304350,Forquilha (CE),23,0.353,5119.0,0.656,274.09,Faixa 2 (R$ 15k),15000.0,0,0.7,2898.0,8531.0,11429.0,0.2536,2232.66,841.38,1391.29,0.0,0,0,0.0,0.0,-0.41172773732443535
230445,2304459,Fortim (CE),23,0.391,3301.0,0.669,283.28,Faixa 2 (R$ 15k),15000.0,0,0.7,8893.0,6149.0,15042.0,0.5912,4556.8,1176.31,3380.49,0.0,0,0,0.0,0.0,-0.19387198408339498
230450,2304509,Frecheirinha (CE),23,0.362,2392.0,0.643,277.67,Faixa 2 (R$ 15k),15000.0,0,0.7,4908.0,5962.0,10870.0,0.4515,4544.31,1383.36,3160.95,0.0,0,0,0.0,0.0,-0.26287745425394904
230460,2304608,General Sampaio (CE),23,0.368,1216.0,0.596,261.3,Faixa 2 (R$ 15k),15000.0,0,0.7,63531.0,2873.0,66404.0,0.9567,54608.55,366.78,54241.78,0.0,0,0,0.0,0.0,0.62181289974531
230470,2304707,Granja (CE),23,0.517,9368.0,0.612,204.21,Faixa 1 (R$ 20k),20000.0,0,0.8,9949.0,8696.0,18645.0,0.5336,1990.29,890.58,1099.7,0.0,0,0,0.0,0.0,-0.26482198317674877
230480,2304806,Granjeiro (CE),23,0.265,508.0,0.655,284.35,Faixa 3 (R$ 10k),10000.0,0,0.35,2433.0,1512.0,3945.0,0.6167,7765.75,2015.75,5750.0,0.0,0,0,0.0,0.0,-0.11737591463874172
230465,2304657,Graça (CE),23,0.398,2014.0,0.618,230.48,Faixa 2 (R$ 15k),15000.0,0,0.7,2326.0,4515.0,6841.0,0.34,3396.72,850.05,2546.67,0.0,0,0,0.0,0.0,-0.35066274236745015
230490,2304905,Groaíras (CE),23,0.38,2052.0,0.676,303.63,Faixa 2 (R$ 15k),15000.0,0,0.7,646.0,5573.0,6219.0,0.1039,3030.7,1589.67,1441.03,0.0,0,0,0.0,0.0,-0.46161261247394814
230500,2305001,Guaraciaba do Norte (CE),23,0.418,5761.0,0.621,272.17,Faixa 1 (R$ 20k),20000.0,0,0.8,203545.0,4815.0,208360.0,0.9769,36167.33,732.16,35435.17,0.0,0,0,0.0,0.0,0.4052870146562988
230510,2305100,Guaramiranga (CE),23,0.331,887.0,0.696,314.31,Faixa 2 (R$ 15k),15000.0,0,0.7,89.0,1602.0,1691.0,0.0526,1906.43,684.33,1222.1,0.0,0,0,0.0,0.0,-0.5267615664079649
230520,2305209,Hidrolândia (CE),23,0.362,3659.0,0.634,276.68,Faixa 2 (R$ 15k),15000.0,0,0.7,1152.0,5751.0,6903.0,0.1669,1886.58,813.61,1072.97,0.0,0,0,0.0,0.0,-0.4629470172844684
230526,2305266,Ibaretama (CE),23,0.495,1614.0,0.605,233.76,Faixa 1 (R$ 20k),20000.0,0,0.8,1639.0,5494.0,7133.0,0.2298,4419.45,582.4,3837.05,0.0,0,0,0.0,0.0,-0.4030118644992392
230530,2305308,Ibiapina (CE),23,0.339,3382.0,0.663,298.37,Faixa 2 (R$ 15k),15000.0,0,0.7,91697.0,5023.0,96720.0,0.9481,28598.46,1333.23,27265.23,0.0,0,0,0.0,0.0,0.30840656455004456
230533,2305332,Ibicuitinga (CE),23,0.372,1678.0,0.629,226.79,Faixa 2 (R$ 15k),15000.0,0,0.7,1057.0,5427.0,6484.0,0.163,3864.12,629.32,3234.8,0.0,0,0,0.0,0.0,-0.4444100103049967
230535,2305357,Icapuí (CE),23,0.377,1666.0,0.666,348.34,Faixa 2 (R$ 15k),15000.0,0,0.7,4092.0,4245.0,8337.0,0.4908,5004.2,1514.41,3489.8,0.0,0,0,0.0,0.0,-0.23270021774631927
230540,2305407,Icó (CE),23,0.368,10416.0,0.658,317.64,Faixa 2 (R$ 15k),15000.0,5,0.88,46227.0,651.0,46878.0,0.9861,4500.58,1026.31,3875.77,1.0,58080,8307,706095.0,913.92,0.8171951949277009
230550,2305506,Iguatu (CE),23,0.355,22369.0,0.676,411.18,Faixa 2 (R$ 15k),15000.0,15,0.88,130786.0,0.0,130786.0,1.0,5846.75,1038.18,4808.57,1.0,160500,24921,2118285.0,1962.24,0.8394533543084804
230560,2305605,Independência (CE),23,0.396,3607.0,0.696,338.14,Faixa 2 (R$ 15k),15000.0,0,0.7,3036.0,3073.0,6109.0,0.497,1693.65,795.12,898.53,0.0,0,0,0.0,0.0,-0.2905467287863027
230565,2305654,Ipaporanga (CE),23,0.377,1465.0,0.631,238.19,Faixa 2 (R$ 15k),15000.0,0,0.7,6.0,1216.0,1222.0,0.0049,834.13,346.76,487.37,0.0,0,0,0.0,0.0,-0.5746151252838653
230570,2305704,Ipaumirim (CE),23,0.408,2314.0,0.639,335.56,Faixa 1 (R$ 20k),20000.0,0,0.8,0.0,1088.0,1088.0,0.0,470.18,269.66,200.52,0.0,0,0,0.0,0.0,-0.5838884038630878
230580,2305803,Ipu (CE),23,0.42,8510.0,0.63,288.65,Faixa 1 (R$ 20k),20000.0,0,0.8,14632.0,7228.0,21860.0,0.6694,2568.74,1482.84,1085.9,0.0,0,0,0.0,0.0,-0.1699059920280918
230590,2305902,Ipueiras (CE),23,0.431,6500.0,0.632,263.67,Faixa 1 (R$ 20k),20000.0,0,0.8,91842.0,4388.0,96230.0,0.9544,14804.62,265.54,14539.08,0.0,0,0,0.0,0.0,0.10701103048910725
230600,2306009,Iracema (CE),23,0.333,2840.0,0.68,272.34,Faixa 2 (R$ 15k),15000.0,0,0.7,4488.0,1844.0,6332.0,0.7088,2229.58,687.68,1541.9,0.0,0,0,0.0,0.0,-0.1739391371354923
230610,2306108,Irauçuba (CE),23,0.427,5181.0,0.625,190.56,Faixa 1 (R$ 20k),20000.0,0,0.8,141816.0,6038.0,147854.0,0.9592,28537.73,1395.48,27142.25,0.0,0,0,0.0,0.0,0.31513698018528846
230620,2306207,Itaiçaba (CE),23,0.343,1446.0,0.698,315.03,Faixa 2 (R$ 15k),15000.0,0,0.7,1109.0,3997.0,5106.0,0.2172,3531.12,1195.71,2335.41,0.0,0,0,0.0,0.0,-0.40521237950329125
230630,2306306,Itapagé (CE),23,0.405,11935.0,0.647,264.4,Faixa 1 (R$ 20k),20000.0,0,0.8,8842.0,12076.0,20918.0,0.4227,1752.66,324.26,1428.4,0.0,0,0,0.0,0.0,-0.3414630527793322
230640,2306405,Itapipoca (CE),23,0.374,22522.0,0.692,319.35,Faixa 2 (R$ 15k),15000.0,1,0.88,670484.0,3669.0,674153.0,0.9946,29933.09,1365.07,28568.02,0.0,11880,1716,145860.0,241.92,0.3510660127761089
230650,2306504,Itapiúna (CE),23,0.371,3210.0,0.657,255.04,Faixa 2 (R$ 15k),15000.0,0,0.7,3502.0,2454.0,5956.0,0.588,1855.45,478.5,1376.95,0.0,0,0,0.0,0.0,-0.24833498101421037
230655,2306553,Itarema (CE),23,0.503,5251.0,0.656,243.05,Faixa 1 (R$ 20k),20000.0,0,0.8,74161.0,8111.0,82272.0,0.9014,15667.87,1464.1,14203.77,0.0,0,0,0.0,0.0,0.12100282660564135
230660,2306603,Itatira (CE),23,0.564,3510.0,0.594,214.05,Faixa 1 (R$ 20k),20000.0,0,0.8,715.0,2250.0,2965.0,0.2411,844.73,492.31,352.42,0.0,0,0,0.0,0.0,-0.4452321273893192
230670,2306702,Jaguaretama (CE),23,0.323,2645.0,0.677,274.7,Faixa 2 (R$ 15k),15000.0,0,0.7,15519.0,4052.0,19571.0,0.793,7399.24,1691.87,5707.37,0.0,0,0,0.0,0.0,-0.03682098602027981
230680,2306801,Jaguaribara (CE),23,0.422,2197.0,0.657,272.37,Faixa 1 (R$ 20k),20000.0,0,0.8,5489.0,2512.0,8001.0,0.686,3641.78,1839.33,1802.46,0.0,0,0,0.0,0.0,-0.13807346500332923
230690,2306900,Jaguaribe (CE),23,0.422,7942.0,0.659,293.76,Faixa 1 (R$ 20k),20000.0,3,0.94,262647.0,0.0,262647.0,1.0,33070.64,2721.86,30436.16,1.0,32940,4758,404430.0,483.84,1.233151080765283
230700,2307007,Jaguaruana (CE),23,0.33,4972.0,0.674,306.49,Faixa 2 (R$ 15k),15000.0,0,0.7,9349.0,9192.0,18541.0,0.5042,3729.08,723.05,3006.03,0.0,0,0,0.0,0.0,-0.26246144409654143
230710,2307106,Jardim (CE),23,0.378,3454.0,0.645,268.3,Faixa 2 (R$ 15k),15000.0,0,0.7,1470.0,4072.0,5542.0,0.2652,1604.52,944.7,659.81,0.0,0,0,0.0,0.0,-0.4109511060520248
230720,2307205,Jati (CE),23,0.353,1499.0,0.68,289.26,Faixa 2 (R$ 15k),15000.0,0,0.7,43.0,681.0,724.0,0.0594,482.99,336.22,146.76,0.0,0,0,0.0,0.0,-0.5504443400006751
230725,2307254,Jijoca de Jericoacoara (CE),23,0.32,1764.0,0.692,370.31,Faixa 2 (R$ 15k),15000.0,0,0.7,51724.0,6235.0,57959.0,0.8924,32856.58,1677.44,31179.14,0.0,0,0,0.0,0.0,0.3423997524209241
230730,2307304,Juazeiro do Norte (CE),23,0.354,81108.0,0.684,364.21,Faixa 2 (R$ 15k),15000.0,2,0.88,1296137.0,15310.0,1311447.0,0.9883,16169.14,1270.75,14898.39,1.0,20400,3120,265200.0,282.24,0.9717726689505739
230740,2307403,Jucás (CE),23,0.372,4794.0,0.627,237.46,Faixa 2 (R$ 15k),15000.0,0,0.7,215018.0,8868.0,223886.0,0.9604,46701.29,1630.16,45071.13,0.0,0,0,0.0,0.0,0.5550194444649612
230750,2307502,Lavras da Mangabeira (CE),23,0.397,5500.0,0.632,250.18,Faixa 2 (R$ 15k),15000.0,0,0.7,10202.0,3098.0,13300.0,0.7671,2418.18,370.91,2047.27,0.0,0,0,0.0,0.0,-0.14875818511208835
230760,2307601,Limoeiro do Norte (CE),23,0.274,7886.0,0.714,445.26,Faixa 3 (R$ 10k),10000.0,1,0.48,42568.0,6247.0,48815.0,0.872,6190.08,3143.17,3046.92,1.0,9600,1560,132600.0,94.08,0.8304230047382296
230763,2307635,Madalena (CE),23,0.444,3034.0,0.634,246.32,Faixa 1 (R$ 20k),20000.0,0,0.8,5599.0,1711.0,7310.0,0.7659,2409.36,1461.11,948.25,0.0,0,0,0.0,0.0,-0.12125228811654129
230780,2307809,Marco (CE),23,0.452,5080.0,0.669,289.55,Faixa 1 (R$ 20k),20000.0,0,0.8,8314.0,6868.0,15182.0,0.5476,2988.58,1064.17,1924.41,0.0,0,0,0.0,0.0,-0.24007071687506495
230790,2307908,Martinópole (CE),23,0.403,3076.0,0.615,248.7,Faixa 1 (R$ 20k),20000.0,0,0.8,866.0,2168.0,3034.0,0.2854,986.35,523.73,462.61,0.0,0,0,0.0,0.0,-0.41906677691080524
230800,2308005,Massapê (CE),23,0.371,9677.0,0.649,255.03,Faixa 2 (R$ 15k),15000.0,0,0.7,1012.0,10371.0,11383.0,0.0889,1176.29,434.43,741.86,0.0,0,0,0.0,0.0,-0.5233279995941299
230810,2308104,Mauriti (CE),23,0.442,7777.0,0.627,250.06,Faixa 1 (R$ 20k),20000.0,13,0.94,39436.0,0.0,39436.0,1.0,5070.85,3052.59,2018.26,1.0,140160,21177,1800045.0,1989.12,0.8817041827756074
230820,2308203,Meruoca (CE),23,0.412,2974.0,0.652,248.85,Faixa 1 (R$ 20k),20000.0,0,0.8,3059.0,5802.0,8861.0,0.3452,2979.49,1747.48,1232.01,0.0,0,0,0.0,0.0,-0.32999606676630333
230830,2308302,Milagres (CE),23,0.39,4787.0,0.643,282.24,Faixa 2 (R$ 15k),15000.0,2,0.88,16002.0,0.0,16002.0,1.0,3342.8,1004.6,2381.45,1.0,21480,3276,278460.0,336.0,0.8067325989725969
230835,2308351,Milhã (CE),23,0.428,1458.0,0.625,284.2,Faixa 1 (R$ 20k),20000.0,0,0.8,228.0,2634.0,2862.0,0.0797,1962.96,577.5,1385.46,0.0,0,0,0.0,0.0,-0.5144087013767707
230837,2308377,Miraíma (CE),23,0.437,2091.0,0.623,185.0,Faixa 1 (R$ 20k),20000.0,0,0.8,0.0,3688.0,3688.0,0.0,1763.75,325.2,1438.55,0.0,0,0,0.0,0.0,-0.5658435500115303
230840,2308401,Missão Velha (CE),23,0.376,5688.0,0.662,292.5,Faixa 2 (R$ 15k),15000.0,2,0.88,22061.0,5443.0,27504.0,0.8021,4835.44,1250.53,3584.92,1.0,21480,3276,278460.0,336.0,0.7268465693433434
230850,2308500,Mombaça (CE),23,0.421,6039.0,0.645,313.96,Faixa 1 (R$ 20k),20000.0,0,0.8,443670.0,9849.0,453519.0,0.9783,75098.36,2167.58,72930.78,0.0,0,0,0.0,0.0,0.9429856862704824
230860,2308609,Monsenhor Tabosa (CE),23,0.424,3211.0,0.616,257.95,Faixa 1 (R$ 20k),20000.0,0,0.8,7321.0,2227.0,9548.0,0.7668,2973.53,619.74,2353.78,0.0,0,0,0.0,0.0,-0.13533933584473928
230870,2308708,Morada Nova (CE),23,0.408,9994.0,0.645,298.21,Faixa 1 (R$ 20k),20000.0,0,0.8,10792.0,15137.0,25929.0,0.4162,2594.46,1225.64,1368.82,0.0,0,0,0.0,0.0,-0.3107473422810326
230890,2308906,Morrinhos (CE),23,0.436,2858.0,0.6,214.41,Faixa 1 (R$ 20k),20000.0,0,0.8,1328.0,4068.0,5396.0,0.2461,1888.03,908.33,979.71,0.0,0,0,0.0,0.0,-0.4184005928180536
230900,2309003,Mucambo (CE),23,0.375,3056.0,0.633,251.98,Faixa 2 (R$ 15k),15000.0,0,0.7,2806.0,5091.0,7897.0,0.3553,2584.1,1362.57,1221.53,0.0,0,0,0.0,0.0,-0.3396826560484836
230910,2309102,Mulungu (CE),23,0.339,1607.0,0.658,343.41,Faixa 2 (R$ 15k),15000.0,0,0.7,35150.0,2177.0,37327.0,0.9417,23227.75,461.73,22766.02,0.0,0,0,0.0,0.0,0.21347573762750566
230920,2309201,Nova Olinda (CE),23,0.4,3534.0,0.644,272.51,Faixa 2 (R$ 15k),15000.0,0,0.7,2342.0,8710.0,11052.0,0.2119,3127.33,649.69,2477.65,0.0,0,0,0.0,0.0,-0.42736330190299443
230930,2309300,Nova Russas (CE),23,0.37,8110.0,0.628,284.05,Faixa 2 (R$ 15k),15000.0,0,0.7,8927.0,3593.0,12520.0,0.713,1543.77,1256.72,287.05,0.0,0,0,0.0,0.0,-0.16576284342511663
230940,2309409,Novo Oriente (CE),23,0.464,4926.0,0.638,275.78,Faixa 1 (R$ 20k),20000.0,0,0.8,18656.0,3604.0,22260.0,0.8381,4518.88,533.5,3985.38,0.0,0,0,0.0,0.0,-0.07986103975165529
230945,2309458,Ocara (CE),23,0.464,2557.0,0.672,274.06,Faixa 1 (R$ 20k),20000.0,0,0.8,8602.0,7924.0,16526.0,0.5205,6463.04,1088.38,5374.66,0.0,0,0,0.0,0.0,-0.20923829446362996
230950,2309508,Orós (CE),23,0.411,5368.0,0.645,282.33,Faixa 1 (R$ 20k),20000.0,0,0.8,10104.0,5944.0,16048.0,0.6296,2989.57,227.65,2761.92,0.0,0,0,0.0,0.0,-0.21817938975627524
230980,2309805,Pacoti (CE),23,0.342,1882.0,0.713,348.64,Faixa 2 (R$ 15k),15000.0,0,0.7,589.0,1244.0,1833.0,0.3213,973.96,567.48,406.48,0.0,0,0,0.0,0.0,-0.39902097098182854
230990,2309904,Pacujá (CE),23,0.352,1153.0,0.648,281.3,Faixa 2 (R$ 15k),15000.0,0,0.7,0.0,2292.0,2292.0,0.0,1987.86,1007.81,980.05,0.0,0,0,0.0,0.0,-0.5452743155785672
231000,2310001,Palhano (CE),23,0.497,1104.0,0.686,332.68,Faixa 1 (R$ 20k),20000.0,0,0.8,491.0,4615.0,5106.0,0.0962,4625.0,1181.16,3443.84,0.0,0,0,0.0,0.0,-0.4558253243809462
231010,2310100,Palmácia (CE),23,0.431,1797.0,0.697,433.76,Faixa 1 (R$ 20k),20000.0,0,0.8,375.0,693.0,1068.0,0.3511,594.32,487.48,106.84,0.0,0,0,0.0,0.0,-0.3901374463018494
231020,2310209,Paracuru (CE),23,0.363,7534.0,0.685,323.1,Faixa 2 (R$ 15k),15000.0,0,0.7,8350.0,17327.0,25677.0,0.3252,3408.15,690.07,2718.08,0.0,0,0,0.0,0.0,-0.36252456799634647
231025,2310258,Paraipaba (CE),23,0.381,4815.0,0.699,289.88,Faixa 2 (R$ 15k),15000.0,0,0.7,21467.0,4348.0,25815.0,0.8316,5361.37,741.23,4620.15,0.0,0,0,0.0,0.0,-0.06711492101886185
231030,2310308,Parambu (CE),23,0.443,4441.0,0.618,254.47,Faixa 1 (R$ 20k),20000.0,0,0.8,5892.0,2918.0,8810.0,0.6688,1983.79,1372.21,611.57,0.0,0,0,0.0,0.0,-0.18060107912120643
231040,2310407,Paramoti (CE),23,0.43,1856.0,0.63,248.02,Faixa 1 (R$ 20k),20000.0,0,0.8,12210.0,4815.0,17025.0,0.7172,9172.95,1635.78,7537.18,0.0,0,0,0.0,0.0,-0.05577246935236917
231050,2310506,Pedra Branca (CE),23,0.427,8763.0,0.644,259.45,Faixa 1 (R$ 20k),20000.0,0,0.8,11058.0,12033.0,23091.0,0.4789,2635.06,212.71,2422.34,0.0,0,0,0.0,0.0,-0.3031725068339232
231060,2310605,Penaforte (CE),23,0.461,2310.0,0.655,256.69,Faixa 1 (R$ 20k),20000.0,0,0.8,558.0,952.0,1510.0,0.3695,653.68,433.33,220.35,0.0,0,0,0.0,0.0,-0.3810044799990814
231070,2310704,Pentecoste (CE),23,0.454,6843.0,0.662,307.32,Faixa 1 (R$ 20k),20000.0,0,0.8,48730.0,4541.0,53271.0,0.9148,7784.74,441.47,7343.27,0.0,0,0,0.0,0.0,0.0004215955053270104
231080,2310803,Pereiro (CE),23,0.323,1800.0,0.656,269.7,Faixa 2 (R$ 15k),15000.0,0,0.7,7028.0,1616.0,8644.0,0.813,4802.22,1124.44,3677.78,0.0,0,0,0.0,0.0,-0.07424110224817684
231090,2310902,Piquet Carneiro (CE),23,0.369,2295.0,0.651,261.4,Faixa 2 (R$ 15k),15000.0,0,0.7,10100.0,6818.0,16918.0,0.597,7371.68,732.03,6639.65,0.0,0,0,0.0,0.0,-0.1661719528533238
231095,2310951,Pires Ferreira (CE),23,0.459,1075.0,0.616,212.35,Faixa 1 (R$ 20k),20000.0,0,0.8,55.0,1808.0,1863.0,0.0295,1733.02,586.98,1146.05,0.0,0,0,0.0,0.0,-0.5437819299221264
231100,2311009,Poranga (CE),23,0.526,2029.0,0.588,233.76,Faixa 1 (R$ 20k),20000.0,0,0.8,1556.0,1914.0,3470.0,0.4484,1710.2,737.8,972.4,0.0,0,0,0.0,0.0,-0.31763729274094543
231110,2311108,Porteiras (CE),23,0.405,2325.0,0.664,265.85,Faixa 1 (R$ 20k),20000.0,0,0.8,15299.0,1388.0,16687.0,0.9168,7177.2,1182.8,5994.41,0.0,0,0,0.0,0.0,0.012899543596386565
231120,2311207,Potengi (CE),23,0.445,1917.0,0.577,197.74,Faixa 1 (R$ 20k),20000.0,0,0.8,103.0,3569.0,3672.0,0.0281,1915.49,656.76,1258.74,0.0,0,0,0.0,0.0,-0.540374696732659
231123,2311231,Potiretama (CE),23,0.366,652.0,0.643,276.52,Faixa 2 (R$ 15k),15000.0,0,0.7,1914.0,1100.0,3014.0,0.635,4622.7,886.5,3736.2,0.0,0,0,0.0,0.0,-0.17727004969764099
231126,2311264,Quiterianópolis (CE),23,0.474,6641.0,0.603,190.87,Faixa 1 (R$ 20k),20000.0,0,0.8,36399.0,2552.0,38951.0,0.9345,5865.23,266.68,5598.55,0.0,0,0,0.0,0.0,-0.01828408720129122
231130,2311306,Quixadá (CE),23,0.381,19633.0,0.686,315.87,Faixa 2 (R$ 15k),15000.0,8,0.88,643476.0,0.0,643476.0,1.0,32775.23,1889.01,30886.21,1.0,88200,12831,1090635.0,1142.4,1.207181823634225
231135,2311355,Quixelô (CE),23,0.374,1477.0,0.635,268.06,Faixa 2 (R$ 15k),15000.0,0,0.7,2791.0,6321.0,9112.0,0.3063,6169.26,1555.18,4614.08,0.0,0,0,0.0,0.0,-0.3146982310728829
231140,2311405,Quixeramobim (CE),23,0.304,15198.0,0.684,363.94,Faixa 2 (R$ 15k),15000.0,6,0.88,217094.0,13652.0,230746.0,0.9408,15182.66,765.1,14530.14,1.0,62040,8853,752505.0,645.12,0.9215315989186532
231150,2311504,Quixeré (CE),23,0.359,3726.0,0.634,250.61,Faixa 2 (R$ 15k),15000.0,0,0.7,13905.0,4198.0,18103.0,0.7681,4858.56,1128.56,3730.01,0.0,0,0,0.0,0.0,-0.09726285696682246
231160,2311603,Redenção (CE),23,0.393,6166.0,0.675,276.9,Faixa 2 (R$ 15k),15000.0,0,0.7,23822.0,4973.0,28795.0,0.8273,4669.96,1128.61,3541.36,0.0,0,0,0.0,0.0,-0.06823428791101356
231170,2311702,Reriutaba (CE),23,0.464,3156.0,0.628,241.12,Faixa 1 (R$ 20k),20000.0,0,0.8,7638.0,6163.0,13801.0,0.5534,4372.94,1607.41,2765.53,0.0,0,0,0.0,0.0,-0.20513876729699057
231180,2311801,Russas (CE),23,0.288,13300.0,0.701,375.77,Faixa 3 (R$ 10k),10000.0,2,0.48,521928.0,784.0,522712.0,0.9985,39301.65,2136.77,37186.39,1.0,25440,4134,351390.0,349.44,1.2967305759539443
231190,2311900,Saboeiro (CE),23,0.373,2446.0,0.621,224.11,Faixa 2 (R$ 15k),15000.0,0,0.7,0.0,7221.0,7221.0,0.0,2952.17,512.26,2439.9,0.0,0,0,0.0,0.0,-0.545739726219416
231195,2311959,Salitre (CE),23,0.509,2311.0,0.585,216.89,Faixa 1 (R$ 20k),20000.0,0,0.8,103.0,5403.0,5506.0,0.0187,2382.52,684.98,1697.53,0.0,0,0,0.0,0.0,-0.5386417043212495
231220,2312205,Santa Quitéria (CE),23,0.405,7838.0,0.656,274.87,Faixa 1 (R$ 20k),20000.0,0,0.8,149073.0,8616.0,157689.0,0.9454,20118.53,1156.93,18961.6,0.0,0,0,0.0,0.0,0.19354744193455597
231200,2312007,Santana do Acaraú (CE),23,0.407,5146.0,0.622,229.97,Faixa 1 (R$ 20k),20000.0,0,0.8,4853.0,6507.0,11360.0,0.4272,2207.54,806.06,1401.48,0.0,0,0,0.0,0.0,-0.3207457064091833
231210,2312106,Santana do Cariri (CE),23,0.448,3354.0,0.63,225.53,Faixa 1 (R$ 20k),20000.0,0,0.8,2399.0,6643.0,9042.0,0.2653,2695.89,1082.59,1613.3,0.0,0,0,0.0,0.0,-0.3933142617841059
231270,2312700,Senador Pompeu (CE),23,0.407,4884.0,0.645,296.39,Faixa 1 (R$ 20k),20000.0,0,0.8,7640.0,11579.0,19219.0,0.3975,3935.09,911.75,3023.34,0.0,0,0,0.0,0.0,-0.31160737582865455
231280,2312809,Senador Sá (CE),23,0.488,2008.0,0.636,222.26,Faixa 1 (R$ 20k),20000.0,0,0.8,260.0,2609.0,2869.0,0.0906,1428.78,725.6,703.19,0.0,0,0,0.0,0.0,-0.5116369342847772
231290,2312908,Sobral (CE),23,0.296,57243.0,0.7,376.44,Faixa 3 (R$ 10k),10000.0,20,0.48,513854.0,0.0,513854.0,1.0,8976.71,2920.37,6056.34,1.0,195900,30069,2555865.0,2385.6,0.9284160415767386
231300,2313005,Solonópole (CE),23,0.307,2717.0,0.666,285.49,Faixa 2 (R$ 15k),15000.0,0,0.7,82719.0,3674.0,86393.0,0.9575,31797.2,1881.12,29916.08,0.0,0,0,0.0,0.0,0.3686623065532801
231230,2312304,São Benedito (CE),23,0.432,7677.0,0.622,276.43,Faixa 1 (R$ 20k),20000.0,0,0.8,210116.0,6239.0,216355.0,0.9712,28182.23,1905.69,26276.54,0.0,0,0,0.0,0.0,0.3301721324330992
231250,2312502,São João do Jaguaribe (CE),23,0.255,2597.0,0.653,334.3,Faixa 3 (R$ 10k),10000.0,0,0.35,101409.0,858.0,102267.0,0.9916,39378.9,1029.65,38349.25,0.0,0,0,0.0,0.0,0.4620328794258336
231260,2312601,São Luís do Curu (CE),23,0.401,2883.0,0.679,282.25,Faixa 1 (R$ 20k),20000.0,0,0.8,51.0,1550.0,1601.0,0.0319,555.32,205.69,349.64,0.0,0,0,0.0,0.0,-0.5675074716265911
231310,2313104,Tabuleiro do Norte (CE),23,0.302,4725.0,0.694,496.44,Faixa 2 (R$ 15k),15000.0,0,0.7,15462.0,6224.0,21686.0,0.713,4589.63,2056.72,2532.91,0.0,0,0,0.0,0.0,-0.10592870728230026
231320,2313203,Tamboril (CE),23,0.39,5206.0,0.61,249.75,Faixa 2 (R$ 15k),15000.0,0,0.7,32118.0,2836.0,34954.0,0.9189,6714.18,723.97,5990.2,0.0,0,0,0.0,0.0,-0.0038210165836922716
231325,2313252,Tarrafas (CE),23,0.4,2120.0,0.588,203.62,Faixa 2 (R$ 15k),15000.0,0,0.7,0.0,2118.0,2118.0,0.0,999.06,370.28,628.77,0.0,0,0,0.0,0.0,-0.5744913916854207
231330,2313302,Tauá (CE),23,0.351,9052.0,0.652,284.15,Faixa 2 (R$ 15k),15000.0,5,0.88,39174.0,0.0,39174.0,1.0,4327.66,1035.35,3366.33,1.0,52140,7878,669630.0,645.12,0.8203800681438018
231335,2313351,Tejuçuoca (CE),23,0.359,2219.0,0.66,260.02,Faixa 2 (R$ 15k),15000.0,0,0.7,243959.0,2955.0,246914.0,0.988,111272.65,291.12,110981.52,0.0,0,0,0.0,0.0,1.3638659703690597
231340,2313401,Tianguá (CE),23,0.385,14516.0,0.682,365.29,Faixa 2 (R$ 15k),15000.0,4,0.88,165378.0,993.0,166371.0,0.994,11461.22,1337.9,10285.96,1.0,42810,6357,540345.0,645.12,0.9172057349742861
231350,2313500,Trairi (CE),23,0.455,7092.0,0.662,257.97,Faixa 1 (R$ 20k),20000.0,0,0.8,43462.0,6448.0,49910.0,0.8708,7037.51,470.95,6566.55,0.0,0,0,0.0,0.0,-0.03178018208130022
231355,2313559,Tururu (CE),23,0.422,2080.0,0.651,231.32,Faixa 1 (R$ 20k),20000.0,0,0.8,0.0,2765.0,2765.0,0.0,1329.33,538.46,790.87,0.0,0,0,0.0,0.0,-0.5658926972238071
231360,2313609,Ubajara (CE),23,0.347,5381.0,0.679,339.47,Faixa 2 (R$ 15k),15000.0,0,0.7,53316.0,5628.0,58944.0,0.9045,10954.1,729.98,10224.12,0.0,0,0,0.0,0.0,0.0431123367576435
231370,2313708,Umari (CE),23,0.417,1161.0,0.634,272.41,Faixa 1 (R$ 20k),20000.0,0,0.8,0.0,837.0,837.0,0.0,720.93,478.04,242.89,0.0,0,0,0.0,0.0,-0.5752686287699268
231375,2313757,Umirim (CE),23,0.416,3994.0,0.611,201.68,Faixa 1 (R$ 20k),20000.0,0,0.8,0.0,2348.0,2348.0,0.0,587.88,277.92,309.96,0.0,0,0,0.0,0.0,-0.5821634212739669
231380,2313807,Uruburetama (CE),23,0.373,5438.0,0.661,248.45,Faixa 2 (R$ 15k),15000.0,0,0.7,24331.0,4642.0,28973.0,0.8398,5327.88,320.89,5006.99,0.0,0,0,0.0,0.0,-0.07408355230243932
231390,2313906,Uruoca (CE),23,0.447,3000.0,0.605,214.17,Faixa 1 (R$ 20k),20000.0,0,0.8,1106.0,3400.0,4506.0,0.2455,1502.0,766.0,736.0,0.0,0,0,0.0,0.0,-0.4273638024607191
231395,2313955,Varjota (CE),23,0.407,4680.0,0.633,282.93,Faixa 1 (R$ 20k),20000.0,0,0.8,11053.0,5325.0,16378.0,0.6749,3499.57,1443.8,2055.77,0.0,0,0,0.0,0.0,-0.15604724237084242
231410,2314102,Viçosa do Ceará (CE),23,0.422,7081.0,0.636,263.15,Faixa 1 (R$ 20k),20000.0,0,0.8,11052.0,7287.0,18339.0,0.6027,2589.89,1113.4,1476.49,0.0,0,0,0.0,0.0,-0.2146423605489133
231400,2314003,Várzea Alegre (CE),23,0.42,7779.0,0.643,252.47,Faixa 1 (R$ 20k),20000.0,0,0.8,10280.0,4151.0,14431.0,0.7124,1855.12,867.46,987.66,0.0,0,0,0.0,0.0,-0.17217395056754822
230100,2301000,Aquiraz (CE),23,0.491,23221.0,0.636,313.03,Faixa 1 (R$ 20k),20000.0,2,0.94,17659.0,85707.0,103366.0,0.1708,4451.4,461.39,3990.01,1.0,21600,3120,265200.0,376.32,0.3661031802254793
230350,2303501,Cascavel (CE),23,0.456,20255.0,0.653,293.28,Faixa 1 (R$ 20k),20000.0,0,0.8,550548.0,11543.0,562091.0,0.9795,27750.73,1092.52,26658.21,0.0,0,0,0.0,0.0,0.3079658582935393
230370,2303709,Caucaia (CE),23,0.415,102141.0,0.683,353.33,Faixa 1 (R$ 20k),20000.0,2,0.94,49716.0,100682.0,150398.0,0.3306,1472.45,425.93,1046.52,1.0,21600,3120,265200.0,376.32,0.411833005660324
230395,2303956,Chorozinho (CE),23,0.451,3920.0,0.635,284.13,Faixa 1 (R$ 20k),20000.0,0,0.8,1056.0,7986.0,9042.0,0.1168,2306.63,895.92,1410.71,0.0,0,0,0.0,0.0,-0.48203572505525133
230428,2304285,Eusébio (CE),23,0.408,15109.0,0.688,467.66,Faixa 1 (R$ 20k),20000.0,0,0.8,230331.0,28477.0,258808.0,0.89,17129.39,973.0,16156.4,0.0,0,0,0.0,0.0,0.12097956371161363
230440,2304400,Fortaleza (CE),23,0.345,795484.0,0.735,610.61,Faixa 2 (R$ 15k),15000.0,59,0.88,2517888.0,70090.0,2587978.0,0.9729,3253.34,607.37,2692.74,1.0,630330,90480,7690800.0,7808.64,0.7809162239314738
230495,2304954,Guaiúba (CE),23,0.407,6843.0,0.642,250.6,Faixa 1 (R$ 20k),20000.0,0,0.8,2010.0,5210.0,7220.0,0.2784,1055.09,311.85,743.24,0.0,0,0,0.0,0.0,-0.42739451223708763
230523,2305233,Horizonte (CE),23,0.373,17266.0,0.672,312.18,Faixa 2 (R$ 15k),15000.0,1,0.88,680397.0,16420.0,696817.0,0.9764,40357.76,1662.63,38695.12,1.0,10800,1560,132600.0,188.16,1.286113114765423
230625,2306256,Itaitinga (CE),23,0.472,13190.0,0.649,281.0,Faixa 1 (R$ 20k),20000.0,0,0.8,468992.0,12496.0,481488.0,0.974,36504.02,1086.2,35417.82,0.0,0,0,0.0,0.0,0.41724476470367533
230765,2307650,Maracanaú (CE),23,0.34,71764.0,0.697,343.13,Faixa 2 (R$ 15k),15000.0,14,0.88,237508.0,3501.0,241009.0,0.9855,3358.36,1215.83,2210.93,1.0,149910,21723,1846455.0,2096.64,0.8048744483048658
230770,2307700,Maranguape (CE),23,0.337,28339.0,0.678,322.78,Faixa 2 (R$ 15k),15000.0,0,0.7,14968.0,12007.0,26975.0,0.5549,951.87,338.65,613.22,0.0,0,0,0.0,0.0,-0.2811422326368879
230960,2309607,Pacajus (CE),23,0.374,18471.0,0.684,339.82,Faixa 2 (R$ 15k),15000.0,0,0.7,17332.0,28371.0,45703.0,0.3792,2474.31,267.93,2206.38,0.0,0,0,0.0,0.0,-0.3567674853385567
230970,2309706,Pacatuba (CE),23,0.404,22650.0,0.69,329.93,Faixa 1 (R$ 20k),20000.0,0,0.8,21078.0,14360.0,35438.0,0.5948,1564.59,464.06,1100.53,0.0,0,0,0.0,0.0,-0.24883066095692183
231085,2310852,Pindoretama (CE),23,0.416,3941.0,0.69,334.67,Faixa 1 (R$ 20k),20000.0,0,0.8,20982.0,12651.0,33633.0,0.6239,8534.13,778.74,7755.39,0.0,0,0,0.0,0.0,-0.13574927386646074
231240,2312403,São Gonçalo do Amarante (CE),23,0.399,10344.0,0.682,287.76,Faixa 2 (R$ 15k),15000.0,4,0.88,437929.0,232.0,438161.0,0.9995,42358.95,3794.57,38681.17,1.0,43740,6006,510510.0,577.92,1.3801199239188233
210040,2100402,Altamira do Maranhão (MA),21,0.536,1890.0,0.632,220.15,Faixa 1 (R$ 20k),20000.0,0,0.8,0.0,152.0,152.0,0.0,80.42,2.65,77.78,0.0,0,0,0.0,0.0,-0.5958121723173256
210043,2100436,Alto Alegre do Maranhão (MA),21,0.583,8163.0,0.564,184.17,Faixa 1 (R$ 20k),20000.0,2,0.94,4200.0,0.0,4200.0,1.0,514.52,396.91,117.6,1.0,22410,3237,275145.0,362.88,0.7543835024897506
210047,2100477,Alto Alegre do Pindaré (MA),21,0.528,4430.0,0.599,171.88,Faixa 1 (R$ 20k),20000.0,0,0.8,0.0,557.0,557.0,0.0,125.73,8.58,117.16,0.0,0,0,0.0,0.0,-0.5950768379113999
210055,2100550,Amapá do Maranhão (MA),21,0.709,1973.0,0.553,193.13,Faixa 1 (R$ 20k),20000.0,0,0.8,0.0,74.0,74.0,0.0,37.51,16.73,20.78,0.0,0,0,0.0,0.0,-0.5959981324559738
210060,2100600,Amarante do Maranhão (MA),21,0.404,5581.0,0.654,341.96,Faixa 1 (R$ 20k),20000.0,0,0.8,0.0,663.0,663.0,0.0,118.8,80.27,38.52,0.0,0,0,0.0,0.0,-0.5933078195950576
210070,2100709,Anajatuba (MA),21,0.505,2128.0,0.662,277.35,Faixa 1 (R$ 20k),20000.0,0,0.8,0.0,338.0,338.0,0.0,158.83,45.58,113.25,0.0,0,0,0.0,0.0,-0.5936930142244778
210080,2100808,Anapurus (MA),21,0.526,3042.0,0.643,232.77,Faixa 1 (R$ 20k),20000.0,0,0.8,0.0,127.0,127.0,0.0,41.75,1.64,40.11,0.0,0,0,0.0,0.0,-0.596334817740549
210083,2100832,Apicum-Açu (MA),21,0.616,3381.0,0.628,228.04,Faixa 1 (R$ 20k),20000.0,0,0.8,0.0,91.0,91.0,0.0,26.92,10.35,16.56,0.0,0,0,0.0,0.0,-0.5962995034053126
210087,2100873,Araguanã (MA),21,0.497,2283.0,0.614,185.99,Faixa 1 (R$ 20k),20000.0,0,0.8,0.0,135.0,135.0,0.0,59.13,23.22,35.92,0.0,0,0,0.0,0.0,-0.5955523202963869
210090,2100907,Araioses (MA),21,0.502,4583.0,0.61,244.05,Faixa 1 (R$ 20k),20000.0,0,0.8,0.0,309.0,309.0,0.0,67.42,13.53,53.89,0.0,0,0,0.0,0.0,-0.5956971229851185
210095,2100956,Arame (MA),21,0.578,4571.0,0.606,226.76,Faixa 1 (R$ 20k),20000.0,0,0.8,0.0,779.0,779.0,0.0,170.42,109.39,61.04,0.0,0,0,0.0,0.0,-0.5918902946411219
210100,2101004,Arari (MA),21,0.366,5525.0,0.675,327.46,Faixa 2 (R$ 15k),15000.0,0,0.7,0.0,861.0,861.0,0.0,155.84,65.88,89.95,0.0,0,0,0.0,0.0,-0.5932053140027886
210110,2101103,Axixá (MA),21,0.495,1947.0,0.711,272.48,Faixa 1 (R$ 20k),20000.0,0,0.8,0.0,55.0,55.0,0.0,28.25,9.76,18.49,0.0,0,0,0.0,0.0,-0.596297654876482
210005,2100055,Açailândia (MA),21,0.366,28576.0,0.69,394.66,Faixa 2 (R$ 15k),15000.0,3,0.88,6360.0,0.0,6360.0,1.0,222.56,146.98,75.59,1.0,32010,4797,407745.0,470.4,0.7441579345225776
210120,2101202,Bacabal (MA),21,0.373,30244.0,0.68,354.63,Faixa 2 (R$ 15k),15000.0,4,0.88,9120.0,0.0,9120.0,1.0,301.55,174.58,126.97,1.0,46500,7176,609960.0,591.36,0.7458872040690595
210125,2101251,Bacabeira (MA),21,0.392,1159.0,0.684,355.73,Faixa 2 (R$ 15k),15000.0,0,0.7,0.0,113.0,113.0,0.0,97.5,6.04,91.46,0.0,0,0,0.0,0.0,-0.5955051225424783
210130,2101301,Bacuri (MA),21,0.687,3676.0,0.629,260.71,Faixa 1 (R$ 20k),20000.0,0,0.8,0.0,107.0,107.0,0.0,29.11,7.62,21.49,0.0,0,0,0.0,0.0,-0.5963420812596182
210140,2101400,Balsas (MA),21,0.337,27441.0,0.698,440.71,Faixa 2 (R$ 15k),15000.0,0,0.7,0.0,1146.0,1146.0,0.0,41.76,24.38,17.38,0.0,0,0,0.0,0.0,-0.5957452977896128
210160,2101608,Barra do Corda (MA),21,0.502,18873.0,0.646,322.74,Faixa 1 (R$ 20k),20000.0,1,0.94,1800.0,301.0,2101.0,0.8567,111.32,50.23,61.09,1.0,9600,1560,132600.0,94.08,0.6640982583834297
210170,2101707,Barreirinhas (MA),21,0.477,8945.0,0.672,271.1,Faixa 1 (R$ 20k),20000.0,2,0.94,3360.0,0.0,3360.0,1.0,375.63,214.65,160.98,1.0,20130,3081,261885.0,215.04,0.7478767187922826
210150,2101509,Barão de Grajaú (MA),21,0.361,3925.0,0.672,349.36,Faixa 2 (R$ 15k),15000.0,0,0.7,0.0,269.0,269.0,0.0,68.54,35.92,32.61,0.0,0,0,0.0,0.0,-0.5951024933084937
210177,2101772,Bela Vista do Maranhão (MA),21,0.7,1871.0,0.556,193.11,Faixa 1 (R$ 20k),20000.0,0,0.8,0.0,296.0,296.0,0.0,158.2,25.12,133.08,0.0,0,0,0.0,0.0,-0.5942313983347682
210173,2101731,Belágua (MA),21,0.572,1322.0,0.568,125.76,Faixa 1 (R$ 20k),20000.0,0,0.8,0.0,23.0,23.0,0.0,17.4,3.78,13.62,0.0,0,0,0.0,0.0,-0.5965919283166722
210190,2101905,Bequimão (MA),21,0.644,6138.0,0.591,168.67,Faixa 1 (R$ 20k),20000.0,0,0.8,0.0,100.0,100.0,0.0,16.29,1.14,15.15,0.0,0,0,0.0,0.0,-0.5966746025976066
210193,2101939,Bernardo do Mearim (MA),21,0.355,781.0,0.667,289.56,Faixa 2 (R$ 15k),15000.0,0,0.7,0.0,77.0,77.0,0.0,98.59,71.7,26.89,0.0,0,0,0.0,0.0,-0.5937893075686841
210197,2101970,Boa Vista do Gurupi (MA),21,0.553,2379.0,0.593,201.04,Faixa 1 (R$ 20k),20000.0,0,0.8,0.0,183.0,183.0,0.0,76.92,19.34,57.59,0.0,0,0,0.0,0.0,-0.5954245178398866
210200,2102002,Bom Jardim (MA),21,0.534,6368.0,0.595,231.81,Faixa 1 (R$ 20k),20000.0,0,0.8,0.0,1146.0,1146.0,0.0,179.96,53.55,126.41,0.0,0,0,0.0,0.0,-0.5932152000063754
210207,2102077,Bom Lugar (MA),21,0.608,1569.0,0.604,175.7,Faixa 1 (R$ 20k),20000.0,0,0.8,0.0,73.0,73.0,0.0,46.53,8.29,38.24,0.0,0,0,0.0,0.0,-0.5961010982734501
210210,2102101,Brejo (MA),21,0.558,5100.0,0.64,254.7,Faixa 1 (R$ 20k),20000.0,0,0.8,0.0,1012.0,1012.0,0.0,198.43,47.45,150.98,0.0,0,0,0.0,0.0,-0.5931362080582641
210215,2102150,Brejo de Areia (MA),21,0.614,1047.0,0.579,204.48,Faixa 1 (R$ 20k),20000.0,0,0.8,0.0,170.0,170.0,0.0,162.37,8.6,153.77,0.0,0,0,0.0,0.0,-0.5946060459595917
210220,2102200,Buriti (MA),21,0.558,3626.0,0.645,242.9,Faixa 1 (R$ 20k),20000.0,0,0.8,0.0,784.0,784.0,0.0,216.22,38.33,177.88,0.0,0,0,0.0,0.0,-0.5931442872661169
210230,2102309,Buriti Bravo (MA),21,0.578,7024.0,0.633,238.47,Faixa 1 (R$ 20k),20000.0,1,0.94,2640.0,0.0,2640.0,1.0,375.85,307.52,68.34,0.0,11880,1716,145860.0,241.92,-0.052896703985945724
210232,2102325,Buriticupu (MA),21,0.577,14397.0,0.607,255.0,Faixa 1 (R$ 20k),20000.0,0,0.8,0.0,815.0,815.0,0.0,56.61,19.52,37.09,0.0,0,0,0.0,0.0,-0.5956806359319599
210235,2102358,Buritirana (MA),21,0.559,1619.0,0.631,248.02,Faixa 1 (R$ 20k),20000.0,0,0.8,0.0,684.0,684.0,0.0,422.48,363.8,58.68,0.0,0,0,0.0,0.0,-0.5820607324487168
210237,2102374,Cachoeira Grande (MA),21,0.609,1433.0,0.612,135.14,Faixa 1 (R$ 20k),20000.0,0,0.8,0.0,244.0,244.0,0.0,170.27,13.26,157.01,0.0,0,0,0.0,0.0,-0.5943838538496271
210250,2102507,Cajari (MA),21,0.471,1757.0,0.656,247.75,Faixa 1 (R$ 20k),20000.0,0,0.8,0.0,300.0,300.0,0.0,170.75,51.79,118.95,0.0,0,0,0.0,0.0,-0.5933791116767047
210255,2102556,Campestre do Maranhão (MA),21,0.413,3970.0,0.664,329.7,Faixa 1 (R$ 20k),20000.0,0,0.8,0.0,438.0,438.0,0.0,110.33,57.43,52.9,0.0,0,0,0.0,0.0,-0.594008463338483
210270,2102705,Cantanhede (MA),21,0.674,5674.0,0.609,206.71,Faixa 1 (R$ 20k),20000.0,0,0.8,0.0,410.0,410.0,0.0,72.26,17.8,54.46,0.0,0,0,0.0,0.0,-0.595524319850751
210280,2102804,Carolina (MA),21,0.329,5629.0,0.675,360.94,Faixa 2 (R$ 15k),15000.0,0,0.7,0.0,1977.0,1977.0,0.0,351.22,199.15,152.07,0.0,0,0,0.0,0.0,-0.5872430008671274
210290,2102903,Carutapera (MA),21,0.597,6463.0,0.617,236.57,Faixa 1 (R$ 20k),20000.0,1,0.94,1560.0,0.0,1560.0,1.0,241.37,167.11,74.27,1.0,10530,1521,129285.0,120.96,0.7449211388889363
210300,2103000,Caxias (MA),21,0.436,49522.0,0.668,330.63,Faixa 1 (R$ 20k),20000.0,15,0.94,30480.0,0.0,30480.0,1.0,615.48,334.4,281.09,1.0,157200,23634,2008890.0,1854.72,0.7540594643931757
210317,2103174,Centro Novo do Maranhão (MA),21,0.647,1942.0,0.598,196.46,Faixa 1 (R$ 20k),20000.0,0,0.8,0.0,173.0,173.0,0.0,89.08,23.69,65.4,0.0,0,0,0.0,0.0,-0.5951556756680008
210315,2103158,Centro do Guilherme (MA),21,0.528,2557.0,0.627,255.22,Faixa 1 (R$ 20k),20000.0,0,0.8,0.0,387.0,387.0,0.0,151.35,18.77,132.58,0.0,0,0,0.0,0.0,-0.5944839144097827
210320,2103208,Chapadinha (MA),21,0.549,19942.0,0.651,277.92,Faixa 1 (R$ 20k),20000.0,0,0.8,0.0,1867.0,1867.0,0.0,93.62,12.34,81.29,0.0,0,0,0.0,0.0,-0.5953915739111478
210325,2103257,Cidelândia (MA),21,0.466,2226.0,0.652,292.59,Faixa 1 (R$ 20k),20000.0,0,0.8,0.0,558.0,558.0,0.0,250.67,220.58,30.1,0.0,0,0,0.0,0.0,-0.5879782377013111
210330,2103307,Codó (MA),21,0.49,36041.0,0.627,281.21,Faixa 1 (R$ 20k),20000.0,1,0.94,1560.0,225.0,1785.0,0.8739,49.53,29.97,33.18,1.0,10530,1521,129285.0,120.96,0.6720090304132997
210340,2103406,Coelho Neto (MA),21,0.715,16002.0,0.589,242.73,Faixa 1 (R$ 20k),20000.0,1,0.94,2640.0,0.0,2640.0,1.0,164.98,134.98,32.75,0.0,11880,1716,145860.0,241.92,-0.060057098292321545
210350,2103505,Colinas (MA),21,0.629,10340.0,0.668,320.21,Faixa 1 (R$ 20k),20000.0,0,0.8,0.0,445.0,445.0,0.0,43.04,20.21,22.82,0.0,0,0,0.0,0.0,-0.595837015296015
210355,2103554,Conceição do Lago-Açu (MA),21,0.595,2594.0,0.567,199.03,Faixa 1 (R$ 20k),20000.0,0,0.8,0.0,141.0,141.0,0.0,54.36,4.24,50.12,0.0,0,0,0.0,0.0,-0.5961055567500904
210360,2103604,Coroatá (MA),21,0.57,16717.0,0.618,244.03,Faixa 1 (R$ 20k),20000.0,2,0.94,5280.0,0.0,5280.0,1.0,315.85,193.81,122.03,1.0,23520,3627,308295.0,362.88,0.7465691199256224
210370,2103703,Cururupu (MA),21,0.671,9805.0,0.659,298.35,Faixa 1 (R$ 20k),20000.0,0,0.8,0.0,94.0,94.0,0.0,9.59,2.55,7.04,0.0,0,0,0.0,0.0,-0.5967240639196218
210260,2102606,Cândido Mendes (MA),21,0.609,4280.0,0.612,231.89,Faixa 1 (R$ 20k),20000.0,0,0.8,0.0,227.0,227.0,0.0,53.04,30.37,22.66,0.0,0,0,0.0,0.0,-0.5954453129255401
210375,2103752,Davinópolis (MA),21,0.487,4111.0,0.629,253.52,Faixa 1 (R$ 20k),20000.0,0,0.8,0.0,762.0,762.0,0.0,185.36,136.71,48.65,0.0,0,0,0.0,0.0,-0.5909904808125589
210380,2103802,Dom Pedro (MA),21,0.409,5762.0,0.645,310.49,Faixa 1 (R$ 20k),20000.0,0,0.8,0.0,382.0,382.0,0.0,66.3,26.55,39.74,0.0,0,0,0.0,0.0,-0.5953741061518112
210400,2104008,Esperantinópolis (MA),21,0.52,3784.0,0.639,352.41,Faixa 1 (R$ 20k),20000.0,0,0.8,0.0,517.0,517.0,0.0,136.63,22.2,114.43,0.0,0,0,0.0,0.0,-0.594583971243195
210405,2104057,Estreito (MA),21,0.323,8456.0,0.668,494.26,Faixa 2 (R$ 15k),15000.0,0,0.7,0.0,1299.0,1299.0,0.0,153.62,107.85,45.77,0.0,0,0,0.0,0.0,-0.5921459356764824
210407,2104073,Feira Nova do Maranhão (MA),21,0.439,708.0,0.644,280.32,Faixa 1 (R$ 20k),20000.0,0,0.8,0.0,373.0,373.0,0.0,526.84,483.05,43.79,0.0,0,0,0.0,0.0,-0.57763027487555
210408,2104081,Fernando Falcão (MA),21,0.708,2284.0,0.5,108.9,Faixa 1 (R$ 20k),20000.0,0,0.8,0.0,60.0,60.0,0.0,26.27,22.77,3.5,0.0,0,0,0.0,0.0,-0.5959858693007091
210409,2104099,Formosa da Serra Negra (MA),21,0.529,2032.0,0.625,222.44,Faixa 1 (R$ 20k),20000.0,0,0.8,0.0,368.0,368.0,0.0,181.1,164.86,16.24,0.0,0,0,0.0,0.0,-0.5903155538444587
210410,2104107,Fortaleza dos Nogueiras (MA),21,0.394,2749.0,0.67,331.76,Faixa 2 (R$ 15k),15000.0,0,0.7,0.0,404.0,404.0,0.0,146.96,138.6,8.37,0.0,0,0,0.0,0.0,-0.5914343608259189
210420,2104206,Fortuna (MA),21,0.515,3708.0,0.647,279.17,Faixa 1 (R$ 20k),20000.0,0,0.8,0.0,559.0,559.0,0.0,150.76,52.05,98.71,0.0,0,0,0.0,0.0,-0.5936289132945406
210430,2104305,Godofredo Viana (MA),21,0.62,2624.0,0.655,243.69,Faixa 1 (R$ 20k),20000.0,0,0.8,0.0,39.0,39.0,0.0,14.86,8.0,6.86,0.0,0,0,0.0,0.0,-0.5965151568677152
210440,2104404,Gonçalves Dias (MA),21,0.447,2918.0,0.62,285.9,Faixa 1 (R$ 20k),20000.0,0,0.8,0.0,131.0,131.0,0.0,44.89,18.51,26.39,0.0,0,0,0.0,0.0,-0.5958571937964179
210455,2104552,Governador Edison Lobão (MA),21,0.419,2516.0,0.661,303.67,Faixa 1 (R$ 20k),20000.0,0,0.8,0.0,771.0,771.0,0.0,306.44,270.67,35.77,0.0,0,0,0.0,0.0,-0.5859641272681063
210460,2104602,Governador Eugênio Barros (MA),21,0.458,1965.0,0.652,292.92,Faixa 1 (R$ 20k),20000.0,0,0.8,0.0,184.0,184.0,0.0,93.64,15.78,77.86,0.0,0,0,0.0,0.0,-0.5953022243914736
210462,2104628,Governador Luiz Rocha (MA),21,0.588,2192.0,0.612,219.98,Faixa 1 (R$ 20k),20000.0,0,0.8,0.0,72.0,72.0,0.0,32.85,6.39,26.46,0.0,0,0,0.0,0.0,-0.5963259515633149
210465,2104651,Governador Newton Bello (MA),21,0.569,1797.0,0.598,228.18,Faixa 1 (R$ 20k),20000.0,0,0.8,0.0,125.0,125.0,0.0,69.56,5.01,64.55,0.0,0,0,0.0,0.0,-0.5958904796382368
210467,2104677,Governador Nunes Freire (MA),21,0.489,6463.0,0.633,290.19,Faixa 1 (R$ 20k),20000.0,0,0.8,0.0,271.0,271.0,0.0,41.93,10.83,31.1,0.0,0,0,0.0,0.0,-0.5960943141201989
210480,2104800,Grajaú (MA),21,0.453,12625.0,0.658,369.89,Faixa 1 (R$ 20k),20000.0,3,0.94,5400.0,0.0,5400.0,1.0,427.72,199.6,228.12,1.0,28800,4680,397800.0,282.24,0.748155312210361
210470,2104701,Graça Aranha (MA),21,0.504,1122.0,0.605,237.21,Faixa 1 (R$ 20k),20000.0,0,0.8,0.0,250.0,250.0,0.0,222.82,171.12,51.69,0.0,0,0,0.0,0.0,-0.5896178180520328
210490,2104909,Guimarães (MA),21,0.517,2908.0,0.683,261.14,Faixa 1 (R$ 20k),20000.0,0,0.8,0.0,29.0,29.0,0.0,9.97,1.03,8.94,0.0,0,0,0.0,0.0,-0.5967585823741336
210500,2105005,Humberto de Campos (MA),21,0.625,4317.0,0.616,187.55,Faixa 1 (R$ 20k),20000.0,0,0.8,0.0,132.0,132.0,0.0,30.58,4.17,26.41,0.0,0,0,0.0,0.0,-0.5964126306979203
210520,2105203,Igarapé Grande (MA),21,0.408,2544.0,0.67,324.56,Faixa 1 (R$ 20k),20000.0,0,0.8,0.0,88.0,88.0,0.0,34.59,9.83,24.76,0.0,0,0,0.0,0.0,-0.5962144551121125
210515,2105153,Igarapé do Meio (MA),21,0.584,2517.0,0.645,277.15,Faixa 1 (R$ 20k),20000.0,0,0.8,0.0,272.0,272.0,0.0,108.07,17.88,90.19,0.0,0,0,0.0,0.0,-0.5950625597417425
210530,2105302,Imperatriz (MA),21,0.264,80910.0,0.736,511.43,Faixa 3 (R$ 10k),10000.0,6,0.48,11640.0,8556.0,20196.0,0.5764,249.61,192.11,68.22,1.0,59280,8814,749190.0,685.44,0.5207219581793636
210535,2105351,Itaipava do Grajaú (MA),21,0.719,1612.0,0.565,170.98,Faixa 1 (R$ 20k),20000.0,0,0.8,0.0,524.0,524.0,0.0,325.06,236.97,88.09,0.0,0,0,0.0,0.0,-0.5865985663350116
210540,2105401,Itapecuru Mirim (MA),21,0.467,14654.0,0.664,269.81,Faixa 1 (R$ 20k),20000.0,1,0.94,2640.0,0.0,2640.0,1.0,180.16,147.4,95.88,0.0,11880,1716,145860.0,241.92,-0.05913224227351206
210542,2105427,Itinga do Maranhão (MA),21,0.412,6317.0,0.659,330.46,Faixa 1 (R$ 20k),20000.0,0,0.8,0.0,879.0,879.0,0.0,139.15,89.76,49.39,0.0,0,0,0.0,0.0,-0.5928005540545008
210545,2105450,Jatobá (MA),21,0.547,1446.0,0.653,263.4,Faixa 1 (R$ 20k),20000.0,0,0.8,0.0,335.0,335.0,0.0,231.67,168.05,63.62,0.0,0,0,0.0,0.0,-0.5895837150320012
210547,2105476,Jenipapo dos Vieiras (MA),21,0.484,940.0,0.657,293.85,Faixa 1 (R$ 20k),20000.0,0,0.8,0.0,472.0,472.0,0.0,502.13,369.15,132.98,0.0,0,0,0.0,0.0,-0.5808996144147832
210560,2105609,Joselândia (MA),21,0.57,2344.0,0.659,309.11,Faixa 1 (R$ 20k),20000.0,0,0.8,0.0,306.0,306.0,0.0,130.55,12.37,118.17,0.0,0,0,0.0,0.0,-0.5949168676905996
210550,2105500,João Lisboa (MA),21,0.444,5819.0,0.655,289.36,Faixa 1 (R$ 20k),20000.0,0,0.8,0.0,1155.0,1155.0,0.0,198.49,175.63,22.86,0.0,0,0,0.0,0.0,-0.5898131769398599
210590,2105906,Lago Verde (MA),21,0.592,2009.0,0.654,250.11,Faixa 1 (R$ 20k),20000.0,0,0.8,0.0,249.0,249.0,0.0,123.94,8.96,114.98,0.0,0,0,0.0,0.0,-0.5950900343087391
210570,2105708,Lago da Pedra (MA),21,0.51,11552.0,0.632,299.88,Faixa 1 (R$ 20k),20000.0,0,0.8,0.0,485.0,485.0,0.0,41.98,9.95,32.03,0.0,0,0,0.0,0.0,-0.5961164807484165
210580,2105807,Lago do Junco (MA),21,0.44,1582.0,0.682,333.0,Faixa 1 (R$ 20k),20000.0,0,0.8,0.0,260.0,260.0,0.0,164.35,39.19,125.16,0.0,0,0,0.0,0.0,-0.5937877755544401
210594,2105948,Lago dos Rodrigues (MA),21,0.404,1895.0,0.642,294.75,Faixa 1 (R$ 20k),20000.0,0,0.8,0.0,38.0,38.0,0.0,20.05,0.53,19.53,0.0,0,0,0.0,0.0,-0.5966420789645351
210596,2105963,Lagoa Grande do Maranhão (MA),21,0.69,2180.0,0.541,177.48,Faixa 1 (R$ 20k),20000.0,0,0.8,0.0,159.0,159.0,0.0,72.94,31.65,41.28,0.0,0,0,0.0,0.0,-0.5951566842034589
210592,2105922,Lagoa do Mato (MA),21,0.512,1690.0,0.64,254.37,Faixa 1 (R$ 20k),20000.0,0,0.8,0.0,218.0,218.0,0.0,128.99,5.92,123.08,0.0,0,0,0.0,0.0,-0.5951039336525481
210598,2105989,Lajeado Novo (MA),21,0.337,1140.0,0.642,322.28,Faixa 2 (R$ 15k),15000.0,0,0.7,0.0,287.0,287.0,0.0,251.75,236.84,14.91,0.0,0,0,0.0,0.0,-0.5875430032215079
210600,2106003,Lima Campos (MA),21,0.43,2307.0,0.663,342.96,Faixa 1 (R$ 20k),20000.0,0,0.8,0.0,253.0,253.0,0.0,109.67,23.84,85.83,0.0,0,0,0.0,0.0,-0.5948875452834821
210610,2106102,Loreto (MA),21,0.415,2623.0,0.635,238.63,Faixa 1 (R$ 20k),20000.0,0,0.8,0.0,493.0,493.0,0.0,187.95,162.03,25.92,0.0,0,0,0.0,0.0,-0.5903009715746019
210620,2106201,Luís Domingues (MA),21,0.586,2175.0,0.627,225.73,Faixa 1 (R$ 20k),20000.0,0,0.8,0.0,90.0,90.0,0.0,41.38,17.93,23.45,0.0,0,0,0.0,0.0,-0.5959173514949168
210630,2106300,Magalhães de Almeida (MA),21,0.479,3176.0,0.631,212.29,Faixa 1 (R$ 20k),20000.0,0,0.8,0.0,356.0,356.0,0.0,112.09,11.96,100.13,0.0,0,0,0.0,0.0,-0.5951643945092492
210632,2106326,Maracaçumé (MA),21,0.614,6551.0,0.602,233.85,Faixa 1 (R$ 20k),20000.0,0,0.8,0.0,191.0,191.0,0.0,29.16,7.48,21.68,0.0,0,0,0.0,0.0,-0.5963450680386181
210635,2106359,Marajá do Sena (MA),21,0.441,455.0,0.633,250.78,Faixa 1 (R$ 20k),20000.0,0,0.8,0.0,143.0,143.0,0.0,314.29,10.99,303.3,0.0,0,0,0.0,0.0,-0.5925939301643464
210637,2106375,Maranhãozinho (MA),21,0.526,3527.0,0.604,192.72,Faixa 1 (R$ 20k),20000.0,0,0.8,0.0,411.0,411.0,0.0,116.53,47.07,69.46,0.0,0,0,0.0,0.0,-0.5941973929283624
210663,2106631,Matões do Norte (MA),21,0.542,1890.0,0.59,204.79,Faixa 1 (R$ 20k),20000.0,1,0.94,2280.0,0.0,2280.0,1.0,1206.35,888.89,317.46,1.0,10800,1560,132600.0,188.16,0.7760159584434116
210667,2106672,Milagres do Maranhão (MA),21,0.483,676.0,0.611,189.71,Faixa 1 (R$ 20k),20000.0,0,0.8,0.0,21121.0,21121.0,0.0,31244.08,13.31,31230.77,0.0,0,0,0.0,0.0,-0.19549357621917715
210670,2106706,Mirador (MA),21,0.567,3452.0,0.63,228.46,Faixa 1 (R$ 20k),20000.0,0,0.8,0.0,99.0,99.0,0.0,28.68,3.77,24.91,0.0,0,0,0.0,0.0,-0.5964473881466315
210675,2106755,Miranda do Norte (MA),21,0.509,7103.0,0.637,256.52,Faixa 1 (R$ 20k),20000.0,2,0.94,4200.0,0.0,4200.0,1.0,591.3,422.36,168.94,1.0,22680,2964,251940.0,336.0,0.7560288126148771
210700,2107001,Montes Altos (MA),21,0.511,1729.0,0.644,246.22,Faixa 1 (R$ 20k),20000.0,0,0.8,0.0,547.0,547.0,0.0,316.37,272.99,43.38,0.0,0,0,0.0,0.0,-0.5857765262020479
210690,2106904,Monção (MA),21,0.58,4783.0,0.661,247.52,Faixa 1 (R$ 20k),20000.0,0,0.8,0.0,581.0,581.0,0.0,121.47,26.13,95.34,0.0,0,0,0.0,0.0,-0.5946767169209041
210710,2107100,Morros (MA),21,0.482,2803.0,0.686,254.2,Faixa 1 (R$ 20k),20000.0,0,0.8,0.0,48.0,48.0,0.0,17.12,3.92,13.2,0.0,0,0,0.0,0.0,-0.5965918940068349
210720,2107209,Nina Rodrigues (MA),21,0.594,1673.0,0.695,284.2,Faixa 1 (R$ 20k),20000.0,0,0.8,0.0,50.0,50.0,0.0,29.89,1.79,28.09,0.0,0,0,0.0,0.0,-0.5964832422444071
210725,2107258,Nova Colinas (MA),21,0.475,772.0,0.632,198.92,Faixa 1 (R$ 20k),20000.0,0,0.8,0.0,316.0,316.0,0.0,409.33,402.85,6.48,0.0,0,0,0.0,0.0,-0.5812174108369316
210735,2107357,Nova Olinda do Maranhão (MA),21,0.517,4763.0,0.611,223.58,Faixa 1 (R$ 20k),20000.0,0,0.8,0.0,140.0,140.0,0.0,29.39,5.04,24.35,0.0,0,0,0.0,0.0,-0.596405357234443
210740,2107407,Olho D'Água das Cunhãs (MA),21,0.511,3391.0,0.629,288.39,Faixa 1 (R$ 20k),20000.0,1,0.94,2640.0,0.0,2640.0,1.0,778.53,636.98,141.55,0.0,11880,1716,145860.0,241.92,-0.0391884600240356
210760,2107605,Palmeirândia (MA),21,0.449,1446.0,0.678,235.77,Faixa 1 (R$ 20k),20000.0,0,0.8,0.0,247.0,247.0,0.0,170.82,17.29,153.53,0.0,0,0,0.0,0.0,-0.5942723411751917
210770,2107704,Paraibano (MA),21,0.434,5927.0,0.616,255.3,Faixa 1 (R$ 20k),20000.0,0,0.8,0.0,327.0,327.0,0.0,55.17,27.67,27.5,0.0,0,0,0.0,0.0,-0.5954878834277377
210780,2107803,Parnarama (MA),21,0.475,5533.0,0.615,239.95,Faixa 1 (R$ 20k),20000.0,0,0.8,0.0,287.0,287.0,0.0,51.87,4.7,47.17,0.0,0,0,0.0,0.0,-0.596125597829008
210790,2107902,Passagem Franca (MA),21,0.58,4056.0,0.597,254.99,Faixa 1 (R$ 20k),20000.0,0,0.8,0.0,187.0,187.0,0.0,46.1,2.71,43.39,0.0,0,0,0.0,0.0,-0.5962512445376882
210800,2108009,Pastos Bons (MA),21,0.543,4307.0,0.649,221.26,Faixa 1 (R$ 20k),20000.0,0,0.8,0.0,180.0,180.0,0.0,41.79,29.49,12.31,0.0,0,0,0.0,0.0,-0.5956124004535569
210805,2108058,Paulino Neves (MA),21,0.418,1713.0,0.654,278.25,Faixa 1 (R$ 20k),20000.0,0,0.8,0.0,122.0,122.0,0.0,71.22,12.84,58.38,0.0,0,0,0.0,0.0,-0.5956662269732826
210810,2108108,Paulo Ramos (MA),21,0.535,4320.0,0.62,289.65,Faixa 1 (R$ 20k),20000.0,0,0.8,0.0,366.0,366.0,0.0,84.72,3.7,81.02,0.0,0,0,0.0,0.0,-0.5957298269268115
210820,2108207,Pedreiras (MA),21,0.373,12234.0,0.702,434.92,Faixa 2 (R$ 15k),15000.0,2,0.88,4920.0,0.0,4920.0,1.0,402.16,313.88,88.28,1.0,22680,3276,278460.0,430.08,0.7507891937969879
210830,2108306,Penalva (MA),21,0.478,7159.0,0.641,252.67,Faixa 1 (R$ 20k),20000.0,0,0.8,0.0,647.0,647.0,0.0,90.38,11.45,78.92,0.0,0,0,0.0,0.0,-0.5954563680662067
210840,2108405,Peri Mirim (MA),21,0.625,4425.0,0.604,166.8,Faixa 1 (R$ 20k),20000.0,0,0.8,0.0,24.0,24.0,0.0,5.42,0.0,5.42,0.0,0,0,0.0,0.0,-0.5968436861928771
210845,2108454,Peritoró (MA),21,0.607,3238.0,0.608,206.42,Faixa 1 (R$ 20k),20000.0,1,0.94,2640.0,0.0,2640.0,1.0,815.32,667.08,148.24,0.0,11880,1716,145860.0,241.92,-0.03793603999996213
210850,2108504,Pindaré-Mirim (MA),21,0.507,9176.0,0.651,273.26,Faixa 1 (R$ 20k),20000.0,0,0.8,0.0,496.0,496.0,0.0,54.05,6.21,47.84,0.0,0,0,0.0,0.0,-0.5960584762961856
210860,2108603,Pinheiro (MA),21,0.349,18091.0,0.707,352.46,Faixa 2 (R$ 15k),15000.0,4,0.88,9600.0,0.0,9600.0,1.0,530.65,291.86,238.79,1.0,42480,6903,586755.0,591.36,0.7518678670052937
210870,2108702,Pio Xii (MA),21,0.485,4491.0,0.598,238.33,Faixa 1 (R$ 20k),20000.0,0,0.8,0.0,421.0,421.0,0.0,93.74,40.3,53.44,0.0,0,0,0.0,0.0,-0.5946654138135348
210880,2108801,Pirapemas (MA),21,0.631,4831.0,0.634,207.78,Faixa 1 (R$ 20k),20000.0,0,0.8,0.0,743.0,743.0,0.0,153.8,23.6,130.2,0.0,0,0,0.0,0.0,-0.5943272768005727
210900,2109007,Porto Franco (MA),21,0.331,5840.0,0.724,522.34,Faixa 2 (R$ 15k),15000.0,0,0.7,0.0,557.0,557.0,0.0,95.38,65.75,29.62,0.0,0,0,0.0,0.0,-0.5939847977208521
210905,2109056,Porto Rico do Maranhão (MA),21,0.432,967.0,0.64,215.6,Faixa 1 (R$ 20k),20000.0,0,0.8,0.0,12.0,12.0,0.0,12.41,7.24,5.17,0.0,0,0,0.0,0.0,-0.5965663053062288
210890,2108900,Poção de Pedras (MA),21,0.426,3146.0,0.63,303.28,Faixa 1 (R$ 20k),20000.0,1,0.94,1800.0,0.0,1800.0,1.0,572.16,267.01,305.15,1.0,9600,1560,132600.0,94.08,0.7517566434333357
210910,2109106,Presidente Dutra (MA),21,0.39,11034.0,0.667,386.38,Faixa 2 (R$ 15k),15000.0,4,0.88,9120.0,0.0,9120.0,1.0,826.54,641.65,184.88,1.0,45090,6513,553605.0,792.96,0.7647321941773606
210923,2109239,Presidente Médici (MA),21,0.337,1578.0,0.654,249.47,Faixa 2 (R$ 15k),15000.0,0,0.7,0.0,120.0,120.0,0.0,76.05,25.35,50.7,0.0,0,0,0.0,0.0,-0.595279981994231
210927,2109270,Presidente Sarney (MA),21,0.619,1891.0,0.644,207.76,Faixa 1 (R$ 20k),20000.0,0,0.8,0.0,227.0,227.0,0.0,120.04,11.63,108.41,0.0,0,0,0.0,0.0,-0.595070894946805
210940,2109403,Primeira Cruz (MA),21,0.52,1648.0,0.625,158.93,Faixa 1 (R$ 20k),20000.0,0,0.8,0.0,45.0,45.0,0.0,27.31,4.85,22.45,0.0,0,0,0.0,0.0,-0.5964370499779321
210950,2109502,Riachão (MA),21,0.371,3981.0,0.676,342.05,Faixa 2 (R$ 15k),15000.0,0,0.7,0.0,439.0,439.0,0.0,110.27,87.42,22.86,0.0,0,0,0.0,0.0,-0.5932318636832958
210955,2109551,Ribamar Fiquene (MA),21,0.437,1372.0,0.648,306.96,Faixa 1 (R$ 20k),20000.0,0,0.8,0.0,281.0,281.0,0.0,204.81,132.65,72.16,0.0,0,0,0.0,0.0,-0.5908460345995264
210960,2109601,Rosário (MA),21,0.469,9513.0,0.692,317.94,Faixa 1 (R$ 20k),20000.0,1,0.94,2640.0,0.0,2640.0,1.0,277.51,227.06,50.46,0.0,11880,1716,145860.0,241.92,-0.05624449692697645
210975,2109759,Santa Filomena do Maranhão (MA),21,0.568,668.0,0.619,217.3,Faixa 1 (R$ 20k),20000.0,0,0.8,0.0,223.0,223.0,0.0,333.83,261.98,71.86,0.0,0,0,0.0,0.0,-0.5858376927391161
210980,2109809,Santa Helena (MA),21,0.509,7238.0,0.646,249.86,Faixa 1 (R$ 20k),20000.0,0,0.8,0.0,389.0,389.0,0.0,53.74,10.78,42.97,0.0,0,0,0.0,0.0,-0.5959439395859473
210990,2109908,Santa Inês (MA),21,0.359,27882.0,0.674,348.21,Faixa 2 (R$ 15k),15000.0,6,0.88,12480.0,0.0,12480.0,1.0,447.6,253.93,193.67,1.0,64410,9750,828750.0,792.96,0.7498186720351688
211000,2110005,Santa Luzia (MA),21,0.449,10562.0,0.647,287.22,Faixa 1 (R$ 20k),20000.0,0,0.8,0.0,12354.0,12354.0,0.0,1169.66,27.74,1141.92,0.0,0,0,0.0,0.0,-0.5811795588696924
211003,2110039,Santa Luzia do Paruá (MA),21,0.441,4377.0,0.653,343.93,Faixa 1 (R$ 20k),20000.0,0,0.8,0.0,332.0,332.0,0.0,75.85,13.71,62.14,0.0,0,0,0.0,0.0,-0.5955842432031689
211010,2110104,Santa Quitéria do Maranhão (MA),21,0.609,5573.0,0.66,204.41,Faixa 1 (R$ 20k),20000.0,0,0.8,0.0,168.0,168.0,0.0,30.15,13.82,16.33,0.0,0,0,0.0,0.0,-0.5961680349302896
211020,2110203,Santa Rita (MA),21,0.447,5924.0,0.682,316.8,Faixa 1 (R$ 20k),20000.0,0,0.8,0.0,631.0,631.0,0.0,106.52,10.47,96.05,0.0,0,0,0.0,0.0,-0.5952745144958607
211023,2110237,Santana do Maranhão (MA),21,0.356,724.0,0.599,259.27,Faixa 2 (R$ 15k),15000.0,0,0.7,0.0,181.0,181.0,0.0,250.0,17.96,232.04,0.0,0,0,0.0,0.0,-0.5932385560347508
211027,2110278,Santo Amaro do Maranhão (MA),21,0.538,1313.0,0.667,241.94,Faixa 1 (R$ 20k),20000.0,0,0.8,0.0,50.0,50.0,0.0,38.08,12.19,25.89,0.0,0,0,0.0,0.0,-0.5961084864340007
211030,2110302,Santo Antônio dos Lopes (MA),21,0.35,2459.0,0.635,326.41,Faixa 2 (R$ 15k),15000.0,1,0.88,3000.0,0.0,3000.0,1.0,1220.01,634.4,585.6,1.0,12720,2067,175695.0,174.72,0.7695951880203369
211172,2111722,Satubinha (MA),21,0.651,1523.0,0.588,213.38,Faixa 1 (R$ 20k),20000.0,0,0.8,0.0,92.0,92.0,0.0,60.41,8.54,51.87,0.0,0,0,0.0,0.0,-0.5959164434991082
211174,2111748,Senador Alexandre Costa (MA),21,0.632,2537.0,0.598,227.35,Faixa 1 (R$ 20k),20000.0,0,0.8,0.0,226.0,226.0,0.0,89.08,22.86,66.22,0.0,0,0,0.0,0.0,-0.5951772557985036
211176,2111763,Senador La Rocque (MA),21,0.433,3277.0,0.655,294.6,Faixa 1 (R$ 20k),20000.0,0,0.8,0.0,983.0,983.0,0.0,299.97,252.06,47.91,0.0,0,0,0.0,0.0,-0.5865295287984382
211190,2111904,Sucupira do Norte (MA),21,0.512,1757.0,0.638,222.71,Faixa 1 (R$ 20k),20000.0,0,0.8,0.0,57.0,57.0,0.0,32.44,7.97,24.47,0.0,0,0,0.0,0.0,-0.5962902630905671
211040,2110401,São Benedito do Rio Preto (MA),21,0.673,4435.0,0.603,171.03,Faixa 1 (R$ 20k),20000.0,0,0.8,0.0,55.0,55.0,0.0,12.4,0.45,11.95,0.0,0,0,0.0,0.0,-0.5967424217503817
211050,2110500,São Bento (MA),21,0.507,9137.0,0.651,245.22,Faixa 1 (R$ 20k),20000.0,1,0.94,3000.0,0.0,3000.0,1.0,328.34,170.73,157.6,1.0,12720,2067,175695.0,174.72,0.7461312478921089
211060,2110609,São Bernardo (MA),21,0.46,5100.0,0.657,278.29,Faixa 1 (R$ 20k),20000.0,0,0.8,0.0,471.0,471.0,0.0,92.35,17.65,74.71,0.0,0,0,0.0,0.0,-0.5952702482981611
211065,2110658,São Domingos do Azeitão (MA),21,0.573,1724.0,0.564,173.81,Faixa 1 (R$ 20k),20000.0,0,0.8,0.0,139.0,139.0,0.0,80.63,75.99,4.64,0.0,0,0,0.0,0.0,-0.5939086656117851
211070,2110708,São Domingos do Maranhão (MA),21,0.44,6169.0,0.641,290.53,Faixa 1 (R$ 20k),20000.0,0,0.8,0.0,300.0,300.0,0.0,48.63,6.97,41.66,0.0,0,0,0.0,0.0,-0.596108353650323
211085,2110856,São Francisco do Brejão (MA),21,0.555,1904.0,0.621,270.59,Faixa 1 (R$ 20k),20000.0,0,0.8,0.0,225.0,225.0,0.0,118.17,83.51,34.66,0.0,0,0,0.0,0.0,-0.5932318625591633
211090,2110906,São Francisco do Maranhão (MA),21,0.359,1570.0,0.652,276.76,Faixa 2 (R$ 15k),15000.0,0,0.7,0.0,158.0,158.0,0.0,100.64,5.1,95.54,0.0,0,0,0.0,0.0,-0.5954891785122468
211080,2110807,São Félix de Balsas (MA),21,0.632,608.0,0.624,268.85,Faixa 1 (R$ 20k),20000.0,0,0.8,0.0,214.0,214.0,0.0,351.97,251.64,100.33,0.0,0,0,0.0,0.0,-0.5858728998916065
211125,2111250,São José dos Basílios (MA),21,0.632,1143.0,0.618,182.98,Faixa 1 (R$ 20k),20000.0,0,0.8,0.0,146.0,146.0,0.0,127.73,12.25,115.49,0.0,0,0,0.0,0.0,-0.5949560425818747
211100,2111003,São João Batista (MA),21,0.523,1918.0,0.702,310.45,Faixa 1 (R$ 20k),20000.0,0,0.8,0.0,90.0,90.0,0.0,46.92,11.47,35.45,0.0,0,0,0.0,0.0,-0.5960136703984912
211102,2111029,São João do Carú (MA),21,0.578,2446.0,0.57,187.92,Faixa 1 (R$ 20k),20000.0,0,0.8,0.0,156.0,156.0,0.0,63.78,8.18,55.6,0.0,0,0,0.0,0.0,-0.595882514144922
211105,2111052,São João do Paraíso (MA),21,0.424,1668.0,0.671,281.14,Faixa 1 (R$ 20k),20000.0,0,0.8,0.0,418.0,418.0,0.0,250.6,193.65,56.95,0.0,0,0,0.0,0.0,-0.5886771948750302
211107,2111078,São João do Soter (MA),21,0.636,2725.0,0.573,201.99,Faixa 1 (R$ 20k),20000.0,0,0.8,0.0,225.0,225.0,0.0,82.57,11.74,70.83,0.0,0,0,0.0,0.0,-0.5955490396251939
211110,2111102,São João dos Patos (MA),21,0.417,7606.0,0.659,330.96,Faixa 1 (R$ 20k),20000.0,0,0.8,0.0,297.0,297.0,0.0,39.05,17.88,21.17,0.0,0,0,0.0,0.0,-0.5959485572269742
211140,2111409,São Luís Gonzaga do Maranhão (MA),21,0.418,3231.0,0.669,281.03,Faixa 1 (R$ 20k),20000.0,0,0.8,0.0,348.0,348.0,0.0,107.71,58.5,49.21,0.0,0,0,0.0,0.0,-0.5940143627880718
211150,2111508,São Mateus do Maranhão (MA),21,0.606,11482.0,0.645,327.75,Faixa 1 (R$ 20k),20000.0,0,0.8,0.0,643.0,643.0,0.0,56.0,8.36,47.64,0.0,0,0,0.0,0.0,-0.5959777192548243
211153,2111532,São Pedro da Água Branca (MA),21,0.614,4159.0,0.627,278.38,Faixa 1 (R$ 20k),20000.0,0,0.8,0.0,502.0,502.0,0.0,120.7,95.7,25.01,0.0,0,0,0.0,0.0,-0.5928833686636678
211157,2111573,São Pedro dos Crentes (MA),21,0.354,908.0,0.678,285.64,Faixa 2 (R$ 15k),15000.0,0,0.7,0.0,191.0,191.0,0.0,210.35,178.41,31.94,0.0,0,0,0.0,0.0,-0.5895888781975073
211160,2111607,São Raimundo das Mangabeiras (MA),21,0.466,4541.0,0.652,307.25,Faixa 1 (R$ 20k),20000.0,0,0.8,0.0,326.0,326.0,0.0,71.79,59.9,11.89,0.0,0,0,0.0,0.0,-0.5944391752491143
211163,2111631,São Raimundo do Doca Bezerra (MA),21,0.339,718.0,0.616,231.85,Faixa 2 (R$ 15k),15000.0,0,0.7,0.0,41.0,41.0,0.0,57.1,9.75,47.35,0.0,0,0,0.0,0.0,-0.5959275717360628
211167,2111672,São Roberto (MA),21,0.454,1017.0,0.596,199.13,Faixa 1 (R$ 20k),20000.0,0,0.8,0.0,228.0,228.0,0.0,224.19,41.3,182.89,0.0,0,0,0.0,0.0,-0.5929649316102786
211180,2111805,Sítio Novo (MA),21,0.446,1744.0,0.66,307.78,Faixa 1 (R$ 20k),20000.0,0,0.8,0.0,460.0,460.0,0.0,263.76,218.46,45.3,0.0,0,0,0.0,0.0,-0.5878652189685489
211200,2112001,Tasso Fragoso (MA),21,0.355,1888.0,0.658,315.54,Faixa 2 (R$ 15k),15000.0,0,0.7,0.0,222.0,222.0,0.0,117.58,112.82,4.77,0.0,0,0,0.0,0.0,-0.5924796911461806
211210,2112100,Timbiras (MA),21,0.631,7564.0,0.587,182.08,Faixa 1 (R$ 20k),20000.0,1,0.94,2400.0,0.0,2400.0,1.0,317.29,190.38,126.92,1.0,10080,1638,139230.0,161.28,0.7464988389507919
211223,2112233,Trizidela do Vale (MA),21,0.493,6244.0,0.631,260.05,Faixa 1 (R$ 20k),20000.0,0,0.8,0.0,204.0,204.0,0.0,32.67,17.14,15.53,0.0,0,0,0.0,0.0,-0.596049636003398
211230,2112308,Tuntum (MA),21,0.439,6216.0,0.636,273.64,Faixa 1 (R$ 20k),20000.0,0,0.8,0.0,510.0,510.0,0.0,82.05,28.96,53.09,0.0,0,0,0.0,0.0,-0.595109394497831
211240,2112407,Turiaçu (MA),21,0.581,4531.0,0.639,254.2,Faixa 1 (R$ 20k),20000.0,0,0.8,0.0,352.0,352.0,0.0,77.69,24.06,53.63,0.0,0,0,0.0,0.0,-0.5952923647479743
211245,2112456,Turilândia (MA),21,0.609,3966.0,0.612,197.87,Faixa 1 (R$ 20k),20000.0,1,0.94,2640.0,0.0,2640.0,1.0,665.66,544.63,156.83,0.0,11880,1716,145860.0,241.92,-0.042788948541428354
211250,2112506,Tutóia (MA),21,0.53,7280.0,0.632,328.13,Faixa 1 (R$ 20k),20000.0,0,0.8,0.0,501.0,501.0,0.0,68.82,7.14,61.68,0.0,0,0,0.0,0.0,-0.5958447720235587
211260,2112605,Urbano Santos (MA),21,0.611,7101.0,0.635,229.17,Faixa 1 (R$ 20k),20000.0,0,0.8,0.0,129.0,129.0,0.0,18.17,2.53,15.63,0.0,0,0,0.0,0.0,-0.5966145099542581
211270,2112704,Vargem Grande (MA),21,0.687,11814.0,0.603,202.26,Faixa 1 (R$ 20k),20000.0,0,0.8,0.0,689.0,689.0,0.0,58.32,18.45,39.87,0.0,0,0,0.0,0.0,-0.5956864179907967
211280,2112803,Viana (MA),21,0.5,9971.0,0.68,322.14,Faixa 1 (R$ 20k),20000.0,0,0.8,0.0,803.0,803.0,0.0,80.53,15.85,64.69,0.0,0,0,0.0,0.0,-0.5954686332267602
211285,2112852,Vila Nova dos Martírios (MA),21,0.688,2352.0,0.591,225.87,Faixa 1 (R$ 20k),20000.0,0,0.8,0.0,204.0,204.0,0.0,86.73,61.22,25.51,0.0,0,0,0.0,0.0,-0.5942131804177595
211300,2113009,Vitorino Freire (MA),21,0.537,6328.0,0.612,292.2,Faixa 1 (R$ 20k),20000.0,0,0.8,0.0,730.0,730.0,0.0,115.36,49.3,66.06,0.0,0,0,0.0,0.0,-0.5941546132758202
211290,2112902,Vitória do Mearim (MA),21,0.505,4848.0,0.654,253.02,Faixa 1 (R$ 20k),20000.0,0,0.8,0.0,651.0,651.0,0.0,134.28,35.27,99.01,0.0,0,0,0.0,0.0,-0.5942753801688176
211400,2114007,Zé Doca (MA),21,0.443,12083.0,0.643,293.75,Faixa 1 (R$ 20k),20000.0,0,0.8,0.0,2814.0,2814.0,0.0,232.89,12.25,220.64,0.0,0,0,0.0,0.0,-0.593606189930361
210015,2100154,Água Doce do Maranhão (MA),21,0.565,1106.0,0.593,304.07,Faixa 1 (R$ 20k),20000.0,0,0.8,0.0,55.0,55.0,0.0,49.73,7.23,42.5,0.0,0,0,0.0,0.0,-0.596087494279691
211220,2112209,Timon (MA),21,0.383,56376.0,0.68,348.04,Faixa 2 (R$ 15k),15000.0,6,0.88,14760.0,0.0,14760.0,1.0,261.81,183.06,78.76,1.0,69960,10023,851955.0,1155.84,0.7455969270465183
210750,2107506,Paço do Lumiar (MA),21,0.451,29175.0,0.749,451.57,Faixa 1 (R$ 20k),20000.0,0,0.8,0.0,728.0,728.0,0.0,24.95,5.83,19.13,0.0,0,0,0.0,0.0,-0.5964418093442074
210945,2109452,Raposa (MA),21,0.634,6117.0,0.651,241.75,Faixa 1 (R$ 20k),20000.0,0,0.8,0.0,192.0,192.0,0.0,31.39,5.72,25.67,0.0,0,0,0.0,0.0,-0.5963620588632427
211120,2111201,São José de Ribamar (MA),21,0.488,15569.0,0.708,335.41,Faixa 1 (R$ 20k),20000.0,0,0.8,0.0,766.0,766.0,0.0,49.2,19.2,30.0,0.0,0,0,0.0,0.0,-0.5957840507751364
211130,2111300,São Luís (MA),21,0.385,347856.0,0.767,613.34,Faixa 2 (R$ 15k),15000.0,13,0.88,24240.0,0.0,24240.0,1.0,69.68,41.74,30.74,1.0,135060,19305,1640925.0,1626.24,0.739486615064646
250020,2500205,Aguiar (PB),25,0.318,759.0,0.648,381.6,Faixa 2 (R$ 15k),15000.0,0,0.7,0.0,46.0,46.0,0.0,60.61,30.3,30.3,0.0,0,0,0.0,0.0,-0.5953499524896839
250030,2500304,Alagoa Grande (PB),25,0.51,6184.0,0.596,281.03,Faixa 1 (R$ 20k),20000.0,0,0.8,0.0,143.0,143.0,0.0,23.12,5.5,17.63,0.0,0,0,0.0,0.0,-0.5964738539052862
250040,2500403,Alagoa Nova (PB),25,0.362,3501.0,0.635,346.7,Faixa 2 (R$ 15k),15000.0,0,0.7,0.0,312.0,312.0,0.0,89.12,36.56,52.56,0.0,0,0,0.0,0.0,-0.5948216559279299
250050,2500502,Alagoinha (PB),25,0.443,3400.0,0.601,309.14,Faixa 1 (R$ 20k),20000.0,0,0.8,0.0,1511.0,1511.0,0.0,444.41,325.59,118.82,0.0,0,0,0.0,0.0,-0.5827695750386918
250053,2500536,Alcantil (PB),25,0.434,606.0,0.643,275.57,Faixa 1 (R$ 20k),20000.0,0,0.8,0.0,192.0,192.0,0.0,316.83,155.12,161.72,0.0,0,0,0.0,0.0,-0.5888255926225716
250057,2500577,Algodão de Jandaíra (PB),25,0.439,362.0,0.605,230.8,Faixa 1 (R$ 20k),20000.0,0,0.8,0.0,3.0,3.0,0.0,8.29,8.29,0.0,0.0,0,0,0.0,0.0,-0.5965919783637901
250060,2500601,Alhandra (PB),25,0.496,3799.0,0.596,250.85,Faixa 1 (R$ 20k),20000.0,0,0.8,0.0,744.0,744.0,0.0,195.84,126.09,69.76,0.0,0,0,0.0,0.0,-0.591131140071389
250073,2500734,Amparo (PB),25,0.307,295.0,0.64,249.95,Faixa 2 (R$ 15k),15000.0,0,0.7,0.0,1576.0,1576.0,0.0,5342.37,3352.54,1989.83,0.0,0,0,0.0,0.0,-0.4414406773204709
250077,2500775,Aparecida (PB),25,0.382,1362.0,0.624,261.45,Faixa 2 (R$ 15k),15000.0,0,0.7,0.0,226.0,226.0,0.0,165.93,39.65,126.28,0.0,0,0,0.0,0.0,-0.593755570766002
250090,2500908,Arara (PB),25,0.42,3052.0,0.598,332.33,Faixa 1 (R$ 20k),20000.0,0,0.8,0.0,147.0,147.0,0.0,48.17,17.37,30.8,0.0,0,0,0.0,0.0,-0.5958447039509964
250100,2501005,Araruna (PB),25,0.44,3056.0,0.627,276.47,Faixa 1 (R$ 20k),20000.0,0,0.8,0.0,221.0,221.0,0.0,72.32,31.41,40.9,0.0,0,0,0.0,0.0,-0.5951708635250137
250080,2500809,Araçagi (PB),25,0.45,2080.0,0.623,287.91,Faixa 1 (R$ 20k),20000.0,0,0.8,0.0,290.0,290.0,0.0,139.42,94.71,44.71,0.0,0,0,0.0,0.0,-0.5926687904724043
250110,2501104,Areia (PB),25,0.384,5006.0,0.636,344.11,Faixa 2 (R$ 15k),15000.0,0,0.7,0.0,292.0,292.0,0.0,58.33,10.39,47.94,0.0,0,0,0.0,0.0,-0.5958951944667523
250115,2501153,Areia de Baraúnas (PB),25,0.384,321.0,0.594,201.89,Faixa 2 (R$ 15k),15000.0,0,0.7,0.0,12.0,12.0,0.0,37.38,15.58,21.81,0.0,0,0,0.0,0.0,-0.5960295401684036
250120,2501203,Areial (PB),25,0.406,1453.0,0.637,328.31,Faixa 1 (R$ 20k),20000.0,0,0.8,0.0,36.0,36.0,0.0,24.78,15.14,9.64,0.0,0,0,0.0,0.0,-0.5962027559628156
250130,2501302,Aroeiras (PB),25,0.517,3049.0,0.596,249.71,Faixa 1 (R$ 20k),20000.0,0,0.8,0.0,485.0,485.0,0.0,159.07,58.05,101.02,0.0,0,0,0.0,0.0,-0.5933667270090602
250150,2501500,Bananeiras (PB),25,0.484,2964.0,0.605,313.97,Faixa 1 (R$ 20k),20000.0,0,0.8,0.0,439.0,439.0,0.0,148.11,53.64,94.47,0.0,0,0,0.0,0.0,-0.5936217201169202
250153,2501534,Baraúna (PB),25,0.486,1028.0,0.599,208.42,Faixa 1 (R$ 20k),20000.0,0,0.8,0.0,42.0,42.0,0.0,40.86,19.46,21.4,0.0,0,0,0.0,0.0,-0.5958843710083958
250160,2501609,Barra de Santa Rosa (PB),25,0.389,2411.0,0.586,293.97,Faixa 2 (R$ 15k),15000.0,0,0.7,0.0,62.0,62.0,0.0,25.72,10.78,14.93,0.0,0,0,0.0,0.0,-0.5963037625447296
250157,2501575,Barra de Santana (PB),25,0.521,2233.0,0.555,218.83,Faixa 1 (R$ 20k),20000.0,0,0.8,0.0,91.0,91.0,0.0,40.75,19.7,21.05,0.0,0,0,0.0,0.0,-0.5958795625672266
250170,2501708,Barra de São Miguel (PB),25,0.394,1079.0,0.556,248.65,Faixa 2 (R$ 15k),15000.0,0,0.7,0.0,139.0,139.0,0.0,128.82,50.97,77.85,0.0,0,0,0.0,0.0,-0.59393854539138
250180,2501807,Bayeux (PB),25,0.424,31234.0,0.655,343.37,Faixa 1 (R$ 20k),20000.0,0,0.8,0.0,192.0,192.0,0.0,6.15,2.72,3.43,0.0,0,0,0.0,0.0,-0.5967638164072595
250140,2501401,Baía da Traição (PB),25,0.406,568.0,0.614,254.92,Faixa 1 (R$ 20k),20000.0,0,0.8,0.0,232.0,232.0,0.0,408.45,204.23,204.23,0.0,0,0,0.0,0.0,-0.5863766148486078
250190,2501906,Belém (PB),25,0.418,4697.0,0.614,278.23,Faixa 1 (R$ 20k),20000.0,0,0.8,0.0,255.0,255.0,0.0,54.29,30.66,23.63,0.0,0,0,0.0,0.0,-0.5954216828731654
250200,2502003,Belém do Brejo do Cruz (PB),25,0.348,1596.0,0.606,254.43,Faixa 2 (R$ 15k),15000.0,0,0.7,0.0,65.0,65.0,0.0,40.73,4.39,36.34,0.0,0,0,0.0,0.0,-0.5962766348327572
250205,2502052,Bernardino Batista (PB),25,0.477,1026.0,0.604,203.57,Faixa 1 (R$ 20k),20000.0,0,0.8,0.0,79.0,79.0,0.0,77.0,13.65,63.35,0.0,0,0,0.0,0.0,-0.5955710359802655
250210,2502102,Boa Ventura (PB),25,0.39,1068.0,0.641,307.44,Faixa 2 (R$ 15k),15000.0,0,0.7,0.0,62.0,62.0,0.0,58.05,12.17,45.88,0.0,0,0,0.0,0.0,-0.5958526534640546
250215,2502151,Boa Vista (PB),25,0.284,766.0,0.674,301.54,Faixa 3 (R$ 10k),10000.0,0,0.35,0.0,228.0,228.0,0.0,297.65,135.77,161.88,0.0,0,0,0.0,0.0,-0.5895733976123324
250220,2502201,Bom Jesus (PB),25,0.391,268.0,0.647,303.31,Faixa 2 (R$ 15k),15000.0,0,0.7,0.0,467.0,467.0,0.0,1742.54,149.25,1593.28,0.0,0,0,0.0,0.0,-0.5706762845447277
250230,2502300,Bom Sucesso (PB),25,0.408,662.0,0.594,306.75,Faixa 1 (R$ 20k),20000.0,0,0.8,0.0,194.0,194.0,0.0,293.05,55.89,237.16,0.0,0,0,0.0,0.0,-0.591702833962471
250240,2502409,Bonito de Santa Fé (PB),25,0.383,2579.0,0.565,252.97,Faixa 2 (R$ 15k),15000.0,0,0.7,0.0,298.0,298.0,0.0,115.55,37.22,78.32,0.0,0,0,0.0,0.0,-0.5944653399555948
250250,2502508,Boqueirão (PB),25,0.389,3279.0,0.632,330.42,Faixa 2 (R$ 15k),15000.0,0,0.7,0.0,243.0,243.0,0.0,74.11,51.85,22.26,0.0,0,0,0.0,0.0,-0.5946180394780679
250270,2502706,Borborema (PB),25,0.329,1234.0,0.624,269.4,Faixa 2 (R$ 15k),15000.0,0,0.7,0.0,99.0,99.0,0.0,80.23,31.6,48.62,0.0,0,0,0.0,0.0,-0.5950643997035847
250280,2502805,Brejo do Cruz (PB),25,0.373,2915.0,0.61,282.14,Faixa 2 (R$ 15k),15000.0,0,0.7,0.0,159.0,159.0,0.0,54.55,9.95,44.6,0.0,0,0,0.0,0.0,-0.5959551218902688
250290,2502904,Brejo dos Santos (PB),25,0.404,1165.0,0.638,274.43,Faixa 1 (R$ 20k),20000.0,0,0.8,0.0,195.0,195.0,0.0,167.38,18.88,148.5,0.0,0,0,0.0,0.0,-0.5942752890873038
250300,2503001,Caaporã (PB),25,0.402,6175.0,0.627,258.51,Faixa 1 (R$ 20k),20000.0,0,0.8,0.0,2571.0,2571.0,0.0,416.36,128.74,287.61,0.0,0,0,0.0,0.0,-0.5882318145842401
250310,2503100,Cabaceiras (PB),25,0.317,624.0,0.675,296.95,Faixa 2 (R$ 15k),15000.0,0,0.7,0.0,81.0,81.0,0.0,129.81,84.94,44.87,0.0,0,0,0.0,0.0,-0.5930453781832133
250320,2503209,Cabedelo (PB),25,0.335,17406.0,0.715,691.15,Faixa 2 (R$ 15k),15000.0,0,0.7,0.0,1306.0,1306.0,0.0,75.03,47.8,27.23,0.0,0,0,0.0,0.0,-0.5947112003978108
250330,2503308,Cachoeira dos Índios (PB),25,0.409,1059.0,0.656,273.47,Faixa 1 (R$ 20k),20000.0,0,0.8,0.0,249.0,249.0,0.0,235.13,37.77,197.36,0.0,0,0,0.0,0.0,-0.5929159898372287
250340,2503407,Cacimba de Areia (PB),25,0.317,578.0,0.672,272.74,Faixa 2 (R$ 15k),15000.0,0,0.7,0.0,24.0,24.0,0.0,41.52,20.76,20.76,0.0,0,0,0.0,0.0,-0.5958422043758749
250350,2503506,Cacimba de Dentro (PB),25,0.454,2976.0,0.606,279.36,Faixa 1 (R$ 20k),20000.0,0,0.8,0.0,287.0,287.0,0.0,96.44,53.76,42.67,0.0,0,0,0.0,0.0,-0.5942819560838135
250355,2503555,Cacimbas (PB),25,0.398,596.0,0.649,257.22,Faixa 2 (R$ 15k),15000.0,0,0.7,0.0,104.0,104.0,0.0,174.5,48.66,125.84,0.0,0,0,0.0,0.0,-0.5934120315740576
250360,2503605,Caiçara (PB),25,0.484,1772.0,0.615,306.89,Faixa 1 (R$ 20k),20000.0,0,0.8,0.0,75.0,75.0,0.0,42.33,8.47,33.86,0.0,0,0,0.0,0.0,-0.5961503475589953
250370,2503704,Cajazeiras (PB),25,0.302,12857.0,0.68,466.1,Faixa 2 (R$ 15k),15000.0,4,0.88,9240.0,0.0,9240.0,1.0,718.67,448.0,270.67,1.0,44130,6786,576810.0,645.12,0.7583283945465125
250375,2503753,Cajazeirinhas (PB),25,0.353,902.0,0.567,173.86,Faixa 2 (R$ 15k),15000.0,0,0.7,0.0,77.0,77.0,0.0,85.37,28.82,56.54,0.0,0,0,0.0,0.0,-0.595070472464353
250380,2503803,Caldas Brandão (PB),25,0.414,1021.0,0.583,259.57,Faixa 1 (R$ 20k),20000.0,0,0.8,0.0,80.0,80.0,0.0,78.35,59.75,18.61,0.0,0,0,0.0,0.0,-0.5943587859042208
250390,2503902,Camalaú (PB),25,0.328,1003.0,0.653,277.79,Faixa 2 (R$ 15k),15000.0,0,0.7,0.0,317.0,317.0,0.0,316.05,86.74,229.31,0.0,0,0,0.0,0.0,-0.5906079946835605
250400,2504009,Campina Grande (PB),25,0.309,103352.0,0.704,486.98,Faixa 2 (R$ 15k),15000.0,15,0.88,26640.0,0.0,26640.0,1.0,257.76,139.33,118.43,1.0,160500,21879,1859715.0,1612.8,0.7444114449047954
250403,2504033,Capim (PB),25,0.593,1113.0,0.565,240.56,Faixa 1 (R$ 20k),20000.0,0,0.8,0.0,60.0,60.0,0.0,53.91,30.55,23.36,0.0,0,0,0.0,0.0,-0.5954294119243626
250407,2504074,Caraúbas (PB),25,0.34,1194.0,0.628,273.63,Faixa 2 (R$ 15k),15000.0,0,0.7,0.0,199.0,199.0,0.0,166.67,61.98,104.69,0.0,0,0,0.0,0.0,-0.5931673066078955
250410,2504108,Carrapateira (PB),25,0.278,270.0,0.598,188.57,Faixa 3 (R$ 10k),10000.0,0,0.35,0.0,42.0,42.0,0.0,155.56,18.52,137.04,0.0,0,0,0.0,0.0,-0.5944363510660742
250415,2504157,Casserengue (PB),25,0.454,1138.0,0.581,231.4,Faixa 1 (R$ 20k),20000.0,0,0.8,0.0,52.0,52.0,0.0,45.69,12.3,33.39,0.0,0,0,0.0,0.0,-0.5960079471565182
250420,2504207,Catingueira (PB),25,0.416,973.0,0.594,278.91,Faixa 1 (R$ 20k),20000.0,0,0.8,0.0,38.0,38.0,0.0,39.05,12.33,26.72,0.0,0,0,0.0,0.0,-0.5960924060961057
250430,2504306,Catolé do Rocha (PB),25,0.335,6045.0,0.656,383.6,Faixa 2 (R$ 15k),15000.0,1,0.88,1800.0,0.0,1800.0,1.0,297.77,138.96,158.81,1.0,9600,1560,132600.0,94.08,0.7449154562462561
250435,2504355,Caturité (PB),25,0.396,1137.0,0.642,315.02,Faixa 2 (R$ 15k),15000.0,0,0.7,0.0,76.0,76.0,0.0,66.84,36.06,30.78,0.0,0,0,0.0,0.0,-0.5951206196896089
250440,2504405,Conceição (PB),25,0.428,3513.0,0.625,297.22,Faixa 1 (R$ 20k),20000.0,0,0.8,0.0,366.0,366.0,0.0,104.18,36.72,67.46,0.0,0,0,0.0,0.0,-0.5946241863874657
250450,2504504,Condado (PB),25,0.415,1290.0,0.591,274.09,Faixa 1 (R$ 20k),20000.0,0,0.8,0.0,3304.0,3304.0,0.0,2561.24,865.89,1695.35,0.0,0,0,0.0,0.0,-0.5415923223797463
250460,2504603,Conde (PB),25,0.444,4788.0,0.609,278.4,Faixa 1 (R$ 20k),20000.0,0,0.8,0.0,347.0,347.0,0.0,72.47,30.7,41.77,0.0,0,0,0.0,0.0,-0.5951872726924886
250470,2504702,Congo (PB),25,0.289,949.0,0.637,271.24,Faixa 3 (R$ 10k),10000.0,0,0.35,0.0,308.0,308.0,0.0,324.55,108.54,216.02,0.0,0,0,0.0,0.0,-0.5899337861053853
250480,2504801,Coremas (PB),25,0.484,2755.0,0.577,259.67,Faixa 1 (R$ 20k),20000.0,0,0.8,0.0,184.0,184.0,0.0,66.79,28.68,38.11,0.0,0,0,0.0,0.0,-0.5953125416486034
250485,2504850,Coxixola (PB),25,0.356,437.0,0.651,328.78,Faixa 2 (R$ 15k),15000.0,0,0.7,0.0,3.0,3.0,0.0,6.86,2.29,4.58,0.0,0,0,0.0,0.0,-0.59676577971392
250490,2504900,Cruz do Espírito Santo (PB),25,0.483,2576.0,0.584,229.05,Faixa 1 (R$ 20k),20000.0,0,0.8,0.0,162.0,162.0,0.0,62.89,33.77,29.11,0.0,0,0,0.0,0.0,-0.5952307465929059
250500,2505006,Cubati (PB),25,0.467,1184.0,0.585,242.26,Faixa 1 (R$ 20k),20000.0,0,0.8,0.0,140.0,140.0,0.0,118.24,29.56,88.68,0.0,0,0,0.0,0.0,-0.5946292786644103
250520,2505204,Cuitegi (PB),25,0.487,1922.0,0.595,288.9,Faixa 1 (R$ 20k),20000.0,0,0.8,0.0,130.0,130.0,0.0,67.64,28.62,39.02,0.0,0,0,0.0,0.0,-0.5953031854724337
250510,2505105,Cuité (PB),25,0.424,4092.0,0.626,269.69,Faixa 1 (R$ 20k),20000.0,1,0.94,1560.0,0.0,1560.0,1.0,381.23,263.93,117.3,1.0,10530,1521,129285.0,120.96,0.7492258792810075
250523,2505238,Cuité de Mamanguape (PB),25,0.521,638.0,0.615,240.05,Faixa 1 (R$ 20k),20000.0,0,0.8,0.0,87.0,87.0,0.0,136.36,86.21,50.16,0.0,0,0,0.0,0.0,-0.5929283126310185
250527,2505279,Curral de Cima (PB),25,0.531,1858.0,0.537,206.53,Faixa 1 (R$ 20k),20000.0,0,0.8,0.0,185.0,185.0,0.0,99.57,66.2,33.37,0.0,0,0,0.0,0.0,-0.5939192804160605
250535,2505352,Damião (PB),25,0.565,679.0,0.577,186.7,Faixa 1 (R$ 20k),20000.0,0,0.8,0.0,46.0,46.0,0.0,67.75,13.25,54.49,0.0,0,0,0.0,0.0,-0.5957002116708766
250540,2505402,Desterro (PB),25,0.356,1474.0,0.635,301.43,Faixa 2 (R$ 15k),15000.0,0,0.7,0.0,123.0,123.0,0.0,83.45,42.74,40.71,0.0,0,0,0.0,0.0,-0.5947342630515179
250560,2505600,Diamante (PB),25,0.418,1390.0,0.646,260.51,Faixa 1 (R$ 20k),20000.0,0,0.8,0.0,229.0,229.0,0.0,164.75,33.09,131.65,0.0,0,0,0.0,0.0,-0.5939408125848514
250570,2505709,Dona Inês (PB),25,0.479,1591.0,0.621,274.58,Faixa 1 (R$ 20k),20000.0,0,0.8,0.0,233.0,233.0,0.0,146.45,66.0,80.45,0.0,0,0,0.0,0.0,-0.5933226739228177
250580,2505808,Duas Estradas (PB),25,0.447,850.0,0.601,242.99,Faixa 1 (R$ 20k),20000.0,0,0.8,0.0,76.0,76.0,0.0,89.41,44.71,44.71,0.0,0,0,0.0,0.0,-0.594606628123955
250590,2505907,Emas (PB),25,0.373,638.0,0.606,225.11,Faixa 2 (R$ 15k),15000.0,0,0.7,0.0,23.0,23.0,0.0,36.05,32.92,3.13,0.0,0,0,0.0,0.0,-0.595597250218324
250600,2506004,Esperança (PB),25,0.4,5895.0,0.641,280.49,Faixa 2 (R$ 15k),15000.0,0,0.7,0.0,390.0,390.0,0.0,66.16,15.44,50.72,0.0,0,0,0.0,0.0,-0.5956637926354473
250610,2506103,Fagundes (PB),25,0.485,1737.0,0.623,281.85,Faixa 1 (R$ 20k),20000.0,0,0.8,0.0,258.0,258.0,0.0,148.53,99.6,48.93,0.0,0,0,0.0,0.0,-0.5924251045027935
250620,2506202,Frei Martinho (PB),25,0.324,833.0,0.637,300.56,Faixa 2 (R$ 15k),15000.0,0,0.7,0.0,72.0,72.0,0.0,86.43,58.82,27.61,0.0,0,0,0.0,0.0,-0.5942792363808745
250625,2506251,Gado Bravo (PB),25,0.563,2515.0,0.532,172.66,Faixa 1 (R$ 20k),20000.0,0,0.8,0.0,227.0,227.0,0.0,90.26,15.51,74.75,0.0,0,0,0.0,0.0,-0.5953526109044344
250630,2506301,Guarabira (PB),25,0.325,14326.0,0.662,404.78,Faixa 2 (R$ 15k),15000.0,0,0.7,0.0,1281.0,1281.0,0.0,89.42,51.17,38.25,0.0,0,0,0.0,0.0,-0.5944391324527256
250640,2506400,Gurinhém (PB),25,0.423,2059.0,0.602,273.16,Faixa 1 (R$ 20k),20000.0,0,0.8,0.0,193.0,193.0,0.0,93.73,69.94,23.8,0.0,0,0,0.0,0.0,-0.593897243867531
250650,2506509,Gurjão (PB),25,0.298,635.0,0.696,314.9,Faixa 3 (R$ 10k),10000.0,0,0.35,0.0,37.0,37.0,0.0,58.27,28.35,29.92,0.0,0,0,0.0,0.0,-0.5954304645518468
250660,2506608,Ibiara (PB),25,0.403,1227.0,0.628,273.04,Faixa 1 (R$ 20k),20000.0,0,0.8,0.0,126.0,126.0,0.0,102.69,22.0,80.68,0.0,0,0,0.0,0.0,-0.5950249043369693
250260,2502607,Igaracy (PB),25,0.392,1082.0,0.631,317.57,Faixa 2 (R$ 15k),15000.0,0,0.7,0.0,46.0,46.0,0.0,42.51,11.09,31.42,0.0,0,0,0.0,0.0,-0.5960801298972388
250670,2506707,Imaculada (PB),25,0.408,1590.0,0.604,220.69,Faixa 1 (R$ 20k),20000.0,0,0.8,0.0,221.0,221.0,0.0,138.99,50.31,88.68,0.0,0,0,0.0,0.0,-0.5938251012591076
250680,2506806,Ingá (PB),25,0.491,4135.0,0.619,305.36,Faixa 1 (R$ 20k),20000.0,0,0.8,0.0,383.0,383.0,0.0,92.62,68.2,24.43,0.0,0,0,0.0,0.0,-0.5939565913048224
250690,2506905,Itabaiana (PB),25,0.432,5649.0,0.638,284.88,Faixa 1 (R$ 20k),20000.0,1,0.94,1560.0,0.0,1560.0,1.0,276.16,191.18,84.97,1.0,10530,1521,129285.0,120.96,0.7459914602218678
250700,2507002,Itaporanga (PB),25,0.341,4621.0,0.65,331.19,Faixa 2 (R$ 15k),15000.0,0,0.7,0.0,708.0,708.0,0.0,153.21,74.01,79.2,0.0,0,0,0.0,0.0,-0.5930282880946598
250710,2507101,Itapororoca (PB),25,0.461,3258.0,0.592,240.14,Faixa 1 (R$ 20k),20000.0,0,0.8,0.0,1963.0,1963.0,0.0,602.52,465.93,136.59,0.0,0,0,0.0,0.0,-0.577102512556346
250720,2507200,Itatuba (PB),25,0.377,2177.0,0.614,257.09,Faixa 2 (R$ 15k),15000.0,0,0.7,0.0,38.0,38.0,0.0,17.46,11.48,5.97,0.0,0,0,0.0,0.0,-0.5963916515975235
250730,2507309,Jacaraú (PB),25,0.458,2230.0,0.62,290.7,Faixa 1 (R$ 20k),20000.0,0,0.8,0.0,214.0,214.0,0.0,95.96,48.43,47.53,0.0,0,0,0.0,0.0,-0.5944261969134631
250740,2507408,Jericó (PB),25,0.384,1369.0,0.646,394.49,Faixa 2 (R$ 15k),15000.0,0,0.7,0.0,130.0,130.0,0.0,94.96,27.03,67.93,0.0,0,0,0.0,0.0,-0.5949936942403079
250750,2507507,João Pessoa (PB),25,0.333,201659.0,0.736,695.21,Faixa 2 (R$ 15k),15000.0,16,0.88,32160.0,0.0,32160.0,1.0,159.48,97.59,62.62,1.0,179430,27066,2300610.0,2204.16,0.7420729293992905
250760,2507606,Juarez Távora (PB),25,0.43,1986.0,0.601,238.39,Faixa 1 (R$ 20k),20000.0,0,0.8,0.0,37.0,37.0,0.0,18.63,2.01,16.62,0.0,0,0,0.0,0.0,-0.5966220151508945
250770,2507705,Juazeirinho (PB),25,0.39,3000.0,0.623,284.09,Faixa 2 (R$ 15k),15000.0,0,0.7,0.0,228.0,228.0,0.0,76.0,20.67,55.33,0.0,0,0,0.0,0.0,-0.5954019234222967
250780,2507804,Junco do Seridó (PB),25,0.357,1393.0,0.676,271.24,Faixa 2 (R$ 15k),15000.0,0,0.7,0.0,71.0,71.0,0.0,50.97,14.36,36.61,0.0,0,0,0.0,0.0,-0.5958867761807752
250790,2507903,Juripiranga (PB),25,0.459,3376.0,0.568,216.78,Faixa 1 (R$ 20k),20000.0,0,0.8,0.0,249.0,249.0,0.0,73.76,40.88,32.88,0.0,0,0,0.0,0.0,-0.5949068606712162
250800,2508000,Juru (PB),25,0.362,1257.0,0.623,286.65,Faixa 2 (R$ 15k),15000.0,0,0.7,0.0,578.0,578.0,0.0,459.82,176.61,283.21,0.0,0,0,0.0,0.0,-0.5864331297891578
250810,2508109,Lagoa (PB),25,0.367,680.0,0.658,286.49,Faixa 2 (R$ 15k),15000.0,0,0.7,0.0,126.0,126.0,0.0,185.29,132.35,52.94,0.0,0,0,0.0,0.0,-0.5911043849882225
250830,2508307,Lagoa Seca (PB),25,0.316,3043.0,0.671,370.63,Faixa 2 (R$ 15k),15000.0,0,0.7,0.0,655.0,655.0,0.0,215.25,71.97,143.28,0.0,0,0,0.0,0.0,-0.592284765809026
250820,2508208,Lagoa de Dentro (PB),25,0.474,1334.0,0.621,293.14,Faixa 1 (R$ 20k),20000.0,0,0.8,0.0,304.0,304.0,0.0,227.89,106.45,121.44,0.0,0,0,0.0,0.0,-0.5912288310746309
250840,2508406,Lastro (PB),25,0.454,815.0,0.565,200.16,Faixa 1 (R$ 20k),20000.0,0,0.8,0.0,37.0,37.0,0.0,45.4,4.91,40.49,0.0,0,0,0.0,0.0,-0.5962032091400511
250850,2508505,Livramento (PB),25,0.407,1068.0,0.619,255.12,Faixa 1 (R$ 20k),20000.0,0,0.8,0.0,498.0,498.0,0.0,466.29,429.78,36.52,0.0,0,0,0.0,0.0,-0.5797881668342522
250855,2508554,Logradouro (PB),25,0.337,566.0,0.638,275.5,Faixa 2 (R$ 15k),15000.0,0,0.7,0.0,14.0,14.0,0.0,24.73,17.67,7.07,0.0,0,0,0.0,0.0,-0.596137755857665
250860,2508604,Lucena (PB),25,0.495,3401.0,0.616,251.24,Faixa 1 (R$ 20k),20000.0,0,0.8,0.0,239.0,239.0,0.0,70.27,40.28,29.99,0.0,0,0,0.0,0.0,-0.5949672124106484
250880,2508802,Malta (PB),25,0.376,1503.0,0.65,303.48,Faixa 2 (R$ 15k),15000.0,0,0.7,0.0,56.0,56.0,0.0,37.26,2.66,34.6,0.0,0,0,0.0,0.0,-0.5963660179838699
250890,2508901,Mamanguape (PB),25,0.482,11132.0,0.595,309.12,Faixa 1 (R$ 20k),20000.0,2,0.94,3360.0,0.0,3360.0,1.0,301.83,172.48,129.36,1.0,20130,3081,261885.0,215.04,0.745836436674432
250900,2509008,Manaíra (PB),25,0.417,2050.0,0.588,250.53,Faixa 1 (R$ 20k),20000.0,0,0.8,0.0,505.0,505.0,0.0,246.34,112.68,133.66,0.0,0,0,0.0,0.0,-0.5908305181050604
250910,2509107,Mari (PB),25,0.401,5277.0,0.564,233.23,Faixa 1 (R$ 20k),20000.0,0,0.8,0.0,362.0,362.0,0.0,68.6,39.23,29.37,0.0,0,0,0.0,0.0,-0.5950158645550504
250915,2509156,Marizópolis (PB),25,0.426,1470.0,0.631,276.36,Faixa 1 (R$ 20k),20000.0,0,0.8,0.0,54.0,54.0,0.0,36.73,14.29,22.45,0.0,0,0,0.0,0.0,-0.5960713192455482
250920,2509206,Massaranduba (PB),25,0.416,1211.0,0.607,289.21,Faixa 1 (R$ 20k),20000.0,0,0.8,0.0,143.0,143.0,0.0,118.08,49.55,68.54,0.0,0,0,0.0,0.0,-0.594113149843056
250930,2509305,Mataraca (PB),25,0.516,2056.0,0.554,200.71,Faixa 1 (R$ 20k),20000.0,0,0.8,0.0,312.0,312.0,0.0,151.75,98.74,53.02,0.0,0,0,0.0,0.0,-0.5924059924326326
250933,2509339,Matinhas (PB),25,0.504,1405.0,0.58,222.77,Faixa 1 (R$ 20k),20000.0,0,0.8,0.0,122.0,122.0,0.0,86.83,24.91,61.92,0.0,0,0,0.0,0.0,-0.5951530052829316
250939,2509396,Maturéia (PB),25,0.39,1202.0,0.626,240.08,Faixa 2 (R$ 15k),15000.0,0,0.7,0.0,167.0,167.0,0.0,138.94,26.62,112.31,0.0,0,0,0.0,0.0,-0.5944398250592634
250940,2509404,Mogeiro (PB),25,0.591,1927.0,0.63,262.77,Faixa 1 (R$ 20k),20000.0,0,0.8,0.0,232.0,232.0,0.0,120.39,39.44,80.95,0.0,0,0,0.0,0.0,-0.594345602590382
250950,2509503,Montadas (PB),25,0.436,977.0,0.622,257.34,Faixa 1 (R$ 20k),20000.0,0,0.8,0.0,138.0,138.0,0.0,141.25,24.56,116.68,0.0,0,0,0.0,0.0,-0.59446356455264
250960,2509602,Monte Horebe (PB),25,0.354,791.0,0.638,358.81,Faixa 2 (R$ 15k),15000.0,0,0.7,0.0,235.0,235.0,0.0,297.09,113.78,183.31,0.0,0,0,0.0,0.0,-0.5901505387792447
250970,2509701,Monteiro (PB),25,0.286,6213.0,0.682,385.35,Faixa 3 (R$ 10k),10000.0,1,0.48,1560.0,80.0,1640.0,0.9512,263.96,173.83,131.34,1.0,10530,1521,129285.0,120.96,0.719740198925536
250980,2509800,Mulungu (PB),25,0.594,1542.0,0.561,250.35,Faixa 1 (R$ 20k),20000.0,0,0.8,0.0,145.0,145.0,0.0,94.03,68.09,25.94,0.0,0,0,0.0,0.0,-0.5939414100407617
250870,2508703,Mãe D'Água (PB),25,0.303,531.0,0.646,240.58,Faixa 2 (R$ 15k),15000.0,0,0.7,0.0,103.0,103.0,0.0,193.97,137.48,56.5,0.0,0,0,0.0,0.0,-0.5908599307637046
250990,2509909,Natuba (PB),25,0.46,1069.0,0.632,255.65,Faixa 1 (R$ 20k),20000.0,0,0.8,0.0,819.0,819.0,0.0,766.14,395.7,370.44,0.0,0,0,0.0,0.0,-0.5768224230333144
251000,2510006,Nazarezinho (PB),25,0.375,957.0,0.609,223.67,Faixa 2 (R$ 15k),15000.0,0,0.7,0.0,33.0,33.0,0.0,34.48,19.85,14.63,0.0,0,0,0.0,0.0,-0.5959561616366902
251010,2510105,Nova Floresta (PB),25,0.436,2363.0,0.599,277.04,Faixa 1 (R$ 20k),20000.0,0,0.8,0.0,193.0,193.0,0.0,81.68,27.51,54.17,0.0,0,0,0.0,0.0,-0.5951517262591164
251020,2510204,Nova Olinda (PB),25,0.337,1055.0,0.606,310.47,Faixa 2 (R$ 15k),15000.0,0,0.7,0.0,162.0,162.0,0.0,153.55,63.51,90.05,0.0,0,0,0.0,0.0,-0.5932960024872747
251030,2510303,Nova Palmeira (PB),25,0.333,641.0,0.621,281.88,Faixa 2 (R$ 15k),15000.0,0,0.7,0.0,16.0,16.0,0.0,24.96,1.56,23.4,0.0,0,0,0.0,0.0,-0.596552421486632
251040,2510402,Olho D'Água (PB),25,0.467,876.0,0.607,228.44,Faixa 1 (R$ 20k),20000.0,0,0.8,0.0,77.0,77.0,0.0,87.9,26.26,61.64,0.0,0,0,0.0,0.0,-0.5951042796174499
251050,2510501,Olivedos (PB),25,0.32,507.0,0.633,221.0,Faixa 2 (R$ 15k),15000.0,0,0.7,0.0,47.0,47.0,0.0,92.7,67.06,25.64,0.0,0,0,0.0,0.0,-0.5939851792912287
251060,2510600,Ouro Velho (PB),25,0.362,659.0,0.652,311.61,Faixa 2 (R$ 15k),15000.0,0,0.7,0.0,82.0,82.0,0.0,124.43,72.84,51.59,0.0,0,0,0.0,0.0,-0.5934280567413952
251065,2510659,Parari (PB),25,0.358,635.0,0.621,314.99,Faixa 2 (R$ 15k),15000.0,0,0.7,0.0,59.0,59.0,0.0,92.91,66.14,26.77,0.0,0,0,0.0,0.0,-0.5940063287764611
251070,2510709,Passagem (PB),25,0.365,299.0,0.639,271.84,Faixa 2 (R$ 15k),15000.0,0,0.7,0.0,33.0,33.0,0.0,110.37,33.44,76.92,0.0,0,0,0.0,0.0,-0.5946298074391662
251080,2510808,Patos (PB),25,0.321,26906.0,0.672,368.0,Faixa 2 (R$ 15k),15000.0,14,0.88,25020.0,0.0,25020.0,1.0,929.9,474.99,454.92,1.0,149700,20046,1703910.0,1431.36,0.7617395302708655
251090,2510907,Paulista (PB),25,0.278,1653.0,0.709,477.71,Faixa 3 (R$ 10k),10000.0,0,0.35,0.0,4929.0,4929.0,0.0,2981.85,252.87,2728.98,0.0,0,0,0.0,0.0,-0.5520817172573402
251100,2511004,Pedra Branca (PB),25,0.36,693.0,0.636,212.44,Faixa 2 (R$ 15k),15000.0,0,0.7,0.0,84.0,84.0,0.0,121.21,28.86,92.35,0.0,0,0,0.0,0.0,-0.5946092964023565
251110,2511103,Pedra Lavrada (PB),25,0.345,659.0,0.615,268.42,Faixa 2 (R$ 15k),15000.0,0,0.7,0.0,82.0,82.0,0.0,124.43,31.87,92.56,0.0,0,0,0.0,0.0,-0.5944899465014519
251120,2511202,Pedras de Fogo (PB),25,0.449,5460.0,0.619,305.19,Faixa 1 (R$ 20k),20000.0,0,0.8,0.0,1387.0,1387.0,0.0,254.03,160.81,93.22,0.0,0,0,0.0,0.0,-0.5894843351798557
251272,2512721,Pedro Régis (PB),25,0.543,1683.0,0.537,202.27,Faixa 1 (R$ 20k),20000.0,0,0.8,0.0,204.0,204.0,0.0,121.21,58.82,62.39,0.0,0,0,0.0,0.0,-0.5938327716961984
251130,2511301,Piancó (PB),25,0.401,2942.0,0.655,310.01,Faixa 1 (R$ 20k),20000.0,2,0.94,4560.0,0.0,4560.0,1.0,1549.97,897.35,652.62,1.0,23250,3588,304980.0,295.68,0.7806462197025935
251140,2511400,Picuí (PB),25,0.355,3602.0,0.645,328.11,Faixa 2 (R$ 15k),15000.0,2,0.88,3360.0,0.0,3360.0,1.0,932.82,533.04,399.78,1.0,20130,3081,261885.0,215.04,0.7632815276104565
251150,2511509,Pilar (PB),25,0.431,2568.0,0.593,231.76,Faixa 1 (R$ 20k),20000.0,0,0.8,0.0,222.0,222.0,0.0,86.45,53.35,33.1,0.0,0,0,0.0,0.0,-0.5944207550163444
251160,2511608,Pilões (PB),25,0.394,1198.0,0.62,327.03,Faixa 2 (R$ 15k),15000.0,0,0.7,0.0,144.0,144.0,0.0,120.2,69.28,50.92,0.0,0,0,0.0,0.0,-0.5935746271263076
251170,2511707,Pilõezinhos (PB),25,0.36,929.0,0.599,249.41,Faixa 2 (R$ 15k),15000.0,0,0.7,0.0,51.0,51.0,0.0,54.9,25.83,29.06,0.0,0,0,0.0,0.0,-0.5955391074026114
251180,2511806,Pirpirituba (PB),25,0.373,2694.0,0.622,259.29,Faixa 2 (R$ 15k),15000.0,0,0.7,0.0,76.0,76.0,0.0,28.21,15.96,12.25,0.0,0,0,0.0,0.0,-0.5961374723153952
251190,2511905,Pitimbu (PB),25,0.496,3840.0,0.612,237.6,Faixa 1 (R$ 20k),20000.0,0,0.8,0.0,2067.0,2067.0,0.0,538.28,248.44,289.84,0.0,0,0,0.0,0.0,-0.5835642113901768
251200,2512002,Pocinhos (PB),25,0.467,2746.0,0.603,234.97,Faixa 1 (R$ 20k),20000.0,0,0.8,0.0,205.0,205.0,0.0,74.65,20.03,54.62,0.0,0,0,0.0,0.0,-0.5954358411103007
251210,2512101,Pombal (PB),25,0.351,6727.0,0.631,342.35,Faixa 2 (R$ 15k),15000.0,1,0.88,1560.0,0.0,1560.0,1.0,231.9,160.55,85.63,1.0,10530,1521,129285.0,120.96,0.7447260082151322
251203,2512036,Poço Dantas (PB),25,0.456,1124.0,0.55,179.86,Faixa 1 (R$ 20k),20000.0,0,0.8,0.0,30.0,30.0,0.0,26.69,11.57,15.12,0.0,0,0,0.0,0.0,-0.5962707674450606
251207,2512077,Poço de José de Moura (PB),25,0.321,518.0,0.657,307.64,Faixa 2 (R$ 15k),15000.0,0,0.7,0.0,33.0,33.0,0.0,63.71,34.75,28.96,0.0,0,0,0.0,0.0,-0.5951947524607235
251220,2512200,Prata (PB),25,0.414,1233.0,0.608,255.92,Faixa 1 (R$ 20k),20000.0,0,0.8,0.0,501.0,501.0,0.0,406.33,88.4,317.92,0.0,0,0,0.0,0.0,-0.5894061288828816
251230,2512309,Princesa Isabel (PB),25,0.309,4407.0,0.636,314.34,Faixa 2 (R$ 15k),15000.0,0,0.7,0.0,3444.0,3444.0,0.0,781.48,393.92,387.57,0.0,0,0,0.0,0.0,-0.5766715738930527
251240,2512408,Puxinanã (PB),25,0.414,3556.0,0.625,267.68,Faixa 1 (R$ 20k),20000.0,0,0.8,0.0,206.0,206.0,0.0,57.93,18.56,39.37,0.0,0,0,0.0,0.0,-0.5956885732928834
251250,2512507,Queimadas (PB),25,0.358,6700.0,0.626,314.98,Faixa 2 (R$ 15k),15000.0,0,0.7,0.0,1470.0,1470.0,0.0,219.4,157.16,62.24,0.0,0,0,0.0,0.0,-0.5900234776514948
251260,2512606,Quixabá (PB),25,0.512,484.0,0.611,233.82,Faixa 1 (R$ 20k),20000.0,0,0.8,0.0,272.0,272.0,0.0,561.98,419.42,142.56,0.0,0,0,0.0,0.0,-0.5788283967803487
251270,2512705,Remígio (PB),25,0.358,4101.0,0.631,350.48,Faixa 2 (R$ 15k),15000.0,0,0.7,0.0,253.0,253.0,0.0,61.69,20.24,41.45,0.0,0,0,0.0,0.0,-0.5955967633990189
251278,2512788,Riacho de Santo Antônio (PB),25,0.343,340.0,0.614,265.93,Faixa 2 (R$ 15k),15000.0,0,0.7,0.0,59.0,59.0,0.0,173.53,91.18,82.35,0.0,0,0,0.0,0.0,-0.5923224195232775
251280,2512804,Riacho dos Cavalos (PB),25,0.382,922.0,0.648,286.88,Faixa 2 (R$ 15k),15000.0,0,0.7,0.0,72.0,72.0,0.0,78.09,28.2,49.89,0.0,0,0,0.0,0.0,-0.5951799265382384
251275,2512754,Riachão do Bacamarte (PB),25,0.469,821.0,0.599,289.88,Faixa 1 (R$ 20k),20000.0,0,0.8,0.0,115.0,115.0,0.0,140.07,138.86,1.22,0.0,0,0,0.0,0.0,-0.5915160676666316
251276,2512762,Riachão do Poço (PB),25,0.566,1090.0,0.548,193.63,Faixa 1 (R$ 20k),20000.0,0,0.8,0.0,11.0,11.0,0.0,10.09,6.42,3.67,0.0,0,0,0.0,0.0,-0.5966173400807341
251290,2512903,Rio Tinto (PB),25,0.314,3486.0,0.673,360.74,Faixa 2 (R$ 15k),15000.0,0,0.7,0.0,2931.0,2931.0,0.0,840.79,629.37,211.42,0.0,0,0,0.0,0.0,-0.5698077280665498
251300,2513000,Salgadinho (PB),25,0.577,1151.0,0.6,209.4,Faixa 1 (R$ 20k),20000.0,0,0.8,0.0,459.0,459.0,0.0,398.78,286.71,112.08,0.0,0,0,0.0,0.0,-0.5843629712953625
251310,2513109,Salgado de São Félix (PB),25,0.552,1562.0,0.557,258.12,Faixa 1 (R$ 20k),20000.0,0,0.8,0.0,526.0,526.0,0.0,336.75,130.6,206.15,0.0,0,0,0.0,0.0,-0.5892054776120601
251315,2513158,Santa Cecília (PB),25,0.416,497.0,0.633,248.61,Faixa 1 (R$ 20k),20000.0,0,0.8,0.0,474.0,474.0,0.0,953.72,519.11,434.61,0.0,0,0,0.0,0.0,-0.5712158632411202
251320,2513208,Santa Cruz (PB),25,0.272,751.0,0.711,332.04,Faixa 3 (R$ 10k),10000.0,0,0.35,0.0,726.0,726.0,0.0,966.71,705.73,260.99,0.0,0,0,0.0,0.0,-0.5662120946976851
251330,2513307,Santa Helena (PB),25,0.356,878.0,0.69,348.78,Faixa 2 (R$ 15k),15000.0,0,0.7,0.0,136.0,136.0,0.0,154.9,56.95,97.95,0.0,0,0,0.0,0.0,-0.5934487671453352
251335,2513356,Santa Inês (PB),25,0.371,474.0,0.664,298.64,Faixa 2 (R$ 15k),15000.0,0,0.7,0.0,114.0,114.0,0.0,240.51,105.49,135.02,0.0,0,0,0.0,0.0,-0.5910917123419133
251340,2513406,Santa Luzia (PB),25,0.352,3448.0,0.685,319.48,Faixa 2 (R$ 15k),15000.0,0,0.7,0.0,492.0,492.0,0.0,142.69,54.23,88.46,0.0,0,0,0.0,0.0,-0.5936760036526344
251370,2513703,Santa Rita (PB),25,0.462,35092.0,0.645,329.46,Faixa 1 (R$ 20k),20000.0,3,0.94,4680.0,0.0,4680.0,1.0,133.36,92.33,41.03,1.0,31590,4563,387855.0,362.88,0.7415963645800325
251380,2513802,Santa Teresinha (PB),25,0.357,1379.0,0.599,228.15,Faixa 2 (R$ 15k),15000.0,0,0.7,0.0,244.0,244.0,0.0,176.94,33.36,143.58,0.0,0,0,0.0,0.0,-0.5937772660692191
251350,2513505,Santana de Mangueira (PB),25,0.394,743.0,0.603,222.51,Faixa 2 (R$ 15k),15000.0,0,0.7,0.0,134.0,134.0,0.0,180.35,79.41,100.94,0.0,0,0,0.0,0.0,-0.5925399356716143
251360,2513604,Santana dos Garrotes (PB),25,0.418,1069.0,0.632,279.65,Faixa 1 (R$ 20k),20000.0,0,0.8,0.0,59.0,59.0,0.0,55.19,16.84,38.35,0.0,0,0,0.0,0.0,-0.5957683263764588
251385,2513851,Santo André (PB),25,0.438,642.0,0.606,274.21,Faixa 1 (R$ 20k),20000.0,0,0.8,0.0,2690.0,2690.0,0.0,4190.03,1147.98,3042.06,0.0,0,0,0.0,0.0,-0.5133723563916466
251530,2515302,Sapé (PB),25,0.482,11867.0,0.606,278.73,Faixa 1 (R$ 20k),20000.0,0,0.8,0.0,676.0,676.0,0.0,56.96,29.66,27.3,0.0,0,0,0.0,0.0,-0.5954133272723932
251540,2515401,Seridó (PB),25,0.4,1576.0,0.628,225.41,Faixa 2 (R$ 15k),15000.0,0,0.7,0.0,143.0,143.0,0.0,90.74,9.52,81.22,0.0,0,0,0.0,0.0,-0.5955017023334616
251550,2515500,Serra Branca (PB),25,0.358,2274.0,0.662,341.79,Faixa 2 (R$ 15k),15000.0,0,0.7,0.0,563.0,563.0,0.0,247.58,146.88,100.7,0.0,0,0,0.0,0.0,-0.5899281803867957
251580,2515807,Serra Redonda (PB),25,0.366,1125.0,0.596,285.88,Faixa 2 (R$ 15k),15000.0,0,0.7,0.0,148.0,148.0,0.0,131.56,107.56,24.0,0.0,0,0,0.0,0.0,-0.5924366324070401
251560,2515609,Serra da Raiz (PB),25,0.427,690.0,0.629,277.66,Faixa 1 (R$ 20k),20000.0,0,0.8,0.0,29.0,29.0,0.0,42.03,31.88,10.14,0.0,0,0,0.0,0.0,-0.5955475090807824
251590,2515906,Serraria (PB),25,0.418,1157.0,0.617,290.54,Faixa 1 (R$ 20k),20000.0,0,0.8,0.0,170.0,170.0,0.0,146.93,82.11,64.82,0.0,0,0,0.0,0.0,-0.592898961746835
251593,2515930,Sertãozinho (PB),25,0.321,1275.0,0.662,289.21,Faixa 2 (R$ 15k),15000.0,0,0.7,0.0,315.0,315.0,0.0,247.06,25.88,221.18,0.0,0,0,0.0,0.0,-0.5930710200686846
251597,2515971,Sobrado (PB),25,0.472,2331.0,0.58,200.9,Faixa 1 (R$ 20k),20000.0,0,0.8,0.0,109.0,109.0,0.0,46.76,18.02,28.74,0.0,0,0,0.0,0.0,-0.5958459567057922
251610,2516102,Soledade (PB),25,0.352,2966.0,0.619,304.87,Faixa 2 (R$ 15k),15000.0,0,0.7,0.0,977.0,977.0,0.0,329.4,40.12,289.28,0.0,0,0,0.0,0.0,-0.5916449536046089
251600,2516003,Solânea (PB),25,0.393,6072.0,0.629,337.63,Faixa 2 (R$ 15k),15000.0,0,0.7,0.0,395.0,395.0,0.0,65.05,40.51,24.54,0.0,0,0,0.0,0.0,-0.5950282593193308
251615,2516151,Sossêgo (PB),25,0.421,894.0,0.566,216.64,Faixa 1 (R$ 20k),20000.0,0,0.8,0.0,13.0,13.0,0.0,14.54,8.95,5.59,0.0,0,0,0.0,0.0,-0.5964946418714969
251620,2516201,Sousa (PB),25,0.412,14322.0,0.638,345.18,Faixa 1 (R$ 20k),20000.0,7,0.94,14280.0,0.0,14280.0,1.0,997.07,594.89,402.18,1.0,75660,11193,951405.0,954.24,0.7657093659851932
251630,2516300,Sumé (PB),25,0.374,3756.0,0.651,349.49,Faixa 2 (R$ 15k),15000.0,0,0.7,0.0,379.0,379.0,0.0,100.91,28.75,72.15,0.0,0,0,0.0,0.0,-0.5948728025536013
251392,2513927,São Bentinho (PB),25,0.396,822.0,0.592,224.92,Faixa 2 (R$ 15k),15000.0,0,0.7,0.0,89.0,89.0,0.0,108.27,4.87,103.41,0.0,0,0,0.0,0.0,-0.5953971272645484
251390,2513901,São Bento (PB),25,0.345,6859.0,0.599,312.99,Faixa 2 (R$ 15k),15000.0,0,0.7,0.0,558.0,558.0,0.0,81.35,8.02,73.33,0.0,0,0,0.0,0.0,-0.5956611181689689
251394,2513943,São Domingos do Cariri (PB),25,0.42,625.0,0.616,341.26,Faixa 1 (R$ 20k),20000.0,0,0.8,0.0,21.0,21.0,0.0,33.6,19.2,14.4,0.0,0,0,0.0,0.0,-0.5959843052052959
251420,2514206,São José da Lagoa Tapada (PB),25,0.389,984.0,0.584,253.3,Faixa 2 (R$ 15k),15000.0,0,0.7,0.0,89.0,89.0,0.0,90.45,53.86,36.59,0.0,0,0,0.0,0.0,-0.594356189181829
251430,2514305,São José de Caiana (PB),25,0.413,804.0,0.59,279.2,Faixa 1 (R$ 20k),20000.0,0,0.8,0.0,88.0,88.0,0.0,109.45,17.41,92.04,0.0,0,0,0.0,0.0,-0.5950570267228914
251440,2514404,São José de Espinharas (PB),25,0.406,1369.0,0.6,215.52,Faixa 1 (R$ 20k),20000.0,0,0.8,0.0,117.0,117.0,0.0,85.46,22.64,62.82,0.0,0,0,0.0,0.0,-0.5952294272130935
251450,2514503,São José de Piranhas (PB),25,0.332,2992.0,0.639,326.68,Faixa 2 (R$ 15k),15000.0,0,0.7,0.0,707.0,707.0,0.0,236.3,45.79,190.51,0.0,0,0,0.0,0.0,-0.5926931026593929
251455,2514552,São José de Princesa (PB),25,0.522,1326.0,0.586,214.46,Faixa 1 (R$ 20k),20000.0,0,0.8,0.0,206.0,206.0,0.0,155.35,50.53,104.83,0.0,0,0,0.0,0.0,-0.5936093211296332
251460,2514602,São José do Bonfim (PB),25,0.486,1097.0,0.586,208.79,Faixa 1 (R$ 20k),20000.0,0,0.8,0.0,20.0,20.0,0.0,18.23,7.29,10.94,0.0,0,0,0.0,0.0,-0.5964902990638346
251465,2514651,São José do Brejo do Cruz (PB),25,0.459,266.0,0.619,206.99,Faixa 1 (R$ 20k),20000.0,0,0.8,0.0,45.0,45.0,0.0,169.17,30.08,139.1,0.0,0,0,0.0,0.0,-0.5939619539684255
251470,2514701,São José do Sabugi (PB),25,0.245,597.0,0.659,290.98,Faixa 3 (R$ 10k),10000.0,0,0.35,0.0,67.0,67.0,0.0,112.23,45.23,67.0,0.0,0,0,0.0,0.0,-0.5943002817007729
251480,2514800,São José dos Cordeiros (PB),25,0.33,535.0,0.609,285.07,Faixa 2 (R$ 15k),15000.0,0,0.7,0.0,40.0,40.0,0.0,74.77,39.25,35.51,0.0,0,0,0.0,0.0,-0.5949362105831755
251445,2514453,São José dos Ramos (PB),25,0.541,694.0,0.611,244.81,Faixa 1 (R$ 20k),20000.0,0,0.8,0.0,19.0,19.0,0.0,27.38,14.41,12.97,0.0,0,0,0.0,0.0,-0.5961883008865216
251400,2514008,São João do Cariri (PB),25,0.333,699.0,0.64,381.58,Faixa 2 (R$ 15k),15000.0,0,0.7,0.0,12.0,12.0,0.0,17.17,4.29,12.88,0.0,0,0,0.0,0.0,-0.5965816622411039
250070,2500700,São João do Rio do Peixe (PB),25,0.361,1823.0,0.663,370.56,Faixa 2 (R$ 15k),15000.0,0,0.7,0.0,296.0,296.0,0.0,162.37,61.44,100.93,0.0,0,0,0.0,0.0,-0.5932365010505997
251410,2514107,São João do Tigre (PB),25,0.32,614.0,0.619,264.78,Faixa 2 (R$ 15k),15000.0,0,0.7,0.0,560.0,560.0,0.0,912.05,387.62,524.43,0.0,0,0,0.0,0.0,-0.5751588254886834
251490,2514909,São Mamede (PB),25,0.302,1313.0,0.655,322.88,Faixa 2 (R$ 15k),15000.0,0,0.7,0.0,106.0,106.0,0.0,80.73,30.46,50.27,0.0,0,0,0.0,0.0,-0.5950874610307217
251500,2515005,São Miguel de Taipu (PB),25,0.401,1020.0,0.602,235.55,Faixa 1 (R$ 20k),20000.0,0,0.8,0.0,50.0,50.0,0.0,49.02,18.63,30.39,0.0,0,0,0.0,0.0,-0.5958011350708172
251510,2515104,São Sebastião de Lagoa de Roça (PB),25,0.443,1389.0,0.646,321.8,Faixa 1 (R$ 20k),20000.0,0,0.8,0.0,110.0,110.0,0.0,79.19,41.76,37.44,0.0,0,0,0.0,0.0,-0.5948142806590729
251640,2516409,Tacima (PB),25,0.405,1372.0,0.597,221.31,Faixa 1 (R$ 20k),20000.0,0,0.8,0.0,29.0,29.0,0.0,21.14,14.58,6.56,0.0,0,0,0.0,0.0,-0.5962639964770083
251650,2516508,Taperoá (PB),25,0.467,2798.0,0.625,293.14,Faixa 1 (R$ 20k),20000.0,0,0.8,0.0,227.0,227.0,0.0,81.13,20.01,61.12,0.0,0,0,0.0,0.0,-0.5953531768751528
251660,2516607,Tavares (PB),25,0.354,1791.0,0.64,373.07,Faixa 2 (R$ 15k),15000.0,0,0.7,0.0,1533.0,1533.0,0.0,855.95,311.0,544.95,0.0,0,0,0.0,0.0,-0.5778648631833798
251670,2516706,Teixeira (PB),25,0.423,3066.0,0.658,299.48,Faixa 1 (R$ 20k),20000.0,0,0.8,0.0,314.0,314.0,0.0,102.41,37.83,64.58,0.0,0,0,0.0,0.0,-0.5946181377893691
251675,2516755,Tenório (PB),25,0.397,453.0,0.637,286.85,Faixa 2 (R$ 15k),15000.0,0,0.7,0.0,47.0,47.0,0.0,103.75,2.21,101.55,0.0,0,0,0.0,0.0,-0.5955240934843274
251680,2516805,Triunfo (PB),25,0.312,1341.0,0.641,320.15,Faixa 2 (R$ 15k),15000.0,0,0.7,0.0,749.0,749.0,0.0,558.54,310.96,247.58,0.0,0,0,0.0,0.0,-0.5816836992956889
251690,2516904,Uiraúna (PB),25,0.322,2811.0,0.649,334.1,Faixa 2 (R$ 15k),15000.0,0,0.7,0.0,218.0,218.0,0.0,77.55,18.14,59.41,0.0,0,0,0.0,0.0,-0.595447600696857
251700,2517001,Umbuzeiro (PB),25,0.502,1177.0,0.617,266.81,Faixa 1 (R$ 20k),20000.0,0,0.8,0.0,1673.0,1673.0,0.0,1421.41,572.64,848.77,0.0,0,0,0.0,0.0,-0.5638247809288393
251720,2517209,Vieirópolis (PB),25,0.439,1319.0,0.596,214.31,Faixa 1 (R$ 20k),20000.0,0,0.8,0.0,64.0,64.0,0.0,48.52,12.89,35.63,0.0,0,0,0.0,0.0,-0.5959563269070518
250550,2505501,Vista Serrana (PB),25,0.382,360.0,0.578,325.78,Faixa 2 (R$ 15k),15000.0,0,0.7,0.0,57.0,57.0,0.0,158.33,13.89,144.44,0.0,0,0,0.0,0.0,-0.5945207967190838
251740,2517407,Zabelê (PB),25,0.313,395.0,0.672,269.36,Faixa 2 (R$ 15k),15000.0,0,0.7,0.0,72.0,72.0,0.0,182.28,70.89,111.39,0.0,0,0,0.0,0.0,-0.5927359880574464
250010,2500106,Água Branca (PB),25,0.295,1136.0,0.646,251.22,Faixa 3 (R$ 10k),10000.0,0,0.35,0.0,363.0,363.0,0.0,319.54,117.08,202.46,0.0,0,0,0.0,0.0,-0.5897768203553051
260010,2600104,Afogados da Ingazeira (PE),26,0.419,7900.0,0.683,388.98,Faixa 1 (R$ 20k),20000.0,2,0.94,310006.0,46489.0,356495.0,0.8696,45125.95,18578.48,26547.47,0.8498,19200,3120,265200.0,188.16,1.6083861148915837
260020,2600203,Afrânio (PE),26,0.474,1833.0,0.618,257.58,Faixa 1 (R$ 20k),20000.0,2,0.94,36020.0,6275.0,42295.0,0.8516,23074.2,14804.15,8270.05,0.3938,23760,3432,291720.0,430.08,0.8516723250683539
260030,2600302,Agrestina (PE),26,0.433,4012.0,0.596,294.17,Faixa 1 (R$ 20k),20000.0,0,0.8,113610.0,38803.0,152413.0,0.7454,37989.28,14644.57,23344.72,0.4515,0,0,0.0,0.0,1.0289265027252987
260060,2600609,Alagoinha (PE),26,0.456,1990.0,0.624,277.9,Faixa 1 (R$ 20k),20000.0,0,0.8,206.0,53604.0,53810.0,0.0038,27040.2,17761.31,9278.89,0.1266,0,0,0.0,0.0,0.31424897662502144
260070,2600708,Aliança (PE),26,0.493,6816.0,0.633,263.67,Faixa 1 (R$ 20k),20000.0,0,0.8,54381.0,77121.0,131502.0,0.4135,19293.13,8894.66,10398.47,0.1192,0,0,0.0,0.0,0.19668682671322862
260080,2600807,Altinho (PE),26,0.452,3530.0,0.603,317.86,Faixa 1 (R$ 20k),20000.0,0,0.8,16241.0,22534.0,38775.0,0.4189,10984.42,4556.37,6428.05,0.0,0,0,0.0,0.0,-0.1152843759225882
260090,2600906,Amaraji (PE),26,0.499,5033.0,0.627,305.94,Faixa 1 (R$ 20k),20000.0,0,0.8,17727.0,27826.0,45553.0,0.3892,9050.86,4494.14,4556.73,0.0123,0,0,0.0,0.0,-0.14761611177804762
260100,2601003,Angelim (PE),26,0.523,2049.0,0.617,269.05,Faixa 1 (R$ 20k),20000.0,0,0.8,14095.0,17503.0,31598.0,0.4461,15421.18,6504.64,8916.54,0.0,0,0,0.0,0.0,0.006615397539413514
260110,2601102,Araripina (PE),26,0.43,16019.0,0.64,353.89,Faixa 1 (R$ 20k),20000.0,0,0.8,70006.0,28476.0,98482.0,0.7109,6147.82,1214.93,4932.89,0.6432,0,0,0.0,0.0,0.4077473748200152
260120,2601201,Arcoverde (PE),26,0.369,19644.0,0.675,408.03,Faixa 2 (R$ 15k),15000.0,0,0.7,503345.0,90164.0,593509.0,0.8481,30213.25,6574.48,23638.77,0.6716,0,0,0.0,0.0,0.951277639912741
260130,2601300,Barra de Guabiraba (PE),26,0.521,3170.0,0.575,234.47,Faixa 1 (R$ 20k),20000.0,0,0.8,5709.0,23253.0,28962.0,0.1971,9136.28,6193.38,2942.9,0.0,0,0,0.0,0.0,-0.21440429768181263
260140,2601409,Barreiros (PE),26,0.518,11955.0,0.621,283.04,Faixa 1 (R$ 20k),20000.0,0,0.8,40724.0,82173.0,122897.0,0.3314,10279.97,5027.35,5252.61,0.3911,0,0,0.0,0.0,0.15552301633480675
260170,2601706,Belo Jardim (PE),26,0.37,17154.0,0.643,362.97,Faixa 2 (R$ 15k),15000.0,0,0.7,83996.0,92263.0,176259.0,0.4765,10275.1,4885.04,5390.05,0.1424,0,0,0.0,0.0,0.029100503634877612
260150,2601508,Belém de Maria (PE),26,0.431,2295.0,0.605,268.61,Faixa 1 (R$ 20k),20000.0,0,0.8,4828.0,12023.0,16851.0,0.2865,7342.48,5558.61,1783.88,0.0,0,0,0.0,0.0,-0.20639216551172107
260180,2601805,Betânia (PE),26,0.423,1319.0,0.668,344.78,Faixa 1 (R$ 20k),20000.0,0,0.8,21264.0,14013.0,35277.0,0.6028,26745.26,7468.54,19276.72,0.0,0,0,0.0,0.0,0.260206020840731
260190,2601904,Bezerros (PE),26,0.398,11781.0,0.619,328.82,Faixa 2 (R$ 15k),15000.0,0,0.7,91681.0,93315.0,184996.0,0.4956,15702.91,10751.8,4951.11,0.2879,0,0,0.0,0.0,0.3778447942374573
260200,2602001,Bodocó (PE),26,0.396,4772.0,0.647,296.03,Faixa 2 (R$ 15k),15000.0,0,0.7,202367.0,13489.0,215856.0,0.9375,45233.86,3722.55,41511.32,0.0,0,0,0.0,0.0,0.578249467550372
260210,2602100,Bom Conselho (PE),26,0.607,10323.0,0.619,426.41,Faixa 1 (R$ 20k),20000.0,0,0.8,37945.0,49469.0,87414.0,0.4341,8467.89,4775.36,3692.53,0.2003,0,0,0.0,0.0,0.02703950980315426
260220,2602209,Bom Jardim (PE),26,0.399,4373.0,0.663,292.36,Faixa 2 (R$ 15k),15000.0,0,0.7,11052.0,75312.0,86364.0,0.128,19749.37,12424.88,7324.49,0.0063,0,0,0.0,0.0,0.05169919491359186
260230,2602308,Bonito (PE),26,0.537,7186.0,0.581,261.83,Faixa 1 (R$ 20k),20000.0,0,0.8,4798.0,44300.0,49098.0,0.0977,6832.45,4229.2,2603.26,0.18,0,0,0.0,0.0,-0.2031174912523365
260250,2602506,Brejinho (PE),26,0.325,1031.0,0.64,274.33,Faixa 2 (R$ 15k),15000.0,0,0.7,3091.0,11384.0,14475.0,0.2135,14039.77,10191.08,3848.69,0.0,0,0,0.0,0.0,-0.039131791141196234
260260,2602605,Brejo da Madre de Deus (PE),26,0.457,11287.0,0.597,288.29,Faixa 1 (R$ 20k),20000.0,0,0.8,245345.0,42890.0,288235.0,0.8512,25536.9,2908.66,22628.24,0.0002,0,0,0.0,0.0,0.25862428166935875
260240,2602407,Brejão (PE),26,0.531,1045.0,0.581,218.59,Faixa 1 (R$ 20k),20000.0,0,0.8,113131.0,17331.0,130462.0,0.8672,124844.02,15748.33,109095.69,0.001,0,0,0.0,0.0,1.8753419848722555
260270,2602704,Buenos Aires (PE),26,0.389,2617.0,0.618,256.96,Faixa 2 (R$ 15k),15000.0,0,0.7,7477.0,38563.0,46040.0,0.1624,17592.66,9660.3,7932.37,0.0,0,0,0.0,0.0,-0.034426446806839255
260280,2602803,Buíque (PE),26,0.524,7908.0,0.574,218.64,Faixa 1 (R$ 20k),20000.0,0,0.8,230910.0,95144.0,326054.0,0.7082,41230.91,6274.15,34956.75,0.0,0,0,0.0,0.0,0.47118933556537834
260300,2603009,Cabrobó (PE),26,0.452,6734.0,0.653,290.29,Faixa 1 (R$ 20k),20000.0,0,0.8,22528.0,23771.0,46299.0,0.4866,6875.41,3576.92,3298.49,0.346,0,0,0.0,0.0,0.12044803655151264
260310,2603108,Cachoeirinha (PE),26,0.399,4319.0,0.59,287.7,Faixa 2 (R$ 15k),15000.0,0,0.7,10424.0,37117.0,47541.0,0.2193,11007.41,8209.77,2797.64,0.0,0,0,0.0,0.0,-0.12632958435157776
260320,2603207,Caetés (PE),26,0.438,2159.0,0.611,309.93,Faixa 1 (R$ 20k),20000.0,0,0.8,14868.0,39264.0,54132.0,0.2747,25072.72,19230.66,5842.06,0.0403,0,0,0.0,0.0,0.4016695590067048
260340,2603405,Calumbi (PE),26,0.306,862.0,0.66,382.29,Faixa 2 (R$ 15k),15000.0,0,0.7,16288.0,6858.0,23146.0,0.7037,26851.51,7207.66,19643.85,0.0,0,0,0.0,0.0,0.3084084826560315
260330,2603306,Calçado (PE),26,0.349,1383.0,0.636,269.14,Faixa 2 (R$ 15k),15000.0,0,0.7,10379.0,18585.0,28964.0,0.3583,20942.88,11892.26,9050.61,0.0,0,0,0.0,0.0,0.17049537510433033
260350,2603504,Camocim de São Félix (PE),26,0.435,3647.0,0.59,280.17,Faixa 1 (R$ 20k),20000.0,0,0.8,85083.0,32435.0,117518.0,0.724,32223.2,7311.76,24911.43,0.0,0,0,0.0,0.0,0.39084577539064946
260360,2603603,Camutanga (PE),26,0.505,2144.0,0.623,257.48,Faixa 1 (R$ 20k),20000.0,0,0.8,19566.0,12714.0,32280.0,0.6061,15055.97,5576.03,9479.94,0.0,0,0,0.0,0.0,0.06285428307993653
260370,2603702,Canhotinho (PE),26,0.435,4594.0,0.605,256.27,Faixa 1 (R$ 20k),20000.0,0,0.8,25934.0,51665.0,77599.0,0.3342,16891.38,9338.05,7553.33,0.2194,0,0,0.0,0.0,0.2157012178480886
260380,2603801,Capoeiras (PE),26,0.447,1539.0,0.59,238.1,Faixa 1 (R$ 20k),20000.0,0,0.8,29614.0,38925.0,68539.0,0.4321,44534.76,18096.82,26437.95,0.0,0,0,0.0,0.0,0.673358636396616
260392,2603926,Carnaubeira da Penha (PE),26,0.489,2986.0,0.578,145.14,Faixa 1 (R$ 20k),20000.0,0,0.8,11872.0,14233.0,26105.0,0.4548,8742.46,4111.52,4630.94,0.0,0,0,0.0,0.0,-0.13652311603834338
260390,2603900,Carnaíba (PE),26,0.334,2264.0,0.663,297.17,Faixa 2 (R$ 15k),15000.0,0,0.7,13544.0,36913.0,50457.0,0.2684,22286.66,12466.43,9820.23,0.2943,0,0,0.0,0.0,0.39124713689687185
260400,2604007,Carpina (PE),26,0.409,24262.0,0.675,367.78,Faixa 1 (R$ 20k),20000.0,0,0.8,267666.0,144063.0,411729.0,0.6501,16970.12,4940.15,12029.96,0.1528,0,0,0.0,0.0,0.2170447827617298
260410,2604106,Caruaru (PE),26,0.313,70145.0,0.683,501.45,Faixa 2 (R$ 15k),15000.0,0,0.7,930433.0,171248.0,1101681.0,0.8446,15705.77,8892.72,6813.04,0.7208,0,0,0.0,0.0,0.8627907778489117
260415,2604155,Casinhas (PE),26,0.499,3628.0,0.593,189.47,Faixa 1 (R$ 20k),20000.0,0,0.8,14786.0,29974.0,44760.0,0.3303,12337.38,8742.28,3595.09,0.0,0,0,0.0,0.0,-0.0364895297529928
260420,2604205,Catende (PE),26,0.488,9086.0,0.632,306.72,Faixa 1 (R$ 20k),20000.0,0,0.8,42405.0,44518.0,86923.0,0.4878,9566.7,3503.96,6062.73,0.0,0,0,0.0,0.0,-0.12415943452703411
260430,2604304,Cedro (PE),26,0.333,2112.0,0.653,237.09,Faixa 2 (R$ 15k),15000.0,0,0.7,5118.0,15333.0,20451.0,0.2503,9683.24,5080.97,4602.27,0.0,0,0,0.0,0.0,-0.20795433685622428
260450,2604502,Chã Grande (PE),26,0.509,3663.0,0.582,291.53,Faixa 1 (R$ 20k),20000.0,0,0.8,19614.0,52466.0,72080.0,0.2721,19677.86,11303.58,8374.28,0.1351,0,0,0.0,0.0,0.20171758021154967
260440,2604403,Chã de Alegria (PE),26,0.454,3631.0,0.629,244.85,Faixa 1 (R$ 20k),20000.0,0,0.8,3963.0,28670.0,32633.0,0.1214,8987.33,6603.14,2384.19,0.0,0,0,0.0,0.0,-0.24590933807363932
260460,2604601,Condado (PE),26,0.463,8343.0,0.631,278.93,Faixa 1 (R$ 20k),20000.0,0,0.8,2054.0,64475.0,66529.0,0.0309,7974.23,5816.85,2157.38,0.0648,0,0,0.0,0.0,-0.2753231889225131
260470,2604700,Correntes (PE),26,0.464,3601.0,0.579,258.33,Faixa 1 (R$ 20k),20000.0,0,0.8,1908.0,25467.0,27375.0,0.0697,7602.05,5513.19,2088.86,0.1799,0,0,0.0,0.0,-0.17491348247769925
260480,2604809,Cortês (PE),26,0.476,2632.0,0.627,249.82,Faixa 1 (R$ 20k),20000.0,0,0.8,149342.0,17368.0,166710.0,0.8958,63339.67,7064.21,56275.46,0.5528,0,0,0.0,0.0,1.3191298513903793
260490,2604908,Cumaru (PE),26,0.478,1809.0,0.607,289.48,Faixa 1 (R$ 20k),20000.0,0,0.8,11402.0,40336.0,51738.0,0.2204,28600.33,18012.71,10587.62,0.0,0,0,0.0,0.0,0.35417155894824154
260500,2605004,Cupira (PE),26,0.441,5338.0,0.592,298.98,Faixa 1 (R$ 20k),20000.0,0,0.8,46424.0,33883.0,80307.0,0.5781,15044.4,5500.19,9544.21,0.0,0,0,0.0,0.0,0.045865890765391736
260510,2605103,Custódia (PE),26,0.362,6931.0,0.667,391.66,Faixa 2 (R$ 15k),15000.0,0,0.7,49778.0,49652.0,99430.0,0.5006,14345.69,4731.21,9614.49,0.1493,0,0,0.0,0.0,0.09571140137430847
260515,2605152,Dormentes (PE),26,0.479,1425.0,0.662,313.37,Faixa 1 (R$ 20k),20000.0,0,0.8,33695.0,11334.0,45029.0,0.7483,31599.3,17181.05,14418.25,0.1911,0,0,0.0,0.0,0.8050332870789821
260520,2605202,Escada (PE),26,0.425,19393.0,0.646,303.76,Faixa 1 (R$ 20k),20000.0,0,0.8,398808.0,88238.0,487046.0,0.8188,25114.53,6766.1,18348.42,0.0096,0,0,0.0,0.0,0.3435205693934845
260530,2605301,Exu (PE),26,0.54,6287.0,0.626,257.5,Faixa 1 (R$ 20k),20000.0,0,0.8,24149.0,11371.0,35520.0,0.6799,5649.75,1948.78,3700.97,0.0,0,0,0.0,0.0,-0.11270122446679989
260540,2605400,Feira Nova (PE),26,0.419,5258.0,0.612,299.94,Faixa 1 (R$ 20k),20000.0,0,0.8,47157.0,60951.0,108108.0,0.4362,20560.67,7942.75,12617.92,0.0625,0,0,0.0,0.0,0.15480395284002674
260550,2605509,Ferreiros (PE),26,0.465,2908.0,0.61,250.04,Faixa 1 (R$ 20k),20000.0,0,0.8,15703.0,18689.0,34392.0,0.4566,11826.69,3918.5,7908.18,0.0,0,0,0.0,0.0,-0.1009781028972665
260560,2605608,Flores (PE),26,0.346,2950.0,0.605,288.85,Faixa 2 (R$ 15k),15000.0,0,0.7,5725.0,31832.0,37557.0,0.1524,12731.19,8822.71,3908.47,0.0,0,0,0.0,0.0,-0.12385387831958705
260570,2605707,Floresta (PE),26,0.406,7397.0,0.671,303.15,Faixa 1 (R$ 20k),20000.0,0,0.8,37216.0,51629.0,88845.0,0.4189,12010.95,6211.03,5799.92,0.2235,0,0,0.0,0.0,0.12029115531879672
260580,2605806,Frei Miguelinho (PE),26,0.484,2633.0,0.59,296.01,Faixa 1 (R$ 20k),20000.0,0,0.8,9384.0,16873.0,26257.0,0.3574,9972.27,4242.69,5729.59,0.0,0,0,0.0,0.0,-0.16907738743745088
260590,2605905,Gameleira (PE),26,0.48,6578.0,0.619,256.51,Faixa 1 (R$ 20k),20000.0,0,0.8,33030.0,43083.0,76113.0,0.434,11570.84,4422.92,7147.92,0.0,0,0,0.0,0.0,-0.10319401820917136
260600,2606002,Garanhuns (PE),26,0.374,33442.0,0.651,395.54,Faixa 2 (R$ 15k),15000.0,0,0.7,543724.0,54196.0,597920.0,0.9094,17879.31,11498.74,6380.57,0.6425,0,0,0.0,0.0,0.9297707603124131
260610,2606101,Glória do Goitá (PE),26,0.432,5438.0,0.645,246.92,Faixa 1 (R$ 20k),20000.0,0,0.8,20442.0,44482.0,64924.0,0.3149,11938.95,5134.79,6804.16,0.0,0,0,0.0,0.0,-0.14328635027822995
260620,2606200,Goiana (PE),26,0.388,20413.0,0.665,344.82,Faixa 2 (R$ 15k),15000.0,0,0.7,88548.0,118554.0,207102.0,0.4276,10145.59,5539.8,4605.79,0.3168,0,0,0.0,0.0,0.15850707574723422
260630,2606309,Granito (PE),26,0.374,1277.0,0.651,251.71,Faixa 2 (R$ 15k),15000.0,0,0.7,14513.0,2645.0,17158.0,0.8458,13436.18,3462.02,9974.16,0.0,0,0,0.0,0.0,0.11460263636742951
260640,2606408,Gravatá (PE),26,0.432,17678.0,0.636,371.61,Faixa 1 (R$ 20k),20000.0,0,0.8,108046.0,135621.0,243667.0,0.4434,13783.63,5756.87,8026.76,0.0805,0,0,0.0,0.0,0.02943518647805382
260650,2606507,Iati (PE),26,0.484,2421.0,0.576,257.59,Faixa 1 (R$ 20k),20000.0,0,0.8,6189.0,22471.0,28660.0,0.2159,11838.08,8636.1,3201.98,0.5552,0,0,0.0,0.0,0.3395047682019377
260660,2606606,Ibimirim (PE),26,0.523,5142.0,0.614,242.37,Faixa 1 (R$ 20k),20000.0,0,0.8,28637.0,38710.0,67347.0,0.4252,13097.43,5283.94,7813.5,0.0,0,0,0.0,0.0,-0.06595560068340431
260670,2606705,Ibirajuba (PE),26,0.4,977.0,0.628,285.4,Faixa 2 (R$ 15k),15000.0,0,0.7,1.0,12254.0,12255.0,0.0001,12543.5,8980.55,3562.95,0.0,0,0,0.0,0.0,-0.2030771398732864
260690,2606903,Iguaraci (PE),26,0.387,1939.0,0.626,306.88,Faixa 2 (R$ 15k),15000.0,0,0.7,7485.0,17316.0,24801.0,0.3018,12790.61,7758.64,5031.98,0.0,0,0,0.0,0.0,-0.07130585204550463
260700,2607000,Inajá (PE),26,0.517,2761.0,0.621,230.59,Faixa 1 (R$ 20k),20000.0,0,0.8,33192.0,20645.0,53837.0,0.6165,19499.09,4774.36,14724.74,0.0,0,0,0.0,0.0,0.10463633781305444
260710,2607109,Ingazeira (PE),26,0.41,556.0,0.649,366.01,Faixa 1 (R$ 20k),20000.0,0,0.8,7133.0,12016.0,19149.0,0.3725,34440.65,18791.37,15649.28,0.0,0,0,0.0,0.0,0.530123328259311
260730,2607307,Ipubi (PE),26,0.505,6557.0,0.619,249.09,Faixa 1 (R$ 20k),20000.0,0,0.8,12090.0,9680.0,21770.0,0.5554,3320.12,929.85,2390.27,0.0,0,0,0.0,0.0,-0.23515267285336044
260765,2607653,Itambé (PE),26,0.49,10329.0,0.606,290.96,Faixa 1 (R$ 20k),20000.0,0,0.8,42387.0,34623.0,77010.0,0.5504,7455.71,2407.4,5048.31,0.0,0,0,0.0,0.0,-0.14642474696639618
260770,2607703,Itapetim (PE),26,0.421,2023.0,0.675,363.19,Faixa 1 (R$ 20k),20000.0,0,0.8,9509.0,22567.0,32076.0,0.2965,15855.66,10639.15,5216.51,0.4636,0,0,0.0,0.0,0.41223904613044127
260780,2607802,Itaquitinga (PE),26,0.499,4324.0,0.625,241.05,Faixa 1 (R$ 20k),20000.0,0,0.8,17927.0,48845.0,66772.0,0.2685,15442.18,8267.81,7174.38,0.0,0,0,0.0,0.0,-0.041760754085893345
260750,2607505,Itaíba (PE),26,0.385,3555.0,0.588,271.4,Faixa 2 (R$ 15k),15000.0,0,0.7,3684.0,47368.0,51052.0,0.0722,14360.62,9146.84,5213.78,0.0,0,0,0.0,0.0,-0.13714001800413422
260795,2607950,Jaqueira (PE),26,0.548,2196.0,0.587,271.49,Faixa 1 (R$ 20k),20000.0,0,0.8,5044.0,18727.0,23771.0,0.2122,10824.68,6718.12,4106.56,0.0,0,0,0.0,0.0,-0.17110857923882933
260800,2608008,Jataúba (PE),26,0.448,2840.0,0.578,269.98,Faixa 1 (R$ 20k),20000.0,0,0.8,46869.0,20040.0,66909.0,0.7005,23559.51,5497.18,18062.32,0.0,0,0,0.0,0.0,0.22011624367060872
260805,2608057,Jatobá (PE),26,0.448,2100.0,0.615,233.72,Faixa 1 (R$ 20k),20000.0,0,0.8,8843.0,19144.0,27987.0,0.316,13327.14,10556.67,2770.48,0.0,0,0,0.0,0.0,0.015646172587383066
260820,2608206,Joaquim Nabuco (PE),26,0.501,4140.0,0.593,243.67,Faixa 1 (R$ 20k),20000.0,0,0.8,760.0,32982.0,33742.0,0.0225,8150.24,5222.95,2927.29,0.0,0,0,0.0,0.0,-0.3449654465967795
260810,2608107,João Alfredo (PE),26,0.385,4032.0,0.634,309.29,Faixa 2 (R$ 15k),15000.0,0,0.7,13074.0,46472.0,59546.0,0.2196,14768.35,8579.61,6188.74,0.0,0,0,0.0,0.0,-0.06830592135254673
260825,2608255,Jucati (PE),26,0.495,3071.0,0.572,212.9,Faixa 1 (R$ 20k),20000.0,0,0.8,36872.0,20732.0,57604.0,0.6401,18757.41,6215.56,12541.84,0.0,0,0,0.0,0.0,0.1450062618678405
260830,2608305,Jupi (PE),26,0.392,2433.0,0.627,317.23,Faixa 2 (R$ 15k),15000.0,0,0.7,1999.0,33760.0,35759.0,0.0559,14697.49,9726.26,4971.23,0.0,0,0,0.0,0.0,-0.12645676201851044
260840,2608404,Jurema (PE),26,0.497,2777.0,0.559,224.39,Faixa 1 (R$ 20k),20000.0,0,0.8,699.0,40599.0,41298.0,0.0169,14871.44,11368.02,3503.42,0.0,0,0,0.0,0.0,-0.10238911559510402
260850,2608503,Lagoa de Itaenga (PE),26,0.539,6126.0,0.622,250.46,Faixa 1 (R$ 20k),20000.0,0,0.8,40877.0,45033.0,85910.0,0.4758,14023.83,5288.28,8735.55,0.1238,0,0,0.0,0.0,0.07236274949659759
260845,2608453,Lagoa do Carro (PE),26,0.489,3656.0,0.625,256.38,Faixa 1 (R$ 20k),20000.0,0,0.8,42565.0,44835.0,87400.0,0.487,23905.91,8032.82,15873.09,0.0,0,0,0.0,0.0,0.17686778119403979
260860,2608602,Lagoa do Ouro (PE),26,0.507,1737.0,0.556,253.42,Faixa 1 (R$ 20k),20000.0,0,0.8,40256.0,22941.0,63197.0,0.637,36382.84,12449.05,23933.79,0.2446,0,0,0.0,0.0,0.7276367669067136
260870,2608701,Lagoa dos Gatos (PE),26,0.428,2424.0,0.595,306.47,Faixa 1 (R$ 20k),20000.0,0,0.8,1472.0,16661.0,18133.0,0.0812,7480.61,5377.48,2103.14,0.0,0,0,0.0,0.0,-0.3183733941511687
260880,2608800,Lajedo (PE),26,0.358,7688.0,0.65,359.89,Faixa 2 (R$ 15k),15000.0,0,0.7,24453.0,73608.0,98061.0,0.2494,12755.07,7703.04,5052.03,0.0,0,0,0.0,0.0,-0.10103921422751942
260890,2608909,Limoeiro (PE),26,0.425,13169.0,0.677,374.68,Faixa 1 (R$ 20k),20000.0,0,0.8,422485.0,95188.0,517673.0,0.8161,39309.97,14743.94,24566.03,0.2294,0,0,0.0,0.0,0.9076257531348148
260900,2609006,Macaparana (PE),26,0.347,4422.0,0.641,297.57,Faixa 2 (R$ 15k),15000.0,0,0.7,14364.0,34464.0,48828.0,0.2942,11042.06,5625.51,5416.55,0.0972,0,0,0.0,0.0,-0.07500759080020361
260910,2609105,Machados (PE),26,0.509,2787.0,0.597,243.02,Faixa 1 (R$ 20k),20000.0,0,0.8,1790.0,26167.0,27957.0,0.064,10031.22,6040.55,3990.67,0.0,0,0,0.0,0.0,-0.2775828170400081
260915,2609154,Manari (PE),26,0.524,1334.0,0.6,235.86,Faixa 1 (R$ 20k),20000.0,0,0.8,50153.0,29154.0,79307.0,0.6324,59450.52,16381.56,43068.97,0.0008,0,0,0.0,0.0,0.9274184263220743
260920,2609204,Maraial (PE),26,0.541,2702.0,0.589,241.0,Faixa 1 (R$ 20k),20000.0,0,0.8,122.0,14162.0,14284.0,0.0085,5286.45,3331.24,1955.22,0.0,0,0,0.0,0.0,-0.4381951328665422
260930,2609303,Mirandiba (PE),26,0.446,2562.0,0.63,205.2,Faixa 1 (R$ 20k),20000.0,0,0.8,47232.0,21016.0,68248.0,0.6921,26638.56,6532.4,20106.17,0.0,0,0,0.0,0.0,0.282010910847552
261430,2614303,Moreilândia (PE),26,0.355,2300.0,0.638,194.42,Faixa 2 (R$ 15k),15000.0,0,0.7,45822.0,5539.0,51361.0,0.8922,22330.87,2840.43,19490.43,0.0,0,0,0.0,0.0,0.2373199767276956
260950,2609501,Nazaré da Mata (PE),26,0.329,10318.0,0.675,311.77,Faixa 2 (R$ 15k),15000.0,0,0.7,61466.0,86694.0,148160.0,0.4149,14359.37,6431.67,7927.7,0.109,0,0,0.0,0.0,0.06206672856582447
260970,2609709,Orobó (PE),26,0.448,2229.0,0.659,292.41,Faixa 1 (R$ 20k),20000.0,0,0.8,78419.0,52227.0,130646.0,0.6002,58611.93,20464.33,38147.6,0.0,0,0,0.0,0.0,1.0047258096112075
260990,2609907,Ouricuri (PE),26,0.464,11233.0,0.648,363.62,Faixa 1 (R$ 20k),20000.0,5,0.94,41990.0,14423.0,56413.0,0.7443,5022.08,2749.67,2272.41,1.0,52650,7605,646425.0,604.8,0.7373935608436291
261000,2610004,Palmares (PE),26,0.395,15008.0,0.652,308.0,Faixa 2 (R$ 15k),15000.0,16,0.88,125929.0,57903.0,183832.0,0.685,12248.93,8017.79,4231.14,1.0,162900,24570,2088450.0,1774.08,0.9352048328827929
261010,2610103,Palmeirina (PE),26,0.521,1751.0,0.58,280.38,Faixa 1 (R$ 20k),20000.0,0,0.8,1766.0,14310.0,16076.0,0.1099,9181.04,5836.09,3344.95,0.0,0,0,0.0,0.0,-0.2694127120028073
261020,2610202,Panelas (PE),26,0.462,4148.0,0.61,292.91,Faixa 1 (R$ 20k),20000.0,0,0.8,38539.0,41630.0,80169.0,0.4807,19327.15,8692.38,10634.76,0.1726,0,0,0.0,0.0,0.27046869071299895
261030,2610301,Paranatama (PE),26,0.496,3328.0,0.569,219.63,Faixa 1 (R$ 20k),20000.0,0,0.8,25680.0,26743.0,52423.0,0.4899,15752.1,6277.94,9474.16,0.2925,0,0,0.0,0.0,0.26318621699773254
261040,2610400,Parnamirim (PE),26,0.355,2602.0,0.688,311.2,Faixa 2 (R$ 15k),15000.0,0,0.7,12371.0,22789.0,35160.0,0.3518,13512.68,7204.84,6307.84,0.0,0,0,0.0,0.0,-0.049829557354422
261050,2610509,Passira (PE),26,0.457,4135.0,0.626,293.49,Faixa 1 (R$ 20k),20000.0,0,0.8,11698.0,70274.0,81972.0,0.1427,19823.94,11278.6,8545.34,0.0,0,0,0.0,0.0,0.02569522895579428
261060,2610608,Paudalho (PE),26,0.554,12997.0,0.643,262.05,Faixa 1 (R$ 20k),20000.0,0,0.8,92772.0,91275.0,184047.0,0.5041,14160.73,6939.29,7221.44,0.2598,0,0,0.0,0.0,0.241178670134381
261080,2610806,Pedra (PE),26,0.515,4125.0,0.6,238.62,Faixa 1 (R$ 20k),20000.0,0,0.8,26718.0,58565.0,85283.0,0.3133,20674.67,8017.94,12656.73,0.0032,0,0,0.0,0.0,0.045300312749274076
261090,2610905,Pesqueira (PE),26,0.415,12357.0,0.651,340.99,Faixa 1 (R$ 20k),20000.0,0,0.8,169795.0,140819.0,310614.0,0.5466,25136.68,9154.08,15982.6,0.3142,0,0,0.0,0.0,0.5057495817880193
261100,2611002,Petrolândia (PE),26,0.413,7999.0,0.652,360.49,Faixa 1 (R$ 20k),20000.0,0,0.8,116150.0,45354.0,161504.0,0.7192,20190.52,5613.08,14577.45,0.6225,0,0,0.0,0.0,0.6897887263276234
261130,2611309,Pombos (PE),26,0.417,4557.0,0.631,304.93,Faixa 1 (R$ 20k),20000.0,0,0.8,25886.0,78828.0,104714.0,0.2472,22978.71,13655.69,9323.02,0.0089,0,0,0.0,0.0,0.19046452238336173
261120,2611200,Poção (PE),26,0.541,1987.0,0.561,255.72,Faixa 1 (R$ 20k),20000.0,0,0.8,39687.0,22342.0,62029.0,0.6398,31217.41,8298.44,22918.97,0.0,0,0,0.0,0.0,0.358779344199352
261140,2611408,Primavera (PE),26,0.432,2698.0,0.606,293.07,Faixa 1 (R$ 20k),20000.0,0,0.8,2887.0,32531.0,35418.0,0.0815,13127.5,8325.43,4802.08,0.0,0,0,0.0,0.0,-0.16931882712176075
261150,2611507,Quipapá (PE),26,0.467,3828.0,0.58,233.46,Faixa 1 (R$ 20k),20000.0,0,0.8,29160.0,21978.0,51138.0,0.5702,13358.93,4539.97,8818.97,0.0,0,0,0.0,0.0,-0.0048544372885292566
261153,2611533,Quixaba (PE),26,0.383,792.0,0.603,243.82,Faixa 2 (R$ 15k),15000.0,0,0.7,3464.0,15634.0,19098.0,0.1814,24113.64,18351.01,5762.63,0.0,0,0,0.0,0.0,0.28462738874541516
261170,2611705,Riacho das Almas (PE),26,0.388,2285.0,0.62,350.54,Faixa 2 (R$ 15k),15000.0,0,0.7,45288.0,27097.0,72385.0,0.6257,31678.34,12470.02,19208.32,0.0972,0,0,0.0,0.0,0.5433974200420952
261180,2611804,Ribeirão (PE),26,0.479,11127.0,0.633,306.31,Faixa 1 (R$ 20k),20000.0,0,0.8,2266.0,70400.0,72666.0,0.0312,6530.6,4200.68,2329.92,0.0,0,0,0.0,0.0,-0.38763077779831595
261190,2611903,Rio Formoso (PE),26,0.435,4756.0,0.647,289.47,Faixa 1 (R$ 20k),20000.0,0,0.8,12323.0,42772.0,55095.0,0.2237,11584.31,6156.85,5427.46,0.0,0,0,0.0,0.0,-0.1697956967186332
261200,2612000,Sairé (PE),26,0.401,1642.0,0.588,273.42,Faixa 1 (R$ 20k),20000.0,0,0.8,7032.0,21089.0,28121.0,0.2501,17126.07,8805.72,8320.34,0.0,0,0,0.0,0.0,-0.01597762720806171
261210,2612109,Salgadinho (PE),26,0.566,2750.0,0.541,187.94,Faixa 1 (R$ 20k),20000.0,0,0.8,3880.0,11440.0,15320.0,0.2533,5570.91,4406.91,1164.0,0.0,0,0,0.0,0.0,-0.27662069230450326
261220,2612208,Salgueiro (PE),26,0.363,16888.0,0.68,375.57,Faixa 2 (R$ 15k),15000.0,0,0.7,286327.0,37595.0,323922.0,0.8839,19180.6,6373.87,12806.73,0.8523,0,0,0.0,0.0,0.968606875723118
261230,2612307,Saloá (PE),26,0.437,2521.0,0.577,279.52,Faixa 1 (R$ 20k),20000.0,0,0.8,43012.0,28871.0,71883.0,0.5984,28513.69,11286.39,17227.29,0.1976,0,0,0.0,0.0,0.5382324053289462
261240,2612406,Sanharó (PE),26,0.391,3943.0,0.635,273.02,Faixa 2 (R$ 15k),15000.0,0,0.7,77334.0,52703.0,130037.0,0.5947,32979.2,12378.14,20601.07,0.0,0,0,0.0,0.0,0.46317770119899715
261245,2612455,Santa Cruz (PE),26,0.447,1431.0,0.633,246.64,Faixa 1 (R$ 20k),20000.0,0,0.8,6322.0,7899.0,14221.0,0.4446,9937.81,6903.56,3034.24,0.0,0,0,0.0,0.0,-0.05423105517355031
261247,2612471,Santa Cruz da Baixa Verde (PE),26,0.297,1747.0,0.667,325.84,Faixa 3 (R$ 10k),10000.0,0,0.35,3185.0,12011.0,15196.0,0.2096,8698.34,5330.28,3368.06,0.0,0,0,0.0,0.0,-0.23575623316762578
261250,2612505,Santa Cruz do Capibaribe (PE),26,0.334,22985.0,0.655,472.47,Faixa 2 (R$ 15k),15000.0,0,0.7,91541.0,64186.0,155727.0,0.5878,6775.16,2087.1,4688.06,0.0534,0,0,0.0,0.0,-0.10070494351421033
261255,2612554,Santa Filomena (PE),26,0.464,4513.0,0.559,165.05,Faixa 1 (R$ 20k),20000.0,0,0.8,1182.0,4111.0,5293.0,0.2233,1172.83,762.91,409.93,0.0,0,0,0.0,0.0,-0.44346243222575216
261270,2612703,Santa Maria do Cambucá (PE),26,0.492,3587.0,0.561,257.6,Faixa 1 (R$ 20k),20000.0,0,0.8,2675.0,21671.0,24346.0,0.1099,6787.29,4057.43,2729.86,0.0,0,0,0.0,0.0,-0.3462414376376096
261280,2612802,Santa Terezinha (PE),26,0.465,1949.0,0.617,249.21,Faixa 1 (R$ 20k),20000.0,0,0.8,12791.0,12245.0,25036.0,0.5109,12845.56,8362.24,4483.32,0.0,0,0,0.0,0.0,0.05612236300737208
261390,2613909,Serra Talhada (PE),26,0.377,19884.0,0.673,356.78,Faixa 2 (R$ 15k),15000.0,2,0.88,467405.0,58284.0,525689.0,0.8891,26437.79,13641.37,12796.42,0.9088,21060,3042,258570.0,241.92,1.2982726093967498
261400,2614006,Serrita (PE),26,0.35,2393.0,0.621,263.27,Faixa 2 (R$ 15k),15000.0,0,0.7,19280.0,19379.0,38659.0,0.4987,16155.04,6496.45,9658.59,0.0,0,0,0.0,0.0,0.04376579138454293
261410,2614105,Sertânia (PE),26,0.439,5597.0,0.664,401.53,Faixa 1 (R$ 20k),20000.0,0,0.8,38889.0,91649.0,130538.0,0.2979,23322.85,9008.4,14314.45,0.1853,0,0,0.0,0.0,0.24304486713338497
261420,2614204,Sirinhaém (PE),26,0.434,7816.0,0.644,276.4,Faixa 1 (R$ 20k),20000.0,0,0.8,16336.0,62583.0,78919.0,0.207,10097.11,6036.98,4060.13,0.0,0,0,0.0,0.0,-0.2008648902746016
261440,2614402,Solidão (PE),26,0.533,1217.0,0.604,213.53,Faixa 1 (R$ 20k),20000.0,0,0.8,9485.0,10137.0,19622.0,0.4834,16123.25,9330.32,6792.93,0.0,0,0,0.0,0.0,0.10868029304416305
261450,2614501,Surubim (PE),26,0.362,11174.0,0.65,341.5,Faixa 2 (R$ 15k),15000.0,0,0.7,98622.0,103530.0,202152.0,0.4879,18091.28,8368.09,9723.2,0.2539,0,0,0.0,0.0,0.31532260423667857
261290,2612901,São Benedito do Sul (PE),26,0.505,2530.0,0.598,215.72,Faixa 1 (R$ 20k),20000.0,0,0.8,4587.0,16094.0,20681.0,0.2218,8174.31,4157.31,4017.0,0.0,0,0,0.0,0.0,-0.266404089338245
261300,2613008,São Bento do Una (PE),26,0.477,7900.0,0.609,354.29,Faixa 1 (R$ 20k),20000.0,0,0.8,1167335.0,77258.0,1244593.0,0.9379,157543.42,11262.15,146281.27,0.0,0,0,0.0,0.0,2.2155765139864285
261310,2613107,São Caitano (PE),26,0.417,7819.0,0.616,308.01,Faixa 1 (R$ 20k),20000.0,0,0.8,27923.0,44056.0,71979.0,0.3879,9205.65,6035.81,3169.84,0.1655,0,0,0.0,0.0,0.01668604501572518
261330,2613305,São Joaquim do Monte (PE),26,0.485,3804.0,0.562,210.01,Faixa 1 (R$ 20k),20000.0,0,0.8,42268.0,35841.0,78109.0,0.5411,20533.39,7726.6,12806.78,0.2244,0,0,0.0,0.0,0.33461186539598387
261340,2613404,São José da Coroa Grande (PE),26,0.436,4937.0,0.637,297.62,Faixa 1 (R$ 20k),20000.0,0,0.8,10814.0,32200.0,43014.0,0.2514,8712.58,4590.64,4121.94,0.0,0,0,0.0,0.0,-0.23253890716370168
261350,2613503,São José do Belmonte (PE),26,0.414,6099.0,0.65,320.28,Faixa 1 (R$ 20k),20000.0,0,0.8,37316.0,48740.0,86056.0,0.4336,14109.85,5868.83,8241.02,0.1844,0,0,0.0,0.0,0.1147694595821364
261360,2613602,São José do Egito (PE),26,0.35,6182.0,0.67,343.16,Faixa 2 (R$ 15k),15000.0,0,0.7,54793.0,42696.0,97489.0,0.562,15769.82,8186.83,7582.98,0.3091,0,0,0.0,0.0,0.3645234901963388
261320,2613206,São João (PE),26,0.558,3216.0,0.599,288.46,Faixa 1 (R$ 20k),20000.0,0,0.8,49967.0,49810.0,99777.0,0.5008,31025.19,14948.07,16077.11,0.2371,0,0,0.0,0.0,0.6452566758291592
261380,2613800,São Vicente Ferrer (PE),26,0.473,3464.0,0.58,232.04,Faixa 1 (R$ 20k),20000.0,0,0.8,4494.0,37248.0,41742.0,0.1077,12050.23,8220.55,3829.68,0.0,0,0,0.0,0.0,-0.17194797660481403
261460,2614600,Tabira (PE),26,0.413,5303.0,0.622,285.52,Faixa 1 (R$ 20k),20000.0,0,0.8,34851.0,38656.0,73507.0,0.4741,13861.4,6717.9,7143.5,0.0186,0,0,0.0,0.0,0.021933609711644896
261470,2614709,Tacaimbó (PE),26,0.426,1964.0,0.597,262.84,Faixa 1 (R$ 20k),20000.0,0,0.8,11645.0,25421.0,37066.0,0.3142,18872.71,13094.7,5778.0,0.0,0,0,0.0,0.0,0.15165981323571445
261485,2614857,Tamandaré (PE),26,0.47,5889.0,0.643,305.54,Faixa 1 (R$ 20k),20000.0,0,0.8,20347.0,54780.0,75127.0,0.2708,12757.17,6409.24,6347.94,0.0004,0,0,0.0,0.0,-0.12285641493194781
261500,2615003,Taquaritinga do Norte (PE),26,0.362,4413.0,0.652,381.1,Faixa 2 (R$ 15k),15000.0,0,0.7,116908.0,22243.0,139151.0,0.8402,31532.06,3939.27,27592.79,0.168,0,0,0.0,0.0,0.4912259115320457
261510,2615102,Terezinha (PE),26,0.505,912.0,0.563,229.62,Faixa 1 (R$ 20k),20000.0,0,0.8,2495.0,19852.0,22347.0,0.1116,24503.29,15166.67,9336.62,0.0,0,0,0.0,0.0,0.1700160121291559
261520,2615201,Terra Nova (PE),26,0.388,1754.0,0.628,240.07,Faixa 2 (R$ 15k),15000.0,0,0.7,4973.0,21676.0,26649.0,0.1866,15193.27,11377.99,3815.28,0.0,0,0,0.0,0.0,-0.007851185789728455
261530,2615300,Timbaúba (PE),26,0.428,14187.0,0.633,297.23,Faixa 1 (R$ 20k),20000.0,0,0.8,174120.0,119859.0,293979.0,0.5923,20721.72,6939.24,13782.48,0.0507,0,0,0.0,0.0,0.20430770598210507
261540,2615409,Toritama (PE),26,0.349,9006.0,0.62,421.05,Faixa 2 (R$ 15k),15000.0,0,0.7,32990.0,48881.0,81871.0,0.403,9090.72,4551.08,4539.64,0.0831,0,0,0.0,0.0,-0.0814324550828164
261550,2615508,Tracunhaém (PE),26,0.452,4016.0,0.621,258.57,Faixa 1 (R$ 20k),20000.0,0,0.8,1632.0,27693.0,29325.0,0.0557,7302.04,3798.06,3503.98,0.0,0,0,0.0,0.0,-0.37514841203167093
261560,2615607,Trindade (PE),26,0.511,7967.0,0.627,319.8,Faixa 1 (R$ 20k),20000.0,0,0.8,8994.0,11884.0,20878.0,0.4308,2620.56,1382.45,1238.11,0.0,0,0,0.0,0.0,-0.29859215728222377
261570,2615706,Triunfo (PE),26,0.26,2411.0,0.704,460.87,Faixa 3 (R$ 10k),10000.0,0,0.35,6477.0,21822.0,28299.0,0.2289,11737.45,5758.19,5979.26,0.0105,0,0,0.0,0.0,-0.16696684468077744
261580,2615805,Tupanatinga (PE),26,0.565,3137.0,0.586,273.36,Faixa 1 (R$ 20k),20000.0,0,0.8,31455.0,38007.0,69462.0,0.4528,22142.81,9436.72,12706.09,0.0,0,0,0.0,0.0,0.17245469709698993
261590,2615904,Tuparetama (PE),26,0.314,1833.0,0.676,366.96,Faixa 2 (R$ 15k),15000.0,0,0.7,1987.0,11072.0,13059.0,0.1522,7124.39,5280.96,1843.43,0.224,0,0,0.0,0.0,-0.10781808211295037
261600,2616001,Venturosa (PE),26,0.413,3201.0,0.613,264.72,Faixa 1 (R$ 20k),20000.0,0,0.8,12383.0,46634.0,59017.0,0.2098,18437.05,10247.11,8189.94,0.1565,0,0,0.0,0.0,0.14250021829949855
261610,2616100,Verdejante (PE),26,0.381,1062.0,0.684,356.9,Faixa 2 (R$ 15k),15000.0,0,0.7,998.0,21992.0,22990.0,0.0434,21647.83,14759.89,6887.95,0.0,0,0,0.0,0.0,0.08658854269369258
261618,2616183,Vertente do Lério (PE),26,0.458,2006.0,0.575,206.35,Faixa 1 (R$ 20k),20000.0,0,0.8,3010.0,22331.0,25341.0,0.1188,12632.6,9665.5,2967.1,0.0,0,0,0.0,0.0,-0.12112439300436643
261620,2616209,Vertentes (PE),26,0.39,3735.0,0.604,330.91,Faixa 2 (R$ 15k),15000.0,0,0.7,10697.0,38110.0,48807.0,0.2192,13067.47,8645.25,4422.22,0.3041,0,0,0.0,0.0,0.15559706759606795
261630,2616308,Vicência (PE),26,0.407,4372.0,0.632,269.45,Faixa 1 (R$ 20k),20000.0,0,0.8,27377.0,55075.0,82452.0,0.332,18859.1,8786.6,10072.51,0.0,0,0,0.0,0.0,0.0492805607002603
261640,2616407,Vitória de Santo Antão (PE),26,0.413,35470.0,0.656,354.6,Faixa 1 (R$ 20k),20000.0,1,0.94,200398.0,234325.0,434723.0,0.461,12256.08,7619.42,4636.65,0.3175,12720,2067,175695.0,174.72,0.25780508999911156
261650,2616506,Xexéu (PE),26,0.55,3016.0,0.568,240.76,Faixa 1 (R$ 20k),20000.0,0,0.8,207290.0,20240.0,227530.0,0.911,75440.98,4905.84,70535.15,0.0,0,0,0.0,0.0,0.9826048970090895
260040,2600401,Água Preta (PE),26,0.447,6821.0,0.591,211.58,Faixa 1 (R$ 20k),20000.0,0,0.8,60625.0,45047.0,105672.0,0.5737,15492.16,4299.81,11192.35,0.0528,0,0,0.0,0.0,0.060572108351101904
260050,2600500,Águas Belas (PE),26,0.51,7104.0,0.577,291.35,Faixa 1 (R$ 20k),20000.0,0,0.8,42238.0,59932.0,102170.0,0.4134,14382.04,6743.67,7638.37,0.0,0,0,0.0,0.0,-0.017899442435813373
260875,2608750,Lagoa Grande (PE),26,0.417,3989.0,0.651,325.83,Faixa 1 (R$ 20k),20000.0,0,0.8,19299.0,17805.0,37104.0,0.5201,9301.58,3889.2,5412.38,0.0745,0,0,0.0,0.0,-0.04058213096146029
260980,2609808,Orocó (PE),26,0.324,1909.0,0.686,283.52,Faixa 2 (R$ 15k),15000.0,0,0.7,17184.0,9331.0,26515.0,0.6481,13889.47,5493.45,8396.02,0.0,0,0,0.0,0.0,0.06805105458051124
261110,2611101,Petrolina (PE),26,0.333,73175.0,0.709,498.62,Faixa 2 (R$ 15k),15000.0,1,0.88,631531.0,41178.0,672709.0,0.9388,9193.15,3865.98,5327.17,0.9428,9600,1560,132600.0,94.08,0.8772506096869221
261260,2612604,Santa Maria da Boa Vista (PE),26,0.341,6303.0,0.647,335.59,Faixa 2 (R$ 15k),15000.0,0,0.7,38524.0,27321.0,65845.0,0.5851,10446.61,3362.21,7084.4,0.154,0,0,0.0,0.0,0.058839972361004446
260005,2600054,Abreu E Lima (PE),26,0.43,28848.0,0.695,371.31,Faixa 1 (R$ 20k),20000.0,0,0.8,88793.0,308936.0,397729.0,0.2233,13787.06,8404.15,5382.9,0.0,0,0,0.0,0.0,-0.08348481359480739
260105,2601052,Araçoiaba (PE),26,0.66,5557.0,0.598,230.13,Faixa 1 (R$ 20k),20000.0,0,0.8,78859.0,39699.0,118558.0,0.6652,21334.89,5707.04,15627.86,0.0,0,0,0.0,0.0,0.17824651845192346
260290,2602902,Cabo de Santo Agostinho (PE),26,0.397,56817.0,0.687,412.61,Faixa 2 (R$ 15k),15000.0,2,0.88,368801.0,256670.0,625471.0,0.5896,11008.52,6456.32,4552.19,0.3356,25440,4134,351390.0,349.44,0.2944969978535806
260345,2603454,Camaragibe (PE),26,0.45,48318.0,0.68,399.8,Faixa 1 (R$ 20k),20000.0,1,0.94,532569.0,437398.0,969967.0,0.5491,20074.65,11249.89,8824.77,0.1455,12720,2067,175695.0,174.72,0.3609209874501679
260680,2606804,Igarassu (PE),26,0.473,34267.0,0.673,368.25,Faixa 1 (R$ 20k),20000.0,0,0.8,125285.0,262924.0,388209.0,0.3227,11328.95,5296.35,6032.6,0.0392,0,0,0.0,0.0,-0.11130106990758745
260760,2607604,Ilha de Itamaracá (PE),26,0.464,6211.0,0.67,366.15,Faixa 1 (R$ 20k),20000.0,0,0.8,12402.0,59156.0,71558.0,0.1733,11521.17,6383.19,5137.98,0.0,0,0,0.0,0.0,-0.19151332255699136
260720,2607208,Ipojuca (PE),26,0.364,21020.0,0.652,339.91,Faixa 2 (R$ 15k),15000.0,0,0.7,113270.0,126078.0,239348.0,0.4732,11386.68,6915.51,4471.17,0.2082,0,0,0.0,0.0,0.14709333654865955
260775,2607752,Itapissuma (PE),26,0.487,6971.0,0.649,267.35,Faixa 1 (R$ 20k),20000.0,0,0.8,30165.0,70635.0,100800.0,0.2993,14459.91,8687.56,5772.34,0.0,0,0,0.0,0.0,-0.027129119762660227
260790,2607901,Jaboatão dos Guararapes (PE),26,0.454,203344.0,0.699,439.36,Faixa 1 (R$ 20k),20000.0,2,0.94,1553743.0,1204466.0,2758209.0,0.5633,13564.25,8039.55,5524.7,0.2916,24600,3783,321555.0,389.76,0.3190286173163298
260940,2609402,Moreno (PE),26,0.516,17427.0,0.664,327.15,Faixa 1 (R$ 20k),20000.0,0,0.8,47680.0,118623.0,166303.0,0.2867,9542.84,5804.33,3738.51,0.1417,0,0,0.0,0.0,-0.05786052579997532
260960,2609600,Olinda (PE),26,0.376,120919.0,0.718,516.63,Faixa 2 (R$ 15k),15000.0,0,0.7,469495.0,1005775.0,1475270.0,0.3182,12200.48,6421.96,5778.52,0.157,0,0,0.0,0.0,0.021285478134598856
261070,2610707,Paulista (PE),26,0.422,93242.0,0.728,470.89,Faixa 1 (R$ 20k),20000.0,0,0.8,732387.0,791296.0,1523683.0,0.4807,16341.17,8554.63,7786.53,0.1814,0,0,0.0,0.0,0.23563590640505003
261160,2611606,Recife (PE),26,0.364,468300.0,0.733,669.44,Faixa 2 (R$ 15k),15000.0,6,0.88,11864144.0,62215.0,11926359.0,0.9948,25467.35,8700.84,16766.5,0.9187,67590,8697,739245.0,698.88,1.221864587366105
261370,2613701,São Lourenço da Mata (PE),26,0.517,32670.0,0.661,333.85,Faixa 1 (R$ 20k),20000.0,0,0.8,127171.0,232099.0,359270.0,0.354,10996.94,4820.97,6175.97,0.252,0,0,0.0,0.0,0.05966038734243959
220005,2200053,Acauã (PI),22,0.424,924.0,0.555,201.2,Faixa 1 (R$ 20k),20000.0,0,0.8,0.0,99.0,99.0,0.0,107.14,49.78,57.36,0.0,0,0,0.0,0.0,-0.5942476909730511
220010,2200103,Agricolândia (PI),22,0.505,1530.0,0.63,256.92,Faixa 1 (R$ 20k),20000.0,0,0.8,0.0,75.0,75.0,0.0,49.02,8.5,40.52,0.0,0,0,0.0,0.0,-0.596063691655376
220025,2200251,Alagoinha do Piauí (PI),22,0.364,658.0,0.626,268.33,Faixa 2 (R$ 15k),15000.0,0,0.7,0.0,41.0,41.0,0.0,62.31,21.28,41.03,0.0,0,0,0.0,0.0,-0.5955618491053372
220027,2200277,Alegrete do Piauí (PI),22,0.427,849.0,0.618,304.77,Faixa 1 (R$ 20k),20000.0,0,0.8,0.0,70.0,70.0,0.0,82.45,21.2,61.25,0.0,0,0,0.0,0.0,-0.595305388998485
220030,2200301,Alto Longá (PI),22,0.393,2626.0,0.679,346.32,Faixa 2 (R$ 15k),15000.0,0,0.7,0.0,105.0,105.0,0.0,39.98,7.24,32.75,0.0,0,0,0.0,0.0,-0.5962123265144681
220050,2200509,Amarante (PI),22,0.406,3888.0,0.671,361.42,Faixa 1 (R$ 20k),20000.0,0,0.8,0.0,143.0,143.0,0.0,36.78,5.66,31.12,0.0,0,0,0.0,0.0,-0.5962944235131676
220070,2200707,Anísio de Abreu (PI),22,0.432,1394.0,0.649,238.06,Faixa 1 (R$ 20k),20000.0,0,0.8,0.0,28.0,28.0,0.0,20.09,4.3,15.78,0.0,0,0,0.0,0.0,-0.5965439871293304
220105,2201051,Assunção do Piauí (PI),22,0.56,1201.0,0.487,134.77,Faixa 1 (R$ 20k),20000.0,0,0.8,0.0,165.0,165.0,0.0,137.39,12.49,124.9,0.0,0,0,0.0,0.0,-0.594825885982328
220110,2201101,Avelino Lopes (PI),22,0.446,2494.0,0.588,252.4,Faixa 1 (R$ 20k),20000.0,0,0.8,0.0,98.0,98.0,0.0,39.29,28.47,10.83,0.0,0,0,0.0,0.0,-0.5956709295991341
220117,2201176,Barra D'Alcântara (PI),22,0.442,857.0,0.616,210.58,Faixa 1 (R$ 20k),20000.0,0,0.8,0.0,123.0,123.0,0.0,143.52,9.33,134.19,0.0,0,0,0.0,0.0,-0.5948290994006353
220120,2201200,Barras (PI),22,0.391,9303.0,0.654,317.41,Faixa 2 (R$ 15k),15000.0,1,0.88,1800.0,0.0,1800.0,1.0,193.49,90.29,103.19,1.0,9600,1560,132600.0,94.08,0.7423153009378732
220140,2201408,Barro Duro (PI),22,0.375,1963.0,0.649,321.09,Faixa 2 (R$ 15k),15000.0,1,0.88,1800.0,0.0,1800.0,1.0,916.96,427.92,489.05,1.0,9600,1560,132600.0,94.08,0.760353427865887
220155,2201556,Bela Vista do Piauí (PI),22,0.362,550.0,0.555,166.59,Faixa 2 (R$ 15k),15000.0,0,0.7,0.0,18.0,18.0,0.0,32.73,14.55,18.18,0.0,0,0,0.0,0.0,-0.5961159952663125
220157,2201572,Belém do Piauí (PI),22,0.471,581.0,0.616,235.8,Faixa 1 (R$ 20k),20000.0,0,0.8,0.0,55.0,55.0,0.0,94.66,20.65,74.01,0.0,0,0,0.0,0.0,-0.5951629066897551
220170,2201705,Bertolínia (PI),22,0.495,1577.0,0.64,335.27,Faixa 1 (R$ 20k),20000.0,0,0.8,0.0,8.0,8.0,0.0,5.07,2.54,2.54,0.0,0,0,0.0,0.0,-0.5967822779473089
220173,2201739,Betânia do Piauí (PI),22,0.459,465.0,0.574,204.75,Faixa 1 (R$ 20k),20000.0,0,0.8,0.0,90.0,90.0,0.0,193.55,126.88,66.67,0.0,0,0,0.0,0.0,-0.5911401282067363
220177,2201770,Boa Hora (PI),22,0.585,605.0,0.62,294.51,Faixa 1 (R$ 20k),20000.0,0,0.8,0.0,52.0,52.0,0.0,85.95,21.49,64.46,0.0,0,0,0.0,0.0,-0.5952529436925275
220180,2201804,Bocaina (PI),22,0.327,1309.0,0.62,283.11,Faixa 2 (R$ 15k),15000.0,0,0.7,0.0,63.0,63.0,0.0,48.13,7.64,40.49,0.0,0,0,0.0,0.0,-0.5960974065223896
220190,2201903,Bom Jesus (PI),22,0.33,6418.0,0.687,472.02,Faixa 2 (R$ 15k),15000.0,5,0.88,8640.0,0.0,8640.0,1.0,1346.21,803.99,542.22,1.0,52140,7566,643110.0,577.92,0.7756108175137432
220191,2201919,Bom Princípio do Piauí (PI),22,0.446,558.0,0.606,372.96,Faixa 1 (R$ 20k),20000.0,0,0.8,0.0,21.0,21.0,0.0,37.63,8.96,28.67,0.0,0,0,0.0,0.0,-0.5961979804540644
220192,2201929,Bonfim do Piauí (PI),22,0.467,572.0,0.627,263.92,Faixa 1 (R$ 20k),20000.0,0,0.8,0.0,78.0,78.0,0.0,136.36,13.99,122.38,0.0,0,0,0.0,0.0,-0.5948001622397884
220196,2201960,Brasileira (PI),22,0.351,1286.0,0.663,343.65,Faixa 2 (R$ 15k),15000.0,0,0.7,0.0,157.0,157.0,0.0,122.08,38.88,83.2,0.0,0,0,0.0,0.0,-0.594338422840937
220200,2202000,Buriti dos Lopes (PI),22,0.478,3772.0,0.63,282.95,Faixa 1 (R$ 20k),20000.0,0,0.8,0.0,280.0,280.0,0.0,74.23,9.81,64.42,0.0,0,0,0.0,0.0,-0.595706121844651
220208,2202083,Cajueiro da Praia (PI),22,0.601,944.0,0.592,223.35,Faixa 1 (R$ 20k),20000.0,0,0.8,0.0,29.0,29.0,0.0,30.72,5.3,25.42,0.0,0,0,0.0,0.0,-0.5963815453946483
220209,2202091,Caldeirão Grande do Piauí (PI),22,0.499,607.0,0.687,297.43,Faixa 1 (R$ 20k),20000.0,0,0.8,0.0,44.0,44.0,0.0,72.49,9.88,62.6,0.0,0,0,0.0,0.0,-0.5957267112025673
220211,2202117,Campo Alegre do Fidalgo (PI),22,0.555,1485.0,0.537,206.38,Faixa 1 (R$ 20k),20000.0,0,0.8,0.0,26.0,26.0,0.0,17.51,4.71,12.79,0.0,0,0,0.0,0.0,-0.5965664794580263
220213,2202133,Campo Grande do Piauí (PI),22,0.372,523.0,0.632,288.79,Faixa 2 (R$ 15k),15000.0,0,0.7,0.0,88.0,88.0,0.0,168.26,26.77,141.49,0.0,0,0,0.0,0.0,-0.5940594940209483
220220,2202208,Campo Maior (PI),22,0.331,14030.0,0.684,409.67,Faixa 2 (R$ 15k),15000.0,6,0.88,10800.0,0.0,10800.0,1.0,769.78,410.55,359.23,1.0,61470,8775,745875.0,645.12,0.7580138286590363
220230,2202307,Canto do Buriti (PI),22,0.364,3923.0,0.655,319.9,Faixa 2 (R$ 15k),15000.0,0,0.7,0.0,195.0,195.0,0.0,49.71,33.9,15.8,0.0,0,0,0.0,0.0,-0.5953965664797751
220245,2202455,Capitão Gervásio Oliveira (PI),22,0.464,1272.0,0.575,168.85,Faixa 1 (R$ 20k),20000.0,0,0.8,0.0,27.0,27.0,0.0,21.23,8.65,12.58,0.0,0,0,0.0,0.0,-0.59641653914388
220240,2202406,Capitão de Campos (PI),22,0.416,2610.0,0.638,288.46,Faixa 1 (R$ 20k),20000.0,0,0.8,0.0,75.0,75.0,0.0,28.74,1.92,26.82,0.0,0,0,0.0,0.0,-0.5964945675603286
220250,2202505,Caracol (PI),22,0.503,1417.0,0.585,287.5,Faixa 1 (R$ 20k),20000.0,0,0.8,0.0,34.0,34.0,0.0,23.99,14.11,9.88,0.0,0,0,0.0,0.0,-0.5962395933291615
220253,2202539,Caraúbas do Piauí (PI),22,0.395,384.0,0.592,262.19,Faixa 2 (R$ 15k),15000.0,0,0.7,0.0,52.0,52.0,0.0,135.42,2.6,132.81,0.0,0,0,0.0,0.0,-0.5951075782123887
220260,2202604,Castelo do Piauí (PI),22,0.392,4324.0,0.624,307.19,Faixa 2 (R$ 15k),15000.0,0,0.7,0.0,182.0,182.0,0.0,42.09,17.11,24.98,0.0,0,0,0.0,0.0,-0.5959294906974103
220265,2202653,Caxingó (PI),22,0.452,1720.0,0.514,159.52,Faixa 1 (R$ 20k),20000.0,0,0.8,0.0,15.0,15.0,0.0,8.72,1.74,6.98,0.0,0,0,0.0,0.0,-0.5967562261144286
220270,2202703,Cocal (PI),22,0.537,4145.0,0.594,237.53,Faixa 1 (R$ 20k),20000.0,2,0.94,3600.0,0.0,3600.0,1.0,868.52,405.31,463.21,1.0,19200,3120,265200.0,188.16,0.7591455224399347
220272,2202729,Cocal dos Alves (PI),22,0.507,465.0,0.519,192.19,Faixa 1 (R$ 20k),20000.0,0,0.8,0.0,66.0,66.0,0.0,141.94,75.27,66.67,0.0,0,0,0.0,0.0,-0.5931403015025275
220275,2202752,Colônia do Gurguéia (PI),22,0.449,1855.0,0.647,269.86,Faixa 1 (R$ 20k),20000.0,0,0.8,0.0,30.0,30.0,0.0,16.17,8.09,8.09,0.0,0,0,0.0,0.0,-0.5964959403490255
220277,2202778,Colônia do Piauí (PI),22,0.341,1208.0,0.634,283.96,Faixa 2 (R$ 15k),15000.0,0,0.7,0.0,149.0,149.0,0.0,123.34,9.93,113.41,0.0,0,0,0.0,0.0,-0.5950725952485028
220280,2202802,Conceição do Canindé (PI),22,0.361,854.0,0.647,266.63,Faixa 2 (R$ 15k),15000.0,0,0.7,0.0,19.0,19.0,0.0,22.25,11.71,10.54,0.0,0,0,0.0,0.0,-0.596324134316599
220290,2202901,Corrente (PI),22,0.397,5722.0,0.668,402.49,Faixa 2 (R$ 15k),15000.0,0,0.7,0.0,117.0,117.0,0.0,20.45,11.01,9.44,0.0,0,0,0.0,0.0,-0.5963653836976132
220310,2203107,Cristino Castro (PI),22,0.517,2827.0,0.618,332.48,Faixa 1 (R$ 20k),20000.0,0,0.8,0.0,20.0,20.0,0.0,7.07,2.83,4.24,0.0,0,0,0.0,0.0,-0.5967491554719416
220320,2203206,Curimatá (PI),22,0.36,2775.0,0.662,342.13,Faixa 2 (R$ 15k),15000.0,0,0.7,0.0,38.0,38.0,0.0,13.69,6.85,6.85,0.0,0,0,0.0,0.0,-0.5965599148754889
220327,2203271,Curral Novo do Piauí (PI),22,0.485,1433.0,0.588,202.11,Faixa 1 (R$ 20k),20000.0,0,0.8,0.0,32.0,32.0,0.0,22.33,8.37,13.96,0.0,0,0,0.0,0.0,-0.5964096758794339
220335,2203354,Dirceu Arcoverde (PI),22,0.493,862.0,0.641,327.03,Faixa 1 (R$ 20k),20000.0,0,0.8,0.0,102.0,102.0,0.0,118.33,34.8,83.53,0.0,0,0,0.0,0.0,-0.5944923092829579
220340,2203404,Dom Expedito Lopes (PI),22,0.454,1057.0,0.649,399.97,Faixa 1 (R$ 20k),20000.0,0,0.8,0.0,64.0,64.0,0.0,60.55,52.03,8.51,0.0,0,0,0.0,0.0,-0.5947875090186298
220345,2203453,Dom Inocêncio (PI),22,0.489,2708.0,0.566,172.57,Faixa 1 (R$ 20k),20000.0,0,0.8,0.0,42.0,42.0,0.0,15.51,8.86,6.65,0.0,0,0,0.0,0.0,-0.5964845228380886
220342,2203420,Domingos Mourão (PI),22,0.436,1296.0,0.567,221.76,Faixa 1 (R$ 20k),20000.0,0,0.8,0.0,39.0,39.0,0.0,30.09,9.26,20.83,0.0,0,0,0.0,0.0,-0.5962869944807604
220350,2203503,Elesbão Veloso (PI),22,0.385,3945.0,0.611,284.85,Faixa 2 (R$ 15k),15000.0,0,0.7,0.0,72.0,72.0,0.0,18.25,3.55,14.7,0.0,0,0,0.0,0.0,-0.5965869783220794
220360,2203602,Eliseu Martins (PI),22,0.378,1481.0,0.624,370.15,Faixa 2 (R$ 15k),15000.0,0,0.7,0.0,34.0,34.0,0.0,22.96,16.21,6.75,0.0,0,0,0.0,0.0,-0.5961983859544476
220370,2203701,Esperantina (PI),22,0.399,8839.0,0.642,308.16,Faixa 2 (R$ 15k),15000.0,0,0.7,0.0,642.0,642.0,0.0,72.63,6.45,66.18,0.0,0,0,0.0,0.0,-0.5958137476434986
220375,2203750,Fartura do Piauí (PI),22,0.533,1905.0,0.565,173.12,Faixa 1 (R$ 20k),20000.0,0,0.8,0.0,19.0,19.0,0.0,9.97,4.72,5.25,0.0,0,0,0.0,0.0,-0.5966629423151977
220390,2203909,Floriano (PI),22,0.267,19388.0,0.721,488.57,Faixa 3 (R$ 10k),10000.0,10,0.48,19200.0,0.0,19200.0,1.0,990.3,612.75,542.45,1.0,105720,15405,1309425.0,1330.56,0.7672000421765158
220415,2204154,Francisco Macedo (PI),22,0.312,440.0,0.62,350.43,Faixa 2 (R$ 15k),15000.0,0,0.7,0.0,17.0,17.0,0.0,38.64,0.0,38.64,0.0,0,0,0.0,0.0,-0.5964172469512168
220420,2204204,Francisco Santos (PI),22,0.308,1115.0,0.71,403.48,Faixa 2 (R$ 15k),15000.0,0,0.7,0.0,95.0,95.0,0.0,85.2,18.83,66.37,0.0,0,0,0.0,0.0,-0.5953315150916845
220430,2204303,Fronteiras (PI),22,0.369,2067.0,0.651,414.04,Faixa 2 (R$ 15k),15000.0,0,0.7,0.0,206.0,206.0,0.0,99.66,15.48,84.18,0.0,0,0,0.0,0.0,-0.5952327223348955
220435,2204352,Geminiano (PI),22,0.456,1744.0,0.557,195.16,Faixa 1 (R$ 20k),20000.0,0,0.8,0.0,24.0,24.0,0.0,13.76,4.01,9.75,0.0,0,0,0.0,0.0,-0.5966326930458896
220450,2204501,Guadalupe (PI),22,0.358,3570.0,0.654,397.63,Faixa 2 (R$ 15k),15000.0,0,0.7,0.0,101.0,101.0,0.0,28.29,5.88,22.41,0.0,0,0,0.0,0.0,-0.5963977060184004
220455,2204550,Guaribas (PI),22,0.358,479.0,0.59,281.59,Faixa 2 (R$ 15k),15000.0,0,0.7,0.0,5.0,5.0,0.0,10.44,10.44,0.0,0.0,0,0,0.0,0.0,-0.5965086539579394
220465,2204659,Ilha Grande (PI),22,0.552,2897.0,0.608,222.3,Faixa 1 (R$ 20k),20000.0,0,0.8,0.0,41.0,41.0,0.0,14.15,5.52,8.63,0.0,0,0,0.0,0.0,-0.5965885494252458
220470,2204709,Inhuma (PI),22,0.308,2715.0,0.683,315.24,Faixa 2 (R$ 15k),15000.0,0,0.7,0.0,231.0,231.0,0.0,85.08,37.2,47.88,0.0,0,0,0.0,0.0,-0.5948569287129105
220480,2204808,Ipiranga do Piauí (PI),22,0.349,2167.0,0.665,272.61,Faixa 2 (R$ 15k),15000.0,0,0.7,0.0,78.0,78.0,0.0,35.99,8.31,27.69,0.0,0,0,0.0,0.0,-0.5962358124108084
220500,2205003,Itainópolis (PI),22,0.301,935.0,0.632,308.6,Faixa 2 (R$ 15k),15000.0,0,0.7,0.0,53.0,53.0,0.0,56.68,14.97,41.71,0.0,0,0,0.0,0.0,-0.595797667508361
220510,2205102,Itaueira (PI),22,0.344,2389.0,0.644,375.47,Faixa 2 (R$ 15k),15000.0,0,0.7,0.0,28.0,28.0,0.0,11.72,5.44,6.28,0.0,0,0,0.0,0.0,-0.5966218164010026
220515,2205151,Jacobina do Piauí (PI),22,0.547,1524.0,0.527,172.52,Faixa 1 (R$ 20k),20000.0,0,0.8,0.0,16.0,16.0,0.0,10.5,1.31,9.19,0.0,0,0,0.0,0.0,-0.5967445216179927
220520,2205201,Jaicós (PI),22,0.35,3470.0,0.654,349.79,Faixa 2 (R$ 15k),15000.0,0,0.7,0.0,192.0,192.0,0.0,55.33,9.51,45.82,0.0,0,0,0.0,0.0,-0.5959565134034305
220540,2205409,Joaquim Pires (PI),22,0.356,1691.0,0.599,280.46,Faixa 2 (R$ 15k),15000.0,0,0.7,0.0,172.0,172.0,0.0,101.71,20.11,81.61,0.0,0,0,0.0,0.0,-0.5950863356007747
220545,2205458,Joca Marques (PI),22,0.483,603.0,0.571,174.35,Faixa 1 (R$ 20k),20000.0,0,0.8,0.0,55.0,55.0,0.0,91.21,3.32,87.89,0.0,0,0,0.0,0.0,-0.5956563650608967
220551,2205516,Juazeiro do Piauí (PI),22,0.336,539.0,0.683,275.09,Faixa 2 (R$ 15k),15000.0,0,0.7,0.0,42.0,42.0,0.0,77.92,9.28,68.65,0.0,0,0,0.0,0.0,-0.5956724232919381
220553,2205532,Jurema (PI),22,0.61,1582.0,0.554,177.4,Faixa 1 (R$ 20k),20000.0,0,0.8,0.0,593.0,593.0,0.0,374.84,282.55,92.29,0.0,0,0,0.0,0.0,-0.5847781742767044
220557,2205573,Lagoa de São Francisco (PI),22,0.502,507.0,0.633,267.99,Faixa 1 (R$ 20k),20000.0,0,0.8,0.0,72.0,72.0,0.0,142.01,23.67,118.34,0.0,0,0,0.0,0.0,-0.5944768086271512
220556,2205565,Lagoa do Barro do Piauí (PI),22,0.733,1676.0,0.514,149.64,Faixa 1 (R$ 20k),20000.0,0,0.8,0.0,63.0,63.0,0.0,37.59,15.51,22.08,0.0,0,0,0.0,0.0,-0.5960287263426718
220559,2205599,Lagoa do Sítio (PI),22,0.445,638.0,0.622,217.63,Faixa 1 (R$ 20k),20000.0,0,0.8,0.0,27.0,27.0,0.0,42.32,21.94,20.38,0.0,0,0,0.0,0.0,-0.5958013508340304
220580,2205805,Luzilândia (PI),22,0.426,5207.0,0.611,294.82,Faixa 1 (R$ 20k),20000.0,0,0.8,0.0,215.0,215.0,0.0,41.29,7.11,34.18,0.0,0,0,0.0,0.0,-0.5961989473069552
220570,2205706,Luís Correia (PI),22,0.511,4519.0,0.609,294.87,Faixa 1 (R$ 20k),20000.0,0,0.8,0.0,267.0,267.0,0.0,59.08,8.19,50.9,0.0,0,0,0.0,0.0,-0.5959425204263462
220590,2205904,Manoel Emídio (PI),22,0.293,1234.0,0.629,227.68,Faixa 3 (R$ 10k),10000.0,0,0.35,0.0,38.0,38.0,0.0,30.79,9.72,21.07,0.0,0,0,0.0,0.0,-0.5962660860960751
220595,2205953,Marcolândia (PI),22,0.47,2463.0,0.613,292.21,Faixa 1 (R$ 20k),20000.0,0,0.8,0.0,77.0,77.0,0.0,31.26,14.62,16.65,0.0,0,0,0.0,0.0,-0.5961329834883264
220605,2206050,Massapê do Piauí (PI),22,0.572,2219.0,0.539,182.92,Faixa 1 (R$ 20k),20000.0,0,0.8,0.0,23.0,23.0,0.0,10.37,1.35,9.01,0.0,0,0,0.0,0.0,-0.5967452212532253
220610,2206100,Matias Olímpio (PI),22,0.49,1735.0,0.611,220.95,Faixa 1 (R$ 20k),20000.0,0,0.8,0.0,109.0,109.0,0.0,62.82,6.34,56.48,0.0,0,0,0.0,0.0,-0.5959425279303625
220620,2206209,Miguel Alves (PI),22,0.569,4262.0,0.612,309.29,Faixa 1 (R$ 20k),20000.0,0,0.8,0.0,168.0,168.0,0.0,39.42,8.21,31.21,0.0,0,0,0.0,0.0,-0.5961944415782549
220635,2206357,Milton Brandão (PI),22,0.477,540.0,0.58,193.95,Faixa 1 (R$ 20k),20000.0,0,0.8,0.0,18.0,18.0,0.0,33.33,9.26,24.07,0.0,0,0,0.0,0.0,-0.596245403176035
220650,2206506,Monsenhor Hipólito (PI),22,0.354,1041.0,0.645,384.91,Faixa 2 (R$ 15k),15000.0,0,0.7,0.0,89.0,89.0,0.0,85.49,18.25,67.24,0.0,0,0,0.0,0.0,-0.5953428252679673
220660,2206605,Monte Alegre do Piauí (PI),22,0.317,1231.0,0.673,367.49,Faixa 2 (R$ 15k),15000.0,0,0.7,0.0,70.0,70.0,0.0,56.86,4.87,51.99,0.0,0,0,0.0,0.0,-0.5960571359034249
220667,2206670,Morro do Chapéu do Piauí (PI),22,0.47,856.0,0.616,231.03,Faixa 1 (R$ 20k),20000.0,0,0.8,0.0,92.0,92.0,0.0,107.48,18.69,88.79,0.0,0,0,0.0,0.0,-0.5950491393077071
220669,2206696,Murici dos Portelas (PI),22,0.408,632.0,0.635,306.28,Faixa 1 (R$ 20k),20000.0,0,0.8,0.0,72.0,72.0,0.0,113.92,17.41,96.52,0.0,0,0,0.0,0.0,-0.5949995785296365
220795,2207959,Nova Santa Rita (PI),22,0.436,1377.0,0.559,226.96,Faixa 1 (R$ 20k),20000.0,0,0.8,0.0,198.0,198.0,0.0,143.79,57.37,86.42,0.0,0,0,0.0,0.0,-0.5935804983823451
220690,2206902,Novo Oriente do Piauí (PI),22,0.396,1402.0,0.592,272.1,Faixa 2 (R$ 15k),15000.0,0,0.7,0.0,104.0,104.0,0.0,74.18,5.71,68.47,0.0,0,0,0.0,0.0,-0.5958130304179245
220700,2207009,Oeiras (PI),22,0.328,9558.0,0.698,431.16,Faixa 2 (R$ 15k),15000.0,3,0.88,5160.0,0.0,5160.0,1.0,539.86,276.21,263.65,1.0,30390,4563,387855.0,295.68,0.751580466247787
220710,2207108,Olho D'Água do Piauí (PI),22,0.516,1025.0,0.586,197.2,Faixa 1 (R$ 20k),20000.0,0,0.8,0.0,10.0,10.0,0.0,9.76,1.95,7.8,0.0,0,0,0.0,0.0,-0.5967375004858223
220720,2207207,Padre Marcos (PI),22,0.363,773.0,0.627,312.96,Faixa 2 (R$ 15k),15000.0,0,0.7,0.0,336.0,336.0,0.0,434.67,33.64,401.03,0.0,0,0,0.0,0.0,-0.5904615745799344
220730,2207306,Paes Landim (PI),22,0.386,860.0,0.62,238.93,Faixa 2 (R$ 15k),15000.0,0,0.7,0.0,91.0,91.0,0.0,105.81,12.79,93.02,0.0,0,0,0.0,0.0,-0.595223497220629
220740,2207405,Palmeira do Piauí (PI),22,0.423,616.0,0.639,347.44,Faixa 1 (R$ 20k),20000.0,0,0.8,0.0,25.0,25.0,0.0,40.58,16.23,24.35,0.0,0,0,0.0,0.0,-0.5959716827686437
220755,2207553,Paquetá (PI),22,0.484,1354.0,0.495,183.55,Faixa 1 (R$ 20k),20000.0,0,0.8,0.0,34.0,34.0,0.0,25.11,7.39,17.73,0.0,0,0,0.0,0.0,-0.5963993222569682
220770,2207702,Parnaíba (PI),22,0.387,44855.0,0.684,427.36,Faixa 2 (R$ 15k),15000.0,24,0.88,48000.0,0.0,48000.0,1.0,1070.11,642.07,428.05,1.0,260910,37908,3222180.0,3225.6,0.7678698800747725
220777,2207777,Patos do Piauí (PI),22,0.394,607.0,0.688,328.59,Faixa 2 (R$ 15k),15000.0,0,0.7,0.0,27.0,27.0,0.0,44.48,14.83,29.65,0.0,0,0,0.0,0.0,-0.5959579053623261
220780,2207801,Paulistana (PI),22,0.441,3567.0,0.672,407.1,Faixa 1 (R$ 20k),20000.0,0,0.8,0.0,235.0,235.0,0.0,65.88,47.94,17.94,0.0,0,0,0.0,0.0,-0.5948250287030705
220790,2207900,Pedro Ii (PI),22,0.497,6643.0,0.585,303.42,Faixa 1 (R$ 20k),20000.0,1,0.94,1560.0,0.0,1560.0,1.0,234.83,162.58,72.26,1.0,10530,1521,129285.0,120.96,0.7447197742904692
220793,2207934,Pedro Laurentino (PI),22,0.311,270.0,0.657,197.6,Faixa 2 (R$ 15k),15000.0,0,0.7,0.0,6.0,6.0,0.0,22.22,11.11,11.11,0.0,0,0,0.0,0.0,-0.5963400706503676
220800,2208007,Picos (PI),22,0.321,17539.0,0.721,538.69,Faixa 2 (R$ 15k),15000.0,5,0.88,11880.0,0.0,11880.0,1.0,677.35,513.14,164.21,1.0,56250,8307,706095.0,1008.0,0.759486322148484
220810,2208106,Pimenteiras (PI),22,0.382,1705.0,0.654,336.36,Faixa 2 (R$ 15k),15000.0,0,0.7,0.0,63.0,63.0,0.0,36.95,8.8,28.15,0.0,0,0,0.0,0.0,-0.5962108564877532
220820,2208205,Pio Ix (PI),22,0.337,1777.0,0.687,392.72,Faixa 2 (R$ 15k),15000.0,0,0.7,0.0,103.0,103.0,0.0,57.96,11.82,46.15,0.0,0,0,0.0,0.0,-0.5958628127314594
220830,2208304,Piracuruca (PI),22,0.461,6747.0,0.633,295.2,Faixa 1 (R$ 20k),20000.0,5,0.94,7800.0,0.0,7800.0,1.0,1156.07,800.36,355.71,1.0,52650,7605,646425.0,604.8,0.77307593915781
220840,2208403,Piripiri (PI),22,0.361,16059.0,0.659,367.42,Faixa 2 (R$ 15k),15000.0,15,0.88,34200.0,0.0,34200.0,1.0,2129.65,1262.84,866.8,1.0,170520,25818,2194530.0,2271.36,0.7975604325446403
220850,2208502,Porto (PI),22,0.465,3171.0,0.598,254.33,Faixa 1 (R$ 20k),20000.0,0,0.8,0.0,227.0,227.0,0.0,71.59,11.04,60.55,0.0,0,0,0.0,0.0,-0.5957081310362635
220865,2208650,Queimada Nova (PI),22,0.493,1764.0,0.483,150.25,Faixa 1 (R$ 20k),20000.0,0,0.8,0.0,149.0,149.0,0.0,84.47,47.05,37.41,0.0,0,0,0.0,0.0,-0.5946095274272093
220870,2208700,Redenção do Gurguéia (PI),22,0.545,2195.0,0.619,273.03,Faixa 1 (R$ 20k),20000.0,0,0.8,0.0,30.0,30.0,0.0,13.67,1.37,12.3,0.0,0,0,0.0,0.0,-0.5967022737679291
220880,2208809,Regeneração (PI),22,0.538,5789.0,0.623,270.63,Faixa 1 (R$ 20k),20000.0,0,0.8,0.0,167.0,167.0,0.0,28.85,3.8,25.05,0.0,0,0,0.0,0.0,-0.5964444283253609
220890,2208908,Ribeiro Gonçalves (PI),22,0.355,1712.0,0.658,316.25,Faixa 2 (R$ 15k),15000.0,0,0.7,0.0,15.0,15.0,0.0,8.76,1.17,7.59,0.0,0,0,0.0,0.0,-0.5967704863091713
220900,2209005,Rio Grande do Piauí (PI),22,0.416,1648.0,0.597,253.45,Faixa 1 (R$ 20k),20000.0,0,0.8,0.0,30.0,30.0,0.0,18.2,6.07,12.14,0.0,0,0,0.0,0.0,-0.5965222374040806
220910,2209104,Santa Cruz do Piauí (PI),22,0.332,1600.0,0.664,297.85,Faixa 2 (R$ 15k),15000.0,0,0.7,0.0,80.0,80.0,0.0,50.0,11.88,38.12,0.0,0,0,0.0,0.0,-0.595963506312142
220920,2209203,Santa Filomena (PI),22,0.522,1493.0,0.586,227.15,Faixa 1 (R$ 20k),20000.0,0,0.8,0.0,56.0,56.0,0.0,37.51,24.11,13.4,0.0,0,0,0.0,0.0,-0.5958068523381017
220930,2209302,Santa Luz (PI),22,0.449,1156.0,0.636,227.34,Faixa 1 (R$ 20k),20000.0,0,0.8,0.0,68.0,68.0,0.0,58.82,12.98,45.85,0.0,0,0,0.0,0.0,-0.5958217073545715
220937,2209377,Santa Rosa do Piauí (PI),22,0.435,1567.0,0.631,266.28,Faixa 1 (R$ 20k),20000.0,0,0.8,0.0,25.0,25.0,0.0,15.95,4.47,11.49,0.0,0,0,0.0,0.0,-0.5965925901988387
220935,2209351,Santana do Piauí (PI),22,0.389,1560.0,0.565,218.95,Faixa 2 (R$ 15k),15000.0,0,0.7,0.0,17.0,17.0,0.0,10.9,7.69,3.21,0.0,0,0,0.0,0.0,-0.5965740254863011
220940,2209401,Santo Antônio de Lisboa (PI),22,0.392,1143.0,0.64,332.98,Faixa 2 (R$ 15k),15000.0,0,0.7,0.0,22.0,22.0,0.0,19.25,13.12,6.12,0.0,0,0,0.0,0.0,-0.5963261669924844
221062,2210623,Sebastião Barros (PI),22,0.477,1216.0,0.562,178.39,Faixa 1 (R$ 20k),20000.0,0,0.8,0.0,35.0,35.0,0.0,28.78,18.09,10.69,0.0,0,0,0.0,0.0,-0.5960749484633124
221063,2210631,Sebastião Leal (PI),22,0.409,590.0,0.661,281.64,Faixa 1 (R$ 20k),20000.0,0,0.8,0.0,28.0,28.0,0.0,47.46,8.47,38.98,0.0,0,0,0.0,0.0,-0.5960845622567676
221065,2210656,Sigefredo Pacheco (PI),22,0.402,3674.0,0.608,192.21,Faixa 1 (R$ 20k),20000.0,0,0.8,0.0,13.0,13.0,0.0,3.54,1.09,2.45,0.0,0,0,0.0,0.0,-0.5968395680195526
221080,2210805,Simplício Mendes (PI),22,0.302,2778.0,0.658,417.02,Faixa 2 (R$ 15k),15000.0,0,0.7,0.0,101.0,101.0,0.0,36.36,15.12,21.24,0.0,0,0,0.0,0.0,-0.5960546239331925
221070,2210706,Simões (PI),22,0.291,2138.0,0.669,319.35,Faixa 3 (R$ 10k),10000.0,0,0.35,0.0,265.0,265.0,0.0,123.95,24.79,99.16,0.0,0,0,0.0,0.0,-0.5946796126795505
221093,2210938,Sussuapara (PI),22,0.436,1659.0,0.586,277.47,Faixa 1 (R$ 20k),20000.0,0,0.8,0.0,25.0,25.0,0.0,15.07,9.04,6.03,0.0,0,0,0.0,0.0,-0.5964855056712363
220955,2209559,São Braz do Piauí (PI),22,0.45,1440.0,0.627,221.69,Faixa 1 (R$ 20k),20000.0,0,0.8,0.0,67.0,67.0,0.0,46.53,2.08,44.44,0.0,0,0,0.0,0.0,-0.5962621210915074
220965,2209658,São Francisco de Assis do Piauí (PI),22,0.495,372.0,0.6,241.05,Faixa 1 (R$ 20k),20000.0,0,0.8,0.0,68.0,68.0,0.0,182.8,26.88,155.91,0.0,0,0,0.0,0.0,-0.593870063160835
220970,2209708,São Francisco do Piauí (PI),22,0.373,866.0,0.649,346.35,Faixa 2 (R$ 15k),15000.0,0,0.7,0.0,21.0,21.0,0.0,24.25,1.15,23.09,0.0,0,0,0.0,0.0,-0.5965722299007048
220980,2209807,São Gonçalo do Piauí (PI),22,0.345,1006.0,0.656,258.4,Faixa 2 (R$ 15k),15000.0,0,0.7,0.0,30.0,30.0,0.0,29.82,18.89,10.93,0.0,0,0,0.0,0.0,-0.5960408631958416
221005,2210052,São José do Divino (PI),22,0.441,1018.0,0.621,230.74,Faixa 1 (R$ 20k),20000.0,0,0.8,0.0,67.0,67.0,0.0,65.82,18.66,47.15,0.0,0,0,0.0,0.0,-0.5955847664891885
221020,2210201,São José do Piauí (PI),22,0.435,1611.0,0.551,238.74,Faixa 1 (R$ 20k),20000.0,0,0.8,0.0,53.0,53.0,0.0,32.9,21.73,11.17,0.0,0,0,0.0,0.0,-0.5959277166316564
220985,2209856,São João da Canabrava (PI),22,0.258,427.0,0.67,342.37,Faixa 3 (R$ 10k),10000.0,0,0.35,0.0,33.0,33.0,0.0,77.28,58.55,18.74,0.0,0,0,0.0,0.0,-0.5944036237624285
220987,2209872,São João da Fronteira (PI),22,0.506,935.0,0.619,264.66,Faixa 1 (R$ 20k),20000.0,0,0.8,0.0,46.0,46.0,0.0,49.2,3.21,45.99,0.0,0,0,0.0,0.0,-0.5961984910305258
220990,2209906,São João da Serra (PI),22,0.399,1415.0,0.639,277.43,Faixa 2 (R$ 15k),15000.0,0,0.7,0.0,52.0,52.0,0.0,36.75,7.77,28.98,0.0,0,0,0.0,0.0,-0.5962401201288559
220997,2209971,São João do Arraial (PI),22,0.478,1365.0,0.567,189.94,Faixa 1 (R$ 20k),20000.0,0,0.8,0.0,45.0,45.0,0.0,32.97,5.86,27.11,0.0,0,0,0.0,0.0,-0.5963381480636556
221000,2210003,São João do Piauí (PI),22,0.397,5006.0,0.68,365.76,Faixa 2 (R$ 15k),15000.0,0,0.7,0.0,159.0,159.0,0.0,31.76,12.19,19.58,0.0,0,0,0.0,0.0,-0.5961895475549392
221030,2210300,São Julião (PI),22,0.262,707.0,0.69,452.0,Faixa 3 (R$ 10k),10000.0,0,0.35,0.0,98.0,98.0,0.0,138.61,15.56,123.06,0.0,0,0,0.0,0.0,-0.5947305870064852
221035,2210359,São Lourenço do Piauí (PI),22,0.272,478.0,0.724,358.44,Faixa 3 (R$ 10k),10000.0,0,0.35,0.0,18.0,18.0,0.0,37.66,25.1,12.55,0.0,0,0,0.0,0.0,-0.5957793348836485
221037,2210375,São Luis do Piauí (PI),22,0.338,764.0,0.582,200.77,Faixa 2 (R$ 15k),15000.0,0,0.7,0.0,15.0,15.0,0.0,19.63,6.54,13.09,0.0,0,0,0.0,0.0,-0.5964917665487789
221040,2210409,São Miguel do Tapuio (PI),22,0.376,2480.0,0.624,250.04,Faixa 2 (R$ 15k),15000.0,0,0.7,0.0,206.0,206.0,0.0,83.06,15.32,67.74,0.0,0,0,0.0,0.0,-0.5954499605819267
221050,2210508,São Pedro do Piauí (PI),22,0.543,3337.0,0.607,263.06,Faixa 1 (R$ 20k),20000.0,0,0.8,0.0,122.0,122.0,0.0,36.56,3.9,32.66,0.0,0,0,0.0,0.0,-0.5963428645527854
221060,2210607,São Raimundo Nonato (PI),22,0.362,7933.0,0.712,387.56,Faixa 2 (R$ 15k),15000.0,3,0.88,5160.0,0.0,5160.0,1.0,650.45,332.79,317.66,1.0,30390,4563,387855.0,295.68,0.7544665713457902
221120,2211209,Uruçuí (PI),22,0.386,5819.0,0.66,395.57,Faixa 2 (R$ 15k),15000.0,0,0.7,0.0,115.0,115.0,0.0,19.76,7.39,12.37,0.0,0,0,0.0,0.0,-0.596468066853976
221130,2211308,Valença do Piauí (PI),22,0.375,6353.0,0.67,365.91,Faixa 2 (R$ 15k),15000.0,3,0.88,4800.0,0.0,4800.0,1.0,755.55,396.66,358.89,1.0,29430,4290,364650.0,282.24,0.757471149722072
221150,2211506,Vera Mendes (PI),22,0.527,1072.0,0.547,190.6,Faixa 1 (R$ 20k),20000.0,0,0.8,0.0,27.0,27.0,0.0,25.19,7.46,17.72,0.0,0,0,0.0,0.0,-0.5963966161949534
221160,2211605,Vila Nova do Piauí (PI),22,0.409,899.0,0.614,289.53,Faixa 1 (R$ 20k),20000.0,0,0.8,0.0,33.0,33.0,0.0,36.71,6.67,30.03,0.0,0,0,0.0,0.0,-0.5962692117853494
221135,2211357,Várzea Branca (PI),22,0.453,1858.0,0.573,200.58,Faixa 1 (R$ 20k),20000.0,0,0.8,0.0,21.0,21.0,0.0,11.3,2.69,8.61,0.0,0,0,0.0,0.0,-0.5966984843331167
221140,2211407,Várzea Grande (PI),22,0.324,977.0,0.62,272.49,Faixa 2 (R$ 15k),15000.0,0,0.7,0.0,304.0,304.0,0.0,311.16,18.42,292.73,0.0,0,0,0.0,0.0,-0.5924416009618938
220020,2200202,Água Branca (PI),22,0.356,5820.0,0.666,325.82,Faixa 2 (R$ 15k),15000.0,0,0.7,0.0,145.0,145.0,0.0,24.91,3.09,21.82,0.0,0,0,0.0,0.0,-0.5965134076935612
220040,2200400,Altos (PI),22,0.465,11748.0,0.657,315.16,Faixa 1 (R$ 20k),20000.0,1,0.94,1800.0,0.0,1800.0,1.0,153.22,71.5,81.72,1.0,9600,1560,132600.0,94.08,0.7413114170370545
220330,2203305,Demerval Lobão (PI),22,0.44,4434.0,0.632,316.98,Faixa 1 (R$ 20k),20000.0,0,0.8,0.0,86.0,86.0,0.0,19.4,2.26,17.14,0.0,0,0,0.0,0.0,-0.5966056511188214
220550,2205508,José de Freitas (PI),22,0.519,9463.0,0.667,321.21,Faixa 1 (R$ 20k),20000.0,0,0.8,0.0,178.0,178.0,0.0,18.81,5.18,13.63,0.0,0,0,0.0,0.0,-0.5965375421958008
221100,2211001,Teresina (PI),22,0.296,286506.0,0.752,624.04,Faixa 3 (R$ 10k),10000.0,29,0.48,60540.0,0.0,60540.0,1.0,211.3,132.14,79.16,1.0,313170,45201,3842085.0,4240.32,0.7436286905719564
221110,2211100,União (PI),22,0.49,8471.0,0.639,288.05,Faixa 1 (R$ 20k),20000.0,1,0.94,1560.0,0.0,1560.0,1.0,184.16,127.49,56.66,1.0,10530,1521,129285.0,120.96,0.743159709588359
240010,2400109,Acari (RN),24,0.283,2070.0,0.696,340.28,Faixa 3 (R$ 10k),10000.0,0,0.35,0.0,110.0,110.0,0.0,53.14,13.53,39.61,0.0,0,0,0.0,0.0,-0.5958804328096491
240030,2400307,Afonso Bezerra (RN),24,0.414,2109.0,0.644,319.81,Faixa 1 (R$ 20k),20000.0,0,0.8,0.0,118.0,118.0,0.0,55.95,31.29,24.66,0.0,0,0,0.0,0.0,-0.595384044957355
240050,2400505,Alexandria (RN),24,0.381,2541.0,0.644,296.96,Faixa 2 (R$ 15k),15000.0,10,0.88,19920.0,0.0,19920.0,1.0,7839.43,5950.41,1889.02,1.0,110700,15990,1359150.0,1693.44,0.9923517238250354
240060,2400604,Almino Afonso (RN),24,0.334,964.0,0.643,270.95,Faixa 2 (R$ 15k),15000.0,11,0.88,21480.0,0.0,21480.0,1.0,22282.16,14315.35,7966.8,1.0,117930,17784,1511640.0,1545.6,1.3945589140560821
240070,2400703,Alto do Rodrigues (RN),24,0.291,2535.0,0.686,421.29,Faixa 3 (R$ 10k),10000.0,0,0.35,0.0,147.0,147.0,0.0,57.99,6.71,51.28,0.0,0,0,0.0,0.0,-0.5959949398581685
240080,2400802,Angicos (RN),24,0.409,3374.0,0.636,314.96,Faixa 1 (R$ 20k),20000.0,0,0.8,0.0,160.0,160.0,0.0,47.42,2.96,44.46,0.0,0,0,0.0,0.0,-0.5962278202532698
240090,2400901,Antônio Martins (RN),24,0.473,997.0,0.587,273.31,Faixa 1 (R$ 20k),20000.0,0,0.8,0.0,42.0,42.0,0.0,42.13,7.02,35.11,0.0,0,0,0.0,0.0,-0.5961904970604648
240100,2401008,Apodi (RN),24,0.29,4474.0,0.71,410.44,Faixa 3 (R$ 10k),10000.0,3,0.48,5760.0,0.0,5760.0,1.0,1287.44,965.58,468.71,1.0,32940,4758,404430.0,483.84,0.7800372634253206
240110,2401107,Areia Branca (RN),24,0.305,6968.0,0.703,456.97,Faixa 2 (R$ 15k),15000.0,0,0.7,0.0,370.0,370.0,0.0,53.1,4.31,48.79,0.0,0,0,0.0,0.0,-0.5961199168363113
240120,2401206,Arês (RN),24,0.461,2897.0,0.642,286.73,Faixa 1 (R$ 20k),20000.0,0,0.8,0.0,65.0,65.0,0.0,22.44,3.45,18.99,0.0,0,0,0.0,0.0,-0.596535783907546
240130,2401305,Augusto Severo (RN),24,0.353,1357.0,0.691,634.93,Faixa 2 (R$ 15k),15000.0,0,0.7,0.0,64.0,64.0,0.0,47.16,8.84,38.32,0.0,0,0,0.0,0.0,-0.5960787557819718
240020,2400208,Açu (RN),24,0.311,12126.0,0.69,431.54,Faixa 2 (R$ 15k),15000.0,6,0.88,12240.0,0.0,12240.0,1.0,1009.4,613.56,395.84,1.0,67560,10218,868530.0,833.28,0.7663515464179691
240145,2401453,Baraúna (RN),24,0.493,4850.0,0.609,262.77,Faixa 1 (R$ 20k),20000.0,0,0.8,0.0,428.0,428.0,0.0,88.25,5.98,82.27,0.0,0,0,0.0,0.0,-0.5956254182730147
240150,2401503,Barcelona (RN),24,0.401,514.0,0.59,300.53,Faixa 1 (R$ 20k),20000.0,0,0.8,0.0,3.0,3.0,0.0,5.84,1.95,3.89,0.0,0,0,0.0,0.0,-0.59678775323289
240140,2401404,Baía Formosa (RN),24,0.323,2366.0,0.637,303.76,Faixa 2 (R$ 15k),15000.0,0,0.7,0.0,124.0,124.0,0.0,52.41,6.34,46.07,0.0,0,0,0.0,0.0,-0.5960761592520267
240160,2401602,Bento Fernandes (RN),24,0.34,761.0,0.659,273.64,Faixa 2 (R$ 15k),15000.0,0,0.7,0.0,113.0,113.0,0.0,148.49,17.08,131.41,0.0,0,0,0.0,0.0,-0.594564430350597
240165,2401651,Bodó (RN),24,0.45,676.0,0.637,247.29,Faixa 1 (R$ 20k),20000.0,0,0.8,0.0,22.0,22.0,0.0,32.54,4.44,28.11,0.0,0,0,0.0,0.0,-0.596380404875912
240170,2401701,Bom Jesus (RN),24,0.371,2277.0,0.614,275.37,Faixa 2 (R$ 15k),15000.0,0,0.7,0.0,74.0,74.0,0.0,32.5,12.74,19.76,0.0,0,0,0.0,0.0,-0.5961658606099126
240180,2401800,Brejinho (RN),24,0.391,2681.0,0.603,285.63,Faixa 2 (R$ 15k),15000.0,0,0.7,0.0,207.0,207.0,0.0,77.21,34.32,42.89,0.0,0,0,0.0,0.0,-0.595032600405219
240200,2402006,Caicó (RN),24,0.265,11455.0,0.712,593.61,Faixa 3 (R$ 10k),10000.0,6,0.48,14760.0,0.0,14760.0,1.0,1288.52,995.2,293.32,1.0,69930,10101,858585.0,1276.8,0.779826178752344
240185,2401859,Caiçara do Norte (RN),24,0.41,1899.0,0.604,278.82,Faixa 1 (R$ 20k),20000.0,0,0.8,0.0,34.0,34.0,0.0,17.9,3.16,14.74,0.0,0,0,0.0,0.0,-0.5966015795088475
240190,2401909,Caiçara do Rio do Vento (RN),24,0.347,791.0,0.623,266.7,Faixa 2 (R$ 15k),15000.0,0,0.7,0.0,14.0,14.0,0.0,17.7,2.53,15.17,0.0,0,0,0.0,0.0,-0.5966204756638869
240210,2402105,Campo Redondo (RN),24,0.335,1422.0,0.676,287.05,Faixa 2 (R$ 15k),15000.0,0,0.7,0.0,36.0,36.0,0.0,25.32,5.63,19.69,0.0,0,0,0.0,0.0,-0.5964423110598551
240220,2402204,Canguaretama (RN),24,0.52,6562.0,0.615,261.42,Faixa 1 (R$ 20k),20000.0,0,0.8,0.0,222.0,222.0,0.0,33.83,12.04,21.79,0.0,0,0,0.0,0.0,-0.5961669307366705
240230,2402303,Caraúbas (RN),24,0.371,4015.0,0.662,344.72,Faixa 2 (R$ 15k),15000.0,0,0.7,0.0,128.0,128.0,0.0,31.88,2.74,29.14,0.0,0,0,0.0,0.0,-0.5964330065914174
240250,2402501,Carnaubais (RN),24,0.342,1706.0,0.645,351.96,Faixa 2 (R$ 15k),15000.0,0,0.7,0.0,37.0,37.0,0.0,21.69,3.52,18.17,0.0,0,0,0.0,0.0,-0.5965435972143196
240240,2402402,Carnaúba dos Dantas (RN),24,0.337,951.0,0.647,339.0,Faixa 2 (R$ 15k),15000.0,0,0.7,0.0,30.0,30.0,0.0,31.55,10.52,21.03,0.0,0,0,0.0,0.0,-0.596235595138889
240270,2402709,Cerro Corá (RN),24,0.504,3038.0,0.625,266.11,Faixa 1 (R$ 20k),20000.0,0,0.8,0.0,66.0,66.0,0.0,21.72,3.29,18.43,0.0,0,0,0.0,0.0,-0.5965491734141327
240280,2402808,Coronel Ezequiel (RN),24,0.322,655.0,0.648,357.92,Faixa 2 (R$ 15k),15000.0,0,0.7,0.0,10.0,10.0,0.0,15.27,7.63,7.63,0.0,0,0,0.0,0.0,-0.596519551292042
240290,2402907,Coronel João Pessoa (RN),24,0.479,1157.0,0.573,206.58,Faixa 1 (R$ 20k),20000.0,0,0.8,0.0,36.0,36.0,0.0,31.11,8.64,22.47,0.0,0,0,0.0,0.0,-0.5962899705252639
240300,2403004,Cruzeta (RN),24,0.333,1641.0,0.674,274.73,Faixa 2 (R$ 15k),15000.0,0,0.7,0.0,45.0,45.0,0.0,27.42,9.14,18.28,0.0,0,0,0.0,0.0,-0.5963243790425107
240310,2403103,Currais Novos (RN),24,0.301,9062.0,0.679,388.33,Faixa 2 (R$ 15k),15000.0,3,0.88,5160.0,0.0,5160.0,1.0,569.41,304.57,264.84,1.0,29730,4641,394485.0,309.12,0.7526948491129741
240320,2403202,Doutor Severiano (RN),24,0.365,812.0,0.657,303.75,Faixa 2 (R$ 15k),15000.0,0,0.7,0.0,69.0,69.0,0.0,84.98,13.55,71.43,0.0,0,0,0.0,0.0,-0.5954711900086613
240330,2403301,Encanto (RN),24,0.461,478.0,0.617,363.06,Faixa 1 (R$ 20k),20000.0,0,0.8,0.0,45.0,45.0,0.0,94.14,8.37,85.77,0.0,0,0,0.0,0.0,-0.5954878636595774
240340,2403400,Equador (RN),24,0.405,1141.0,0.631,268.03,Faixa 1 (R$ 20k),20000.0,0,0.8,0.0,76.0,76.0,0.0,66.61,37.69,28.92,0.0,0,0,0.0,0.0,-0.5950813246530627
240350,2403509,Espírito Santo (RN),24,0.517,1490.0,0.596,277.8,Faixa 1 (R$ 20k),20000.0,0,0.8,0.0,281.0,281.0,0.0,188.59,31.54,157.05,0.0,0,0,0.0,0.0,-0.5936748891493109
240370,2403707,Felipe Guerra (RN),24,0.32,1195.0,0.676,343.1,Faixa 2 (R$ 15k),15000.0,0,0.7,0.0,43.0,43.0,0.0,35.98,1.67,34.31,0.0,0,0,0.0,0.0,-0.5964081086446082
240380,2403806,Florânia (RN),24,0.335,1748.0,0.664,315.84,Faixa 2 (R$ 15k),15000.0,0,0.7,0.0,34.0,34.0,0.0,19.45,6.29,13.16,0.0,0,0,0.0,0.0,-0.5965005568556091
240390,2403905,Francisco Dantas (RN),24,0.344,749.0,0.616,265.74,Faixa 2 (R$ 15k),15000.0,0,0.7,0.0,7.0,7.0,0.0,9.35,6.68,2.67,0.0,0,0,0.0,0.0,-0.596620100463403
240400,2404002,Frutuoso Gomes (RN),24,0.362,827.0,0.645,276.29,Faixa 2 (R$ 15k),15000.0,0,0.7,0.0,15.0,15.0,0.0,18.14,3.63,14.51,0.0,0,0,0.0,0.0,-0.5965863168753358
240410,2404101,Galinhos (RN),24,0.375,325.0,0.632,349.13,Faixa 2 (R$ 15k),15000.0,0,0.7,0.0,43.0,43.0,0.0,132.31,33.85,98.46,0.0,0,0,0.0,0.0,-0.5943374732845619
240420,2404200,Goianinha (RN),24,0.412,4634.0,0.679,434.98,Faixa 1 (R$ 20k),20000.0,0,0.8,0.0,209.0,209.0,0.0,45.1,15.11,30.0,0.0,0,0,0.0,0.0,-0.595942621695244
240430,2404309,Governador Dix-Sept Rosado (RN),24,0.35,1895.0,0.637,304.95,Faixa 2 (R$ 15k),15000.0,0,0.7,0.0,28.0,28.0,0.0,14.78,7.92,6.86,0.0,0,0,0.0,0.0,-0.5965182573107235
240440,2404408,Grossos (RN),24,0.31,2137.0,0.679,396.23,Faixa 2 (R$ 15k),15000.0,0,0.7,0.0,36.0,36.0,0.0,16.85,5.62,11.23,0.0,0,0,0.0,0.0,-0.5965512981331254
240450,2404507,Guamaré (RN),24,0.264,1248.0,0.698,553.97,Faixa 3 (R$ 10k),10000.0,0,0.35,0.0,263.0,263.0,0.0,210.74,20.83,189.9,0.0,0,0,0.0,0.0,-0.593668210568401
240460,2404606,Ielmo Marinho (RN),24,0.566,4412.0,0.566,199.48,Faixa 1 (R$ 20k),20000.0,0,0.8,0.0,50.0,50.0,0.0,11.33,1.59,9.75,0.0,0,0,0.0,0.0,-0.5967265422181971
240470,2404705,Ipanguaçu (RN),24,0.353,1815.0,0.677,334.7,Faixa 2 (R$ 15k),15000.0,0,0.7,0.0,89.0,89.0,0.0,49.04,11.02,38.02,0.0,0,0,0.0,0.0,-0.5959981197567268
240480,2404804,Ipueira (RN),24,0.25,404.0,0.694,351.52,Faixa 3 (R$ 10k),10000.0,0,0.35,0.0,12.0,12.0,0.0,29.7,0.0,29.7,0.0,0,0,0.0,0.0,-0.5965320081438852
240485,2404853,Itajá (RN),24,0.383,1913.0,0.655,312.3,Faixa 2 (R$ 15k),15000.0,0,0.7,0.0,52.0,52.0,0.0,27.18,2.61,24.57,0.0,0,0,0.0,0.0,-0.596496709089885
240490,2404903,Itaú (RN),24,0.3,1183.0,0.643,297.37,Faixa 3 (R$ 10k),10000.0,0,0.35,0.0,33.0,33.0,0.0,27.9,0.85,27.05,0.0,0,0,0.0,0.0,-0.5965330835164032
240510,2405108,Jandaíra (RN),24,0.471,1164.0,0.619,256.08,Faixa 1 (R$ 20k),20000.0,0,0.8,0.0,68.0,68.0,0.0,58.42,11.17,47.25,0.0,0,0,0.0,0.0,-0.5958738225549084
240520,2405207,Janduís (RN),24,0.346,1247.0,0.64,275.11,Faixa 2 (R$ 15k),15000.0,0,0.7,0.0,33.0,33.0,0.0,26.46,12.83,13.63,0.0,0,0,0.0,0.0,-0.596241062333123
240530,2405306,Januário Cicco (RN),24,0.345,868.0,0.607,235.3,Faixa 2 (R$ 15k),15000.0,0,0.7,0.0,30.0,30.0,0.0,34.56,4.61,29.95,0.0,0,0,0.0,0.0,-0.5963501359099148
240540,2405405,Japi (RN),24,0.516,1245.0,0.613,250.38,Faixa 1 (R$ 20k),20000.0,0,0.8,0.0,55.0,55.0,0.0,44.18,4.82,39.36,0.0,0,0,0.0,0.0,-0.5962212027477998
240560,2405603,Jardim de Piranhas (RN),24,0.329,1912.0,0.614,295.68,Faixa 2 (R$ 15k),15000.0,0,0.7,0.0,143.0,143.0,0.0,74.79,12.03,62.76,0.0,0,0,0.0,0.0,-0.5956413936764287
240570,2405702,Jardim do Seridó (RN),24,0.245,1635.0,0.689,435.59,Faixa 3 (R$ 10k),10000.0,0,0.35,0.0,83.0,83.0,0.0,50.76,11.62,39.14,0.0,0,0,0.0,0.0,-0.5959604891930242
240500,2405009,Jaçanã (RN),24,0.538,1395.0,0.642,302.28,Faixa 1 (R$ 20k),20000.0,0,0.8,0.0,31.0,31.0,0.0,22.22,4.3,17.92,0.0,0,0,0.0,0.0,-0.5965165771005992
240600,2406007,José da Penha (RN),24,0.399,798.0,0.596,293.46,Faixa 2 (R$ 15k),15000.0,0,0.7,0.0,69.0,69.0,0.0,86.47,10.03,76.44,0.0,0,0,0.0,0.0,-0.5955432970205756
240580,2405801,João Câmara (RN),24,0.485,7319.0,0.644,363.58,Faixa 1 (R$ 20k),20000.0,1,0.94,2640.0,0.0,2640.0,1.0,360.71,295.12,65.58,0.0,11880,1716,145860.0,241.92,-0.05341258073959139
240590,2405900,João Dias (RN),24,0.48,687.0,0.582,163.83,Faixa 1 (R$ 20k),20000.0,0,0.8,0.0,27.0,27.0,0.0,39.3,7.28,32.02,0.0,0,0,0.0,0.0,-0.5962200864020462
240610,2406106,Jucurutu (RN),24,0.306,2866.0,0.646,322.2,Faixa 2 (R$ 15k),15000.0,0,0.7,0.0,146.0,146.0,0.0,50.94,8.37,42.57,0.0,0,0,0.0,0.0,-0.5960424143892501
240615,2406155,Jundiá (RN),24,0.368,1133.0,0.624,252.91,Faixa 2 (R$ 15k),15000.0,0,0.7,0.0,21.0,21.0,0.0,18.53,9.71,8.83,0.0,0,0,0.0,0.0,-0.5964236571294952
240620,2406205,Lagoa D'Anta (RN),24,0.385,1095.0,0.608,281.17,Faixa 2 (R$ 15k),15000.0,0,0.7,0.0,14.0,14.0,0.0,12.79,8.22,4.57,0.0,0,0,0.0,0.0,-0.5965360269728437
240650,2406502,Lagoa Nova (RN),24,0.377,2202.0,0.633,277.77,Faixa 2 (R$ 15k),15000.0,0,0.7,0.0,213.0,213.0,0.0,96.73,7.72,89.01,0.0,0,0,0.0,0.0,-0.595471463454295
240660,2406601,Lagoa Salgada (RN),24,0.379,1582.0,0.613,247.01,Faixa 2 (R$ 15k),15000.0,0,0.7,0.0,31.0,31.0,0.0,19.6,1.26,18.33,0.0,0,0,0.0,0.0,-0.596629070066412
240630,2406304,Lagoa de Pedras (RN),24,0.319,662.0,0.652,303.97,Faixa 2 (R$ 15k),15000.0,0,0.7,0.0,16.0,16.0,0.0,24.17,16.62,7.55,0.0,0,0,0.0,0.0,-0.5961722267260727
240640,2406403,Lagoa de Velhos (RN),24,0.327,785.0,0.61,266.23,Faixa 2 (R$ 15k),15000.0,0,0.7,0.0,22.0,22.0,0.0,28.03,15.29,12.74,0.0,0,0,0.0,0.0,-0.5961571484825917
240670,2406700,Lajes (RN),24,0.4,2497.0,0.634,293.4,Faixa 2 (R$ 15k),15000.0,0,0.7,0.0,73.0,73.0,0.0,29.24,4.41,24.83,0.0,0,0,0.0,0.0,-0.5964236115483599
240680,2406809,Lajes Pintadas (RN),24,0.32,890.0,0.67,290.87,Faixa 2 (R$ 15k),15000.0,0,0.7,0.0,5.0,5.0,0.0,5.62,1.12,4.49,0.0,0,0,0.0,0.0,-0.5968121574643309
240690,2406908,Lucrécia (RN),24,0.318,629.0,0.675,368.6,Faixa 2 (R$ 15k),15000.0,0,0.7,0.0,31.0,31.0,0.0,49.28,19.08,30.21,0.0,0,0,0.0,0.0,-0.5957860664782387
240700,2407005,Luís Gomes (RN),24,0.385,2014.0,0.63,248.33,Faixa 2 (R$ 15k),15000.0,0,0.7,0.0,92.0,92.0,0.0,45.68,5.46,40.22,0.0,0,0,0.0,0.0,-0.5961853595364289
240720,2407203,Macau (RN),24,0.297,7721.0,0.701,458.21,Faixa 3 (R$ 10k),10000.0,0,0.35,0.0,289.0,289.0,0.0,37.43,5.44,31.99,0.0,0,0,0.0,0.0,-0.5962917816959126
240730,2407302,Marcelino Vieira (RN),24,0.331,1244.0,0.639,323.87,Faixa 2 (R$ 15k),15000.0,0,0.7,0.0,45.0,45.0,0.0,36.17,12.06,24.12,0.0,0,0,0.0,0.0,-0.5961363066009223
240740,2407401,Martins (RN),24,0.411,1379.0,0.639,296.07,Faixa 1 (R$ 20k),20000.0,0,0.8,0.0,61.0,61.0,0.0,44.23,21.03,23.21,0.0,0,0,0.0,0.0,-0.595800350937032
240760,2407609,Messias Targino (RN),24,0.324,1162.0,0.647,293.48,Faixa 2 (R$ 15k),15000.0,0,0.7,0.0,46.0,46.0,0.0,39.59,1.72,37.87,0.0,0,0,0.0,0.0,-0.5963604717798198
240770,2407708,Montanhas (RN),24,0.447,2633.0,0.581,242.34,Faixa 1 (R$ 20k),20000.0,0,0.8,0.0,65.0,65.0,0.0,24.69,7.98,16.71,0.0,0,0,0.0,0.0,-0.5963894892773729
240790,2407906,Monte das Gameleiras (RN),24,0.276,319.0,0.651,317.85,Faixa 3 (R$ 10k),10000.0,0,0.35,0.0,60.0,60.0,0.0,188.09,109.72,78.37,0.0,0,0,0.0,0.0,-0.5916549824094174
240800,2408003,Mossoró (RN),24,0.266,66887.0,0.721,522.8,Faixa 3 (R$ 10k),10000.0,25,0.48,55140.0,0.0,55140.0,1.0,824.38,479.91,344.46,1.0,280320,40638,3454230.0,3595.2,0.7605123736510896
240830,2408300,Nova Cruz (RN),24,0.425,6846.0,0.651,327.63,Faixa 1 (R$ 20k),20000.0,0,0.8,0.0,267.0,267.0,0.0,39.0,10.81,28.19,0.0,0,0,0.0,0.0,-0.5961324443842694
240840,2408409,Olho-D'Água do Borges (RN),24,0.42,853.0,0.605,266.13,Faixa 1 (R$ 20k),20000.0,0,0.8,0.0,56.0,56.0,0.0,65.65,3.52,62.13,0.0,0,0,0.0,0.0,-0.595979290499588
240850,2408508,Ouro Branco (RN),24,0.284,757.0,0.672,315.32,Faixa 3 (R$ 10k),10000.0,0,0.35,0.0,365.0,365.0,0.0,482.17,95.11,387.05,0.0,0,0,0.0,0.0,-0.5882586696898515
240860,2408607,Paraná (RN),24,0.471,942.0,0.596,209.7,Faixa 1 (R$ 20k),20000.0,0,0.8,0.0,586.0,586.0,0.0,622.08,69.0,553.08,0.0,0,0,0.0,0.0,-0.5871393399172897
240880,2408805,Parazinho (RN),24,0.479,1072.0,0.545,213.81,Faixa 1 (R$ 20k),20000.0,0,0.8,0.0,4.0,4.0,0.0,3.73,2.8,0.93,0.0,0,0,0.0,0.0,-0.5967928080203665
240870,2408706,Paraú (RN),24,0.378,1026.0,0.642,278.38,Faixa 2 (R$ 15k),15000.0,0,0.7,0.0,10.0,10.0,0.0,9.75,8.77,0.97,0.0,0,0,0.0,0.0,-0.5965608632166635
240890,2408904,Parelhas (RN),24,0.309,2798.0,0.685,349.65,Faixa 2 (R$ 15k),15000.0,0,0.7,0.0,117.0,117.0,0.0,41.82,5.0,36.81,0.0,0,0,0.0,0.0,-0.596246899876965
240910,2409100,Passa E Fica (RN),24,0.423,2093.0,0.631,262.56,Faixa 1 (R$ 20k),20000.0,0,0.8,0.0,59.0,59.0,0.0,28.19,2.87,25.32,0.0,0,0,0.0,0.0,-0.596477005033273
240920,2409209,Passagem (RN),24,0.483,850.0,0.592,231.85,Faixa 1 (R$ 20k),20000.0,0,0.8,0.0,15.0,15.0,0.0,17.65,2.35,15.29,0.0,0,0,0.0,0.0,-0.5966258504706587
240930,2409308,Patu (RN),24,0.422,2474.0,0.605,273.69,Faixa 1 (R$ 20k),20000.0,0,0.8,0.0,46.0,46.0,0.0,18.59,1.62,16.98,0.0,0,0,0.0,0.0,-0.5966325693257835
240940,2409407,Pau dos Ferros (RN),24,0.36,5819.0,0.639,394.77,Faixa 2 (R$ 15k),15000.0,3,0.88,6120.0,0.0,6120.0,1.0,1051.73,639.29,412.44,1.0,33780,5109,434265.0,416.64,0.7675618176531501
240950,2409506,Pedra Grande (RN),24,0.313,402.0,0.611,252.56,Faixa 2 (R$ 15k),15000.0,0,0.7,0.0,21.0,21.0,0.0,52.24,9.95,42.29,0.0,0,0,0.0,0.0,-0.5959847749501191
240970,2409704,Pedro Avelino (RN),24,0.408,1356.0,0.593,293.12,Faixa 1 (R$ 20k),20000.0,0,0.8,0.0,22.0,22.0,0.0,16.22,0.0,16.22,0.0,0,0,0.0,0.0,-0.596705048510459
240980,2409803,Pedro Velho (RN),24,0.397,2093.0,0.575,342.18,Faixa 2 (R$ 15k),15000.0,0,0.7,0.0,27.0,27.0,0.0,12.9,1.91,10.99,0.0,0,0,0.0,0.0,-0.5966981620150268
240990,2409902,Pendências (RN),24,0.366,3553.0,0.66,376.65,Faixa 2 (R$ 15k),15000.0,0,0.7,0.0,161.0,161.0,0.0,45.31,12.1,33.21,0.0,0,0,0.0,0.0,-0.5960180088920793
241000,2410009,Pilões (RN),24,0.358,690.0,0.639,285.13,Faixa 2 (R$ 15k),15000.0,0,0.7,0.0,13.0,13.0,0.0,18.84,1.45,17.39,0.0,0,0,0.0,0.0,-0.5966338338986699
241020,2410207,Portalegre (RN),24,0.374,1115.0,0.63,302.31,Faixa 2 (R$ 15k),15000.0,0,0.7,0.0,199.0,199.0,0.0,178.48,49.33,129.15,0.0,0,0,0.0,0.0,-0.5933435754815658
241025,2410256,Porto do Mangue (RN),24,0.44,1007.0,0.653,325.37,Faixa 1 (R$ 20k),20000.0,0,0.8,0.0,34.0,34.0,0.0,33.76,0.0,33.76,0.0,0,0,0.0,0.0,-0.5964798906447537
241010,2410108,Poço Branco (RN),24,0.437,2479.0,0.616,261.07,Faixa 1 (R$ 20k),20000.0,0,0.8,0.0,36.0,36.0,0.0,14.52,4.84,9.68,0.0,0,0,0.0,0.0,-0.5966014245272486
241030,2410306,Presidente Juscelino (RN),24,0.452,1631.0,0.628,271.88,Faixa 1 (R$ 20k),20000.0,0,0.8,0.0,37.0,37.0,0.0,22.69,3.07,19.62,0.0,0,0,0.0,0.0,-0.5965424238136949
241040,2410405,Pureza (RN),24,0.361,1083.0,0.648,262.54,Faixa 2 (R$ 15k),15000.0,2,0.88,4920.0,0.0,4920.0,1.0,4542.94,3545.71,997.23,1.0,22680,3276,278460.0,430.08,0.8877085326571891
241050,2410504,Rafael Fernandes (RN),24,0.374,864.0,0.58,241.59,Faixa 2 (R$ 15k),15000.0,0,0.7,0.0,24.0,24.0,0.0,27.78,12.73,15.05,0.0,0,0,0.0,0.0,-0.5962267095990098
241060,2410603,Rafael Godeiro (RN),24,0.512,511.0,0.638,282.2,Faixa 1 (R$ 20k),20000.0,0,0.8,0.0,55.0,55.0,0.0,107.63,15.66,91.98,0.0,0,0,0.0,0.0,-0.5951256798943504
241070,2410702,Riacho da Cruz (RN),24,0.39,812.0,0.611,232.12,Faixa 2 (R$ 15k),15000.0,0,0.7,0.0,71.0,71.0,0.0,87.44,29.56,57.88,0.0,0,0,0.0,0.0,-0.595024652795751
241080,2410801,Riacho de Santana (RN),24,0.436,932.0,0.597,219.26,Faixa 1 (R$ 20k),20000.0,0,0.8,0.0,40.0,40.0,0.0,42.92,18.24,24.68,0.0,0,0,0.0,0.0,-0.5958895479866506
241090,2410900,Riachuelo (RN),24,0.409,1585.0,0.615,271.21,Faixa 1 (R$ 20k),20000.0,0,0.8,0.0,55.0,55.0,0.0,34.7,13.88,20.82,0.0,0,0,0.0,0.0,-0.5961080722652501
240895,2408953,Rio do Fogo (RN),24,0.433,1312.0,0.617,239.25,Faixa 1 (R$ 20k),20000.0,0,0.8,0.0,47.0,47.0,0.0,35.82,3.05,32.77,0.0,0,0,0.0,0.0,-0.5963743947092806
241100,2411007,Rodolfo Fernandes (RN),24,0.38,1044.0,0.625,260.86,Faixa 2 (R$ 15k),15000.0,0,0.7,0.0,22.0,22.0,0.0,21.07,3.83,17.24,0.0,0,0,0.0,0.0,-0.596543521242537
241110,2411106,Ruy Barbosa (RN),24,0.29,688.0,0.648,325.96,Faixa 3 (R$ 10k),10000.0,0,0.35,0.0,80.0,80.0,0.0,116.28,30.52,85.76,0.0,0,0,0.0,0.0,-0.5946295568698524
241120,2411205,Santa Cruz (RN),24,0.425,8889.0,0.659,303.75,Faixa 1 (R$ 20k),20000.0,3,0.94,5160.0,0.0,5160.0,1.0,580.49,310.5,270.0,1.0,29730,4641,394485.0,309.12,0.75299084668349
240933,2409332,Santa Maria (RN),24,0.394,1034.0,0.599,266.45,Faixa 2 (R$ 15k),15000.0,0,0.7,0.0,142.0,142.0,0.0,137.33,38.68,98.65,0.0,0,0,0.0,0.0,-0.5941478450416653
241140,2411403,Santana do Matos (RN),24,0.361,1990.0,0.622,296.16,Faixa 2 (R$ 15k),15000.0,0,0.7,0.0,31.0,31.0,0.0,15.58,3.52,12.06,0.0,0,0,0.0,0.0,-0.5966220301994654
241142,2411429,Santana do Seridó (RN),24,0.278,845.0,0.701,350.72,Faixa 3 (R$ 10k),10000.0,0,0.35,0.0,4.0,4.0,0.0,4.73,2.37,2.37,0.0,0,0,0.0,0.0,-0.5967910486485175
241150,2411502,Santo Antônio (RN),24,0.368,4264.0,0.631,355.52,Faixa 2 (R$ 15k),15000.0,2,0.88,3120.0,0.0,3120.0,1.0,731.71,506.57,225.14,1.0,21060,3042,258570.0,241.92,0.760013845858062
241310,2413102,Senador Elói de Souza (RN),24,0.33,900.0,0.65,262.0,Faixa 2 (R$ 15k),15000.0,0,0.7,0.0,19.0,19.0,0.0,21.11,4.44,16.67,0.0,0,0,0.0,0.0,-0.5965271973533923
241320,2413201,Senador Georgino Avelino (RN),24,0.474,1415.0,0.588,226.6,Faixa 1 (R$ 20k),20000.0,0,0.8,0.0,20.0,20.0,0.0,14.13,0.71,13.43,0.0,0,0,0.0,0.0,-0.5967134075846877
241340,2413409,Serra Negra do Norte (RN),24,0.287,1357.0,0.642,313.37,Faixa 3 (R$ 10k),10000.0,0,0.35,0.0,49.0,49.0,0.0,36.11,22.84,13.26,0.0,0,0,0.0,0.0,-0.595857808254699
241330,2413300,Serra de São Bento (RN),24,0.523,991.0,0.633,318.8,Faixa 1 (R$ 20k),20000.0,0,0.8,0.0,64.0,64.0,0.0,64.58,9.08,55.5,0.0,0,0,0.0,0.0,-0.5958489178433222
241335,2413359,Serra do Mel (RN),24,0.436,3016.0,0.621,239.13,Faixa 1 (R$ 20k),20000.0,0,0.8,0.0,88.0,88.0,0.0,29.18,6.3,22.88,0.0,0,0,0.0,0.0,-0.5963753953860567
241350,2413508,Serrinha (RN),24,0.41,710.0,0.696,359.63,Faixa 1 (R$ 20k),20000.0,0,0.8,0.0,71.0,71.0,0.0,100.0,26.76,73.24,0.0,0,0,0.0,0.0,-0.5949359947082724
241355,2413557,Serrinha dos Pintos (RN),24,0.362,755.0,0.624,223.4,Faixa 2 (R$ 15k),15000.0,0,0.7,0.0,30.0,30.0,0.0,39.74,9.27,30.46,0.0,0,0,0.0,0.0,-0.5961629275539246
241360,2413607,Severiano Melo (RN),24,0.357,580.0,0.631,306.62,Faixa 2 (R$ 15k),15000.0,0,0.7,0.0,46.0,46.0,0.0,79.31,15.52,63.79,0.0,0,0,0.0,0.0,-0.5954929149230679
241160,2411601,São Bento do Norte (RN),24,0.459,1000.0,0.558,182.64,Faixa 1 (R$ 20k),20000.0,0,0.8,0.0,53.0,53.0,0.0,53.0,37.0,16.0,0.0,0,0,0.0,0.0,-0.5952739177200141
241170,2411700,São Bento do Trairí (RN),24,0.262,602.0,0.675,279.2,Faixa 3 (R$ 10k),10000.0,0,0.35,0.0,63.0,63.0,0.0,104.65,13.29,91.36,0.0,0,0,0.0,0.0,-0.5952254285770872
241180,2411809,São Fernando (RN),24,0.374,497.0,0.577,255.29,Faixa 2 (R$ 15k),15000.0,0,0.7,0.0,10.0,10.0,0.0,20.12,0.0,20.12,0.0,0,0,0.0,0.0,-0.596654984902919
241190,2411908,São Francisco do Oeste (RN),24,0.356,590.0,0.632,306.91,Faixa 2 (R$ 15k),15000.0,0,0.7,0.0,37.0,37.0,0.0,62.71,15.25,47.46,0.0,0,0,0.0,0.0,-0.5957130042287666
241230,2412302,São José do Campestre (RN),24,0.391,3261.0,0.638,282.37,Faixa 2 (R$ 15k),15000.0,0,0.7,0.0,60.0,60.0,0.0,18.4,5.21,13.19,0.0,0,0,0.0,0.0,-0.596542027731549
241240,2412401,São José do Seridó (RN),24,0.199,697.0,0.731,370.8,Faixa 3 (R$ 10k),10000.0,0,0.35,0.0,2.0,2.0,0.0,2.87,0.0,2.87,0.0,0,0,0.0,0.0,-0.5968764200901147
241210,2412104,São João do Sabugi (RN),24,0.279,953.0,0.67,422.2,Faixa 3 (R$ 10k),10000.0,0,0.35,0.0,51.0,51.0,0.0,53.52,17.84,35.68,0.0,0,0,0.0,0.0,-0.5957638451547851
241250,2412500,São Miguel (RN),24,0.369,2721.0,0.617,269.87,Faixa 2 (R$ 15k),15000.0,1,0.88,1560.0,0.0,1560.0,1.0,573.32,396.91,176.41,1.0,10530,1521,129285.0,120.96,0.7551383752465038
241255,2412559,São Miguel do Gostoso (RN),24,0.35,1111.0,0.66,337.97,Faixa 2 (R$ 15k),15000.0,1,0.88,2640.0,0.0,2640.0,1.0,2376.24,1944.19,432.04,0.0,11880,1716,145860.0,241.92,0.015202195612205394
241260,2412609,São Paulo do Potengi (RN),24,0.32,3647.0,0.669,335.39,Faixa 2 (R$ 15k),15000.0,0,0.7,0.0,109.0,109.0,0.0,29.89,7.95,21.94,0.0,0,0,0.0,0.0,-0.5963235153621078
241270,2412708,São Pedro (RN),24,0.362,1200.0,0.656,353.27,Faixa 2 (R$ 15k),15000.0,0,0.7,0.0,345.0,345.0,0.0,287.5,210.83,76.67,0.0,0,0,0.0,0.0,-0.5877582326003397
241280,2412807,São Rafael (RN),24,0.356,1328.0,0.64,300.25,Faixa 2 (R$ 15k),15000.0,0,0.7,0.0,53.0,53.0,0.0,39.91,17.32,22.59,0.0,0,0,0.0,0.0,-0.5959520320401595
241290,2412906,São Tomé (RN),24,0.355,2026.0,0.647,302.78,Faixa 2 (R$ 15k),15000.0,0,0.7,0.0,119.0,119.0,0.0,58.74,36.03,22.7,0.0,0,0,0.0,0.0,-0.5952254431097984
241300,2413003,São Vicente (RN),24,0.344,891.0,0.623,307.96,Faixa 2 (R$ 15k),15000.0,0,0.7,0.0,3788.0,3788.0,0.0,4251.4,3281.71,969.7,0.0,0,0,0.0,0.0,-0.4572810205023005
241370,2413706,Sítio Novo (RN),24,0.428,665.0,0.625,253.48,Faixa 1 (R$ 20k),20000.0,0,0.8,0.0,7.0,7.0,0.0,10.53,1.5,9.02,0.0,0,0,0.0,0.0,-0.5967392795543601
241380,2413805,Taboleiro Grande (RN),24,0.372,396.0,0.594,241.19,Faixa 2 (R$ 15k),15000.0,0,0.7,0.0,53.0,53.0,0.0,133.84,10.1,123.74,0.0,0,0,0.0,0.0,-0.5949334024312414
241390,2413904,Taipu (RN),24,0.413,1386.0,0.592,291.31,Faixa 1 (R$ 20k),20000.0,0,0.8,0.0,56.0,56.0,0.0,40.4,9.38,31.02,0.0,0,0,0.0,0.0,-0.5961515365955219
241400,2414001,Tangará (RN),24,0.355,2957.0,0.648,304.14,Faixa 2 (R$ 15k),15000.0,0,0.7,0.0,255.0,255.0,0.0,86.24,7.78,78.46,0.0,0,0,0.0,0.0,-0.5956045665988455
241410,2414100,Tenente Ananias (RN),24,0.423,1776.0,0.63,288.74,Faixa 1 (R$ 20k),20000.0,1,0.94,1560.0,0.0,1560.0,1.0,878.38,608.11,270.27,1.0,10530,1521,129285.0,120.96,0.7645284089434621
241415,2414159,Tenente Laurentino Cruz (RN),24,0.388,1533.0,0.645,238.88,Faixa 2 (R$ 15k),15000.0,0,0.7,0.0,68.0,68.0,0.0,44.36,3.26,41.1,0.0,0,0,0.0,0.0,-0.5962593253154072
241105,2411056,Tibau (RN),24,0.288,861.0,0.662,343.36,Faixa 3 (R$ 10k),10000.0,0,0.35,0.0,139.0,139.0,0.0,161.44,13.94,147.5,0.0,0,0,0.0,0.0,-0.5944795782655184
241420,2414209,Tibau do Sul (RN),24,0.303,2038.0,0.659,661.52,Faixa 2 (R$ 15k),15000.0,0,0.7,0.0,84.0,84.0,0.0,41.22,9.81,31.4,0.0,0,0,0.0,0.0,-0.5961299329505187
241430,2414308,Timbaúba dos Batistas (RN),24,0.261,519.0,0.642,314.82,Faixa 3 (R$ 10k),10000.0,0,0.35,0.0,122.0,122.0,0.0,235.07,75.14,159.92,0.0,0,0,0.0,0.0,-0.5919482452580113
241440,2414407,Touros (RN),24,0.29,2535.0,0.653,359.58,Faixa 3 (R$ 10k),10000.0,0,0.35,0.0,132.0,132.0,0.0,52.07,13.81,38.26,0.0,0,0,0.0,0.0,-0.595886910969422
241445,2414456,Triunfo Potiguar (RN),24,0.328,575.0,0.644,266.76,Faixa 2 (R$ 15k),15000.0,0,0.7,0.0,112.0,112.0,0.0,194.78,10.43,184.35,0.0,0,0,0.0,0.0,-0.594142573295372
241450,2414506,Umarizal (RN),24,0.419,2235.0,0.641,323.8,Faixa 1 (R$ 20k),20000.0,0,0.8,0.0,85.0,85.0,0.0,38.03,7.16,30.87,0.0,0,0,0.0,0.0,-0.5962394994123719
241460,2414605,Upanema (RN),24,0.328,1746.0,0.673,317.35,Faixa 2 (R$ 15k),15000.0,0,0.7,0.0,201.0,201.0,0.0,115.12,1.15,113.97,0.0,0,0,0.0,0.0,-0.5954056802481043
241475,2414753,Venha-Ver (RN),24,0.565,784.0,0.558,151.92,Faixa 1 (R$ 20k),20000.0,0,0.8,0.0,39.0,39.0,0.0,49.74,6.38,43.37,0.0,0,0,0.0,0.0,-0.5961093292224305
241500,2415008,Vila Flor (RN),24,0.435,900.0,0.594,273.43,Faixa 1 (R$ 20k),20000.0,0,0.8,0.0,4.0,4.0,0.0,4.44,1.11,3.33,0.0,0,0,0.0,0.0,-0.596827496505048
241490,2414902,Viçosa (RN),24,0.332,574.0,0.667,251.63,Faixa 2 (R$ 15k),15000.0,0,0.7,0.0,92.0,92.0,0.0,160.28,48.78,111.5,0.0,0,0,0.0,0.0,-0.5935914609434226
241470,2414704,Várzea (RN),24,0.344,1201.0,0.641,298.14,Faixa 2 (R$ 15k),15000.0,0,0.7,0.0,95.0,95.0,0.0,79.1,36.64,42.46,0.0,0,0,0.0,0.0,-0.5949482073916273
240040,2400406,Água Nova (RN),24,0.473,449.0,0.59,217.07,Faixa 1 (R$ 20k),20000.0,0,0.8,0.0,5.0,5.0,0.0,11.14,2.23,8.91,0.0,0,0,0.0,0.0,-0.5967124608336812
240260,2402600,Ceará-Mirim (RN),24,0.442,11504.0,0.674,395.87,Faixa 1 (R$ 20k),20000.0,2,0.94,3120.0,0.0,3120.0,1.0,271.21,187.76,83.45,1.0,21060,3042,258570.0,241.92,0.7458393435418373
240360,2403608,Extremoz (RN),24,0.382,5269.0,0.684,513.16,Faixa 2 (R$ 15k),15000.0,0,0.7,0.0,330.0,330.0,0.0,62.63,21.26,41.37,0.0,0,0,0.0,0.0,-0.5955582596964577
240710,2407104,Macaíba (RN),24,0.437,14746.0,0.665,391.53,Faixa 1 (R$ 20k),20000.0,1,0.94,2640.0,0.0,2640.0,1.0,179.03,130.2,48.83,0.0,11880,1716,145860.0,215.04,-0.06001922154867523
240750,2407500,Maxaranguape (RN),24,0.375,1352.0,0.651,310.81,Faixa 2 (R$ 15k),15000.0,0,0.7,0.0,36.0,36.0,0.0,26.63,5.92,20.71,0.0,0,0,0.0,0.0,-0.5964179783950547
240780,2407807,Monte Alegre (RN),24,0.283,3117.0,0.7,391.54,Faixa 3 (R$ 10k),10000.0,0,0.35,0.0,72.0,72.0,0.0,23.1,6.42,16.68,0.0,0,0,0.0,0.0,-0.5964503330207102
240810,2408102,Natal (RN),24,0.333,228103.0,0.739,689.97,Faixa 2 (R$ 15k),15000.0,33,0.88,66000.0,0.0,66000.0,1.0,289.34,211.48,77.86,1.0,308220,53196,4521660.0,5402.88,0.7466868670563528
240820,2408201,Nísia Floresta (RN),24,0.315,3175.0,0.656,335.36,Faixa 2 (R$ 15k),15000.0,0,0.7,0.0,124.0,124.0,0.0,39.06,10.71,28.35,0.0,0,0,0.0,0.0,-0.5961342660464386
240325,2403251,Parnamirim (RN),24,0.316,51371.0,0.75,650.3,Faixa 2 (R$ 15k),15000.0,6,0.88,10200.0,0.0,10200.0,1.0,198.56,133.15,65.41,1.0,62730,9243,785655.0,766.08,0.7434913273563031
241200,2412005,São Gonçalo do Amarante (RN),24,0.349,24233.0,0.666,356.49,Faixa 2 (R$ 15k),15000.0,0,0.7,0.0,412.0,412.0,0.0,17.0,5.41,11.6,0.0,0,0,0.0,0.0,-0.5965547479430209
241220,2412203,São José de Mipibu (RN),24,0.39,5685.0,0.669,427.21,Faixa 2 (R$ 15k),15000.0,12,0.88,24480.0,0.0,24480.0,1.0,4306.07,2997.36,1308.71,1.0,130650,18915,1607775.0,1908.48,0.8704553470670365
241480,2414803,Vera Cruz (RN),24,0.482,1291.0,0.563,218.08,Faixa 1 (R$ 20k),20000.0,0,0.8,0.0,1258.0,1258.0,0.0,974.44,51.12,923.32,0.0,0,0,0.0,0.0,-0.5830795837872123
280020,2800209,Aquidabã (SE),28,0.375,4004.0,0.616,326.83,Faixa 2 (R$ 15k),15000.0,0,0.7,0.0,275.0,275.0,0.0,68.68,26.22,42.46,0.0,0,0,0.0,0.0,-0.5953520400934709
280030,2800308,Aracaju (SE),28,0.333,198748.0,0.771,846.0,Faixa 2 (R$ 15k),15000.0,8,0.88,22320.0,0.0,22320.0,1.0,112.3,65.81,46.49,1.0,83940,15483,1316055.0,1464.96,0.7406386567733053
280040,2800407,Arauá (SE),28,0.364,1726.0,0.632,272.82,Faixa 2 (R$ 15k),15000.0,0,0.7,0.0,50.0,50.0,0.0,28.97,12.17,16.8,0.0,0,0,0.0,0.0,-0.596225948260788
280050,2800506,Areia Branca (SE),28,0.381,2910.0,0.629,328.84,Faixa 2 (R$ 15k),15000.0,0,0.7,0.0,171.0,171.0,0.0,58.76,9.62,49.14,0.0,0,0,0.0,0.0,-0.5959096320437729
280060,2800605,Barra dos Coqueiros (SE),28,0.404,8666.0,0.66,392.44,Faixa 1 (R$ 20k),20000.0,0,0.8,0.0,418.0,418.0,0.0,48.23,16.96,31.27,0.0,0,0,0.0,0.0,-0.5958545604148648
280067,2800670,Boquim (SE),28,0.386,6231.0,0.646,349.21,Faixa 2 (R$ 15k),15000.0,0,0.7,0.0,265.0,265.0,0.0,42.53,5.14,37.39,0.0,0,0,0.0,0.0,-0.5962340895159851
280070,2800704,Brejo Grande (SE),28,0.616,1570.0,0.602,234.62,Faixa 1 (R$ 20k),20000.0,0,0.8,0.0,70.0,70.0,0.0,44.59,5.1,39.49,0.0,0,0,0.0,0.0,-0.5962086824103523
280100,2801009,Campo do Brito (SE),28,0.34,2570.0,0.679,584.87,Faixa 2 (R$ 15k),15000.0,0,0.7,0.0,176.0,176.0,0.0,68.48,12.45,56.03,0.0,0,0,0.0,0.0,-0.5957115081656971
280110,2801108,Canhoba (SE),28,0.507,1402.0,0.574,218.83,Faixa 1 (R$ 20k),20000.0,0,0.8,0.0,9.0,9.0,0.0,6.42,3.57,2.85,0.0,0,0,0.0,0.0,-0.5967383195573139
280120,2801207,Canindé de São Francisco (SE),28,0.471,4960.0,0.608,286.14,Faixa 1 (R$ 20k),20000.0,0,0.8,0.0,628.0,628.0,0.0,126.61,19.15,107.46,0.0,0,0,0.0,0.0,-0.5947916482853396
280130,2801306,Capela (SE),28,0.414,7777.0,0.668,346.34,Faixa 1 (R$ 20k),20000.0,0,0.8,0.0,356.0,356.0,0.0,45.78,4.63,41.15,0.0,0,0,0.0,0.0,-0.596205588387766
280140,2801405,Carira (SE),28,0.34,3385.0,0.641,328.14,Faixa 2 (R$ 15k),15000.0,0,0.7,0.0,217.0,217.0,0.0,64.11,20.97,43.13,0.0,0,0,0.0,0.0,-0.5955468452235545
280150,2801504,Carmópolis (SE),28,0.335,4060.0,0.647,360.81,Faixa 2 (R$ 15k),15000.0,0,0.7,0.0,243.0,243.0,0.0,59.85,8.13,51.72,0.0,0,0,0.0,0.0,-0.5959342587928932
280160,2801603,Cedro de São João (SE),28,0.393,1494.0,0.642,356.99,Faixa 2 (R$ 15k),15000.0,0,0.7,0.0,54.0,54.0,0.0,36.14,7.36,28.78,0.0,0,0,0.0,0.0,-0.5962585772637631
280170,2801702,Cristinápolis (SE),28,0.457,3235.0,0.617,300.36,Faixa 1 (R$ 20k),20000.0,0,0.8,0.0,281.0,281.0,0.0,86.86,19.78,67.08,0.0,0,0,0.0,0.0,-0.5952855831870231
280190,2801900,Cumbe (SE),28,0.376,792.0,0.643,310.69,Faixa 2 (R$ 15k),15000.0,0,0.7,0.0,57.0,57.0,0.0,71.97,22.73,49.24,0.0,0,0,0.0,0.0,-0.5954002632635274
280210,2802106,Estância (SE),28,0.347,21861.0,0.669,412.54,Faixa 2 (R$ 15k),15000.0,0,0.7,0.0,912.0,912.0,0.0,41.72,12.67,29.05,0.0,0,0,0.0,0.0,-0.5960493194170204
280220,2802205,Feira Nova (SE),28,0.414,1365.0,0.612,244.45,Faixa 1 (R$ 20k),20000.0,0,0.8,0.0,496.0,496.0,0.0,363.37,243.22,120.15,0.0,0,0,0.0,0.0,-0.5859447956973579
280230,2802304,Frei Paulo (SE),28,0.309,2753.0,0.626,403.03,Faixa 2 (R$ 15k),15000.0,0,0.7,0.0,95.0,95.0,0.0,34.51,5.45,29.06,0.0,0,0,0.0,0.0,-0.5963290060303038
280240,2802403,Gararu (SE),28,0.306,961.0,0.695,399.9,Faixa 2 (R$ 15k),15000.0,0,0.7,0.0,66.0,66.0,0.0,68.68,13.53,55.15,0.0,0,0,0.0,0.0,-0.5956809485888362
280260,2802601,Gracho Cardoso (SE),28,0.393,780.0,0.635,301.56,Faixa 2 (R$ 15k),15000.0,0,0.7,0.0,51.0,51.0,0.0,65.38,7.69,57.69,0.0,0,0,0.0,0.0,-0.595874675399436
280270,2802700,Ilha das Flores (SE),28,0.479,1989.0,0.602,183.25,Faixa 1 (R$ 20k),20000.0,0,0.8,0.0,56.0,56.0,0.0,28.15,12.57,15.59,0.0,0,0,0.0,0.0,-0.5962260393722094
280280,2802809,Indiaroba (SE),28,0.493,2410.0,0.649,285.27,Faixa 1 (R$ 20k),20000.0,0,0.8,0.0,144.0,144.0,0.0,59.75,8.3,51.45,0.0,0,0,0.0,0.0,-0.5959311362935609
280290,2802908,Itabaiana (SE),28,0.34,20301.0,0.66,411.66,Faixa 2 (R$ 15k),15000.0,0,0.7,0.0,760.0,760.0,0.0,37.44,9.61,27.83,0.0,0,0,0.0,0.0,-0.5961835722854758
280300,2803005,Itabaianinha (SE),28,0.398,6430.0,0.613,289.97,Faixa 2 (R$ 15k),15000.0,0,0.7,0.0,423.0,423.0,0.0,65.79,19.28,46.5,0.0,0,0,0.0,0.0,-0.5955690819904633
280310,2803104,Itabi (SE),28,0.469,867.0,0.663,317.42,Faixa 1 (R$ 20k),20000.0,0,0.8,0.0,34.0,34.0,0.0,39.22,13.84,25.37,0.0,0,0,0.0,0.0,-0.596051154173321
280320,2803203,Itaporanga D'Ajuda (SE),28,0.527,4728.0,0.582,285.31,Faixa 1 (R$ 20k),20000.0,0,0.8,0.0,495.0,495.0,0.0,104.7,15.86,88.83,0.0,0,0,0.0,0.0,-0.5951582432349276
280330,2803302,Japaratuba (SE),28,0.366,3354.0,0.687,368.21,Faixa 2 (R$ 15k),15000.0,0,0.7,0.0,236.0,236.0,0.0,70.36,18.78,51.58,0.0,0,0,0.0,0.0,-0.595523309472543
280340,2803401,Japoatã (SE),28,0.373,1590.0,0.606,283.82,Faixa 2 (R$ 15k),15000.0,0,0.7,0.0,147.0,147.0,0.0,92.45,19.5,72.96,0.0,0,0,0.0,0.0,-0.5952210149928726
280350,2803500,Lagarto (SE),28,0.331,15890.0,0.664,419.19,Faixa 2 (R$ 15k),15000.0,3,0.88,7200.0,0.0,7200.0,1.0,453.12,324.73,128.38,1.0,35640,4836,411060.0,577.92,0.7517245087313948
280360,2803609,Laranjeiras (SE),28,0.352,8777.0,0.661,324.99,Faixa 2 (R$ 15k),15000.0,0,0.7,0.0,317.0,317.0,0.0,36.12,10.25,25.86,0.0,0,0,0.0,0.0,-0.5961839965103242
280370,2803708,Macambira (SE),28,0.337,1179.0,0.657,346.61,Faixa 2 (R$ 15k),15000.0,0,0.7,0.0,28.0,28.0,0.0,23.75,7.63,16.12,0.0,0,0,0.0,0.0,-0.5964106274407778
280380,2803807,Malhada dos Bois (SE),28,0.294,655.0,0.669,283.42,Faixa 3 (R$ 10k),10000.0,0,0.35,0.0,39.0,39.0,0.0,59.54,10.69,48.85,0.0,0,0,0.0,0.0,-0.595871886297045
280390,2803906,Malhador (SE),28,0.332,1901.0,0.635,354.91,Faixa 2 (R$ 15k),15000.0,0,0.7,0.0,110.0,110.0,0.0,57.86,12.1,45.77,0.0,0,0,0.0,0.0,-0.5958568391734597
280400,2804003,Maruim (SE),28,0.485,4985.0,0.652,352.88,Faixa 1 (R$ 20k),20000.0,0,0.8,0.0,172.0,172.0,0.0,34.5,3.81,30.69,0.0,0,0,0.0,0.0,-0.5963716410913886
280410,2804102,Moita Bonita (SE),28,0.233,1261.0,0.686,372.52,Faixa 3 (R$ 10k),10000.0,0,0.35,0.0,84.0,84.0,0.0,66.61,27.76,38.86,0.0,0,0,0.0,0.0,-0.5953386298976687
280420,2804201,Monte Alegre de Sergipe (SE),28,0.374,3072.0,0.626,259.07,Faixa 2 (R$ 15k),15000.0,0,0.7,0.0,257.0,257.0,0.0,83.66,25.39,58.27,0.0,0,0,0.0,0.0,-0.5951812570268096
280430,2804300,Muribeca (SE),28,0.381,1259.0,0.671,347.11,Faixa 2 (R$ 15k),15000.0,0,0.7,0.0,21.0,21.0,0.0,16.68,13.5,3.18,0.0,0,0,0.0,0.0,-0.5963492409174898
280440,2804409,Neópolis (SE),28,0.319,3883.0,0.687,376.86,Faixa 2 (R$ 15k),15000.0,0,0.7,0.0,115.0,115.0,0.0,29.62,10.56,19.06,0.0,0,0,0.0,0.0,-0.5962593334576036
280450,2804508,Nossa Senhora da Glória (SE),28,0.39,7026.0,0.627,375.43,Faixa 2 (R$ 15k),15000.0,0,0.7,0.0,270.0,270.0,0.0,38.43,12.67,25.76,0.0,0,0,0.0,0.0,-0.5960915525628682
280460,2804607,Nossa Senhora das Dores (SE),28,0.442,5150.0,0.637,307.42,Faixa 1 (R$ 20k),20000.0,0,0.8,0.0,401.0,401.0,0.0,77.86,23.11,54.76,0.0,0,0,0.0,0.0,-0.5953147376706382
280470,2804706,Nossa Senhora de Lourdes (SE),28,0.362,1147.0,0.658,276.21,Faixa 2 (R$ 15k),15000.0,0,0.7,0.0,26.0,26.0,0.0,22.67,13.95,8.72,0.0,0,0,0.0,0.0,-0.5962606849292159
280480,2804805,Nossa Senhora do Socorro (SE),28,0.447,58168.0,0.671,353.02,Faixa 1 (R$ 20k),20000.0,0,0.8,0.0,1400.0,1400.0,0.0,24.07,6.21,17.86,0.0,0,0,0.0,0.0,-0.5964433242331205
280490,2804904,Pacatuba (SE),28,0.341,1014.0,0.693,394.47,Faixa 2 (R$ 15k),15000.0,0,0.7,0.0,176.0,176.0,0.0,173.57,20.71,152.86,0.0,0,0,0.0,0.0,-0.5941483979076218
280510,2805109,Pedrinhas (SE),28,0.46,2494.0,0.619,280.37,Faixa 1 (R$ 20k),20000.0,0,0.8,0.0,106.0,106.0,0.0,42.5,14.03,28.47,0.0,0,0,0.0,0.0,-0.5960040572428964
280520,2805208,Pinhão (SE),28,0.323,1414.0,0.634,321.87,Faixa 2 (R$ 15k),15000.0,0,0.7,0.0,45.0,45.0,0.0,31.82,15.56,16.27,0.0,0,0,0.0,0.0,-0.5961014312755072
280530,2805307,Pirambu (SE),28,0.309,1679.0,0.667,317.28,Faixa 2 (R$ 15k),15000.0,0,0.7,0.0,253.0,253.0,0.0,150.68,10.72,139.96,0.0,0,0,0.0,0.0,-0.5947011607378501
280560,2805604,Porto da Folha (SE),28,0.434,2823.0,0.6,227.3,Faixa 1 (R$ 20k),20000.0,0,0.8,0.0,119.0,119.0,0.0,42.15,20.19,21.96,0.0,0,0,0.0,0.0,-0.5958488908453743
280540,2805406,Poço Redondo (SE),28,0.515,3259.0,0.604,297.13,Faixa 1 (R$ 20k),20000.0,0,0.8,0.0,282.0,282.0,0.0,86.53,9.82,76.71,0.0,0,0,0.0,0.0,-0.5955479697414121
280550,2805505,Poço Verde (SE),28,0.38,4016.0,0.593,295.06,Faixa 2 (R$ 15k),15000.0,0,0.7,0.0,186.0,186.0,0.0,46.31,14.94,31.37,0.0,0,0,0.0,0.0,-0.5959315629185822
280570,2805703,Propriá (SE),28,0.337,8002.0,0.683,403.8,Faixa 2 (R$ 15k),15000.0,0,0.7,0.0,245.0,245.0,0.0,30.62,8.25,22.37,0.0,0,0,0.0,0.0,-0.5963063688671744
280590,2805901,Riachuelo (SE),28,0.4,3356.0,0.635,295.48,Faixa 2 (R$ 15k),15000.0,0,0.7,0.0,47.0,47.0,0.0,14.0,5.96,8.05,0.0,0,0,0.0,0.0,-0.5965790031170218
280580,2805802,Riachão do Dantas (SE),28,0.331,2060.0,0.641,297.5,Faixa 2 (R$ 15k),15000.0,0,0.7,0.0,256.0,256.0,0.0,124.27,35.92,88.35,0.0,0,0,0.0,0.0,-0.5943870295966501
280600,2806008,Ribeirópolis (SE),28,0.33,3457.0,0.654,368.64,Faixa 2 (R$ 15k),15000.0,0,0.7,0.0,98.0,98.0,0.0,28.35,12.15,16.2,0.0,0,0,0.0,0.0,-0.5962344254650077
280610,2806107,Rosário do Catete (SE),28,0.335,2890.0,0.691,375.98,Faixa 2 (R$ 15k),15000.0,0,0.7,0.0,149.0,149.0,0.0,51.56,8.3,43.25,0.0,0,0,0.0,0.0,-0.5960363374663157
280620,2806206,Salgado (SE),28,0.324,2671.0,0.672,385.36,Faixa 2 (R$ 15k),15000.0,0,0.7,0.0,87.0,87.0,0.0,32.57,14.6,17.97,0.0,0,0,0.0,0.0,-0.5961167532221461
280630,2806305,Santa Luzia do Itanhy (SE),28,0.494,1162.0,0.601,275.33,Faixa 1 (R$ 20k),20000.0,0,0.8,0.0,374.0,374.0,0.0,321.86,18.07,303.79,0.0,0,0,0.0,0.0,-0.5923132509151048
280650,2806503,Santa Rosa de Lima (SE),28,0.412,846.0,0.64,236.89,Faixa 1 (R$ 20k),20000.0,0,0.8,0.0,24.0,24.0,0.0,28.37,10.64,17.73,0.0,0,0,0.0,0.0,-0.5962733059884486
280640,2806404,Santana do São Francisco (SE),28,0.444,1722.0,0.641,281.54,Faixa 1 (R$ 20k),20000.0,0,0.8,0.0,17.0,17.0,0.0,9.87,1.16,8.71,0.0,0,0,0.0,0.0,-0.5967564966234076
280660,2806602,Santo Amaro das Brotas (SE),28,0.409,3337.0,0.651,358.28,Faixa 1 (R$ 20k),20000.0,0,0.8,0.0,211.0,211.0,0.0,63.23,11.99,51.24,0.0,0,0,0.0,0.0,-0.5957908240925123
280710,2807105,Simão Dias (SE),28,0.396,6575.0,0.637,317.7,Faixa 2 (R$ 15k),15000.0,0,0.7,0.0,372.0,372.0,0.0,56.58,23.57,33.0,0.0,0,0,0.0,0.0,-0.5955761178371608
280720,2807204,Siriri (SE),28,0.303,1189.0,0.677,330.84,Faixa 2 (R$ 15k),15000.0,0,0.7,0.0,25.0,25.0,0.0,21.03,3.36,17.66,0.0,0,0,0.0,0.0,-0.5965562841084804
280670,2806701,São Cristóvão (SE),28,0.433,26412.0,0.697,402.81,Faixa 1 (R$ 20k),20000.0,0,0.8,0.0,1105.0,1105.0,0.0,41.84,6.17,35.67,0.0,0,0,0.0,0.0,-0.5962162506468592
280680,2806800,São Domingos (SE),28,0.355,1954.0,0.637,327.04,Faixa 2 (R$ 15k),15000.0,0,0.7,0.0,428.0,428.0,0.0,219.04,24.56,194.47,0.0,0,0,0.0,0.0,-0.5934649881345558
280700,2807006,São Miguel do Aleixo (SE),28,0.349,631.0,0.622,336.71,Faixa 2 (R$ 15k),15000.0,0,0.7,0.0,41.0,41.0,0.0,64.98,31.7,33.28,0.0,0,0,0.0,0.0,-0.5952575017774512
280730,2807303,Telha (SE),28,0.368,983.0,0.641,261.67,Faixa 2 (R$ 15k),15000.0,0,0.7,0.0,13.0,13.0,0.0,13.22,7.12,6.1,0.0,0,0,0.0,0.0,-0.5965590177258665
280740,2807402,Tobias Barreto (SE),28,0.38,10384.0,0.635,371.9,Faixa 2 (R$ 15k),15000.0,0,0.7,0.0,568.0,568.0,0.0,54.7,18.01,36.69,0.0,0,0,0.0,0.0,-0.5957442915227217
280750,2807501,Tomar do Geru (SE),28,0.331,1905.0,0.66,281.7,Faixa 2 (R$ 15k),15000.0,0,0.7,0.0,403.0,403.0,0.0,211.55,18.37,193.18,0.0,0,0,0.0,0.0,-0.5937215051845894
280760,2807600,Umbaúba (SE),28,0.389,5637.0,0.64,302.69,Faixa 2 (R$ 15k),15000.0,0,0.7,0.0,345.0,345.0,0.0,61.2,16.68,44.53,0.0,0,0,0.0,0.0,-0.595695256471062
120001,1200013,Acrelândia (AC),12,0.417,2099.0,0.641,335.89,Faixa 1 (R$ 20k),20000.0,0,0.8,0.0,806.0,806.0,0.0,383.99,103.86,280.13,0.0,0,0,0.0,0.0,-0.5892921325630518
120005,1200054,Assis Brasil (AC),12,0.334,1285.0,0.692,382.21,Faixa 2 (R$ 15k),15000.0,0,0.7,0.0,317.0,317.0,0.0,246.69,35.8,210.89,0.0,0,0,0.0,0.0,-0.5928186560386143
120010,1200104,Brasiléia (AC),12,0.426,5169.0,0.662,388.95,Faixa 1 (R$ 20k),20000.0,2,0.94,3360.0,0.0,3360.0,1.0,650.03,371.45,311.86,1.0,20130,3081,261885.0,215.04,0.7556881599613406
120013,1200138,Bujari (AC),12,0.398,1292.0,0.682,414.75,Faixa 2 (R$ 15k),15000.0,0,0.7,0.0,710.0,710.0,0.0,549.54,62.69,486.84,0.0,0,0,0.0,0.0,-0.5882341377071049
120020,1200203,Cruzeiro do Sul (AC),12,0.411,19935.0,0.712,481.63,Faixa 1 (R$ 20k),20000.0,0,0.8,0.0,3343.0,3343.0,0.0,167.7,44.8,122.9,0.0,0,0,0.0,0.0,-0.5935993682072045
120025,1200252,Epitaciolândia (AC),12,0.363,4024.0,0.701,484.99,Faixa 2 (R$ 15k),15000.0,0,0.7,0.0,1124.0,1124.0,0.0,279.32,50.45,228.88,0.0,0,0,0.0,0.0,-0.5920200137481995
120030,1200302,Feijó (AC),12,0.498,5437.0,0.66,360.97,Faixa 1 (R$ 20k),20000.0,0,0.8,0.0,584.0,584.0,0.0,107.41,22.25,85.16,0.0,0,0,0.0,0.0,-0.5949577672593129
120032,1200328,Jordão (AC),12,0.449,733.0,0.617,281.49,Faixa 1 (R$ 20k),20000.0,0,0.8,0.0,42.0,42.0,0.0,57.3,35.47,21.83,0.0,0,0,0.0,0.0,-0.5952583750176886
120034,1200344,Manoel Urbano (AC),12,0.481,2077.0,0.63,372.19,Faixa 1 (R$ 20k),20000.0,0,0.8,0.0,112.0,112.0,0.0,53.92,12.04,41.89,0.0,0,0,0.0,0.0,-0.5959089713768069
120035,1200351,Marechal Thaumaturgo (AC),12,0.469,1489.0,0.625,262.82,Faixa 1 (R$ 20k),20000.0,0,0.8,0.0,147.0,147.0,0.0,98.72,30.89,67.83,0.0,0,0,0.0,0.0,-0.5948453815473975
120033,1200336,Mâncio Lima (AC),12,0.427,3438.0,0.7,357.07,Faixa 1 (R$ 20k),20000.0,0,0.8,0.0,277.0,277.0,0.0,80.57,21.23,59.34,0.0,0,0,0.0,0.0,-0.5953287446632289
120038,1200385,Plácido de Castro (AC),12,0.466,3715.0,0.658,358.84,Faixa 1 (R$ 20k),20000.0,0,0.8,0.0,361.0,361.0,0.0,97.17,28.8,68.37,0.0,0,0,0.0,0.0,-0.594919448736871
120080,1200807,Porto Acre (AC),12,0.433,812.0,0.524,232.39,Faixa 1 (R$ 20k),20000.0,0,0.8,0.0,472.0,472.0,0.0,581.28,117.0,464.29,0.0,0,0,0.0,0.0,-0.5864189163485476
120039,1200393,Porto Walter (AC),12,0.503,1094.0,0.663,276.87,Faixa 1 (R$ 20k),20000.0,0,0.8,0.0,47.0,47.0,0.0,42.96,11.88,31.08,0.0,0,0,0.0,0.0,-0.5960538775421627
120040,1200401,Rio Branco (AC),12,0.343,112840.0,0.742,653.74,Faixa 2 (R$ 15k),15000.0,16,0.88,35580.0,0.0,35580.0,1.0,315.31,180.26,152.51,1.0,164700,25779,2191215.0,2278.08,0.7463290812720077
120042,1200427,Rodrigues Alves (AC),12,0.545,1678.0,0.674,292.1,Faixa 1 (R$ 20k),20000.0,0,0.8,0.0,111.0,111.0,0.0,66.15,15.49,50.66,0.0,0,0,0.0,0.0,-0.5956626250679138
120043,1200435,Santa Rosa do Purus (AC),12,0.416,881.0,0.697,477.58,Faixa 1 (R$ 20k),20000.0,0,0.8,0.0,57.0,57.0,0.0,64.7,17.03,47.67,0.0,0,0,0.0,0.0,-0.595641323639116
120050,1200500,Sena Madureira (AC),12,0.459,9903.0,0.663,391.79,Faixa 1 (R$ 20k),20000.0,0,0.8,0.0,664.0,664.0,0.0,67.05,13.13,53.92,0.0,0,0,0.0,0.0,-0.595712240095487
120045,1200450,Senador Guiomard (AC),12,0.387,5068.0,0.669,437.59,Faixa 2 (R$ 15k),15000.0,0,0.7,0.0,682.0,682.0,0.0,134.57,44.79,89.78,0.0,0,0,0.0,0.0,-0.5940249113219963
120060,1200609,Tarauacá (AC),12,0.467,6680.0,0.613,310.74,Faixa 1 (R$ 20k),20000.0,0,0.8,0.0,818.0,818.0,0.0,122.46,20.51,101.95,0.0,0,0,0.0,0.0,-0.594809671645875
120070,1200708,Xapuri (AC),12,0.382,4013.0,0.669,464.08,Faixa 2 (R$ 15k),15000.0,0,0.7,0.0,412.0,412.0,0.0,102.67,23.42,79.24,0.0,0,0,0.0,0.0,-0.5949883564978927
160010,1600105,Amapá (AP),16,0.471,2710.0,0.651,341.56,Faixa 1 (R$ 20k),20000.0,0,0.8,0.0,354.0,354.0,0.0,130.63,68.27,62.36,0.0,0,0,0.0,0.0,-0.5934669169705049
160023,1600238,Ferreira Gomes (AP),16,0.355,1745.0,0.675,396.22,Faixa 2 (R$ 15k),15000.0,0,0.7,0.0,87.0,87.0,0.0,49.86,24.07,25.79,0.0,0,0,0.0,0.0,-0.5956493543294984
160027,1600279,Laranjal do Jari (AP),16,0.453,14457.0,0.671,390.59,Faixa 1 (R$ 20k),20000.0,1,0.94,1560.0,695.0,2255.0,0.6918,155.98,74.7,103.55,1.0,10530,1521,129285.0,120.96,0.5778579365158627
160030,1600303,Macapá (AP),16,0.35,136685.0,0.743,646.19,Faixa 2 (R$ 15k),15000.0,11,0.88,23280.0,0.0,23280.0,1.0,170.32,112.38,69.8,1.0,124800,17862,1518270.0,1720.32,0.7426706537248282
160040,1600402,Mazagão (AP),16,0.403,3209.0,0.674,420.57,Faixa 1 (R$ 20k),20000.0,0,0.8,0.0,331.0,331.0,0.0,103.15,42.69,60.45,0.0,0,0,0.0,0.0,-0.5944827411820081
160015,1600154,Pedra Branca do Amapari (AP),16,0.428,2221.0,0.693,489.01,Faixa 1 (R$ 20k),20000.0,0,0.8,0.0,316.0,316.0,0.0,142.28,44.57,97.7,0.0,0,0,0.0,0.0,-0.5939317091351924
160053,1600535,Porto Grande (AP),16,0.397,3974.0,0.682,395.9,Faixa 2 (R$ 15k),15000.0,0,0.7,0.0,576.0,576.0,0.0,144.94,72.47,72.47,0.0,0,0,0.0,0.0,-0.5931743634376339
160060,1600600,Santana (AP),16,0.407,37926.0,0.701,435.27,Faixa 1 (R$ 20k),20000.0,5,0.94,7800.0,0.0,7800.0,1.0,205.66,142.38,69.79,1.0,52650,7605,646425.0,604.8,0.7438657041321282
160070,1600709,Tartarugalzinho (AP),16,0.509,2429.0,0.636,302.1,Faixa 1 (R$ 20k),20000.0,0,0.8,0.0,189.0,189.0,0.0,77.81,36.64,41.17,0.0,0,0,0.0,0.0,-0.5949647668925827
160080,1600808,Vitória do Jari (AP),16,0.449,3859.0,0.633,321.85,Faixa 1 (R$ 20k),20000.0,0,0.8,0.0,281.0,281.0,0.0,72.82,12.18,60.64,0.0,0,0,0.0,0.0,-0.5956627944093738
130002,1300029,Alvarães (AM),13,0.571,3113.0,0.596,199.14,Faixa 1 (R$ 20k),20000.0,0,0.8,7061.0,1383.0,8444.0,0.8362,2712.5,1355.28,1357.21,0.0,0,0,0.0,0.0,-0.08275912530524981
130010,1300102,Anori (AM),13,0.52,3868.0,0.637,279.92,Faixa 1 (R$ 20k),20000.0,0,0.8,189.0,2778.0,2967.0,0.0637,767.06,355.48,411.58,0.0,0,0,0.0,0.0,-0.5440142704346258
130014,1300144,Apuí (AM),13,0.483,2833.0,0.69,451.58,Faixa 1 (R$ 20k),20000.0,0,0.8,1603.0,2103.0,3706.0,0.4325,1308.15,644.9,663.25,0.0,0,0,0.0,0.0,-0.333652603673917
130030,1300300,Autazes (AM),13,0.456,3654.0,0.653,317.15,Faixa 1 (R$ 20k),20000.0,0,0.8,7404.0,6519.0,13923.0,0.5318,3810.34,1316.09,2494.25,0.0,0,0,0.0,0.0,-0.23138578264445897
130060,1300607,Benjamin Constant (AM),13,0.517,7901.0,0.624,257.68,Faixa 1 (R$ 20k),20000.0,0,0.8,23686.0,1621.0,25307.0,0.9359,3203.01,1566.26,1636.75,0.0,0,0,0.0,0.0,-0.018031379061661922
130063,1300631,Beruri (AM),13,0.576,3284.0,0.583,273.28,Faixa 1 (R$ 20k),20000.0,0,0.8,1197.0,2139.0,3336.0,0.3588,1015.83,620.28,395.55,0.0,0,0,0.0,0.0,-0.37719418829616164
130068,1300680,Boa Vista do Ramos (AM),13,0.465,3207.0,0.654,255.54,Faixa 1 (R$ 20k),20000.0,0,0.8,61914.0,1675.0,63589.0,0.9737,19828.19,1704.08,18124.1,0.0,0,0,0.0,0.0,0.21903531760312828
130070,1300706,Boca do Acre (AM),13,0.565,6449.0,0.648,394.28,Faixa 1 (R$ 20k),20000.0,0,0.8,2475.0,579.0,3054.0,0.8104,473.56,225.15,248.41,0.0,0,0,0.0,0.0,-0.15449695869568697
130083,1300839,Caapiranga (AM),13,0.496,1920.0,0.626,297.48,Faixa 1 (R$ 20k),20000.0,0,0.8,3345.0,924.0,4269.0,0.7836,2223.44,1784.38,439.06,0.0,0,0,0.0,0.0,-0.10585755102114783
130090,1300904,Canutama (AM),13,0.498,2296.0,0.595,224.05,Faixa 1 (R$ 20k),20000.0,0,0.8,324.0,1529.0,1853.0,0.1749,807.06,273.95,533.1,0.0,0,0,0.0,0.0,-0.4865422152935556
130100,1301001,Carauari (AM),13,0.61,7291.0,0.602,256.18,Faixa 1 (R$ 20k),20000.0,0,0.8,197.0,3840.0,4037.0,0.0488,553.7,175.56,378.14,0.0,0,0,0.0,0.0,-0.5593316266861723
130110,1301100,Careiro (AM),13,0.384,3515.0,0.661,366.21,Faixa 2 (R$ 15k),15000.0,0,0.7,10283.0,7893.0,18176.0,0.5657,5170.98,3786.63,1384.35,0.0,0,0,0.0,0.0,-0.1318778657232978
130120,1301209,Coari (AM),13,0.446,19854.0,0.639,355.15,Faixa 1 (R$ 20k),20000.0,0,0.8,48040.0,16005.0,64045.0,0.7501,3225.8,1330.36,1895.44,0.0,0,0,0.0,0.0,-0.1225539605111741
130130,1301308,Codajás (AM),13,0.555,6237.0,0.617,262.93,Faixa 1 (R$ 20k),20000.0,0,0.8,3266.0,3434.0,6700.0,0.4875,1074.23,296.78,777.46,0.0,0,0,0.0,0.0,-0.3164609801094715
130140,1301407,Eirunepé (AM),13,0.664,7948.0,0.622,262.38,Faixa 1 (R$ 20k),20000.0,0,0.8,94453.0,2100.0,96553.0,0.9783,12148.09,749.25,11398.84,0.0,0,0,0.0,0.0,0.0981429560735064
130150,1301506,Envira (AM),13,0.554,3368.0,0.589,255.45,Faixa 1 (R$ 20k),20000.0,0,0.8,1764.0,438.0,2202.0,0.8011,653.8,51.66,602.14,0.0,0,0,0.0,0.0,-0.16162024530972716
130160,1301605,Fonte Boa (AM),13,0.682,6214.0,0.609,250.12,Faixa 1 (R$ 20k),20000.0,0,0.8,682.0,2216.0,2898.0,0.2353,466.37,143.71,322.66,0.0,0,0,0.0,0.0,-0.4622054148680771
130165,1301654,Guajará (AM),13,0.474,2891.0,0.631,287.41,Faixa 1 (R$ 20k),20000.0,0,0.8,64613.0,236.0,64849.0,0.9964,22431.34,952.61,21478.73,0.0,0,0,0.0,0.0,0.24503314498140177
130170,1301704,Humaitá (AM),13,0.401,10683.0,0.64,350.99,Faixa 1 (R$ 20k),20000.0,1,0.94,14196.0,7074.0,21270.0,0.6674,1991.01,831.41,1159.6,1.0,12720,2067,175695.0,174.72,0.6079145049827132
130180,1301803,Ipixuna (AM),13,0.595,3269.0,0.628,235.11,Faixa 1 (R$ 20k),20000.0,0,0.8,19725.0,464.0,20189.0,0.977,6175.89,639.34,5536.56,0.0,0,0,0.0,0.0,0.017939639053219325
130210,1302108,Japurá (AM),13,0.504,1290.0,0.596,248.22,Faixa 1 (R$ 20k),20000.0,0,0.8,0.0,379.0,379.0,0.0,293.8,82.95,210.85,0.0,0,0,0.0,0.0,-0.590991845913439
130220,1302207,Juruá (AM),13,0.63,2075.0,0.598,284.53,Faixa 1 (R$ 20k),20000.0,0,0.8,0.0,983.0,983.0,0.0,473.73,143.61,330.12,0.0,0,0,0.0,0.0,-0.5871098871891732
130230,1302306,Jutaí (AM),13,0.72,4197.0,0.576,295.03,Faixa 1 (R$ 20k),20000.0,0,0.8,6367.0,1409.0,7776.0,0.8188,1852.75,667.38,1185.37,0.0,0,0,0.0,0.0,-0.1208682496651688
130240,1302405,Lábrea (AM),13,0.616,8269.0,0.585,231.43,Faixa 1 (R$ 20k),20000.0,0,0.8,66670.0,4597.0,71267.0,0.9355,8618.58,438.14,8180.43,0.0,0,0,0.0,0.0,0.022035354432148945
130255,1302553,Manaquiri (AM),13,0.397,2922.0,0.694,425.03,Faixa 2 (R$ 15k),15000.0,0,0.7,45066.0,6391.0,51457.0,0.8758,17610.2,2102.67,15507.53,0.0,0,0,0.0,0.0,0.1488878219584421
130270,1302702,Manicoré (AM),13,0.475,7367.0,0.653,375.85,Faixa 1 (R$ 20k),20000.0,0,0.8,9958.0,3975.0,13933.0,0.7147,1891.27,914.35,976.92,0.0,0,0,0.0,0.0,-0.1692727620137967
130280,1302801,Maraã (AM),13,0.566,3267.0,0.57,224.79,Faixa 1 (R$ 20k),20000.0,0,0.8,0.0,1326.0,1326.0,0.0,405.88,130.39,275.48,0.0,0,0,0.0,0.0,-0.5883235786034635
130290,1302900,Maués (AM),13,0.369,10455.0,0.672,378.39,Faixa 2 (R$ 15k),15000.0,0,0.7,14734.0,6145.0,20879.0,0.7057,1997.03,889.91,1107.13,0.0,0,0,0.0,0.0,-0.17332951669812574
130310,1303106,Nova Olinda do Norte (AM),13,0.444,5267.0,0.661,339.41,Faixa 1 (R$ 20k),20000.0,0,0.8,54701.0,10628.0,65329.0,0.8373,12403.46,1096.83,11306.63,0.0,0,0,0.0,0.0,0.03552772658329943
130330,1303304,Novo Aripuanã (AM),13,0.663,5834.0,0.613,241.21,Faixa 1 (R$ 20k),20000.0,0,0.8,4648.0,1972.0,6620.0,0.7021,1134.73,391.33,743.4,0.0,0,0,0.0,0.0,-0.19923372578409465
130340,1303403,Parintins (AM),13,0.347,28980.0,0.706,366.79,Faixa 2 (R$ 15k),15000.0,2,0.88,43975.0,6558.0,50533.0,0.8702,1743.72,877.47,866.25,1.0,22410,3237,275145.0,362.88,0.7136655721094757
130350,1303502,Pauini (AM),13,0.669,3361.0,0.558,224.36,Faixa 1 (R$ 20k),20000.0,0,0.8,4821.0,186.0,5007.0,0.9629,1489.74,1455.22,34.51,0.0,0,0,0.0,0.0,-0.02855942990808189
130406,1304062,Tabatinga (AM),13,0.496,14505.0,0.658,368.54,Faixa 1 (R$ 20k),20000.0,0,0.8,6121.0,3708.0,9829.0,0.6227,677.63,224.13,453.5,0.0,0,0,0.0,0.0,-0.2516140135253146
130410,1304104,Tapauá (AM),13,0.491,3738.0,0.61,260.5,Faixa 1 (R$ 20k),20000.0,0,0.8,0.0,1464.0,1464.0,0.0,391.65,155.43,236.22,0.0,0,0,0.0,0.0,-0.5878571743623742
130420,1304203,Tefé (AM),13,0.459,20087.0,0.651,396.97,Faixa 1 (R$ 20k),20000.0,0,0.8,149355.0,5414.0,154769.0,0.965,7704.93,1769.05,5935.88,0.0,0,0,0.0,0.0,0.06047356318516646
130426,1304260,Uarini (AM),13,0.575,2547.0,0.571,248.87,Faixa 1 (R$ 20k),20000.0,0,0.8,1022.0,1054.0,2076.0,0.4923,815.08,494.7,320.38,0.0,0,0,0.0,0.0,-0.31210801615258166
130430,1304302,Urucará (AM),13,0.433,3989.0,0.671,299.98,Faixa 1 (R$ 20k),20000.0,0,0.8,21709.0,2770.0,24479.0,0.8868,6136.63,1216.09,4920.53,0.0,0,0,0.0,0.0,-0.01553200731815435
130440,1304401,Urucurituba (AM),13,0.479,4209.0,0.633,277.6,Faixa 1 (R$ 20k),20000.0,0,0.8,0.0,3255.0,3255.0,0.0,773.34,331.67,441.67,0.0,0,0,0.0,0.0,-0.5783895732433215
130115,1301159,Careiro da Várzea (AM),13,0.473,8919.0,0.58,193.38,Faixa 1 (R$ 20k),20000.0,0,0.8,4008.0,6711.0,10719.0,0.3739,1201.82,735.51,466.31,0.0,0,0,0.0,0.0,-0.3637986133091523
130185,1301852,Iranduba (AM),13,0.476,11612.0,0.619,311.21,Faixa 1 (R$ 20k),20000.0,0,0.8,1988.0,22931.0,24919.0,0.0798,2145.97,1085.17,1060.8,0.0,0,0,0.0,0.0,-0.4988481582515087
130190,1301902,Itacoatiara (AM),13,0.335,22913.0,0.678,385.25,Faixa 2 (R$ 15k),15000.0,1,0.88,47490.0,25189.0,72679.0,0.6534,3171.95,1508.36,1663.6,0.0,11880,1716,145860.0,241.92,-0.17000071910755982
130250,1302504,Manacapuru (AM),13,0.458,23720.0,0.643,366.27,Faixa 1 (R$ 20k),20000.0,2,0.94,42194.0,15973.0,58167.0,0.7254,2452.23,677.74,1774.49,1.0,23250,3588,304980.0,295.68,0.640663007609628
130260,1302603,Manaus (AM),13,0.414,652919.0,0.734,639.89,Faixa 1 (R$ 20k),20000.0,10,0.94,4377960.0,12442.0,4390402.0,0.9972,6724.27,1760.96,4965.6,1.0,89550,16146,1372410.0,1612.8,0.867979511886676
130320,1303205,Novo Airão (AM),13,0.41,3753.0,0.637,306.82,Faixa 1 (R$ 20k),20000.0,0,0.8,7267.0,2889.0,10156.0,0.7155,2706.1,1284.04,1422.06,0.0,0,0,0.0,0.0,-0.14880606717520645
130353,1303536,Presidente Figueiredo (AM),13,0.294,4758.0,0.713,433.73,Faixa 3 (R$ 10k),10000.0,0,0.35,1425.0,12443.0,13868.0,0.1028,2914.67,1003.15,1911.52,0.0,0,0,0.0,0.0,-0.4788882571692271
130356,1303569,Rio Preto da Eva (AM),13,0.355,4450.0,0.652,372.49,Faixa 2 (R$ 15k),15000.0,0,0.7,4690.0,15903.0,20593.0,0.2277,4627.64,1500.0,3127.64,0.0,0,0,0.0,0.0,-0.3776719180235374
150010,1500107,Abaetetuba (PA),15,0.387,30769.0,0.685,362.22,Faixa 2 (R$ 15k),15000.0,0,0.7,327510.0,25861.0,353371.0,0.9268,11484.64,1285.87,10198.77,0.0,0,0,0.0,0.0,0.07617697292008781
150013,1500131,Abel Figueiredo (PA),15,0.424,2109.0,0.655,384.98,Faixa 1 (R$ 20k),20000.0,0,0.8,1891.0,2220.0,4111.0,0.46,1949.27,1484.59,464.68,0.0,0,0,0.0,0.0,-0.28905038983794173
150020,1500206,Acará (PA),15,0.479,5218.0,0.616,282.15,Faixa 1 (R$ 20k),20000.0,0,0.8,1396.0,10396.0,11792.0,0.1184,2259.87,1343.62,916.25,0.0,0,0,0.0,0.0,-0.4701822121007318
150030,1500305,Afuá (PA),15,0.454,3669.0,0.621,305.85,Faixa 1 (R$ 20k),20000.0,0,0.8,10400.0,196.0,10596.0,0.9815,2887.98,295.99,2591.99,0.0,0,0,0.0,0.0,-0.030775440669992837
150040,1500404,Alenquer (PA),15,0.467,10992.0,0.639,275.87,Faixa 1 (R$ 20k),20000.0,0,0.8,8773.0,10423.0,19196.0,0.457,1746.36,413.21,1333.15,0.0,0,0,0.0,0.0,-0.321017566268898
150050,1500503,Almeirim (PA),15,0.352,8197.0,0.692,608.91,Faixa 2 (R$ 15k),15000.0,0,0.7,10606.0,2921.0,13527.0,0.7841,1650.24,928.63,721.61,0.0,0,0,0.0,0.0,-0.13512994752083457
150060,1500602,Altamira (PA),15,0.381,30795.0,0.691,435.29,Faixa 2 (R$ 15k),15000.0,2,0.88,45633.0,4133.0,49766.0,0.917,1616.04,695.37,920.67,1.0,20610,3159,268515.0,282.24,0.7321679229574217
150070,1500701,Anajás (PA),15,0.497,3738.0,0.57,234.29,Faixa 1 (R$ 20k),20000.0,0,0.8,0.0,4031.0,4031.0,0.0,1078.38,813.8,264.58,0.0,0,0,0.0,0.0,-0.5619776387848334
150085,1500859,Anapu (PA),15,0.573,3659.0,0.6,274.75,Faixa 1 (R$ 20k),20000.0,0,0.8,959.0,2569.0,3528.0,0.2718,964.2,653.46,310.74,0.0,0,0,0.0,0.0,-0.4232132189752372
150095,1500958,Aurora do Pará (PA),15,0.508,3011.0,0.611,255.98,Faixa 1 (R$ 20k),20000.0,0,0.8,55083.0,6153.0,61236.0,0.8995,20337.43,1606.44,18730.99,0.0,0,0,0.0,0.0,0.18362508877323264
150110,1501105,Bagre (PA),15,0.624,3981.0,0.565,215.68,Faixa 1 (R$ 20k),20000.0,0,0.8,4.0,3155.0,3159.0,0.0013,793.52,513.69,279.83,0.0,0,0,0.0,0.0,-0.5727222140118091
150120,1501204,Baião (PA),15,0.526,7515.0,0.658,268.19,Faixa 1 (R$ 20k),20000.0,0,0.8,5431.0,6136.0,11567.0,0.4695,1539.19,936.66,602.53,0.0,0,0,0.0,0.0,-0.30346955373535767
150130,1501303,Barcarena (PA),15,0.359,14718.0,0.674,423.16,Faixa 2 (R$ 15k),15000.0,0,0.7,488576.0,22308.0,510884.0,0.9563,34711.51,3974.39,30737.12,0.0,0,0,0.0,0.0,0.45969018996013167
150145,1501451,Belterra (PA),15,0.475,3016.0,0.68,333.66,Faixa 1 (R$ 20k),20000.0,0,0.8,73.0,6328.0,6401.0,0.0114,2122.35,371.02,1751.33,0.0,0,0,0.0,0.0,-0.5539967477358555
150157,1501576,Bom Jesus do Tocantins (PA),15,0.499,3182.0,0.619,346.94,Faixa 1 (R$ 20k),20000.0,0,0.8,3164.0,4537.0,7701.0,0.4109,2420.18,1722.5,697.67,0.0,0,0,0.0,0.0,-0.3029221110901377
150160,1501600,Bonito (PA),15,0.458,1546.0,0.631,306.32,Faixa 1 (R$ 20k),20000.0,0,0.8,10149.0,20492.0,30641.0,0.3312,19819.53,2556.27,17263.26,0.0,0,0,0.0,0.0,-0.10029776312792113
150170,1501709,Bragança (PA),15,0.413,31006.0,0.665,357.57,Faixa 1 (R$ 20k),20000.0,4,0.94,37713.0,12229.0,49942.0,0.7551,1610.72,665.81,944.91,1.0,45360,6513,553605.0,497.28,0.6453287539225566
150172,1501725,Brasil Novo (PA),15,0.38,2312.0,0.668,367.52,Faixa 2 (R$ 15k),15000.0,0,0.7,3527.0,1623.0,5150.0,0.6849,2227.51,1416.09,811.42,0.0,0,0,0.0,0.0,-0.1677824458568574
150175,1501758,Brejo Grande do Araguaia (PA),15,0.498,1685.0,0.649,345.07,Faixa 1 (R$ 20k),20000.0,0,0.8,0.0,2177.0,2177.0,0.0,1291.99,577.45,714.54,0.0,0,0,0.0,0.0,-0.5653614534699031
150178,1501782,Breu Branco (PA),15,0.5,11584.0,0.597,256.93,Faixa 1 (R$ 20k),20000.0,0,0.8,68450.0,17977.0,86427.0,0.792,7460.89,885.96,6574.93,0.0,0,0,0.0,0.0,-0.05744896889730565
150180,1501808,Breves (PA),15,0.513,17702.0,0.597,271.83,Faixa 1 (R$ 20k),20000.0,1,0.94,220845.0,1603.0,222448.0,0.9928,12566.26,995.48,11570.78,0.0,11880,1716,145860.0,241.92,0.11759560343355144
150190,1501907,Bujaru (PA),15,0.406,3215.0,0.623,235.17,Faixa 1 (R$ 20k),20000.0,0,0.8,2039.0,8781.0,10820.0,0.1884,3365.47,2375.12,990.36,0.0,0,0,0.0,0.0,-0.3920691116180551
150195,1501956,Cachoeira do Piriá (PA),15,0.524,2211.0,0.595,237.88,Faixa 1 (R$ 20k),20000.0,0,0.8,0.0,12280.0,12280.0,0.0,5554.05,835.82,4718.23,0.0,0,0,0.0,0.0,-0.5039535275595781
150210,1502103,Cametá (PA),15,0.39,19065.0,0.667,306.02,Faixa 2 (R$ 15k),15000.0,2,0.88,134054.0,7770.0,141824.0,0.9452,7438.97,833.78,6605.19,1.0,22320,3627,308295.0,268.8,0.8254836900194167
150215,1502152,Canaã dos Carajás (PA),15,0.339,7434.0,0.711,505.37,Faixa 2 (R$ 15k),15000.0,0,0.7,163983.0,10980.0,174963.0,0.9372,23535.51,8690.61,14844.9,0.0,0,0,0.0,0.0,0.42831789928729425
150220,1502202,Capanema (PA),15,0.36,18831.0,0.689,381.47,Faixa 2 (R$ 15k),15000.0,7,0.88,378742.0,0.0,378742.0,1.0,20112.69,1676.23,18436.46,1.0,82080,12909,1097265.0,1330.56,1.039120129322669
150230,1502301,Capitão Poço (PA),15,0.427,8416.0,0.632,351.81,Faixa 1 (R$ 20k),20000.0,0,0.8,24597.0,13111.0,37708.0,0.6523,4480.51,2170.39,2310.12,0.0,0,0,0.0,0.0,-0.1366284106996877
150260,1502608,Colares (PA),15,0.347,1340.0,0.691,308.49,Faixa 2 (R$ 15k),15000.0,0,0.7,2591.0,2296.0,4887.0,0.5302,3647.01,976.12,2670.9,0.0,0,0,0.0,0.0,-0.2431438928457048
150270,1502707,Conceição do Araguaia (PA),15,0.321,11257.0,0.703,443.12,Faixa 2 (R$ 15k),15000.0,3,0.88,15748.0,3039.0,18787.0,0.8382,1668.92,885.32,783.6,1.0,30660,4602,391170.0,336.0,0.6959097597945613
150275,1502756,Concórdia do Pará (PA),15,0.445,5993.0,0.615,332.67,Faixa 1 (R$ 20k),20000.0,0,0.8,5816.0,6165.0,11981.0,0.4854,1999.17,826.46,1172.7,0.0,0,0,0.0,0.0,-0.291974764323759
150277,1502772,Curionópolis (PA),15,0.543,4729.0,0.652,277.28,Faixa 1 (R$ 20k),20000.0,0,0.8,1723.0,3213.0,4936.0,0.3491,1043.77,561.43,482.34,0.0,0,0,0.0,0.0,-0.3835136899618142
150280,1502806,Curralinho (PA),15,0.69,4475.0,0.585,267.96,Faixa 1 (R$ 20k),20000.0,0,0.8,3509.0,5125.0,8634.0,0.4064,1929.39,1028.38,901.01,0.0,0,0,0.0,0.0,-0.3296034217599265
150285,1502855,Curuá (PA),15,0.542,2245.0,0.646,223.95,Faixa 1 (R$ 20k),20000.0,0,0.8,16420.0,3365.0,19785.0,0.8299,8812.92,441.87,8371.05,0.0,0,0,0.0,0.0,-0.03147015679201219
150290,1502905,Curuçá (PA),15,0.493,4826.0,0.611,260.87,Faixa 1 (R$ 20k),20000.0,0,0.8,4503.0,12563.0,17066.0,0.2639,3536.26,1843.76,1692.5,0.0,0,0,0.0,0.0,-0.36354174263367545
150293,1502939,Dom Eliseu (PA),15,0.508,12006.0,0.633,302.24,Faixa 1 (R$ 20k),20000.0,0,0.8,134120.0,5202.0,139322.0,0.9627,11604.36,473.1,11131.27,0.0,0,0,0.0,0.0,0.0757187535545906
150295,1502954,Eldorado dos Carajás (PA),15,0.638,6245.0,0.602,309.08,Faixa 1 (R$ 20k),20000.0,0,0.8,2008.0,4589.0,6597.0,0.3044,1056.37,341.39,714.97,0.0,0,0,0.0,0.0,-0.412800757428659
150304,1503044,Floresta do Araguaia (PA),15,0.578,3102.0,0.633,277.45,Faixa 1 (R$ 20k),20000.0,0,0.8,1697.0,3867.0,5564.0,0.305,1793.68,907.48,886.2,0.0,0,0,0.0,0.0,-0.38834491406141675
150309,1503093,Goianésia do Pará (PA),15,0.46,7825.0,0.616,333.64,Faixa 1 (R$ 20k),20000.0,0,0.8,3298.0,9973.0,13271.0,0.2485,1695.97,993.1,702.88,0.0,0,0,0.0,0.0,-0.41739397245979803
150310,1503101,Gurupá (PA),15,0.432,3803.0,0.614,292.59,Faixa 1 (R$ 20k),20000.0,0,0.8,996.0,3178.0,4174.0,0.2386,1097.55,937.15,160.4,0.0,0,0,0.0,0.0,-0.4317850938052043
150320,1503200,Igarapé-Açu (PA),15,0.446,8494.0,0.665,303.5,Faixa 1 (R$ 20k),20000.0,0,0.8,21762.0,14260.0,36022.0,0.6041,4240.88,1669.77,2571.11,0.0,0,0,0.0,0.0,-0.17828478975960965
150330,1503309,Igarapé-Miri (PA),15,0.512,9562.0,0.639,259.42,Faixa 1 (R$ 20k),20000.0,0,0.8,3649.0,11347.0,14996.0,0.2433,1568.29,854.01,714.29,0.0,0,0,0.0,0.0,-0.4254003625265252
150345,1503457,Ipixuna do Pará (PA),15,0.536,5085.0,0.594,289.39,Faixa 1 (R$ 20k),20000.0,0,0.8,108989.0,13077.0,122066.0,0.8929,24005.11,3941.99,20063.13,0.0,0,0,0.0,0.0,0.2877349082771203
150350,1503507,Irituia (PA),15,0.368,2728.0,0.634,332.15,Faixa 2 (R$ 15k),15000.0,0,0.7,3983.0,14651.0,18634.0,0.2137,6830.65,4607.4,2223.24,0.0,0,0,0.0,0.0,-0.2762896193795001
150360,1503606,Itaituba (PA),15,0.412,26227.0,0.66,374.39,Faixa 1 (R$ 20k),20000.0,0,0.8,614952.0,7206.0,622158.0,0.9884,23722.04,2450.83,21271.21,0.0,0,0,0.0,0.0,0.29618379916037896
150370,1503705,Itupiranga (PA),15,0.627,8011.0,0.59,241.63,Faixa 1 (R$ 20k),20000.0,0,0.8,2294.0,6340.0,8634.0,0.2657,1077.77,444.39,633.38,0.0,0,0,0.0,0.0,-0.4304146164361174
150380,1503804,Jacundá (PA),15,0.486,16973.0,0.661,405.61,Faixa 1 (R$ 20k),20000.0,0,0.8,54058.0,11590.0,65648.0,0.8235,3867.79,887.17,2980.62,0.0,0,0,0.0,0.0,-0.08680812469679519
150390,1503903,Juruti (PA),15,0.355,6322.0,0.658,352.9,Faixa 2 (R$ 15k),15000.0,0,0.7,16238.0,5808.0,22046.0,0.7366,3487.19,2011.23,1475.96,0.0,0,0,0.0,0.0,-0.10872275473880202
150400,1504000,Limoeiro do Ajuru (PA),15,0.333,2223.0,0.658,259.94,Faixa 2 (R$ 15k),15000.0,0,0.7,405.0,2766.0,3171.0,0.1277,1426.45,899.24,527.22,0.0,0,0,0.0,0.0,-0.4874580101103117
150410,1504109,Magalhães Barata (PA),15,0.439,1414.0,0.641,273.58,Faixa 1 (R$ 20k),20000.0,0,0.8,883.0,3358.0,4241.0,0.2082,2999.29,1466.76,1532.53,0.0,0,0,0.0,0.0,-0.40979511026568805
150420,1504208,Marabá (PA),15,0.407,71676.0,0.698,510.82,Faixa 1 (R$ 20k),20000.0,4,0.94,130725.0,5526.0,136251.0,0.9594,1900.93,767.52,1133.41,1.0,40290,6357,540345.0,537.6,0.7602188214834793
150430,1504307,Maracanã (PA),15,0.512,4553.0,0.627,295.02,Faixa 1 (R$ 20k),20000.0,0,0.8,1692.0,6663.0,8355.0,0.2025,1835.05,1175.49,659.57,0.0,0,0,0.0,0.0,-0.43531749010671367
150440,1504406,Marapanim (PA),15,0.311,4141.0,0.705,306.29,Faixa 2 (R$ 15k),15000.0,0,0.7,991.0,10550.0,11541.0,0.0859,2787.01,1706.35,1080.66,0.0,0,0,0.0,0.0,-0.4712786045004556
150445,1504455,Medicilândia (PA),15,0.486,3288.0,0.648,325.48,Faixa 1 (R$ 20k),20000.0,0,0.8,623.0,2084.0,2707.0,0.2301,823.3,658.15,165.15,0.0,0,0,0.0,0.0,-0.44705229449144335
150450,1504505,Melgaço (PA),15,0.491,2061.0,0.583,252.0,Faixa 1 (R$ 20k),20000.0,0,0.8,346.0,3272.0,3618.0,0.0956,1755.46,943.23,812.23,0.0,0,0,0.0,0.0,-0.49914667250905537
150460,1504604,Mocajuba (PA),15,0.469,6844.0,0.642,273.98,Faixa 1 (R$ 20k),20000.0,0,0.8,3999.0,3616.0,7615.0,0.5251,1112.65,407.51,705.14,0.0,0,0,0.0,0.0,-0.29312395876429564
150470,1504703,Moju (PA),15,0.491,9770.0,0.648,466.98,Faixa 1 (R$ 20k),20000.0,1,0.94,8396.0,9548.0,17944.0,0.4679,1836.64,908.8,927.84,1.0,9600,1560,132600.0,107.52,0.5019600952543081
150480,1504802,Monte Alegre (PA),15,0.454,9480.0,0.698,369.16,Faixa 1 (R$ 20k),20000.0,0,0.8,18380.0,9893.0,28273.0,0.6501,2982.38,773.73,2208.65,0.0,0,0,0.0,0.0,-0.19322795896842906
150490,1504901,Muaná (PA),15,0.46,5849.0,0.593,266.46,Faixa 1 (R$ 20k),20000.0,0,0.8,3838.0,8950.0,12788.0,0.3001,2186.36,1790.39,395.97,0.0,0,0,0.0,0.0,-0.36302324193360824
150405,1504059,Mãe do Rio (PA),15,0.484,8918.0,0.61,390.8,Faixa 1 (R$ 20k),20000.0,0,0.8,8164.0,16392.0,24556.0,0.3325,2753.53,1326.87,1426.67,0.0,0,0,0.0,0.0,-0.35054478819151796
150495,1504950,Nova Esperança do Piriá (PA),15,0.554,3254.0,0.583,207.78,Faixa 1 (R$ 20k),20000.0,0,0.8,456.0,3933.0,4389.0,0.1039,1348.8,1001.23,347.57,0.0,0,0,0.0,0.0,-0.4984544728941451
150497,1504976,Nova Ipixuna (PA),15,0.573,3075.0,0.61,282.29,Faixa 1 (R$ 20k),20000.0,1,0.94,3000.0,2379.0,5379.0,0.5577,1749.27,970.41,778.86,1.0,12720,2067,175695.0,174.72,0.5501390621153963
150500,1505007,Nova Timboteua (PA),15,0.329,2198.0,0.697,345.22,Faixa 2 (R$ 15k),15000.0,0,0.7,521.0,14971.0,15492.0,0.0336,7048.23,1353.05,5695.18,0.0,0,0,0.0,0.0,-0.45351803324998985
150503,1505031,Novo Progresso (PA),15,0.331,4999.0,0.678,501.71,Faixa 2 (R$ 15k),15000.0,0,0.7,16700.0,25437.0,42137.0,0.3963,8429.09,1403.28,7025.81,0.0,0,0,0.0,0.0,-0.24181633519036733
150506,1505064,Novo Repartimento (PA),15,0.46,10450.0,0.623,303.98,Faixa 1 (R$ 20k),20000.0,0,0.8,79754.0,13219.0,92973.0,0.8578,8896.94,439.62,8457.32,0.0,0,0,0.0,0.0,-0.01562885128271623
150520,1505205,Oeiras do Pará (PA),15,0.58,4522.0,0.61,328.3,Faixa 1 (R$ 20k),20000.0,0,0.8,2461.0,7295.0,9756.0,0.2523,2157.45,1262.27,895.18,0.0,0,0,0.0,0.0,-0.4024749219356754
150530,1505304,Oriximiná (PA),15,0.471,16719.0,0.661,327.58,Faixa 1 (R$ 20k),20000.0,0,0.8,52223.0,7165.0,59388.0,0.8794,3552.13,435.67,3116.45,0.0,0,0,0.0,0.0,-0.07286729584358959
150543,1505437,Ourilândia do Norte (PA),15,0.37,7516.0,0.656,470.41,Faixa 2 (R$ 15k),15000.0,0,0.7,32070.0,3894.0,35964.0,0.8917,4784.99,2733.77,2051.22,0.0,0,0,0.0,0.0,0.009056597321129633
150540,1505403,Ourém (PA),15,0.443,3144.0,0.662,438.7,Faixa 1 (R$ 20k),20000.0,0,0.8,13514.0,6206.0,19720.0,0.6853,6272.26,1448.79,4823.47,0.0,0,0,0.0,0.0,-0.11480067778331668
150548,1505486,Pacajá (PA),15,0.58,5257.0,0.612,315.15,Faixa 1 (R$ 20k),20000.0,0,0.8,8970.0,4440.0,13410.0,0.6689,2550.88,785.81,1765.08,0.0,0,0,0.0,0.0,-0.1884669227308032
150549,1505494,Palestina do Pará (PA),15,0.589,1830.0,0.606,275.66,Faixa 1 (R$ 20k),20000.0,0,0.8,0.0,1575.0,1575.0,0.0,860.66,503.83,356.83,0.0,0,0,0.0,0.0,-0.5728064959055835
150550,1505502,Paragominas (PA),15,0.414,29156.0,0.668,448.83,Faixa 1 (R$ 20k),20000.0,0,0.8,217640.0,13387.0,231027.0,0.9421,7923.82,1200.03,6723.8,0.0,0,0,0.0,0.0,0.03637024898709758
150553,1505536,Parauapebas (PA),15,0.385,51122.0,0.715,528.64,Faixa 2 (R$ 15k),15000.0,6,0.88,440890.0,5505.0,446395.0,0.9877,8731.95,2541.31,6190.64,1.0,60720,9867,838695.0,645.12,0.908915331406339
150555,1505551,Pau D'Arco (PA),15,0.507,1351.0,0.658,319.2,Faixa 1 (R$ 20k),20000.0,0,0.8,0.0,2769.0,2769.0,0.0,2049.59,1649.89,399.7,0.0,0,0,0.0,0.0,-0.5278400098997931
150560,1505601,Peixe-Boi (PA),15,0.537,1416.0,0.635,295.78,Faixa 1 (R$ 20k),20000.0,0,0.8,321.0,15804.0,16125.0,0.0199,11387.71,1976.69,9411.02,0.0,0,0,0.0,0.0,-0.38892668254626717
150563,1505635,Piçarra (PA),15,0.39,1384.0,0.653,376.09,Faixa 2 (R$ 15k),15000.0,0,0.7,0.0,1913.0,1913.0,0.0,1382.23,693.64,688.58,0.0,0,0,0.0,0.0,-0.5611916306949825
150565,1505650,Placas (PA),15,0.474,1737.0,0.649,335.71,Faixa 1 (R$ 20k),20000.0,0,0.8,7007.0,3835.0,10842.0,0.6463,6241.8,1049.51,5192.29,0.0,0,0,0.0,0.0,-0.14625814062387948
150570,1505700,Ponta de Pedras (PA),15,0.455,4805.0,0.653,355.88,Faixa 1 (R$ 20k),20000.0,0,0.8,0.0,6020.0,6020.0,0.0,1252.86,885.74,367.12,0.0,0,0,0.0,0.0,-0.5578732776359077
150580,1505809,Portel (PA),15,0.522,9683.0,0.575,290.93,Faixa 1 (R$ 20k),20000.0,1,0.94,7253.0,4926.0,12179.0,0.5955,1257.77,690.7,567.08,1.0,9600,1560,132600.0,94.08,0.5566602708065901
150590,1505908,Porto de Moz (PA),15,0.63,5970.0,0.558,218.7,Faixa 1 (R$ 20k),20000.0,0,0.8,6298.0,2642.0,8940.0,0.7045,1497.49,503.69,993.8,0.0,0,0,0.0,0.0,-0.19038988224504702
150600,1506005,Prainha (PA),15,0.701,3703.0,0.632,363.55,Faixa 1 (R$ 20k),20000.0,0,0.8,751.0,5162.0,5913.0,0.127,1596.81,521.47,1075.34,0.0,0,0,0.0,0.0,-0.49543436453388756
150610,1506104,Primavera (PA),15,0.46,2326.0,0.664,395.52,Faixa 1 (R$ 20k),20000.0,0,0.8,18209.0,12399.0,30608.0,0.5949,13159.07,1167.67,11991.4,0.0,0,0,0.0,0.0,-0.08170459054413355
150611,1506112,Quatipuru (PA),15,0.546,1917.0,0.588,259.54,Faixa 1 (R$ 20k),20000.0,0,0.8,0.0,9513.0,9513.0,0.0,4962.44,1004.17,3958.27,0.0,0,0,0.0,0.0,-0.5071845043899442
150613,1506138,Redenção (PA),15,0.415,24868.0,0.686,455.58,Faixa 1 (R$ 20k),20000.0,0,0.8,35650.0,8384.0,44034.0,0.8096,1770.71,996.1,774.61,0.0,0,0,0.0,0.0,-0.11828861800575
150616,1506161,Rio Maria (PA),15,0.454,4621.0,0.672,436.69,Faixa 1 (R$ 20k),20000.0,0,0.8,10033.0,5445.0,15478.0,0.6482,3349.49,2302.53,1046.96,0.0,0,0,0.0,0.0,-0.1499002217150813
150618,1506187,Rondon do Pará (PA),15,0.446,13128.0,0.635,329.68,Faixa 1 (R$ 20k),20000.0,0,0.8,5926.0,4663.0,10589.0,0.5596,806.6,515.84,290.75,0.0,0,0,0.0,0.0,-0.27591782842979407
150619,1506195,Rurópolis (PA),15,0.457,5411.0,0.637,352.18,Faixa 1 (R$ 20k),20000.0,1,0.94,7122.0,15404.0,22526.0,0.3162,4163.0,1385.33,2777.68,1.0,10530,1521,129285.0,120.96,0.46358801525357035
150620,1506203,Salinópolis (PA),15,0.383,13228.0,0.665,365.81,Faixa 2 (R$ 15k),15000.0,0,0.7,27626.0,6906.0,34532.0,0.8,2610.52,1020.79,1589.73,0.0,0,0,0.0,0.0,-0.11196791704297893
150630,1506302,Salvaterra (PA),15,0.456,5307.0,0.657,339.17,Faixa 1 (R$ 20k),20000.0,0,0.8,1383.0,5632.0,7015.0,0.1971,1321.84,1041.64,280.2,0.0,0,0,0.0,0.0,-0.4482433581100221
150640,1506401,Santa Cruz do Arari (PA),15,0.453,1755.0,0.588,155.26,Faixa 1 (R$ 20k),20000.0,0,0.8,149.0,853.0,1002.0,0.1487,570.94,291.17,279.77,0.0,0,0,0.0,0.0,-0.5030448546138435
150655,1506559,Santa Luzia do Pará (PA),15,0.465,3476.0,0.632,248.02,Faixa 1 (R$ 20k),20000.0,0,0.8,57388.0,20765.0,78153.0,0.7343,22483.6,1995.4,20488.2,0.0,0,0,0.0,0.0,0.13349868541554216
150658,1506583,Santa Maria das Barreiras (PA),15,0.492,2252.0,0.608,330.5,Faixa 1 (R$ 20k),20000.0,0,0.8,48365.0,2740.0,51105.0,0.9464,22693.16,1250.89,21442.27,0.0,0,0,0.0,0.0,0.22956405383253684
150660,1506609,Santa Maria do Pará (PA),15,0.347,4940.0,0.65,356.84,Faixa 2 (R$ 15k),15000.0,0,0.7,3729.0,12162.0,15891.0,0.2347,3216.8,1498.58,1718.22,0.0,0,0,0.0,0.0,-0.3921008764486575
150670,1506708,Santana do Araguaia (PA),15,0.397,10872.0,0.645,335.39,Faixa 2 (R$ 15k),15000.0,0,0.7,47984.0,5021.0,53005.0,0.9053,4875.37,987.77,3887.6,0.0,0,0,0.0,0.0,-0.027812678371762843
150680,1506807,Santarém (PA),15,0.322,83410.0,0.728,414.78,Faixa 2 (R$ 15k),15000.0,4,0.88,511429.0,7154.0,518583.0,0.9862,6217.28,546.4,5670.88,1.0,39810,6279,533715.0,470.4,0.8241326231774778
150700,1507003,Santo Antônio do Tauá (PA),15,0.517,5699.0,0.681,328.18,Faixa 1 (R$ 20k),20000.0,0,0.8,3985.0,8145.0,12130.0,0.3285,2128.44,1353.22,775.22,0.0,0,0,0.0,0.0,-0.36001095197559635
150775,1507755,Sapucaia (PA),15,0.364,1139.0,0.596,335.79,Faixa 2 (R$ 15k),15000.0,0,0.7,502.0,4166.0,4668.0,0.1075,4098.33,3105.36,992.98,0.0,0,0,0.0,0.0,-0.4067104342599294
150780,1507805,Senador José Porfírio (PA),15,0.49,2679.0,0.576,226.39,Faixa 1 (R$ 20k),20000.0,0,0.8,0.0,678.0,678.0,0.0,253.08,148.94,104.14,0.0,0,0,0.0,0.0,-0.5898041853101148
150790,1507904,Soure (PA),15,0.398,8614.0,0.654,300.13,Faixa 2 (R$ 15k),15000.0,0,0.7,3826.0,3828.0,7654.0,0.4999,888.55,351.06,537.5,0.0,0,0,0.0,0.0,-0.31085050997734565
150710,1507102,São Caetano de Odivelas (PA),15,0.366,2711.0,0.621,303.61,Faixa 2 (R$ 15k),15000.0,0,0.7,343.0,5815.0,6158.0,0.0557,2271.49,1586.87,684.62,0.0,0,0,0.0,0.0,-0.4970358929600655
150715,1507151,São Domingos do Araguaia (PA),15,0.494,5794.0,0.637,486.17,Faixa 1 (R$ 20k),20000.0,0,0.8,3996.0,4146.0,8142.0,0.4908,1405.25,498.1,907.15,0.0,0,0,0.0,0.0,-0.3052408168887893
150720,1507201,São Domingos do Capim (PA),15,0.407,3075.0,0.692,394.33,Faixa 1 (R$ 20k),20000.0,0,0.8,3803.0,7883.0,11686.0,0.3254,3800.33,2503.09,1297.24,0.0,0,0,0.0,0.0,-0.31039282976274485
150740,1507409,São Francisco do Pará (PA),15,0.33,2092.0,0.69,318.48,Faixa 2 (R$ 15k),15000.0,0,0.7,0.0,7429.0,7429.0,0.0,3551.15,2013.38,1537.76,0.0,0,0,0.0,0.0,-0.49914362461142814
150730,1507300,São Félix do Xingu (PA),15,0.422,16232.0,0.652,444.45,Faixa 1 (R$ 20k),20000.0,0,0.8,73075.0,11611.0,84686.0,0.8629,5217.23,688.39,4528.83,0.0,0,0,0.0,0.0,-0.05370767567216968
150745,1507458,São Geraldo do Araguaia (PA),15,0.418,5245.0,0.64,347.99,Faixa 1 (R$ 20k),20000.0,0,0.8,3251.0,2541.0,5792.0,0.5613,1104.29,461.2,643.09,0.0,0,0,0.0,0.0,-0.2726094896349477
150747,1507474,São João de Pirabas (PA),15,0.553,3972.0,0.608,262.38,Faixa 1 (R$ 20k),20000.0,0,0.8,31979.0,4193.0,36172.0,0.8841,9106.75,1241.19,7865.56,0.0,0,0,0.0,0.0,0.02181122574554306
150760,1507607,São Miguel do Guamá (PA),15,0.466,14015.0,0.644,337.68,Faixa 1 (R$ 20k),20000.0,0,0.8,9972.0,15180.0,25152.0,0.3965,1794.65,937.28,857.37,0.0,0,0,0.0,0.0,-0.33895334051442405
150770,1507706,São Sebastião da Boa Vista (PA),15,0.545,3644.0,0.65,301.14,Faixa 1 (R$ 20k),20000.0,0,0.8,334.0,3666.0,4000.0,0.0835,1097.69,748.08,349.62,0.0,0,0,0.0,0.0,-0.5190760959667134
150795,1507953,Tailândia (PA),15,0.531,21127.0,0.606,307.75,Faixa 1 (R$ 20k),20000.0,0,0.8,81903.0,14618.0,96521.0,0.8486,4568.61,2416.39,2152.22,0.0,0,0,0.0,0.0,-0.024842751890571012
150796,1507961,Terra Alta (PA),15,0.535,1674.0,0.666,288.94,Faixa 1 (R$ 20k),20000.0,0,0.8,66.0,3340.0,3406.0,0.0194,2034.65,1166.67,867.98,0.0,0,0,0.0,0.0,-0.5302505413707811
150797,1507979,Terra Santa (PA),15,0.426,4164.0,0.678,343.95,Faixa 1 (R$ 20k),20000.0,0,0.8,4049.0,2068.0,6117.0,0.6619,1469.02,528.34,940.68,0.0,0,0,0.0,0.0,-0.21274647538153207
150800,1508001,Tomé-Açu (PA),15,0.381,12335.0,0.624,316.76,Faixa 2 (R$ 15k),15000.0,0,0.7,93119.0,7997.0,101116.0,0.9209,8197.49,778.35,7419.13,0.0,0,0,0.0,0.0,0.017691872743580583
150803,1508035,Tracuateua (PA),15,0.589,3225.0,0.599,256.03,Faixa 1 (R$ 20k),20000.0,0,0.8,4042.0,11998.0,16040.0,0.252,4973.64,1214.26,3759.38,0.0,0,0,0.0,0.0,-0.36772771482004707
150805,1508050,Trairão (PA),15,0.449,2121.0,0.619,301.57,Faixa 1 (R$ 20k),20000.0,0,0.8,40021.0,8968.0,48989.0,0.8169,23097.12,1904.76,21192.36,0.0,0,0,0.0,0.0,0.18290393539822952
150808,1508084,Tucumã (PA),15,0.443,8370.0,0.664,461.75,Faixa 1 (R$ 20k),20000.0,0,0.8,40689.0,11279.0,51968.0,0.783,6208.84,1412.31,4796.54,0.0,0,0,0.0,0.0,-0.0646599203448847
150810,1508100,Tucuruí (PA),15,0.361,33300.0,0.664,428.38,Faixa 2 (R$ 15k),15000.0,3,0.88,142077.0,1931.0,144008.0,0.9866,4324.56,642.13,3682.43,1.0,32010,4485,381225.0,376.32,0.8025297996982721
150812,1508126,Ulianópolis (PA),15,0.504,10080.0,0.632,383.5,Faixa 1 (R$ 20k),20000.0,0,0.8,4485.0,4656.0,9141.0,0.4906,906.85,580.85,325.99,0.0,0,0,0.0,0.0,-0.30960022736290493
150815,1508159,Uruará (PA),15,0.456,8670.0,0.649,386.05,Faixa 1 (R$ 20k),20000.0,0,0.8,27069.0,4809.0,31878.0,0.8491,3676.82,544.52,3132.3,0.0,0,0,0.0,0.0,-0.08454135650054884
150820,1508209,Vigia (PA),15,0.399,12429.0,0.653,345.22,Faixa 2 (R$ 15k),15000.0,0,0.7,127952.0,9616.0,137568.0,0.9301,11068.31,576.96,10491.35,0.0,0,0,0.0,0.0,0.054211612383565845
150830,1508308,Viseu (PA),15,0.722,7209.0,0.552,169.95,Faixa 1 (R$ 20k),20000.0,0,0.8,49282.0,14585.0,63867.0,0.7716,8859.34,2808.02,6051.32,0.0,0,0,0.0,0.0,-0.0005169023319464783
150835,1508357,Vitória do Xingu (PA),15,0.605,2533.0,0.621,226.27,Faixa 1 (R$ 20k),20000.0,0,0.8,3830.0,1198.0,5028.0,0.7617,1985.0,499.01,1485.98,0.0,0,0,0.0,0.0,-0.15386731477918048
150840,1508407,Xinguara (PA),15,0.397,10642.0,0.675,465.53,Faixa 2 (R$ 15k),15000.0,0,0.7,11399.0,15303.0,26702.0,0.4269,2509.11,1418.44,1090.68,0.0,0,0,0.0,0.0,-0.3011617018523819
150034,1500347,Água Azul do Norte (PA),15,0.461,7808.0,0.561,215.05,Faixa 1 (R$ 20k),20000.0,0,0.8,10721.0,7712.0,18433.0,0.5816,2360.78,712.47,1648.31,0.0,0,0,0.0,0.0,-0.2391837637237882
150510,1505106,Óbidos (PA),15,0.475,9248.0,0.679,357.38,Faixa 1 (R$ 20k),20000.0,0,0.8,14668.0,9120.0,23788.0,0.6166,2572.23,477.4,2094.83,0.0,0,0,0.0,0.0,-0.22396938633844035
150080,1500800,Ananindeua (PA),15,0.4,182101.0,0.72,506.95,Faixa 2 (R$ 15k),15000.0,0,0.7,80929.0,178371.0,259300.0,0.3121,1423.94,653.19,770.75,0.0,0,0,0.0,0.0,-0.3959104000153658
150140,1501402,Belém (PA),15,0.334,518723.0,0.744,678.43,Faixa 2 (R$ 15k),15000.0,26,0.88,2911991.0,29322.0,2941313.0,0.99,5670.3,1864.96,3805.33,1.0,276660,38259,3252015.0,3454.08,0.8533050922380923
150150,1501501,Benevides (PA),15,0.454,10887.0,0.704,410.33,Faixa 1 (R$ 20k),20000.0,0,0.8,126289.0,33209.0,159498.0,0.7918,14650.32,1573.44,13076.88,0.0,0,0,0.0,0.0,0.05255282154950243
150240,1502400,Castanhal (PA),15,0.359,58367.0,0.693,443.92,Faixa 2 (R$ 15k),15000.0,3,0.88,104264.0,15394.0,119658.0,0.8714,2050.1,1111.57,938.53,1.0,35130,5304,450840.0,537.6,0.7243035544858225
150442,1504422,Marituba (PA),15,0.483,41086.0,0.683,345.51,Faixa 1 (R$ 20k),20000.0,4,0.94,457547.0,12340.0,469887.0,0.9737,11436.67,725.41,10711.26,1.0,43740,6006,510510.0,577.92,0.8891324494953292
150635,1506351,Santa Bárbara do Pará (PA),15,0.36,2243.0,0.689,325.31,Faixa 2 (R$ 15k),15000.0,0,0.7,3359.0,6916.0,10275.0,0.3269,4580.92,2047.7,2533.21,0.0,0,0,0.0,0.0,-0.31137889395183954
150650,1506500,Santa Isabel do Pará (PA),15,0.378,17417.0,0.684,386.07,Faixa 2 (R$ 15k),15000.0,0,0.7,5975.0,15852.0,21827.0,0.2737,1253.2,592.47,660.73,0.0,0,0,0.0,0.0,-0.42007483935619006
110001,1100015,Alta Floresta D'Oeste (RO),11,0.332,3835.0,0.7,506.98,Faixa 2 (R$ 15k),15000.0,0,0.7,4258.0,7427.0,11685.0,0.3644,3046.94,1288.92,1758.02,0.0,0,0,0.0,0.0,-0.3308160611695757
110037,1100379,Alto Alegre dos Parecis (RO),11,0.356,1151.0,0.671,420.49,Faixa 2 (R$ 15k),15000.0,0,0.7,2506.0,2947.0,5453.0,0.4596,4737.62,1603.82,3133.8,0.0,0,0,0.0,0.0,-0.25037903606077117
110040,1100403,Alto Paraíso (RO),11,0.348,2453.0,0.688,592.99,Faixa 2 (R$ 15k),15000.0,0,0.7,17597.0,6004.0,23601.0,0.7456,9621.28,1678.35,7942.93,0.0,0,0,0.0,0.0,-0.03382736121763444
110034,1100346,Alvorada D'Oeste (RO),11,0.279,2706.0,0.698,451.61,Faixa 3 (R$ 10k),10000.0,0,0.35,5058.0,4455.0,9513.0,0.5317,3515.52,1149.3,2366.22,0.0,0,0,0.0,0.0,-0.23954643926408425
110002,1100023,Ariquemes (RO),11,0.26,23530.0,0.717,570.78,Faixa 3 (R$ 10k),10000.0,0,0.35,85584.0,35339.0,120923.0,0.7078,5139.1,1649.98,3489.12,0.0,0,0,0.0,0.0,-0.11217978714189022
110045,1100452,Buritis (RO),11,0.328,5612.0,0.679,471.65,Faixa 2 (R$ 15k),15000.0,0,0.7,147196.0,10472.0,157668.0,0.9336,28094.8,2567.89,25526.91,0.0,0,0,0.0,0.0,0.32623926333062386
110003,1100031,Cabixi (RO),11,0.268,554.0,0.681,385.07,Faixa 3 (R$ 10k),10000.0,0,0.35,294.0,3477.0,3771.0,0.078,6806.86,1465.7,5341.16,0.0,0,0,0.0,0.0,-0.4301104904461276
110060,1100601,Cacaulândia (RO),11,0.29,703.0,0.669,391.97,Faixa 3 (R$ 10k),10000.0,0,0.35,488.0,2197.0,2685.0,0.1818,3819.35,2029.87,1789.47,0.0,0,0,0.0,0.0,-0.3986973664800565
110004,1100049,Cacoal (RO),11,0.256,17911.0,0.741,710.23,Faixa 3 (R$ 10k),10000.0,1,0.48,338526.0,17991.0,356517.0,0.9495,19904.92,1813.69,18091.23,1.0,10530,1521,129285.0,120.96,1.013189136325893
110070,1100700,Campo Novo de Rondônia (RO),11,0.299,1172.0,0.75,972.88,Faixa 3 (R$ 10k),10000.0,0,0.35,2947.0,10697.0,13644.0,0.216,11641.64,1938.57,9703.07,0.0,0,0,0.0,0.0,-0.28248256307127
110080,1100809,Candeias do Jamari (RO),11,0.346,4596.0,0.66,473.1,Faixa 2 (R$ 15k),15000.0,0,0.7,2474.0,18839.0,21313.0,0.1161,4637.29,1642.95,2994.34,0.0,0,0,0.0,0.0,-0.43312725354089776
110090,1100908,Castanheiras (RO),11,0.304,987.0,0.676,403.34,Faixa 2 (R$ 15k),15000.0,0,0.7,7112.0,916.0,8028.0,0.8859,8133.74,951.37,7182.37,0.0,0,0,0.0,0.0,0.002765305354842029
110005,1100056,Cerejeiras (RO),11,0.305,3629.0,0.688,448.41,Faixa 2 (R$ 15k),15000.0,0,0.7,46522.0,5467.0,51989.0,0.8948,14325.99,771.84,13554.15,0.0,0,0,0.0,0.0,0.08232880131436274
110092,1100924,Chupinguaia (RO),11,0.303,1088.0,0.694,488.51,Faixa 2 (R$ 15k),15000.0,0,0.7,46235.0,3657.0,49892.0,0.9267,45856.62,1363.97,44492.65,0.0,0,0,0.0,0.0,0.5193751068311085
110006,1100064,Colorado do Oeste (RO),11,0.316,3741.0,0.694,476.45,Faixa 2 (R$ 15k),15000.0,0,0.7,150934.0,6097.0,157031.0,0.9612,41975.67,880.78,41094.89,0.0,0,0,0.0,0.0,0.4753595098091262
110007,1100072,Corumbiara (RO),11,0.328,2418.0,0.618,361.43,Faixa 2 (R$ 15k),15000.0,0,0.7,9957.0,3470.0,13427.0,0.7416,5552.94,408.6,5144.33,0.0,0,0,0.0,0.0,-0.12108716060668581
110008,1100080,Costa Marques (RO),11,0.434,2623.0,0.665,340.97,Faixa 1 (R$ 20k),20000.0,0,0.8,1033.0,6280.0,7313.0,0.1413,2788.03,636.68,2151.35,0.0,0,0,0.0,0.0,-0.46956032589140956
110094,1100940,Cujubim (RO),11,0.402,3743.0,0.649,456.98,Faixa 1 (R$ 20k),20000.0,0,0.8,14779.0,5387.0,20166.0,0.7329,5387.66,1024.31,4363.34,0.0,0,0,0.0,0.0,-0.11187204336066033
110009,1100098,Espigão D'Oeste (RO),11,0.29,5526.0,0.707,563.12,Faixa 3 (R$ 10k),10000.0,0,0.35,2623.0,5756.0,8379.0,0.313,1516.29,868.26,648.03,0.0,0,0,0.0,0.0,-0.38867248227079165
110100,1101005,Governador Jorge Teixeira (RO),11,0.287,804.0,0.668,438.58,Faixa 3 (R$ 10k),10000.0,0,0.35,62.0,1530.0,1592.0,0.0389,1980.1,935.32,1044.78,0.0,0,0,0.0,0.0,-0.5265882704670901
110010,1100106,Guajará-Mirim (RO),11,0.372,13086.0,0.686,481.65,Faixa 2 (R$ 15k),15000.0,0,0.7,27745.0,16756.0,44501.0,0.6235,3400.66,592.92,2807.73,0.0,0,0,0.0,0.0,-0.20667548853558837
110110,1101104,Itapuã do Oeste (RO),11,0.432,1746.0,0.687,400.44,Faixa 1 (R$ 20k),20000.0,0,0.8,799.0,4739.0,5538.0,0.1443,3171.82,1053.84,2117.98,0.0,0,0,0.0,0.0,-0.4522277668476004
110011,1100114,Jaru (RO),11,0.308,11508.0,0.717,544.25,Faixa 2 (R$ 15k),15000.0,1,0.88,15874.0,15456.0,31330.0,0.5067,2722.45,1087.42,1635.04,1.0,10530,1521,129285.0,120.96,0.5385721338347046
110012,1100122,Ji-Paraná (RO),11,0.289,30710.0,0.725,591.37,Faixa 3 (R$ 10k),10000.0,1,0.48,45505.0,28326.0,73831.0,0.6163,2404.14,616.74,1787.4,1.0,11880,1404,119340.0,147.84,0.5805084051255511
110013,1100130,Machadinho D'Oeste (RO),11,0.333,5085.0,0.683,440.51,Faixa 2 (R$ 15k),15000.0,0,0.7,110127.0,9433.0,119560.0,0.9211,23512.29,1131.56,22380.73,0.0,0,0,0.0,0.0,0.22354630236913411
110120,1101203,Ministro Andreazza (RO),11,0.248,838.0,0.676,432.19,Faixa 3 (R$ 10k),10000.0,0,0.35,41364.0,2960.0,44324.0,0.9332,52892.6,1768.5,51124.11,0.0,0,0,0.0,0.0,0.6236326363724354
110130,1101302,Mirante da Serra (RO),11,0.396,1986.0,0.648,462.28,Faixa 2 (R$ 15k),15000.0,0,0.7,1032.0,2551.0,3583.0,0.288,1804.13,1151.06,653.07,0.0,0,0,0.0,0.0,-0.39092824983062563
110140,1101401,Monte Negro (RO),11,0.277,2152.0,0.679,444.83,Faixa 3 (R$ 10k),10000.0,2,0.48,21733.0,4200.0,25933.0,0.838,12050.65,1987.45,10063.2,1.0,20400,3120,265200.0,282.24,0.8576377337767458
110014,1100148,Nova Brasilândia D'Oeste (RO),11,0.315,2657.0,0.707,484.61,Faixa 2 (R$ 15k),15000.0,0,0.7,2311.0,4717.0,7028.0,0.3288,2645.09,947.69,1697.4,0.0,0,0,0.0,0.0,-0.36373025784300494
110033,1100338,Nova Mamoré (RO),11,0.409,4225.0,0.646,409.37,Faixa 1 (R$ 20k),20000.0,0,0.8,26143.0,8975.0,35118.0,0.7444,8311.95,700.59,7611.36,0.0,0,0,0.0,0.0,-0.07661474638133205
110143,1101435,Nova União (RO),11,0.36,2275.0,0.61,330.31,Faixa 2 (R$ 15k),15000.0,0,0.7,11327.0,2097.0,13424.0,0.8438,5900.66,451.43,5449.23,0.0,0,0,0.0,0.0,-0.06122256307617172
110050,1100502,Novo Horizonte do Oeste (RO),11,0.4,2743.0,0.619,302.79,Faixa 2 (R$ 15k),15000.0,0,0.7,45450.0,5207.0,50657.0,0.8972,18467.74,1778.71,16689.03,0.0,0,0,0.0,0.0,0.16286741840581592
110015,1100155,Ouro Preto do Oeste (RO),11,0.265,9038.0,0.708,519.57,Faixa 3 (R$ 10k),10000.0,1,0.48,82372.0,8453.0,90825.0,0.9069,10049.24,1013.28,9035.96,1.0,10530,1521,129285.0,120.96,0.8432978981496669
110145,1101450,Parecis (RO),11,0.426,1148.0,0.604,317.8,Faixa 1 (R$ 20k),20000.0,0,0.8,0.0,773.0,773.0,0.0,673.34,244.77,428.57,0.0,0,0,0.0,0.0,-0.5819255918352356
110018,1100189,Pimenta Bueno (RO),11,0.25,8153.0,0.729,649.18,Faixa 3 (R$ 10k),10000.0,0,0.35,5241.0,9620.0,14861.0,0.3527,1822.76,986.02,836.75,0.0,0,0,0.0,0.0,-0.3605966422884332
110146,1101468,Pimenteiras do Oeste (RO),11,0.323,448.0,0.71,444.99,Faixa 2 (R$ 15k),15000.0,0,0.7,14083.0,1242.0,15325.0,0.919,34207.59,698.66,33508.93,0.0,0,0,0.0,0.0,0.34850419306585567
110020,1100205,Porto Velho (RO),11,0.309,132766.0,0.747,794.77,Faixa 2 (R$ 15k),15000.0,7,0.88,605997.0,5658.0,611655.0,0.9907,4607.02,1278.25,3343.56,1.0,75060,10842,921570.0,940.8,0.8249210846127866
110025,1100254,Presidente Médici (RO),11,0.357,3841.0,0.691,507.66,Faixa 2 (R$ 15k),15000.0,0,0.7,1496.0,4349.0,5845.0,0.2559,1521.74,527.99,993.75,0.0,0,0,0.0,0.0,-0.4277546160098524
110147,1101476,Primavera de Rondônia (RO),11,0.34,949.0,0.619,369.78,Faixa 2 (R$ 15k),15000.0,0,0.7,0.0,1116.0,1116.0,0.0,1175.97,449.95,726.03,0.0,0,0,0.0,0.0,-0.5701553501959312
110026,1100262,Rio Crespo (RO),11,0.396,843.0,0.622,336.21,Faixa 2 (R$ 15k),15000.0,0,0.7,98.0,1565.0,1663.0,0.0589,1972.72,1060.5,912.22,0.0,0,0,0.0,0.0,-0.5128140765094484
110028,1100288,Rolim de Moura (RO),11,0.279,11990.0,0.7,550.42,Faixa 3 (R$ 10k),10000.0,4,0.48,484042.0,10141.0,494183.0,0.9795,41216.26,1915.93,39300.33,1.0,46920,7410,629850.0,685.44,1.305345590848349
110029,1100296,Santa Luzia D'Oeste (RO),11,0.297,1362.0,0.708,560.86,Faixa 3 (R$ 10k),10000.0,0,0.35,78296.0,5083.0,83379.0,0.939,61218.06,955.21,60262.85,0.0,0,0,0.0,0.0,0.7125066719600094
110150,1101500,Seringueiras (RO),11,0.422,1198.0,0.641,393.32,Faixa 1 (R$ 20k),20000.0,0,0.8,5823.0,10339.0,16162.0,0.3603,13490.82,1926.54,11564.27,0.0,0,0,0.0,0.0,-0.18240161151173254
110148,1101484,São Felipe D'Oeste (RO),11,0.264,421.0,0.7,426.07,Faixa 3 (R$ 10k),10000.0,0,0.35,2592.0,1655.0,4247.0,0.6103,10087.89,2522.57,7565.32,0.0,0,0,0.0,0.0,-0.07783070852888738
110149,1101492,São Francisco do Guaporé (RO),11,0.387,2557.0,0.673,456.88,Faixa 2 (R$ 15k),15000.0,0,0.7,167621.0,3292.0,170913.0,0.9807,66841.22,2683.22,64158.0,0.0,0,0,0.0,0.0,0.8516299034554068
110032,1100320,São Miguel do Guaporé (RO),11,0.336,2560.0,0.736,714.93,Faixa 2 (R$ 15k),15000.0,0,0.7,27662.0,4347.0,32009.0,0.8642,12503.52,932.81,11570.7,0.0,0,0,0.0,0.0,0.0468507753292825
110155,1101559,Teixeirópolis (RO),11,0.251,492.0,0.689,473.3,Faixa 3 (R$ 10k),10000.0,0,0.35,0.0,1728.0,1728.0,0.0,3512.2,1140.24,2371.95,0.0,0,0,0.0,0.0,-0.5222742857994762
110160,1101609,Theobroma (RO),11,0.386,3114.0,0.612,342.79,Faixa 2 (R$ 15k),15000.0,0,0.7,2884.0,2435.0,5319.0,0.5422,1708.09,371.87,1336.22,0.0,0,0,0.0,0.0,-0.27732026088835937
110170,1101708,Urupá (RO),11,0.299,1518.0,0.679,443.5,Faixa 3 (R$ 10k),10000.0,0,0.35,58709.0,2625.0,61334.0,0.9572,40404.48,2144.27,38260.21,0.0,0,0,0.0,0.0,0.4858135751772695
110175,1101757,Vale do Anari (RO),11,0.251,1078.0,0.696,551.54,Faixa 3 (R$ 10k),10000.0,0,0.35,2885.0,2516.0,5401.0,0.5342,5010.2,1320.04,3690.17,0.0,0,0,0.0,0.0,-0.21460601534920495
110180,1101807,Vale do Paraíso (RO),11,0.273,714.0,0.678,432.15,Faixa 3 (R$ 10k),10000.0,0,0.35,19725.0,1543.0,21268.0,0.9274,29787.11,883.75,28903.36,0.0,0,0,0.0,0.0,0.3010188296443047
110030,1100304,Vilhena (RO),11,0.259,19720.0,0.728,575.17,Faixa 3 (R$ 10k),10000.0,3,0.48,452701.0,9910.0,462611.0,0.9786,23458.98,1596.81,21862.17,1.0,31920,5187,440895.0,362.88,1.0686492608582336
140010,1400100,Boa Vista (RR),14,0.274,98690.0,0.758,626.54,Faixa 3 (R$ 10k),10000.0,22,0.48,45480.0,20440.0,65920.0,0.6899,667.95,493.84,174.11,1.0,217230,35997,3059745.0,3534.72,0.5941337160626547
140020,1400209,Caracaraí (RR),14,0.297,4190.0,0.691,360.63,Faixa 3 (R$ 10k),10000.0,0,0.35,0.0,1397.0,1397.0,0.0,333.41,226.25,107.16,0.0,0,0,0.0,0.0,-0.586769227494089
140023,1400233,Caroebe (RR),14,0.338,1195.0,0.655,321.91,Faixa 2 (R$ 15k),15000.0,0,0.7,0.0,802.0,802.0,0.0,671.13,567.36,103.77,0.0,0,0,0.0,0.0,-0.573592842889758
140028,1400282,Iracema (RR),14,0.333,1516.0,0.663,326.32,Faixa 2 (R$ 15k),15000.0,0,0.7,0.0,750.0,750.0,0.0,494.72,400.4,94.33,0.0,0,0,0.0,0.0,-0.5801847078234749
140030,1400308,Mucajaí (RR),14,0.288,3558.0,0.704,497.13,Faixa 3 (R$ 10k),10000.0,0,0.35,0.0,1423.0,1423.0,0.0,399.94,293.14,106.8,0.0,0,0,0.0,0.0,-0.5841814908397748
140047,1400472,Rorainópolis (RR),14,0.393,4207.0,0.672,337.79,Faixa 2 (R$ 15k),15000.0,1,0.88,2640.0,174.0,2814.0,0.9382,668.89,513.43,172.33,0.0,11880,1716,145860.0,241.92,-0.07651358356532341
140050,1400506,São João da Baliza (RR),14,0.368,1796.0,0.701,343.27,Faixa 2 (R$ 15k),15000.0,0,0.7,0.0,915.0,915.0,0.0,509.47,433.18,76.28,0.0,0,0,0.0,0.0,-0.5791458844033303
140060,1400605,São Luiz (RR),14,0.308,1481.0,0.719,390.71,Faixa 2 (R$ 15k),15000.0,0,0.7,0.0,944.0,944.0,0.0,637.41,462.53,174.88,0.0,0,0,0.0,0.0,-0.5767427594527407
170030,1700301,Aguiarnópolis (TO),17,0.376,1644.0,0.676,342.8,Faixa 2 (R$ 15k),15000.0,0,0.7,359.0,1311.0,1670.0,0.215,1015.82,454.99,560.83,0.0,0,0,0.0,0.0,-0.457868036438284
170035,1700350,Aliança do Tocantins (TO),17,0.405,1711.0,0.674,304.25,Faixa 1 (R$ 20k),20000.0,0,0.8,363.0,619.0,982.0,0.3697,573.93,406.2,167.74,0.0,0,0,0.0,0.0,-0.3826250794850607
170040,1700400,Almas (TO),17,0.466,2420.0,0.65,325.92,Faixa 1 (R$ 20k),20000.0,0,0.8,0.0,946.0,946.0,0.0,390.91,242.56,148.35,0.0,0,0,0.0,0.0,-0.5856083759591965
170070,1700707,Alvorada (TO),17,0.264,2615.0,0.697,460.62,Faixa 3 (R$ 10k),10000.0,0,0.35,8337.0,1153.0,9490.0,0.8785,3629.06,264.24,3364.82,0.0,0,0,0.0,0.0,-0.07680103595803156
170100,1701002,Ananás (TO),17,0.388,3002.0,0.68,364.2,Faixa 2 (R$ 15k),15000.0,0,0.7,383.0,2818.0,3201.0,0.1197,1066.29,419.39,646.9,0.0,0,0,0.0,0.0,-0.5087682531258745
170110,1701101,Aparecida do Rio Negro (TO),17,0.294,1259.0,0.661,288.61,Faixa 3 (R$ 10k),10000.0,0,0.35,4.0,325.0,329.0,0.0122,261.32,94.52,166.8,0.0,0,0,0.0,0.0,-0.5846280071564367
170190,1701903,Araguacema (TO),17,0.3,1181.0,0.696,450.32,Faixa 3 (R$ 10k),10000.0,0,0.35,678.0,281.0,959.0,0.707,812.02,670.62,141.41,0.0,0,0,0.0,0.0,-0.19353440709084707
170215,1702158,Araguanã (TO),17,0.44,1242.0,0.627,420.95,Faixa 1 (R$ 20k),20000.0,0,0.8,0.0,2756.0,2756.0,0.0,2219.0,421.9,1797.1,0.0,0,0,0.0,0.0,-0.5574932468370731
170220,1702208,Araguatins (TO),17,0.414,7671.0,0.684,401.52,Faixa 1 (R$ 20k),20000.0,0,0.8,5328.0,2326.0,7654.0,0.6961,997.78,319.91,677.88,0.0,0,0,0.0,0.0,-0.2060301031409275
170200,1702000,Araguaçu (TO),17,0.249,1784.0,0.731,424.46,Faixa 3 (R$ 10k),10000.0,0,0.35,1799.0,804.0,2603.0,0.6911,1459.08,739.91,719.17,0.0,0,0,0.0,0.0,-0.1918787904126742
170210,1702109,Araguaína (TO),17,0.268,50593.0,0.756,601.71,Faixa 3 (R$ 10k),10000.0,3,0.48,602587.0,0.0,602587.0,1.0,11910.48,1191.21,10719.27,1.0,30690,4797,407745.0,443.52,0.9212587206604894
170230,1702307,Arapoema (TO),17,0.306,2032.0,0.686,360.6,Faixa 2 (R$ 15k),15000.0,0,0.7,224.0,1348.0,1572.0,0.1425,773.62,376.48,397.15,0.0,0,0,0.0,0.0,-0.5015254659858938
170255,1702554,Augustinópolis (TO),17,0.412,5065.0,0.696,363.96,Faixa 1 (R$ 20k),20000.0,4,0.94,9400.0,0.0,9400.0,1.0,1855.87,938.2,917.67,1.0,41610,6045,513825.0,470.4,0.7856317832031016
170290,1702901,Axixá do Tocantins (TO),17,0.418,2952.0,0.674,320.94,Faixa 1 (R$ 20k),20000.0,0,0.8,0.0,1696.0,1696.0,0.0,574.53,140.92,433.6,0.0,0,0,0.0,0.0,-0.5858857244273018
170300,1703008,Babaçulândia (TO),17,0.316,1934.0,0.702,338.72,Faixa 2 (R$ 15k),15000.0,0,0.7,0.0,15331.0,15331.0,0.0,7927.09,438.99,7488.11,0.0,0,0,0.0,0.0,-0.4837764905615737
170307,1703073,Barra do Ouro (TO),17,0.383,796.0,0.676,287.55,Faixa 2 (R$ 15k),15000.0,0,0.7,0.0,3121.0,3121.0,0.0,3920.85,589.2,3331.66,0.0,0,0,0.0,0.0,-0.5313106319141401
170310,1703107,Barrolândia (TO),17,0.312,1469.0,0.662,347.4,Faixa 2 (R$ 15k),15000.0,0,0.7,2279.0,413.0,2692.0,0.8466,1832.54,272.29,1560.25,0.0,0,0,0.0,0.0,-0.11659995634714174
170320,1703206,Bernardo Sayão (TO),17,0.335,747.0,0.663,324.64,Faixa 2 (R$ 15k),15000.0,0,0.7,0.0,1314.0,1314.0,0.0,1759.04,665.33,1093.71,0.0,0,0,0.0,0.0,-0.5570882788582823
170360,1703602,Brasilândia do Tocantins (TO),17,0.257,589.0,0.727,496.74,Faixa 3 (R$ 10k),10000.0,0,0.35,0.0,427.0,427.0,0.0,724.96,370.12,354.84,0.0,0,0,0.0,0.0,-0.5780140441154085
170388,1703883,Carmolândia (TO),17,0.283,673.0,0.672,415.37,Faixa 3 (R$ 10k),10000.0,0,0.35,0.0,3630.0,3630.0,0.0,5393.76,644.87,4748.89,0.0,0,0,0.0,0.0,-0.5109603204890444
170410,1704105,Centenário (TO),17,0.386,589.0,0.676,365.03,Faixa 2 (R$ 15k),15000.0,0,0.7,0.0,77.0,77.0,0.0,130.73,76.4,54.33,0.0,0,0,0.0,0.0,-0.5932549141340191
170550,1705508,Colinas do Tocantins (TO),17,0.317,9781.0,0.693,489.4,Faixa 2 (R$ 15k),15000.0,0,0.7,18509.0,3866.0,22375.0,0.8272,2287.6,708.62,1578.98,0.0,0,0,0.0,0.0,-0.10975501113496114
171670,1716703,Colméia (TO),17,0.289,2027.0,0.704,455.23,Faixa 3 (R$ 10k),10000.0,0,0.35,5805.0,1192.0,6997.0,0.8296,3451.9,512.09,2939.81,0.0,0,0,0.0,0.0,-0.09862797285785246
170600,1706001,Couto Magalhães (TO),17,0.366,702.0,0.678,366.53,Faixa 2 (R$ 15k),15000.0,0,0.7,0.0,2224.0,2224.0,0.0,3168.09,524.22,2643.87,0.0,0,0,0.0,0.0,-0.5426579440866277
170610,1706100,Cristalândia (TO),17,0.353,2235.0,0.7,448.93,Faixa 2 (R$ 15k),15000.0,0,0.7,0.0,352.0,352.0,0.0,157.49,85.01,72.48,0.0,0,0,0.0,0.0,-0.5926882406278432
170625,1706258,Crixás do Tocantins (TO),17,0.276,355.0,0.68,286.28,Faixa 3 (R$ 10k),10000.0,0,0.35,1.0,137.0,138.0,0.0072,388.73,267.61,121.13,0.0,0,0,0.0,0.0,-0.581162235840743
170650,1706506,Darcinópolis (TO),17,0.445,1260.0,0.615,269.71,Faixa 1 (R$ 20k),20000.0,0,0.8,823.0,2376.0,3199.0,0.2573,2538.89,523.02,2015.87,0.0,0,0,0.0,0.0,-0.41408274832705344
170700,1707009,Dianópolis (TO),17,0.312,6469.0,0.709,471.75,Faixa 2 (R$ 15k),15000.0,2,0.88,17487.0,0.0,17487.0,1.0,2703.2,489.72,2213.48,1.0,19200,3120,265200.0,188.16,0.7848847825919513
170710,1707108,Divinópolis do Tocantins (TO),17,0.289,1573.0,0.712,604.43,Faixa 3 (R$ 10k),10000.0,1,0.48,2146.0,0.0,2146.0,1.0,1364.27,753.97,610.3,1.0,9600,1560,132600.0,94.08,0.7745461963948761
170720,1707207,Dois Irmãos do Tocantins (TO),17,0.336,1021.0,0.658,313.79,Faixa 2 (R$ 15k),15000.0,0,0.7,33.0,477.0,510.0,0.0647,499.51,281.1,218.41,0.0,0,0,0.0,0.0,-0.5488453750664144
170765,1707652,Figueirópolis (TO),17,0.338,1440.0,0.683,434.46,Faixa 2 (R$ 15k),15000.0,0,0.7,235.0,819.0,1054.0,0.223,731.94,348.61,383.33,0.0,0,0,0.0,0.0,-0.4600196165354006
170770,1707702,Filadélfia (TO),17,0.389,2082.0,0.662,322.96,Faixa 2 (R$ 15k),15000.0,0,0.7,669.0,4565.0,5234.0,0.1278,2513.93,694.04,1819.88,0.0,0,0,0.0,0.0,-0.47876375585631037
170820,1708205,Formoso do Araguaia (TO),17,0.312,4634.0,0.707,447.41,Faixa 2 (R$ 15k),15000.0,0,0.7,10167.0,1730.0,11897.0,0.8546,2567.33,581.57,1985.76,0.0,0,0,0.0,0.0,-0.09490167738014715
170825,1708254,Fortaleza do Tabocão (TO),17,0.269,737.0,0.69,345.8,Faixa 3 (R$ 10k),10000.0,0,0.35,0.0,691.0,691.0,0.0,937.58,469.47,468.11,0.0,0,0,0.0,0.0,-0.5727096545758844
170755,1707553,Fátima (TO),17,0.276,1178.0,0.729,431.73,Faixa 3 (R$ 10k),10000.0,0,0.35,0.0,638.0,638.0,0.0,541.6,114.6,426.99,0.0,0,0,0.0,0.0,-0.5869906215734328
170830,1708304,Goianorte (TO),17,0.332,939.0,0.681,377.94,Faixa 2 (R$ 15k),15000.0,0,0.7,42.0,1982.0,2024.0,0.0208,2155.48,316.29,1839.19,0.0,0,0,0.0,0.0,-0.5499965153653124
170900,1709005,Goiatins (TO),17,0.48,1831.0,0.645,269.09,Faixa 1 (R$ 20k),20000.0,0,0.8,2740.0,2859.0,5599.0,0.4894,3057.89,838.34,2219.55,0.0,0,0,0.0,0.0,-0.2759512967418449
170930,1709302,Guaraí (TO),17,0.268,7573.0,0.761,630.03,Faixa 3 (R$ 10k),10000.0,1,0.48,3780.0,3008.0,6788.0,0.5569,896.34,535.85,360.49,1.0,10530,1521,129285.0,120.96,0.527501937289256
170950,1709500,Gurupi (TO),17,0.244,25557.0,0.764,674.64,Faixa 3 (R$ 10k),10000.0,1,0.48,68451.0,3135.0,71586.0,0.9562,2801.03,447.08,2353.95,1.0,9600,1560,132600.0,94.08,0.7617679442907523
171050,1710508,Itacajá (TO),17,0.28,1539.0,0.701,432.99,Faixa 3 (R$ 10k),10000.0,0,0.35,16.0,1530.0,1546.0,0.0103,1004.55,398.96,605.59,0.0,0,0,0.0,0.0,-0.5682059223365034
171070,1710706,Itaguatins (TO),17,0.43,1345.0,0.658,319.38,Faixa 1 (R$ 20k),20000.0,0,0.8,247.0,997.0,1244.0,0.1986,924.91,350.93,573.98,0.0,0,0,0.0,0.0,-0.4704441619201328
171150,1711506,Jaú do Tocantins (TO),17,0.37,1159.0,0.645,344.26,Faixa 2 (R$ 15k),15000.0,0,0.7,212.0,320.0,532.0,0.3985,459.02,361.52,97.5,0.0,0,0,0.0,0.0,-0.3699591026236154
171180,1711803,Juarina (TO),17,0.426,360.0,0.656,333.48,Faixa 1 (R$ 20k),20000.0,0,0.8,0.0,2143.0,2143.0,0.0,5952.78,830.56,5122.22,0.0,0,0,0.0,0.0,-0.4989714337873691
171200,1712009,Lajeado (TO),17,0.344,719.0,0.697,520.1,Faixa 2 (R$ 15k),15000.0,0,0.7,65.0,430.0,495.0,0.1313,688.46,308.76,379.69,0.0,0,0,0.0,0.0,-0.5103236783382823
171250,1712504,Marianópolis do Tocantins (TO),17,0.288,824.0,0.659,402.24,Faixa 3 (R$ 10k),10000.0,0,0.35,147.0,615.0,762.0,0.1929,924.76,411.41,513.35,0.0,0,0,0.0,0.0,-0.47190648465965257
171320,1713205,Miracema do Tocantins (TO),17,0.274,6532.0,0.705,505.84,Faixa 3 (R$ 10k),10000.0,0,0.35,17124.0,2382.0,19506.0,0.8779,2986.22,278.48,2707.75,0.0,0,0,0.0,0.0,-0.08500264154682878
171330,1713304,Miranorte (TO),17,0.298,3636.0,0.676,368.09,Faixa 3 (R$ 10k),10000.0,0,0.35,13707.0,1744.0,15451.0,0.8871,4249.45,287.68,3961.77,0.0,0,0,0.0,0.0,-0.06366116227155935
171370,1713700,Monte Santo do Tocantins (TO),17,0.364,624.0,0.646,273.14,Faixa 2 (R$ 15k),15000.0,0,0.7,300.0,452.0,752.0,0.3989,1205.13,733.97,471.15,0.0,0,0,0.0,0.0,-0.3505155746654799
171420,1714203,Natividade (TO),17,0.36,2924.0,0.689,404.32,Faixa 2 (R$ 15k),15000.0,0,0.7,0.0,1584.0,1584.0,0.0,541.72,58.48,483.24,0.0,0,0,0.0,0.0,-0.5884435718525314
171488,1714880,Nova Olinda (TO),17,0.369,2760.0,0.692,352.52,Faixa 2 (R$ 15k),15000.0,0,0.7,22984.0,5186.0,28170.0,0.8159,10206.52,406.16,9800.36,0.0,0,0,0.0,0.0,-0.021943415810009876
172100,1721000,Palmas (TO),17,0.272,72604.0,0.788,805.51,Faixa 3 (R$ 10k),10000.0,0,0.35,208968.0,10551.0,219519.0,0.9519,3023.51,1452.59,1570.92,0.0,0,0,0.0,0.0,-0.014782229087874299
171570,1715705,Palmeirante (TO),17,0.461,805.0,0.679,312.46,Faixa 1 (R$ 20k),20000.0,0,0.8,0.0,1180.0,1180.0,0.0,1465.84,510.56,955.28,0.0,0,0,0.0,0.0,-0.5648634747446174
171380,1713809,Palmeiras do Tocantins (TO),17,0.408,1220.0,0.663,341.94,Faixa 1 (R$ 20k),20000.0,0,0.8,0.0,2511.0,2511.0,0.0,2058.2,398.36,1659.84,0.0,0,0,0.0,0.0,-0.560167534441249
171610,1716109,Paraíso do Tocantins (TO),17,0.233,13368.0,0.75,587.51,Faixa 3 (R$ 10k),10000.0,2,0.48,42323.0,1881.0,44204.0,0.9574,3306.7,774.99,2531.72,1.0,19200,3120,265200.0,188.16,0.7773956792783576
171630,1716307,Pau D'Arco (TO),17,0.424,1059.0,0.7,420.59,Faixa 1 (R$ 20k),20000.0,0,0.8,0.0,1603.0,1603.0,0.0,1513.69,599.62,914.07,0.0,0,0,0.0,0.0,-0.5619409120185257
171650,1716505,Pedro Afonso (TO),17,0.315,3537.0,0.741,567.34,Faixa 2 (R$ 15k),15000.0,0,0.7,633.0,2792.0,3425.0,0.1848,968.33,176.7,791.63,0.0,0,0,0.0,0.0,-0.48173345804280493
171660,1716604,Peixe (TO),17,0.27,2146.0,0.733,554.48,Faixa 3 (R$ 10k),10000.0,0,0.35,14163.0,1218.0,15381.0,0.9208,7167.29,408.67,6758.62,0.0,0,0,0.0,0.0,-0.0051673068881295525
171665,1716653,Pequizeiro (TO),17,0.353,833.0,0.686,324.83,Faixa 2 (R$ 15k),15000.0,0,0.7,4479.0,695.0,5174.0,0.8657,6211.28,343.34,5867.95,0.0,0,0,0.0,0.0,-0.0484029302991857
171700,1717008,Pindorama do Tocantins (TO),17,0.299,1047.0,0.682,365.91,Faixa 3 (R$ 10k),10000.0,0,0.35,21462.0,305.0,21767.0,0.986,20789.88,461.32,20328.56,0.0,0,0,0.0,0.0,0.20570370786787473
171750,1717503,Pium (TO),17,0.363,1359.0,0.673,417.82,Faixa 2 (R$ 15k),15000.0,0,0.7,2464.0,2925.0,5389.0,0.4572,3965.42,323.77,3641.65,0.0,0,0,0.0,0.0,-0.2947438126859626
171790,1717909,Ponte Alta do Tocantins (TO),17,0.344,1822.0,0.657,319.35,Faixa 2 (R$ 15k),15000.0,0,0.7,0.0,1922.0,1922.0,0.0,1054.88,63.12,991.77,0.0,0,0,0.0,0.0,-0.5817358976108189
171820,1718204,Porto Nacional (TO),17,0.251,15757.0,0.753,553.51,Faixa 3 (R$ 10k),10000.0,1,0.48,46307.0,3387.0,49694.0,0.9318,3153.77,742.27,2411.5,1.0,9600,1560,132600.0,94.08,0.7609851521368011
171830,1718303,Praia Norte (TO),17,0.531,1744.0,0.656,270.91,Faixa 1 (R$ 20k),20000.0,0,0.8,1759.0,931.0,2690.0,0.6539,1542.43,384.75,1157.68,0.0,0,0,0.0,0.0,-0.21977556253290195
171845,1718451,Pugmil (TO),17,0.356,674.0,0.674,360.39,Faixa 2 (R$ 15k),15000.0,0,0.7,0.0,420.0,420.0,0.0,623.15,513.35,109.79,0.0,0,0,0.0,0.0,-0.5756086910333721
171880,1718808,Sampaio (TO),17,0.504,1389.0,0.647,229.15,Faixa 1 (R$ 20k),20000.0,0,0.8,0.0,780.0,780.0,0.0,561.56,221.02,340.53,0.0,0,0,0.0,0.0,-0.5839761289302066
171884,1718840,Sandolândia (TO),17,0.406,536.0,0.667,332.21,Faixa 1 (R$ 20k),20000.0,0,0.8,0.0,497.0,497.0,0.0,927.24,679.1,248.13,0.0,0,0,0.0,0.0,-0.5674091146581549
171886,1718865,Santa Fé do Araguaia (TO),17,0.355,1632.0,0.629,333.48,Faixa 2 (R$ 15k),15000.0,0,0.7,513.0,4027.0,4540.0,0.113,2781.86,771.45,2010.42,0.0,0,0,0.0,0.0,-0.4811799575423811
171888,1718881,Santa Maria do Tocantins (TO),17,0.29,601.0,0.683,358.42,Faixa 3 (R$ 10k),10000.0,0,0.35,0.0,414.0,414.0,0.0,688.85,178.04,510.82,0.0,0,0,0.0,0.0,-0.5834559809847233
171889,1718899,Santa Rita do Tocantins (TO),17,0.223,356.0,0.701,343.57,Faixa 3 (R$ 10k),10000.0,0,0.35,302.0,108.0,410.0,0.7366,1151.69,188.2,963.48,0.0,0,0,0.0,0.0,-0.1859538164546352
171900,1719004,Santa Tereza do Tocantins (TO),17,0.284,601.0,0.697,379.9,Faixa 3 (R$ 10k),10000.0,0,0.35,499.0,342.0,841.0,0.5933,1399.33,148.09,1251.25,0.0,0,0,0.0,0.0,-0.2599383749369584
172000,1720002,Santa Terezinha do Tocantins (TO),17,0.373,561.0,0.683,310.99,Faixa 2 (R$ 15k),15000.0,0,0.7,0.0,1133.0,1133.0,0.0,2019.61,816.4,1203.21,0.0,0,0,0.0,0.0,-0.5498278477344523
172010,1720101,São Bento do Tocantins (TO),17,0.411,1009.0,0.659,371.65,Faixa 1 (R$ 20k),20000.0,0,0.8,475.0,698.0,1173.0,0.4049,1162.54,720.52,442.02,0.0,0,0,0.0,0.0,-0.3482235065723117
172020,1720200,São Miguel do Tocantins (TO),17,0.353,1018.0,0.656,493.64,Faixa 2 (R$ 15k),15000.0,0,0.7,3108.0,1047.0,4155.0,0.748,4081.53,931.24,3150.29,0.0,0,0,0.0,0.0,-0.12302934865262746
172030,1720309,São Sebastião do Tocantins (TO),17,0.53,1247.0,0.587,222.35,Faixa 1 (R$ 20k),20000.0,0,0.8,0.0,1175.0,1175.0,0.0,942.26,264.64,677.63,0.0,0,0,0.0,0.0,-0.5779584410758964
172090,1720903,Taguatinga (TO),17,0.357,4243.0,0.669,423.75,Faixa 2 (R$ 15k),15000.0,0,0.7,7509.0,557.0,8066.0,0.9309,1901.01,338.2,1562.81,0.0,0,0,0.0,0.0,-0.06923076546038728
172125,1721257,Tupirama (TO),17,0.236,323.0,0.738,455.59,Faixa 3 (R$ 10k),10000.0,0,0.35,0.0,799.0,799.0,0.0,2473.68,708.98,1764.71,0.0,0,0,0.0,0.0,-0.5467831525517786
172208,1722081,Wanderlândia (TO),17,0.297,2300.0,0.695,387.68,Faixa 3 (R$ 10k),10000.0,0,0.35,95.0,7598.0,7693.0,0.0123,3344.78,519.57,2825.22,0.0,0,0,0.0,0.0,-0.5339762390168057
172210,1722107,Xambioá (TO),17,0.424,3581.0,0.668,328.03,Faixa 1 (R$ 20k),20000.0,0,0.8,929.0,3146.0,4075.0,0.228,1137.95,413.29,724.66,0.0,0,0,0.0,0.0,-0.4504752095216478
320010,3200102,Afonso Cláudio (ES),32,0.292,4001.0,0.687,432.84,Faixa 3 (R$ 10k),10000.0,0,0.35,0.0,196.0,196.0,0.0,48.99,14.25,34.74,0.0,0,0,0.0,0.0,-0.5959150441478862
320020,3200201,Alegre (ES),32,0.275,5389.0,0.72,574.67,Faixa 3 (R$ 10k),10000.0,0,0.35,0.0,238.0,238.0,0.0,44.16,15.96,28.21,0.0,0,0,0.0,0.0,-0.5959326574004585
320030,3200300,Alfredo Chaves (ES),32,0.28,2077.0,0.698,496.26,Faixa 3 (R$ 10k),10000.0,0,0.35,0.0,74.0,74.0,0.0,35.63,1.44,34.18,0.0,0,0,0.0,0.0,-0.5964186304338718
320035,3200359,Alto Rio Novo (ES),32,0.303,1349.0,0.667,391.57,Faixa 2 (R$ 15k),15000.0,0,0.7,0.0,48.0,48.0,0.0,35.58,9.64,25.95,0.0,0,0,0.0,0.0,-0.59620660361685
320040,3200409,Anchieta (ES),32,0.242,5152.0,0.718,521.96,Faixa 3 (R$ 10k),10000.0,0,0.35,0.0,253.0,253.0,0.0,49.11,11.26,37.85,0.0,0,0,0.0,0.0,-0.5959910006875175
320050,3200508,Apiacá (ES),32,0.283,1200.0,0.67,431.6,Faixa 3 (R$ 10k),10000.0,0,0.35,0.0,50.0,50.0,0.0,41.67,29.17,12.5,0.0,0,0,0.0,0.0,-0.5956223024580222
320060,3200607,Aracruz (ES),32,0.245,22611.0,0.739,554.57,Faixa 3 (R$ 10k),10000.0,0,0.35,0.0,863.0,863.0,0.0,38.17,7.61,30.56,0.0,0,0,0.0,0.0,-0.5962260388354078
320070,3200706,Atilio Vivacqua (ES),32,0.275,1612.0,0.712,417.8,Faixa 3 (R$ 10k),10000.0,0,0.35,0.0,81.0,81.0,0.0,50.25,29.78,20.47,0.0,0,0,0.0,0.0,-0.5954963521051877
320080,3200805,Baixo Guandu (ES),32,0.349,6796.0,0.714,463.77,Faixa 2 (R$ 15k),15000.0,0,0.7,0.0,452.0,452.0,0.0,66.51,11.62,54.89,0.0,0,0,0.0,0.0,-0.5957583092394977
320090,3200904,Barra de São Francisco (ES),32,0.325,9155.0,0.699,508.89,Faixa 2 (R$ 15k),15000.0,0,0.7,0.0,745.0,745.0,0.0,81.38,17.48,63.9,0.0,0,0,0.0,0.0,-0.5954155420188931
320100,3201001,Boa Esperança (ES),32,0.306,3382.0,0.68,401.33,Faixa 2 (R$ 15k),15000.0,0,0.7,0.0,94.0,94.0,0.0,27.79,13.31,14.49,0.0,0,0,0.0,0.0,-0.5962114807790725
320110,3201100,Bom Jesus do Norte (ES),32,0.253,2084.0,0.685,426.48,Faixa 3 (R$ 10k),10000.0,0,0.35,0.0,117.0,117.0,0.0,56.14,19.67,36.47,0.0,0,0,0.0,0.0,-0.5956827814312355
320115,3201159,Brejetuba (ES),32,0.255,797.0,0.726,463.59,Faixa 3 (R$ 10k),10000.0,0,0.35,0.0,65.0,65.0,0.0,81.56,42.66,38.9,0.0,0,0,0.0,0.0,-0.5947605981431539
320120,3201209,Cachoeiro de Itapemirim (ES),32,0.254,43966.0,0.719,522.81,Faixa 3 (R$ 10k),10000.0,0,0.35,0.0,1581.0,1581.0,0.0,35.96,14.35,21.61,0.0,0,0,0.0,0.0,-0.5960797160728435
320140,3201407,Castelo (ES),32,0.215,3810.0,0.685,512.94,Faixa 3 (R$ 10k),10000.0,0,0.35,0.0,155.0,155.0,0.0,40.68,12.07,28.61,0.0,0,0,0.0,0.0,-0.5960782209414598
320150,3201506,Colatina (ES),32,0.227,27722.0,0.731,589.17,Faixa 3 (R$ 10k),10000.0,0,0.35,0.0,1108.0,1108.0,0.0,39.97,11.18,28.79,0.0,0,0,0.0,0.0,-0.5961104027418879
320160,3201605,Conceição da Barra (ES),32,0.376,8623.0,0.682,398.61,Faixa 2 (R$ 15k),15000.0,0,0.7,0.0,180.0,180.0,0.0,20.87,3.25,17.63,0.0,0,0,0.0,0.0,-0.5965610538648974
320170,3201704,Conceição do Castelo (ES),32,0.194,1436.0,0.716,546.53,Faixa 3 (R$ 10k),10000.0,0,0.35,0.0,50.0,50.0,0.0,34.82,9.05,25.77,0.0,0,0,0.0,0.0,-0.5962317192407737
320180,3201803,Divino de São Lourenço (ES),32,0.366,732.0,0.573,271.53,Faixa 2 (R$ 15k),15000.0,0,0.7,0.0,28.0,28.0,0.0,38.25,12.3,25.96,0.0,0,0,0.0,0.0,-0.5961033855185963
320190,3201902,Domingos Martins (ES),32,0.25,4186.0,0.642,414.17,Faixa 3 (R$ 10k),10000.0,0,0.35,0.0,198.0,198.0,0.0,47.3,9.56,37.74,0.0,0,0,0.0,0.0,-0.596058297151915
320200,3202009,Dores do Rio Preto (ES),32,0.322,631.0,0.6,324.4,Faixa 2 (R$ 15k),15000.0,0,0.7,0.0,2247.0,2247.0,0.0,3561.01,87.16,3473.85,0.0,0,0,0.0,0.0,-0.548942133458409
320210,3202108,Ecoporanga (ES),32,0.29,5772.0,0.673,371.16,Faixa 3 (R$ 10k),10000.0,0,0.35,0.0,176.0,176.0,0.0,30.49,6.93,23.56,0.0,0,0,0.0,0.0,-0.596342250358102
320225,3202256,Governador Lindenberg (ES),32,0.24,1059.0,0.701,452.93,Faixa 3 (R$ 10k),10000.0,0,0.35,0.0,68.0,68.0,0.0,64.21,31.16,33.05,0.0,0,0,0.0,0.0,-0.5952813822369205
320230,3202306,Guaçuí (ES),32,0.31,4817.0,0.654,388.58,Faixa 2 (R$ 15k),15000.0,0,0.7,0.0,139.0,139.0,0.0,28.86,5.81,23.04,0.0,0,0,0.0,0.0,-0.596392270936588
320245,3202454,Ibatiba (ES),32,0.344,2724.0,0.645,478.22,Faixa 2 (R$ 15k),15000.0,0,0.7,0.0,212.0,212.0,0.0,77.83,16.89,60.94,0.0,0,0,0.0,0.0,-0.5954764047805206
320250,3202504,Ibiraçu (ES),32,0.242,2571.0,0.711,470.1,Faixa 3 (R$ 10k),10000.0,0,0.35,0.0,90.0,90.0,0.0,35.01,14.0,21.0,0.0,0,0,0.0,0.0,-0.5961010502013938
320255,3202553,Ibitirama (ES),32,0.472,1819.0,0.582,255.47,Faixa 1 (R$ 20k),20000.0,0,0.8,0.0,52.0,52.0,0.0,28.59,9.35,19.24,0.0,0,0,0.0,0.0,-0.5963039170300654
320260,3202603,Iconha (ES),32,0.197,1206.0,0.755,602.61,Faixa 3 (R$ 10k),10000.0,0,0.35,0.0,80.0,80.0,0.0,66.33,16.58,49.75,0.0,0,0,0.0,0.0,-0.5956320630403503
320265,3202652,Irupi (ES),32,0.327,2157.0,0.611,417.02,Faixa 2 (R$ 15k),15000.0,0,0.7,0.0,322.0,322.0,0.0,149.28,19.94,129.35,0.0,0,0,0.0,0.0,-0.5944800941385895
320270,3202702,Itaguaçu (ES),32,0.339,1991.0,0.705,462.21,Faixa 2 (R$ 15k),15000.0,0,0.7,0.0,39.0,39.0,0.0,19.59,5.52,14.06,0.0,0,0,0.0,0.0,-0.5965187847080597
320280,3202801,Itapemirim (ES),32,0.293,4613.0,0.671,394.8,Faixa 3 (R$ 10k),10000.0,0,0.35,0.0,374.0,374.0,0.0,81.08,17.13,63.95,0.0,0,0,0.0,0.0,-0.5954284646159325
320290,3202900,Itarana (ES),32,0.28,901.0,0.729,551.47,Faixa 3 (R$ 10k),10000.0,0,0.35,0.0,79.0,79.0,0.0,87.68,31.08,56.6,0.0,0,0,0.0,0.0,-0.5949821755113225
320300,3203007,Iúna (ES),32,0.325,3281.0,0.634,456.84,Faixa 2 (R$ 15k),15000.0,0,0.7,0.0,1645.0,1645.0,0.0,501.37,28.35,473.03,0.0,0,0,0.0,0.0,-0.5897424009290468
320305,3203056,Jaguaré (ES),32,0.416,4769.0,0.66,383.75,Faixa 1 (R$ 20k),20000.0,0,0.8,0.0,263.0,263.0,0.0,55.15,33.55,21.6,0.0,0,0,0.0,0.0,-0.5953357381190528
320310,3203106,Jerônimo Monteiro (ES),32,0.338,2127.0,0.675,429.41,Faixa 2 (R$ 15k),15000.0,0,0.7,0.0,55.0,55.0,0.0,25.86,5.64,20.22,0.0,0,0,0.0,0.0,-0.5964351199885826
320313,3203130,João Neiva (ES),32,0.23,3488.0,0.735,661.47,Faixa 3 (R$ 10k),10000.0,0,0.35,0.0,243.0,243.0,0.0,69.67,11.47,58.2,0.0,0,0,0.0,0.0,-0.5957216326878418
320316,3203163,Laranja da Terra (ES),32,0.241,797.0,0.695,408.43,Faixa 3 (R$ 10k),10000.0,0,0.35,0.0,64.0,64.0,0.0,80.3,41.41,38.9,0.0,0,0,0.0,0.0,-0.5948091033364635
320320,3203205,Linhares (ES),32,0.267,37957.0,0.709,555.07,Faixa 3 (R$ 10k),10000.0,0,0.35,0.0,1126.0,1126.0,0.0,29.67,5.77,23.9,0.0,0,0,0.0,0.0,-0.596382842262092
320330,3203304,Mantenópolis (ES),32,0.376,2986.0,0.665,443.07,Faixa 2 (R$ 15k),15000.0,0,0.7,0.0,288.0,288.0,0.0,96.45,9.38,87.07,0.0,0,0,0.0,0.0,-0.5954320326974164
320332,3203320,Marataízes (ES),32,0.297,5614.0,0.695,546.41,Faixa 3 (R$ 10k),10000.0,0,0.35,0.0,262.0,262.0,0.0,46.67,17.81,28.86,0.0,0,0,0.0,0.0,-0.5958525549499958
320334,3203346,Marechal Floriano (ES),32,0.209,1484.0,0.745,707.68,Faixa 3 (R$ 10k),10000.0,0,0.35,0.0,43.0,43.0,0.0,28.98,6.06,22.91,0.0,0,0,0.0,0.0,-0.5963842508391048
320335,3203353,Marilândia (ES),32,0.215,1076.0,0.69,447.17,Faixa 3 (R$ 10k),10000.0,0,0.35,0.0,113.0,113.0,0.0,105.02,37.17,67.84,0.0,0,0,0.0,0.0,-0.5946018076317104
320340,3203403,Mimoso do Sul (ES),32,0.292,3973.0,0.692,477.67,Faixa 3 (R$ 10k),10000.0,0,0.35,0.0,131.0,131.0,0.0,32.97,19.88,13.09,0.0,0,0,0.0,0.0,-0.595974767677129
320350,3203502,Montanha (ES),32,0.364,4892.0,0.672,454.36,Faixa 2 (R$ 15k),15000.0,0,0.7,0.0,147.0,147.0,0.0,30.05,13.08,16.97,0.0,0,0,0.0,0.0,-0.5961884984617518
320360,3203601,Mucurici (ES),32,0.352,1387.0,0.64,347.73,Faixa 2 (R$ 15k),15000.0,0,0.7,0.0,29.0,29.0,0.0,20.91,10.09,10.81,0.0,0,0,0.0,0.0,-0.5963833915741551
320370,3203700,Muniz Freire (ES),32,0.433,1851.0,0.645,458.9,Faixa 1 (R$ 20k),20000.0,0,0.8,0.0,82.0,82.0,0.0,44.3,10.8,33.5,0.0,0,0,0.0,0.0,-0.5960646684124564
320380,3203809,Muqui (ES),32,0.289,2283.0,0.694,432.24,Faixa 3 (R$ 10k),10000.0,0,0.35,0.0,24.0,24.0,0.0,10.51,1.75,8.76,0.0,0,0,0.0,0.0,-0.5967329890150983
320390,3203908,Nova Venécia (ES),32,0.245,8491.0,0.71,499.85,Faixa 3 (R$ 10k),10000.0,0,0.35,0.0,531.0,531.0,0.0,62.54,19.31,43.22,0.0,0,0,0.0,0.0,-0.5956100241019584
320400,3204005,Pancas (ES),32,0.316,3059.0,0.71,487.43,Faixa 2 (R$ 15k),15000.0,0,0.7,0.0,110.0,110.0,0.0,35.96,3.6,32.36,0.0,0,0,0.0,0.0,-0.5963583422608008
320405,3204054,Pedro Canário (ES),32,0.413,8172.0,0.655,403.2,Faixa 1 (R$ 20k),20000.0,0,0.8,0.0,140.0,140.0,0.0,17.13,2.08,15.05,0.0,0,0,0.0,0.0,-0.5966394560745026
320420,3204203,Piúma (ES),32,0.313,4400.0,0.727,557.29,Faixa 2 (R$ 15k),15000.0,0,0.7,0.0,233.0,233.0,0.0,52.95,10.68,42.27,0.0,0,0,0.0,0.0,-0.5959567401441165
320425,3204252,Ponto Belo (ES),32,0.321,2156.0,0.695,427.07,Faixa 2 (R$ 15k),15000.0,0,0.7,0.0,66.0,66.0,0.0,30.61,2.32,28.29,0.0,0,0,0.0,0.0,-0.5964601952162907
320430,3204302,Presidente Kennedy (ES),32,0.343,3204.0,0.67,407.15,Faixa 2 (R$ 15k),15000.0,0,0.7,0.0,450.0,450.0,0.0,140.45,20.91,119.54,0.0,0,0,0.0,0.0,-0.5945683697240056
320435,3204351,Rio Bananal (ES),32,0.271,1343.0,0.703,496.93,Faixa 3 (R$ 10k),10000.0,0,0.35,0.0,233.0,233.0,0.0,173.49,43.19,130.31,0.0,0,0,0.0,0.0,-0.5935667045397262
320440,3204401,Rio Novo do Sul (ES),32,0.274,1276.0,0.739,545.45,Faixa 3 (R$ 10k),10000.0,0,0.35,0.0,50.0,50.0,0.0,39.18,7.84,31.35,0.0,0,0,0.0,0.0,-0.5962070447433299
320450,3204500,Santa Leopoldina (ES),32,0.362,2211.0,0.644,390.28,Faixa 2 (R$ 15k),15000.0,0,0.7,0.0,25.0,25.0,0.0,11.31,0.9,10.4,0.0,0,0,0.0,0.0,-0.5967448180619475
320455,3204559,Santa Maria de Jetibá (ES),32,0.215,1375.0,0.744,693.82,Faixa 3 (R$ 10k),10000.0,0,0.35,0.0,94.0,94.0,0.0,68.36,26.18,42.18,0.0,0,0,0.0,0.0,-0.5953571846252599
320460,3204609,Santa Teresa (ES),32,0.23,1915.0,0.705,636.59,Faixa 3 (R$ 10k),10000.0,0,0.35,0.0,83.0,83.0,0.0,43.34,10.44,32.9,0.0,0,0,0.0,0.0,-0.5960863224994618
320501,3205010,Sooretama (ES),32,0.339,6111.0,0.667,402.03,Faixa 2 (R$ 15k),15000.0,0,0.7,0.0,158.0,158.0,0.0,25.86,5.4,20.45,0.0,0,0,0.0,0.0,-0.5964414080771416
320465,3204658,São Domingos do Norte (ES),32,0.273,920.0,0.695,535.83,Faixa 3 (R$ 10k),10000.0,0,0.35,0.0,48.0,48.0,0.0,52.17,3.26,48.91,0.0,0,0,0.0,0.0,-0.5961590697321029
320470,3204708,São Gabriel da Palha (ES),32,0.239,6738.0,0.697,677.15,Faixa 3 (R$ 10k),10000.0,0,0.35,0.0,220.0,220.0,0.0,32.65,8.16,24.49,0.0,0,0,0.0,0.0,-0.5962826428019732
320480,3204807,São José do Calçado (ES),32,0.32,2015.0,0.664,358.97,Faixa 2 (R$ 15k),15000.0,0,0.7,0.0,38.0,38.0,0.0,18.86,5.96,12.9,0.0,0,0,0.0,0.0,-0.5965166837568546
320490,3204906,São Mateus (ES),32,0.254,30574.0,0.733,596.11,Faixa 3 (R$ 10k),10000.0,0,0.35,0.0,1311.0,1311.0,0.0,42.88,12.72,30.16,0.0,0,0,0.0,0.0,-0.596033132767225
320495,3204955,São Roque do Canaã (ES),32,0.291,1783.0,0.667,381.68,Faixa 3 (R$ 10k),10000.0,0,0.35,0.0,57.0,57.0,0.0,31.97,7.29,24.68,0.0,0,0,0.0,0.0,-0.5963139211234246
320503,3205036,Vargem Alta (ES),32,0.278,1536.0,0.688,430.58,Faixa 3 (R$ 10k),10000.0,0,0.35,0.0,60.0,60.0,0.0,39.06,1.95,37.11,0.0,0,0,0.0,0.0,-0.5963613139912297
320506,3205069,Venda Nova do Imigrante (ES),32,0.219,2691.0,0.717,584.21,Faixa 3 (R$ 10k),10000.0,0,0.35,0.0,185.0,185.0,0.0,68.75,10.41,58.34,0.0,0,0,0.0,0.0,-0.5957609164025606
320515,3205150,Vila Pavão (ES),32,0.322,1805.0,0.659,364.56,Faixa 2 (R$ 15k),15000.0,0,0.7,0.0,61.0,61.0,0.0,33.8,19.94,13.85,0.0,0,0,0.0,0.0,-0.5959626255885102
320517,3205176,Vila Valério (ES),32,0.244,1407.0,0.691,511.79,Faixa 3 (R$ 10k),10000.0,0,0.35,0.0,167.0,167.0,0.0,118.69,10.66,108.03,0.0,0,0,0.0,0.0,-0.5951133658108112
320016,3200169,Água Doce do Norte (ES),32,0.311,2296.0,0.654,374.61,Faixa 2 (R$ 15k),15000.0,0,0.7,0.0,241.0,241.0,0.0,104.97,20.47,84.49,0.0,0,0,0.0,0.0,-0.5950352920159852
320013,3200136,Águia Branca (ES),32,0.297,2851.0,0.67,372.63,Faixa 3 (R$ 10k),10000.0,0,0.35,0.0,52.0,52.0,0.0,18.24,4.56,13.68,0.0,0,0,0.0,0.0,-0.5965609287879936
320130,3201308,Cariacica (ES),32,0.402,113084.0,0.707,531.85,Faixa 1 (R$ 20k),20000.0,0,0.8,0.0,2636.0,2636.0,0.0,23.31,6.99,16.32,0.0,0,0,0.0,0.0,-0.5964328636203557
320220,3202207,Fundão (ES),32,0.34,4500.0,0.69,536.33,Faixa 2 (R$ 15k),15000.0,0,0.7,0.0,75.0,75.0,0.0,16.67,4.89,11.78,0.0,0,0,0.0,0.0,-0.5965725294232316
320240,3202405,Guarapari (ES),32,0.263,29355.0,0.708,639.26,Faixa 3 (R$ 10k),10000.0,0,0.35,0.0,1166.0,1166.0,0.0,39.72,9.06,30.66,0.0,0,0,0.0,0.0,-0.5961685596236361
320500,3205002,Serra (ES),32,0.367,138366.0,0.726,578.83,Faixa 2 (R$ 15k),15000.0,0,0.7,0.0,4672.0,4672.0,0.0,33.77,10.41,23.35,0.0,0,0,0.0,0.0,-0.5962100160486472
320510,3205101,Viana (ES),32,0.405,20783.0,0.689,469.9,Faixa 1 (R$ 20k),20000.0,0,0.8,0.0,246.0,246.0,0.0,11.84,2.98,8.85,0.0,0,0,0.0,0.0,-0.5966841036185206
320520,3205200,Vila Velha (ES),32,0.288,116606.0,0.773,844.36,Faixa 3 (R$ 10k),10000.0,0,0.35,0.0,4032.0,4032.0,0.0,34.58,10.79,23.79,0.0,0,0,0.0,0.0,-0.5961897015137844
320530,3205309,Vitória (ES),32,0.221,86537.0,0.804,1057.66,Faixa 3 (R$ 10k),10000.0,1,0.48,3120.0,1965.0,5085.0,0.6136,58.76,36.05,29.93,0.0,0,2028,172380.0,349.44,-0.26921843815208
310010,3100104,Abadia dos Dourados (MG),31,0.28,704.0,0.644,442.41,Faixa 3 (R$ 10k),10000.0,0,0.35,5162.0,5214.0,10376.0,0.4975,14738.64,3964.49,10774.15,0.0,0,0,0.0,0.0,-0.04067889945829822
310020,3100203,Abaeté (MG),31,0.271,4289.0,0.662,622.4,Faixa 3 (R$ 10k),10000.0,0,0.35,60149.0,15899.0,76048.0,0.7909,17730.94,1257.64,16473.3,0.0,0,0,0.0,0.0,0.08343496414386872
310030,3100302,Abre Campo (MG),31,0.323,2080.0,0.682,429.81,Faixa 2 (R$ 15k),15000.0,0,0.7,839.0,3804.0,4643.0,0.1807,2232.21,602.4,1629.81,0.0,0,0,0.0,0.0,-0.45665366495994564
310080,3100807,Aguanil (MG),31,0.325,734.0,0.596,456.87,Faixa 2 (R$ 15k),15000.0,0,0.7,1.0,15647.0,15648.0,0.0001,21318.8,2697.55,18621.25,0.0,0,0,0.0,0.0,-0.2532774592046472
310110,3101102,Aimorés (MG),31,0.32,6073.0,0.699,560.02,Faixa 2 (R$ 15k),15000.0,0,0.7,5568.0,2256.0,7824.0,0.7117,1288.33,192.33,1096.0,0.0,0,0,0.0,0.0,-0.19732009019999222
310120,3101201,Aiuruoca (MG),31,0.307,841.0,0.615,342.45,Faixa 2 (R$ 15k),15000.0,0,0.7,4828.0,1837.0,6665.0,0.7244,7925.09,1284.19,6640.9,0.0,0,0,0.0,0.0,-0.07707906228986691
310130,3101300,Alagoa (MG),31,0.279,358.0,0.595,301.64,Faixa 3 (R$ 10k),10000.0,0,0.35,0.0,1371.0,1371.0,0.0,3829.61,818.44,3011.17,0.0,0,0,0.0,0.0,-0.5265403249280378
310140,3101409,Albertina (MG),31,0.207,997.0,0.711,621.64,Faixa 3 (R$ 10k),10000.0,0,0.35,0.0,2871.0,2871.0,0.0,2879.64,814.44,2065.2,0.0,0,0,0.0,0.0,-0.5388385960078207
310160,3101607,Alfenas (MG),31,0.317,11189.0,0.722,519.11,Faixa 2 (R$ 15k),15000.0,0,0.7,108417.0,4639.0,113056.0,0.959,10104.21,3116.01,6988.2,0.0,0,0,0.0,0.0,0.12299683963091972
310163,3101631,Alfredo Vasconcelos (MG),31,0.298,873.0,0.678,381.92,Faixa 3 (R$ 10k),10000.0,0,0.35,809.0,15572.0,16381.0,0.0494,18764.03,3450.17,15313.86,0.0,0,0,0.0,0.0,-0.24037643719625654
310170,3101706,Almenara (MG),31,0.353,11667.0,0.648,370.72,Faixa 2 (R$ 15k),15000.0,0,0.7,12599.0,11470.0,24069.0,0.5235,2063.0,567.16,1495.84,0.0,0,0,0.0,0.0,-0.2776365156730103
310180,3101805,Alpercata (MG),31,0.343,1990.0,0.68,431.43,Faixa 2 (R$ 15k),15000.0,0,0.7,21.0,20441.0,20462.0,0.001,10282.41,1680.4,8602.01,0.0,0,0,0.0,0.0,-0.42083476008218684
310190,3101904,Alpinópolis (MG),31,0.259,2011.0,0.702,448.11,Faixa 3 (R$ 10k),10000.0,0,0.35,3362.0,5052.0,8414.0,0.3996,4183.99,2392.34,1791.65,0.0,0,0,0.0,0.0,-0.2689217356257275
310200,3102001,Alterosa (MG),31,0.344,1444.0,0.635,379.81,Faixa 2 (R$ 15k),15000.0,0,0.7,1720.0,8591.0,10311.0,0.1668,7140.58,2385.04,4755.54,0.0,0,0,0.0,0.0,-0.3548260277152114
310205,3102050,Alto Caparaó (MG),31,0.305,725.0,0.639,427.72,Faixa 2 (R$ 15k),15000.0,0,0.7,0.0,2574.0,2574.0,0.0,3550.34,1157.24,2393.1,0.0,0,0,0.0,0.0,-0.5213440036367599
315350,3153509,Alto Jequitibá (MG),31,0.388,719.0,0.666,423.06,Faixa 2 (R$ 15k),15000.0,0,0.7,0.0,5119.0,5119.0,0.0,7119.61,1713.49,5406.12,0.0,0,0,0.0,0.0,-0.46110863307737837
310210,3102100,Alto Rio Doce (MG),31,0.373,1107.0,0.631,311.2,Faixa 2 (R$ 15k),15000.0,0,0.7,787.0,9980.0,10767.0,0.0731,9726.29,2140.02,7586.27,0.0,0,0,0.0,0.0,-0.3777597619975452
310220,3102209,Alvarenga (MG),31,0.328,609.0,0.619,328.96,Faixa 2 (R$ 15k),15000.0,0,0.7,0.0,5302.0,5302.0,0.0,8706.08,2331.69,6374.38,0.0,0,0,0.0,0.0,-0.4247205172570099
310230,3102308,Alvinópolis (MG),31,0.334,3755.0,0.675,415.64,Faixa 2 (R$ 15k),15000.0,0,0.7,901.0,8142.0,9043.0,0.0996,2408.26,737.68,1670.57,0.0,0,0,0.0,0.0,-0.4939695693252972
310150,3101508,Além Paraíba (MG),31,0.322,8533.0,0.685,469.45,Faixa 2 (R$ 15k),15000.0,1,0.88,50508.0,6755.0,57263.0,0.882,6710.77,851.05,5859.72,1.0,12720,2067,175695.0,174.72,0.7830103493028066
310250,3102506,Amparo do Serra (MG),31,0.415,825.0,0.641,343.51,Faixa 1 (R$ 20k),20000.0,0,0.8,0.0,6717.0,6717.0,0.0,8141.82,2036.36,6105.45,0.0,0,0,0.0,0.0,-0.4396183968383157
310260,3102605,Andradas (MG),31,0.381,2638.0,0.687,508.49,Faixa 2 (R$ 15k),15000.0,0,0.7,36616.0,10720.0,47336.0,0.7735,17943.9,1824.11,16119.79,0.0,0,0,0.0,0.0,0.09160761872698187
310280,3102803,Andrelândia (MG),31,0.307,1746.0,0.674,393.96,Faixa 2 (R$ 15k),15000.0,0,0.7,3771.0,3647.0,7418.0,0.5084,4248.57,1124.28,3124.28,0.0,0,0,0.0,0.0,-0.243162415479571
310285,3102852,Angelândia (MG),31,0.429,1475.0,0.613,359.55,Faixa 1 (R$ 20k),20000.0,0,0.8,102.0,4046.0,4148.0,0.0246,2812.2,585.76,2226.44,0.0,0,0,0.0,0.0,-0.5325633604153392
310290,3102902,Antônio Carlos (MG),31,0.304,1816.0,0.689,388.58,Faixa 2 (R$ 15k),15000.0,0,0.7,20777.0,23690.0,44467.0,0.4672,24486.23,1931.17,22555.07,0.0,0,0,0.0,0.0,0.0156522045498124
310300,3103009,Antônio Dias (MG),31,0.486,1541.0,0.659,357.92,Faixa 1 (R$ 20k),20000.0,0,0.8,5422.0,9999.0,15421.0,0.3516,10007.14,1514.6,8492.54,0.0,0,0,0.0,0.0,-0.24241950590697509
310310,3103108,Antônio Prado de Minas (MG),31,0.225,371.0,0.619,348.94,Faixa 3 (R$ 10k),10000.0,0,0.35,0.0,2069.0,2069.0,0.0,5576.82,994.61,4582.21,0.0,0,0,0.0,0.0,-0.4995456003324108
310330,3103306,Aracitaba (MG),31,0.349,417.0,0.642,270.58,Faixa 2 (R$ 15k),15000.0,0,0.7,0.0,1675.0,1675.0,0.0,4016.79,1177.46,2839.33,0.0,0,0,0.0,0.0,-0.5148321913862526
310350,3103504,Araguari (MG),31,0.226,20763.0,0.751,625.25,Faixa 3 (R$ 10k),10000.0,3,0.48,207870.0,22851.0,230721.0,0.901,11112.12,2706.16,8405.96,1.0,31680,4758,404430.0,537.6,0.8976849691508729
310360,3103603,Arantina (MG),31,0.229,1322.0,0.715,398.92,Faixa 3 (R$ 10k),10000.0,0,0.35,0.0,1113.0,1113.0,0.0,841.91,360.06,481.85,0.0,0,0,0.0,0.0,-0.5767735200048317
310370,3103702,Araponga (MG),31,0.43,1017.0,0.588,304.41,Faixa 1 (R$ 20k),20000.0,0,0.8,284.0,8997.0,9281.0,0.0306,9125.86,2649.95,6475.91,0.0,0,0,0.0,0.0,-0.3948275478833269
310375,3103751,Araporã (MG),31,0.226,1636.0,0.708,475.79,Faixa 3 (R$ 10k),10000.0,0,0.35,1778.0,4984.0,6762.0,0.2629,4133.25,1789.12,2344.13,0.0,0,0,0.0,0.0,-0.3578257078450255
310380,3103801,Arapuá (MG),31,0.138,1046.0,0.751,598.98,Faixa 3 (R$ 10k),10000.0,0,0.35,0.0,4072.0,4072.0,0.0,3892.93,693.12,3199.81,0.0,0,0,0.0,0.0,-0.5289756307144524
310400,3104007,Araxá (MG),31,0.264,16656.0,0.745,648.82,Faixa 3 (R$ 10k),10000.0,0,0.35,334498.0,20672.0,355170.0,0.9418,21323.85,1693.56,19630.28,0.0,0,0,0.0,0.0,0.22101621679420988
310340,3103405,Araçuaí (MG),31,0.312,9093.0,0.712,477.24,Faixa 2 (R$ 15k),15000.0,3,0.88,38401.0,1461.0,39862.0,0.9633,4383.81,964.92,3419.33,1.0,32400,5265,447525.0,430.08,0.7992822026994166
310390,3103900,Araújos (MG),31,0.285,1036.0,0.684,515.97,Faixa 3 (R$ 10k),10000.0,0,0.35,110.0,8266.0,8376.0,0.0131,8084.94,2229.73,5855.21,0.0,0,0,0.0,0.0,-0.4283775874137376
310410,3104106,Arceburgo (MG),31,0.313,1156.0,0.653,469.66,Faixa 2 (R$ 15k),15000.0,0,0.7,14444.0,3554.0,17998.0,0.8025,15569.2,950.69,14618.51,0.0,0,0,0.0,0.0,0.053891508438531674
310420,3104205,Arcos (MG),31,0.201,6173.0,0.721,554.8,Faixa 3 (R$ 10k),10000.0,0,0.35,3660.0,33429.0,37089.0,0.0987,6008.26,1014.26,4994.01,0.0,0,0,0.0,0.0,-0.44106637420923817
310430,3104304,Areado (MG),31,0.264,1574.0,0.684,445.6,Faixa 3 (R$ 10k),10000.0,0,0.35,579.0,6068.0,6647.0,0.0871,4223.0,1569.89,2653.11,0.0,0,0,0.0,0.0,-0.455744458209991
310440,3104403,Argirita (MG),31,0.238,584.0,0.633,334.76,Faixa 3 (R$ 10k),10000.0,0,0.35,0.0,3658.0,3658.0,0.0,6263.7,1630.14,4633.56,0.0,0,0,0.0,0.0,-0.47425612268573064
310445,3104452,Aricanduva (MG),31,0.355,592.0,0.684,324.35,Faixa 2 (R$ 15k),15000.0,0,0.7,0.0,2115.0,2115.0,0.0,3572.64,817.57,2755.07,0.0,0,0,0.0,0.0,-0.5298615524742074
310450,3104502,Arinos (MG),31,0.313,4110.0,0.673,346.49,Faixa 2 (R$ 15k),15000.0,0,0.7,12112.0,3366.0,15478.0,0.7825,3765.94,262.29,3503.65,0.0,0,0,0.0,0.0,-0.1260917129259879
310460,3104601,Astolfo Dutra (MG),31,0.183,2853.0,0.666,466.14,Faixa 3 (R$ 10k),10000.0,0,0.35,13635.0,11643.0,25278.0,0.5394,8860.15,687.0,8173.15,0.0,0,0,0.0,0.0,-0.17883019132843198
310470,3104700,Ataléia (MG),31,0.381,2868.0,0.652,348.99,Faixa 2 (R$ 15k),15000.0,0,0.7,537.0,8897.0,9434.0,0.0569,3289.4,652.37,2637.03,0.0,0,0,0.0,0.0,-0.5075527368432219
310050,3100500,Açucena (MG),31,0.482,1850.0,0.638,313.79,Faixa 1 (R$ 20k),20000.0,0,0.8,0.0,7234.0,7234.0,0.0,3910.27,1227.03,2683.24,0.0,0,0,0.0,0.0,-0.5149147790027915
310490,3104908,Baependi (MG),31,0.217,1790.0,0.701,396.71,Faixa 3 (R$ 10k),10000.0,0,0.35,32005.0,7761.0,39766.0,0.8048,22215.64,2487.71,19727.93,0.0,0,0,0.0,0.0,0.1802700710593046
310510,3105103,Bambuí (MG),31,0.291,3956.0,0.71,583.78,Faixa 3 (R$ 10k),10000.0,0,0.35,57504.0,11757.0,69261.0,0.8303,17507.84,708.8,16799.04,0.0,0,0,0.0,0.0,0.08727595856748609
310520,3105202,Bandeira (MG),31,0.392,840.0,0.633,298.04,Faixa 2 (R$ 15k),15000.0,0,0.7,197.0,4694.0,4891.0,0.0403,5822.62,2365.48,3457.14,0.0,0,0,0.0,0.0,-0.4394509040638006
310530,3105301,Bandeira do Sul (MG),31,0.233,758.0,0.704,496.79,Faixa 3 (R$ 10k),10000.0,0,0.35,0.0,4469.0,4469.0,0.0,5895.78,969.66,4926.12,0.0,0,0,0.0,0.0,-0.49609783938820673
310560,3105608,Barbacena (MG),31,0.327,22095.0,0.721,629.46,Faixa 2 (R$ 15k),15000.0,2,0.88,675943.0,9209.0,685152.0,0.9866,31009.37,5259.74,25749.63,1.0,21600,3120,265200.0,376.32,1.2647604859814268
310570,3105707,Barra Longa (MG),31,0.333,765.0,0.664,332.97,Faixa 2 (R$ 15k),15000.0,0,0.7,0.0,3721.0,3721.0,0.0,4864.05,1622.22,3241.83,0.0,0,0,0.0,0.0,-0.4924284574465105
310590,3105905,Barroso (MG),31,0.267,4780.0,0.682,390.77,Faixa 3 (R$ 10k),10000.0,0,0.35,108518.0,5878.0,114396.0,0.9486,23932.22,2642.05,21290.17,0.0,0,0,0.0,0.0,0.28269541357678646
310540,3105400,Barão de Cocais (MG),31,0.252,8532.0,0.719,483.86,Faixa 3 (R$ 10k),10000.0,0,0.35,8440.0,13030.0,21470.0,0.3931,2516.41,759.61,1756.8,0.0,0,0,0.0,0.0,-0.3360993659084059
310550,3105509,Barão de Monte Alto (MG),31,0.456,1363.0,0.615,296.96,Faixa 1 (R$ 20k),20000.0,0,0.8,99.0,5111.0,5210.0,0.019,3822.45,641.97,3180.48,0.0,0,0,0.0,0.0,-0.5211129085443016
310600,3106002,Bela Vista de Minas (MG),31,0.306,3591.0,0.678,397.91,Faixa 2 (R$ 15k),15000.0,0,0.7,0.0,23736.0,23736.0,0.0,6609.86,1527.71,5082.15,0.0,0,0,0.0,0.0,-0.4724673822214971
310610,3106101,Belmiro Braga (MG),31,0.325,923.0,0.64,331.56,Faixa 2 (R$ 15k),15000.0,0,0.7,0.0,2933.0,2933.0,0.0,3177.68,725.89,2451.79,0.0,0,0,0.0,0.0,-0.5373078116732903
310630,3106309,Belo Oriente (MG),31,0.341,7504.0,0.692,421.8,Faixa 2 (R$ 15k),15000.0,0,0.7,22106.0,15335.0,37441.0,0.5904,4989.47,1332.09,3657.38,0.0,0,0,0.0,0.0,-0.18470523566593672
310640,3106408,Belo Vale (MG),31,0.2,883.0,0.698,557.45,Faixa 3 (R$ 10k),10000.0,0,0.35,0.0,4232.0,4232.0,0.0,4792.75,2054.36,2738.39,0.0,0,0,0.0,0.0,-0.48214320931818727
310650,3106507,Berilo (MG),31,0.323,1530.0,0.695,361.38,Faixa 2 (R$ 15k),15000.0,0,0.7,3728.0,4097.0,7825.0,0.4764,5114.38,818.95,4295.42,0.0,0,0,0.0,0.0,-0.25696100744687267
310665,3106655,Berizal (MG),31,0.449,859.0,0.606,253.08,Faixa 1 (R$ 20k),20000.0,0,0.8,2835.0,1721.0,4556.0,0.6223,5303.84,3664.73,1639.12,0.0,0,0,0.0,0.0,-0.10326466668333656
310680,3106804,Bias Fortes (MG),31,0.346,836.0,0.614,267.01,Faixa 2 (R$ 15k),15000.0,0,0.7,0.0,2955.0,2955.0,0.0,3534.69,546.65,2988.04,0.0,0,0,0.0,0.0,-0.5373706081968652
310690,3106903,Bicas (MG),31,0.278,2310.0,0.693,489.77,Faixa 3 (R$ 10k),10000.0,0,0.35,18922.0,6228.0,25150.0,0.7524,10887.45,1328.57,9558.87,0.0,0,0,0.0,0.0,-0.023027373045331877
310700,3107000,Biquinhas (MG),31,0.204,693.0,0.682,532.17,Faixa 3 (R$ 10k),10000.0,0,0.35,0.0,1674.0,1674.0,0.0,2415.58,460.32,1955.27,0.0,0,0,0.0,0.0,-0.5539739196472906
310710,3107109,Boa Esperança (MG),31,0.278,6846.0,0.675,450.2,Faixa 3 (R$ 10k),10000.0,0,0.35,17749.0,12340.0,30089.0,0.5899,4395.12,940.11,3455.01,0.0,0,0,0.0,0.0,-0.20276002967833923
310720,3107208,Bocaina de Minas (MG),31,0.41,557.0,0.546,370.15,Faixa 1 (R$ 20k),20000.0,0,0.8,0.0,1049.0,1049.0,0.0,1883.3,680.43,1202.87,0.0,0,0,0.0,0.0,-0.5551018027022285
310730,3107307,Bocaiúva (MG),31,0.283,13330.0,0.718,407.34,Faixa 3 (R$ 10k),10000.0,13,0.48,62936.0,0.0,62936.0,1.0,4721.38,2291.9,2710.13,1.0,147660,21528,1829880.0,2284.8,0.8593990985877964
310740,3107406,Bom Despacho (MG),31,0.217,9123.0,0.735,631.49,Faixa 3 (R$ 10k),10000.0,0,0.35,635428.0,11992.0,647420.0,0.9815,70965.69,2409.08,68556.62,0.0,0,0,0.0,0.0,0.8978946805508159
310750,3107505,Bom Jardim de Minas (MG),31,0.329,778.0,0.64,386.13,Faixa 2 (R$ 15k),15000.0,0,0.7,2333.0,2652.0,4985.0,0.468,6407.46,1001.29,5406.17,0.0,0,0,0.0,0.0,-0.24009814143561395
310760,3107604,Bom Jesus da Penha (MG),31,0.228,410.0,0.683,474.23,Faixa 3 (R$ 10k),10000.0,0,0.35,97.0,1589.0,1686.0,0.0575,4112.2,2231.71,1880.49,0.0,0,0,0.0,0.0,-0.4557374029873076
310770,3107703,Bom Jesus do Amparo (MG),31,0.202,860.0,0.712,437.72,Faixa 3 (R$ 10k),10000.0,0,0.35,0.0,6325.0,6325.0,0.0,7354.65,1896.51,5458.14,0.0,0,0,0.0,0.0,-0.45334782308127347
310780,3107802,Bom Jesus do Galho (MG),31,0.346,3334.0,0.633,319.16,Faixa 2 (R$ 15k),15000.0,0,0.7,28612.0,19174.0,47786.0,0.5988,14332.93,2412.12,11920.82,0.0,0,0,0.0,0.0,-0.03230958260718515
310790,3107901,Bom Repouso (MG),31,0.318,2792.0,0.714,518.62,Faixa 2 (R$ 15k),15000.0,0,0.7,0.0,7952.0,7952.0,0.0,2848.14,1185.17,1662.97,0.0,0,0,0.0,0.0,-0.5296341106440448
310800,3108008,Bom Sucesso (MG),31,0.291,4159.0,0.678,409.29,Faixa 3 (R$ 10k),10000.0,0,0.35,1348.0,5116.0,6464.0,0.2085,1554.22,381.82,1172.4,0.0,0,0,0.0,0.0,-0.4563061017281666
310810,3108107,Bonfim (MG),31,0.24,590.0,0.653,581.27,Faixa 3 (R$ 10k),10000.0,0,0.35,134.0,7505.0,7639.0,0.0175,12947.46,3589.83,9357.63,0.0,0,0,0.0,0.0,-0.3283688635578682
310820,3108206,Bonfinópolis de Minas (MG),31,0.24,1294.0,0.728,456.82,Faixa 3 (R$ 10k),10000.0,0,0.35,8114.0,1402.0,9516.0,0.8527,7353.94,187.79,7166.15,0.0,0,0,0.0,0.0,-0.04467240671618277
310830,3108305,Borda da Mata (MG),31,0.233,1459.0,0.68,421.33,Faixa 3 (R$ 10k),10000.0,0,0.35,1868.0,12806.0,14674.0,0.1273,10057.57,2417.41,7640.16,0.0,0,0,0.0,0.0,-0.33752539546222504
310840,3108404,Botelhos (MG),31,0.288,1781.0,0.674,521.11,Faixa 3 (R$ 10k),10000.0,0,0.35,6775.0,6267.0,13042.0,0.5195,7322.85,1201.57,6121.28,0.0,0,0,0.0,0.0,-0.19579854803458424
310850,3108503,Botumirim (MG),31,0.419,1273.0,0.662,236.47,Faixa 1 (R$ 20k),20000.0,0,0.8,0.0,1971.0,1971.0,0.0,1548.31,392.77,1155.54,0.0,0,0,0.0,0.0,-0.5668577874560425
310855,3108552,Brasilândia de Minas (MG),31,0.343,4570.0,0.675,387.83,Faixa 2 (R$ 15k),15000.0,0,0.7,0.0,5876.0,5876.0,0.0,1285.78,214.66,1071.12,0.0,0,0,0.0,0.0,-0.5748442208097616
310860,3108602,Brasília de Minas (MG),31,0.411,7452.0,0.697,374.67,Faixa 1 (R$ 20k),20000.0,10,0.94,36917.0,0.0,36917.0,1.0,4953.97,2259.13,2694.85,1.0,112740,17511,1488435.0,1612.8,0.8596384188351083
310890,3108909,Brasópolis (MG),31,0.319,1165.0,0.652,402.22,Faixa 2 (R$ 15k),15000.0,0,0.7,679.0,12998.0,13677.0,0.0496,11739.91,4781.12,6958.8,0.0,0,0,0.0,0.0,-0.2959409926895591
310880,3108800,Braúnas (MG),31,0.262,580.0,0.7,444.25,Faixa 3 (R$ 10k),10000.0,0,0.35,323.0,6093.0,6416.0,0.0503,11062.07,2668.97,8393.1,0.0,0,0,0.0,0.0,-0.35901473136303286
310870,3108701,Brás Pires (MG),31,0.391,656.0,0.673,340.35,Faixa 2 (R$ 15k),15000.0,0,0.7,584.0,8325.0,8909.0,0.0656,13580.79,3182.93,10397.87,0.0,0,0,0.0,0.0,-0.3052334344096352
310910,3109105,Bueno Brandão (MG),31,0.246,2873.0,0.706,585.68,Faixa 3 (R$ 10k),10000.0,0,0.35,414.0,6187.0,6601.0,0.0627,2297.6,1005.57,1292.03,0.0,0,0,0.0,0.0,-0.5080487239175191
310920,3109204,Buenópolis (MG),31,0.398,3086.0,0.688,443.2,Faixa 2 (R$ 15k),15000.0,0,0.7,509.0,6790.0,7299.0,0.0697,2365.2,984.77,1380.43,0.0,0,0,0.0,0.0,-0.5040015152651648
310925,3109253,Bugre (MG),31,0.28,425.0,0.685,332.64,Faixa 3 (R$ 10k),10000.0,0,0.35,553.0,4796.0,5349.0,0.1034,12585.88,3757.65,8828.24,0.0,0,0,0.0,0.0,-0.28302875030981745
310940,3109402,Buritizeiro (MG),31,0.519,9583.0,0.652,319.63,Faixa 1 (R$ 20k),20000.0,0,0.8,129143.0,16153.0,145296.0,0.8888,15161.85,557.24,14604.61,0.0,0,0,0.0,0.0,0.08430910396798612
310950,3109501,Cabo Verde (MG),31,0.25,1069.0,0.63,382.34,Faixa 3 (R$ 10k),10000.0,0,0.35,379.0,5152.0,5531.0,0.0685,5173.99,1442.47,3731.52,0.0,0,0,0.0,0.0,-0.45672004631513835
310980,3109808,Cachoeira Dourada (MG),31,0.188,670.0,0.735,524.34,Faixa 3 (R$ 10k),10000.0,0,0.35,111.0,1991.0,2102.0,0.0528,3137.31,1076.12,2061.19,0.0,0,0,0.0,0.0,-0.5007000407339648
310960,3109600,Cachoeira da Prata (MG),31,0.258,1103.0,0.727,497.17,Faixa 3 (R$ 10k),10000.0,0,0.35,421.0,5615.0,6036.0,0.0697,5472.35,1426.11,4046.24,0.0,0,0,0.0,0.0,-0.45267661665348735
310970,3109709,Cachoeira de Minas (MG),31,0.205,3478.0,0.733,571.94,Faixa 3 (R$ 10k),10000.0,0,0.35,8405.0,9587.0,17992.0,0.4672,5173.09,755.89,4417.19,0.0,0,0,0.0,0.0,-0.2627290272530837
310270,3102704,Cachoeira de Pajeú (MG),31,0.415,1667.0,0.627,301.82,Faixa 1 (R$ 20k),20000.0,0,0.8,47608.0,5863.0,53471.0,0.8904,32076.18,1623.88,30452.31,0.0,0,0,0.0,0.0,0.3299313149026097
310990,3109907,Caetanópolis (MG),31,0.235,2805.0,0.723,512.95,Faixa 3 (R$ 10k),10000.0,0,0.35,31016.0,16013.0,47029.0,0.6595,16766.13,1114.44,15651.69,0.0,0,0,0.0,0.0,-0.002464162411316817
311010,3110103,Caiana (MG),31,0.314,453.0,0.607,386.22,Faixa 2 (R$ 15k),15000.0,0,0.7,0.0,2888.0,2888.0,0.0,6375.28,1507.73,4867.55,0.0,0,0,0.0,0.0,-0.4759964999597829
311030,3110301,Caldas (MG),31,0.438,1222.0,0.646,436.43,Faixa 1 (R$ 20k),20000.0,1,0.94,3000.0,9003.0,12003.0,0.2499,9822.42,2143.21,7679.21,1.0,12720,2067,175695.0,174.72,0.5206602245008678
311040,3110400,Camacho (MG),31,0.224,1489.0,0.691,404.81,Faixa 3 (R$ 10k),10000.0,0,0.35,53.0,5044.0,5097.0,0.0104,3423.1,565.48,2857.62,0.0,0,0,0.0,0.0,-0.5327903188364573
311050,3110509,Camanducaia (MG),31,0.252,2247.0,0.674,508.97,Faixa 3 (R$ 10k),10000.0,0,0.35,3960.0,7935.0,11895.0,0.3329,5293.72,1343.12,3950.6,0.0,0,0,0.0,0.0,-0.317303220158806
311070,3110707,Cambuquira (MG),31,0.254,2403.0,0.68,478.85,Faixa 3 (R$ 10k),10000.0,0,0.35,11232.0,3988.0,15220.0,0.738,6333.75,1317.52,5016.23,0.0,0,0,0.0,0.0,-0.0894183315833187
311060,3110608,Cambuí (MG),31,0.156,11363.0,0.762,710.29,Faixa 3 (R$ 10k),10000.0,0,0.35,1247.0,9910.0,11157.0,0.1118,981.87,309.43,672.45,0.0,0,0,0.0,0.0,-0.5168985398514859
311090,3110905,Campanha (MG),31,0.282,2382.0,0.672,460.08,Faixa 3 (R$ 10k),10000.0,0,0.35,54388.0,4993.0,59381.0,0.9159,24929.05,1818.22,23110.83,0.0,0,0,0.0,0.0,0.2567679934034987
311100,3111002,Campestre (MG),31,0.182,5446.0,0.741,690.15,Faixa 3 (R$ 10k),10000.0,0,0.35,15574.0,7089.0,22663.0,0.6872,4161.4,414.25,3747.15,0.0,0,0,0.0,0.0,-0.1677020400227008
311110,3111101,Campina Verde (MG),31,0.317,2874.0,0.672,564.07,Faixa 2 (R$ 15k),15000.0,0,0.7,593.0,8640.0,9233.0,0.0642,3212.6,1381.7,1830.9,0.0,0,0,0.0,0.0,-0.48575739317584754
311115,3111150,Campo Azul (MG),31,0.337,581.0,0.682,253.47,Faixa 2 (R$ 15k),15000.0,0,0.7,0.0,1570.0,1570.0,0.0,2702.24,619.62,2082.62,0.0,0,0,0.0,0.0,-0.5461653323970049
311120,3111200,Campo Belo (MG),31,0.306,9857.0,0.655,463.17,Faixa 2 (R$ 15k),15000.0,0,0.7,404852.0,10448.0,415300.0,0.9748,42132.49,5062.29,37070.2,0.0,0,0,0.0,0.0,0.5929765558906066
311140,3111408,Campo Florido (MG),31,0.319,1273.0,0.691,574.01,Faixa 2 (R$ 15k),15000.0,0,0.7,72.0,6148.0,6220.0,0.0116,4886.1,1766.69,3119.4,0.0,0,0,0.0,0.0,-0.48223882986214617
311130,3111309,Campo do Meio (MG),31,0.391,2067.0,0.656,375.82,Faixa 2 (R$ 15k),15000.0,0,0.7,3.0,3781.0,3784.0,0.0008,1830.67,812.29,1018.38,0.0,0,0,0.0,0.0,-0.5519347858889777
311150,3111507,Campos Altos (MG),31,0.35,2599.0,0.67,459.96,Faixa 2 (R$ 15k),15000.0,0,0.7,9472.0,5112.0,14584.0,0.6495,5611.39,779.92,4831.47,0.0,0,0,0.0,0.0,-0.1596381202908145
311160,3111606,Campos Gerais (MG),31,0.344,3859.0,0.664,483.09,Faixa 2 (R$ 15k),15000.0,0,0.7,6880.0,6389.0,13269.0,0.5185,3438.46,821.72,2616.74,0.0,0,0,0.0,0.0,-0.25603821797635945
311190,3111903,Cana Verde (MG),31,0.375,904.0,0.628,364.73,Faixa 2 (R$ 15k),15000.0,0,0.7,0.0,12150.0,12150.0,0.0,13440.27,2189.16,11251.11,0.0,0,0,0.0,0.0,-0.36764268767544445
311170,3111705,Canaã (MG),31,0.291,533.0,0.638,424.54,Faixa 3 (R$ 10k),10000.0,0,0.35,1565.0,5957.0,7522.0,0.2081,14112.57,3562.85,10549.72,0.0,0,0,0.0,0.0,-0.21286107057906073
311200,3112000,Candeias (MG),31,0.308,1929.0,0.674,432.67,Faixa 2 (R$ 15k),15000.0,0,0.7,14284.0,18435.0,32719.0,0.4366,16961.64,1902.02,15059.62,0.0,0,0,0.0,0.0,-0.09795058956777339
311205,3112059,Cantagalo (MG),31,0.518,885.0,0.678,377.39,Faixa 1 (R$ 20k),20000.0,0,0.8,0.0,1513.0,1513.0,0.0,1709.6,447.46,1262.15,0.0,0,0,0.0,0.0,-0.5633697742347499
311180,3111804,Canápolis (MG),31,0.32,2305.0,0.667,460.8,Faixa 2 (R$ 15k),15000.0,1,0.88,4678.0,5114.0,9792.0,0.4777,4248.16,1717.14,2566.59,0.0,11880,1716,145860.0,215.04,-0.2438694915515583
311210,3112109,Caparaó (MG),31,0.315,809.0,0.592,307.14,Faixa 2 (R$ 15k),15000.0,0,0.7,0.0,1507.0,1507.0,0.0,1862.79,810.88,1051.92,0.0,0,0,0.0,0.0,-0.5519839219412095
311220,3112208,Capela Nova (MG),31,0.357,822.0,0.598,241.8,Faixa 2 (R$ 15k),15000.0,0,0.7,0.0,4868.0,4868.0,0.0,5922.14,1500.0,4422.14,0.0,0,0,0.0,0.0,-0.4820137293511987
311230,3112307,Capelinha (MG),31,0.329,9015.0,0.656,396.5,Faixa 2 (R$ 15k),15000.0,14,0.88,51713.0,0.0,51713.0,1.0,5736.33,2303.83,3432.5,1.0,157830,24648,2095080.0,2163.84,0.8708399342147384
311240,3112406,Capetinga (MG),31,0.306,812.0,0.635,417.32,Faixa 2 (R$ 15k),15000.0,0,0.7,8344.0,3978.0,12322.0,0.6772,15174.88,1400.25,13774.63,0.0,0,0,0.0,0.0,-0.00608031207398857
311260,3112604,Capinópolis (MG),31,0.3,3473.0,0.706,661.17,Faixa 3 (R$ 10k),10000.0,0,0.35,1378.0,7554.0,8932.0,0.1543,2571.84,712.64,1859.2,0.0,0,0,0.0,0.0,-0.4634608567191604
311265,3112653,Capitão Andrade (MG),31,0.397,1171.0,0.627,363.25,Faixa 2 (R$ 15k),15000.0,0,0.7,0.0,10337.0,10337.0,0.0,8827.5,1756.62,7070.88,0.0,0,0,0.0,0.0,-0.43806687820506235
311270,3112703,Capitão Enéas (MG),31,0.458,4584.0,0.648,257.49,Faixa 1 (R$ 20k),20000.0,0,0.8,8746.0,5843.0,14589.0,0.5995,3182.59,300.83,2881.76,0.0,0,0,0.0,0.0,-0.2297946542526895
311280,3112802,Capitólio (MG),31,0.209,630.0,0.687,581.27,Faixa 3 (R$ 10k),10000.0,0,0.35,541.0,5051.0,5592.0,0.0967,8876.19,2992.06,5884.13,0.0,0,0,0.0,0.0,-0.35405174126149624
311290,3112901,Caputira (MG),31,0.447,1007.0,0.624,315.42,Faixa 1 (R$ 20k),20000.0,0,0.8,0.0,4066.0,4066.0,0.0,4037.74,924.53,3113.21,0.0,0,0,0.0,0.0,-0.5211188805811263
311320,3113206,Carandaí (MG),31,0.321,3988.0,0.662,387.58,Faixa 2 (R$ 15k),15000.0,1,0.88,150816.0,16847.0,167663.0,0.8995,42041.88,4392.43,37649.45,1.0,10530,1521,129285.0,120.96,1.3376339265122836
311330,3113305,Carangola (MG),31,0.256,6150.0,0.678,524.76,Faixa 3 (R$ 10k),10000.0,0,0.35,17182.0,6447.0,23629.0,0.7272,3842.11,1030.41,2811.71,0.0,0,0,0.0,0.0,-0.13458171604491975
311340,3113404,Caratinga (MG),31,0.286,19950.0,0.697,519.19,Faixa 3 (R$ 10k),10000.0,8,0.48,286775.0,7938.0,294713.0,0.9731,14772.58,1644.51,13189.17,1.0,88980,14079,1196715.0,1182.72,0.9558711094027832
311300,3113008,Caraí (MG),31,0.409,2863.0,0.613,270.84,Faixa 1 (R$ 20k),20000.0,0,0.8,2529.0,8001.0,10530.0,0.2402,3677.96,819.42,2858.54,0.0,0,0,0.0,0.0,-0.400862285137144
311350,3113503,Carbonita (MG),31,0.277,2085.0,0.681,358.57,Faixa 3 (R$ 10k),10000.0,0,0.35,0.0,4528.0,4528.0,0.0,2171.7,588.01,1583.69,0.0,0,0,0.0,0.0,-0.5537950707637436
311360,3113602,Careaçu (MG),31,0.364,714.0,0.641,411.96,Faixa 2 (R$ 15k),15000.0,0,0.7,0.0,5110.0,5110.0,0.0,7156.86,2386.55,4770.31,0.0,0,0,0.0,0.0,-0.44318561101646525
311370,3113701,Carlos Chagas (MG),31,0.298,4817.0,0.683,462.08,Faixa 3 (R$ 10k),10000.0,0,0.35,9399.0,8436.0,17835.0,0.527,3702.51,513.39,3189.12,0.0,0,0,0.0,0.0,-0.25612479185330017
311390,3113909,Carmo da Cachoeira (MG),31,0.313,2634.0,0.63,388.98,Faixa 2 (R$ 15k),15000.0,0,0.7,0.0,7699.0,7699.0,0.0,2922.93,945.33,1977.6,0.0,0,0,0.0,0.0,-0.5348903893369901
311400,3114006,Carmo da Mata (MG),31,0.222,1959.0,0.685,460.09,Faixa 3 (R$ 10k),10000.0,0,0.35,0.0,5550.0,5550.0,0.0,2833.08,398.16,2434.92,0.0,0,0,0.0,0.0,-0.5502257212072257
311410,3114105,Carmo de Minas (MG),31,0.257,1862.0,0.607,377.31,Faixa 3 (R$ 10k),10000.0,0,0.35,81400.0,6325.0,87725.0,0.9279,47113.32,1509.67,45603.65,0.0,0,0,0.0,0.0,0.5399209638944192
311420,3114204,Carmo do Cajuru (MG),31,0.233,3213.0,0.678,444.4,Faixa 3 (R$ 10k),10000.0,0,0.35,9797.0,13462.0,23259.0,0.4212,7239.03,1081.23,6157.8,0.0,0,0,0.0,0.0,-0.2522126372725804
311430,3114303,Carmo do Paranaíba (MG),31,0.286,4280.0,0.662,467.51,Faixa 3 (R$ 10k),10000.0,0,0.35,49214.0,19019.0,68233.0,0.7213,15942.29,2001.17,13941.12,0.0,0,0,0.0,0.0,0.04277272515351875
311440,3114402,Carmo do Rio Claro (MG),31,0.206,2616.0,0.704,463.49,Faixa 3 (R$ 10k),10000.0,0,0.35,6375.0,4375.0,10750.0,0.593,4109.33,1519.88,2589.45,0.0,0,0,0.0,0.0,-0.1897549858113138
311450,3114501,Carmópolis de Minas (MG),31,0.175,2439.0,0.71,647.03,Faixa 3 (R$ 10k),10000.0,0,0.35,1641.0,6382.0,8023.0,0.2045,3289.46,1517.02,1772.45,0.0,0,0,0.0,0.0,-0.40673302589027893
311455,3114550,Carneirinho (MG),31,0.19,1402.0,0.721,501.35,Faixa 3 (R$ 10k),10000.0,0,0.35,23234.0,5001.0,28235.0,0.8229,20139.09,2099.14,18039.94,0.0,0,0,0.0,0.0,0.1531575692366761
311460,3114600,Carrancas (MG),31,0.274,731.0,0.697,464.22,Faixa 3 (R$ 10k),10000.0,0,0.35,3889.0,3191.0,7080.0,0.5493,9685.36,1201.09,8484.27,0.0,0,0,0.0,0.0,-0.14965347445452806
311480,3114808,Carvalhos (MG),31,0.243,1251.0,0.708,609.83,Faixa 3 (R$ 10k),10000.0,0,0.35,0.0,2522.0,2522.0,0.0,2015.99,760.99,1255.0,0.0,0,0,0.0,0.0,-0.5513104730386573
311470,3114709,Carvalhópolis (MG),31,0.18,1227.0,0.733,580.26,Faixa 3 (R$ 10k),10000.0,0,0.35,1040.0,2841.0,3881.0,0.268,3163.0,642.22,2520.78,0.0,0,0,0.0,0.0,-0.3972975808783833
311490,3114907,Casa Grande (MG),31,0.333,396.0,0.64,299.29,Faixa 2 (R$ 15k),15000.0,0,0.7,0.0,2859.0,2859.0,0.0,7219.7,1497.47,5722.22,0.0,0,0,0.0,0.0,-0.46542282396427465
311500,3115003,Cascalho Rico (MG),31,0.163,871.0,0.733,703.81,Faixa 3 (R$ 10k),10000.0,0,0.35,1.0,3192.0,3193.0,0.0003,3665.9,381.17,3284.73,0.0,0,0,0.0,0.0,-0.5398159513340346
311530,3115300,Cataguases (MG),31,0.233,13416.0,0.7,451.78,Faixa 3 (R$ 10k),10000.0,0,0.35,116678.0,19873.0,136551.0,0.8545,10178.22,1292.34,8885.88,0.0,0,0,0.0,0.0,0.021167089255573292
311535,3115359,Catas Altas (MG),31,0.229,1379.0,0.673,504.88,Faixa 3 (R$ 10k),10000.0,0,0.35,0.0,9698.0,9698.0,0.0,7032.63,3375.63,3657.0,0.0,0,0,0.0,0.0,-0.4191446466796628
311540,3115409,Catas Altas da Noruega (MG),31,0.32,496.0,0.654,337.83,Faixa 2 (R$ 15k),15000.0,0,0.7,0.0,3299.0,3299.0,0.0,6651.21,3167.34,3483.87,0.0,0,0,0.0,0.0,-0.42943947667749505
311545,3115458,Catuji (MG),31,0.27,744.0,0.69,406.44,Faixa 3 (R$ 10k),10000.0,0,0.35,760.0,7351.0,8111.0,0.0937,10901.88,2555.11,8346.77,0.0,0,0,0.0,0.0,-0.34096716473080385
311547,3115474,Catuti (MG),31,0.401,1042.0,0.661,270.81,Faixa 1 (R$ 20k),20000.0,0,0.8,0.0,3742.0,3742.0,0.0,3591.17,904.03,2687.14,0.0,0,0,0.0,0.0,-0.5273827540416491
311550,3115508,Caxambu (MG),31,0.369,4252.0,0.694,543.16,Faixa 2 (R$ 15k),15000.0,0,0.7,23627.0,7888.0,31515.0,0.7497,7411.81,837.49,6574.32,0.0,0,0,0.0,0.0,-0.0818059390226626
311570,3115706,Central de Minas (MG),31,0.382,1574.0,0.691,570.02,Faixa 2 (R$ 15k),15000.0,0,0.7,0.0,7806.0,7806.0,0.0,4959.34,886.28,4073.06,0.0,0,0,0.0,0.0,-0.5102798558696003
311580,3115805,Centralina (MG),31,0.306,2266.0,0.658,387.23,Faixa 2 (R$ 15k),15000.0,0,0.7,8687.0,5695.0,14382.0,0.604,6346.87,1421.89,4924.98,0.0,0,0,0.0,0.0,-0.15772842329457687
311600,3116001,Chalé (MG),31,0.331,1253.0,0.643,357.43,Faixa 2 (R$ 15k),15000.0,0,0.7,0.0,1936.0,1936.0,0.0,1545.09,404.63,1140.46,0.0,0,0,0.0,0.0,-0.5665917260625355
311615,3116159,Chapada Gaúcha (MG),31,0.431,1986.0,0.678,322.87,Faixa 1 (R$ 20k),20000.0,0,0.8,0.0,2322.0,2322.0,0.0,1169.18,141.99,1027.19,0.0,0,0,0.0,0.0,-0.5782245073375714
311620,3116209,Chiador (MG),31,0.263,698.0,0.634,364.9,Faixa 3 (R$ 10k),10000.0,0,0.35,0.0,4390.0,4390.0,0.0,6289.4,1500.0,4789.4,0.0,0,0,0.0,0.0,-0.477299277939634
311590,3115904,Chácara (MG),31,0.262,473.0,0.563,294.91,Faixa 3 (R$ 10k),10000.0,0,0.35,0.0,3771.0,3771.0,0.0,7972.52,2067.65,5904.86,0.0,0,0,0.0,0.0,-0.4409806742811256
311630,3116308,Cipotânea (MG),31,0.447,478.0,0.621,262.11,Faixa 1 (R$ 20k),20000.0,0,0.8,0.0,7041.0,7041.0,0.0,14730.13,1721.76,13008.37,0.0,0,0,0.0,0.0,-0.3631993913403149
311640,3116407,Claraval (MG),31,0.403,484.0,0.686,411.93,Faixa 1 (R$ 20k),20000.0,0,0.8,19422.0,1735.0,21157.0,0.918,43712.81,2758.26,40954.55,0.0,0,0,0.0,0.0,0.5233719790111513
311660,3116605,Cláudio (MG),31,0.201,3680.0,0.697,466.76,Faixa 3 (R$ 10k),10000.0,0,0.35,18320.0,12537.0,30857.0,0.5937,8385.05,1176.09,7208.97,0.0,0,0,0.0,0.0,-0.14340699995645834
311670,3116704,Coimbra (MG),31,0.301,1015.0,0.633,348.62,Faixa 2 (R$ 15k),15000.0,0,0.7,0.0,9379.0,9379.0,0.0,9240.39,2943.84,6296.55,0.0,0,0,0.0,0.0,-0.4019954655744275
311690,3116902,Comendador Gomes (MG),31,0.271,341.0,0.631,373.15,Faixa 3 (R$ 10k),10000.0,0,0.35,470.0,1242.0,1712.0,0.2745,5020.53,2134.9,2885.63,0.0,0,0,0.0,0.0,-0.33131151223005567
311700,3117009,Comercinho (MG),31,0.383,1312.0,0.655,319.01,Faixa 2 (R$ 15k),15000.0,0,0.7,0.0,5443.0,5443.0,0.0,4148.63,984.76,3163.87,0.0,0,0,0.0,0.0,-0.5181343211260596
311710,3117108,Conceição da Aparecida (MG),31,0.371,1240.0,0.661,436.98,Faixa 2 (R$ 15k),15000.0,0,0.7,4.0,3570.0,3574.0,0.0011,2882.26,1112.9,1769.35,0.0,0,0,0.0,0.0,-0.5304849880317274
311520,3115201,Conceição da Barra de Minas (MG),31,0.289,717.0,0.692,405.04,Faixa 3 (R$ 10k),10000.0,0,0.35,9167.0,2029.0,11196.0,0.8188,15615.06,609.48,15005.58,0.0,0,0,0.0,0.0,0.05429538664569648
311730,3117306,Conceição das Alagoas (MG),31,0.259,4036.0,0.673,558.68,Faixa 3 (R$ 10k),10000.0,0,0.35,440744.0,8982.0,449726.0,0.98,111428.64,1756.44,109672.2,0.0,0,0,0.0,0.0,1.3995978956183877
311720,3117207,Conceição das Pedras (MG),31,0.211,744.0,0.714,527.85,Faixa 3 (R$ 10k),10000.0,0,0.35,0.0,4082.0,4082.0,0.0,5486.56,2622.31,2864.25,0.0,0,0,0.0,0.0,-0.4585163592623884
311740,3117405,Conceição de Ipanema (MG),31,0.363,1276.0,0.636,327.64,Faixa 2 (R$ 15k),15000.0,0,0.7,690.0,1747.0,2437.0,0.2831,1909.87,254.7,1655.17,0.0,0,0,0.0,0.0,-0.41540636785614105
311750,3117504,Conceição do Mato Dentro (MG),31,0.345,4695.0,0.677,385.87,Faixa 2 (R$ 15k),15000.0,0,0.7,4095.0,5045.0,9140.0,0.448,1946.75,642.17,1304.58,0.0,0,0,0.0,0.0,-0.31729183762082624
311760,3117603,Conceição do Pará (MG),31,0.238,535.0,0.739,499.47,Faixa 3 (R$ 10k),10000.0,0,0.35,0.0,6166.0,6166.0,0.0,11525.23,3065.42,8459.81,0.0,0,0,0.0,0.0,-0.369514182787609
311770,3117702,Conceição do Rio Verde (MG),31,0.362,2582.0,0.621,329.39,Faixa 2 (R$ 15k),15000.0,0,0.7,14060.0,9485.0,23545.0,0.5972,9118.9,1978.7,7140.2,0.0,0,0,0.0,0.0,-0.1113248710625192
311780,3117801,Conceição dos Ouros (MG),31,0.214,4030.0,0.71,522.9,Faixa 3 (R$ 10k),10000.0,0,0.35,138.0,5561.0,5699.0,0.0242,1414.14,498.01,916.13,0.0,0,0,0.0,0.0,-0.5529968641584325
311790,3117900,Congonhal (MG),31,0.206,866.0,0.719,458.28,Faixa 3 (R$ 10k),10000.0,0,0.35,92.0,11795.0,11887.0,0.0077,13726.33,4675.52,9050.81,0.0,0,0,0.0,0.0,-0.29543692602089416
311800,3118007,Congonhas (MG),31,0.252,15021.0,0.727,551.68,Faixa 3 (R$ 10k),10000.0,2,0.48,507278.0,11095.0,518373.0,0.9786,34509.89,2562.41,31947.47,1.0,22410,3237,275145.0,362.88,1.2355348741568002
311810,3118106,Congonhas do Norte (MG),31,0.476,1082.0,0.643,316.32,Faixa 1 (R$ 20k),20000.0,0,0.8,10909.0,2873.0,13782.0,0.7915,12737.52,777.26,11960.26,0.0,0,0,0.0,0.0,0.007203218565246017
311820,3118205,Conquista (MG),31,0.347,931.0,0.694,452.39,Faixa 2 (R$ 15k),15000.0,0,0.7,387.0,3285.0,3672.0,0.1054,3944.15,1708.92,2235.23,0.0,0,0,0.0,0.0,-0.4459991783570656
311830,3118304,Conselheiro Lafaiete (MG),31,0.278,28355.0,0.728,557.85,Faixa 3 (R$ 10k),10000.0,0,0.35,91068.0,24515.0,115583.0,0.7879,4076.28,1207.51,2868.77,0.0,0,0,0.0,0.0,-0.09474045077083515
311840,3118403,Conselheiro Pena (MG),31,0.294,5485.0,0.662,420.62,Faixa 3 (R$ 10k),10000.0,0,0.35,1610.0,11306.0,12916.0,0.1247,2354.79,466.18,1888.61,0.0,0,0,0.0,0.0,-0.4883591644858301
311850,3118502,Consolação (MG),31,0.209,485.0,0.69,391.47,Faixa 3 (R$ 10k),10000.0,0,0.35,0.0,2972.0,2972.0,0.0,6127.84,2053.61,4074.23,0.0,0,0,0.0,0.0,-0.46502433507495644
311870,3118700,Coqueiral (MG),31,0.275,1249.0,0.675,404.34,Faixa 3 (R$ 10k),10000.0,0,0.35,15692.0,5565.0,21257.0,0.7382,17019.22,2343.47,14675.74,0.0,0,0,0.0,0.0,0.07444663202980686
311880,3118809,Coração de Jesus (MG),31,0.453,5413.0,0.688,317.93,Faixa 1 (R$ 20k),20000.0,0,0.8,22398.0,14864.0,37262.0,0.6011,6883.8,1888.05,4995.75,0.0,0,0,0.0,0.0,-0.14029422157698104
311900,3119005,Cordislândia (MG),31,0.304,703.0,0.68,416.51,Faixa 2 (R$ 15k),15000.0,0,0.7,0.0,3441.0,3441.0,0.0,4894.74,1093.88,3800.85,0.0,0,0,0.0,0.0,-0.5057284569295704
311910,3119104,Corinto (MG),31,0.351,7888.0,0.685,506.33,Faixa 2 (R$ 15k),15000.0,0,0.7,47659.0,12899.0,60558.0,0.787,7677.23,893.26,6783.98,0.0,0,0,0.0,0.0,-0.057138682747658466
311920,3119203,Coroaci (MG),31,0.389,1809.0,0.664,338.07,Faixa 2 (R$ 15k),15000.0,0,0.7,623.0,14105.0,14728.0,0.0423,8141.51,2137.65,6003.87,0.0,0,0,0.0,0.0,-0.41452627564504213
311930,3119302,Coromandel (MG),31,0.278,3380.0,0.66,466.44,Faixa 3 (R$ 10k),10000.0,0,0.35,61726.0,14794.0,76520.0,0.8067,22639.05,2276.33,20362.72,0.0,0,0,0.0,0.0,0.18123593241060085
311940,3119401,Coronel Fabriciano (MG),31,0.267,32095.0,0.728,547.38,Faixa 3 (R$ 10k),10000.0,1,0.48,59914.0,41952.0,101866.0,0.5882,3173.89,951.61,2222.28,1.0,12720,2067,175695.0,174.72,0.5841416323027746
311950,3119500,Coronel Murta (MG),31,0.364,2143.0,0.656,257.74,Faixa 2 (R$ 15k),15000.0,0,0.7,0.0,3238.0,3238.0,0.0,1510.97,581.89,929.07,0.0,0,0,0.0,0.0,-0.562435434592266
311960,3119609,Coronel Pacheco (MG),31,0.307,553.0,0.687,472.16,Faixa 2 (R$ 15k),15000.0,0,0.7,0.0,2803.0,2803.0,0.0,5068.72,1072.33,3996.38,0.0,0,0,0.0,0.0,-0.5040536548720655
311970,3119708,Coronel Xavier Chaves (MG),31,0.258,830.0,0.613,344.51,Faixa 3 (R$ 10k),10000.0,0,0.35,2947.0,1989.0,4936.0,0.597,5946.99,525.3,5421.69,0.0,0,0,0.0,0.0,-0.18981862140887948
312020,3120201,Cristais (MG),31,0.263,1444.0,0.632,454.25,Faixa 3 (R$ 10k),10000.0,0,0.35,19130.0,12749.0,31879.0,0.6001,22076.87,2596.95,19479.92,0.0,0,0,0.0,0.0,0.07257907635350205
312040,3120409,Cristiano Otoni (MG),31,0.352,1060.0,0.691,378.78,Faixa 2 (R$ 15k),15000.0,0,0.7,0.0,10072.0,10072.0,0.0,9501.89,1448.11,8053.77,0.0,0,0,0.0,0.0,-0.4374061039261868
312050,3120508,Cristina (MG),31,0.311,860.0,0.684,359.95,Faixa 2 (R$ 15k),15000.0,0,0.7,10627.0,4246.0,14873.0,0.7145,17294.19,2697.67,14596.51,0.0,0,0,0.0,0.0,0.0745668384487723
312015,3120151,Crisólita (MG),31,0.416,1256.0,0.581,251.47,Faixa 1 (R$ 20k),20000.0,0,0.8,0.0,13763.0,13763.0,0.0,10957.8,1287.42,9670.38,0.0,0,0,0.0,0.0,-0.4228816565005955
312060,3120607,Crucilândia (MG),31,0.29,680.0,0.632,379.33,Faixa 3 (R$ 10k),10000.0,0,0.35,0.0,3505.0,3505.0,0.0,5154.41,1972.06,3182.35,0.0,0,0,0.0,0.0,-0.47963375436989164
312070,3120706,Cruzeiro da Fortaleza (MG),31,0.321,567.0,0.684,447.63,Faixa 2 (R$ 15k),15000.0,0,0.7,0.0,3679.0,3679.0,0.0,6488.54,1276.9,5211.64,0.0,0,0,0.0,0.0,-0.48052541846964464
312080,3120805,Cruzília (MG),31,0.298,2304.0,0.65,319.19,Faixa 3 (R$ 10k),10000.0,0,0.35,18460.0,7546.0,26006.0,0.7098,11287.33,1484.81,9802.52,0.0,0,0,0.0,0.0,-0.036474601962348405
312083,3120839,Cuparaque (MG),31,0.347,1285.0,0.635,359.49,Faixa 2 (R$ 15k),15000.0,0,0.7,359.0,3458.0,3817.0,0.0941,2970.43,807.0,2163.42,0.0,0,0,0.0,0.0,-0.48787812437546946
312087,3120870,Curral de Dentro (MG),31,0.463,1974.0,0.62,301.7,Faixa 1 (R$ 20k),20000.0,0,0.8,244.0,2746.0,2990.0,0.0816,1514.69,328.27,1186.42,0.0,0,0,0.0,0.0,-0.525613464784076
312090,3120904,Curvelo (MG),31,0.281,25138.0,0.712,479.83,Faixa 3 (R$ 10k),10000.0,0,0.35,82974.0,16628.0,99602.0,0.8331,3962.21,995.47,2966.74,0.0,0,0,0.0,0.0,-0.07768935109674953
311510,3115102,Cássia (MG),31,0.245,2564.0,0.678,575.02,Faixa 3 (R$ 10k),10000.0,0,0.35,77268.0,4471.0,81739.0,0.9453,31879.49,1469.58,30409.91,0.0,0,0,0.0,0.0,0.3525711614202466
311980,3119807,Córrego Danta (MG),31,0.274,1046.0,0.711,529.73,Faixa 3 (R$ 10k),10000.0,0,0.35,0.0,1188.0,1188.0,0.0,1135.76,385.28,750.48,0.0,0,0,0.0,0.0,-0.5723477497327318
311995,3119955,Córrego Fundo (MG),31,0.289,592.0,0.657,394.26,Faixa 3 (R$ 10k),10000.0,0,0.35,228.0,5268.0,5496.0,0.0415,9283.78,2168.92,7114.86,0.0,0,0,0.0,0.0,-0.3994777248411577
312000,3120003,Córrego Novo (MG),31,0.359,657.0,0.616,327.75,Faixa 2 (R$ 15k),15000.0,0,0.7,0.0,3523.0,3523.0,0.0,5362.25,2587.52,2774.73,0.0,0,0,0.0,0.0,-0.4610138167610417
311990,3119906,Córrego do Bom Jesus (MG),31,0.16,1040.0,0.738,587.99,Faixa 3 (R$ 10k),10000.0,0,0.35,0.0,2689.0,2689.0,0.0,2585.58,1034.62,1550.96,0.0,0,0,0.0,0.0,-0.53690660931266
311783,3117836,Cônego Marinho (MG),31,0.407,670.0,0.689,316.73,Faixa 1 (R$ 20k),20000.0,0,0.8,0.0,8140.0,8140.0,0.0,12149.25,3067.16,9082.09,0.0,0,0,0.0,0.0,-0.36145865028040036
312100,3121001,Datas (MG),31,0.353,1074.0,0.661,323.7,Faixa 2 (R$ 15k),15000.0,0,0.7,0.0,5682.0,5682.0,0.0,5290.5,921.79,4368.72,0.0,0,0,0.0,0.0,-0.5051083725761302
312110,3121100,Delfim Moreira (MG),31,0.361,1026.0,0.63,334.5,Faixa 2 (R$ 15k),15000.0,0,0.7,618.0,11250.0,11868.0,0.0521,11567.25,5027.29,6539.96,0.0,0,0,0.0,0.0,-0.2904490028214177
312120,3121209,Delfinópolis (MG),31,0.208,663.0,0.712,438.01,Faixa 3 (R$ 10k),10000.0,0,0.35,3302.0,4378.0,7680.0,0.4299,11583.71,4327.3,7256.41,0.0,0,0,0.0,0.0,-0.10768516296123716
312125,3121258,Delta (MG),31,0.318,2037.0,0.641,453.18,Faixa 2 (R$ 15k),15000.0,0,0.7,22.0,9600.0,9622.0,0.0023,4723.61,1257.24,3466.37,0.0,0,0,0.0,0.0,-0.5024692645809834
312130,3121308,Descoberto (MG),31,0.25,833.0,0.668,393.68,Faixa 3 (R$ 10k),10000.0,0,0.35,0.0,5592.0,5592.0,0.0,6713.09,1391.36,5321.73,0.0,0,0,0.0,0.0,-0.47467625385228834
312140,3121407,Desterro de Entre Rios (MG),31,0.414,469.0,0.653,349.06,Faixa 1 (R$ 20k),20000.0,0,0.8,84790.0,4704.0,89494.0,0.9474,190818.76,3136.46,187682.3,0.0,0,0,0.0,0.0,2.437165302670341
312150,3121506,Desterro do Melo (MG),31,0.304,714.0,0.678,435.9,Faixa 2 (R$ 15k),15000.0,0,0.7,0.0,4859.0,4859.0,0.0,6805.32,1018.21,5787.11,0.0,0,0,0.0,0.0,-0.4831638822795954
312160,3121605,Diamantina (MG),31,0.281,14883.0,0.727,491.59,Faixa 3 (R$ 10k),10000.0,21,0.48,147309.0,0.0,147309.0,1.0,9897.8,2590.07,7307.73,1.0,225210,34671,2947035.0,2882.88,0.9316789587466839
312170,3121704,Diogo de Vasconcelos (MG),31,0.409,1355.0,0.57,241.43,Faixa 1 (R$ 20k),20000.0,0,0.8,0.0,3760.0,3760.0,0.0,2774.91,871.59,1903.32,0.0,0,0,0.0,0.0,-0.5387017418512772
312200,3122009,Divino (MG),31,0.439,2412.0,0.598,398.97,Faixa 1 (R$ 20k),20000.0,0,0.8,32.0,4842.0,4874.0,0.0066,2020.73,940.3,1080.43,0.0,0,0,0.0,0.0,-0.5430960814537095
312210,3122108,Divino das Laranjeiras (MG),31,0.308,1320.0,0.66,334.54,Faixa 2 (R$ 15k),15000.0,0,0.7,40.0,8551.0,8591.0,0.0047,6508.33,890.15,5618.18,0.0,0,0,0.0,0.0,-0.48779870097933653
312220,3122207,Divinolândia de Minas (MG),31,0.376,1936.0,0.654,331.86,Faixa 2 (R$ 15k),15000.0,0,0.7,695.0,9652.0,10347.0,0.0672,5344.52,1512.4,3832.13,0.0,0,0,0.0,0.0,-0.45340900725676453
312190,3121902,Divinésia (MG),31,0.278,558.0,0.65,399.62,Faixa 3 (R$ 10k),10000.0,0,0.35,0.0,9103.0,9103.0,0.0,16313.62,3582.44,12731.18,0.0,0,0,0.0,0.0,-0.29464597644338525
312230,3122306,Divinópolis (MG),31,0.199,40258.0,0.736,616.59,Faixa 3 (R$ 10k),10000.0,0,0.35,213610.0,30456.0,244066.0,0.8752,6062.55,1334.52,4728.03,0.0,0,0,0.0,0.0,-0.019575504559137136
312235,3122355,Divisa Alegre (MG),31,0.42,2210.0,0.628,298.51,Faixa 1 (R$ 20k),20000.0,0,0.8,0.0,2684.0,2684.0,0.0,1214.48,313.57,900.9,0.0,0,0,0.0,0.0,-0.5731959337307325
312240,3122405,Divisa Nova (MG),31,0.293,1043.0,0.642,398.65,Faixa 3 (R$ 10k),10000.0,0,0.35,0.0,3407.0,3407.0,0.0,3266.54,1030.68,2235.86,0.0,0,0,0.0,0.0,-0.5282673664374711
312245,3122454,Divisópolis (MG),31,0.39,2054.0,0.621,275.99,Faixa 2 (R$ 15k),15000.0,0,0.7,5415.0,3049.0,8464.0,0.6398,4120.74,422.1,3698.64,0.0,0,0,0.0,0.0,-0.1932004104259635
312247,3122470,Dom Bosco (MG),31,0.353,678.0,0.711,376.24,Faixa 2 (R$ 15k),15000.0,0,0.7,47253.0,1512.0,48765.0,0.969,71924.78,1095.87,70828.91,0.0,0,0,0.0,0.0,0.8695292994702175
312250,3122504,Dom Cavati (MG),31,0.284,1441.0,0.691,473.94,Faixa 3 (R$ 10k),10000.0,0,0.35,0.0,8844.0,8844.0,0.0,6137.4,1618.32,4519.08,0.0,0,0,0.0,0.0,-0.47618377257385375
312270,3122702,Dom Silvério (MG),31,0.249,1178.0,0.694,396.45,Faixa 3 (R$ 10k),10000.0,0,0.35,44.0,3400.0,3444.0,0.0128,2923.6,673.17,2250.42,0.0,0,0,0.0,0.0,-0.5351362618165199
312280,3122801,Dom Viçoso (MG),31,0.243,505.0,0.738,447.97,Faixa 3 (R$ 10k),10000.0,0,0.35,0.0,2339.0,2339.0,0.0,4631.68,1934.65,2697.03,0.0,0,0,0.0,0.0,-0.48731356570124706
312290,3122900,Dona Eusébia (MG),31,0.171,1269.0,0.687,463.07,Faixa 3 (R$ 10k),10000.0,0,0.35,0.0,5718.0,5718.0,0.0,4505.91,752.56,3753.35,0.0,0,0,0.0,0.0,-0.5195663068623851
312300,3123007,Dores de Campos (MG),31,0.223,1391.0,0.682,468.71,Faixa 3 (R$ 10k),10000.0,0,0.35,15899.0,10356.0,26255.0,0.6056,18874.91,2575.13,16299.78,0.0,0,0,0.0,0.0,0.033832254848656304
312320,3123205,Dores do Indaiá (MG),31,0.297,2720.0,0.688,447.58,Faixa 3 (R$ 10k),10000.0,0,0.35,0.0,7145.0,7145.0,0.0,2626.84,425.74,2201.1,0.0,0,0,0.0,0.0,-0.5521583493044346
312330,3123304,Dores do Turvo (MG),31,0.412,985.0,0.561,250.28,Faixa 1 (R$ 20k),20000.0,0,0.8,0.0,7517.0,7517.0,0.0,7631.47,1695.43,5936.04,0.0,0,0,0.0,0.0,-0.455006069135872
312340,3123403,Doresópolis (MG),31,0.197,559.0,0.711,468.92,Faixa 3 (R$ 10k),10000.0,0,0.35,0.0,802.0,802.0,0.0,1434.7,255.81,1178.89,0.0,0,0,0.0,0.0,-0.5718660060822989
312350,3123502,Douradoquara (MG),31,0.188,605.0,0.721,468.01,Faixa 3 (R$ 10k),10000.0,0,0.35,0.0,1855.0,1855.0,0.0,3066.12,431.4,2634.71,0.0,0,0,0.0,0.0,-0.5463727576094219
312352,3123528,Durandé (MG),31,0.385,973.0,0.661,381.45,Faixa 2 (R$ 15k),15000.0,0,0.7,1040.0,3412.0,4452.0,0.2336,4575.54,808.84,3766.7,0.0,0,0,0.0,0.0,-0.39312049028375473
312360,3123601,Elói Mendes (MG),31,0.28,3965.0,0.661,441.22,Faixa 3 (R$ 10k),10000.0,0,0.35,3020.0,7459.0,10479.0,0.2882,2642.88,1225.73,1417.15,0.0,0,0,0.0,0.0,-0.37811977029359023
312370,3123700,Engenheiro Caldas (MG),31,0.332,2871.0,0.658,377.44,Faixa 2 (R$ 15k),15000.0,0,0.7,2345.0,20895.0,23240.0,0.1009,8094.74,1436.78,6657.96,0.0,0,0,0.0,0.0,-0.40216280623605094
312380,3123809,Engenheiro Navarro (MG),31,0.346,1823.0,0.689,308.74,Faixa 2 (R$ 15k),15000.0,0,0.7,0.0,2033.0,2033.0,0.0,1115.19,337.9,777.29,0.0,0,0,0.0,0.0,-0.5738398318946736
312385,3123858,Entre Folhas (MG),31,0.431,1138.0,0.625,358.33,Faixa 1 (R$ 20k),20000.0,0,0.8,0.0,14840.0,14840.0,0.0,13040.42,2525.48,10514.94,0.0,0,0,0.0,0.0,-0.36405850884831437
312390,3123908,Entre Rios de Minas (MG),31,0.248,1837.0,0.656,428.48,Faixa 3 (R$ 10k),10000.0,0,0.35,8767.0,8834.0,17601.0,0.4981,9581.38,1093.63,8487.75,0.0,0,0,0.0,0.0,-0.18097200023934842
312400,3124005,Ervália (MG),31,0.364,2058.0,0.631,396.7,Faixa 2 (R$ 15k),15000.0,0,0.7,22672.0,10434.0,33106.0,0.6848,16086.49,2306.12,13780.37,0.0,0,0,0.0,0.0,0.03313813161565591
312420,3124203,Espera Feliz (MG),31,0.411,2748.0,0.641,466.24,Faixa 1 (R$ 20k),20000.0,0,0.8,9004.0,6016.0,15020.0,0.5995,5465.79,1255.46,4210.33,0.0,0,0,0.0,0.0,-0.1757428381916283
312430,3124302,Espinosa (MG),31,0.448,6083.0,0.669,303.16,Faixa 1 (R$ 20k),20000.0,4,0.94,19161.0,4753.0,23914.0,0.8012,3931.28,1187.08,2823.11,1.0,42930,6786,576810.0,551.04,0.7136507260674929
312440,3124401,Espírito Santo do Dourado (MG),31,0.135,837.0,0.747,519.8,Faixa 3 (R$ 10k),10000.0,0,0.35,0.0,6457.0,6457.0,0.0,7714.46,2101.55,5612.9,0.0,0,0,0.0,0.0,-0.4434147002376892
312450,3124500,Estiva (MG),31,0.206,824.0,0.674,434.34,Faixa 3 (R$ 10k),10000.0,0,0.35,0.0,7701.0,7701.0,0.0,9345.87,2298.54,7047.33,0.0,0,0,0.0,0.0,-0.417366784434796
312460,3124609,Estrela Dalva (MG),31,0.346,643.0,0.617,296.13,Faixa 2 (R$ 15k),15000.0,0,0.7,0.0,1577.0,1577.0,0.0,2452.57,357.7,2094.87,0.0,0,0,0.0,0.0,-0.5561589317315272
312470,3124708,Estrela do Indaiá (MG),31,0.292,731.0,0.665,402.07,Faixa 3 (R$ 10k),10000.0,0,0.35,0.0,1216.0,1216.0,0.0,1663.47,489.74,1173.73,0.0,0,0,0.0,0.0,-0.5628661611741957
312480,3124807,Estrela do Sul (MG),31,0.384,1343.0,0.668,457.89,Faixa 2 (R$ 15k),15000.0,0,0.7,411.0,4385.0,4796.0,0.0857,3571.11,366.34,3204.77,0.0,0,0,0.0,0.0,-0.49605083376985365
312490,3124906,Eugenópolis (MG),31,0.242,1746.0,0.667,446.43,Faixa 3 (R$ 10k),10000.0,0,0.35,11778.0,6078.0,17856.0,0.6596,10226.8,1098.51,9128.29,0.0,0,0,0.0,0.0,-0.08676814354571127
312500,3125002,Ewbank da Câmara (MG),31,0.398,1120.0,0.651,348.46,Faixa 2 (R$ 15k),15000.0,0,0.7,0.0,2903.0,2903.0,0.0,2591.96,846.43,1745.54,0.0,0,0,0.0,0.0,-0.541702285794271
312510,3125101,Extrema (MG),31,0.207,3618.0,0.694,592.63,Faixa 3 (R$ 10k),10000.0,0,0.35,2051.0,12517.0,14568.0,0.1408,4026.53,1245.99,2780.54,0.0,0,0,0.0,0.0,-0.4381349995820537
312520,3125200,Fama (MG),31,0.229,328.0,0.632,449.15,Faixa 3 (R$ 10k),10000.0,0,0.35,858.0,1867.0,2725.0,0.3149,8307.93,1621.95,6685.98,0.0,0,0,0.0,0.0,-0.2809454086750731
312530,3125309,Faria Lemos (MG),31,0.235,642.0,0.686,436.72,Faixa 3 (R$ 10k),10000.0,0,0.35,8359.0,2251.0,10610.0,0.7878,16526.48,1417.45,15109.03,0.0,0,0,0.0,0.0,0.07046880898366166
312560,3125606,Felisburgo (MG),31,0.401,1997.0,0.616,293.31,Faixa 1 (R$ 20k),20000.0,0,0.8,420.0,3937.0,4357.0,0.0964,2181.77,723.08,1458.69,0.0,0,0,0.0,0.0,-0.49895523487651233
312570,3125705,Felixlândia (MG),31,0.333,4131.0,0.671,474.04,Faixa 2 (R$ 15k),15000.0,0,0.7,26845.0,8230.0,35075.0,0.7654,8490.68,1059.31,7431.37,0.0,0,0,0.0,0.0,-0.05386721341286542
312540,3125408,Felício dos Santos (MG),31,0.303,892.0,0.677,346.16,Faixa 2 (R$ 15k),15000.0,0,0.7,12.0,5050.0,5062.0,0.0024,5674.89,1196.19,4478.7,0.0,0,0,0.0,0.0,-0.4917870675601588
312590,3125903,Ferros (MG),31,0.499,1696.0,0.646,423.09,Faixa 1 (R$ 20k),20000.0,0,0.8,0.0,7791.0,7791.0,0.0,4593.75,1750.0,2843.75,0.0,0,0,0.0,0.0,-0.49258635713070476
312595,3125952,Fervedouro (MG),31,0.411,1379.0,0.62,325.4,Faixa 1 (R$ 20k),20000.0,0,0.8,9505.0,2818.0,12323.0,0.7713,8936.19,1506.16,7430.02,0.0,0,0,0.0,0.0,-0.033432365014698526
312610,3126109,Formiga (MG),31,0.237,9689.0,0.707,519.41,Faixa 3 (R$ 10k),10000.0,0,0.35,271327.0,12784.0,284111.0,0.955,29323.05,1547.53,27775.52,0.0,0,0,0.0,0.0,0.3269278049903998
312620,3126208,Formoso (MG),31,0.409,1956.0,0.666,334.15,Faixa 1 (R$ 20k),20000.0,0,0.8,34210.0,1719.0,35929.0,0.9522,18368.61,97.14,18271.47,0.0,0,0,0.0,0.0,0.14722793894232655
312630,3126307,Fortaleza de Minas (MG),31,0.231,467.0,0.671,483.99,Faixa 3 (R$ 10k),10000.0,0,0.35,1741.0,1650.0,3391.0,0.5134,7261.24,1862.96,5398.29,0.0,0,0,0.0,0.0,-0.18268742765751025
312660,3126604,Francisco Dumont (MG),31,0.473,1206.0,0.614,270.55,Faixa 1 (R$ 20k),20000.0,0,0.8,0.0,1432.0,1432.0,0.0,1187.4,315.92,871.48,0.0,0,0,0.0,0.0,-0.5734825783050296
312670,3126703,Francisco Sá (MG),31,0.38,5353.0,0.681,350.15,Faixa 2 (R$ 15k),15000.0,8,0.88,51028.0,0.0,51028.0,1.0,9532.6,4067.63,5490.01,1.0,92100,14586,1239810.0,1263.36,0.9654566706494941
312690,3126901,Frei Inocêncio (MG),31,0.337,2663.0,0.677,369.77,Faixa 2 (R$ 15k),15000.0,0,0.7,0.0,16555.0,16555.0,0.0,6216.67,1761.55,4455.13,0.0,0,0,0.0,0.0,-0.4714537924894307
312700,3127008,Fronteira (MG),31,0.362,3207.0,0.665,505.06,Faixa 2 (R$ 15k),15000.0,0,0.7,1319.0,3302.0,4621.0,0.2854,1440.91,1035.24,405.68,0.0,0,0,0.0,0.0,-0.39997385371496413
312705,3127057,Fronteira dos Vales (MG),31,0.559,1016.0,0.617,224.17,Faixa 1 (R$ 20k),20000.0,0,0.8,0.0,9723.0,9723.0,0.0,9569.88,1195.87,8374.02,0.0,0,0,0.0,0.0,-0.44307092988589325
312707,3127073,Fruta de Leite (MG),31,0.527,746.0,0.635,307.0,Faixa 1 (R$ 20k),20000.0,0,0.8,0.0,1312.0,1312.0,0.0,1758.71,675.6,1083.11,0.0,0,0,0.0,0.0,-0.5568263298050086
312710,3127107,Frutal (MG),31,0.288,7711.0,0.674,496.25,Faixa 3 (R$ 10k),10000.0,0,0.35,38443.0,11828.0,50271.0,0.7647,6519.39,3053.43,3465.96,0.0,0,0,0.0,0.0,-0.027859139733216975
312720,3127206,Funilândia (MG),31,0.285,700.0,0.713,374.42,Faixa 3 (R$ 10k),10000.0,0,0.35,0.0,7786.0,7786.0,0.0,11122.86,2062.86,9060.0,0.0,0,0,0.0,0.0,-0.40066440210488297
312730,3127305,Galiléia (MG),31,0.365,1960.0,0.674,398.63,Faixa 2 (R$ 15k),15000.0,0,0.7,15464.0,11734.0,27198.0,0.5686,13876.53,1209.18,12667.35,0.0,0,0,0.0,0.0,-0.08538991684667517
312733,3127339,Gameleiras (MG),31,0.31,320.0,0.708,301.82,Faixa 2 (R$ 15k),15000.0,0,0.7,240.0,3055.0,3295.0,0.0728,10296.88,2625.0,7671.88,0.0,0,0,0.0,0.0,-0.3580245073744411
312737,3127370,Goiabeira (MG),31,0.391,859.0,0.644,344.27,Faixa 2 (R$ 15k),15000.0,0,0.7,12097.0,2804.0,14901.0,0.8118,17346.92,960.42,16386.5,0.0,0,0,0.0,0.0,0.08190433113478279
312738,3127388,Goianá (MG),31,0.202,814.0,0.701,494.76,Faixa 3 (R$ 10k),10000.0,0,0.35,0.0,3759.0,3759.0,0.0,4617.94,2272.73,2345.21,0.0,0,0,0.0,0.0,-0.4787273444207633
312750,3127503,Gonzaga (MG),31,0.345,1138.0,0.673,302.54,Faixa 2 (R$ 15k),15000.0,0,0.7,986.0,10540.0,11526.0,0.0855,10128.3,1532.51,8595.78,0.0,0,0,0.0,0.0,-0.3817580337839307
312740,3127404,Gonçalves (MG),31,0.197,599.0,0.747,764.27,Faixa 3 (R$ 10k),10000.0,0,0.35,0.0,6844.0,6844.0,0.0,11425.71,5662.77,5762.94,0.0,0,0,0.0,0.0,-0.30347172853968857
312760,3127602,Gouveia (MG),31,0.284,3285.0,0.701,369.07,Faixa 3 (R$ 10k),10000.0,0,0.35,57.0,10380.0,10437.0,0.0055,3177.17,632.88,2544.29,0.0,0,0,0.0,0.0,-0.5368033412901385
312770,3127701,Governador Valadares (MG),31,0.276,86140.0,0.713,541.64,Faixa 3 (R$ 10k),10000.0,0,0.35,1359606.0,8428.0,1368034.0,0.9938,15881.52,2436.28,13445.24,0.0,0,0,0.0,0.0,0.19802791346431148
312790,3127909,Grupiara (MG),31,0.211,571.0,0.752,519.35,Faixa 3 (R$ 10k),10000.0,0,0.35,1218.0,1697.0,2915.0,0.4178,5105.08,691.77,4413.31,0.0,0,0,0.0,0.0,-0.29150622957767847
312780,3127800,Grão Mogol (MG),31,0.29,2050.0,0.676,352.55,Faixa 3 (R$ 10k),10000.0,0,0.35,16789.0,3210.0,19999.0,0.8395,9755.61,522.44,9233.17,0.0,0,0,0.0,0.0,-0.012181017786944137
312800,3128006,Guanhães (MG),31,0.32,8962.0,0.705,505.86,Faixa 2 (R$ 15k),15000.0,0,0.7,37286.0,6532.0,43818.0,0.8509,4889.31,580.0,4309.31,0.0,0,0,0.0,0.0,-0.06710104339407494
312810,3128105,Guapé (MG),31,0.189,1145.0,0.694,446.18,Faixa 3 (R$ 10k),10000.0,0,0.35,6176.0,2501.0,8677.0,0.7118,7578.17,1178.17,6400.0,0.0,0,0,0.0,0.0,-0.0909737026285546
312840,3128402,Guarani (MG),31,0.336,1701.0,0.627,371.06,Faixa 2 (R$ 15k),15000.0,0,0.7,3160.0,6386.0,9546.0,0.331,5611.99,1427.4,4184.6,0.0,0,0,0.0,0.0,-0.3120424681380236
312830,3128303,Guaranésia (MG),31,0.285,2687.0,0.676,467.16,Faixa 3 (R$ 10k),10000.0,0,0.35,44278.0,11408.0,55686.0,0.7951,20724.23,1338.67,19385.56,0.0,0,0,0.0,0.0,0.12619061913113566
312850,3128501,Guarará (MG),31,0.29,787.0,0.638,347.93,Faixa 3 (R$ 10k),10000.0,0,0.35,0.0,4952.0,4952.0,0.0,6292.25,1105.46,5186.79,0.0,0,0,0.0,0.0,-0.487488662874423
312860,3128600,Guarda-Mor (MG),31,0.307,1192.0,0.714,499.33,Faixa 2 (R$ 15k),15000.0,0,0.7,7801.0,3377.0,11178.0,0.6979,9377.52,2210.57,7166.95,0.0,0,0,0.0,0.0,-0.048501259966031274
312870,3128709,Guaxupé (MG),31,0.273,6139.0,0.678,459.28,Faixa 3 (R$ 10k),10000.0,2,0.48,376567.0,7859.0,384426.0,0.9796,62620.3,5218.6,57401.69,1.0,21060,3042,258570.0,241.92,1.6657594694795281
312880,3128808,Guidoval (MG),31,0.266,1249.0,0.668,457.91,Faixa 3 (R$ 10k),10000.0,0,0.35,4384.0,15879.0,20263.0,0.2164,16223.38,2543.63,13679.74,0.0,0,0,0.0,0.0,-0.2077727815010027
312890,3128907,Guimarânia (MG),31,0.299,1169.0,0.691,469.81,Faixa 3 (R$ 10k),10000.0,0,0.35,5.0,8041.0,8046.0,0.0006,6882.81,2087.25,4795.55,0.0,0,0,0.0,0.0,-0.45414234850347057
312900,3129004,Guiricema (MG),31,0.323,1258.0,0.603,338.2,Faixa 2 (R$ 15k),15000.0,0,0.7,0.0,5876.0,5876.0,0.0,4670.91,1300.48,3370.43,0.0,0,0,0.0,0.0,-0.503246848748954
312910,3129103,Gurinhatã (MG),31,0.29,577.0,0.7,626.56,Faixa 3 (R$ 10k),10000.0,0,0.35,217.0,2756.0,2973.0,0.073,5152.51,1700.17,3452.34,0.0,0,0,0.0,0.0,-0.447926032752518
312920,3129202,Heliodora (MG),31,0.241,570.0,0.607,328.01,Faixa 3 (R$ 10k),10000.0,0,0.35,0.0,7540.0,7540.0,0.0,13228.07,3475.44,9752.63,0.0,0,0,0.0,0.0,-0.33702793646402673
312930,3129301,Iapu (MG),31,0.298,2015.0,0.658,361.28,Faixa 3 (R$ 10k),10000.0,0,0.35,0.0,13760.0,13760.0,0.0,6828.78,1519.11,5309.68,0.0,0,0,0.0,0.0,-0.4698799784050358
312940,3129400,Ibertioga (MG),31,0.375,838.0,0.633,262.27,Faixa 2 (R$ 15k),15000.0,0,0.7,2765.0,7032.0,9797.0,0.2822,11690.93,1420.05,10270.88,0.0,0,0,0.0,0.0,-0.26012236171336117
312960,3129608,Ibiaí (MG),31,0.467,2354.0,0.632,248.96,Faixa 1 (R$ 20k),20000.0,0,0.8,28044.0,3301.0,31345.0,0.8947,13315.63,409.09,12906.54,0.0,0,0,0.0,0.0,0.05990385333911343
312965,3129657,Ibiracatu (MG),31,0.442,1101.0,0.639,259.45,Faixa 1 (R$ 20k),20000.0,0,0.8,0.0,1257.0,1257.0,0.0,1141.69,282.47,859.22,0.0,0,0,0.0,0.0,-0.5749363304811045
312970,3129707,Ibiraci (MG),31,0.274,1524.0,0.676,420.33,Faixa 3 (R$ 10k),10000.0,0,0.35,55386.0,3389.0,58775.0,0.9423,38566.27,1893.04,36673.23,0.0,0,0,0.0,0.0,0.44779004439615766
312990,3129905,Ibitiúra de Minas (MG),31,0.23,1163.0,0.724,507.07,Faixa 3 (R$ 10k),10000.0,0,0.35,0.0,3754.0,3754.0,0.0,3227.86,625.97,2601.89,0.0,0,0,0.0,0.0,-0.5392534579416128
313000,3130002,Ibituruna (MG),31,0.257,652.0,0.636,299.0,Faixa 3 (R$ 10k),10000.0,0,0.35,280.0,1093.0,1373.0,0.2039,2105.83,579.75,1526.07,0.0,0,0,0.0,0.0,-0.4465387761412483
312950,3129509,Ibiá (MG),31,0.196,3962.0,0.675,481.98,Faixa 3 (R$ 10k),10000.0,0,0.35,83074.0,5781.0,88855.0,0.9349,22426.8,2095.15,20331.65,0.0,0,0,0.0,0.0,0.24191792792313604
313005,3130051,Icaraí de Minas (MG),31,0.4,1104.0,0.693,313.22,Faixa 2 (R$ 15k),15000.0,0,0.7,83.0,3183.0,3266.0,0.0254,2958.33,730.07,2228.26,0.0,0,0,0.0,0.0,-0.5265222087689689
313020,3130200,Igaratinga (MG),31,0.259,1438.0,0.667,512.72,Faixa 3 (R$ 10k),10000.0,0,0.35,6691.0,10936.0,17627.0,0.3796,12258.0,1639.78,10618.22,0.0,0,0,0.0,0.0,-0.19540691605110602
313030,3130309,Iguatama (MG),31,0.213,1639.0,0.696,459.24,Faixa 3 (R$ 10k),10000.0,0,0.35,1255.0,3172.0,4427.0,0.2835,2701.04,1339.84,1361.2,0.0,0,0,0.0,0.0,-0.37691233597512325
313040,3130408,Ijaci (MG),31,0.281,1548.0,0.683,383.25,Faixa 3 (R$ 10k),10000.0,0,0.35,0.0,9389.0,9389.0,0.0,6065.25,1342.38,4722.87,0.0,0,0,0.0,0.0,-0.4842619595742665
313050,3130507,Ilicínea (MG),31,0.277,1635.0,0.649,384.91,Faixa 3 (R$ 10k),10000.0,0,0.35,0.0,4782.0,4782.0,0.0,2924.77,1555.35,1369.42,0.0,0,0,0.0,0.0,-0.5190558349625063
313055,3130556,Imbé de Minas (MG),31,0.241,584.0,0.607,300.72,Faixa 3 (R$ 10k),10000.0,0,0.35,0.0,14116.0,14116.0,0.0,24171.23,5046.23,19125.0,0.0,0,0,0.0,0.0,-0.15583967596014375
313060,3130606,Inconfidentes (MG),31,0.255,732.0,0.653,397.71,Faixa 3 (R$ 10k),10000.0,0,0.35,0.0,5599.0,5599.0,0.0,7648.91,1790.98,5857.92,0.0,0,0,0.0,0.0,-0.4523057293159073
313065,3130655,Indaiabira (MG),31,0.385,988.0,0.66,321.3,Faixa 2 (R$ 15k),15000.0,0,0.7,0.0,1824.0,1824.0,0.0,1846.15,716.6,1129.55,0.0,0,0,0.0,0.0,-0.5546412107288077
313070,3130705,Indianópolis (MG),31,0.349,1018.0,0.621,368.32,Faixa 2 (R$ 15k),15000.0,0,0.7,14366.0,5638.0,20004.0,0.7182,19650.29,2192.53,17457.76,0.0,0,0,0.0,0.0,0.09368468225027451
313080,3130804,Ingaí (MG),31,0.31,678.0,0.659,379.91,Faixa 2 (R$ 15k),15000.0,0,0.7,0.0,6113.0,6113.0,0.0,9016.22,1289.09,7727.14,0.0,0,0,0.0,0.0,-0.44776202237431095
313090,3130903,Inhapim (MG),31,0.333,4027.0,0.67,426.82,Faixa 2 (R$ 15k),15000.0,0,0.7,23540.0,20272.0,43812.0,0.5373,10879.56,1265.71,9613.86,0.0,0,0,0.0,0.0,-0.1390234610851069
313100,3131000,Inhaúma (MG),31,0.241,1542.0,0.716,408.08,Faixa 3 (R$ 10k),10000.0,0,0.35,5281.0,9007.0,14288.0,0.3696,9265.89,1087.55,8178.34,0.0,0,0,0.0,0.0,-0.2534414054043989
313110,3131109,Inimutaba (MG),31,0.301,1853.0,0.692,390.31,Faixa 2 (R$ 15k),15000.0,0,0.7,664.0,6060.0,6724.0,0.0988,3628.71,1445.22,2183.49,0.0,0,0,0.0,0.0,-0.4603892510482779
313115,3131158,Ipaba (MG),31,0.334,5185.0,0.661,372.34,Faixa 2 (R$ 15k),15000.0,0,0.7,1360.0,25894.0,27254.0,0.0499,5256.32,1136.74,4119.58,0.0,0,0,0.0,0.0,-0.4734680347063076
313120,3131208,Ipanema (MG),31,0.356,3849.0,0.655,416.11,Faixa 2 (R$ 15k),15000.0,2,0.88,98137.0,2299.0,100436.0,0.9771,26094.05,1065.21,25028.84,1.0,23250,3588,304980.0,295.68,1.0878999657321433
313130,3131307,Ipatinga (MG),31,0.215,69645.0,0.745,651.13,Faixa 3 (R$ 10k),10000.0,4,0.48,886374.0,11332.0,897706.0,0.9874,12889.74,4436.04,8453.7,1.0,43440,6630,563550.0,712.32,1.011237744203336
313140,3131406,Ipiaçu (MG),31,0.286,811.0,0.67,390.11,Faixa 3 (R$ 10k),10000.0,0,0.35,131.0,2287.0,2418.0,0.0542,2981.5,710.23,2271.27,0.0,0,0,0.0,0.0,-0.5114398349826963
313150,3131505,Ipuiúna (MG),31,0.391,1093.0,0.615,423.03,Faixa 2 (R$ 15k),15000.0,0,0.7,25226.0,6517.0,31743.0,0.7947,29042.09,3530.65,25511.44,0.0,0,0,0.0,0.0,0.2895663278378335
313160,3131604,Iraí de Minas (MG),31,0.449,965.0,0.635,387.39,Faixa 1 (R$ 20k),20000.0,0,0.8,928.0,2921.0,3849.0,0.2411,3988.6,602.07,3386.53,0.0,0,0,0.0,0.0,-0.4020299882297813
313170,3131703,Itabira (MG),31,0.249,36540.0,0.734,555.88,Faixa 3 (R$ 10k),10000.0,1,0.48,445263.0,12693.0,457956.0,0.9723,12533.0,2962.84,9570.17,1.0,10530,1521,129285.0,120.96,0.9604535117563499
313180,3131802,Itabirinha (MG),31,0.404,2780.0,0.651,368.55,Faixa 1 (R$ 20k),20000.0,0,0.8,67065.0,14245.0,81310.0,0.8248,29248.2,3133.81,26114.39,0.0,0,0,0.0,0.0,0.2979163019288671
313190,3131901,Itabirito (MG),31,0.214,11594.0,0.714,571.46,Faixa 3 (R$ 10k),10000.0,0,0.35,490404.0,18974.0,509378.0,0.9628,43934.62,2599.79,41334.83,0.0,0,0,0.0,0.0,0.545910687680626
313200,3132008,Itacambira (MG),31,0.513,1573.0,0.654,272.75,Faixa 1 (R$ 20k),20000.0,0,0.8,0.0,2137.0,2137.0,0.0,1358.55,638.91,719.64,0.0,0,0,0.0,0.0,-0.5629140703342278
313210,3132107,Itacarambi (MG),31,0.387,5620.0,0.665,316.42,Faixa 2 (R$ 15k),15000.0,0,0.7,15821.0,8985.0,24806.0,0.6378,4413.88,960.68,3453.2,0.0,0,0,0.0,0.0,-0.1765405651782402
313230,3132305,Itaipé (MG),31,0.303,1783.0,0.641,389.37,Faixa 2 (R$ 15k),15000.0,0,0.7,0.0,6107.0,6107.0,0.0,3425.13,1028.04,2397.08,0.0,0,0,0.0,0.0,-0.52630006777068
313240,3132404,Itajubá (MG),31,0.224,9420.0,0.73,570.44,Faixa 3 (R$ 10k),10000.0,0,0.35,126677.0,10262.0,136939.0,0.9251,14537.05,3549.79,10987.26,0.0,0,0,0.0,0.0,0.17313503962500926
313250,3132503,Itamarandiba (MG),31,0.355,6940.0,0.678,356.19,Faixa 2 (R$ 15k),15000.0,3,0.88,81045.0,0.0,81045.0,1.0,11677.95,1309.08,10601.15,1.0,34320,5187,440895.0,551.04,0.9228989545728019
313260,3132602,Itamarati de Minas (MG),31,0.239,794.0,0.674,452.66,Faixa 3 (R$ 10k),10000.0,0,0.35,0.0,3626.0,3626.0,0.0,4566.75,874.06,3692.7,0.0,0,0,0.0,0.0,-0.5156361230960453
313280,3132800,Itambé do Mato Dentro (MG),31,0.34,357.0,0.697,327.58,Faixa 2 (R$ 15k),15000.0,0,0.7,0.0,4098.0,4098.0,0.0,11478.99,3257.7,8221.29,0.0,0,0,0.0,0.0,-0.3651241069067802
313290,3132909,Itamogi (MG),31,0.21,1119.0,0.68,392.88,Faixa 3 (R$ 10k),10000.0,0,0.35,2466.0,4146.0,6612.0,0.373,5908.85,3621.98,2286.86,0.0,0,0,0.0,0.0,-0.22903987792546948
313300,3133006,Itamonte (MG),31,0.32,1205.0,0.648,442.47,Faixa 2 (R$ 15k),15000.0,0,0.7,11764.0,8605.0,20369.0,0.5775,16903.73,3417.43,13486.31,0.0,0,0,0.0,0.0,0.015432651508576811
313310,3133105,Itanhandu (MG),31,0.183,1149.0,0.705,473.32,Faixa 3 (R$ 10k),10000.0,0,0.35,47450.0,5329.0,52779.0,0.899,45934.73,11580.5,34354.22,0.0,0,0,0.0,0.0,0.7704622258699428
313320,3133204,Itanhomi (MG),31,0.35,2477.0,0.652,415.1,Faixa 2 (R$ 15k),15000.0,0,0.7,0.0,12146.0,12146.0,0.0,4903.51,1198.63,3704.88,0.0,0,0,0.0,0.0,-0.5029008249869105
313330,3133303,Itaobim (MG),31,0.378,5815.0,0.64,316.8,Faixa 2 (R$ 15k),15000.0,0,0.7,4543.0,7020.0,11563.0,0.3929,1988.48,702.84,1285.64,0.0,0,0,0.0,0.0,-0.34445395929139316
313340,3133402,Itapagipe (MG),31,0.265,1226.0,0.667,542.77,Faixa 3 (R$ 10k),10000.0,0,0.35,3438.0,3477.0,6915.0,0.4972,5640.29,3448.61,2191.68,0.0,0,0,0.0,0.0,-0.17100311611130697
313350,3133501,Itapecerica (MG),31,0.207,2815.0,0.67,487.75,Faixa 3 (R$ 10k),10000.0,0,0.35,1150.0,11894.0,13044.0,0.0882,4633.75,1199.64,3434.1,0.0,0,0,0.0,0.0,-0.4594838619028138
313360,3133600,Itapeva (MG),31,0.204,2256.0,0.748,638.24,Faixa 3 (R$ 10k),10000.0,0,0.35,1848.0,5109.0,6957.0,0.2656,3083.78,1355.05,1728.72,0.0,0,0,0.0,0.0,-0.381113874816071
313390,3133907,Itaverava (MG),31,0.338,723.0,0.658,371.43,Faixa 2 (R$ 15k),15000.0,0,0.7,0.0,3707.0,3707.0,0.0,5127.25,1699.86,3427.39,0.0,0,0,0.0,0.0,-0.4870374767337591
313375,3133758,Itaú de Minas (MG),31,0.193,1683.0,0.772,1158.18,Faixa 3 (R$ 10k),10000.0,0,0.35,20831.0,4142.0,24973.0,0.8341,14838.38,1911.47,12926.92,0.0,0,0,0.0,0.0,0.08619894401673078
313380,3133808,Itaúna (MG),31,0.195,16145.0,0.725,594.77,Faixa 3 (R$ 10k),10000.0,5,0.48,152188.0,9759.0,161947.0,0.9397,10030.78,2339.73,7691.05,1.0,55080,8463,719355.0,658.56,0.8948648670374164
313400,3134004,Itinga (MG),31,0.382,2510.0,0.65,283.52,Faixa 2 (R$ 15k),15000.0,0,0.7,5340.0,6664.0,12004.0,0.4449,4782.47,2905.98,1876.49,0.0,0,0,0.0,0.0,-0.2238619427764834
313410,3134103,Itueta (MG),31,0.344,1097.0,0.633,358.42,Faixa 2 (R$ 15k),15000.0,0,0.7,319.0,2117.0,2436.0,0.131,2220.6,865.09,1355.52,0.0,0,0,0.0,0.0,-0.4763957415716808
313420,3134202,Ituiutaba (MG),31,0.252,19900.0,0.702,601.32,Faixa 3 (R$ 10k),10000.0,0,0.35,157172.0,34344.0,191516.0,0.8207,9623.92,1398.34,8225.58,0.0,0,0,0.0,0.0,-0.0011562557743552194
313430,3134301,Itumirim (MG),31,0.29,1215.0,0.701,386.75,Faixa 3 (R$ 10k),10000.0,0,0.35,0.0,14034.0,14034.0,0.0,11550.62,2400.82,9149.79,0.0,0,0,0.0,0.0,-0.38641390155717403
313440,3134400,Iturama (MG),31,0.278,6965.0,0.705,534.14,Faixa 3 (R$ 10k),10000.0,0,0.35,172651.0,10276.0,182927.0,0.9438,26263.75,3378.46,22885.28,0.0,0,0,0.0,0.0,0.32916172166129937
313450,3134509,Itutinga (MG),31,0.271,711.0,0.696,389.65,Faixa 3 (R$ 10k),10000.0,0,0.35,3446.0,6603.0,10049.0,0.3429,14133.61,2721.52,11412.1,0.0,0,0,0.0,0.0,-0.16278848474181679
313470,3134707,Jacinto (MG),31,0.469,3381.0,0.619,289.32,Faixa 1 (R$ 20k),20000.0,0,0.8,2912.0,4208.0,7120.0,0.409,2105.89,550.43,1555.46,0.0,0,0,0.0,0.0,-0.33834439726566
313490,3134905,Jacutinga (MG),31,0.247,2517.0,0.659,525.04,Faixa 3 (R$ 10k),10000.0,1,0.48,2400.0,6720.0,9120.0,0.2632,3623.36,1179.18,2444.18,0.8163,10080,1638,139230.0,161.28,0.27561802763492577
313480,3134806,Jacuí (MG),31,0.203,480.0,0.692,569.87,Faixa 3 (R$ 10k),10000.0,0,0.35,512.0,5951.0,6463.0,0.0792,13464.58,4014.58,9450.0,0.0,0,0,0.0,0.0,-0.2779453607194638
313510,3135100,Janaúba (MG),31,0.32,22241.0,0.705,375.4,Faixa 2 (R$ 15k),15000.0,0,0.7,204227.0,5077.0,209304.0,0.9757,9410.73,1770.42,7640.3,0.0,0,0,0.0,0.0,0.08809012330150337
313520,3135209,Januária (MG),31,0.375,15562.0,0.697,370.79,Faixa 2 (R$ 15k),15000.0,4,0.88,124714.0,0.0,124714.0,1.0,8014.01,939.08,7124.28,1.0,44760,6747,573495.0,645.12,0.8650391322557475
313530,3135308,Japaraíba (MG),31,0.349,397.0,0.687,493.5,Faixa 2 (R$ 15k),15000.0,0,0.7,0.0,3654.0,3654.0,0.0,9204.03,2244.33,6959.7,0.0,0,0,0.0,0.0,-0.4205926128793143
313535,3135357,Japonvar (MG),31,0.371,1104.0,0.679,317.9,Faixa 2 (R$ 15k),15000.0,0,0.7,0.0,3013.0,3013.0,0.0,2729.17,881.34,1847.83,0.0,0,0,0.0,0.0,-0.5390361906371645
313505,3135050,Jaíba (MG),31,0.389,6460.0,0.664,345.54,Faixa 2 (R$ 15k),15000.0,0,0.7,487.0,17532.0,18019.0,0.027,2789.32,577.86,2211.46,0.0,0,0,0.0,0.0,-0.5317868937694158
313540,3135407,Jeceaba (MG),31,0.215,817.0,0.711,470.46,Faixa 3 (R$ 10k),10000.0,0,0.35,2156.0,4009.0,6165.0,0.3497,7545.9,903.3,6642.59,0.0,0,0,0.0,0.0,-0.2908675053274411
313545,3135456,Jenipapo de Minas (MG),31,0.29,1204.0,0.685,389.51,Faixa 3 (R$ 10k),10000.0,0,0.35,0.0,4757.0,4757.0,0.0,3951.0,864.62,3086.38,0.0,0,0,0.0,0.0,-0.5237851367852683
313550,3135506,Jequeri (MG),31,0.458,2423.0,0.628,335.82,Faixa 1 (R$ 20k),20000.0,0,0.8,0.0,10964.0,10964.0,0.0,4524.97,1312.42,3212.55,0.0,0,0,0.0,0.0,-0.5048107851577454
313570,3135704,Jequitibá (MG),31,0.371,712.0,0.683,401.26,Faixa 2 (R$ 15k),15000.0,0,0.7,405.0,8566.0,8971.0,0.0451,12599.72,2978.93,9620.79,0.0,0,0,0.0,0.0,-0.3340047768634831
313580,3135803,Jequitinhonha (MG),31,0.395,6171.0,0.647,353.57,Faixa 2 (R$ 15k),15000.0,0,0.7,37811.0,14078.0,51889.0,0.7287,8408.52,1459.57,6948.95,0.0,0,0,0.0,0.0,-0.06404348158728365
313590,3135902,Jesuânia (MG),31,0.303,408.0,0.647,325.53,Faixa 2 (R$ 15k),15000.0,0,0.7,0.0,6282.0,6282.0,0.0,15397.06,3120.1,12276.96,0.0,0,0,0.0,0.0,-0.3183949531911361
313610,3136108,Joanésia (MG),31,0.284,602.0,0.708,503.77,Faixa 3 (R$ 10k),10000.0,0,0.35,0.0,11185.0,11185.0,0.0,18579.73,3986.71,14593.02,0.0,0,0,0.0,0.0,-0.2550781657527361
313600,3136009,Joaíma (MG),31,0.431,3829.0,0.616,274.66,Faixa 1 (R$ 20k),20000.0,0,0.8,379.0,10470.0,10849.0,0.0349,2833.38,761.82,2071.56,0.0,0,0,0.0,0.0,-0.5222566486790562
313650,3136504,Jordânia (MG),31,0.394,2418.0,0.645,334.91,Faixa 2 (R$ 15k),15000.0,0,0.7,0.0,2433.0,2433.0,0.0,1006.2,301.9,704.3,0.0,0,0,0.0,0.0,-0.5761719909187943
313657,3136579,Josenópolis (MG),31,0.421,940.0,0.646,278.5,Faixa 1 (R$ 20k),20000.0,0,0.8,0.0,962.0,962.0,0.0,1023.4,414.89,608.51,0.0,0,0,0.0,0.0,-0.5730226419469261
313652,3136520,José Gonçalves de Minas (MG),31,0.437,1619.0,0.652,301.1,Faixa 1 (R$ 20k),20000.0,0,0.8,0.0,1288.0,1288.0,0.0,795.55,179.12,616.43,0.0,0,0,0.0,0.0,-0.5820583674142709
313655,3136553,José Raydan (MG),31,0.29,600.0,0.667,346.26,Faixa 3 (R$ 10k),10000.0,0,0.35,0.0,1564.0,1564.0,0.0,2606.67,971.67,1635.0,0.0,0,0,0.0,0.0,-0.538267463846519
313620,3136207,João Monlevade (MG),31,0.216,23292.0,0.735,572.55,Faixa 3 (R$ 10k),10000.0,0,0.35,304763.0,17042.0,321805.0,0.947,13816.12,1993.3,11822.81,0.0,0,0,0.0,0.0,0.1351720459778171
313630,3136306,João Pinheiro (MG),31,0.347,11101.0,0.712,503.84,Faixa 2 (R$ 15k),15000.0,0,0.7,281921.0,19887.0,301808.0,0.9341,27187.46,1159.45,26028.02,0.0,0,0,0.0,0.0,0.2783526238945814
313670,3136702,Juiz de Fora (MG),31,0.31,109433.0,0.719,594.09,Faixa 2 (R$ 15k),15000.0,16,0.88,954796.0,0.0,954796.0,1.0,8724.94,2932.33,5792.6,1.0,164010,25857,2197845.0,2714.88,0.9254940350258556
313680,3136801,Juramento (MG),31,0.301,850.0,0.679,305.44,Faixa 2 (R$ 15k),15000.0,0,0.7,0.0,3343.0,3343.0,0.0,3932.94,1029.41,2903.53,0.0,0,0,0.0,0.0,-0.5197458247276237
313690,3136900,Juruaia (MG),31,0.189,2363.0,0.747,789.54,Faixa 3 (R$ 10k),10000.0,0,0.35,41513.0,4141.0,45654.0,0.9093,19320.36,2992.38,16327.97,0.0,0,0,0.0,0.0,0.21169682648066238
313695,3136959,Juvenília (MG),31,0.473,1440.0,0.621,206.76,Faixa 1 (R$ 20k),20000.0,0,0.8,0.0,4593.0,4593.0,0.0,3189.58,344.44,2845.14,0.0,0,0,0.0,0.0,-0.5470417473835131
313700,3137007,Ladainha (MG),31,0.432,1851.0,0.636,383.06,Faixa 1 (R$ 20k),20000.0,0,0.8,0.0,7614.0,7614.0,0.0,4113.45,863.32,3250.14,0.0,0,0,0.0,0.0,-0.5217334217116804
313710,3137106,Lagamar (MG),31,0.267,963.0,0.727,608.16,Faixa 3 (R$ 10k),10000.0,0,0.35,7371.0,4509.0,11880.0,0.6205,12336.45,1362.41,10974.04,0.0,0,0,0.0,0.0,-0.07361774290678554
313740,3137403,Lagoa Dourada (MG),31,0.319,1282.0,0.615,336.94,Faixa 2 (R$ 15k),15000.0,0,0.7,6136.0,5500.0,11636.0,0.5273,9076.44,1429.8,7646.65,0.0,0,0,0.0,0.0,-0.16322900287561368
313750,3137502,Lagoa Formosa (MG),31,0.242,2731.0,0.694,475.1,Faixa 3 (R$ 10k),10000.0,0,0.35,12893.0,12160.0,25053.0,0.5146,9173.56,2828.27,6345.29,0.0,0,0,0.0,0.0,-0.13248232252767073
313753,3137536,Lagoa Grande (MG),31,0.344,1661.0,0.682,450.45,Faixa 2 (R$ 15k),15000.0,0,0.7,0.0,8980.0,8980.0,0.0,5406.38,824.2,4582.18,0.0,0,0,0.0,0.0,-0.5061503166003432
313720,3137205,Lagoa da Prata (MG),31,0.242,9744.0,0.714,517.23,Faixa 3 (R$ 10k),10000.0,0,0.35,37107.0,34021.0,71128.0,0.5217,7299.67,1162.36,6137.32,0.0,0,0,0.0,0.0,-0.1959436240595333
313770,3137700,Lajinha (MG),31,0.338,3366.0,0.663,420.26,Faixa 2 (R$ 15k),15000.0,0,0.7,2599.0,5522.0,8121.0,0.32,2412.66,608.73,1803.92,0.0,0,0,0.0,0.0,-0.3801741427465463
313780,3137809,Lambari (MG),31,0.341,2164.0,0.669,504.29,Faixa 2 (R$ 15k),15000.0,0,0.7,18432.0,10496.0,28928.0,0.6372,13367.84,2004.16,11363.68,0.0,0,0,0.0,0.0,-0.03487324232290186
313790,3137908,Lamim (MG),31,0.475,913.0,0.644,304.12,Faixa 1 (R$ 20k),20000.0,0,0.8,0.0,3178.0,3178.0,0.0,3480.83,1016.43,2464.4,0.0,0,0,0.0,0.0,-0.5258859054465036
313800,3138005,Laranjal (MG),31,0.208,736.0,0.661,440.57,Faixa 3 (R$ 10k),10000.0,0,0.35,0.0,2604.0,2604.0,0.0,3538.04,1112.77,2425.27,0.0,0,0,0.0,0.0,-0.52265450181596
313810,3138104,Lassance (MG),31,0.417,1595.0,0.649,310.92,Faixa 1 (R$ 20k),20000.0,0,0.8,14786.0,4962.0,19748.0,0.7487,12381.19,775.55,11605.64,0.0,0,0,0.0,0.0,-0.020151516759449938
313820,3138203,Lavras (MG),31,0.241,20095.0,0.733,587.64,Faixa 3 (R$ 10k),10000.0,1,0.48,436285.0,10531.0,446816.0,0.9764,22235.18,2608.11,19627.07,0.0,11880,1716,145860.0,241.92,0.27479908189208163
313830,3138302,Leandro Ferreira (MG),31,0.176,468.0,0.678,530.46,Faixa 3 (R$ 10k),10000.0,0,0.35,0.0,4591.0,4591.0,0.0,9809.83,1743.59,8066.24,0.0,0,0,0.0,0.0,-0.42579460327007757
313835,3138351,Leme do Prado (MG),31,0.184,667.0,0.722,378.53,Faixa 3 (R$ 10k),10000.0,0,0.35,0.0,2333.0,2333.0,0.0,3497.75,935.53,2562.22,0.0,0,0,0.0,0.0,-0.5277655304670636
313840,3138401,Leopoldina (MG),31,0.323,12339.0,0.674,387.34,Faixa 2 (R$ 15k),15000.0,0,0.7,111433.0,9564.0,120997.0,0.921,9806.06,1339.41,8466.65,0.0,0,0,0.0,0.0,0.052935944274394055
313850,3138500,Liberdade (MG),31,0.284,552.0,0.62,311.74,Faixa 3 (R$ 10k),10000.0,0,0.35,6072.0,1832.0,7904.0,0.7682,14318.84,911.23,13407.61,0.0,0,0,0.0,0.0,0.018597217846157234
313860,3138609,Lima Duarte (MG),31,0.308,2651.0,0.679,430.04,Faixa 2 (R$ 15k),15000.0,0,0.7,1602.0,7072.0,8674.0,0.1847,3271.97,1250.47,2021.5,0.0,0,0,0.0,0.0,-0.4243844237316418
313862,3138625,Limeira do Oeste (MG),31,0.246,1201.0,0.712,572.59,Faixa 3 (R$ 10k),10000.0,0,0.35,24370.0,3417.0,27787.0,0.877,23136.55,5253.96,17882.6,0.0,0,0,0.0,0.0,0.3021435166699762
313865,3138658,Lontra (MG),31,0.343,1737.0,0.69,340.16,Faixa 2 (R$ 15k),15000.0,0,0.7,0.0,2475.0,2475.0,0.0,1424.87,407.6,1017.27,0.0,0,0,0.0,0.0,-0.5680579902729871
313867,3138674,Luisburgo (MG),31,0.351,485.0,0.663,451.68,Faixa 2 (R$ 15k),15000.0,0,0.7,0.0,4501.0,4501.0,0.0,9280.41,1767.01,7513.4,0.0,0,0,0.0,0.0,-0.43198365750048673
313868,3138682,Luislândia (MG),31,0.405,1104.0,0.696,380.37,Faixa 1 (R$ 20k),20000.0,2,0.94,5400.0,0.0,5400.0,1.0,4891.3,2717.39,2441.12,1.0,22800,3705,314925.0,336.0,0.872517635309005
313870,3138708,Luminárias (MG),31,0.326,701.0,0.663,377.29,Faixa 2 (R$ 15k),15000.0,0,0.7,0.0,11450.0,11450.0,0.0,16333.81,2894.44,13439.37,0.0,0,0,0.0,0.0,-0.31221887702746554
313880,3138807,Luz (MG),31,0.211,3758.0,0.716,519.7,Faixa 3 (R$ 10k),10000.0,0,0.35,8339.0,11315.0,19654.0,0.4243,5229.91,536.99,4692.92,0.0,0,0,0.0,0.0,-0.2904625696573037
313890,3138906,Machacalis (MG),31,0.367,2093.0,0.648,322.7,Faixa 2 (R$ 15k),15000.0,0,0.7,9089.0,6033.0,15122.0,0.601,7225.04,1053.99,6171.05,0.0,0,0,0.0,0.0,-0.15758466997554785
313900,3139003,Machado (MG),31,0.278,6852.0,0.68,451.3,Faixa 3 (R$ 10k),10000.0,0,0.35,64438.0,9549.0,73987.0,0.8709,10797.87,1636.02,9161.85,0.0,0,0,0.0,0.0,0.04674119876394367
313910,3139102,Madre de Deus de Minas (MG),31,0.359,578.0,0.661,281.53,Faixa 2 (R$ 15k),15000.0,0,0.7,12353.0,2442.0,14795.0,0.8349,25596.89,1067.47,24529.41,0.0,0,0,0.0,0.0,0.202853472881478
313920,3139201,Malacacheta (MG),31,0.483,4571.0,0.651,346.58,Faixa 1 (R$ 20k),20000.0,0,0.8,4824.0,6932.0,11756.0,0.4103,2571.87,799.17,1772.7,0.0,0,0,0.0,0.0,-0.3252250859122676
313925,3139250,Mamonas (MG),31,0.324,826.0,0.686,329.4,Faixa 2 (R$ 15k),15000.0,0,0.7,0.0,3120.0,3120.0,0.0,3777.24,1185.23,2592.01,0.0,0,0,0.0,0.0,-0.5177058637864385
313930,3139300,Manga (MG),31,0.388,5451.0,0.668,377.83,Faixa 2 (R$ 15k),15000.0,0,0.7,138173.0,4963.0,143136.0,0.9653,26258.67,1301.6,24957.07,0.0,0,0,0.0,0.0,0.28668829224994036
313940,3139409,Manhuaçu (MG),31,0.297,17222.0,0.678,460.33,Faixa 3 (R$ 10k),10000.0,0,0.35,135914.0,15876.0,151790.0,0.8954,8813.73,1195.16,7618.57,0.0,0,0,0.0,0.0,0.022859541666816273
313950,3139508,Manhumirim (MG),31,0.328,4456.0,0.683,443.49,Faixa 2 (R$ 15k),15000.0,0,0.7,24818.0,8412.0,33230.0,0.7469,7457.36,958.26,6499.1,0.0,0,0,0.0,0.0,-0.07957843802263079
313960,3139607,Mantena (MG),31,0.274,6715.0,0.665,435.42,Faixa 3 (R$ 10k),10000.0,0,0.35,139523.0,11308.0,150831.0,0.925,22461.8,863.29,21598.51,0.0,0,0,0.0,0.0,0.20517989790606958
313980,3139805,Mar de Espanha (MG),31,0.213,2252.0,0.652,423.47,Faixa 3 (R$ 10k),10000.0,0,0.35,0.0,7286.0,7286.0,0.0,3235.35,960.92,2274.42,0.0,0,0,0.0,0.0,-0.5304759040959659
313970,3139706,Maravilhas (MG),31,0.299,1454.0,0.709,413.28,Faixa 3 (R$ 10k),10000.0,0,0.35,6532.0,7601.0,14133.0,0.4622,9720.08,1195.32,8524.76,0.0,0,0,0.0,0.0,-0.19562670159553514
313990,3139904,Maria da Fé (MG),31,0.32,1193.0,0.679,320.32,Faixa 2 (R$ 15k),15000.0,0,0.7,0.0,16215.0,16215.0,0.0,13591.79,6366.3,7225.48,0.0,0,0,0.0,0.0,-0.25743161809681825
314000,3140001,Mariana (MG),31,0.266,15426.0,0.724,561.77,Faixa 3 (R$ 10k),10000.0,0,0.35,97670.0,26500.0,124170.0,0.7866,8049.4,897.83,7151.56,0.0,0,0,0.0,0.0,-0.05245537770232369
314020,3140209,Maripá de Minas (MG),31,0.182,1151.0,0.693,506.7,Faixa 3 (R$ 10k),10000.0,0,0.35,0.0,4419.0,4419.0,0.0,3839.27,848.83,2990.44,0.0,0,0,0.0,0.0,-0.5256286514695319
314040,3140407,Marmelópolis (MG),31,0.278,785.0,0.71,459.33,Faixa 3 (R$ 10k),10000.0,0,0.35,0.0,4055.0,4055.0,0.0,5165.61,2117.2,3048.41,0.0,0,0,0.0,0.0,-0.47572813964034405
314050,3140506,Martinho Campos (MG),31,0.289,2492.0,0.647,453.34,Faixa 3 (R$ 10k),10000.0,0,0.35,0.0,7614.0,7614.0,0.0,3055.38,648.48,2406.9,0.0,0,0,0.0,0.0,-0.540884122798896
314053,3140530,Martins Soares (MG),31,0.293,750.0,0.648,393.06,Faixa 3 (R$ 10k),10000.0,0,0.35,26817.0,4097.0,30914.0,0.8675,41218.67,1076.0,40142.67,0.0,0,0,0.0,0.0,0.42092645592941713
314055,3140555,Mata Verde (MG),31,0.42,2315.0,0.604,262.83,Faixa 1 (R$ 20k),20000.0,0,0.8,0.0,3744.0,3744.0,0.0,1617.28,385.75,1231.53,0.0,0,0,0.0,0.0,-0.566154381192348
317150,3171501,Mathias Lobato (MG),31,0.496,1314.0,0.601,295.3,Faixa 1 (R$ 20k),20000.0,0,0.8,48.0,7117.0,7165.0,0.0067,5452.82,833.33,4619.48,0.0,0,0,0.0,0.0,-0.5017584219373221
314080,3140803,Matias Barbosa (MG),31,0.378,3289.0,0.685,451.3,Faixa 2 (R$ 15k),15000.0,0,0.7,917.0,10183.0,11100.0,0.0826,3374.89,947.1,2427.79,0.0,0,0,0.0,0.0,-0.4851639079208724
314085,3140852,Matias Cardoso (MG),31,0.454,2093.0,0.627,272.95,Faixa 1 (R$ 20k),20000.0,0,0.8,0.0,7804.0,7804.0,0.0,3728.62,915.43,2813.19,0.0,0,0,0.0,0.0,-0.5253228594436183
314090,3140902,Matipó (MG),31,0.43,4666.0,0.642,349.28,Faixa 1 (R$ 20k),20000.0,0,0.8,1421.0,4704.0,6125.0,0.232,1312.69,343.33,969.35,0.0,0,0,0.0,0.0,-0.44792055908810086
314100,3141009,Mato Verde (MG),31,0.349,2782.0,0.682,295.19,Faixa 2 (R$ 15k),15000.0,0,0.7,1386.0,6250.0,7636.0,0.1815,2744.79,1144.14,1600.65,0.0,0,0,0.0,0.0,-0.4356075847626225
314120,3141207,Matutina (MG),31,0.187,384.0,0.713,700.67,Faixa 3 (R$ 10k),10000.0,0,0.35,0.0,2590.0,2590.0,0.0,6744.79,2421.88,4322.92,0.0,0,0,0.0,0.0,-0.44755950463835886
314130,3141306,Medeiros (MG),31,0.392,618.0,0.678,488.33,Faixa 2 (R$ 15k),15000.0,0,0.7,0.0,1080.0,1080.0,0.0,1747.57,430.42,1317.15,0.0,0,0,0.0,0.0,-0.5633240825896977
314140,3141405,Medina (MG),31,0.343,5683.0,0.639,381.6,Faixa 2 (R$ 15k),15000.0,0,0.7,7655.0,7847.0,15502.0,0.4938,2727.78,1012.85,1714.94,0.0,0,0,0.0,0.0,-0.2733283441326326
314150,3141504,Mendes Pimentel (MG),31,0.342,1164.0,0.65,399.41,Faixa 2 (R$ 15k),15000.0,0,0.7,64.0,9869.0,9933.0,0.0064,8533.51,1665.81,6867.7,0.0,0,0,0.0,0.0,-0.4407946381775834
314160,3141603,Mercês (MG),31,0.389,1366.0,0.64,322.04,Faixa 2 (R$ 15k),15000.0,1,0.88,2350.0,4859.0,7209.0,0.326,5277.45,1085.65,4191.8,0.0,12240,1326,112710.0,40.32,-0.32785079345752666
314170,3141702,Mesquita (MG),31,0.318,1365.0,0.683,393.85,Faixa 2 (R$ 15k),15000.0,0,0.7,0.0,8058.0,8058.0,0.0,5903.3,1585.35,4317.95,0.0,0,0,0.0,0.0,-0.48004341274727835
314180,3141801,Minas Novas (MG),31,0.337,4901.0,0.71,475.46,Faixa 2 (R$ 15k),15000.0,3,0.88,19944.0,6845.0,26789.0,0.7445,5466.03,1282.39,4183.64,1.0,29730,4641,394485.0,309.12,0.7051687000397922
314190,3141900,Minduri (MG),31,0.414,1019.0,0.671,308.47,Faixa 1 (R$ 20k),20000.0,0,0.8,3642.0,1723.0,5365.0,0.6788,5264.97,795.88,4469.09,0.0,0,0,0.0,0.0,-0.14810660708612758
314200,3142007,Mirabela (MG),31,0.418,3725.0,0.671,300.8,Faixa 1 (R$ 20k),20000.0,9,0.94,26998.0,0.0,26998.0,1.0,7247.79,3893.69,3354.09,1.0,96180,14430,1226550.0,1532.16,0.9314493387546413
314210,3142106,Miradouro (MG),31,0.259,1208.0,0.653,403.42,Faixa 3 (R$ 10k),10000.0,0,0.35,19331.0,21180.0,40511.0,0.4772,33535.6,963.58,32572.02,0.0,0,0,0.0,0.0,0.11205081576353626
314225,3142254,Miravânia (MG),31,0.411,1205.0,0.602,217.16,Faixa 1 (R$ 20k),20000.0,0,0.8,0.0,7306.0,7306.0,0.0,6063.07,1903.73,4159.34,0.0,0,0,0.0,0.0,-0.4697404730927959
314220,3142205,Miraí (MG),31,0.257,2455.0,0.646,386.21,Faixa 3 (R$ 10k),10000.0,0,0.35,8293.0,4870.0,13163.0,0.63,5361.71,1175.56,4186.15,0.0,0,0,0.0,0.0,-0.16294755197384853
314230,3142304,Moeda (MG),31,0.285,1270.0,0.629,378.19,Faixa 3 (R$ 10k),10000.0,0,0.35,914.0,3369.0,4283.0,0.2134,3372.44,923.62,2448.82,0.0,0,0,0.0,0.0,-0.4163201904359113
314240,3142403,Moema (MG),31,0.223,1259.0,0.697,527.23,Faixa 3 (R$ 10k),10000.0,0,0.35,585.0,5936.0,6521.0,0.0897,5179.51,1214.46,3965.05,0.0,0,0,0.0,0.0,-0.45129702285826234
314260,3142601,Monsenhor Paulo (MG),31,0.253,925.0,0.711,460.64,Faixa 3 (R$ 10k),10000.0,0,0.35,8596.0,5247.0,13843.0,0.621,14965.41,3960.0,11005.41,0.0,0,0,0.0,0.0,0.0277215557641749
314270,3142700,Montalvânia (MG),31,0.378,3486.0,0.651,329.11,Faixa 2 (R$ 15k),15000.0,1,0.88,3000.0,5201.0,8201.0,0.3658,2352.55,949.8,1402.75,1.0,12720,2067,175695.0,174.72,0.4554077183063461
314280,3142809,Monte Alegre de Minas (MG),31,0.335,2766.0,0.641,421.68,Faixa 2 (R$ 15k),15000.0,0,0.7,20842.0,11454.0,32296.0,0.6453,11676.07,1702.1,9973.97,0.0,0,0,0.0,0.0,-0.060116308431255636
314290,3142908,Monte Azul (MG),31,0.31,3743.0,0.696,372.32,Faixa 2 (R$ 15k),15000.0,6,0.88,15738.0,239.0,15977.0,0.985,4268.5,2353.19,2610.74,1.0,65700,10296,875160.0,779.52,0.850009582870061
314300,3143005,Monte Belo (MG),31,0.317,989.0,0.646,405.27,Faixa 2 (R$ 15k),15000.0,0,0.7,4744.0,4446.0,9190.0,0.5162,9292.21,2247.72,7044.49,0.0,0,0,0.0,0.0,-0.14515638963439312
314310,3143104,Monte Carmelo (MG),31,0.283,8193.0,0.69,537.92,Faixa 3 (R$ 10k),10000.0,0,0.35,8764.0,18322.0,27086.0,0.3236,3305.99,1488.47,1817.53,0.0,0,0,0.0,0.0,-0.34399236199321775
314315,3143153,Monte Formoso (MG),31,0.362,587.0,0.639,308.44,Faixa 2 (R$ 15k),15000.0,0,0.7,304.0,2075.0,2379.0,0.1278,4052.81,1465.08,2587.73,0.0,0,0,0.0,0.0,-0.4390249927974372
314320,3143203,Monte Santo de Minas (MG),31,0.252,2647.0,0.707,495.03,Faixa 3 (R$ 10k),10000.0,0,0.35,10950.0,6846.0,17796.0,0.6153,6723.08,2420.85,4302.23,0.0,0,0,0.0,0.0,-0.12100452253386748
314340,3143401,Monte Sião (MG),31,0.236,8296.0,0.749,780.17,Faixa 3 (R$ 10k),10000.0,0,0.35,0.0,7290.0,7290.0,0.0,878.74,351.01,527.72,0.0,0,0,0.0,0.0,-0.5765353718032491
314330,3143302,Montes Claros (MG),31,0.267,117547.0,0.754,526.02,Faixa 3 (R$ 10k),10000.0,15,0.48,992143.0,0.0,992143.0,1.0,8440.39,2072.76,6377.17,1.0,168240,25077,2131545.0,2755.2,0.8996269222692559
314345,3143450,Montezuma (MG),31,0.337,872.0,0.668,315.59,Faixa 2 (R$ 15k),15000.0,0,0.7,0.0,1891.0,1891.0,0.0,2168.58,549.31,1619.27,0.0,0,0,0.0,0.0,-0.5548381759264217
314350,3143500,Morada Nova de Minas (MG),31,0.29,1592.0,0.696,443.25,Faixa 3 (R$ 10k),10000.0,0,0.35,11069.0,4737.0,15806.0,0.7003,9928.39,655.78,9272.61,0.0,0,0,0.0,0.0,-0.08045306773366805
314380,3143807,Munhoz (MG),31,0.448,591.0,0.585,307.35,Faixa 1 (R$ 20k),20000.0,0,0.8,15709.0,3655.0,19364.0,0.8112,32764.81,2568.53,30196.28,0.0,0,0,0.0,0.0,0.32118245984444027
314390,3143906,Muriaé (MG),31,0.264,21443.0,0.697,512.94,Faixa 3 (R$ 10k),10000.0,0,0.35,484782.0,7091.0,491873.0,0.9856,22938.63,2514.11,20424.52,0.0,0,0,0.0,0.0,0.2862800208909888
314400,3144003,Mutum (MG),31,0.316,4242.0,0.676,477.83,Faixa 2 (R$ 15k),15000.0,0,0.7,8952.0,6883.0,15835.0,0.5653,3732.91,564.36,3168.55,0.0,0,0,0.0,0.0,-0.23406770177208241
314410,3144102,Muzambinho (MG),31,0.159,7977.0,0.762,764.66,Faixa 3 (R$ 10k),10000.0,0,0.35,9659.0,8322.0,17981.0,0.5372,2254.11,585.31,1668.8,0.0,0,0,0.0,0.0,-0.2674351147687549
314430,3144300,Nanuque (MG),31,0.346,13268.0,0.687,434.61,Faixa 2 (R$ 15k),15000.0,0,0.7,7371.0,9544.0,16915.0,0.4358,1274.87,185.94,1088.94,0.0,0,0,0.0,0.0,-0.3442223689215822
314435,3144359,Naque (MG),31,0.327,2279.0,0.68,366.85,Faixa 2 (R$ 15k),15000.0,0,0.7,0.0,7213.0,7213.0,0.0,3164.98,984.2,2180.78,0.0,0,0,0.0,0.0,-0.5307757760056816
314437,3144375,Natalândia (MG),31,0.38,772.0,0.691,394.82,Faixa 2 (R$ 15k),15000.0,0,0.7,844.0,1966.0,2810.0,0.3004,3639.9,253.89,3386.01,0.0,0,0,0.0,0.0,-0.38402914650263437
314440,3144409,Natércia (MG),31,0.264,1403.0,0.756,626.11,Faixa 3 (R$ 10k),10000.0,0,0.35,923.0,3623.0,4546.0,0.203,3240.2,868.85,2371.35,0.0,0,0,0.0,0.0,-0.4249620008361664
314450,3144508,Nazareno (MG),31,0.264,1602.0,0.677,402.64,Faixa 3 (R$ 10k),10000.0,0,0.35,2340.0,2232.0,4572.0,0.5118,2853.93,521.22,2332.71,0.0,0,0,0.0,0.0,-0.2748894820621631
314460,3144607,Nepomuceno (MG),31,0.3,4669.0,0.642,373.34,Faixa 3 (R$ 10k),10000.0,0,0.35,74780.0,14152.0,88932.0,0.8409,19047.33,1359.61,17687.73,0.0,0,0,0.0,0.0,0.12953729018467436
314465,3144656,Ninheira (MG),31,0.337,840.0,0.651,319.77,Faixa 2 (R$ 15k),15000.0,0,0.7,289.0,3503.0,3792.0,0.0762,4514.29,1461.9,3052.38,0.0,0,0,0.0,0.0,-0.4605945614409041
314467,3144672,Nova Belém (MG),31,0.397,1167.0,0.58,215.88,Faixa 2 (R$ 15k),15000.0,0,0.7,288.0,4804.0,5092.0,0.0566,4363.32,429.31,3934.02,0.0,0,0,0.0,0.0,-0.4997077438624379
314470,3144706,Nova Era (MG),31,0.325,5688.0,0.703,469.36,Faixa 2 (R$ 15k),15000.0,0,0.7,4659.0,16872.0,21531.0,0.2164,3785.34,1508.44,2276.9,0.0,0,0,0.0,0.0,-0.39426841970716775
314490,3144904,Nova Módica (MG),31,0.375,959.0,0.647,358.18,Faixa 2 (R$ 15k),15000.0,0,0.7,0.0,3529.0,3529.0,0.0,3679.87,1126.17,2553.7,0.0,0,0,0.0,0.0,-0.5204865445052975
314500,3145000,Nova Ponte (MG),31,0.321,2560.0,0.678,514.56,Faixa 2 (R$ 15k),15000.0,0,0.7,588.0,7173.0,7761.0,0.0758,3031.64,716.8,2314.84,0.0,0,0,0.0,0.0,-0.4991515318074441
314505,3145059,Nova Porteirinha (MG),31,0.393,1383.0,0.665,283.68,Faixa 2 (R$ 15k),15000.0,0,0.7,0.0,13838.0,13838.0,0.0,10005.78,1616.05,8389.73,0.0,0,0,0.0,0.0,-0.42658490084311473
314510,3145109,Nova Resende (MG),31,0.316,1075.0,0.628,409.16,Faixa 2 (R$ 15k),15000.0,0,0.7,2307.0,4553.0,6860.0,0.3363,6381.4,3336.74,3044.65,0.0,0,0,0.0,0.0,-0.24986271156216705
314520,3145208,Nova Serrana (MG),31,0.198,18314.0,0.713,556.74,Faixa 3 (R$ 10k),10000.0,0,0.35,380053.0,21275.0,401328.0,0.947,21913.73,892.0,21021.73,0.0,0,0,0.0,0.0,0.21057541437831467
314530,3145307,Novo Cruzeiro (MG),31,0.37,4172.0,0.649,385.86,Faixa 2 (R$ 15k),15000.0,0,0.7,7805.0,13167.0,20972.0,0.3722,5026.85,1339.88,3686.96,0.0,0,0,0.0,0.0,-0.29993603218464343
314535,3145356,Novo Oriente de Minas (MG),31,0.462,1597.0,0.624,328.67,Faixa 1 (R$ 20k),20000.0,0,0.8,0.0,17493.0,17493.0,0.0,10953.66,1458.36,9495.3,0.0,0,0,0.0,0.0,-0.4185042557762738
314537,3145372,Novorizonte (MG),31,0.498,610.0,0.654,357.19,Faixa 1 (R$ 20k),20000.0,0,0.8,123.0,1018.0,1141.0,0.1078,1870.49,770.49,1100.0,0.0,0,0,0.0,0.0,-0.49566635246394686
314540,3145406,Olaria (MG),31,0.301,378.0,0.621,319.64,Faixa 2 (R$ 15k),15000.0,0,0.7,624.0,1040.0,1664.0,0.375,4402.12,2576.72,1825.4,0.0,0,0,0.0,0.0,-0.27441078952533776
314560,3145604,Oliveira (MG),31,0.27,8169.0,0.678,471.85,Faixa 3 (R$ 10k),10000.0,1,0.48,31662.0,6478.0,38140.0,0.8302,4668.87,688.46,3980.41,1.0,10080,1638,139230.0,161.28,0.7250674570481703
314570,3145703,Oliveira Fortes (MG),31,0.354,193.0,0.599,295.5,Faixa 2 (R$ 15k),15000.0,0,0.7,0.0,1586.0,1586.0,0.0,8217.62,1968.91,6248.7,0.0,0,0,0.0,0.0,-0.4403935830343615
314550,3145505,Olímpio Noronha (MG),31,0.25,1106.0,0.684,424.51,Faixa 3 (R$ 10k),10000.0,0,0.35,0.0,3733.0,3733.0,0.0,3375.23,713.38,2661.84,0.0,0,0,0.0,0.0,-0.5350962081226157
314580,3145802,Onça de Pitangui (MG),31,0.286,783.0,0.661,382.05,Faixa 3 (R$ 10k),10000.0,0,0.35,0.0,6619.0,6619.0,0.0,8453.38,1447.0,7006.39,0.0,0,0,0.0,0.0,-0.4508942752091601
314587,3145877,Orizânia (MG),31,0.406,628.0,0.638,288.71,Faixa 1 (R$ 20k),20000.0,0,0.8,0.0,2315.0,2315.0,0.0,3686.31,1347.13,2339.17,0.0,0,0,0.0,0.0,-0.5146769436641728
314590,3145901,Ouro Branco (MG),31,0.276,8696.0,0.756,724.89,Faixa 3 (R$ 10k),10000.0,0,0.35,16697.0,9175.0,25872.0,0.6454,2975.16,584.87,2390.29,0.0,0,0,0.0,0.0,-0.20071238923315726
314600,3146008,Ouro Fino (MG),31,0.192,2457.0,0.693,494.76,Faixa 3 (R$ 10k),10000.0,0,0.35,16587.0,11962.0,28549.0,0.581,11619.45,1155.88,10463.57,0.0,0,0,0.0,0.0,-0.10915797610624298
314610,3146107,Ouro Preto (MG),31,0.247,20169.0,0.733,567.62,Faixa 3 (R$ 10k),10000.0,0,0.35,43365.0,46503.0,89868.0,0.4825,4455.75,1398.58,3057.17,0.0,0,0,0.0,0.0,-0.24715194174230568
314620,3146206,Ouro Verde de Minas (MG),31,0.425,1293.0,0.634,294.68,Faixa 1 (R$ 20k),20000.0,0,0.8,0.0,9635.0,9635.0,0.0,7451.66,1046.4,6405.26,0.0,0,0,0.0,0.0,-0.47413628187943857
314625,3146255,Padre Carvalho (MG),31,0.569,1290.0,0.624,273.93,Faixa 1 (R$ 20k),20000.0,0,0.8,0.0,1240.0,1240.0,0.0,961.24,324.81,636.43,0.0,0,0,0.0,0.0,-0.5761553366916837
314630,3146305,Padre Paraíso (MG),31,0.383,4412.0,0.624,272.77,Faixa 2 (R$ 15k),15000.0,0,0.7,1891.0,7598.0,9489.0,0.1993,2150.73,587.72,1563.01,0.0,0,0,0.0,0.0,-0.44819938079373445
314655,3146552,Pai Pedro (MG),31,0.388,658.0,0.679,255.27,Faixa 2 (R$ 15k),15000.0,0,0.7,296.0,5883.0,6179.0,0.0479,9390.58,2231.0,7159.57,0.0,0,0,0.0,0.0,-0.3930979699817846
314640,3146404,Paineiras (MG),31,0.319,671.0,0.67,421.19,Faixa 2 (R$ 15k),15000.0,0,0.7,2.0,3518.0,3520.0,0.0006,5245.9,1141.58,4104.32,0.0,0,0,0.0,0.0,-0.4996655553010802
314650,3146503,Pains (MG),31,0.223,1319.0,0.689,517.82,Faixa 3 (R$ 10k),10000.0,0,0.35,1050.0,7676.0,8726.0,0.1203,6615.62,1555.72,5059.89,0.0,0,0,0.0,0.0,-0.407761610473096
314660,3146602,Paiva (MG),31,0.194,626.0,0.735,485.9,Faixa 3 (R$ 10k),10000.0,0,0.35,0.0,3087.0,3087.0,0.0,4931.31,837.06,4094.25,0.0,0,0,0.0,0.0,-0.5119153911628824
314670,3146701,Palma (MG),31,0.32,1268.0,0.638,328.19,Faixa 2 (R$ 15k),15000.0,0,0.7,2997.0,2192.0,5189.0,0.5776,4092.27,572.56,3519.72,0.0,0,0,0.0,0.0,-0.22270803885623539
314675,3146750,Palmópolis (MG),31,0.472,1565.0,0.619,270.71,Faixa 1 (R$ 20k),20000.0,0,0.8,201.0,2869.0,3070.0,0.0655,1961.66,663.9,1297.76,0.0,0,0,0.0,0.0,-0.5197293539662651
314690,3146909,Papagaios (MG),31,0.308,3235.0,0.654,338.19,Faixa 2 (R$ 15k),15000.0,0,0.7,0.0,12769.0,12769.0,0.0,3947.14,792.89,3154.25,0.0,0,0,0.0,0.0,-0.5256938363582524
314700,3147006,Paracatu (MG),31,0.288,27795.0,0.738,532.79,Faixa 3 (R$ 10k),10000.0,2,0.48,36216.0,11313.0,47529.0,0.762,1709.98,519.3,1190.68,1.0,19200,3120,265200.0,188.16,0.6464710125662216
314720,3147204,Paraguaçu (MG),31,0.294,2592.0,0.686,483.6,Faixa 3 (R$ 10k),10000.0,0,0.35,74612.0,6439.0,81051.0,0.9206,31269.68,1570.6,29699.07,0.0,0,0,0.0,0.0,0.334240214927311
314730,3147303,Paraisópolis (MG),31,0.31,1527.0,0.683,393.95,Faixa 2 (R$ 15k),15000.0,0,0.7,21375.0,11724.0,33099.0,0.6458,21675.83,9360.84,12315.0,0.0,0,0,0.0,0.0,0.26701921394859796
314740,3147402,Paraopeba (MG),31,0.271,7033.0,0.706,476.72,Faixa 3 (R$ 10k),10000.0,0,0.35,14959.0,32199.0,47158.0,0.3172,6705.25,910.71,5794.54,0.0,0,0,0.0,0.0,-0.3187313453740638
314710,3147105,Pará de Minas (MG),31,0.272,16873.0,0.707,526.9,Faixa 3 (R$ 10k),10000.0,5,0.48,519972.0,14940.0,534912.0,0.9721,31702.25,1875.6,29826.65,1.0,52200,7722,656370.0,645.12,1.178239594716141
314760,3147600,Passa Quatro (MG),31,0.306,1051.0,0.659,369.65,Faixa 2 (R$ 15k),15000.0,0,0.7,14922.0,7255.0,22177.0,0.6729,21100.86,3580.4,17520.46,0.0,0,0,0.0,0.0,0.12421287649591366
314770,3147709,Passa Tempo (MG),31,0.281,919.0,0.689,372.23,Faixa 3 (R$ 10k),10000.0,0,0.35,6372.0,3393.0,9765.0,0.6525,10625.68,1396.08,9229.6,0.0,0,0,0.0,0.0,-0.07770683059360835
314780,3147808,Passa-Vinte (MG),31,0.29,252.0,0.617,326.71,Faixa 3 (R$ 10k),10000.0,0,0.35,0.0,451.0,451.0,0.0,1789.68,753.97,1035.71,0.0,0,0,0.0,0.0,-0.5543975237068552
314750,3147501,Passabém (MG),31,0.239,389.0,0.684,388.78,Faixa 3 (R$ 10k),10000.0,0,0.35,189.0,2152.0,2341.0,0.0807,6017.99,1737.79,4280.21,0.0,0,0,0.0,0.0,-0.43175048639731867
314790,3147907,Passos (MG),31,0.285,19067.0,0.7,533.22,Faixa 3 (R$ 10k),10000.0,0,0.35,860725.0,6095.0,866820.0,0.993,45461.79,2990.24,42471.55,0.0,0,0,0.0,0.0,0.5916775418144455
314795,3147956,Patis (MG),31,0.26,928.0,0.657,270.3,Faixa 3 (R$ 10k),10000.0,2,0.48,5400.0,0.0,5400.0,1.0,5818.97,3232.76,2586.21,1.0,22800,3705,314925.0,336.0,0.8959774412941683
314800,3148004,Patos de Minas (MG),31,0.198,27367.0,0.743,592.05,Faixa 3 (R$ 10k),10000.0,2,0.48,1039486.0,25114.0,1064600.0,0.9764,38900.87,4640.22,34260.64,0.597,23760,3120,265200.0,389.76,1.0209036792038197
314810,3148103,Patrocínio (MG),31,0.284,14046.0,0.699,487.59,Faixa 3 (R$ 10k),10000.0,0,0.35,145407.0,20085.0,165492.0,0.8786,11782.14,2150.58,9631.57,0.0,0,0,0.0,0.0,0.07680330326536577
314820,3148202,Patrocínio do Muriaé (MG),31,0.278,1081.0,0.683,427.5,Faixa 3 (R$ 10k),10000.0,0,0.35,31.0,3837.0,3868.0,0.008,3578.17,784.46,2793.71,0.0,0,0,0.0,0.0,-0.5263989635275037
314830,3148301,Paula Cândido (MG),31,0.27,1212.0,0.652,351.77,Faixa 3 (R$ 10k),10000.0,0,0.35,0.0,11480.0,11480.0,0.0,9471.95,2751.65,6720.3,0.0,0,0,0.0,0.0,-0.4040042888351758
314870,3148707,Pedra Azul (MG),31,0.396,8373.0,0.62,268.02,Faixa 2 (R$ 15k),15000.0,0,0.7,31341.0,12475.0,43816.0,0.7153,5233.01,1145.95,4087.07,0.0,0,0,0.0,0.0,-0.12005386419666068
314875,3148756,Pedra Bonita (MG),31,0.363,1320.0,0.564,213.11,Faixa 2 (R$ 15k),15000.0,0,0.7,0.0,1330.0,1330.0,0.0,1007.58,487.12,520.45,0.0,0,0,0.0,0.0,-0.5713536792790231
314900,3149002,Pedra Dourada (MG),31,0.315,310.0,0.617,381.69,Faixa 2 (R$ 15k),15000.0,0,0.7,0.0,2039.0,2039.0,0.0,6577.42,2035.48,4541.94,0.0,0,0,0.0,0.0,-0.45972306274545593
314880,3148806,Pedra do Anta (MG),31,0.511,734.0,0.598,316.05,Faixa 1 (R$ 20k),20000.0,0,0.8,1670.0,5883.0,7553.0,0.2211,10290.19,3403.27,6886.92,0.0,0,0,0.0,0.0,-0.25915851631231934
314890,3148905,Pedra do Indaiá (MG),31,0.187,343.0,0.732,470.16,Faixa 3 (R$ 10k),10000.0,0,0.35,76.0,2798.0,2874.0,0.0264,8379.01,2110.79,6268.22,0.0,0,0,0.0,0.0,-0.42062019243042564
314910,3149101,Pedralva (MG),31,0.403,1328.0,0.62,315.98,Faixa 1 (R$ 20k),20000.0,0,0.8,0.0,13136.0,13136.0,0.0,9891.57,4707.08,5184.49,0.0,0,0,0.0,0.0,-0.3479354682173221
314915,3149150,Pedras de Maria da Cruz (MG),31,0.466,2268.0,0.635,261.29,Faixa 1 (R$ 20k),20000.0,0,0.8,0.0,13772.0,13772.0,0.0,6072.31,1817.02,4255.29,0.0,0,0,0.0,0.0,-0.4718692726448149
314920,3149200,Pedrinópolis (MG),31,0.322,1463.0,0.755,663.31,Faixa 2 (R$ 15k),15000.0,0,0.7,379.0,2560.0,2939.0,0.129,2008.89,1336.3,672.59,0.0,0,0,0.0,0.0,-0.46796277757305554
314940,3149408,Pedro Teixeira (MG),31,0.299,477.0,0.698,330.56,Faixa 3 (R$ 10k),10000.0,0,0.35,225.0,2205.0,2430.0,0.0926,5094.34,1593.29,3501.05,0.0,0,0,0.0,0.0,-0.44103100654554517
314960,3149606,Pequi (MG),31,0.265,690.0,0.677,498.58,Faixa 3 (R$ 10k),10000.0,0,0.35,359.0,6400.0,6759.0,0.0531,9795.65,3121.74,6673.91,0.0,0,0,0.0,0.0,-0.3620489038906789
314970,3149705,Perdigão (MG),31,0.206,1406.0,0.705,579.35,Faixa 3 (R$ 10k),10000.0,0,0.35,542.0,9258.0,9800.0,0.0553,6970.13,2252.49,4717.64,0.0,0,0,0.0,0.0,-0.41968075885665534
314980,3149804,Perdizes (MG),31,0.327,1601.0,0.67,510.92,Faixa 2 (R$ 15k),15000.0,0,0.7,195596.0,4953.0,200549.0,0.9753,125264.83,12054.34,113210.49,0.0,0,0,0.0,0.0,1.8416222069514998
314990,3149903,Perdões (MG),31,0.438,4019.0,0.682,385.82,Faixa 1 (R$ 20k),20000.0,0,0.8,5152.0,10912.0,16064.0,0.3207,3997.01,991.29,3005.72,0.0,0,0,0.0,0.0,-0.34954873696291594
314995,3149952,Periquito (MG),31,0.443,1924.0,0.657,307.65,Faixa 1 (R$ 20k),20000.0,0,0.8,0.0,12987.0,12987.0,0.0,6750.0,1142.41,5607.59,0.0,0,0,0.0,0.0,-0.4806549108745898
314860,3148608,Peçanha (MG),31,0.371,3268.0,0.677,415.28,Faixa 2 (R$ 15k),15000.0,0,0.7,1542.0,4799.0,6341.0,0.2432,1940.33,467.87,1472.46,0.0,0,0,0.0,0.0,-0.43068599349673403
315015,3150158,Piedade de Caratinga (MG),31,0.39,1263.0,0.596,332.71,Faixa 2 (R$ 15k),15000.0,0,0.7,0.0,23749.0,23749.0,0.0,18803.64,3301.66,15501.98,0.0,0,0,0.0,0.0,-0.2699594886583728
315020,3150208,Piedade de Ponte Nova (MG),31,0.397,1152.0,0.623,325.46,Faixa 2 (R$ 15k),15000.0,0,0.7,58.0,6520.0,6578.0,0.0088,5710.07,1006.94,4703.12,0.0,0,0,0.0,0.0,-0.49284083660524336
315030,3150307,Piedade do Rio Grande (MG),31,0.425,777.0,0.661,362.53,Faixa 1 (R$ 20k),20000.0,0,0.8,4372.0,2620.0,6992.0,0.6253,8998.71,1585.59,7413.13,0.0,0,0,0.0,0.0,-0.1081292502255649
315040,3150406,Piedade dos Gerais (MG),31,0.361,708.0,0.597,360.05,Faixa 2 (R$ 15k),15000.0,0,0.7,1097.0,4924.0,6021.0,0.1822,8504.24,3913.84,4590.4,0.0,0,0,0.0,0.0,-0.28951562747686377
315050,3150505,Pimenta (MG),31,0.236,3410.0,0.71,584.15,Faixa 3 (R$ 10k),10000.0,0,0.35,35818.0,4650.0,40468.0,0.8851,11867.45,432.84,11434.6,0.0,0,0,0.0,0.0,0.03682960172419965
315060,3150604,Piracema (MG),31,0.326,591.0,0.656,362.38,Faixa 2 (R$ 15k),15000.0,0,0.7,0.0,5448.0,5448.0,0.0,9218.27,3309.64,5908.63,0.0,0,0,0.0,0.0,-0.39279835008183983
315070,3150703,Pirajuba (MG),31,0.256,790.0,0.669,601.67,Faixa 3 (R$ 10k),10000.0,0,0.35,0.0,4184.0,4184.0,0.0,5296.2,1992.41,3303.8,0.0,0,0,0.0,0.0,-0.4772861078648523
315080,3150802,Piranga (MG),31,0.383,1661.0,0.633,384.29,Faixa 2 (R$ 15k),15000.0,0,0.7,4888.0,7449.0,12337.0,0.3962,7427.45,3521.97,3905.48,0.0,0,0,0.0,0.0,-0.19981360953018612
315100,3151008,Piranguinho (MG),31,0.231,916.0,0.689,410.23,Faixa 3 (R$ 10k),10000.0,0,0.35,0.0,13172.0,13172.0,0.0,14379.91,5898.47,8481.44,0.0,0,0,0.0,0.0,-0.25944014650640596
315090,3150901,Piranguçu (MG),31,0.25,374.0,0.691,554.79,Faixa 3 (R$ 10k),10000.0,0,0.35,0.0,9455.0,9455.0,0.0,25280.75,8751.34,16529.41,0.0,0,0,0.0,0.0,-0.04556527399762417
315110,3151107,Pirapetinga (MG),31,0.244,1977.0,0.683,384.27,Faixa 3 (R$ 10k),10000.0,0,0.35,3027.0,4055.0,7082.0,0.4274,3582.2,815.38,2766.82,0.0,0,0,0.0,0.0,-0.30275163339067285
315120,3151206,Pirapora (MG),31,0.301,20541.0,0.717,458.25,Faixa 2 (R$ 15k),15000.0,0,0.7,101006.0,6211.0,107217.0,0.9421,5219.66,774.55,4445.11,0.0,0,0,0.0,0.0,-0.009370535321517137
315130,3151305,Piraúba (MG),31,0.232,2281.0,0.686,445.18,Faixa 3 (R$ 10k),10000.0,0,0.35,9154.0,11743.0,20897.0,0.4381,9161.33,1111.79,8049.54,0.0,0,0,0.0,0.0,-0.2177666984716991
315140,3151404,Pitangui (MG),31,0.251,4786.0,0.707,529.6,Faixa 3 (R$ 10k),10000.0,0,0.35,859.0,13444.0,14303.0,0.0601,2988.51,560.59,2427.91,0.0,0,0,0.0,0.0,-0.5120941876322403
315150,3151503,Piumhi (MG),31,0.298,4756.0,0.676,463.77,Faixa 3 (R$ 10k),10000.0,0,0.35,89826.0,6559.0,96385.0,0.9319,20265.98,4029.65,16236.33,0.0,0,0,0.0,0.0,0.26272595597827414
315160,3151602,Planura (MG),31,0.353,2104.0,0.677,548.07,Faixa 2 (R$ 15k),15000.0,0,0.7,511.0,5984.0,6495.0,0.0787,3086.98,1212.93,1874.05,0.0,0,0,0.0,0.0,-0.484041548284692
315190,3151909,Pocrane (MG),31,0.332,1620.0,0.633,348.21,Faixa 2 (R$ 15k),15000.0,0,0.7,0.0,1911.0,1911.0,0.0,1179.63,331.48,848.15,0.0,0,0,0.0,0.0,-0.5731790252075648
315200,3152006,Pompéu (MG),31,0.331,8144.0,0.658,413.26,Faixa 2 (R$ 15k),15000.0,0,0.7,21987.0,25791.0,47778.0,0.4602,5866.65,557.59,5309.06,0.0,0,0,0.0,0.0,-0.2626840830267202
315210,3152105,Ponte Nova (MG),31,0.292,16954.0,0.688,501.5,Faixa 3 (R$ 10k),10000.0,0,0.35,128596.0,4574.0,133170.0,0.9657,7854.78,1714.7,6140.08,0.0,0,0,0.0,0.0,0.0613603337328668
315213,3152131,Ponto Chique (MG),31,0.475,910.0,0.618,230.97,Faixa 1 (R$ 20k),20000.0,0,0.8,0.0,2716.0,2716.0,0.0,2984.62,661.54,2323.08,0.0,0,0,0.0,0.0,-0.5414539579352097
315217,3152170,Ponto dos Volantes (MG),31,0.398,1687.0,0.675,339.35,Faixa 2 (R$ 15k),15000.0,0,0.7,12176.0,5852.0,18028.0,0.6754,10686.43,1195.02,9491.4,0.0,0,0,0.0,0.0,-0.06997331153620784
315220,3152204,Porteirinha (MG),31,0.342,6530.0,0.696,338.72,Faixa 2 (R$ 15k),15000.0,1,0.88,19922.0,17668.0,37590.0,0.53,5756.51,731.55,5024.96,1.0,12720,2067,175695.0,174.72,0.580673517644537
315230,3152303,Porto Firme (MG),31,0.447,1315.0,0.641,289.6,Faixa 1 (R$ 20k),20000.0,0,0.8,1104.0,12982.0,14086.0,0.0784,10711.79,3439.54,7272.24,0.0,0,0,0.0,0.0,-0.3286117797405351
315240,3152402,Poté (MG),31,0.455,3566.0,0.639,294.01,Faixa 1 (R$ 20k),20000.0,0,0.8,1262.0,12901.0,14163.0,0.0891,3971.68,1294.17,2677.51,0.0,0,0,0.0,0.0,-0.46505447407637
315250,3152501,Pouso Alegre (MG),31,0.247,14848.0,0.738,621.88,Faixa 3 (R$ 10k),10000.0,0,0.35,438573.0,7981.0,446554.0,0.9821,30075.03,3335.2,26739.83,0.0,0,0,0.0,0.0,0.39731104406013595
315260,3152600,Pouso Alto (MG),31,0.266,789.0,0.677,612.14,Faixa 3 (R$ 10k),10000.0,0,0.35,397.0,4381.0,4778.0,0.0831,6055.77,1444.87,4610.9,0.0,0,0,0.0,0.0,-0.43758275789330076
315170,3151701,Poço Fundo (MG),31,0.274,1260.0,0.693,531.3,Faixa 3 (R$ 10k),10000.0,0,0.35,28122.0,5959.0,34081.0,0.8252,27048.41,5858.73,21189.68,0.0,0,0,0.0,0.0,0.34051690208954477
315180,3151800,Poços de Caldas (MG),31,0.28,20836.0,0.728,645.04,Faixa 3 (R$ 10k),10000.0,0,0.35,174387.0,12530.0,186917.0,0.933,8970.87,1742.94,7227.92,0.0,0,0,0.0,0.0,0.059048325032958274
315270,3152709,Prados (MG),31,0.283,1308.0,0.65,371.84,Faixa 3 (R$ 10k),10000.0,0,0.35,51686.0,5324.0,57010.0,0.9066,43585.63,1009.94,42575.69,0.0,0,0,0.0,0.0,0.4703692616280696
315280,3152808,Prata (MG),31,0.264,4423.0,0.68,533.62,Faixa 3 (R$ 10k),10000.0,0,0.35,16154.0,19526.0,35680.0,0.4527,8066.92,1614.29,6452.63,0.0,0,0,0.0,0.0,-0.21103546074874804
315300,3153004,Pratinha (MG),31,0.206,896.0,0.715,619.85,Faixa 3 (R$ 10k),10000.0,0,0.35,617.0,1998.0,2615.0,0.2359,2918.53,1347.1,1571.43,0.0,0,0,0.0,0.0,-0.39921841695529897
315290,3152907,Pratápolis (MG),31,0.282,1265.0,0.7,523.41,Faixa 3 (R$ 10k),10000.0,0,0.35,137.0,3170.0,3307.0,0.0414,2614.23,1336.76,1277.47,0.0,0,0,0.0,0.0,-0.506715194118007
315310,3153103,Presidente Bernardes (MG),31,0.249,314.0,0.645,393.76,Faixa 3 (R$ 10k),10000.0,0,0.35,0.0,3085.0,3085.0,0.0,9824.84,3194.27,6630.57,0.0,0,0,0.0,0.0,-0.38800216085856537
315340,3153400,Presidente Olegário (MG),31,0.369,2878.0,0.723,466.95,Faixa 2 (R$ 15k),15000.0,0,0.7,12565.0,19840.0,32405.0,0.3877,11259.56,2509.73,8749.83,0.0,0,0,0.0,0.0,-0.18137283469959878
315360,3153608,Prudente de Morais (MG),31,0.291,3298.0,0.712,441.86,Faixa 3 (R$ 10k),10000.0,0,0.35,0.0,19281.0,19281.0,0.0,5846.27,1142.81,4703.46,0.0,0,0,0.0,0.0,-0.49224556493776495
315370,3153707,Quartel Geral (MG),31,0.412,604.0,0.624,370.35,Faixa 1 (R$ 20k),20000.0,0,0.8,0.0,4809.0,4809.0,0.0,7961.92,276.49,7685.43,0.0,0,0,0.0,0.0,-0.48754124284600414
315380,3153806,Queluzito (MG),31,0.263,248.0,0.656,383.55,Faixa 3 (R$ 10k),10000.0,0,0.35,0.0,2363.0,2363.0,0.0,9528.23,947.58,8580.65,0.0,0,0,0.0,0.0,-0.4500410089244786
315400,3154002,Raul Soares (MG),31,0.282,4588.0,0.666,453.44,Faixa 3 (R$ 10k),10000.0,0,0.35,39713.0,12282.0,51995.0,0.7638,11332.82,2440.71,8892.11,0.0,0,0,0.0,0.0,0.017570992259066352
315410,3154101,Recreio (MG),31,0.35,2196.0,0.651,375.59,Faixa 2 (R$ 15k),15000.0,0,0.7,0.0,4103.0,4103.0,0.0,1868.4,501.37,1367.03,0.0,0,0,0.0,0.0,-0.5599340764930139
315415,3154150,Reduto (MG),31,0.462,970.0,0.686,496.19,Faixa 1 (R$ 20k),20000.0,0,0.8,0.0,4348.0,4348.0,0.0,4482.47,730.93,3751.55,0.0,0,0,0.0,0.0,-0.5204277561924867
315420,3154200,Resende Costa (MG),31,0.325,1666.0,0.653,429.08,Faixa 2 (R$ 15k),15000.0,2,0.88,43012.0,305.0,43317.0,0.993,26000.6,1611.64,24792.32,1.0,19680,3198,271830.0,255.36,1.112036135432675
315430,3154309,Resplendor (MG),31,0.35,4029.0,0.656,455.74,Faixa 2 (R$ 15k),15000.0,0,0.7,8244.0,7309.0,15553.0,0.5301,3860.26,753.54,3106.73,0.0,0,0,0.0,0.0,-0.2462285502038367
315440,3154408,Ressaquinha (MG),31,0.37,669.0,0.698,385.41,Faixa 2 (R$ 15k),15000.0,0,0.7,601.0,8926.0,9527.0,0.0631,14240.66,2464.87,11775.78,0.0,0,0,0.0,0.0,-0.316702181300857
315445,3154457,Riachinho (MG),31,0.335,1548.0,0.659,314.98,Faixa 2 (R$ 15k),15000.0,0,0.7,1570.0,2399.0,3969.0,0.3956,2563.95,255.81,2308.14,0.0,0,0,0.0,0.0,-0.347218898948366
315450,3154507,Riacho dos Machados (MG),31,0.426,1562.0,0.69,307.21,Faixa 1 (R$ 20k),20000.0,0,0.8,368.0,4399.0,4767.0,0.0772,3051.86,718.31,2333.55,0.0,0,0,0.0,0.0,-0.4981091242516337
315470,3154705,Ribeirão Vermelho (MG),31,0.304,863.0,0.733,511.98,Faixa 2 (R$ 15k),15000.0,0,0.7,517.0,2736.0,3253.0,0.1589,3769.41,860.95,2908.46,0.0,0,0,0.0,0.0,-0.4418002408800934
315490,3154903,Rio Casca (MG),31,0.351,4162.0,0.64,410.75,Faixa 2 (R$ 15k),15000.0,0,0.7,3563.0,8920.0,12483.0,0.2854,2999.28,658.58,2340.7,0.0,0,0,0.0,0.0,-0.38973194556823465
315500,3155009,Rio Doce (MG),31,0.311,533.0,0.707,443.52,Faixa 2 (R$ 15k),15000.0,0,0.7,246.0,3111.0,3357.0,0.0733,6298.31,1649.16,4649.16,0.0,0,0,0.0,0.0,-0.4343802812829202
315520,3155207,Rio Espera (MG),31,0.539,1229.0,0.573,234.63,Faixa 1 (R$ 20k),20000.0,0,0.8,0.0,3574.0,3574.0,0.0,2908.06,710.33,2197.72,0.0,0,0,0.0,0.0,-0.5411722385460074
315540,3155405,Rio Novo (MG),31,0.362,1576.0,0.649,344.09,Faixa 2 (R$ 15k),15000.0,0,0.7,359.0,7061.0,7420.0,0.0484,4708.12,1244.29,3463.83,0.0,0,0,0.0,0.0,-0.47851445482672206
315550,3155504,Rio Paranaíba (MG),31,0.315,1209.0,0.73,704.81,Faixa 2 (R$ 15k),15000.0,0,0.7,8177.0,7040.0,15217.0,0.5374,12586.44,2753.52,9832.92,0.0,0,0,0.0,0.0,-0.07849736746002094
315560,3155603,Rio Pardo de Minas (MG),31,0.3,3793.0,0.717,369.61,Faixa 3 (R$ 10k),10000.0,0,0.35,15989.0,4915.0,20904.0,0.7649,5511.2,924.07,4587.13,0.0,0,0,0.0,0.0,-0.09588512681632398
315570,3155702,Rio Piracicaba (MG),31,0.285,3693.0,0.697,460.16,Faixa 3 (R$ 10k),10000.0,0,0.35,0.0,25062.0,25062.0,0.0,6786.35,1939.89,4846.47,0.0,0,0,0.0,0.0,-0.45951856781689704
315580,3155801,Rio Pomba (MG),31,0.278,3009.0,0.669,445.4,Faixa 3 (R$ 10k),10000.0,2,0.48,19922.0,3389.0,23311.0,0.8546,7747.09,1279.16,6690.93,1.0,23760,3120,265200.0,389.76,0.7943614154512266
315590,3155900,Rio Preto (MG),31,0.263,987.0,0.626,352.87,Faixa 3 (R$ 10k),10000.0,0,0.35,0.0,2004.0,2004.0,0.0,2030.4,619.05,1411.35,0.0,0,0,0.0,0.0,-0.5548043968568515
315600,3156007,Rio Vermelho (MG),31,0.409,2106.0,0.636,320.78,Faixa 1 (R$ 20k),20000.0,0,0.8,220.0,3194.0,3414.0,0.0644,1621.08,656.22,964.86,0.0,0,0,0.0,0.0,-0.5248847180592909
315510,3155108,Rio do Prado (MG),31,0.379,1066.0,0.643,332.66,Faixa 2 (R$ 15k),15000.0,0,0.7,0.0,4651.0,4651.0,0.0,4363.04,1197.0,3166.04,0.0,0,0,0.0,0.0,-0.5098809899200777
315610,3156106,Ritápolis (MG),31,0.283,871.0,0.666,372.02,Faixa 3 (R$ 10k),10000.0,0,0.35,26392.0,3014.0,29406.0,0.8975,33761.19,831.23,32929.97,0.0,0,0,0.0,0.0,0.3347886903769387
315620,3156205,Rochedo de Minas (MG),31,0.382,417.0,0.643,379.0,Faixa 2 (R$ 15k),15000.0,0,0.7,0.0,2347.0,2347.0,0.0,5628.3,1225.42,4402.88,0.0,0,0,0.0,0.0,-0.49290246206707716
315630,3156304,Rodeiro (MG),31,0.251,1157.0,0.666,450.17,Faixa 3 (R$ 10k),10000.0,0,0.35,0.0,19195.0,19195.0,0.0,16590.32,2609.33,13980.99,0.0,0,0,0.0,0.0,-0.31631578858074033
315640,3156403,Romaria (MG),31,0.297,507.0,0.657,427.38,Faixa 3 (R$ 10k),10000.0,0,0.35,391.0,2827.0,3218.0,0.1215,6347.14,1043.39,5303.75,0.0,0,0,0.0,0.0,-0.42384944280720627
315645,3156452,Rosário da Limeira (MG),31,0.287,921.0,0.633,401.57,Faixa 3 (R$ 10k),10000.0,0,0.35,0.0,9645.0,9645.0,0.0,10472.31,1349.62,9122.69,0.0,0,0,0.0,0.0,-0.4275016613470871
315650,3156502,Rubelita (MG),31,0.288,1107.0,0.647,308.76,Faixa 3 (R$ 10k),10000.0,0,0.35,1165.0,1180.0,2345.0,0.4968,2118.34,479.67,1638.66,0.0,0,0,0.0,0.0,-0.29337742920486454
315680,3156809,Sabinópolis (MG),31,0.349,3901.0,0.653,388.74,Faixa 2 (R$ 15k),15000.0,0,0.7,1652.0,6209.0,7861.0,0.2102,2015.12,863.11,1152.01,0.0,0,0,0.0,0.0,-0.43701211572374293
315690,3156908,Sacramento (MG),31,0.192,3686.0,0.72,514.18,Faixa 3 (R$ 10k),10000.0,0,0.35,56568.0,7813.0,64381.0,0.8786,17466.36,3434.35,14032.01,0.0,0,0,0.0,0.0,0.18304422751260727
315700,3157005,Salinas (MG),31,0.275,10511.0,0.71,631.12,Faixa 3 (R$ 10k),10000.0,0,0.35,25969.0,5985.0,31954.0,0.8127,3040.05,1254.59,1785.46,0.0,0,0,0.0,0.0,-0.09364781125430424
315710,3157104,Salto da Divisa (MG),31,0.45,2161.0,0.618,307.91,Faixa 1 (R$ 20k),20000.0,0,0.8,0.0,1580.0,1580.0,0.0,731.14,217.49,513.65,0.0,0,0,0.0,0.0,-0.581890686047382
315720,3157203,Santa Bárbara (MG),31,0.359,8114.0,0.707,458.81,Faixa 2 (R$ 15k),15000.0,0,0.7,4338.0,13904.0,18242.0,0.2378,2248.21,673.65,1574.56,0.0,0,0,0.0,0.0,-0.42426883413144106
315725,3157252,Santa Bárbara do Leste (MG),31,0.403,1103.0,0.624,403.16,Faixa 1 (R$ 20k),20000.0,0,0.8,0.0,25617.0,25617.0,0.0,23224.84,3137.81,20087.04,0.0,0,0,0.0,0.0,-0.21745204314140681
315730,3157302,Santa Bárbara do Tugúrio (MG),31,0.27,581.0,0.672,313.25,Faixa 3 (R$ 10k),10000.0,0,0.35,0.0,10649.0,10649.0,0.0,18328.74,2022.38,16306.37,0.0,0,0,0.0,0.0,-0.3092129219694919
315733,3157336,Santa Cruz de Minas (MG),31,0.276,1806.0,0.698,421.61,Faixa 3 (R$ 10k),10000.0,0,0.35,4143.0,8788.0,12931.0,0.3204,7160.02,757.48,6402.55,0.0,0,0,0.0,0.0,-0.3151650927661093
315737,3157377,Santa Cruz de Salinas (MG),31,0.5,1351.0,0.597,243.69,Faixa 1 (R$ 20k),20000.0,0,0.8,0.0,1218.0,1218.0,0.0,901.55,229.46,672.09,0.0,0,0,0.0,0.0,-0.5793929161138864
315740,3157401,Santa Cruz do Escalvado (MG),31,0.434,508.0,0.66,382.53,Faixa 1 (R$ 20k),20000.0,0,0.8,44.0,7493.0,7537.0,0.0058,14836.61,3395.67,11440.94,0.0,0,0,0.0,0.0,-0.31536584676107543
315750,3157500,Santa Efigênia de Minas (MG),31,0.392,1113.0,0.644,312.31,Faixa 2 (R$ 15k),15000.0,0,0.7,0.0,8340.0,8340.0,0.0,7493.26,1412.4,6080.86,0.0,0,0,0.0,0.0,-0.46411602031755184
315770,3157708,Santa Juliana (MG),31,0.342,1670.0,0.698,556.95,Faixa 2 (R$ 15k),15000.0,0,0.7,567.0,4498.0,5065.0,0.1119,3032.93,1389.82,1643.11,0.0,0,0,0.0,0.0,-0.462514071606898
315790,3157906,Santa Margarida (MG),31,0.365,2082.0,0.617,398.04,Faixa 2 (R$ 15k),15000.0,0,0.7,3077.0,4947.0,8024.0,0.3835,3853.99,615.75,3238.23,0.0,0,0,0.0,0.0,-0.32775754687356606
315810,3158102,Santa Maria do Salto (MG),31,0.389,1335.0,0.642,310.37,Faixa 2 (R$ 15k),15000.0,0,0.7,0.0,2092.0,2092.0,0.0,1567.04,522.85,1044.19,0.0,0,0,0.0,0.0,-0.5632458473037673
315820,3158201,Santa Maria do Suaçuí (MG),31,0.408,4148.0,0.659,397.64,Faixa 1 (R$ 20k),20000.0,0,0.8,1751.0,6108.0,7859.0,0.2228,1894.65,304.0,1590.65,0.0,0,0,0.0,0.0,-0.446356592841736
315920,3159209,Santa Rita de Caldas (MG),31,0.228,2869.0,0.73,659.03,Faixa 3 (R$ 10k),10000.0,0,0.35,0.0,7135.0,7135.0,0.0,2486.93,396.65,2090.28,0.0,0,0,0.0,0.0,-0.5547083245568423
315940,3159407,Santa Rita de Ibitipoca (MG),31,0.316,517.0,0.609,286.23,Faixa 2 (R$ 15k),15000.0,0,0.7,28.0,4311.0,4339.0,0.0065,8392.65,700.19,7692.46,0.0,0,0,0.0,0.0,-0.46757734059428524
315930,3159308,Santa Rita de Jacutinga (MG),31,0.303,675.0,0.644,360.52,Faixa 2 (R$ 15k),15000.0,0,0.7,0.0,1204.0,1204.0,0.0,1783.7,634.07,1149.63,0.0,0,0,0.0,0.0,-0.5575819418526257
315935,3159357,Santa Rita de Minas (MG),31,0.382,1484.0,0.61,361.17,Faixa 2 (R$ 15k),15000.0,0,0.7,0.0,22868.0,22868.0,0.0,15409.7,1727.09,13682.61,0.0,0,0,0.0,0.0,-0.35433772515880374
315950,3159506,Santa Rita do Itueto (MG),31,0.336,676.0,0.588,290.18,Faixa 2 (R$ 15k),15000.0,0,0.7,0.0,3066.0,3066.0,0.0,4535.5,1545.86,2989.64,0.0,0,0,0.0,0.0,-0.4986251485507129
315960,3159605,Santa Rita do Sapucaí (MG),31,0.27,4318.0,0.658,484.39,Faixa 3 (R$ 10k),10000.0,0,0.35,114934.0,16404.0,131338.0,0.8751,30416.4,1514.36,28902.04,0.0,0,0,0.0,0.0,0.29765864337992143
315970,3159704,Santa Rosa da Serra (MG),31,0.375,790.0,0.623,472.47,Faixa 2 (R$ 15k),15000.0,0,0.7,9709.0,2400.0,12109.0,0.8018,15327.85,1282.28,14045.57,0.0,0,0,0.0,0.0,0.05901587322764175
315980,3159803,Santa Vitória (MG),31,0.281,3581.0,0.709,565.5,Faixa 3 (R$ 10k),10000.0,0,0.35,12936.0,13534.0,26470.0,0.4887,7391.79,1968.72,5423.07,0.0,0,0,0.0,0.0,-0.19139164957437813
315830,3158300,Santana da Vargem (MG),31,0.208,1208.0,0.702,456.47,Faixa 3 (R$ 10k),10000.0,0,0.35,5642.0,6370.0,12012.0,0.4697,9943.71,3230.96,6712.75,0.0,0,0,0.0,0.0,-0.13601067031211667
315840,3158409,Santana de Cataguases (MG),31,0.31,624.0,0.654,337.01,Faixa 2 (R$ 15k),15000.0,0,0.7,0.0,3180.0,3180.0,0.0,5096.15,1149.04,3947.12,0.0,0,0,0.0,0.0,-0.5017131809986936
315860,3158607,Santana do Deserto (MG),31,0.318,1039.0,0.66,379.54,Faixa 2 (R$ 15k),15000.0,0,0.7,0.0,2918.0,2918.0,0.0,2808.47,552.45,2256.02,0.0,0,0,0.0,0.0,-0.5465426368457706
315870,3158706,Santana do Garambéu (MG),31,0.381,379.0,0.696,470.43,Faixa 2 (R$ 15k),15000.0,0,0.7,0.0,2417.0,2417.0,0.0,6377.31,804.75,5572.56,0.0,0,0,0.0,0.0,-0.49419077959256386
315880,3158805,Santana do Jacaré (MG),31,0.379,1014.0,0.646,373.28,Faixa 2 (R$ 15k),15000.0,0,0.7,0.0,13655.0,13655.0,0.0,13466.47,1316.57,12149.9,0.0,0,0,0.0,0.0,-0.3899227745877899
315890,3158904,Santana do Manhuaçu (MG),31,0.322,1303.0,0.645,365.64,Faixa 2 (R$ 15k),15000.0,0,0.7,0.0,2984.0,2984.0,0.0,2290.1,704.53,1585.57,0.0,0,0,0.0,0.0,-0.5492551422958163
315895,3158953,Santana do Paraíso (MG),31,0.381,8347.0,0.668,466.39,Faixa 2 (R$ 15k),15000.0,0,0.7,5111.0,59898.0,65009.0,0.0786,7788.31,1753.8,6034.5,0.0,0,0,0.0,0.0,-0.40972594406772983
315900,3159001,Santana do Riacho (MG),31,0.298,769.0,0.689,437.69,Faixa 3 (R$ 10k),10000.0,0,0.35,96.0,2457.0,2553.0,0.0376,3319.9,1289.99,2029.91,0.0,0,0,0.0,0.0,-0.5008874926697316
315910,3159100,Santana dos Montes (MG),31,0.343,655.0,0.689,355.43,Faixa 2 (R$ 15k),15000.0,0,0.7,0.0,3504.0,3504.0,0.0,5349.62,1774.05,3575.57,0.0,0,0,0.0,0.0,-0.482260043048781
315990,3159902,Santo Antônio do Amparo (MG),31,0.326,4599.0,0.672,349.32,Faixa 2 (R$ 15k),15000.0,0,0.7,9326.0,10105.0,19431.0,0.48,4225.05,904.54,3320.5,0.0,0,0,0.0,0.0,-0.26424639943257533
316000,3160009,Santo Antônio do Aventureiro (MG),31,0.262,478.0,0.679,364.91,Faixa 3 (R$ 10k),10000.0,0,0.35,0.0,3688.0,3688.0,0.0,7715.48,1305.44,6410.04,0.0,0,0,0.0,0.0,-0.4640356874069608
316010,3160108,Santo Antônio do Grama (MG),31,0.387,1197.0,0.612,355.84,Faixa 2 (R$ 15k),15000.0,0,0.7,0.0,3681.0,3681.0,0.0,3075.19,945.7,2129.49,0.0,0,0,0.0,0.0,-0.5329262648267339
316030,3160306,Santo Antônio do Jacinto (MG),31,0.411,2431.0,0.617,306.05,Faixa 1 (R$ 20k),20000.0,0,0.8,1366.0,5421.0,6787.0,0.2013,2791.86,1244.76,1547.1,0.0,0,0,0.0,0.0,-0.42187723371652697
316040,3160405,Santo Antônio do Monte (MG),31,0.183,3412.0,0.714,516.89,Faixa 3 (R$ 10k),10000.0,0,0.35,210819.0,12004.0,222823.0,0.9461,65305.69,2248.83,63056.86,0.0,0,0,0.0,0.0,0.802279491654242
316045,3160454,Santo Antônio do Retiro (MG),31,0.332,503.0,0.672,268.08,Faixa 2 (R$ 15k),15000.0,0,0.7,1225.0,1509.0,2734.0,0.4481,5435.39,902.58,4532.8,0.0,0,0,0.0,0.0,-0.2657062382200633
316050,3160504,Santo Antônio do Rio Abaixo (MG),31,0.314,287.0,0.685,300.95,Faixa 2 (R$ 15k),15000.0,0,0.7,0.0,2460.0,2460.0,0.0,8571.43,2895.47,5675.96,0.0,0,0,0.0,0.0,-0.4118364745702209
316070,3160702,Santos Dumont (MG),31,0.319,9268.0,0.724,463.72,Faixa 2 (R$ 15k),15000.0,0,0.7,13536.0,17955.0,31491.0,0.4298,3397.82,885.74,2512.08,0.0,0,0,0.0,0.0,-0.3020199149214697
316540,3165404,Sapucaí-Mirim (MG),31,0.319,555.0,0.612,340.61,Faixa 2 (R$ 15k),15000.0,0,0.7,1295.0,10763.0,12058.0,0.1074,21726.13,7540.54,14185.59,0.0,0,0,0.0,0.0,-0.06552451816763613
316550,3165503,Sardoá (MG),31,0.316,674.0,0.688,396.35,Faixa 2 (R$ 15k),15000.0,0,0.7,0.0,9975.0,9975.0,0.0,14799.7,2983.68,11816.02,0.0,0,0,0.0,0.0,-0.32959898856952075
316557,3165578,Senador Amaral (MG),31,0.203,1491.0,0.712,425.79,Faixa 3 (R$ 10k),10000.0,0,0.35,0.0,4851.0,4851.0,0.0,3253.52,1014.08,2239.44,0.0,0,0,0.0,0.0,-0.5288647525373559
316560,3165602,Senador Cortes (MG),31,0.247,425.0,0.634,317.58,Faixa 3 (R$ 10k),10000.0,0,0.35,54.0,2513.0,2567.0,0.021,6040.0,1491.76,4548.24,0.0,0,0,0.0,0.0,-0.469558705479708
316570,3165701,Senador Firmino (MG),31,0.298,738.0,0.65,397.74,Faixa 3 (R$ 10k),10000.0,0,0.35,15833.0,7696.0,23529.0,0.6729,31882.11,5210.03,26672.09,0.0,0,0,0.0,0.0,0.30484785187441005
316580,3165800,Senador José Bento (MG),31,0.266,864.0,0.708,484.45,Faixa 3 (R$ 10k),10000.0,0,0.35,0.0,2700.0,2700.0,0.0,3125.0,900.46,2224.54,0.0,0,0,0.0,0.0,-0.5334594253744772
316590,3165909,Senador Modestino Gonçalves (MG),31,0.3,677.0,0.68,324.35,Faixa 3 (R$ 10k),10000.0,0,0.35,0.0,3311.0,3311.0,0.0,4890.69,1290.99,3599.7,0.0,0,0,0.0,0.0,-0.5006715405186013
316600,3166006,Senhora de Oliveira (MG),31,0.436,773.0,0.612,273.32,Faixa 1 (R$ 20k),20000.0,0,0.8,0.0,2843.0,2843.0,0.0,3677.88,1749.03,1928.85,0.0,0,0,0.0,0.0,-0.5043683588581432
316610,3166105,Senhora do Porto (MG),31,0.431,522.0,0.64,343.58,Faixa 1 (R$ 20k),20000.0,0,0.8,1663.0,1982.0,3645.0,0.4562,6982.76,1446.36,5536.4,0.0,0,0,0.0,0.0,-0.227445885643412
316620,3166204,Senhora dos Remédios (MG),31,0.415,1847.0,0.632,246.36,Faixa 1 (R$ 20k),20000.0,0,0.8,0.0,20521.0,20521.0,0.0,11110.45,1574.45,9536.0,0.0,0,0,0.0,0.0,-0.41348266674215833
316630,3166303,Sericita (MG),31,0.345,1185.0,0.627,376.25,Faixa 2 (R$ 15k),15000.0,0,0.7,0.0,4661.0,4661.0,0.0,3933.33,1076.79,2856.54,0.0,0,0,0.0,0.0,-0.5185127896426447
316640,3166402,Seritinga (MG),31,0.205,737.0,0.718,486.28,Faixa 3 (R$ 10k),10000.0,0,0.35,0.0,1290.0,1290.0,0.0,1750.34,791.04,959.29,0.0,0,0,0.0,0.0,-0.5539417851278696
316680,3166808,Serra do Salitre (MG),31,0.33,1936.0,0.695,460.58,Faixa 2 (R$ 15k),15000.0,0,0.7,6280.0,7213.0,13493.0,0.4654,6969.52,3216.43,3753.1,0.0,0,0,0.0,0.0,-0.17685060196039873
316670,3166709,Serra dos Aimorés (MG),31,0.402,2449.0,0.635,332.02,Faixa 1 (R$ 20k),20000.0,0,0.8,0.0,2009.0,2009.0,0.0,820.33,175.17,645.16,0.0,0,0,0.0,0.0,-0.5818426498789332
316690,3166907,Serrania (MG),31,0.331,1278.0,0.63,334.35,Faixa 2 (R$ 15k),15000.0,0,0.7,1744.0,4515.0,6259.0,0.2786,4897.5,2374.02,2523.47,0.0,0,0,0.0,0.0,-0.32451520381028565
316700,3167004,Serranos (MG),31,0.257,281.0,0.597,428.55,Faixa 3 (R$ 10k),10000.0,0,0.35,0.0,716.0,716.0,0.0,2548.04,615.66,1932.38,0.0,0,0,0.0,0.0,-0.5482474085302267
316695,3166956,Serranópolis de Minas (MG),31,0.277,688.0,0.707,347.87,Faixa 3 (R$ 10k),10000.0,0,0.35,0.0,1762.0,1762.0,0.0,2561.05,927.33,1633.72,0.0,0,0,0.0,0.0,-0.5400023155166533
316720,3167202,Sete Lagoas (MG),31,0.237,70416.0,0.753,626.79,Faixa 3 (R$ 10k),10000.0,5,0.48,880806.0,21571.0,902377.0,0.9761,12814.94,1597.0,11217.95,1.0,52800,8385,712725.0,712.32,0.9306905483035948
316555,3165552,Setubinha (MG),31,0.54,1227.0,0.663,340.2,Faixa 1 (R$ 20k),20000.0,0,0.8,0.0,4298.0,4298.0,0.0,3502.85,1621.03,1881.83,0.0,0,0,0.0,0.0,-0.5099327158342968
316730,3167301,Silveirânia (MG),31,0.309,212.0,0.667,359.25,Faixa 2 (R$ 15k),15000.0,0,0.7,0.0,2457.0,2457.0,0.0,11589.62,3023.58,8566.04,0.0,0,0,0.0,0.0,-0.3697720588325479
316740,3167400,Silvianópolis (MG),31,0.25,599.0,0.613,355.14,Faixa 3 (R$ 10k),10000.0,0,0.35,0.0,5625.0,5625.0,0.0,9390.65,2729.55,6661.1,0.0,0,0,0.0,0.0,-0.4056207261050558
316760,3167608,Simonésia (MG),31,0.335,1947.0,0.674,429.39,Faixa 2 (R$ 15k),15000.0,0,0.7,541.0,8340.0,8881.0,0.0609,4561.38,1522.86,3038.52,0.0,0,0,0.0,0.0,-0.4665376880808537
316770,3167707,Sobrália (MG),31,0.377,1294.0,0.634,318.1,Faixa 2 (R$ 15k),15000.0,0,0.7,296.0,15586.0,15882.0,0.0186,12273.57,3243.43,9030.14,0.0,0,0,0.0,0.0,-0.3454133693951996
316780,3167806,Soledade de Minas (MG),31,0.345,518.0,0.671,409.56,Faixa 2 (R$ 15k),15000.0,0,0.7,0.0,4455.0,4455.0,0.0,8600.39,3119.69,5480.69,0.0,0,0,0.0,0.0,-0.40565329347619156
316080,3160801,São Bento Abade (MG),31,0.262,1347.0,0.662,374.94,Faixa 3 (R$ 10k),10000.0,0,0.35,626.0,2139.0,2765.0,0.2264,2052.71,991.09,1061.62,0.0,0,0,0.0,0.0,-0.42460671819755974
316090,3160900,São Brás do Suaçuí (MG),31,0.366,941.0,0.686,463.52,Faixa 2 (R$ 15k),15000.0,0,0.7,14.0,5829.0,5843.0,0.0024,6209.35,789.59,5419.77,0.0,0,0,0.0,0.0,-0.49546478142225664
316095,3160959,São Domingos das Dores (MG),31,0.295,779.0,0.647,339.68,Faixa 3 (R$ 10k),10000.0,0,0.35,0.0,10439.0,10439.0,0.0,13400.51,3098.84,10301.67,0.0,0,0,0.0,0.0,-0.34457534293022785
316100,3161007,São Domingos do Prata (MG),31,0.253,3366.0,0.677,455.24,Faixa 3 (R$ 10k),10000.0,0,0.35,5535.0,20463.0,25998.0,0.2129,7723.71,963.16,6760.55,0.0,0,0,0.0,0.0,-0.35970449465696447
316110,3161106,São Francisco (MG),31,0.374,13786.0,0.677,348.27,Faixa 2 (R$ 15k),15000.0,11,0.88,30433.0,0.0,30433.0,1.0,2207.53,1209.71,1014.29,1.0,123630,19305,1640925.0,1653.12,0.7972945026660904
316120,3161205,São Francisco de Paula (MG),31,0.246,1178.0,0.646,379.54,Faixa 3 (R$ 10k),10000.0,0,0.35,0.0,4849.0,4849.0,0.0,4116.3,842.95,3273.34,0.0,0,0,0.0,0.0,-0.5222249361893361
316130,3161304,São Francisco de Sales (MG),31,0.37,921.0,0.666,456.14,Faixa 2 (R$ 15k),15000.0,0,0.7,631.0,2371.0,3002.0,0.2102,3259.5,1831.7,1427.8,0.0,0,0,0.0,0.0,-0.39593362229255047
316140,3161403,São Francisco do Glória (MG),31,0.318,750.0,0.658,445.76,Faixa 2 (R$ 15k),15000.0,0,0.7,22499.0,4686.0,27185.0,0.8276,36246.67,988.0,35258.67,0.0,0,0,0.0,0.0,0.333625200030589
316150,3161502,São Geraldo (MG),31,0.297,2109.0,0.62,356.3,Faixa 3 (R$ 10k),10000.0,0,0.35,0.0,7502.0,7502.0,0.0,3557.14,816.5,2740.64,0.0,0,0,0.0,0.0,-0.5300882562473423
316165,3161650,São Geraldo do Baixio (MG),31,0.334,874.0,0.656,390.7,Faixa 2 (R$ 15k),15000.0,0,0.7,0.0,6263.0,6263.0,0.0,7165.9,1361.56,5804.35,0.0,0,0,0.0,0.0,-0.4696359223952694
316170,3161700,São Gonçalo do Abaeté (MG),31,0.265,979.0,0.708,471.26,Faixa 3 (R$ 10k),10000.0,0,0.35,7776.0,8756.0,16532.0,0.4704,16886.62,2027.58,14859.04,0.0,0,0,0.0,0.0,-0.0777039759574655
316180,3161809,São Gonçalo do Pará (MG),31,0.259,1593.0,0.685,432.19,Faixa 3 (R$ 10k),10000.0,0,0.35,24685.0,9172.0,33857.0,0.7291,21253.61,1842.44,19411.17,0.0,0,0,0.0,0.0,0.11098264501897179
316200,3162005,São Gonçalo do Sapucaí (MG),31,0.32,3699.0,0.671,442.98,Faixa 2 (R$ 15k),15000.0,0,0.7,32501.0,10147.0,42648.0,0.7621,11529.6,1522.3,10007.3,0.0,0,0,0.0,0.0,-0.0046100611292114735
316210,3162104,São Gotardo (MG),31,0.321,6909.0,0.689,547.27,Faixa 2 (R$ 15k),15000.0,0,0.7,26132.0,12374.0,38506.0,0.6786,5573.31,1243.45,4329.86,0.0,0,0,0.0,0.0,-0.1326543061588931
316294,3162948,São José da Barra (MG),31,0.313,655.0,0.693,675.1,Faixa 2 (R$ 15k),15000.0,0,0.7,117.0,3529.0,3646.0,0.0321,5566.41,2253.44,3312.98,0.0,0,0,0.0,0.0,-0.4499997058191184
316310,3163102,São José da Varginha (MG),31,0.259,716.0,0.685,460.34,Faixa 3 (R$ 10k),10000.0,0,0.35,0.0,7277.0,7277.0,0.0,10163.41,2168.99,7994.41,0.0,0,0,0.0,0.0,-0.4102300057579352
316320,3163201,São José do Alegre (MG),31,0.282,504.0,0.699,410.64,Faixa 3 (R$ 10k),10000.0,0,0.35,0.0,6887.0,6887.0,0.0,13664.68,5789.68,7875.0,0.0,0,0,0.0,0.0,-0.2714411240466774
316330,3163300,São José do Divino (MG),31,0.384,1027.0,0.684,339.35,Faixa 2 (R$ 15k),15000.0,0,0.7,54.0,2839.0,2893.0,0.0187,2816.94,589.09,2227.85,0.0,0,0,0.0,0.0,-0.535550409913861
316340,3163409,São José do Goiabal (MG),31,0.316,1324.0,0.676,466.31,Faixa 2 (R$ 15k),15000.0,0,0.7,0.0,3769.0,3769.0,0.0,2846.68,863.29,1983.38,0.0,0,0,0.0,0.0,-0.5379956360370576
316350,3163508,São José do Jacuri (MG),31,0.371,723.0,0.657,363.4,Faixa 2 (R$ 15k),15000.0,0,0.7,0.0,2036.0,2036.0,0.0,2816.04,547.72,2268.33,0.0,0,0,0.0,0.0,-0.5465679900256337
316360,3163607,São José do Mantimento (MG),31,0.396,388.0,0.583,301.95,Faixa 2 (R$ 15k),15000.0,0,0.7,0.0,907.0,907.0,0.0,2337.63,587.63,1750.0,0.0,0,0,0.0,0.0,-0.5516749059270178
316220,3162203,São João Batista do Glória (MG),31,0.248,616.0,0.66,464.62,Faixa 3 (R$ 10k),10000.0,0,0.35,162.0,4247.0,4409.0,0.0367,7157.47,2894.48,4262.99,0.0,0,0,0.0,0.0,-0.41051706779244074
316250,3162500,São João Del Rei (MG),31,0.225,17145.0,0.719,510.78,Faixa 3 (R$ 10k),10000.0,0,0.35,115441.0,11614.0,127055.0,0.9086,7410.62,670.69,6739.92,0.0,0,0,0.0,0.0,-0.0017334679489855453
316280,3162807,São João Evangelista (MG),31,0.329,3798.0,0.654,367.36,Faixa 2 (R$ 15k),15000.0,0,0.7,1718.0,5343.0,7061.0,0.2433,1859.14,213.01,1646.13,0.0,0,0,0.0,0.0,-0.43828073673179313
316290,3162906,São João Nepomuceno (MG),31,0.24,5154.0,0.659,436.99,Faixa 3 (R$ 10k),10000.0,3,0.48,26020.0,0.0,26020.0,1.0,5048.51,2669.97,2665.7,1.0,35400,5343,454155.0,604.8,0.8734415025502343
316225,3162252,São João da Lagoa (MG),31,0.418,924.0,0.665,275.67,Faixa 1 (R$ 20k),20000.0,0,0.8,0.0,6256.0,6256.0,0.0,6770.56,2452.38,4318.18,0.0,0,0,0.0,0.0,-0.44643824650849917
316230,3162302,São João da Mata (MG),31,0.196,874.0,0.717,582.65,Faixa 3 (R$ 10k),10000.0,0,0.35,0.0,3214.0,3214.0,0.0,3677.35,1019.45,2657.89,0.0,0,0,0.0,0.0,-0.523285006176532
316240,3162401,São João da Ponte (MG),31,0.46,3032.0,0.632,324.39,Faixa 1 (R$ 20k),20000.0,0,0.8,4739.0,5425.0,10164.0,0.4663,3352.24,1372.36,1979.88,0.0,0,0,0.0,0.0,-0.27060287659570326
316255,3162559,São João do Manhuaçu (MG),31,0.262,1305.0,0.66,427.47,Faixa 3 (R$ 10k),10000.0,0,0.35,0.0,4131.0,4131.0,0.0,3165.52,789.27,2376.25,0.0,0,0,0.0,0.0,-0.5358211792674693
316257,3162575,São João do Manteninha (MG),31,0.35,972.0,0.658,361.04,Faixa 2 (R$ 15k),15000.0,0,0.7,27726.0,8772.0,36498.0,0.7597,37549.38,1608.02,35941.36,0.0,0,0,0.0,0.0,0.3303480560882487
316260,3162609,São João do Oriente (MG),31,0.411,1994.0,0.632,349.19,Faixa 1 (R$ 20k),20000.0,0,0.8,0.0,8137.0,8137.0,0.0,4080.74,1075.23,3005.52,0.0,0,0,0.0,0.0,-0.5166608792445879
316270,3162708,São João do Paraíso (MG),31,0.444,3369.0,0.667,314.72,Faixa 1 (R$ 20k),20000.0,0,0.8,2036.0,7338.0,9374.0,0.2172,2782.43,570.79,2211.64,0.0,0,0,0.0,0.0,-0.43102030357753146
316370,3163706,São Lourenço (MG),31,0.217,6015.0,0.682,555.88,Faixa 3 (R$ 10k),10000.0,0,0.35,44583.0,13687.0,58270.0,0.7651,9687.45,3247.71,6439.73,0.0,0,0,0.0,0.0,0.01805659286846949
316380,3163805,São Miguel do Anta (MG),31,0.34,1133.0,0.619,327.01,Faixa 2 (R$ 15k),15000.0,0,0.7,1834.0,9047.0,10881.0,0.1686,9603.71,2841.13,6762.58,0.0,0,0,0.0,0.0,-0.31042980020176203
316390,3163904,São Pedro da União (MG),31,0.216,1360.0,0.705,547.58,Faixa 3 (R$ 10k),10000.0,0,0.35,0.0,1940.0,1940.0,0.0,1426.47,339.71,1086.76,0.0,0,0,0.0,0.0,-0.5697970729292056
316410,3164100,São Pedro do Suaçuí (MG),31,0.471,895.0,0.67,358.24,Faixa 1 (R$ 20k),20000.0,0,0.8,0.0,2460.0,2460.0,0.0,2748.6,512.85,2235.75,0.0,0,0,0.0,0.0,-0.5483375585259094
316400,3164001,São Pedro dos Ferros (MG),31,0.362,2322.0,0.654,332.22,Faixa 2 (R$ 15k),15000.0,0,0.7,0.0,8539.0,8539.0,0.0,3677.43,946.17,2731.27,0.0,0,0,0.0,0.0,-0.5251831674837326
316430,3164308,São Roque de Minas (MG),31,0.327,573.0,0.667,470.61,Faixa 2 (R$ 15k),15000.0,0,0.7,625.0,2020.0,2645.0,0.2363,4616.06,1623.04,2993.02,0.0,0,0,0.0,0.0,-0.3700630269885258
316440,3164407,São Sebastião da Bela Vista (MG),31,0.267,795.0,0.637,398.15,Faixa 3 (R$ 10k),10000.0,0,0.35,0.0,5262.0,5262.0,0.0,6618.87,1823.9,4794.97,0.0,0,0,0.0,0.0,-0.4646748582083669
316443,3164431,São Sebastião da Vargem Alegre (MG),31,0.232,779.0,0.695,491.07,Faixa 3 (R$ 10k),10000.0,0,0.35,0.0,2383.0,2383.0,0.0,3059.05,812.58,2246.47,0.0,0,0,0.0,0.0,-0.5365837505029564
316447,3164472,São Sebastião do Anta (MG),31,0.441,1383.0,0.638,317.62,Faixa 1 (R$ 20k),20000.0,0,0.8,0.0,8250.0,8250.0,0.0,5965.29,1603.04,4362.26,0.0,0,0,0.0,0.0,-0.47878908845576246
316450,3164506,São Sebastião do Maranhão (MG),31,0.386,1297.0,0.654,271.76,Faixa 2 (R$ 15k),15000.0,0,0.7,0.0,2557.0,2557.0,0.0,1971.47,533.54,1437.93,0.0,0,0,0.0,0.0,-0.5577771801368323
316460,3164605,São Sebastião do Oeste (MG),31,0.23,535.0,0.609,432.61,Faixa 3 (R$ 10k),10000.0,0,0.35,296.0,6791.0,7087.0,0.0418,13246.73,4753.27,8493.46,0.0,0,0,0.0,0.0,-0.28146364143342784
316470,3164704,São Sebastião do Paraíso (MG),31,0.356,9327.0,0.694,554.47,Faixa 2 (R$ 15k),15000.0,0,0.7,221994.0,10991.0,232985.0,0.9528,24979.63,7440.98,17538.65,0.0,0,0,0.0,0.0,0.4227540587503764
316480,3164803,São Sebastião do Rio Preto (MG),31,0.239,261.0,0.685,456.57,Faixa 3 (R$ 10k),10000.0,0,0.35,0.0,2504.0,2504.0,0.0,9593.87,3057.47,6536.4,0.0,0,0,0.0,0.0,-0.3945127619726739
316490,3164902,São Sebastião do Rio Verde (MG),31,0.221,679.0,0.706,508.72,Faixa 3 (R$ 10k),10000.0,0,0.35,0.0,1333.0,1333.0,0.0,1963.18,590.57,1372.61,0.0,0,0,0.0,0.0,-0.5564054530694034
316520,3165206,São Thomé das Letras (MG),31,0.361,791.0,0.683,350.99,Faixa 2 (R$ 15k),15000.0,0,0.7,34.0,3712.0,3746.0,0.0091,4735.78,1792.67,2943.11,0.0,0,0,0.0,0.0,-0.48482307831346494
316500,3165008,São Tiago (MG),31,0.304,1674.0,0.641,382.22,Faixa 2 (R$ 15k),15000.0,0,0.7,6.0,3833.0,3839.0,0.0016,2293.31,590.8,1702.51,0.0,0,0,0.0,0.0,-0.5513117175752799
316510,3165107,São Tomás de Aquino (MG),31,0.271,1227.0,0.673,521.97,Faixa 3 (R$ 10k),10000.0,0,0.35,2179.0,4772.0,6951.0,0.3135,5665.04,1819.07,3845.97,0.0,0,0,0.0,0.0,-0.3105063309636717
316530,3165305,São Vicente de Minas (MG),31,0.264,1699.0,0.658,337.65,Faixa 3 (R$ 10k),10000.0,0,0.35,10306.0,1275.0,11581.0,0.8899,6816.36,423.78,6392.58,0.0,0,0,0.0,0.0,-0.025695237741135846
316790,3167905,Tabuleiro (MG),31,0.287,679.0,0.641,359.59,Faixa 3 (R$ 10k),10000.0,0,0.35,0.0,5386.0,5386.0,0.0,7932.25,908.69,7023.56,0.0,0,0,0.0,0.0,-0.47153629964457516
316800,3168002,Taiobeiras (MG),31,0.33,7680.0,0.683,372.2,Faixa 2 (R$ 15k),15000.0,0,0.7,40645.0,8273.0,48918.0,0.8309,6369.53,1590.49,4779.04,0.0,0,0,0.0,0.0,-0.03253354453574638
316805,3168051,Taparuba (MG),31,0.355,900.0,0.646,316.29,Faixa 2 (R$ 15k),15000.0,0,0.7,40.0,2569.0,2609.0,0.0153,2898.89,318.89,2580.0,0.0,0,0,0.0,0.0,-0.5433078213907452
316810,3168101,Tapira (MG),31,0.301,521.0,0.694,628.95,Faixa 2 (R$ 15k),15000.0,0,0.7,171.0,2749.0,2920.0,0.0586,5604.61,2863.72,2740.88,0.0,0,0,0.0,0.0,-0.4196144378579742
316820,3168200,Tapiraí (MG),31,0.403,377.0,0.605,386.22,Faixa 1 (R$ 20k),20000.0,0,0.8,0.0,1152.0,1152.0,0.0,3055.7,1315.65,1740.05,0.0,0,0,0.0,0.0,-0.5235878258232038
316840,3168408,Tarumirim (MG),31,0.35,2485.0,0.642,352.7,Faixa 2 (R$ 15k),15000.0,0,0.7,1494.0,10903.0,12397.0,0.1205,4988.73,1420.12,3568.61,0.0,0,0,0.0,0.0,-0.4320539744716537
316850,3168507,Teixeiras (MG),31,0.297,1792.0,0.666,424.12,Faixa 3 (R$ 10k),10000.0,0,0.35,66.0,14043.0,14109.0,0.0047,7873.33,2218.19,5655.13,0.0,0,0,0.0,0.0,-0.4358554154577757
316860,3168606,Teófilo Otoni (MG),31,0.324,40141.0,0.704,501.75,Faixa 2 (R$ 15k),15000.0,12,0.88,868508.0,0.0,868508.0,1.0,21636.43,3590.54,18047.33,1.0,126360,17394,1478490.0,1364.16,1.1083062987290275
316870,3168705,Timóteo (MG),31,0.248,23722.0,0.747,614.43,Faixa 3 (R$ 10k),10000.0,0,0.35,319430.0,25131.0,344561.0,0.9271,14524.96,1448.7,13076.26,0.0,0,0,0.0,0.0,0.11958473170296353
316880,3168804,Tiradentes (MG),31,0.174,1075.0,0.691,478.54,Faixa 3 (R$ 10k),10000.0,0,0.35,37001.0,3548.0,40549.0,0.9125,37720.0,674.42,37045.58,0.0,0,0,0.0,0.0,0.3895111688317009
316890,3168903,Tiros (MG),31,0.324,808.0,0.673,460.1,Faixa 2 (R$ 15k),15000.0,0,0.7,0.0,5780.0,5780.0,0.0,7153.47,1069.31,6084.16,0.0,0,0,0.0,0.0,-0.4773702962003606
316900,3169000,Tocantins (MG),31,0.217,3393.0,0.674,456.1,Faixa 3 (R$ 10k),10000.0,0,0.35,17220.0,32444.0,49664.0,0.3467,14637.19,2009.14,12628.06,0.0,0,0,0.0,0.0,-0.17276945125993015
316905,3169059,Tocos do Moji (MG),31,0.26,1806.0,0.712,481.73,Faixa 3 (R$ 10k),10000.0,0,0.35,0.0,4186.0,4186.0,0.0,2317.83,651.72,1666.11,0.0,0,0,0.0,0.0,-0.5502679445569225
316910,3169109,Toledo (MG),31,0.256,1072.0,0.699,510.72,Faixa 3 (R$ 10k),10000.0,0,0.35,112.0,2476.0,2588.0,0.0433,2414.18,1065.3,1348.88,0.0,0,0,0.0,0.0,-0.5153097744957149
316920,3169208,Tombos (MG),31,0.331,1783.0,0.682,445.71,Faixa 2 (R$ 15k),15000.0,0,0.7,20120.0,2498.0,22618.0,0.8896,12685.36,1076.28,11609.09,0.0,0,0,0.0,0.0,0.06639673605907952
316930,3169307,Três Corações (MG),31,0.333,17025.0,0.698,487.06,Faixa 2 (R$ 15k),15000.0,0,0.7,204741.0,13946.0,218687.0,0.9362,12845.05,1097.44,11747.61,0.0,0,0,0.0,0.0,0.09374993077019259
316935,3169356,Três Marias (MG),31,0.302,9350.0,0.739,576.28,Faixa 2 (R$ 15k),15000.0,1,0.88,23810.0,6888.0,30698.0,0.7756,3283.21,417.22,2865.99,1.0,10260,1482,125970.0,80.64,0.6712451132614549
316940,3169406,Três Pontas (MG),31,0.271,10918.0,0.697,450.06,Faixa 3 (R$ 10k),10000.0,0,0.35,252479.0,10628.0,263107.0,0.9596,24098.46,3923.06,20175.4,0.0,0,0,0.0,0.0,0.3238749739648718
316950,3169505,Tumiritinga (MG),31,0.393,1586.0,0.62,353.62,Faixa 2 (R$ 15k),15000.0,0,0.7,0.0,11475.0,11475.0,0.0,7235.18,1366.33,5868.85,0.0,0,0,0.0,0.0,-0.468623022661815
316960,3169604,Tupaciguara (MG),31,0.359,5249.0,0.681,541.85,Faixa 2 (R$ 15k),15000.0,0,0.7,37967.0,16490.0,54457.0,0.6972,10374.74,1726.23,8648.5,0.0,0,0,0.0,0.0,-0.04862551685627766
316970,3169703,Turmalina (MG),31,0.278,3786.0,0.714,412.28,Faixa 3 (R$ 10k),10000.0,1,0.48,8900.0,8722.0,17622.0,0.5051,4654.52,1192.55,3461.97,1.0,12720,2067,175695.0,174.72,0.5652485863104222
316980,3169802,Turvolândia (MG),31,0.234,514.0,0.631,471.32,Faixa 3 (R$ 10k),10000.0,0,0.35,0.0,5084.0,5084.0,0.0,9891.05,2684.82,7206.23,0.0,0,0,0.0,0.0,-0.40035652428206775
317005,3170057,Ubaporanga (MG),31,0.364,2175.0,0.651,336.72,Faixa 2 (R$ 15k),15000.0,0,0.7,0.0,26320.0,26320.0,0.0,12101.15,1808.74,10292.41,0.0,0,0,0.0,0.0,-0.3946927309702203
317000,3170008,Ubaí (MG),31,0.579,2165.0,0.652,250.45,Faixa 1 (R$ 20k),20000.0,0,0.8,327.0,3163.0,3490.0,0.0937,1612.01,618.01,994.0,0.0,0,0,0.0,0.0,-0.5104267196025563
317010,3170107,Uberaba (MG),31,0.238,52843.0,0.73,643.1,Faixa 3 (R$ 10k),10000.0,2,0.48,1280548.0,10082.0,1290630.0,0.9922,24423.86,4687.36,19736.5,1.0,20790,3003,255255.0,201.6,1.1683629481958664
317020,3170206,Uberlândia (MG),31,0.296,126469.0,0.754,706.03,Faixa 3 (R$ 10k),10000.0,11,0.48,1744354.0,0.0,1744354.0,1.0,13792.74,6237.84,7619.37,1.0,73680,22113,1879605.0,2782.08,1.0766589209092845
316990,3169901,Ubá (MG),31,0.273,22050.0,0.683,509.44,Faixa 3 (R$ 10k),10000.0,0,0.35,614188.0,10938.0,625126.0,0.9825,28350.39,2605.4,25744.99,0.0,0,0,0.0,0.0,0.35646915677261526
317043,3170438,União de Minas (MG),31,0.329,630.0,0.673,391.7,Faixa 2 (R$ 15k),15000.0,0,0.7,0.0,2272.0,2272.0,0.0,3606.35,1453.97,2152.38,0.0,0,0,0.0,0.0,-0.512934152862476
317052,3170529,Urucuia (MG),31,0.34,2637.0,0.672,293.3,Faixa 2 (R$ 15k),15000.0,4,0.88,11217.0,0.0,11217.0,1.0,4253.7,2607.51,1646.19,1.0,47400,7488,636480.0,752.64,0.8596786715708673
317057,3170578,Vargem Alegre (MG),31,0.376,1457.0,0.637,419.27,Faixa 2 (R$ 15k),15000.0,0,0.7,0.0,10667.0,10667.0,0.0,7321.21,1445.44,5875.77,0.0,0,0,0.0,0.0,-0.4654682412705606
317060,3170602,Vargem Bonita (MG),31,0.224,372.0,0.665,400.89,Faixa 3 (R$ 10k),10000.0,0,0.35,0.0,1675.0,1675.0,0.0,4502.69,1131.72,3370.97,0.0,0,0,0.0,0.0,-0.5097803013910438
317065,3170651,Vargem Grande do Rio Pardo (MG),31,0.416,687.0,0.66,280.15,Faixa 1 (R$ 20k),20000.0,0,0.8,497.0,1834.0,2331.0,0.2132,3393.01,1526.93,1866.08,0.0,0,0,0.0,0.0,-0.40052536120516447
317070,3170701,Varginha (MG),31,0.225,24614.0,0.735,565.28,Faixa 3 (R$ 10k),10000.0,0,0.35,146821.0,10778.0,157599.0,0.9316,6402.82,1789.43,4613.39,0.0,0,0,0.0,0.0,0.026544042068775774
317075,3170750,Varjão de Minas (MG),31,0.362,1276.0,0.712,463.0,Faixa 2 (R$ 15k),15000.0,0,0.7,0.0,7060.0,7060.0,0.0,5532.92,1035.27,4497.65,0.0,0,0,0.0,0.0,-0.49905528187943826
317090,3170909,Varzelândia (MG),31,0.39,3074.0,0.667,303.26,Faixa 2 (R$ 15k),15000.0,0,0.7,3581.0,2914.0,6495.0,0.5513,2112.88,286.6,1826.28,0.0,0,0,0.0,0.0,-0.2695000190225946
317100,3171006,Vazante (MG),31,0.23,4815.0,0.723,528.76,Faixa 3 (R$ 10k),10000.0,0,0.35,7999.0,12130.0,20129.0,0.3974,4180.48,1076.22,3104.26,0.0,0,0,0.0,0.0,-0.304247619011147
317107,3171071,Veredinha (MG),31,0.4,1195.0,0.668,325.76,Faixa 2 (R$ 15k),15000.0,0,0.7,375.0,1386.0,1761.0,0.2129,1473.64,643.51,830.13,0.0,0,0,0.0,0.0,-0.4482204508233473
317115,3171154,Vermelho Novo (MG),31,0.451,606.0,0.617,332.33,Faixa 1 (R$ 20k),20000.0,0,0.8,0.0,8247.0,8247.0,0.0,13608.91,2110.56,11498.35,0.0,0,0,0.0,0.0,-0.36751509694961276
317110,3171105,Veríssimo (MG),31,0.334,607.0,0.628,443.31,Faixa 2 (R$ 15k),15000.0,0,0.7,9968.0,4346.0,14314.0,0.6964,23581.55,2675.45,20906.1,0.0,0,0,0.0,0.0,0.1450856115956863
317140,3171402,Vieiras (MG),31,0.283,748.0,0.66,310.24,Faixa 3 (R$ 10k),10000.0,0,0.35,1077.0,12529.0,13606.0,0.0792,18189.84,855.61,17334.22,0.0,0,0,0.0,0.0,-0.29916454830985273
317160,3171600,Virgem da Lapa (MG),31,0.399,2760.0,0.684,366.67,Faixa 2 (R$ 15k),15000.0,0,0.7,6.0,5114.0,5120.0,0.0012,1855.07,492.75,1362.32,0.0,0,0,0.0,0.0,-0.559691145164267
317180,3171808,Virginópolis (MG),31,0.284,2093.0,0.678,389.93,Faixa 3 (R$ 10k),10000.0,0,0.35,1508.0,5204.0,6712.0,0.2247,3206.88,1266.13,1940.75,0.0,0,0,0.0,0.0,-0.40356523553784707
317190,3171907,Virgolândia (MG),31,0.419,1255.0,0.627,314.21,Faixa 1 (R$ 20k),20000.0,0,0.8,2377.0,7836.0,10213.0,0.2327,8137.85,1602.39,6535.46,0.0,0,0,0.0,0.0,-0.32730205202387747
317170,3171709,Virgínia (MG),31,0.213,2105.0,0.731,546.49,Faixa 3 (R$ 10k),10000.0,0,0.35,0.0,6264.0,6264.0,0.0,2975.77,684.09,2291.69,0.0,0,0,0.0,0.0,-0.5409830291901055
317200,3172004,Visconde do Rio Branco (MG),31,0.261,8328.0,0.676,507.97,Faixa 3 (R$ 10k),10000.0,0,0.35,11475.0,27192.0,38667.0,0.2968,4643.01,889.17,3753.84,0.0,0,0,0.0,0.0,-0.35659915666247344
317130,3171303,Viçosa (MG),31,0.24,17959.0,0.721,579.71,Faixa 3 (R$ 10k),10000.0,0,0.35,99882.0,11284.0,111166.0,0.8985,6189.99,1169.33,5020.66,0.0,0,0,0.0,0.0,-0.009843637404262329
317210,3172103,Volta Grande (MG),31,0.346,1144.0,0.663,382.77,Faixa 2 (R$ 15k),15000.0,0,0.7,0.0,3510.0,3510.0,0.0,3068.18,460.66,2607.52,0.0,0,0,0.0,0.0,-0.545587864552715
317080,3170800,Várzea da Palma (MG),31,0.4,11805.0,0.666,364.98,Faixa 2 (R$ 15k),15000.0,1,0.88,86335.0,12821.0,99156.0,0.8707,8399.49,636.59,7762.9,1.0,10530,1521,129285.0,120.96,0.7931268203578723
317220,3172202,Wenceslau Braz (MG),31,0.306,1265.0,0.678,424.2,Faixa 2 (R$ 15k),15000.0,0,0.7,104.0,5368.0,5472.0,0.019,4325.69,1641.11,2684.58,0.0,0,0,0.0,0.0,-0.48875648095272994
310060,3100609,Água Boa (MG),31,0.483,2828.0,0.625,338.57,Faixa 1 (R$ 20k),20000.0,0,0.8,0.0,4306.0,4306.0,0.0,1522.63,660.89,861.74,0.0,0,0,0.0,0.0,-0.5602381111480763
310070,3100708,Água Comprida (MG),31,0.245,361.0,0.611,536.55,Faixa 3 (R$ 10k),10000.0,0,0.35,0.0,2653.0,2653.0,0.0,7349.03,2916.9,4432.13,0.0,0,0,0.0,0.0,-0.4269727682625133
310090,3100906,Águas Formosas (MG),31,0.43,5039.0,0.655,361.28,Faixa 1 (R$ 20k),20000.0,2,0.94,73762.0,4188.0,77950.0,0.9463,15469.34,1383.41,14085.93,1.0,22320,3627,308295.0,268.8,0.9433981706707693
310100,3101003,Águas Vermelhas (MG),31,0.462,3329.0,0.612,290.34,Faixa 1 (R$ 20k),20000.0,0,0.8,8121.0,3430.0,11551.0,0.7031,3469.81,338.24,3131.57,0.0,0,0,0.0,0.0,-0.17010352176718796
310930,3109303,Buritis (MG),31,0.288,5689.0,0.712,510.12,Faixa 3 (R$ 10k),10000.0,0,0.35,26349.0,2232.0,28581.0,0.9219,5023.91,593.07,4430.83,0.0,0,0,0.0,0.0,-0.027317808532440157
310945,3109451,Cabeceira Grande (MG),31,0.365,1683.0,0.66,337.06,Faixa 2 (R$ 15k),15000.0,0,0.7,895.0,3292.0,4187.0,0.2138,2487.82,229.35,2258.47,0.0,0,0,0.0,0.0,-0.4454579981826434
317040,3170404,Unaí (MG),31,0.264,17992.0,0.731,550.5,Faixa 3 (R$ 10k),10000.0,1,0.48,193274.0,9397.0,202671.0,0.9536,11264.51,626.11,10638.39,1.0,9600,1560,132600.0,94.08,0.8736711190623808
310620,3106200,Belo Horizonte (MG),31,0.311,647177.0,0.768,878.89,Faixa 2 (R$ 15k),15000.0,4,0.88,4393809.0,79836.0,4473645.0,0.9822,6912.55,2249.65,4662.9,1.0,46440,6396,543660.0,819.84,0.8750788473251128
310670,3106705,Betim (MG),31,0.355,123413.0,0.732,548.46,Faixa 2 (R$ 15k),15000.0,19,0.88,633405.0,50639.0,684044.0,0.926,5542.72,1646.36,3896.36,1.0,201180,30615,2602275.0,2929.92,0.8120034470737367
310900,3109006,Brumadinho (MG),31,0.223,6908.0,0.725,606.32,Faixa 3 (R$ 10k),10000.0,0,0.35,224805.0,18011.0,242816.0,0.9258,35149.97,3927.19,31222.79,0.0,0,0,0.0,0.0,0.4478930793321229
311000,3110004,Caeté (MG),31,0.348,12072.0,0.709,520.82,Faixa 2 (R$ 15k),15000.0,0,0.7,7208.0,17912.0,25120.0,0.2869,2080.85,713.06,1367.79,0.0,0,0,0.0,0.0,-0.39931278493480027
311250,3112505,Capim Branco (MG),31,0.279,3057.0,0.706,469.36,Faixa 3 (R$ 10k),10000.0,0,0.35,783.0,10667.0,11450.0,0.0684,3745.5,685.97,3059.54,0.0,0,0,0.0,0.0,-0.49471788135665096
311787,3117876,Confins (MG),31,0.189,2278.0,0.759,616.88,Faixa 3 (R$ 10k),10000.0,0,0.35,292.0,3340.0,3632.0,0.0804,1594.38,482.44,1111.94,0.0,0,0,0.0,0.0,-0.5212320755839317
311860,3118601,Contagem (MG),31,0.331,182756.0,0.746,665.91,Faixa 2 (R$ 15k),15000.0,0,0.7,494247.0,186448.0,680695.0,0.7261,3724.61,1182.11,2542.5,0.0,0,0,0.0,0.0,-0.132742584561572
312410,3124104,Esmeraldas (MG),31,0.429,19998.0,0.667,392.43,Faixa 1 (R$ 20k),20000.0,0,0.8,8303.0,31980.0,40283.0,0.2061,2014.35,620.61,1393.74,0.0,0,0,0.0,0.0,-0.4454852956165013
312600,3126000,Florestal (MG),31,0.236,1457.0,0.732,649.06,Faixa 3 (R$ 10k),10000.0,0,0.35,783.0,5546.0,6329.0,0.1237,4343.86,1810.57,2533.29,0.0,0,0,0.0,0.0,-0.42851218583773265
312980,3129806,Ibirité (MG),31,0.374,54456.0,0.693,445.7,Faixa 2 (R$ 15k),15000.0,0,0.7,61645.0,75798.0,137443.0,0.4485,2523.93,742.42,1781.51,0.0,0,0,0.0,0.0,-0.30701871862310604
313010,3130101,Igarapé (MG),31,0.354,10184.0,0.69,466.43,Faixa 2 (R$ 15k),15000.0,0,0.7,206705.0,10306.0,217011.0,0.9525,21309.01,1658.58,19650.43,0.0,0,0,0.0,0.0,0.22560321663466126
313220,3132206,Itaguara (MG),31,0.211,1501.0,0.673,424.85,Faixa 3 (R$ 10k),10000.0,0,0.35,29406.0,8007.0,37413.0,0.786,24925.38,2577.61,22347.77,0.0,0,0,0.0,0.0,0.20739765536016103
313370,3133709,Itatiaiuçu (MG),31,0.273,1643.0,0.682,412.47,Faixa 3 (R$ 10k),10000.0,0,0.35,0.0,20997.0,20997.0,0.0,12779.67,6083.99,6695.68,0.0,0,0,0.0,0.0,-0.27517370322133244
313460,3134608,Jaboticatubas (MG),31,0.335,4047.0,0.685,421.6,Faixa 2 (R$ 15k),15000.0,0,0.7,6927.0,7815.0,14742.0,0.4699,3642.7,871.02,2771.68,0.0,0,0,0.0,0.0,-0.27795598531585525
313665,3136652,Juatuba (MG),31,0.34,7051.0,0.712,455.85,Faixa 2 (R$ 15k),15000.0,0,0.7,60.0,12553.0,12613.0,0.0048,1788.82,644.31,1144.52,0.0,0,0,0.0,0.0,-0.554700880095063
313760,3137601,Lagoa Santa (MG),31,0.273,14347.0,0.737,727.22,Faixa 3 (R$ 10k),10000.0,0,0.35,15873.0,23825.0,39698.0,0.3998,2766.99,899.7,1867.29,0.0,0,0,0.0,0.0,-0.3256925797771125
314070,3140704,Mateus Leme (MG),31,0.389,7063.0,0.665,418.74,Faixa 2 (R$ 15k),15000.0,0,0.7,76975.0,12628.0,89603.0,0.8591,12686.25,802.49,11883.76,0.0,0,0,0.0,0.0,0.043109560171640096
314110,3141108,Matozinhos (MG),31,0.261,11235.0,0.72,511.53,Faixa 3 (R$ 10k),10000.0,0,0.35,3214.0,15041.0,18255.0,0.1761,1624.83,430.89,1193.95,0.0,0,0,0.0,0.0,-0.47133936315429653
314015,3140159,Mário Campos (MG),31,0.391,3964.0,0.691,450.18,Faixa 2 (R$ 15k),15000.0,0,0.7,1598.0,31740.0,33338.0,0.0479,8410.19,2062.56,6347.63,0.0,0,0,0.0,0.0,-0.41004874312417366
314480,3144805,Nova Lima (MG),31,0.27,25486.0,0.749,712.43,Faixa 3 (R$ 10k),10000.0,0,0.35,860086.0,25186.0,885272.0,0.9715,34735.62,1562.86,33172.76,0.0,0,0,0.0,0.0,0.4055704895395825
313660,3136603,Nova União (MG),31,0.334,969.0,0.677,394.98,Faixa 2 (R$ 15k),15000.0,0,0.7,7229.0,3746.0,10975.0,0.6587,11326.11,2121.78,9204.33,0.0,0,0,0.0,0.0,-0.046612751724361356
314930,3149309,Pedro Leopoldo (MG),31,0.204,17595.0,0.756,614.96,Faixa 3 (R$ 10k),10000.0,0,0.35,3867.0,19503.0,23370.0,0.1655,1328.22,414.55,913.67,0.0,0,0,0.0,0.0,-0.4812014176828262
315390,3153905,Raposos (MG),31,0.343,5335.0,0.746,774.44,Faixa 2 (R$ 15k),15000.0,0,0.7,47862.0,10621.0,58483.0,0.8184,10962.14,570.95,10391.19,0.0,0,0,0.0,0.0,-0.006644457844281237
315460,3154606,Ribeirão das Neves (MG),31,0.38,105086.0,0.69,444.49,Faixa 2 (R$ 15k),15000.0,0,0.7,532059.0,181295.0,713354.0,0.7459,6788.29,920.68,5867.6,0.0,0,0,0.0,0.0,-0.08967248497643614
315530,3155306,Rio Manso (MG),31,0.308,986.0,0.656,443.93,Faixa 2 (R$ 15k),15000.0,0,0.7,0.0,4528.0,4528.0,0.0,4592.29,1780.93,2811.36,0.0,0,0,0.0,0.0,-0.4918034330316138
315670,3156700,Sabará (MG),31,0.351,44460.0,0.735,554.89,Faixa 2 (R$ 15k),15000.0,2,0.88,75699.0,65491.0,141190.0,0.5361,3175.66,1448.56,1727.1,1.0,21060,3042,258570.0,241.92,0.569368031998307
315780,3157807,Santa Luzia (MG),31,0.358,73686.0,0.706,494.49,Faixa 2 (R$ 15k),15000.0,0,0.7,719177.0,111681.0,830858.0,0.8656,11275.66,722.76,10552.9,0.0,0,0,0.0,0.0,0.026388505744451674
316553,3165537,Sarzedo (MG),31,0.362,8238.0,0.713,542.21,Faixa 2 (R$ 15k),15000.0,0,0.7,52064.0,24359.0,76423.0,0.6813,9276.89,2013.11,7263.78,0.0,0,0,0.0,0.0,-0.06372921160732728
316292,3162922,São Joaquim de Bicas (MG),31,0.356,6149.0,0.664,448.31,Faixa 2 (R$ 15k),15000.0,0,0.7,99895.0,30394.0,130289.0,0.7667,21188.65,2199.54,18989.1,0.0,0,0,0.0,0.0,0.1393781895133453
316295,3162955,São José da Lapa (MG),31,0.319,3714.0,0.72,492.19,Faixa 2 (R$ 15k),15000.0,0,0.7,77.0,14480.0,14557.0,0.0053,3919.49,1458.0,2461.5,0.0,0,0,0.0,0.0,-0.5059944376526007
317120,3171204,Vespasiano (MG),31,0.372,37004.0,0.686,494.61,Faixa 2 (R$ 15k),15000.0,0,0.7,37348.0,79232.0,116580.0,0.3204,3150.47,1104.72,2045.75,0.0,0,0,0.0,0.0,-0.3576350271501513
330010,3300100,Angra dos Reis (RJ),33,0.29,36122.0,0.706,650.75,Faixa 3 (R$ 10k),10000.0,0,0.35,0.0,1571.0,1571.0,0.0,43.49,21.9,21.59,0.0,0,0,0.0,0.0,-0.595787368500375
330015,3300159,Aperibé (RJ),33,0.325,1313.0,0.702,422.78,Faixa 2 (R$ 15k),15000.0,0,0.7,0.0,8.0,8.0,0.0,6.09,3.05,3.05,0.0,0,0,0.0,0.0,-0.5967559658436828
330020,3300209,Araruama (RJ),33,0.32,28723.0,0.685,507.45,Faixa 2 (R$ 15k),15000.0,0,0.7,0.0,245.0,245.0,0.0,8.53,2.23,6.3,0.0,0,0,0.0,0.0,-0.5967459649402655
330022,3300225,Areal (RJ),33,0.329,2373.0,0.639,386.87,Faixa 2 (R$ 15k),15000.0,0,0.7,0.0,65.0,65.0,0.0,27.39,11.38,16.01,0.0,0,0,0.0,0.0,-0.5962667062252283
330023,3300233,Armação dos Búzios (RJ),33,0.233,6065.0,0.703,596.8,Faixa 3 (R$ 10k),10000.0,2,0.48,3840.0,0.0,3840.0,1.0,633.14,455.07,178.07,1.0,21330,3081,261885.0,309.12,0.7574137064388682
330025,3300258,Arraial do Cabo (RJ),33,0.255,5895.0,0.715,538.44,Faixa 3 (R$ 10k),10000.0,0,0.35,0.0,167.0,167.0,0.0,28.33,17.3,11.03,0.0,0,0,0.0,0.0,-0.5961012008183888
330040,3300407,Barra Mansa (RJ),33,0.266,43571.0,0.708,522.39,Faixa 3 (R$ 10k),10000.0,0,0.35,0.0,2441.0,2441.0,0.0,56.02,27.43,28.6,0.0,0,0,0.0,0.0,-0.5954831250233757
330030,3300308,Barra do Piraí (RJ),33,0.266,27062.0,0.723,573.97,Faixa 3 (R$ 10k),10000.0,0,0.35,0.0,1093.0,1093.0,0.0,40.39,20.21,20.18,0.0,0,0,0.0,0.0,-0.5958709652785764
330050,3300506,Bom Jardim (RJ),33,0.28,3394.0,0.606,409.63,Faixa 3 (R$ 10k),10000.0,0,0.35,0.0,385.0,385.0,0.0,113.44,62.46,50.97,0.0,0,0,0.0,0.0,-0.5938382372803476
330060,3300605,Bom Jesus do Itabapoana (RJ),33,0.283,7038.0,0.706,454.53,Faixa 3 (R$ 10k),10000.0,0,0.35,0.0,539.0,539.0,0.0,76.58,41.49,35.1,0.0,0,0,0.0,0.0,-0.5948547828187503
330070,3300704,Cabo Frio (RJ),33,0.259,34738.0,0.704,593.37,Faixa 3 (R$ 10k),10000.0,8,0.48,14040.0,0.0,14040.0,1.0,404.17,193.45,210.72,1.0,81150,11349,964665.0,752.64,0.7476936049435281
330090,3300902,Cambuci (RJ),33,0.257,2646.0,0.672,383.33,Faixa 3 (R$ 10k),10000.0,0,0.35,0.0,75.0,75.0,0.0,28.34,10.96,17.38,0.0,0,0,0.0,0.0,-0.5962653971042713
330100,3301009,Campos dos Goytacazes (RJ),33,0.344,109320.0,0.689,492.88,Faixa 2 (R$ 15k),15000.0,13,0.88,25320.0,0.0,25320.0,1.0,231.61,142.7,88.91,1.0,137430,19617,1667445.0,1747.2,0.7441631080679143
330110,3301108,Cantagalo (RJ),33,0.281,5007.0,0.672,464.93,Faixa 3 (R$ 10k),10000.0,0,0.35,0.0,84.0,84.0,0.0,16.78,5.99,10.78,0.0,0,0,0.0,0.0,-0.5965426743830088
330093,3300936,Carapebus (RJ),33,0.241,2946.0,0.746,640.39,Faixa 3 (R$ 10k),10000.0,0,0.35,0.0,32.0,32.0,0.0,10.86,5.43,5.43,0.0,0,0,0.0,0.0,-0.5966331152554579
330115,3301157,Cardoso Moreira (RJ),33,0.352,1534.0,0.671,411.13,Faixa 2 (R$ 15k),15000.0,0,0.7,0.0,97.0,97.0,0.0,63.23,52.8,10.43,0.0,0,0,0.0,0.0,-0.5947330813268807
330120,3301207,Carmo (RJ),33,0.289,3437.0,0.675,430.19,Faixa 3 (R$ 10k),10000.0,0,0.35,0.0,173.0,173.0,0.0,50.33,20.66,29.68,0.0,0,0,0.0,0.0,-0.5957316362447195
330130,3301306,Casimiro de Abreu (RJ),33,0.248,7057.0,0.711,626.24,Faixa 3 (R$ 10k),10000.0,0,0.35,0.0,117.0,117.0,0.0,16.58,9.21,7.37,0.0,0,0,0.0,0.0,-0.5964617158877656
330095,3300951,Comendador Levy Gasparian (RJ),33,0.229,2242.0,0.686,426.73,Faixa 3 (R$ 10k),10000.0,0,0.35,0.0,350.0,350.0,0.0,156.11,111.95,44.16,0.0,0,0,0.0,0.0,-0.5920077052564403
330140,3301405,Conceição de Macabu (RJ),33,0.363,5093.0,0.72,506.43,Faixa 2 (R$ 15k),15000.0,0,0.7,0.0,158.0,158.0,0.0,31.02,20.22,10.8,0.0,0,0,0.0,0.0,-0.595990987117745
330150,3301504,Cordeiro (RJ),33,0.248,4466.0,0.677,455.08,Faixa 3 (R$ 10k),10000.0,0,0.35,0.0,106.0,106.0,0.0,23.73,12.54,11.2,0.0,0,0,0.0,0.0,-0.5962835556888759
330160,3301603,Duas Barras (RJ),33,0.291,1563.0,0.636,434.05,Faixa 3 (R$ 10k),10000.0,0,0.35,0.0,95.0,95.0,0.0,60.78,52.46,8.32,0.0,0,0,0.0,0.0,-0.5947733439050278
330180,3301801,Engenheiro Paulo de Frontin (RJ),33,0.238,2376.0,0.706,436.78,Faixa 3 (R$ 10k),10000.0,0,0.35,0.0,91.0,91.0,0.0,38.3,31.57,6.73,0.0,0,0,0.0,0.0,-0.5956033576332846
330187,3301876,Iguaba Grande (RJ),33,0.292,5518.0,0.74,818.68,Faixa 3 (R$ 10k),10000.0,0,0.35,0.0,275.0,275.0,0.0,49.84,17.94,31.9,0.0,0,0,0.0,0.0,-0.595808492789871
330205,3302056,Italva (RJ),33,0.255,1991.0,0.675,491.48,Faixa 3 (R$ 10k),10000.0,0,0.35,0.0,80.0,80.0,0.0,40.18,5.02,35.16,0.0,0,0,0.0,0.0,-0.5962673662945525
330210,3302106,Itaocara (RJ),33,0.289,2968.0,0.677,439.26,Faixa 3 (R$ 10k),10000.0,0,0.35,0.0,184.0,184.0,0.0,61.99,48.18,13.81,0.0,0,0,0.0,0.0,-0.5948687434507478
330220,3302205,Itaperuna (RJ),33,0.255,22476.0,0.705,532.67,Faixa 3 (R$ 10k),10000.0,1,0.48,3120.0,0.0,3120.0,1.0,138.81,138.81,23.85,0.0,0,2028,172380.0,349.44,-0.060151139753463576
330225,3302254,Itatiaia (RJ),33,0.319,6704.0,0.703,588.09,Faixa 2 (R$ 15k),15000.0,0,0.7,0.0,499.0,499.0,0.0,74.43,28.34,46.09,0.0,0,0,0.0,0.0,-0.5952232806882689
330230,3302304,Laje do Muriaé (RJ),33,0.343,1753.0,0.663,357.5,Faixa 2 (R$ 15k),15000.0,0,0.7,0.0,73.0,73.0,0.0,41.64,10.84,30.8,0.0,0,0,0.0,0.0,-0.5960977776115568
330240,3302403,Macaé (RJ),33,0.335,57390.0,0.741,772.88,Faixa 2 (R$ 15k),15000.0,2,0.88,6000.0,0.0,6000.0,1.0,104.55,54.36,50.18,1.0,25440,4134,351390.0,349.44,0.7402423345138583
330245,3302452,Macuco (RJ),33,0.277,1219.0,0.658,338.7,Faixa 3 (R$ 10k),10000.0,0,0.35,0.0,74.0,74.0,0.0,60.71,27.07,33.63,0.0,0,0,0.0,0.0,-0.5954323862574025
330260,3302601,Mangaratiba (RJ),33,0.226,8832.0,0.748,727.08,Faixa 3 (R$ 10k),10000.0,0,0.35,0.0,222.0,222.0,0.0,25.14,12.0,13.13,0.0,0,0,0.0,0.0,-0.5962795870692548
330280,3302809,Mendes (RJ),33,0.348,4611.0,0.726,488.46,Faixa 2 (R$ 15k),15000.0,0,0.7,0.0,130.0,130.0,0.0,28.19,12.8,15.4,0.0,0,0,0.0,0.0,-0.596219564594825
330290,3302908,Miguel Pereira (RJ),33,0.276,5602.0,0.712,505.02,Faixa 3 (R$ 10k),10000.0,0,0.35,0.0,407.0,407.0,0.0,72.65,62.83,9.82,0.0,0,0,0.0,0.0,-0.5943521937463954
330300,3303005,Miracema (RJ),33,0.306,7385.0,0.687,425.68,Faixa 2 (R$ 15k),15000.0,0,0.7,0.0,268.0,268.0,0.0,36.29,14.49,21.8,0.0,0,0,0.0,0.0,-0.5960718513013139
330310,3303104,Natividade (RJ),33,0.306,3037.0,0.708,463.73,Faixa 2 (R$ 15k),15000.0,0,0.7,0.0,249.0,249.0,0.0,81.99,35.56,46.43,0.0,0,0,0.0,0.0,-0.5949391011871296
330340,3303401,Nova Friburgo (RJ),33,0.225,21670.0,0.698,597.22,Faixa 3 (R$ 10k),10000.0,0,0.35,0.0,894.0,894.0,0.0,41.26,13.71,27.55,0.0,0,0,0.0,0.0,-0.5960282688915806
330380,3303807,Paraty (RJ),33,0.212,6203.0,0.692,582.5,Faixa 3 (R$ 10k),10000.0,0,0.35,0.0,1370.0,1370.0,0.0,220.86,99.31,121.55,0.0,0,0,0.0,0.0,-0.5915041335626612
330370,3303708,Paraíba do Sul (RJ),33,0.305,9905.0,0.68,432.63,Faixa 2 (R$ 15k),15000.0,0,0.7,0.0,458.0,458.0,0.0,46.24,29.28,16.96,0.0,0,0,0.0,0.0,-0.5955607871207761
330385,3303856,Paty do Alferes (RJ),33,0.382,4965.0,0.657,397.89,Faixa 2 (R$ 15k),15000.0,0,0.7,0.0,113.0,113.0,0.0,22.76,14.7,8.06,0.0,0,0,0.0,0.0,-0.5962400905788267
330390,3303906,Petrópolis (RJ),33,0.314,51553.0,0.681,519.75,Faixa 2 (R$ 15k),15000.0,0,0.7,0.0,1556.0,1556.0,0.0,30.18,11.77,18.41,0.0,0,0,0.0,0.0,-0.5962207831916917
330395,3303955,Pinheiral (RJ),33,0.27,5456.0,0.685,517.06,Faixa 3 (R$ 10k),10000.0,0,0.35,0.0,233.0,233.0,0.0,42.71,14.3,28.41,0.0,0,0,0.0,0.0,-0.5959943634570898
330400,3304003,Piraí (RJ),33,0.278,5494.0,0.686,534.39,Faixa 3 (R$ 10k),10000.0,0,0.35,0.0,374.0,374.0,0.0,68.07,27.3,40.77,0.0,0,0,0.0,0.0,-0.5953318783427916
330410,3304102,Porciúncula (RJ),33,0.31,3960.0,0.683,483.07,Faixa 2 (R$ 15k),15000.0,0,0.7,0.0,766.0,766.0,0.0,193.43,51.01,142.42,0.0,0,0,0.0,0.0,-0.5931081215445294
330411,3304110,Porto Real (RJ),33,0.269,4719.0,0.689,464.55,Faixa 3 (R$ 10k),10000.0,0,0.35,0.0,251.0,251.0,0.0,53.19,31.79,21.4,0.0,0,0,0.0,0.0,-0.5954065152297268
330412,3304128,Quatis (RJ),33,0.255,3197.0,0.673,423.49,Faixa 3 (R$ 10k),10000.0,0,0.35,0.0,79.0,79.0,0.0,24.71,4.07,20.64,0.0,0,0,0.0,0.0,-0.5964905747171949
330415,3304151,Quissamã (RJ),33,0.293,3932.0,0.721,591.06,Faixa 3 (R$ 10k),10000.0,0,0.35,0.0,140.0,140.0,0.0,35.61,15.26,20.35,0.0,0,0,0.0,0.0,-0.5960606229299049
330420,3304201,Resende (RJ),33,0.214,26159.0,0.736,616.94,Faixa 3 (R$ 10k),10000.0,8,0.48,17520.0,0.0,17520.0,1.0,669.75,449.56,220.19,1.0,91320,13650,1160250.0,1317.12,0.7577408503880958
330440,3304409,Rio Claro (RJ),33,0.33,2621.0,0.677,480.42,Faixa 2 (R$ 15k),15000.0,0,0.7,0.0,422.0,422.0,0.0,161.01,83.17,77.83,0.0,0,0,0.0,0.0,-0.5926908130456461
330450,3304508,Rio das Flores (RJ),33,0.236,1598.0,0.673,416.01,Faixa 3 (R$ 10k),10000.0,0,0.35,0.0,79.0,79.0,0.0,49.44,23.78,25.66,0.0,0,0,0.0,0.0,-0.595662262222322
330452,3304524,Rio das Ostras (RJ),33,0.244,22920.0,0.743,756.35,Faixa 3 (R$ 10k),10000.0,0,0.35,0.0,817.0,817.0,0.0,35.65,15.01,20.64,0.0,0,0,0.0,0.0,-0.5960665891357968
330460,3304607,Santa Maria Madalena (RJ),33,0.265,1548.0,0.655,406.76,Faixa 3 (R$ 10k),10000.0,0,0.35,0.0,522.0,522.0,0.0,337.21,208.01,129.2,0.0,0,0,0.0,0.0,-0.5871932049332905
330470,3304706,Santo Antônio de Pádua (RJ),33,0.298,6293.0,0.683,485.54,Faixa 3 (R$ 10k),10000.0,0,0.35,0.0,365.0,365.0,0.0,58.0,40.52,17.48,0.0,0,0,0.0,0.0,-0.5951184997304244
330540,3305406,Sapucaia (RJ),33,0.277,3270.0,0.682,462.71,Faixa 3 (R$ 10k),10000.0,0,0.35,0.0,214.0,214.0,0.0,65.44,17.74,47.71,0.0,0,0,0.0,0.0,-0.5956133545058222
330550,3305505,Saquarema (RJ),33,0.32,17137.0,0.682,527.83,Faixa 2 (R$ 15k),15000.0,0,0.7,0.0,483.0,483.0,0.0,28.18,7.82,20.37,0.0,0,0,0.0,0.0,-0.5963487681645402
330560,3305604,Silva Jardim (RJ),33,0.312,5054.0,0.649,397.02,Faixa 2 (R$ 15k),15000.0,0,0.7,0.0,73.0,73.0,0.0,14.44,6.13,8.31,0.0,0,0,0.0,0.0,-0.5965690163304895
330570,3305703,Sumidouro (RJ),33,0.28,953.0,0.631,384.95,Faixa 3 (R$ 10k),10000.0,0,0.35,0.0,70.0,70.0,0.0,73.45,60.86,12.59,0.0,0,0,0.0,0.0,-0.5943929841573012
330480,3304805,São Fidélis (RJ),33,0.226,5722.0,0.703,514.65,Faixa 3 (R$ 10k),10000.0,0,0.35,0.0,82.0,82.0,0.0,14.33,8.39,5.94,0.0,0,0,0.0,0.0,-0.5965118520846996
330475,3304755,São Francisco de Itabapoana (RJ),33,0.374,4764.0,0.647,398.14,Faixa 2 (R$ 15k),15000.0,0,0.7,0.0,228.0,228.0,0.0,47.86,27.29,20.57,0.0,0,0,0.0,0.0,-0.5955915697115793
330513,3305133,São José de Ubá (RJ),33,0.258,745.0,0.672,394.79,Faixa 3 (R$ 10k),10000.0,0,0.35,0.0,65.0,65.0,0.0,87.25,37.58,49.66,0.0,0,0,0.0,0.0,-0.5948192912933632
330515,3305158,São José do Vale do Rio Preto (RJ),33,0.34,2695.0,0.611,348.53,Faixa 2 (R$ 15k),15000.0,0,0.7,0.0,93.0,93.0,0.0,34.51,20.41,14.1,0.0,0,0,0.0,0.0,-0.5959412620515279
330500,3305000,São João da Barra (RJ),33,0.272,5076.0,0.667,503.53,Faixa 3 (R$ 10k),10000.0,0,0.35,0.0,214.0,214.0,0.0,42.16,32.51,9.65,0.0,0,0,0.0,0.0,-0.5955294439063932
330520,3305208,São Pedro da Aldeia (RJ),33,0.299,20734.0,0.694,598.99,Faixa 3 (R$ 10k),10000.0,0,0.35,0.0,605.0,605.0,0.0,29.18,11.53,17.65,0.0,0,0,0.0,0.0,-0.596239840505776
330530,3305307,São Sebastião do Alto (RJ),33,0.242,1145.0,0.682,393.46,Faixa 3 (R$ 10k),10000.0,0,0.35,0.0,9.0,9.0,0.0,7.86,6.99,0.87,0.0,0,0,0.0,0.0,-0.5966311925271484
330580,3305802,Teresópolis (RJ),33,0.302,25347.0,0.666,494.32,Faixa 2 (R$ 15k),15000.0,0,0.7,0.0,1251.0,1251.0,0.0,49.35,29.39,19.96,0.0,0,0,0.0,0.0,-0.595518013544301
330590,3305901,Trajano de Moraes (RJ),33,0.262,1075.0,0.672,399.43,Faixa 3 (R$ 10k),10000.0,0,0.35,0.0,91.0,91.0,0.0,84.65,51.16,33.49,0.0,0,0,0.0,0.0,-0.5945006232829453
330600,3306008,Três Rios (RJ),33,0.261,21205.0,0.697,483.09,Faixa 3 (R$ 10k),10000.0,0,0.35,0.0,603.0,603.0,0.0,28.44,10.14,18.3,0.0,0,0,0.0,0.0,-0.5962853667684568
330610,3306107,Valença (RJ),33,0.262,15557.0,0.692,434.65,Faixa 3 (R$ 10k),10000.0,1,0.48,2400.0,0.0,2400.0,1.0,154.27,92.56,61.71,1.0,10080,1638,139230.0,161.28,0.7418707438418676
330615,3306156,Varre-Sai (RJ),33,0.276,1070.0,0.648,416.58,Faixa 3 (R$ 10k),10000.0,0,0.35,0.0,81.0,81.0,0.0,75.7,39.25,36.45,0.0,0,0,0.0,0.0,-0.5949242047413795
330620,3306206,Vassouras (RJ),33,0.186,5801.0,0.71,517.54,Faixa 3 (R$ 10k),10000.0,1,0.48,1920.0,0.0,1920.0,1.0,330.98,227.55,103.43,1.0,11880,1404,119340.0,147.84,0.7476379060956118
330630,3306305,Volta Redonda (RJ),33,0.236,61634.0,0.74,659.32,Faixa 3 (R$ 10k),10000.0,0,0.35,0.0,3739.0,3739.0,0.0,60.66,31.14,29.53,0.0,0,0,0.0,0.0,-0.5953274037339865
330045,3300456,Belford Roxo (RJ),33,0.42,162864.0,0.685,449.69,Faixa 1 (R$ 20k),20000.0,0,0.8,0.0,1920.0,1920.0,0.0,11.79,4.46,7.33,0.0,0,0,0.0,0.0,-0.5966463181642869
330080,3300803,Cachoeiras de Macacu (RJ),33,0.316,13292.0,0.691,496.47,Faixa 2 (R$ 15k),15000.0,0,0.7,0.0,188.0,188.0,0.0,14.14,8.13,6.02,0.0,0,0,0.0,0.0,-0.5965209623499848
330170,3301702,Duque de Caxias (RJ),33,0.402,278832.0,0.703,526.84,Faixa 1 (R$ 20k),20000.0,0,0.8,0.0,4528.0,4528.0,0.0,16.24,6.11,10.12,0.0,0,0,0.0,0.0,-0.5965464960213106
330185,3301850,Guapimirim (RJ),33,0.377,14931.0,0.697,503.42,Faixa 2 (R$ 15k),15000.0,0,0.7,0.0,297.0,297.0,0.0,19.89,7.37,12.52,0.0,0,0,0.0,0.0,-0.5964669164413611
330190,3301900,Itaboraí (RJ),33,0.437,69177.0,0.68,477.14,Faixa 1 (R$ 20k),20000.0,2,0.94,3840.0,0.0,3840.0,1.0,55.51,39.9,15.61,1.0,21330,3081,261885.0,309.12,0.7392380997168246
330200,3302007,Itaguaí (RJ),33,0.288,30469.0,0.704,537.73,Faixa 3 (R$ 10k),10000.0,0,0.35,0.0,1104.0,1104.0,0.0,36.23,8.3,27.93,0.0,0,0,0.0,0.0,-0.5962330583574937
330227,3302270,Japeri (RJ),33,0.482,33008.0,0.662,385.52,Faixa 1 (R$ 20k),20000.0,0,0.8,0.0,445.0,445.0,0.0,13.48,6.57,6.91,0.0,0,0,0.0,0.0,-0.596569935445368
330250,3302502,Magé (RJ),33,0.427,68224.0,0.697,479.97,Faixa 1 (R$ 20k),20000.0,0,0.8,0.0,911.0,911.0,0.0,13.35,6.07,7.28,0.0,0,0,0.0,0.0,-0.5965845635898652
330270,3302700,Maricá (RJ),33,0.376,27078.0,0.739,725.52,Faixa 2 (R$ 15k),15000.0,1,0.88,3000.0,0.0,3000.0,1.0,110.79,57.61,53.18,1.0,12720,2067,175695.0,174.72,0.7404067397071094
330285,3302858,Mesquita (RJ),33,0.355,55294.0,0.726,559.41,Faixa 2 (R$ 15k),15000.0,0,0.7,0.0,829.0,829.0,0.0,14.99,9.4,5.59,0.0,0,0,0.0,0.0,-0.5964772018795749
330320,3303203,Nilópolis (RJ),33,0.333,46780.0,0.744,642.77,Faixa 2 (R$ 15k),15000.0,0,0.7,0.0,824.0,824.0,0.0,17.61,7.33,10.28,0.0,0,0,0.0,0.0,-0.5964972211451448
330330,3303302,Niterói (RJ),33,0.291,91692.0,0.766,996.95,Faixa 3 (R$ 10k),10000.0,9,0.48,15420.0,0.0,15420.0,1.0,168.17,88.34,79.83,1.0,93780,11895,1011075.0,907.2,0.7419397986958985
330350,3303500,Nova Iguaçu (RJ),33,0.408,252701.0,0.702,486.04,Faixa 1 (R$ 20k),20000.0,3,0.94,7680.0,0.0,7680.0,1.0,30.39,18.52,11.87,1.0,33600,5265,447525.0,524.16,0.7383614966068824
330360,3303609,Paracambi (RJ),33,0.247,10809.0,0.725,530.17,Faixa 3 (R$ 10k),10000.0,0,0.35,0.0,171.0,171.0,0.0,15.82,9.34,6.48,0.0,0,0,0.0,0.0,-0.596468102439854
330414,3304144,Queimados (RJ),33,0.42,45122.0,0.679,433.14,Faixa 1 (R$ 20k),20000.0,0,0.8,0.0,803.0,803.0,0.0,17.8,8.91,8.89,0.0,0,0,0.0,0.0,-0.596453830578929
330430,3304300,Rio Bonito (RJ),33,0.234,11377.0,0.724,524.74,Faixa 3 (R$ 10k),10000.0,7,0.48,16320.0,0.0,16320.0,1.0,1434.47,706.69,727.78,1.0,79080,11622,987870.0,900.48,0.7742219044778853
330455,3304557,Rio de Janeiro (RJ),33,0.334,1571657.0,0.754,834.18,Faixa 2 (R$ 15k),15000.0,2,0.88,3600.0,42229.0,45829.0,0.0786,29.16,10.64,18.52,1.0,20520,2964,251940.0,161.28,0.24867421068296292
330555,3305554,Seropédica (RJ),33,0.367,18449.0,0.719,529.31,Faixa 2 (R$ 15k),15000.0,0,0.7,0.0,556.0,556.0,0.0,30.14,9.76,20.38,0.0,0,0,0.0,0.0,-0.5962733932820588
330490,3304904,São Gonçalo (RJ),33,0.379,289250.0,0.722,567.47,Faixa 2 (R$ 15k),15000.0,1,0.88,2400.0,2312.0,4712.0,0.5093,16.29,6.46,9.83,1.0,10080,1638,139230.0,161.28,0.47719765171157746
330510,3305109,São João de Meriti (RJ),33,0.37,152683.0,0.711,527.94,Faixa 2 (R$ 15k),15000.0,2,0.88,4560.0,0.0,4560.0,1.0,29.87,22.01,12.16,1.0,21600,3120,265200.0,376.32,0.7384743444511253
330575,3305752,Tanguá (RJ),33,0.407,8750.0,0.653,391.18,Faixa 1 (R$ 20k),20000.0,0,0.8,0.0,146.0,146.0,0.0,16.69,8.8,7.89,0.0,0,0,0.0,0.0,-0.5964709305105117
350010,3500105,Adamantina (SP),35,0.228,3764.0,0.716,580.1,Faixa 3 (R$ 10k),10000.0,0,0.35,198322.0,29737.0,228059.0,0.8696,60589.53,12330.5,48259.03,0.6606,0,0,0.0,0.0,1.492987435248462
350020,3500204,Adolfo (SP),35,0.286,1599.0,0.724,648.87,Faixa 3 (R$ 10k),10000.0,0,0.35,56141.0,15001.0,71142.0,0.7891,44491.56,8633.52,35858.04,0.0,0,0,0.0,0.0,0.6171734261528463
350030,3500303,Aguaí (SP),35,0.412,4592.0,0.636,398.08,Faixa 1 (R$ 20k),20000.0,0,0.8,145257.0,56722.0,201979.0,0.7192,43984.97,9064.24,34920.73,0.0,0,0,0.0,0.0,0.5847017640847924
350070,3500709,Agudos (SP),35,0.272,5404.0,0.695,474.41,Faixa 3 (R$ 10k),10000.0,0,0.35,137675.0,60024.0,197699.0,0.6964,36583.83,13096.78,23487.05,0.5237,0,0,0.0,0.0,1.002728194210621
350080,3500808,Alfredo Marcondes (SP),35,0.362,515.0,0.708,479.66,Faixa 2 (R$ 15k),15000.0,0,0.7,2151.0,15020.0,17171.0,0.1253,33341.75,15873.79,17467.96,0.0,0,0,0.0,0.0,0.3090791267959011
350090,3500907,Altair (SP),35,0.238,621.0,0.664,453.4,Faixa 3 (R$ 10k),10000.0,0,0.35,49180.0,9067.0,58247.0,0.8443,93795.49,12191.63,81603.86,0.0,0,0,0.0,0.0,1.3716242738975248
350100,3501004,Altinópolis (SP),35,0.251,1859.0,0.695,504.0,Faixa 3 (R$ 10k),10000.0,0,0.35,91976.0,29893.0,121869.0,0.7547,65556.21,12851.53,52704.68,0.0957,0,0,0.0,0.0,1.0554926369139355
350110,3501103,Alto Alegre (SP),35,0.241,1591.0,0.718,564.45,Faixa 3 (R$ 10k),10000.0,0,0.35,0.0,23287.0,23287.0,0.0,14636.71,4617.22,10019.48,0.0,0,0,0.0,0.0,-0.28935207189639844
350150,3501509,Alvinlândia (SP),35,0.231,628.0,0.688,377.66,Faixa 3 (R$ 10k),10000.0,0,0.35,0.0,7729.0,7729.0,0.0,12307.32,8511.15,3796.18,0.0,0,0,0.0,0.0,-0.21832824002196008
350190,3501905,Amparo (SP),35,0.182,5136.0,0.73,628.36,Faixa 3 (R$ 10k),10000.0,0,0.35,309218.0,21078.0,330296.0,0.9362,64309.97,16625.39,47684.58,0.5769,0,0,0.0,0.0,1.6202169791901802
350170,3501707,Américo Brasiliense (SP),35,0.226,7444.0,0.732,539.12,Faixa 3 (R$ 10k),10000.0,0,0.35,410283.0,62643.0,472926.0,0.8675,63531.17,12460.77,51070.39,0.3192,0,0,0.0,0.0,1.2588027366088606
350180,3501806,Américo de Campos (SP),35,0.2,493.0,0.71,476.08,Faixa 3 (R$ 10k),10000.0,0,0.35,749.0,18920.0,19669.0,0.0381,39896.55,35202.84,4693.71,0.0,0,0,0.0,0.0,0.8478835790517604
350200,3502002,Analândia (SP),35,0.234,557.0,0.742,1049.04,Faixa 3 (R$ 10k),10000.0,0,0.35,174334.0,10481.0,184815.0,0.9433,331804.31,10348.29,321456.01,0.0,0,0,0.0,0.0,4.431715068323375
350210,3502101,Andradina (SP),35,0.223,9868.0,0.751,693.5,Faixa 3 (R$ 10k),10000.0,0,0.35,467228.0,31735.0,498963.0,0.9364,50563.74,8262.26,42301.48,0.6142,0,0,0.0,0.0,1.2570624656009375
350220,3502200,Angatuba (SP),35,0.432,1996.0,0.699,478.37,Faixa 1 (R$ 20k),20000.0,0,0.8,36314.0,30805.0,67119.0,0.541,33626.75,12322.14,21304.61,0.468,0,0,0.0,0.0,0.8174019133930536
350230,3502309,Anhembi (SP),35,0.289,542.0,0.701,406.14,Faixa 3 (R$ 10k),10000.0,0,0.35,126739.0,8770.0,135509.0,0.9353,250016.61,17151.29,232865.31,0.0,0,0,0.0,0.0,3.5538961343942193
350240,3502408,Anhumas (SP),35,0.237,568.0,0.711,372.05,Faixa 3 (R$ 10k),10000.0,0,0.35,0.0,9898.0,9898.0,0.0,17426.06,10882.04,6544.01,0.0,0,0,0.0,0.0,-0.09116959610501998
350260,3502606,Aparecida D'Oeste (SP),35,0.23,483.0,0.693,434.29,Faixa 3 (R$ 10k),10000.0,0,0.35,2002.0,16123.0,18125.0,0.1105,37525.88,28739.13,8786.75,0.0,0,0,0.0,0.0,0.6883810691204302
350270,3502705,Apiaí (SP),35,0.341,4493.0,0.685,382.53,Faixa 2 (R$ 15k),15000.0,0,0.7,41124.0,35648.0,76772.0,0.5357,17087.02,5358.78,11728.24,0.7096,0,0,0.0,0.0,0.6158366250273484
350300,3503000,Aramina (SP),35,0.227,1116.0,0.695,571.82,Faixa 3 (R$ 10k),10000.0,0,0.35,1719.0,17689.0,19408.0,0.0886,17390.68,13517.03,3873.66,0.0,0,0,0.0,0.0,0.0237381300676636
350310,3503109,Arandu (SP),35,0.268,861.0,0.704,432.44,Faixa 3 (R$ 10k),10000.0,0,0.35,0.0,15873.0,15873.0,0.0,18435.54,9027.87,9407.67,0.0,0,0,0.0,0.0,-0.1262687170712103
350320,3503208,Araraquara (SP),35,0.219,27312.0,0.755,620.91,Faixa 3 (R$ 10k),10000.0,0,0.35,1904121.0,178222.0,2082343.0,0.9144,76242.79,19846.0,56396.79,0.7682,0,0,0.0,0.0,1.9989389025070405
350330,3503307,Araras (SP),35,0.281,14681.0,0.713,537.72,Faixa 3 (R$ 10k),10000.0,0,0.35,1169837.0,32998.0,1202835.0,0.9726,81931.41,7430.08,74501.33,0.7807,0,0,0.0,0.0,1.7911148824014582
350280,3502804,Araçatuba (SP),35,0.214,29680.0,0.755,638.67,Faixa 3 (R$ 10k),10000.0,0,0.35,701647.0,51761.0,753408.0,0.9313,25384.37,6722.2,18662.16,0.8375,0,0,0.0,0.0,1.070564541174496
350335,3503356,Arco-Íris (SP),35,0.285,561.0,0.754,529.88,Faixa 3 (R$ 10k),10000.0,0,0.35,429.0,7683.0,8112.0,0.0529,14459.89,6347.59,8112.3,0.0,0,0,0.0,0.0,-0.2186712401189148
350340,3503406,Arealva (SP),35,0.334,659.0,0.741,467.48,Faixa 2 (R$ 15k),15000.0,0,0.7,14555.0,24167.0,38722.0,0.3759,58758.73,34298.94,24459.79,0.0994,0,0,0.0,0.0,1.3258690738498657
350360,3503604,Areiópolis (SP),35,0.426,1711.0,0.694,496.93,Faixa 1 (R$ 20k),20000.0,0,0.8,142170.0,12750.0,154920.0,0.9177,90543.54,10692.58,79850.96,0.0,0,0,0.0,0.0,1.3300177587284405
350370,3503703,Ariranha (SP),35,0.38,1042.0,0.682,565.95,Faixa 2 (R$ 15k),15000.0,0,0.7,229519.0,26236.0,255755.0,0.8974,245446.26,17177.54,228268.71,0.0,0,0,0.0,0.0,3.4757744439321434
350395,3503950,Aspásia (SP),35,0.25,634.0,0.706,474.44,Faixa 3 (R$ 10k),10000.0,0,0.35,0.0,8877.0,8877.0,0.0,14001.58,11252.37,2749.21,0.0,0,0,0.0,0.0,-0.12553049245364722
350400,3504008,Assis (SP),35,0.229,11022.0,0.748,572.95,Faixa 3 (R$ 10k),10000.0,0,0.35,363004.0,34076.0,397080.0,0.9142,36026.13,11465.43,24560.7,0.8509,0,0,0.0,0.0,1.3317881937480158
350410,3504107,Atibaia (SP),35,0.321,14042.0,0.706,633.02,Faixa 2 (R$ 15k),15000.0,0,0.7,244865.0,58087.0,302952.0,0.8083,21574.7,14390.54,7184.16,0.418,0,0,0.0,0.0,0.818138427960788
350420,3504206,Auriflama (SP),35,0.145,1538.0,0.726,566.67,Faixa 3 (R$ 10k),10000.0,0,0.35,19407.0,18939.0,38346.0,0.5061,24932.38,11549.41,13382.96,0.5338,0,0,0.0,0.0,0.720075438303124
350440,3504404,Avanhandava (SP),35,0.28,2236.0,0.698,445.43,Faixa 3 (R$ 10k),10000.0,0,0.35,82306.0,49840.0,132146.0,0.6228,59099.28,9982.56,49116.73,0.0,0,0,0.0,0.0,0.7513134918233882
350450,3504503,Avaré (SP),35,0.277,9700.0,0.711,534.44,Faixa 3 (R$ 10k),10000.0,0,0.35,166297.0,37279.0,203576.0,0.8169,20987.22,8810.31,12176.91,0.7282,0,0,0.0,0.0,0.9196806485437417
350430,3504305,Avaí (SP),35,0.303,549.0,0.72,439.38,Faixa 2 (R$ 15k),15000.0,0,0.7,19832.0,22869.0,42701.0,0.4644,77779.6,16996.36,60783.24,0.0,0,0,0.0,0.0,1.088752614130025
350460,3504602,Bady Bassitt (SP),35,0.154,1514.0,0.71,597.68,Faixa 3 (R$ 10k),10000.0,0,0.35,177852.0,52440.0,230292.0,0.7723,152108.32,32068.69,120039.63,0.0,0,0,0.0,0.0,2.597115645476116
350510,3505104,Barbosa (SP),35,0.378,1192.0,0.662,452.2,Faixa 2 (R$ 15k),15000.0,0,0.7,830.0,33133.0,33963.0,0.0244,28492.45,8116.61,20375.84,0.0,0,0,0.0,0.0,-0.007826838988824848
350520,3505203,Bariri (SP),35,0.213,2885.0,0.678,455.6,Faixa 3 (R$ 10k),10000.0,0,0.35,106033.0,35654.0,141687.0,0.7484,49111.61,12119.58,36992.03,0.4739,0,0,0.0,0.0,1.1258422855146866
350530,3505302,Barra Bonita (SP),35,0.156,4109.0,0.723,587.5,Faixa 3 (R$ 10k),10000.0,0,0.35,99929.0,31205.0,131134.0,0.762,31913.85,10492.82,21421.03,0.4099,0,0,0.0,0.0,0.8187350371381574
350535,3505351,Barra do Chapéu (SP),35,0.398,1391.0,0.638,263.48,Faixa 2 (R$ 15k),15000.0,0,0.7,1379.0,9998.0,11377.0,0.1212,8179.01,4679.37,3499.64,0.0,0,0,0.0,0.0,-0.30625348930381163
350540,3505401,Barra do Turvo (SP),35,0.314,1022.0,0.677,406.2,Faixa 2 (R$ 15k),15000.0,0,0.7,36.0,19201.0,19237.0,0.0019,18822.9,13169.28,5653.62,0.0,0,0,0.0,0.0,-0.012946899012940383
350550,3505500,Barretos (SP),35,0.251,19107.0,0.746,589.63,Faixa 3 (R$ 10k),10000.0,0,0.35,1693121.0,20311.0,1713432.0,0.9881,89675.62,9769.77,79905.85,0.9078,0,0,0.0,0.0,2.061486227462068
350560,3505609,Barrinha (SP),35,0.382,7579.0,0.701,519.32,Faixa 2 (R$ 15k),15000.0,0,0.7,91667.0,51826.0,143493.0,0.6388,18932.97,2556.01,16376.96,0.0,0,0,0.0,0.0,0.05171854033260548
350500,3505005,Barão de Antonina (SP),35,0.223,953.0,0.741,617.69,Faixa 3 (R$ 10k),10000.0,0,0.35,442.0,9649.0,10091.0,0.0438,10588.67,5725.08,4863.59,0.0,0,0,0.0,0.0,-0.28933417663171734
350580,3505807,Bastos (SP),35,0.197,3718.0,0.711,475.65,Faixa 3 (R$ 10k),10000.0,0,0.35,26127.0,25236.0,51363.0,0.5087,13814.69,6470.95,7343.73,0.2828,0,0,0.0,0.0,0.24551461304549121
350590,3505906,Batatais (SP),35,0.369,6411.0,0.715,708.5,Faixa 2 (R$ 15k),15000.0,0,0.7,516136.0,52622.0,568758.0,0.9075,88715.96,22496.65,66219.31,0.5302,0,0,0.0,0.0,2.032933141105957
350600,3506003,Bauru (SP),35,0.257,46840.0,0.739,622.68,Faixa 3 (R$ 10k),10000.0,0,0.35,3221506.0,108050.0,3329556.0,0.9675,71083.6,19054.04,52029.57,0.9574,0,0,0.0,0.0,2.0923549232231125
350610,3506102,Bebedouro (SP),35,0.216,9987.0,0.721,539.72,Faixa 3 (R$ 10k),10000.0,0,0.35,1468902.0,75692.0,1544594.0,0.951,154660.46,21614.3,133046.16,0.6247,0,0,0.0,0.0,2.9555905547715318
350620,3506201,Bento de Abreu (SP),35,0.234,639.0,0.742,551.68,Faixa 3 (R$ 10k),10000.0,0,0.35,4547.0,3760.0,8307.0,0.5474,13000.0,5186.23,7813.77,0.0,0,0,0.0,0.0,-0.00482364114333308
350630,3506300,Bernardino de Campos (SP),35,0.253,927.0,0.686,446.67,Faixa 3 (R$ 10k),10000.0,0,0.35,155115.0,22766.0,177881.0,0.872,191888.89,23066.88,168822.01,0.0022,0,0,0.0,0.0,2.9291861718606667
350640,3506409,Bilac (SP),35,0.179,860.0,0.727,539.56,Faixa 3 (R$ 10k),10000.0,0,0.35,11192.0,18120.0,29312.0,0.3818,34083.72,14453.49,19630.23,0.0,0,0,0.0,0.0,0.4180495627093027
350650,3506508,Birigui (SP),35,0.158,14814.0,0.736,559.24,Faixa 3 (R$ 10k),10000.0,0,0.35,787542.0,123448.0,910990.0,0.8645,61495.21,11544.35,49950.86,0.5891,0,0,0.0,0.0,1.4241006502516866
350670,3506706,Boa Esperança do Sul (SP),35,0.39,2411.0,0.643,411.83,Faixa 2 (R$ 15k),15000.0,0,0.7,166.0,49286.0,49452.0,0.0034,20510.99,16138.95,4372.04,0.0,0,0,0.0,0.0,0.08648967530661159
350680,3506805,Bocaina (SP),35,0.205,1064.0,0.709,575.82,Faixa 3 (R$ 10k),10000.0,0,0.35,15689.0,15983.0,31672.0,0.4954,29766.92,15016.92,14750.0,0.0989,0,0,0.0,0.0,0.5170205197672648
350690,3506904,Bofete (SP),35,0.376,1270.0,0.659,455.88,Faixa 2 (R$ 15k),15000.0,0,0.7,31158.0,21029.0,52187.0,0.597,41092.13,11662.2,29429.92,0.0,0,0,0.0,0.0,0.549987371870736
350710,3507100,Bom Jesus dos Perdões (SP),35,0.2,1945.0,0.69,513.76,Faixa 3 (R$ 10k),10000.0,0,0.35,1816.0,34503.0,36319.0,0.05,18673.01,16175.32,2497.69,0.0,0,0,0.0,0.0,0.08859342617625625
350715,3507159,Bom Sucesso de Itararé (SP),35,0.478,393.0,0.611,297.2,Faixa 1 (R$ 20k),20000.0,0,0.8,67.0,32269.0,32336.0,0.0021,82279.9,23096.69,59183.21,0.0,0,0,0.0,0.0,1.0590512992552037
350730,3507308,Boracéia (SP),35,0.358,465.0,0.704,468.82,Faixa 2 (R$ 15k),15000.0,0,0.7,1507.0,10247.0,11754.0,0.1282,25277.42,13290.32,11987.1,0.0,0,0,0.0,0.0,0.1401390730044078
350740,3507407,Borborema (SP),35,0.27,1387.0,0.698,432.75,Faixa 3 (R$ 10k),10000.0,0,0.35,58322.0,54969.0,113291.0,0.5148,81680.61,34470.08,47210.53,0.3329,0,0,0.0,0.0,1.8858788582142663
350745,3507456,Borebi (SP),35,0.255,391.0,0.678,462.25,Faixa 3 (R$ 10k),10000.0,0,0.35,10694.0,15589.0,26283.0,0.4069,67219.95,20803.07,46416.88,0.0,0,0,0.0,0.0,1.0213200724558313
350750,3507506,Botucatu (SP),35,0.288,13041.0,0.732,581.13,Faixa 3 (R$ 10k),10000.0,0,0.35,512298.0,28931.0,541229.0,0.9465,41502.11,17822.48,23679.63,0.9795,0,0,0.0,0.0,1.6872967745931287
350760,3507605,Bragança Paulista (SP),35,0.221,14525.0,0.724,582.42,Faixa 3 (R$ 10k),10000.0,0,0.35,253581.0,73534.0,327115.0,0.7752,22520.83,17469.12,5051.7,0.8472,0,0,0.0,0.0,1.2372193870959127
350770,3507704,Braúna (SP),35,0.246,808.0,0.66,521.86,Faixa 3 (R$ 10k),10000.0,0,0.35,43191.0,24181.0,67372.0,0.6411,83381.19,12048.27,71332.92,0.0,0,0,0.0,0.0,1.1262778894635297
350775,3507753,Brejo Alegre (SP),35,0.164,493.0,0.722,500.5,Faixa 3 (R$ 10k),10000.0,0,0.35,21288.0,7755.0,29043.0,0.733,58910.75,11776.88,47133.87,0.0,0,0,0.0,0.0,0.8539403485143302
350780,3507803,Brodowski (SP),35,0.2,2641.0,0.716,563.46,Faixa 3 (R$ 10k),10000.0,0,0.35,95752.0,45156.0,140908.0,0.6795,53354.03,13295.34,40058.69,0.0,0,0,0.0,0.0,0.7935459159871143
350790,3507902,Brotas (SP),35,0.177,2604.0,0.727,492.2,Faixa 3 (R$ 10k),10000.0,0,0.35,139950.0,28360.0,168310.0,0.8315,64635.18,9036.48,55598.69,0.2523,0,0,0.0,0.0,1.1113645864342452
350800,3508009,Buri (SP),35,0.48,1712.0,0.63,275.18,Faixa 1 (R$ 20k),20000.0,0,0.8,109134.0,55455.0,164589.0,0.6631,96138.43,23827.1,72311.33,0.0,0,0,0.0,0.0,1.6070193213583999
350810,3508108,Buritama (SP),35,0.292,2235.0,0.721,537.56,Faixa 3 (R$ 10k),10000.0,0,0.35,83047.0,22282.0,105329.0,0.7885,47127.07,11500.67,35626.4,0.1559,0,0,0.0,0.0,0.8502154013048312
350820,3508207,Buritizal (SP),35,0.209,510.0,0.675,510.88,Faixa 3 (R$ 10k),10000.0,0,0.35,13109.0,11144.0,24253.0,0.5405,47554.9,20537.25,27017.65,0.0,0,0,0.0,0.0,0.8329647629721032
350480,3504800,Bálsamo (SP),35,0.289,760.0,0.748,583.52,Faixa 3 (R$ 10k),10000.0,0,0.35,29997.0,25406.0,55403.0,0.5414,72898.68,29486.84,43411.84,0.0,0,0,0.0,0.0,1.3907383400664968
350840,3508405,Cabreúva (SP),35,0.362,6789.0,0.717,537.7,Faixa 2 (R$ 15k),15000.0,0,0.7,99428.0,77958.0,177386.0,0.5605,26128.44,11360.88,14767.57,0.1002,0,0,0.0,0.0,0.4111808478541562
350830,3508306,Cabrália Paulista (SP),35,0.383,553.0,0.669,408.07,Faixa 2 (R$ 15k),15000.0,0,0.7,47597.0,33277.0,80874.0,0.5885,146245.93,19900.54,126345.39,0.0,0,0,0.0,0.0,2.1088399068436563
350870,3508702,Caconde (SP),35,0.337,2075.0,0.657,361.72,Faixa 2 (R$ 15k),15000.0,0,0.7,53876.0,65774.0,119650.0,0.4503,57662.65,23348.92,34313.73,0.3117,0,0,0.0,0.0,1.2380271336832316
350880,3508801,Cafelândia (SP),35,0.386,2290.0,0.698,490.7,Faixa 2 (R$ 15k),15000.0,0,0.7,44073.0,27901.0,71974.0,0.6123,31429.69,12430.57,18999.13,0.27,0,0,0.0,0.0,0.6708548427360224
350890,3508900,Caiabu (SP),35,0.294,738.0,0.728,498.89,Faixa 3 (R$ 10k),10000.0,0,0.35,0.0,20216.0,20216.0,0.0,27392.95,8176.15,19216.8,0.0,0,0,0.0,0.0,-0.03335952339911549
350910,3509106,Caiuá (SP),35,0.259,1158.0,0.673,417.09,Faixa 3 (R$ 10k),10000.0,0,0.35,9962.0,14377.0,24339.0,0.4093,21018.13,4341.97,16676.17,0.0,0,0,0.0,0.0,0.0028599489172306813
350925,3509254,Cajati (SP),35,0.337,4697.0,0.677,387.82,Faixa 2 (R$ 15k),15000.0,0,0.7,49892.0,84550.0,134442.0,0.3711,28622.95,13698.53,14924.42,0.0,0,0,0.0,0.0,0.32269896725897607
350930,3509304,Cajobi (SP),35,0.375,1321.0,0.681,463.3,Faixa 2 (R$ 15k),15000.0,0,0.7,1834.0,19890.0,21724.0,0.0844,16445.12,12231.64,4213.47,0.3594,0,0,0.0,0.0,0.2647173312931949
350940,3509403,Cajuru (SP),35,0.346,2883.0,0.68,435.91,Faixa 2 (R$ 15k),15000.0,0,0.7,16522.0,25703.0,42225.0,0.3913,14646.2,8755.12,5891.09,0.5825,0,0,0.0,0.0,0.4937401323064371
350945,3509452,Campina do Monte Alegre (SP),35,0.383,609.0,0.661,390.69,Faixa 2 (R$ 15k),15000.0,0,0.7,1146.0,8551.0,9697.0,0.1182,15922.82,11873.56,4049.26,0.0,0,0,0.0,0.0,-0.02197707761039891
350960,3509601,Campo Limpo Paulista (SP),35,0.348,12577.0,0.747,590.72,Faixa 2 (R$ 15k),15000.0,0,0.7,119129.0,82147.0,201276.0,0.5919,16003.5,7399.38,8604.12,0.2757,0,0,0.0,0.0,0.3361707644240431
350980,3509809,Campos Novos Paulista (SP),35,0.463,652.0,0.663,343.32,Faixa 1 (R$ 20k),20000.0,0,0.8,66961.0,10658.0,77619.0,0.8627,119047.55,12711.66,106335.89,0.0,0,0,0.0,0.0,1.7190334649087327
350990,3509908,Cananéia (SP),35,0.262,2000.0,0.673,433.0,Faixa 3 (R$ 10k),10000.0,0,0.35,5353.0,37831.0,43184.0,0.124,21592.0,13236.0,8356.0,0.0,0,0,0.0,0.0,0.08919095697939491
351015,3510153,Canitar (SP),35,0.272,823.0,0.674,400.91,Faixa 3 (R$ 10k),10000.0,0,0.35,41684.0,32475.0,74159.0,0.5621,90108.14,10989.06,79119.08,0.0,0,0,0.0,0.0,1.1432107114064656
351040,3510401,Capivari (SP),35,0.239,6735.0,0.691,541.19,Faixa 3 (R$ 10k),10000.0,0,0.35,160135.0,64578.0,224713.0,0.7126,33364.96,7196.88,26168.08,0.5199,0,0,0.0,0.0,0.814043991317245
351020,3510203,Capão Bonito (SP),35,0.392,4481.0,0.69,410.15,Faixa 2 (R$ 15k),15000.0,0,0.7,43026.0,38264.0,81290.0,0.5293,18141.04,8743.58,9397.46,0.5505,0,0,0.0,0.0,0.5859102670681341
351070,3510708,Cardoso (SP),35,0.281,2173.0,0.687,448.68,Faixa 3 (R$ 10k),10000.0,0,0.35,28409.0,24280.0,52689.0,0.5392,24247.12,22603.31,1643.81,0.0624,0,0,0.0,0.0,0.6367446057768972
351080,3510807,Casa Branca (SP),35,0.22,3960.0,0.696,451.55,Faixa 3 (R$ 10k),10000.0,0,0.35,64602.0,23099.0,87701.0,0.7366,22146.72,8219.95,13926.77,0.6419,0,0,0.0,0.0,0.807291779166644
351100,3511003,Castilho (SP),35,0.302,2988.0,0.718,487.56,Faixa 2 (R$ 15k),15000.0,0,0.7,44482.0,35854.0,80336.0,0.5537,26886.21,8825.97,18060.24,0.0,0,0,0.0,0.0,0.27111524924573305
351110,3511102,Catanduva (SP),35,0.205,12900.0,0.736,577.78,Faixa 3 (R$ 10k),10000.0,0,0.35,1024389.0,34413.0,1058802.0,0.9675,82077.67,14666.82,67410.85,0.8918,0,0,0.0,0.0,2.067083844565141
351120,3511201,Catiguá (SP),35,0.197,1077.0,0.713,697.67,Faixa 3 (R$ 10k),10000.0,0,0.35,0.0,20097.0,20097.0,0.0,18660.17,11635.1,7025.07,0.0,0,0,0.0,0.0,-0.05580912992160862
351130,3511300,Cedral (SP),35,0.13,3184.0,0.789,920.03,Faixa 3 (R$ 10k),10000.0,0,0.35,20840.0,27062.0,47902.0,0.4351,15044.6,7109.3,7935.3,0.0,0,0,0.0,0.0,0.011609883531540355
351140,3511409,Cerqueira César (SP),35,0.235,1546.0,0.702,501.47,Faixa 3 (R$ 10k),10000.0,0,0.35,30310.0,31582.0,61892.0,0.4897,40033.64,13321.47,26712.16,0.3479,0,0,0.0,0.0,0.8018333301921376
351170,3511706,Charqueada (SP),35,0.252,1779.0,0.68,512.18,Faixa 3 (R$ 10k),10000.0,0,0.35,201224.0,28288.0,229512.0,0.8767,129011.8,13264.19,115747.61,0.001,0,0,0.0,0.0,1.8695039215004101
355720,3557204,Chavantes (SP),35,0.242,1667.0,0.696,452.18,Faixa 3 (R$ 10k),10000.0,0,0.35,13491.0,18358.0,31849.0,0.4236,19105.58,12693.46,6412.12,0.2844,0,0,0.0,0.0,0.4307905256986917
351190,3511904,Clementina (SP),35,0.321,1227.0,0.691,467.06,Faixa 2 (R$ 15k),15000.0,0,0.7,1335.0,19866.0,21201.0,0.063,17278.73,10117.36,7161.37,0.0776,0,0,0.0,0.0,-0.017086331375132702
351200,3512001,Colina (SP),35,0.391,3258.0,0.699,467.33,Faixa 2 (R$ 15k),15000.0,0,0.7,90627.0,25336.0,115963.0,0.7815,35593.31,9989.56,25603.74,0.4756,0,0,0.0,0.0,0.9160516544189811
351210,3512100,Colômbia (SP),35,0.26,1007.0,0.714,483.0,Faixa 3 (R$ 10k),10000.0,0,0.35,28344.0,15650.0,43994.0,0.6443,43688.18,11609.73,32078.45,0.0,0,0,0.0,0.0,0.6070792823864236
351220,3512209,Conchal (SP),35,0.217,3594.0,0.67,405.99,Faixa 3 (R$ 10k),10000.0,0,0.35,40141.0,18786.0,58927.0,0.6812,16395.94,6543.13,9852.81,0.558,0,0,0.0,0.0,0.5931922742853211
351230,3512308,Conchas (SP),35,0.23,1197.0,0.667,467.71,Faixa 3 (R$ 10k),10000.0,0,0.35,23662.0,18489.0,42151.0,0.5614,35213.87,19451.13,15762.74,0.0,0,0,0.0,0.0,0.6574968412176576
351240,3512407,Cordeirópolis (SP),35,0.296,2282.0,0.698,608.11,Faixa 3 (R$ 10k),10000.0,0,0.35,89557.0,46673.0,136230.0,0.6574,59697.63,14447.41,45250.22,0.0,0,0,0.0,0.0,0.8930977674665848
351250,3512506,Coroados (SP),35,0.262,695.0,0.689,544.3,Faixa 3 (R$ 10k),10000.0,0,0.35,71784.0,28240.0,100024.0,0.7177,143919.42,17503.6,126415.83,0.0,0,0,0.0,0.0,2.0854831586750437
351260,3512605,Coronel Macedo (SP),35,0.47,478.0,0.642,338.91,Faixa 1 (R$ 20k),20000.0,0,0.8,654.0,20125.0,20779.0,0.0315,43470.71,16537.66,26933.05,0.0,0,0,0.0,0.0,0.40648089232629675
351270,3512704,Corumbataí (SP),35,0.239,478.0,0.713,453.91,Faixa 3 (R$ 10k),10000.0,0,0.35,142621.0,8068.0,150689.0,0.9465,315248.95,14334.73,300914.23,0.0,0,0,0.0,0.0,4.324220297514218
351290,3512902,Cosmorama (SP),35,0.29,529.0,0.683,436.35,Faixa 3 (R$ 10k),10000.0,0,0.35,0.0,24841.0,24841.0,0.0,46958.41,42909.26,4049.15,0.0,0,0,0.0,0.0,1.1180363973676226
351310,3513108,Cravinhos (SP),35,0.218,4809.0,0.717,564.73,Faixa 3 (R$ 10k),10000.0,0,0.35,16564.0,36308.0,52872.0,0.3133,10994.39,5333.33,5661.05,0.0609,0,0,0.0,0.0,-0.10220175099255908
351320,3513207,Cristais Paulista (SP),35,0.164,951.0,0.736,498.59,Faixa 3 (R$ 10k),10000.0,0,0.35,5044.0,24886.0,29930.0,0.1685,31472.13,23502.63,7969.51,0.0,0,0,0.0,0.0,0.5057577032417198
351330,3513306,Cruzália (SP),35,0.224,292.0,0.722,449.88,Faixa 3 (R$ 10k),10000.0,0,0.35,4692.0,10714.0,15406.0,0.3046,52760.27,21931.51,30828.77,0.0,0,0,0.0,0.0,0.8106075766116614
351090,3510906,Cássia dos Coqueiros (SP),35,0.31,348.0,0.666,397.43,Faixa 2 (R$ 15k),15000.0,0,0.7,26547.0,7173.0,33720.0,0.7873,96896.55,15356.32,81540.23,0.0,0,0,0.0,0.0,1.4631771180986934
351000,3510005,Cândido Mota (SP),35,0.337,3591.0,0.696,483.43,Faixa 2 (R$ 15k),15000.0,0,0.7,75484.0,36792.0,112276.0,0.6723,31265.94,13874.41,17391.53,0.6613,0,0,0.0,0.0,1.0523341567564413
351010,3510104,Cândido Rodrigues (SP),35,0.125,1116.0,0.799,910.54,Faixa 3 (R$ 10k),10000.0,0,0.35,375.0,15602.0,15977.0,0.0235,14316.31,11494.62,2821.68,0.0,0,0,0.0,0.0,-0.10272791886601176
351370,3513702,Descalvado (SP),35,0.298,3074.0,0.718,628.85,Faixa 3 (R$ 10k),10000.0,0,0.35,933073.0,42431.0,975504.0,0.9565,317340.27,28086.21,289254.07,0.5421,0,0,0.0,0.0,5.148204819944528
351385,3513850,Dirce Reis (SP),35,0.266,233.0,0.706,458.9,Faixa 3 (R$ 10k),10000.0,0,0.35,0.0,6707.0,6707.0,0.0,28785.41,23545.06,5240.34,0.0,0,0,0.0,0.0,0.3828575713788255
351390,3513900,Divinolândia (SP),35,0.303,1133.0,0.674,539.04,Faixa 2 (R$ 15k),15000.0,0,0.7,89879.0,21527.0,111406.0,0.8068,98328.33,40088.26,58240.07,0.6053,0,0,0.0,0.0,2.6191024495208985
351400,3514007,Dobrada (SP),35,0.234,1749.0,0.694,462.77,Faixa 3 (R$ 10k),10000.0,0,0.35,819.0,33252.0,34071.0,0.024,19480.27,14740.99,4739.28,0.0,0,0,0.0,0.0,0.04796833632354085
351410,3514106,Dois Córregos (SP),35,0.368,3148.0,0.651,391.14,Faixa 2 (R$ 15k),15000.0,0,0.7,569868.0,24785.0,594653.0,0.9583,188898.67,18000.64,170898.03,0.3038,0,0,0.0,0.0,3.0475753198744644
351420,3514205,Dolcinópolis (SP),35,0.218,938.0,0.745,634.19,Faixa 3 (R$ 10k),10000.0,0,0.35,2700.0,9555.0,12255.0,0.2203,13065.03,7184.43,5880.6,0.0,0,0,0.0,0.0,-0.1259605559037355
351430,3514304,Dourado (SP),35,0.227,3909.0,0.752,694.57,Faixa 3 (R$ 10k),10000.0,0,0.35,2577.0,12239.0,14816.0,0.1739,3790.23,3442.31,347.92,0.0,0,0,0.0,0.0,-0.3666591249666108
351440,3514403,Dracena (SP),35,0.205,5377.0,0.729,563.81,Faixa 3 (R$ 10k),10000.0,0,0.35,175816.0,17780.0,193596.0,0.9082,36004.46,10763.99,25240.47,0.4333,0,0,0.0,0.0,0.9747328869546067
351450,3514502,Duartina (SP),35,0.234,1662.0,0.702,486.5,Faixa 3 (R$ 10k),10000.0,0,0.35,132445.0,31859.0,164304.0,0.8061,98859.21,13996.39,84862.82,0.2813,0,0,0.0,0.0,1.6890462435379938
351460,3514601,Dumont (SP),35,0.196,1055.0,0.713,558.8,Faixa 3 (R$ 10k),10000.0,0,0.35,1902.0,16233.0,18135.0,0.1049,17189.57,9769.67,7419.91,0.0,0,0,0.0,0.0,-0.06731133340290354
351470,3514700,Echaporã (SP),35,0.345,1009.0,0.685,423.72,Faixa 2 (R$ 15k),15000.0,0,0.7,3889.0,9102.0,12991.0,0.2994,12875.12,9364.72,3510.41,0.0,0,0,0.0,0.0,-0.029868413131551686
351480,3514809,Eldorado (SP),35,0.289,1761.0,0.693,379.95,Faixa 3 (R$ 10k),10000.0,0,0.35,6604.0,42977.0,49581.0,0.1332,28155.03,17312.32,10842.7,0.0,0,0,0.0,0.0,0.28397955265138597
351490,3514908,Elias Fausto (SP),35,0.3,1605.0,0.672,454.5,Faixa 3 (R$ 10k),10000.0,0,0.35,391972.0,24150.0,416122.0,0.942,259266.04,20709.66,238556.39,0.0,0,0,0.0,0.0,3.7684171210417743
351492,3514924,Elisiário (SP),35,0.201,1350.0,0.759,659.73,Faixa 3 (R$ 10k),10000.0,0,0.35,337.0,15304.0,15641.0,0.0215,11585.93,6504.44,5081.48,0.0,0,0,0.0,0.0,-0.2681788186420762
351495,3514957,Embaúba (SP),35,0.237,335.0,0.706,555.28,Faixa 3 (R$ 10k),10000.0,0,0.35,20007.0,11374.0,31381.0,0.6376,93674.63,22447.76,71226.87,0.0,0,0,0.0,0.0,1.5260950958452317
351512,3515129,Emilianópolis (SP),35,0.286,521.0,0.734,487.08,Faixa 3 (R$ 10k),10000.0,0,0.35,3730.0,12697.0,16427.0,0.2271,31529.75,8299.42,23230.33,0.0,0,0,0.0,0.0,0.1435791889495127
351518,3515186,Espírito Santo do Pinhal (SP),35,0.246,3696.0,0.702,555.0,Faixa 3 (R$ 10k),10000.0,0,0.35,187255.0,80456.0,267711.0,0.6995,72432.63,19371.21,53061.42,0.6184,0,0,0.0,0.0,1.7032462911494295
351519,3515194,Espírito Santo do Turvo (SP),35,0.252,593.0,0.65,402.57,Faixa 3 (R$ 10k),10000.0,0,0.35,4334.0,12654.0,16988.0,0.2551,28647.55,15853.29,12794.27,0.0,0,0,0.0,0.0,0.3172417666901534
355730,3557303,Estiva Gerbi (SP),35,0.151,4008.0,0.758,730.73,Faixa 3 (R$ 10k),10000.0,0,0.35,78330.0,12660.0,90990.0,0.8609,22702.1,1962.57,20739.52,0.0,0,0,0.0,0.0,0.20270516199813948
351520,3515202,Estrela D'Oeste (SP),35,0.142,3439.0,0.758,700.8,Faixa 3 (R$ 10k),10000.0,0,0.35,3955.0,30417.0,34372.0,0.1151,9994.77,6510.9,3483.86,0.1417,0,0,0.0,0.0,-0.12490342767610893
351530,3515301,Estrela do Norte (SP),35,0.225,493.0,0.76,779.16,Faixa 3 (R$ 10k),10000.0,0,0.35,72.0,3412.0,3484.0,0.0207,7066.94,5448.28,1618.66,0.0,0,0,0.0,0.0,-0.35398751051086663
351535,3515350,Euclides da Cunha Paulista (SP),35,0.363,1792.0,0.698,426.83,Faixa 2 (R$ 15k),15000.0,0,0.7,1660.0,11491.0,13151.0,0.1262,7338.73,5390.62,1948.1,0.0,0,0,0.0,0.0,-0.29594928967312595
351540,3515400,Fartura (SP),35,0.302,1107.0,0.685,408.55,Faixa 2 (R$ 15k),15000.0,0,0.7,312573.0,27586.0,340159.0,0.9189,307280.04,23035.23,284244.81,0.3217,0,0,0.0,0.0,4.691152917107475
351560,3515608,Fernando Prestes (SP),35,0.179,432.0,0.718,574.21,Faixa 3 (R$ 10k),10000.0,0,0.35,2177.0,23568.0,25745.0,0.0846,59594.91,40328.7,19266.2,0.0,0,0,0.0,0.0,1.2583053545328515
351550,3515509,Fernandópolis (SP),35,0.187,7157.0,0.752,649.44,Faixa 3 (R$ 10k),10000.0,0,0.35,631624.0,112071.0,743695.0,0.8493,103911.56,22919.38,80992.18,0.5169,0,0,0.0,0.0,2.197353563113357
351565,3515657,Fernão (SP),35,0.21,237.0,0.694,413.14,Faixa 3 (R$ 10k),10000.0,0,0.35,0.0,7420.0,7420.0,0.0,31308.02,17578.06,13729.96,0.0,0,0,0.0,0.0,0.2605829622938973
351580,3515806,Flora Rica (SP),35,0.389,371.0,0.733,430.98,Faixa 2 (R$ 15k),15000.0,0,0.7,7877.0,9533.0,17410.0,0.4524,46927.22,6894.88,40032.35,0.0,0,0,0.0,0.0,0.4245141198577633
351590,3515905,Floreal (SP),35,0.167,1242.0,0.771,696.24,Faixa 3 (R$ 10k),10000.0,0,0.35,1407.0,12446.0,13853.0,0.1016,11153.78,9169.08,1984.7,0.0,0,0,0.0,0.0,-0.1621113168048825
351610,3516101,Florínia (SP),35,0.273,1292.0,0.704,466.77,Faixa 3 (R$ 10k),10000.0,0,0.35,44295.0,8896.0,53191.0,0.8328,41169.5,5386.22,35783.28,0.0,0,0,0.0,0.0,0.5135772565442445
351600,3516002,Flórida Paulista (SP),35,0.261,1904.0,0.679,484.71,Faixa 3 (R$ 10k),10000.0,0,0.35,10556.0,31095.0,41651.0,0.2534,21875.53,7393.38,14482.14,0.2036,0,0,0.0,0.0,0.17366547677379537
351620,3516200,Franca (SP),35,0.222,46335.0,0.744,579.32,Faixa 3 (R$ 10k),10000.0,0,0.35,2990824.0,41413.0,3032237.0,0.9863,65441.61,19267.1,46174.51,0.9155,0,0,0.0,0.0,2.0017854487975284
351650,3516507,Gabriel Monteiro (SP),35,0.128,1122.0,0.796,712.93,Faixa 3 (R$ 10k),10000.0,0,0.35,1886.0,6140.0,8026.0,0.235,7153.3,3939.39,3213.9,0.0,0,0,0.0,0.0,-0.2781467669654456
351670,3516705,Garça (SP),35,0.249,6830.0,0.733,493.85,Faixa 3 (R$ 10k),10000.0,0,0.35,301417.0,23263.0,324680.0,0.9284,47537.34,7459.59,40077.75,0.5777,0,0,0.0,0.0,1.163842967503283
351680,3516804,Gastão Vidigal (SP),35,0.251,647.0,0.724,523.41,Faixa 3 (R$ 10k),10000.0,0,0.35,0.0,11210.0,11210.0,0.0,17326.12,15663.06,1663.06,0.0,0,0,0.0,0.0,0.03146545500525261
351685,3516853,Gavião Peixoto (SP),35,0.279,744.0,0.697,505.95,Faixa 3 (R$ 10k),10000.0,0,0.35,13324.0,13892.0,27216.0,0.4896,36580.65,15455.65,21125.0,0.0,0,0,0.0,0.0,0.5333425598098867
351690,3516903,General Salgado (SP),35,0.323,1484.0,0.719,569.65,Faixa 2 (R$ 15k),15000.0,0,0.7,3536.0,27908.0,31444.0,0.1125,21188.68,19099.06,2089.62,0.0,0,0,0.0,0.0,0.2298675475068543
351700,3517000,Getulina (SP),35,0.288,1951.0,0.686,465.27,Faixa 3 (R$ 10k),10000.0,0,0.35,52070.0,18028.0,70098.0,0.7428,35929.27,7801.13,28128.14,0.0,0,0,0.0,0.0,0.46109080663485075
351710,3517109,Glicério (SP),35,0.231,631.0,0.68,477.97,Faixa 3 (R$ 10k),10000.0,0,0.35,77478.0,27721.0,105199.0,0.7365,166717.91,16524.56,150193.34,0.0,0,0,0.0,0.0,2.3627546922090086
351730,3517307,Guaimbê (SP),35,0.372,1281.0,0.714,444.13,Faixa 2 (R$ 15k),15000.0,0,0.7,0.0,10644.0,10644.0,0.0,8309.13,7070.26,1238.88,0.0,0,0,0.0,0.0,-0.30699831264303235
351720,3517208,Guaiçara (SP),35,0.224,2072.0,0.715,462.03,Faixa 3 (R$ 10k),10000.0,0,0.35,39369.0,19620.0,58989.0,0.6674,28469.59,9132.24,19337.36,0.0,0,0,0.0,0.0,0.3597788654641031
351760,3517604,Guapiara (SP),35,0.473,3694.0,0.655,335.5,Faixa 1 (R$ 20k),20000.0,0,0.8,15116.0,43050.0,58166.0,0.2599,15746.07,6865.73,8880.35,0.1251,0,0,0.0,0.0,0.02170985454425258
351750,3517505,Guapiaçu (SP),35,0.226,2075.0,0.674,553.94,Faixa 3 (R$ 10k),10000.0,0,0.35,206326.0,46007.0,252333.0,0.8177,121606.27,24385.06,97221.2,0.0,0,0,0.0,0.0,2.030533805052772
351790,3517901,Guaraci (SP),35,0.483,1508.0,0.702,460.14,Faixa 1 (R$ 20k),20000.0,0,0.8,43199.0,14664.0,57863.0,0.7466,38370.69,11950.93,26419.76,0.0,0,0,0.0,0.0,0.6020070065966479
351800,3518008,Guarani D'Oeste (SP),35,0.245,897.0,0.751,528.51,Faixa 3 (R$ 10k),10000.0,0,0.35,20085.0,16668.0,36753.0,0.5465,40973.24,10595.32,30377.93,0.0,0,0,0.0,0.0,0.49398250543244143
351810,3518107,Guarantã (SP),35,0.348,1137.0,0.698,585.0,Faixa 2 (R$ 15k),15000.0,0,0.7,17971.0,10146.0,28117.0,0.6392,24729.11,6970.98,17758.14,0.0,0,0,0.0,0.0,0.24076546634602827
351820,3518206,Guararapes (SP),35,0.24,5681.0,0.757,614.54,Faixa 3 (R$ 10k),10000.0,0,0.35,41024.0,32549.0,73573.0,0.5576,12950.71,6591.62,6359.09,0.5212,0,0,0.0,0.0,0.4550071722468084
351780,3517802,Guaraçaí (SP),35,0.245,1291.0,0.709,440.84,Faixa 3 (R$ 10k),10000.0,0,0.35,10898.0,22419.0,33317.0,0.3271,25807.13,13676.22,12130.91,0.1336,0,0,0.0,0.0,0.36990610477722596
351850,3518503,Guareí (SP),35,0.288,947.0,0.626,410.78,Faixa 3 (R$ 10k),10000.0,0,0.35,21707.0,17441.0,39148.0,0.5545,41338.97,17725.45,23613.52,0.0,0,0,0.0,0.0,0.6877308274015791
351860,3518602,Guariba (SP),35,0.358,8567.0,0.683,473.38,Faixa 2 (R$ 15k),15000.0,0,0.7,1491040.0,50992.0,1542032.0,0.9669,179996.73,15980.74,164015.99,0.3981,0,0,0.0,0.0,2.9612581799025217
351770,3517703,Guará (SP),35,0.421,4825.0,0.684,427.73,Faixa 1 (R$ 20k),20000.0,0,0.8,33005.0,40706.0,73711.0,0.4478,15276.89,7937.2,7339.69,0.519,0,0,0.0,0.0,0.4596485402387437
351885,3518859,Guatapará (SP),35,0.324,988.0,0.696,522.06,Faixa 2 (R$ 15k),15000.0,0,0.7,2092.0,16187.0,18279.0,0.1144,18501.01,11333.0,7168.02,0.0,0,0,0.0,0.0,-0.004910504156654038
351740,3517406,Guaíra (SP),35,0.321,5930.0,0.707,470.19,Faixa 2 (R$ 15k),15000.0,0,0.7,319228.0,40330.0,359558.0,0.8878,60633.73,13832.72,46801.01,0.7105,0,0,0.0,0.0,1.5822375127243302
351890,3518909,Guzolândia (SP),35,0.44,763.0,0.689,394.78,Faixa 1 (R$ 20k),20000.0,0,0.8,42437.0,7272.0,49709.0,0.8537,65149.41,7038.01,58111.4,0.0,0,0,0.0,0.0,0.8753179020667208
351660,3516606,Gália (SP),35,0.41,863.0,0.663,442.67,Faixa 1 (R$ 20k),20000.0,0,0.8,6562.0,14372.0,20934.0,0.3135,24257.24,10317.5,13939.75,0.0,0,0,0.0,0.0,0.14842689338329915
351900,3519006,Herculândia (SP),35,0.28,1846.0,0.689,399.49,Faixa 3 (R$ 10k),10000.0,0,0.35,10038.0,15516.0,25554.0,0.3928,13842.9,4950.16,8892.74,0.0019,0,0,0.0,0.0,-0.08072287097338612
351910,3519105,Iacanga (SP),35,0.247,1140.0,0.723,541.25,Faixa 3 (R$ 10k),10000.0,0,0.35,404.0,30310.0,30714.0,0.0132,26942.11,17912.28,9029.82,0.2147,0,0,0.0,0.0,0.39265662953264113
351920,3519204,Iacri (SP),35,0.352,964.0,0.689,467.0,Faixa 2 (R$ 15k),15000.0,0,0.7,77023.0,12856.0,89879.0,0.857,93235.48,8299.79,84935.68,0.0,0,0,0.0,0.0,1.2703104747981073
351925,3519253,Iaras (SP),35,0.46,881.0,0.649,308.67,Faixa 1 (R$ 20k),20000.0,0,0.8,61083.0,13764.0,74847.0,0.8161,84956.87,7055.62,77901.25,0.0,0,0,0.0,0.0,1.1100652588752538
351930,3519303,Ibaté (SP),35,0.403,5211.0,0.663,452.87,Faixa 1 (R$ 20k),20000.0,0,0.8,57237.0,44873.0,102110.0,0.5605,19595.09,9450.01,10145.08,0.3927,0,0,0.0,0.0,0.5127171713675167
351950,3519501,Ibirarema (SP),35,0.265,648.0,0.652,405.01,Faixa 3 (R$ 10k),10000.0,0,0.35,129643.0,20076.0,149719.0,0.8659,231047.84,23104.94,207942.9,0.0,0,0,0.0,0.0,3.427841673430335
351940,3519402,Ibirá (SP),35,0.26,1129.0,0.691,466.25,Faixa 3 (R$ 10k),10000.0,0,0.35,6679.0,24725.0,31404.0,0.2127,27815.77,23441.98,4373.78,0.0,0,0,0.0,0.0,0.4807295329799796
351960,3519600,Ibitinga (SP),35,0.262,5913.0,0.68,524.85,Faixa 3 (R$ 10k),10000.0,0,0.35,177022.0,120119.0,297141.0,0.5958,50252.16,15753.09,34499.07,0.6085,0,0,0.0,0.0,1.2617033554472261
351980,3519808,Icém (SP),35,0.315,1367.0,0.72,553.29,Faixa 2 (R$ 15k),15000.0,0,0.7,20681.0,22361.0,43042.0,0.4805,31486.47,11431.6,20054.86,0.0,0,0,0.0,0.0,0.3588170889601176
351990,3519907,Iepê (SP),35,0.372,791.0,0.679,471.6,Faixa 2 (R$ 15k),15000.0,0,0.7,60676.0,18005.0,78681.0,0.7712,99470.29,18604.3,80865.99,0.2469,0,0,0.0,0.0,1.770152545776049
352010,3520103,Igarapava (SP),35,0.372,6034.0,0.7,504.23,Faixa 2 (R$ 15k),15000.0,2,0.88,41270.0,31662.0,72932.0,0.5659,12086.84,7258.7,4828.14,0.7973,22410,3237,275145.0,362.88,0.6873757520512107
352000,3520004,Igaraçu do Tietê (SP),35,0.401,4000.0,0.685,497.69,Faixa 1 (R$ 20k),20000.0,0,0.8,301409.0,35580.0,336989.0,0.8944,84247.25,7189.25,77058.0,0.0,0,0,0.0,0.0,1.1460141344923425
352030,3520301,Iguape (SP),35,0.295,4146.0,0.716,525.27,Faixa 3 (R$ 10k),10000.0,0,0.35,7613.0,99687.0,107300.0,0.071,25880.37,15666.91,10213.46,0.0,0,0,0.0,0.0,0.17909133901857896
352042,3520426,Ilha Comprida (SP),35,0.276,1810.0,0.697,503.12,Faixa 3 (R$ 10k),10000.0,0,0.35,303094.0,55165.0,358259.0,0.846,197933.15,24372.93,173560.22,0.0,0,0,0.0,0.0,3.0250476463570277
352044,3520442,Ilha Solteira (SP),35,0.121,4962.0,0.796,779.65,Faixa 3 (R$ 10k),10000.0,0,0.35,40019.0,25281.0,65300.0,0.6128,13160.02,7119.11,6040.91,0.6792,0,0,0.0,0.0,0.6275922983741371
352060,3520608,Indiana (SP),35,0.281,731.0,0.733,450.19,Faixa 3 (R$ 10k),10000.0,0,0.35,378.0,29379.0,29757.0,0.0127,40707.25,9467.85,31239.4,0.0,0,0,0.0,0.0,0.1777794959052605
352070,3520707,Indiaporã (SP),35,0.216,1726.0,0.75,627.19,Faixa 3 (R$ 10k),10000.0,0,0.35,3.0,16245.0,16248.0,0.0002,9413.67,7685.4,1728.27,0.3077,0,0,0.0,0.0,-0.02963018594845155
352080,3520806,Inúbia Paulista (SP),35,0.289,668.0,0.731,434.27,Faixa 3 (R$ 10k),10000.0,0,0.35,18440.0,9797.0,28237.0,0.653,42270.96,9270.96,33000.0,0.0,0,0,0.0,0.0,0.5328903922778467
352090,3520905,Ipaussu (SP),35,0.277,1777.0,0.686,447.39,Faixa 3 (R$ 10k),10000.0,0,0.35,60693.0,24497.0,85190.0,0.7124,47940.35,9503.66,38436.69,0.2311,0,0,0.0,0.0,0.828868852587253
352110,3521101,Ipeúna (SP),35,0.206,887.0,0.713,510.97,Faixa 3 (R$ 10k),10000.0,0,0.35,80504.0,9778.0,90282.0,0.8917,101783.54,8833.15,92950.39,0.0,0,0,0.0,0.0,1.4122978540683202
352115,3521150,Ipiguá (SP),35,0.18,1359.0,0.732,585.53,Faixa 3 (R$ 10k),10000.0,0,0.35,1068.0,16497.0,17565.0,0.0608,12924.94,11660.04,1264.9,0.0,0,0,0.0,0.0,-0.09648659453436216
352120,3521200,Iporanga (SP),35,0.375,829.0,0.728,387.14,Faixa 2 (R$ 15k),15000.0,0,0.7,2517.0,10756.0,13273.0,0.1896,16010.86,12193.0,3817.85,0.0,0,0,0.0,0.0,0.025361680060225933
352130,3521309,Ipuã (SP),35,0.322,2798.0,0.692,464.87,Faixa 2 (R$ 15k),15000.0,0,0.7,17576.0,22808.0,40384.0,0.4352,14433.17,7631.17,6802.0,0.5862,0,0,0.0,0.0,0.4881664877990587
352140,3521408,Iracemápolis (SP),35,0.287,2723.0,0.74,593.7,Faixa 3 (R$ 10k),10000.0,0,0.35,311614.0,47435.0,359049.0,0.8679,131857.88,13883.58,117974.29,0.0,0,0,0.0,0.0,1.9166143401523972
352160,3521606,Irapuru (SP),35,0.356,1283.0,0.699,415.18,Faixa 2 (R$ 15k),15000.0,0,0.7,2749.0,24925.0,27674.0,0.0993,21569.76,4731.1,16838.66,0.0,0,0,0.0,0.0,-0.14465177931153378
352150,3521507,Irapuã (SP),35,0.235,969.0,0.672,392.98,Faixa 3 (R$ 10k),10000.0,0,0.35,171431.0,28339.0,199770.0,0.8581,206160.99,19993.81,186167.18,0.0,0,0,0.0,0.0,3.0235935807168293
352170,3521705,Itaberá (SP),35,0.41,1386.0,0.631,309.61,Faixa 1 (R$ 20k),20000.0,0,0.8,25232.0,37722.0,62954.0,0.4008,45421.36,19035.35,26386.0,0.6341,0,0,0.0,0.0,1.2017364794636916
352190,3521903,Itajobi (SP),35,0.232,823.0,0.694,489.26,Faixa 3 (R$ 10k),10000.0,0,0.35,217841.0,56445.0,274286.0,0.7942,333275.82,50178.61,283097.21,0.0113,0,0,0.0,0.0,5.412826251583982
352200,3522000,Itaju (SP),35,0.177,1118.0,0.748,629.22,Faixa 3 (R$ 10k),10000.0,0,0.35,46470.0,6693.0,53163.0,0.8741,47551.88,4977.64,42574.24,0.0,0,0,0.0,0.0,0.6068563042571349
352230,3522307,Itapetininga (SP),35,0.356,13377.0,0.713,483.97,Faixa 2 (R$ 15k),15000.0,0,0.7,261446.0,103827.0,365273.0,0.7158,27306.05,16270.84,11035.21,0.6505,0,0,0.0,0.0,1.0780478821769004
352240,3522406,Itapeva (SP),35,0.287,8886.0,0.689,466.78,Faixa 3 (R$ 10k),10000.0,0,0.35,873223.0,38804.0,912027.0,0.9575,102636.39,24539.5,78096.89,0.7091,0,0,0.0,0.0,2.434825846686587
352260,3522604,Itapira (SP),35,0.298,6482.0,0.698,544.94,Faixa 3 (R$ 10k),10000.0,0,0.35,465154.0,57379.0,522533.0,0.8902,80612.93,19759.49,60853.44,0.7164,0,0,0.0,0.0,1.998334932149837
352265,3522653,Itapirapuã Paulista (SP),35,0.514,811.0,0.626,256.05,Faixa 1 (R$ 20k),20000.0,0,0.8,4402.0,7110.0,11512.0,0.3824,14194.82,7950.68,6244.14,0.0,0,0,0.0,0.0,-0.005486462613086163
352280,3522802,Itaporanga (SP),35,0.498,1144.0,0.657,400.43,Faixa 1 (R$ 20k),20000.0,0,0.8,21012.0,26671.0,47683.0,0.4407,41680.94,16118.88,25562.06,0.3919,0,0,0.0,0.0,0.9047949962292264
352300,3523008,Itapura (SP),35,0.255,915.0,0.709,554.26,Faixa 3 (R$ 10k),10000.0,0,0.35,3790.0,11109.0,14899.0,0.2544,16283.06,11509.29,4773.77,0.0,0,0,0.0,0.0,0.04555818280337669
352290,3522901,Itapuí (SP),35,0.386,1486.0,0.663,481.43,Faixa 2 (R$ 15k),15000.0,0,0.7,75018.0,18556.0,93574.0,0.8017,62970.39,13455.59,49514.8,0.0,0,0,0.0,0.0,0.9860581323954417
352320,3523206,Itararé (SP),35,0.366,4457.0,0.657,381.4,Faixa 2 (R$ 15k),15000.0,0,0.7,26364.0,48846.0,75210.0,0.3505,16874.58,10255.33,6619.25,0.6278,0,0,0.0,0.0,0.5759392792608005
352330,3523305,Itariri (SP),35,0.341,2098.0,0.69,353.53,Faixa 2 (R$ 15k),15000.0,0,0.7,8404.0,33859.0,42263.0,0.1989,20144.42,13827.45,6316.97,0.0,0,0,0.0,0.0,0.12572672503771898
352350,3523503,Itatinga (SP),35,0.371,2292.0,0.676,444.58,Faixa 2 (R$ 15k),15000.0,0,0.7,26653.0,30238.0,56891.0,0.4685,24821.55,11637.87,13183.68,0.0,0,0,0.0,0.0,0.27223236030897835
352180,3521804,Itaí (SP),35,0.449,2470.0,0.673,454.62,Faixa 1 (R$ 20k),20000.0,0,0.8,41713.0,34173.0,75886.0,0.5497,30723.08,7264.37,23458.7,0.0108,0,0,0.0,0.0,0.2864432305709007
352215,3522158,Itaóca (SP),35,0.274,552.0,0.716,387.95,Faixa 3 (R$ 10k),10000.0,0,0.35,1278.0,7274.0,8552.0,0.1494,15492.75,9507.25,5985.51,0.0,0,0,0.0,0.0,-0.07225535419815694
352360,3523602,Itirapina (SP),35,0.393,1862.0,0.711,492.33,Faixa 2 (R$ 15k),15000.0,0,0.7,362292.0,24259.0,386551.0,0.9372,207599.89,10588.61,197011.28,0.0,0,0,0.0,0.0,2.8403133853752207
352370,3523701,Itirapuã (SP),35,0.239,973.0,0.674,371.3,Faixa 3 (R$ 10k),10000.0,0,0.35,25.0,19573.0,19598.0,0.0013,20141.83,16053.44,4088.39,0.0,0,0,0.0,0.0,0.07841895998007872
352380,3523800,Itobi (SP),35,0.253,1061.0,0.684,431.84,Faixa 3 (R$ 10k),10000.0,0,0.35,34592.0,37916.0,72508.0,0.4771,68339.3,18993.4,49345.9,0.0,0,0,0.0,0.0,1.0260763799518764
352400,3524006,Itupeva (SP),35,0.176,6355.0,0.74,602.69,Faixa 3 (R$ 10k),10000.0,0,0.35,1328919.0,75319.0,1404238.0,0.9464,220965.85,31219.98,189745.87,0.1744,0,0,0.0,0.0,3.691590860997998
352410,3524105,Ituverava (SP),35,0.333,5825.0,0.726,617.15,Faixa 2 (R$ 15k),15000.0,0,0.7,179201.0,13742.0,192943.0,0.9288,33123.26,15113.99,18009.27,0.8238,0,0,0.0,0.0,1.375080114814115
352270,3522703,Itápolis (SP),35,0.343,3585.0,0.671,491.65,Faixa 2 (R$ 15k),15000.0,1,0.88,244683.0,62589.0,307272.0,0.7963,85710.46,24521.9,61188.56,0.6875,10530,1521,129285.0,120.96,2.114112892979945
352420,3524204,Jaborandi (SP),35,0.263,1169.0,0.69,386.02,Faixa 3 (R$ 10k),10000.0,0,0.35,2994.0,17885.0,20879.0,0.1434,17860.56,13116.34,4744.23,0.0,0,0,0.0,0.0,0.048495450567436295
352430,3524303,Jaboticabal (SP),35,0.265,9466.0,0.709,536.98,Faixa 3 (R$ 10k),10000.0,0,0.35,736757.0,47582.0,784339.0,0.9393,82858.55,9972.64,72885.91,0.4641,0,0,0.0,0.0,1.596938774981042
352450,3524501,Jaci (SP),35,0.173,605.0,0.718,515.29,Faixa 3 (R$ 10k),10000.0,0,0.35,1481.0,19013.0,20494.0,0.0723,33874.38,27006.61,6867.77,0.1287,0,0,0.0,0.0,0.679679769649604
352460,3524600,Jacupiranga (SP),35,0.212,1546.0,0.749,533.77,Faixa 3 (R$ 10k),10000.0,0,0.35,16581.0,53189.0,69770.0,0.2377,45129.37,26545.28,18584.09,0.0,0,0,0.0,0.0,0.7966952896121734
352480,3524808,Jales (SP),35,0.278,4564.0,0.713,588.11,Faixa 3 (R$ 10k),10000.0,0,0.35,117696.0,54917.0,172613.0,0.6818,37820.55,22585.67,15234.88,0.632,0,0,0.0,0.0,1.3437725167960302
352510,3525102,Jardinópolis (SP),35,0.259,5623.0,0.683,497.37,Faixa 3 (R$ 10k),10000.0,0,0.35,611699.0,57810.0,669509.0,0.9137,119066.16,7876.58,111189.58,0.0,0,0,0.0,0.0,1.62104558049082
352520,3525201,Jarinu (SP),35,0.342,3402.0,0.725,522.63,Faixa 2 (R$ 15k),15000.0,0,0.7,20490.0,69466.0,89956.0,0.2278,26442.09,15148.15,11293.94,0.0,0,0,0.0,0.0,0.2561519378059387
352530,3525300,Jaú (SP),35,0.201,13341.0,0.705,615.93,Faixa 3 (R$ 10k),10000.0,0,0.35,724723.0,58781.0,783504.0,0.925,58729.03,12374.63,46354.4,0.8745,0,0,0.0,0.0,1.6714789032512485
352540,3525409,Jeriquara (SP),35,0.305,544.0,0.648,368.14,Faixa 2 (R$ 15k),15000.0,0,0.7,0.0,14733.0,14733.0,0.0,27082.72,19979.78,7102.94,0.0,0,0,0.0,0.0,0.2685930329835152
352550,3525508,Joanópolis (SP),35,0.248,786.0,0.664,462.58,Faixa 3 (R$ 10k),10000.0,0,0.35,485.0,18726.0,19211.0,0.0252,24441.48,22215.01,2226.46,0.0,0,0,0.0,0.0,0.30600890158251104
352570,3525706,José Bonifácio (SP),35,0.21,3251.0,0.732,603.92,Faixa 3 (R$ 10k),10000.0,0,0.35,89892.0,57069.0,146961.0,0.6117,45204.86,17266.07,27938.79,0.0299,0,0,0.0,0.0,0.7798510701252301
352560,3525607,João Ramalho (SP),35,0.419,686.0,0.685,401.8,Faixa 1 (R$ 20k),20000.0,0,0.8,895.0,12745.0,13640.0,0.0656,19883.38,10281.34,9602.04,0.0,0,0,0.0,0.0,-0.040346606355305646
352590,3525904,Jundiaí (SP),35,0.219,39484.0,0.754,738.93,Faixa 3 (R$ 10k),10000.0,0,0.35,2548609.0,125499.0,2674108.0,0.9531,67726.37,30469.46,37256.91,0.9711,0,0,0.0,0.0,2.3484857360262685
352600,3526001,Junqueirópolis (SP),35,0.226,2688.0,0.723,524.33,Faixa 3 (R$ 10k),10000.0,0,0.35,292229.0,56045.0,348274.0,0.8391,129566.22,11575.52,117990.7,0.4189,0,0,0.0,0.0,2.1485291738021197
352610,3526100,Juquiá (SP),35,0.319,2819.0,0.713,434.95,Faixa 2 (R$ 15k),15000.0,0,0.7,5071.0,66230.0,71301.0,0.0711,25293.01,16689.61,8603.41,0.0,0,0,0.0,0.0,0.1981117627011856
352580,3525805,Júlio Mesquita (SP),35,0.265,1140.0,0.687,396.71,Faixa 3 (R$ 10k),10000.0,0,0.35,0.0,10132.0,10132.0,0.0,8887.72,6507.89,2379.82,0.0,0,0,0.0,0.0,-0.3141470985816347
352640,3526407,Laranjal Paulista (SP),35,0.229,2844.0,0.664,496.2,Faixa 3 (R$ 10k),10000.0,0,0.35,248005.0,16061.0,264066.0,0.9392,92850.21,9839.31,83010.9,0.413,0,0,0.0,0.0,1.6806484049245172
352650,3526506,Lavínia (SP),35,0.223,890.0,0.711,502.29,Faixa 3 (R$ 10k),10000.0,0,0.35,23613.0,20731.0,44344.0,0.5325,49824.72,16823.6,33001.12,0.0,0,0,0.0,0.0,0.7615992327697377
352670,3526704,Leme (SP),35,0.38,12357.0,0.674,434.38,Faixa 2 (R$ 15k),15000.0,0,0.7,388389.0,45884.0,434273.0,0.8943,35143.89,7639.8,27504.09,0.783,0,0,0.0,0.0,1.1562001665420758
352680,3526803,Lençóis Paulista (SP),35,0.225,8655.0,0.726,576.15,Faixa 3 (R$ 10k),10000.0,0,0.35,527741.0,85347.0,613088.0,0.8608,70836.28,14017.45,56818.83,0.5883,0,0,0.0,0.0,1.6055018164347785
352690,3526902,Limeira (SP),35,0.232,35877.0,0.723,598.23,Faixa 3 (R$ 10k),10000.0,0,0.35,1822128.0,42925.0,1865053.0,0.977,51984.64,18820.61,33164.03,0.8742,0,0,0.0,0.0,1.779356435691246
352700,3527009,Lindóia (SP),35,0.293,679.0,0.709,531.93,Faixa 3 (R$ 10k),10000.0,0,0.35,5455.0,14507.0,19962.0,0.2733,29399.12,23020.62,6378.5,0.0,0,0,0.0,0.0,0.5223256811571065
352710,3527108,Lins (SP),35,0.239,12635.0,0.736,590.25,Faixa 3 (R$ 10k),10000.0,1,0.48,112541.0,80806.0,193347.0,0.5821,15302.49,5867.43,9435.06,0.6363,10530,1521,129285.0,120.96,0.571887808441482
352725,3527256,Lourdes (SP),35,0.155,307.0,0.716,496.72,Faixa 3 (R$ 10k),10000.0,0,0.35,29218.0,7845.0,37063.0,0.7883,120726.38,14123.78,106602.61,0.0,0,0,0.0,0.0,1.7376618503923449
352730,3527306,Louveira (SP),35,0.181,5657.0,0.762,701.23,Faixa 3 (R$ 10k),10000.0,0,0.35,153066.0,20874.0,173940.0,0.88,30747.75,19733.6,11014.14,0.6871,0,0,0.0,0.0,1.3286016371952878
352750,3527504,Lucianópolis (SP),35,0.301,316.0,0.707,521.76,Faixa 2 (R$ 15k),15000.0,0,0.7,37701.0,13654.0,51355.0,0.7341,162515.82,18556.96,143958.86,0.0,0,0,0.0,0.0,2.360215542268821
352740,3527405,Lucélia (SP),35,0.27,2504.0,0.696,460.67,Faixa 3 (R$ 10k),10000.0,0,0.35,44219.0,26663.0,70882.0,0.6238,28307.51,7452.48,20855.03,0.0,0,0,0.0,0.0,0.2909997383326413
352770,3527702,Luiziânia (SP),35,0.377,1281.0,0.678,442.7,Faixa 2 (R$ 15k),15000.0,0,0.7,106828.0,22102.0,128930.0,0.8286,100647.93,5559.72,95088.21,0.0,0,0,0.0,0.0,1.2793570696705256
352780,3527801,Lupércio (SP),35,0.291,866.0,0.68,396.2,Faixa 3 (R$ 10k),10000.0,0,0.35,0.0,13537.0,13537.0,0.0,15631.64,10323.33,5308.31,0.0,0,0,0.0,0.0,-0.12868522478826247
352790,3527900,Lutécia (SP),35,0.247,562.0,0.711,448.06,Faixa 3 (R$ 10k),10000.0,0,0.35,0.0,8401.0,8401.0,0.0,14948.4,8768.68,6179.72,0.0,0,0,0.0,0.0,-0.17775038587801265
352760,3527603,Luís Antônio (SP),35,0.343,1989.0,0.707,479.44,Faixa 2 (R$ 15k),15000.0,0,0.7,982.0,16905.0,17887.0,0.0549,8992.96,6036.2,2956.76,0.0,0,0,0.0,0.0,-0.29585763607325444
352800,3528007,Macatuba (SP),35,0.376,2756.0,0.693,493.42,Faixa 2 (R$ 15k),15000.0,0,0.7,84636.0,32125.0,116761.0,0.7249,42366.11,7943.03,34423.08,0.2196,0,0,0.0,0.0,0.7142674556528072
352810,3528106,Macaubal (SP),35,0.172,3376.0,0.753,714.93,Faixa 3 (R$ 10k),10000.0,0,0.35,1707.0,20181.0,21888.0,0.078,6483.41,5692.83,790.58,0.0,0,0,0.0,0.0,-0.32470078225702814
352820,3528205,Macedônia (SP),35,0.31,1410.0,0.727,568.09,Faixa 2 (R$ 15k),15000.0,0,0.7,97.0,24916.0,25013.0,0.0039,17739.72,10374.47,7365.25,0.0,0,0,0.0,0.0,-0.09822693016878459
352830,3528304,Magda (SP),35,0.178,1297.0,0.768,780.76,Faixa 3 (R$ 10k),10000.0,0,0.35,22.0,11007.0,11029.0,0.002,8503.47,7941.4,562.07,0.0,0,0,0.0,0.0,-0.28086240014794794
352860,3528601,Manduri (SP),35,0.267,3914.0,0.76,762.02,Faixa 3 (R$ 10k),10000.0,0,0.35,14131.0,22535.0,36666.0,0.3854,9367.91,5353.35,4014.56,0.0,0,0,0.0,0.0,-0.13317444194842087
352870,3528700,Marabá Paulista (SP),35,0.352,561.0,0.694,388.38,Faixa 2 (R$ 15k),15000.0,0,0.7,0.0,8101.0,8101.0,0.0,14440.29,7128.34,7311.94,0.0,0,0,0.0,0.0,-0.22678847655165274
352880,3528809,Maracaí (SP),35,0.218,2000.0,0.747,472.01,Faixa 3 (R$ 10k),10000.0,0,0.35,126779.0,23623.0,150402.0,0.8429,75201.0,11551.0,63650.0,0.6118,0,0,0.0,0.0,1.6069696863342386
352885,3528858,Marapoama (SP),35,0.171,1077.0,0.768,815.07,Faixa 3 (R$ 10k),10000.0,0,0.35,52420.0,14272.0,66692.0,0.786,61923.86,8683.38,53240.48,0.0,0,0,0.0,0.0,0.8405942873520129
352910,3529104,Marinópolis (SP),35,0.174,294.0,0.718,359.21,Faixa 3 (R$ 10k),10000.0,0,0.35,1739.0,7668.0,9407.0,0.1849,31996.6,22176.87,9819.73,0.0,0,0,0.0,0.0,0.4868401965580077
352890,3528908,Mariápolis (SP),35,0.253,518.0,0.657,437.33,Faixa 3 (R$ 10k),10000.0,0,0.35,14249.0,9132.0,23381.0,0.6094,45137.07,10575.29,34561.78,0.0,0,0,0.0,0.0,0.5803274488247248
352920,3529203,Martinópolis (SP),35,0.355,3678.0,0.695,467.76,Faixa 2 (R$ 15k),15000.0,0,0.7,176966.0,29640.0,206606.0,0.8565,56173.46,8752.04,47421.42,0.1668,0,0,0.0,0.0,0.9399790891774176
352900,3529005,Marília (SP),35,0.268,34406.0,0.744,563.26,Faixa 3 (R$ 10k),10000.0,1,0.48,2288417.0,19173.0,2307590.0,0.9917,67069.41,19359.09,47710.31,0.9867,10080,1092,92820.0,60.48,2.0851206751720412
352930,3529302,Matão (SP),35,0.302,11773.0,0.749,778.11,Faixa 2 (R$ 15k),15000.0,0,0.7,219189.0,130270.0,349459.0,0.6272,29683.09,12910.56,16772.53,0.6973,0,0,0.0,0.0,1.011990162373592
352950,3529500,Mendonça (SP),35,0.194,480.0,0.712,546.97,Faixa 3 (R$ 10k),10000.0,0,0.35,91673.0,17468.0,109141.0,0.84,227377.08,32670.83,194706.25,0.0,0,0,0.0,0.0,3.6148977269164773
352960,3529609,Meridiano (SP),35,0.163,1398.0,0.76,720.08,Faixa 3 (R$ 10k),10000.0,0,0.35,0.0,30445.0,30445.0,0.0,21777.54,11519.31,10258.23,0.0,0,0,0.0,0.0,-0.018793132760964743
352965,3529658,Mesópolis (SP),35,0.234,299.0,0.653,380.94,Faixa 3 (R$ 10k),10000.0,0,0.35,0.0,7731.0,7731.0,0.0,25856.19,20943.14,4913.04,0.0,0,0,0.0,0.0,0.2778172709871459
352970,3529708,Miguelópolis (SP),35,0.414,3718.0,0.681,439.54,Faixa 1 (R$ 20k),20000.0,0,0.8,746275.0,33815.0,780090.0,0.9567,209814.42,17243.68,192570.74,0.4824,0,0,0.0,0.0,3.4390462569896783
352980,3529807,Mineiros do Tietê (SP),35,0.225,1713.0,0.671,510.91,Faixa 3 (R$ 10k),10000.0,0,0.35,50461.0,21982.0,72443.0,0.6966,42290.13,7605.37,34684.76,0.0,0,0,0.0,0.0,0.5131277677600558
353000,3530003,Mira Estrela (SP),35,0.197,958.0,0.751,646.91,Faixa 3 (R$ 10k),10000.0,0,0.35,317.0,22357.0,22674.0,0.014,23668.06,15113.78,8554.28,0.0,0,0,0.0,0.0,0.1060762783474076
352990,3529906,Miracatu (SP),35,0.345,2433.0,0.718,414.42,Faixa 2 (R$ 15k),15000.0,0,0.7,664937.0,59985.0,724922.0,0.9173,297953.97,35729.14,262224.83,0.0,0,0,0.0,0.0,4.641211600811147
353010,3530102,Mirandópolis (SP),35,0.258,3916.0,0.701,511.39,Faixa 3 (R$ 10k),10000.0,0,0.35,189284.0,30449.0,219733.0,0.8614,56111.59,13651.69,42459.91,0.6871,0,0,0.0,0.0,1.4866768749118817
353020,3530201,Mirante do Paranapanema (SP),35,0.351,2232.0,0.711,465.49,Faixa 2 (R$ 15k),15000.0,0,0.7,52820.0,26410.0,79230.0,0.6667,35497.31,16702.06,18795.25,0.0,0,0,0.0,0.0,0.6458205452187817
353030,3530300,Mirassol (SP),35,0.266,6126.0,0.737,561.15,Faixa 3 (R$ 10k),10000.0,0,0.35,109297.0,87053.0,196350.0,0.5566,32051.91,14563.17,17488.74,0.2982,0,0,0.0,0.0,0.727177102753579
353040,3530409,Mirassolândia (SP),35,0.288,532.0,0.762,540.26,Faixa 3 (R$ 10k),10000.0,0,0.35,281.0,14115.0,14396.0,0.0195,27060.15,22874.06,4186.09,0.0,0,0,0.0,0.0,0.3536781391308935
353050,3530508,Mococa (SP),35,0.285,8030.0,0.727,585.35,Faixa 3 (R$ 10k),10000.0,0,0.35,485979.0,106534.0,592513.0,0.8202,73787.42,13487.42,60300.0,0.6556,0,0,0.0,0.0,1.6621340392447852
353070,3530706,Mogi Guaçu (SP),35,0.297,12338.0,0.722,537.99,Faixa 3 (R$ 10k),10000.0,0,0.35,347688.0,64051.0,411739.0,0.8444,33371.62,12815.37,20556.25,0.8577,0,0,0.0,0.0,1.3010838345062443
353080,3530805,Moji Mirim (SP),35,0.276,8575.0,0.715,607.45,Faixa 3 (R$ 10k),10000.0,0,0.35,630314.0,77469.0,707783.0,0.8905,82540.29,12983.56,69556.73,0.8343,0,0,0.0,0.0,1.942307398184348
353090,3530904,Mombuca (SP),35,0.47,463.0,0.647,423.63,Faixa 1 (R$ 20k),20000.0,0,0.8,2611.0,8619.0,11230.0,0.2325,24254.86,10403.89,13850.97,0.0,0,0,0.0,0.0,0.10760647092948898
353120,3531209,Monte Alegre do Sul (SP),35,0.198,665.0,0.71,498.28,Faixa 3 (R$ 10k),10000.0,0,0.35,28458.0,18580.0,47038.0,0.605,70733.83,21195.49,49538.35,0.0,0,0,0.0,0.0,1.1818331449798511
353130,3531308,Monte Alto (SP),35,0.298,5423.0,0.727,568.61,Faixa 3 (R$ 10k),10000.0,0,0.35,209412.0,32340.0,241752.0,0.8662,44579.02,13920.52,30658.49,0.5968,0,0,0.0,0.0,1.2756253167477172
353140,3531407,Monte Aprazível (SP),35,0.252,10023.0,0.787,850.89,Faixa 3 (R$ 10k),10000.0,0,0.35,23452.0,33405.0,56857.0,0.4125,5672.65,4230.97,1441.68,0.142,0,0,0.0,0.0,-0.0812523494334113
353150,3531506,Monte Azul Paulista (SP),35,0.287,2216.0,0.692,505.44,Faixa 3 (R$ 10k),10000.0,0,0.35,44539.0,36474.0,81013.0,0.5498,36558.21,27539.26,9018.95,0.3609,0,0,0.0,0.0,1.1680945501210673
353160,3531605,Monte Castelo (SP),35,0.216,600.0,0.716,453.9,Faixa 3 (R$ 10k),10000.0,0,0.35,20925.0,29083.0,50008.0,0.4184,83346.67,10465.0,72881.67,0.0,0,0,0.0,0.0,0.9664954664549411
353100,3531001,Monções (SP),35,0.191,890.0,0.771,637.93,Faixa 3 (R$ 10k),10000.0,0,0.35,0.0,8817.0,8817.0,0.0,9906.74,9205.62,701.12,0.0,0,0,0.0,0.0,-0.23114435673025988
353190,3531902,Morro Agudo (SP),35,0.301,6982.0,0.68,480.81,Faixa 2 (R$ 15k),15000.0,0,0.7,142297.0,29089.0,171386.0,0.8303,24546.83,6991.26,17555.57,0.6708,0,0,0.0,0.0,0.8792429296631028
353200,3532009,Morungaba (SP),35,0.308,1520.0,0.707,600.0,Faixa 2 (R$ 15k),15000.0,0,0.7,12387.0,28644.0,41031.0,0.3019,26994.08,17248.68,9745.39,0.0,0,0,0.0,0.0,0.35704420100006673
353205,3532058,Motuca (SP),35,0.263,595.0,0.707,505.0,Faixa 3 (R$ 10k),10000.0,0,0.35,28121.0,18949.0,47070.0,0.5974,79109.24,23936.13,55173.11,0.0,0,0,0.0,0.0,1.3563433145007038
353210,3532108,Murutinga do Sul (SP),35,0.23,717.0,0.68,462.61,Faixa 3 (R$ 10k),10000.0,0,0.35,1115.0,10762.0,11877.0,0.0939,16564.85,11263.6,5301.26,0.0,0,0,0.0,0.0,-0.04245344070327557
353215,3532157,Nantes (SP),35,0.199,608.0,0.706,456.9,Faixa 3 (R$ 10k),10000.0,0,0.35,751.0,11723.0,12474.0,0.0602,20516.45,8921.05,11595.39,0.0,0,0,0.0,0.0,-0.07034563054444955
353220,3532207,Narandiba (SP),35,0.352,806.0,0.724,419.01,Faixa 2 (R$ 15k),15000.0,0,0.7,0.0,14432.0,14432.0,0.0,17905.71,8060.79,9844.91,0.0,0,0,0.0,0.0,-0.15813558936055372
353240,3532405,Nazaré Paulista (SP),35,0.367,1767.0,0.662,470.0,Faixa 2 (R$ 15k),15000.0,0,0.7,3166.0,35614.0,38780.0,0.0816,21946.8,17563.67,4383.14,0.0,0,0,0.0,0.0,0.18338939433089713
353250,3532504,Neves Paulista (SP),35,0.138,4008.0,0.776,791.79,Faixa 3 (R$ 10k),10000.0,0,0.35,6777.0,24139.0,30916.0,0.2192,7713.57,5343.06,2370.51,0.0,0,0,0.0,0.0,-0.2429665856551865
353260,3532603,Nhandeara (SP),35,0.215,4491.0,0.772,875.76,Faixa 3 (R$ 10k),10000.0,0,0.35,3963.0,27153.0,31116.0,0.1274,6928.52,6333.78,594.75,0.2377,0,0,0.0,0.0,-0.08521529578317397
353270,3532702,Nipoã (SP),35,0.252,700.0,0.684,506.2,Faixa 3 (R$ 10k),10000.0,0,0.35,38431.0,9739.0,48170.0,0.7978,68814.29,12885.71,55928.57,0.0,0,0,0.0,0.0,1.0442328512327115
353280,3532801,Nova Aliança (SP),35,0.222,2478.0,0.759,690.46,Faixa 3 (R$ 10k),10000.0,0,0.35,2506.0,19051.0,21557.0,0.1162,8699.35,7572.24,1127.12,0.0,0,0,0.0,0.0,-0.2272505422297079
353282,3532827,Nova Campina (SP),35,0.488,971.0,0.604,266.95,Faixa 1 (R$ 20k),20000.0,0,0.8,0.0,51221.0,51221.0,0.0,52750.77,18003.09,34747.68,0.0,0,0,0.0,0.0,0.5468559683045443
353284,3532843,Nova Canaã Paulista (SP),35,0.208,345.0,0.699,459.78,Faixa 3 (R$ 10k),10000.0,0,0.35,11774.0,15465.0,27239.0,0.4322,78953.62,40342.03,38611.59,0.0,0,0,0.0,0.0,1.6918077471806392
353286,3532868,Nova Castilho (SP),35,0.137,155.0,0.732,497.3,Faixa 3 (R$ 10k),10000.0,0,0.35,3207.0,3002.0,6209.0,0.5165,40058.06,14787.1,25270.97,0.0,0,0,0.0,0.0,0.5749434166790603
353290,3532900,Nova Europa (SP),35,0.3,1590.0,0.698,516.29,Faixa 3 (R$ 10k),10000.0,0,0.35,6385.0,32572.0,38957.0,0.1639,24501.26,13514.47,10986.79,0.2174,0,0,0.0,0.0,0.3295619914411964
353300,3533007,Nova Granada (SP),35,0.376,3053.0,0.706,504.23,Faixa 2 (R$ 15k),15000.0,0,0.7,14583.0,36748.0,51331.0,0.2841,16813.3,10627.58,6185.72,0.0327,0,0,0.0,0.0,0.07155335694352191
353310,3533106,Nova Guataporanga (SP),35,0.321,254.0,0.685,560.4,Faixa 2 (R$ 15k),15000.0,0,0.7,0.0,27823.0,27823.0,0.0,109539.37,13059.06,96480.31,0.0,0,0,0.0,0.0,1.147698238162027
353320,3533205,Nova Independência (SP),35,0.163,512.0,0.724,476.73,Faixa 3 (R$ 10k),10000.0,0,0.35,612.0,8976.0,9588.0,0.0638,18726.56,14695.31,4031.25,0.0,0,0,0.0,0.0,0.05825173360720433
353330,3533304,Nova Luzitânia (SP),35,0.196,651.0,0.745,546.93,Faixa 3 (R$ 10k),10000.0,0,0.35,21602.0,5678.0,27280.0,0.7919,41904.76,8668.2,33236.56,0.0,0,0,0.0,0.0,0.5863534143830321
353325,3533254,Novais (SP),35,0.376,938.0,0.686,503.77,Faixa 2 (R$ 15k),15000.0,0,0.7,46195.0,17781.0,63976.0,0.7221,68204.69,11892.32,56312.37,0.0,0,0,0.0,0.0,0.9704467510029
353350,3533502,Novo Horizonte (SP),35,0.321,3640.0,0.699,498.16,Faixa 2 (R$ 15k),15000.0,0,0.7,203388.0,51728.0,255116.0,0.7972,70086.81,24000.82,46085.99,0.6288,0,0,0.0,0.0,1.8533803822650643
353360,3533601,Nuporanga (SP),35,0.211,672.0,0.684,481.87,Faixa 3 (R$ 10k),10000.0,0,0.35,18902.0,15472.0,34374.0,0.5499,51151.79,21642.86,29508.93,0.0,0,0,0.0,0.0,0.9127868716506409
353370,3533700,Ocauçu (SP),35,0.245,657.0,0.675,397.44,Faixa 3 (R$ 10k),10000.0,0,0.35,2275.0,8024.0,10299.0,0.2209,15675.8,10770.17,4905.63,0.0,0,0,0.0,0.0,0.0008099414758357071
353390,3533908,Olímpia (SP),35,0.215,6800.0,0.714,513.23,Faixa 3 (R$ 10k),10000.0,0,0.35,145843.0,45344.0,191187.0,0.7628,28115.74,13218.09,14897.65,0.5687,0,0,0.0,0.0,0.9685853689217193
353400,3534005,Onda Verde (SP),35,0.242,672.0,0.709,496.69,Faixa 3 (R$ 10k),10000.0,0,0.35,27710.0,13842.0,41552.0,0.6669,61833.33,16625.0,45208.33,0.0,0,0,0.0,0.0,0.9820003059557354
353410,3534104,Oriente (SP),35,0.289,1215.0,0.753,515.89,Faixa 3 (R$ 10k),10000.0,0,0.35,22992.0,16379.0,39371.0,0.584,32404.12,8571.19,23832.92,0.0,0,0,0.0,0.0,0.3514400461340832
353420,3534203,Orindiúva (SP),35,0.174,1087.0,0.77,589.91,Faixa 3 (R$ 10k),10000.0,0,0.35,13923.0,12260.0,26183.0,0.5318,24087.4,12398.34,11689.05,0.0,0,0,0.0,0.0,0.316144849776912
353430,3534302,Orlândia (SP),35,0.264,7308.0,0.727,600.44,Faixa 3 (R$ 10k),10000.0,0,0.35,94922.0,51661.0,146583.0,0.6476,20057.88,6456.76,13601.12,0.6099,0,0,0.0,0.0,0.6617975322501817
353450,3534500,Oscar Bressane (SP),35,0.239,424.0,0.71,467.87,Faixa 3 (R$ 10k),10000.0,0,0.35,31044.0,5371.0,36415.0,0.8525,85884.43,11408.02,74476.42,0.0,0,0,0.0,0.0,1.2541173187551067
353460,3534609,Osvaldo Cruz (SP),35,0.206,4306.0,0.725,539.3,Faixa 3 (R$ 10k),10000.0,0,0.35,66536.0,24192.0,90728.0,0.7334,21070.13,6664.19,14405.95,0.5513,0,0,0.0,0.0,0.6786802290687186
353470,3534708,Ourinhos (SP),35,0.284,14027.0,0.725,553.12,Faixa 3 (R$ 10k),10000.0,0,0.35,966184.0,32256.0,998440.0,0.9677,71179.87,7663.86,63516.0,0.8749,0,0,0.0,0.0,1.7322153728398042
353480,3534807,Ouro Verde (SP),35,0.421,1846.0,0.663,404.69,Faixa 1 (R$ 20k),20000.0,0,0.8,9725.0,12627.0,22352.0,0.4351,12108.34,4976.71,7131.64,0.0,0,0,0.0,0.0,-0.08135628990775035
353475,3534757,Ouroeste (SP),35,0.292,1401.0,0.739,549.14,Faixa 3 (R$ 10k),10000.0,0,0.35,7256.0,39567.0,46823.0,0.155,33421.13,24148.47,9272.66,0.3269,0,0,0.0,0.0,0.802905107490705
353490,3534906,Pacaembu (SP),35,0.333,1769.0,0.696,500.33,Faixa 2 (R$ 15k),15000.0,0,0.7,70206.0,28181.0,98387.0,0.7136,55617.3,8599.77,47017.52,0.0018,0,0,0.0,0.0,0.7204562768125691
353500,3535002,Palestina (SP),35,0.412,1167.0,0.672,512.63,Faixa 1 (R$ 20k),20000.0,0,0.8,176780.0,21773.0,198553.0,0.8903,170139.67,33986.29,136153.38,0.0,0,0,0.0,0.0,2.9409667192465503
353510,3535101,Palmares Paulista (SP),35,0.303,2238.0,0.721,542.22,Faixa 2 (R$ 15k),15000.0,0,0.7,100762.0,27464.0,128226.0,0.7858,57294.91,8753.35,48541.55,0.0,0,0,0.0,0.0,0.782880498743317
353520,3535200,Palmeira D'Oeste (SP),35,0.215,1079.0,0.7,446.81,Faixa 3 (R$ 10k),10000.0,0,0.35,9208.0,29837.0,39045.0,0.2358,36186.28,29171.46,7014.83,0.0259,0,0,0.0,0.0,0.7697548394513133
353530,3535309,Palmital (SP),35,0.265,1766.0,0.709,499.3,Faixa 3 (R$ 10k),10000.0,0,0.35,96385.0,16518.0,112903.0,0.8537,63931.48,27494.34,36437.15,0.6732,0,0,0.0,0.0,1.9305884641208408
353540,3535408,Panorama (SP),35,0.289,3033.0,0.698,462.65,Faixa 3 (R$ 10k),10000.0,0,0.35,1425.0,19922.0,21347.0,0.0668,7038.25,5212.0,1826.24,0.0,0,0,0.0,0.0,-0.3359906410662342
353550,3535507,Paraguaçu Paulista (SP),35,0.365,6657.0,0.716,481.02,Faixa 2 (R$ 15k),15000.0,0,0.7,132613.0,24474.0,157087.0,0.8442,23597.27,4821.54,18775.72,0.7467,0,0,0.0,0.0,0.8791627685891887
353580,3535804,Paranapanema (SP),35,0.33,1938.0,0.675,432.45,Faixa 2 (R$ 15k),15000.0,0,0.7,11568.0,29680.0,41248.0,0.2804,21283.8,11982.46,9301.34,0.3566,0,0,0.0,0.0,0.42224270044930756
353590,3535903,Paranapuã (SP),35,0.246,559.0,0.675,443.49,Faixa 3 (R$ 10k),10000.0,0,0.35,0.0,13165.0,13165.0,0.0,23550.98,18917.71,4633.27,0.0,0,0,0.0,0.0,0.19572922386890285
353600,3536000,Parapuã (SP),35,0.255,1509.0,0.705,410.4,Faixa 3 (R$ 10k),10000.0,0,0.35,0.0,17642.0,17642.0,0.0,11691.19,7864.15,3827.04,0.0,0,0,0.0,0.0,-0.2430068677403694
353570,3535705,Paraíso (SP),35,0.209,553.0,0.716,566.94,Faixa 3 (R$ 10k),10000.0,0,0.35,14220.0,18217.0,32437.0,0.4384,58656.42,21318.26,37338.16,0.0,0,0,0.0,0.0,0.9414780904827676
353610,3536109,Pardinho (SP),35,0.23,578.0,0.684,477.71,Faixa 3 (R$ 10k),10000.0,0,0.35,21168.0,12055.0,33223.0,0.6371,57479.24,23003.46,34475.78,0.0,0,0,0.0,0.0,1.0755987204370665
353620,3536208,Pariquera-Açu (SP),35,0.25,2497.0,0.716,439.27,Faixa 3 (R$ 10k),10000.0,0,0.35,57319.0,38177.0,95496.0,0.6002,38244.29,21617.14,16627.15,0.6584,0,0,0.0,0.0,1.301965326354828
353625,3536257,Parisi (SP),35,0.145,809.0,0.719,602.22,Faixa 3 (R$ 10k),10000.0,0,0.35,259.0,16711.0,16970.0,0.0153,20976.51,19066.75,1909.77,0.0,0,0,0.0,0.0,0.17467188757215363
353630,3536307,Patrocínio Paulista (SP),35,0.32,1905.0,0.713,464.79,Faixa 2 (R$ 15k),15000.0,0,0.7,47463.0,29095.0,76558.0,0.62,40187.93,14817.85,25370.08,0.3933,0,0,0.0,0.0,0.9482808923260169
353640,3536406,Paulicéia (SP),35,0.325,1113.0,0.652,451.49,Faixa 2 (R$ 15k),15000.0,0,0.7,0.0,11100.0,11100.0,0.0,9973.05,8701.71,1271.34,0.0,0,0,0.0,0.0,-0.24335384678953784
353657,3536570,Paulistânia (SP),35,0.186,583.0,0.742,571.39,Faixa 3 (R$ 10k),10000.0,0,0.35,1636.0,9895.0,11531.0,0.1419,19778.73,10329.33,9449.4,0.0,0,0,0.0,0.0,8.604047644404922e-05
353660,3536604,Paulo de Faria (SP),35,0.338,1952.0,0.669,407.59,Faixa 2 (R$ 15k),15000.0,0,0.7,4051.0,21424.0,25475.0,0.159,13050.72,8659.32,4391.39,0.0,0,0,0.0,0.0,-0.12048092708175018
353670,3536703,Pederneiras (SP),35,0.4,6121.0,0.697,531.68,Faixa 2 (R$ 15k),15000.0,0,0.7,353486.0,72372.0,425858.0,0.8301,69573.27,11794.8,57778.47,0.4071,0,0,0.0,0.0,1.3698352273185634
353680,3536802,Pedra Bela (SP),35,0.257,516.0,0.669,375.56,Faixa 3 (R$ 10k),10000.0,0,0.35,32650.0,11670.0,44320.0,0.7367,85891.47,21825.58,64065.89,0.0,0,0,0.0,0.0,1.4627019722540164
353690,3536901,Pedranópolis (SP),35,0.195,798.0,0.765,588.83,Faixa 3 (R$ 10k),10000.0,0,0.35,0.0,18864.0,18864.0,0.0,23639.1,10748.12,12890.98,0.0,0,0,0.0,0.0,-0.014884871511481934
353700,3537008,Pedregulho (SP),35,0.289,2178.0,0.673,428.4,Faixa 3 (R$ 10k),10000.0,0,0.35,1353.0,35499.0,36852.0,0.0367,16920.11,12640.5,4279.61,0.4499,0,0,0.0,0.0,0.32876072996541733
353715,3537156,Pedrinhas Paulista (SP),35,0.12,1261.0,0.788,730.98,Faixa 3 (R$ 10k),10000.0,0,0.35,18562.0,9007.0,27569.0,0.6733,21862.81,7278.35,14584.46,0.0,0,0,0.0,0.0,0.2300524945791699
353720,3537206,Pedro de Toledo (SP),35,0.279,1646.0,0.695,360.38,Faixa 3 (R$ 10k),10000.0,0,0.35,6697.0,28753.0,35450.0,0.1889,21537.06,16290.4,5246.66,0.0,0,0,0.0,0.0,0.2021280844776508
353730,3537305,Penápolis (SP),35,0.243,7880.0,0.705,554.27,Faixa 3 (R$ 10k),10000.0,0,0.35,329566.0,52553.0,382119.0,0.8625,48492.26,9523.48,38968.78,0.7488,0,0,0.0,0.0,1.3320116801012387
353740,3537404,Pereira Barreto (SP),35,0.276,5439.0,0.727,519.32,Faixa 3 (R$ 10k),10000.0,0,0.35,4337.0,42800.0,47137.0,0.092,8666.48,6186.8,2479.68,0.5304,0,0,0.0,0.0,0.14957153260529102
353750,3537503,Pereiras (SP),35,0.174,2506.0,0.744,693.34,Faixa 3 (R$ 10k),10000.0,0,0.35,17271.0,12086.0,29357.0,0.5883,11714.68,3052.27,8662.41,0.0,0,0,0.0,0.0,-0.05490561816020989
353770,3537701,Piacatu (SP),35,0.419,836.0,0.675,412.98,Faixa 1 (R$ 20k),20000.0,0,0.8,3268.0,34968.0,38236.0,0.0855,45736.84,11956.94,33779.9,0.0,0,0,0.0,0.0,0.34553037122185815
353810,3538105,Pindorama (SP),35,0.409,1553.0,0.687,527.63,Faixa 1 (R$ 20k),20000.0,0,0.8,137679.0,52133.0,189812.0,0.7253,122222.79,19207.34,103015.45,0.0,0,0,0.0,0.0,1.8551633373321035
353820,3538204,Pinhalzinho (SP),35,0.376,1375.0,0.671,441.51,Faixa 2 (R$ 15k),15000.0,0,0.7,1192.0,29394.0,30586.0,0.039,22244.36,19196.36,3048.0,0.0,0,0,0.0,0.0,0.20689625354358956
353830,3538303,Piquerobi (SP),35,0.302,730.0,0.682,417.46,Faixa 2 (R$ 15k),15000.0,0,0.7,9552.0,5685.0,15237.0,0.6269,20872.6,7704.11,13168.49,0.0,0,0,0.0,0.0,0.20372783092139485
353860,3538600,Piracaia (SP),35,0.29,2913.0,0.678,457.79,Faixa 3 (R$ 10k),10000.0,0,0.35,4078.0,31925.0,36003.0,0.1133,12359.42,10128.73,2230.69,0.092,0,0,0.0,0.0,-0.041653675125835135
353870,3538709,Piracicaba (SP),35,0.286,47167.0,0.725,622.9,Faixa 3 (R$ 10k),10000.0,0,0.35,3535213.0,59644.0,3594857.0,0.9834,76215.51,10431.89,65783.62,0.9393,0,0,0.0,0.0,1.9286660217508278
353880,3538808,Piraju (SP),35,0.225,13285.0,0.769,815.38,Faixa 3 (R$ 10k),10000.0,0,0.35,71754.0,55984.0,127738.0,0.5617,9615.21,3434.78,6180.43,0.465,0,0,0.0,0.0,0.2874078150611734
353890,3538907,Pirajuí (SP),35,0.335,2776.0,0.692,477.53,Faixa 2 (R$ 15k),15000.0,0,0.7,10069.0,32160.0,42229.0,0.2384,15212.18,6342.94,8869.24,0.2411,0,0,0.0,0.0,0.08305430662333307
353900,3539004,Pirangi (SP),35,0.194,4729.0,0.769,750.71,Faixa 3 (R$ 10k),10000.0,0,0.35,10556.0,30945.0,41501.0,0.2544,8775.85,5600.76,3175.09,0.2269,0,0,0.0,0.0,-0.021709734927801816
353920,3539202,Pirapozinho (SP),35,0.336,5309.0,0.738,490.95,Faixa 2 (R$ 15k),15000.0,0,0.7,52223.0,31461.0,83684.0,0.624,15762.67,4748.35,11014.32,0.0,0,0,0.0,0.0,0.05998252366458636
353930,3539301,Pirassununga (SP),35,0.266,7889.0,0.743,611.65,Faixa 3 (R$ 10k),10000.0,0,0.35,467760.0,38638.0,506398.0,0.9237,64190.39,8495.88,55694.51,0.4874,0,0,0.0,0.0,1.3294503192944962
353940,3539400,Piratininga (SP),35,0.147,1317.0,0.739,576.1,Faixa 3 (R$ 10k),10000.0,0,0.35,11322.0,42788.0,54110.0,0.2092,41085.8,17510.25,23575.55,0.0,0,0,0.0,0.0,0.4954725249075098
353950,3539509,Pitangueiras (SP),35,0.318,7813.0,0.694,470.66,Faixa 2 (R$ 15k),15000.0,0,0.7,112810.0,25978.0,138788.0,0.8128,17763.73,4922.95,12840.78,0.5658,0,0,0.0,0.0,0.6449309142698378
353960,3539608,Planalto (SP),35,0.286,504.0,0.679,403.83,Faixa 3 (R$ 10k),10000.0,0,0.35,305.0,11675.0,11980.0,0.0255,23769.84,20704.37,3065.48,0.0,0,0,0.0,0.0,0.2583928318552731
353970,3539707,Platina (SP),35,0.339,458.0,0.678,402.1,Faixa 2 (R$ 15k),15000.0,0,0.7,4564.0,9727.0,14291.0,0.3194,31203.06,13655.02,17548.03,0.0,0,0,0.0,0.0,0.32722745184747404
353990,3539905,Poloni (SP),35,0.171,2447.0,0.774,799.23,Faixa 3 (R$ 10k),10000.0,0,0.35,42325.0,14665.0,56990.0,0.7427,23289.74,5325.7,17964.04,0.0,0,0,0.0,0.0,0.23462631703203812
354000,3540002,Pompéia (SP),35,0.165,3605.0,0.748,591.8,Faixa 3 (R$ 10k),10000.0,0,0.35,70912.0,14458.0,85370.0,0.8306,23681.0,7612.76,16068.24,0.2057,0,0,0.0,0.0,0.5108356789092865
354010,3540101,Pongaí (SP),35,0.181,1430.0,0.756,683.12,Faixa 3 (R$ 10k),10000.0,0,0.35,4586.0,7578.0,12164.0,0.377,8506.29,4029.37,4476.92,0.0,0,0,0.0,0.0,-0.18301302387678592
354020,3540200,Pontal (SP),35,0.437,9864.0,0.683,516.99,Faixa 1 (R$ 20k),20000.0,0,0.8,7066.0,24175.0,31241.0,0.2262,3167.17,2037.92,1129.26,0.6298,0,0,0.0,0.0,0.1225706151041499
354025,3540259,Pontalinda (SP),35,0.4,724.0,0.634,390.42,Faixa 2 (R$ 15k),15000.0,0,0.7,2425.0,14383.0,16808.0,0.1443,23215.47,19531.77,3683.7,0.0,0,0,0.0,0.0,0.28399321376931674
354030,3540309,Pontes Gestal (SP),35,0.186,1061.0,0.742,638.17,Faixa 3 (R$ 10k),10000.0,0,0.35,1807.0,9840.0,11647.0,0.1551,10977.38,8721.96,2255.42,0.0,0,0,0.0,0.0,-0.14754417148175825
354040,3540408,Populina (SP),35,0.29,687.0,0.699,558.97,Faixa 3 (R$ 10k),10000.0,0,0.35,1113.0,14539.0,15652.0,0.0711,22783.11,19087.34,3695.78,0.0901,0,0,0.0,0.0,0.30040552597972164
354050,3540507,Porangaba (SP),35,0.331,985.0,0.601,385.52,Faixa 2 (R$ 15k),15000.0,0,0.7,662.0,14859.0,15521.0,0.0427,15757.36,12665.99,3091.37,0.0,0,0,0.0,0.0,-0.04366949496154872
354070,3540705,Porto Ferreira (SP),35,0.336,7521.0,0.686,501.48,Faixa 2 (R$ 15k),15000.0,0,0.7,163868.0,61928.0,225796.0,0.7257,30022.07,10977.26,19044.81,0.5495,0,0,0.0,0.0,0.8998477248929051
354080,3540804,Potirendaba (SP),35,0.205,1383.0,0.691,497.54,Faixa 3 (R$ 10k),10000.0,0,0.35,4348.0,34731.0,39079.0,0.1113,28256.69,24201.74,4054.95,0.0587,0,0,0.0,0.0,0.499362645626241
354090,3540903,Pradópolis (SP),35,0.204,2760.0,0.708,547.95,Faixa 3 (R$ 10k),10000.0,0,0.35,6443.0,23958.0,30401.0,0.2119,11014.86,5390.22,5624.64,0.0,0,0,0.0,0.0,-0.2032441005795765
354105,3541059,Pratânia (SP),35,0.256,574.0,0.673,444.96,Faixa 3 (R$ 10k),10000.0,0,0.35,1802.0,9475.0,11277.0,0.1598,19646.34,16125.44,3520.91,0.0,0,0,0.0,0.0,0.15812322559352884
354110,3541109,Presidente Alves (SP),35,0.231,607.0,0.711,524.18,Faixa 3 (R$ 10k),10000.0,0,0.35,3022.0,11395.0,14417.0,0.2096,23751.24,9850.08,13901.15,0.0,0,0,0.0,0.0,0.0746225126095924
354120,3541208,Presidente Bernardes (SP),35,0.222,1528.0,0.727,480.59,Faixa 3 (R$ 10k),10000.0,0,0.35,119750.0,15252.0,135002.0,0.887,88352.09,11242.8,77109.29,0.0,0,0,0.0,0.0,1.299839007344961
354130,3541307,Presidente Epitácio (SP),35,0.291,9446.0,0.737,535.32,Faixa 3 (R$ 10k),10000.0,0,0.35,9350.0,31074.0,40424.0,0.2313,4279.48,2952.15,1327.33,0.4836,0,0,0.0,0.0,0.04582855783474264
354140,3541406,Presidente Prudente (SP),35,0.228,32847.0,0.753,589.49,Faixa 3 (R$ 10k),10000.0,0,0.35,927121.0,29767.0,956888.0,0.9689,29131.67,5050.6,24081.07,0.9705,0,0,0.0,0.0,1.2021396184370219
354150,3541505,Presidente Venceslau (SP),35,0.22,6567.0,0.718,527.81,Faixa 3 (R$ 10k),10000.0,0,0.35,242858.0,26656.0,269514.0,0.9011,41040.66,4805.7,36234.96,0.45,0,0,0.0,0.0,0.8945919624978668
354160,3541604,Promissão (SP),35,0.254,5327.0,0.701,533.83,Faixa 3 (R$ 10k),10000.0,0,0.35,95940.0,32199.0,128139.0,0.7487,24054.63,21434.2,2620.42,0.5292,0,0,0.0,0.0,1.0901886048094758
354165,3541653,Quadra (SP),35,0.2,1529.0,0.687,602.16,Faixa 3 (R$ 10k),10000.0,0,0.35,2703.0,4678.0,7381.0,0.3662,4827.34,3538.91,1288.42,0.0,0,0,0.0,0.0,-0.248688401918286
354170,3541703,Quatá (SP),35,0.376,2524.0,0.714,497.9,Faixa 2 (R$ 15k),15000.0,0,0.7,7934.0,17505.0,25439.0,0.3119,10078.84,6333.99,3744.85,0.0,0,0,0.0,0.0,-0.13767619260159664
354180,3541802,Queiroz (SP),35,0.353,651.0,0.672,421.5,Faixa 2 (R$ 15k),15000.0,0,0.7,2654.0,9214.0,11868.0,0.2236,18230.41,5855.61,12374.81,0.0,0,0,0.0,0.0,-0.0923416993416675
354200,3542008,Quintana (SP),35,0.245,1241.0,0.737,473.76,Faixa 3 (R$ 10k),10000.0,0,0.35,100596.0,23946.0,124542.0,0.8077,100356.16,10237.71,90118.45,0.0,0,0,0.0,0.0,1.3857566362450435
354210,3542107,Rafard (SP),35,0.321,1045.0,0.723,525.36,Faixa 2 (R$ 15k),15000.0,0,0.7,210310.0,13570.0,223880.0,0.9394,214239.23,10433.49,203805.74,0.0,0,0,0.0,0.0,2.922689589763063
354220,3542206,Rancharia (SP),35,0.237,4691.0,0.696,479.51,Faixa 3 (R$ 10k),10000.0,0,0.35,136158.0,15886.0,152044.0,0.8955,32411.85,11743.76,20668.09,0.6155,0,0,0.0,0.0,1.0936030728260602
354240,3542404,Regente Feijó (SP),35,0.208,2837.0,0.736,502.44,Faixa 3 (R$ 10k),10000.0,0,0.35,20805.0,33833.0,54638.0,0.3808,19259.08,8810.36,10448.71,0.0,0,0,0.0,0.0,0.08095432328325373
354250,3542503,Reginópolis (SP),35,0.243,2190.0,0.776,736.52,Faixa 3 (R$ 10k),10000.0,0,0.35,3890.0,19695.0,23585.0,0.1649,10769.41,7490.87,3278.54,0.0,0,0,0.0,0.0,-0.17691614826833063
354260,3542602,Registro (SP),35,0.292,8179.0,0.709,459.89,Faixa 3 (R$ 10k),10000.0,0,0.35,309896.0,115246.0,425142.0,0.7289,51979.7,17423.28,34556.42,0.6927,0,0,0.0,0.0,1.4655022476308803
354270,3542701,Restinga (SP),35,0.309,1028.0,0.704,454.12,Faixa 2 (R$ 15k),15000.0,0,0.7,1445.0,32150.0,33595.0,0.043,32679.96,22086.58,10593.39,0.0,0,0,0.0,0.0,0.4178919393743804
354280,3542800,Ribeira (SP),35,0.265,648.0,0.685,309.96,Faixa 3 (R$ 10k),10000.0,0,0.35,8657.0,4592.0,13249.0,0.6534,20445.99,5842.59,14603.4,0.0,0,0,0.0,0.0,0.1640806705056273
354290,3542909,Ribeirão Bonito (SP),35,0.378,2321.0,0.671,447.79,Faixa 2 (R$ 15k),15000.0,0,0.7,16580.0,17991.0,34571.0,0.4796,14894.87,7692.8,7202.07,0.1955,0,0,0.0,0.0,0.20547309377720363
354300,3543006,Ribeirão Branco (SP),35,0.481,1323.0,0.645,253.67,Faixa 1 (R$ 20k),20000.0,0,0.8,40066.0,49798.0,89864.0,0.4459,67924.41,16540.44,51383.98,0.0,0,0,0.0,0.0,0.9405989038359541
354310,3543105,Ribeirão Corrente (SP),35,0.291,748.0,0.711,440.32,Faixa 3 (R$ 10k),10000.0,0,0.35,42124.0,23379.0,65503.0,0.6431,87570.86,18643.05,68927.81,0.0,0,0,0.0,0.0,1.3520506062108442
354325,3543253,Ribeirão Grande (SP),35,0.311,727.0,0.658,382.64,Faixa 2 (R$ 15k),15000.0,0,0.7,776.0,11725.0,12501.0,0.0621,17195.32,10375.52,6819.81,0.0,0,0,0.0,0.0,-0.07427093747441357
354340,3543402,Ribeirão Preto (SP),35,0.319,88574.0,0.748,699.8,Faixa 2 (R$ 15k),15000.0,1,0.88,2904247.0,42962.0,2947209.0,0.9854,33273.97,14326.97,18947.0,0.9732,10530,1521,129285.0,120.96,1.5066789255129862
354320,3543204,Ribeirão do Sul (SP),35,0.19,420.0,0.794,1976.43,Faixa 3 (R$ 10k),10000.0,0,0.35,42836.0,19248.0,62084.0,0.69,147819.05,21461.9,126357.14,0.0,0,0,0.0,0.0,2.2234211030629045
354323,3543238,Ribeirão dos Índios (SP),35,0.357,374.0,0.689,384.49,Faixa 2 (R$ 15k),15000.0,0,0.7,0.0,3285.0,3285.0,0.0,8783.42,7513.37,1270.05,0.0,0,0,0.0,0.0,-0.2894251618479553
354360,3543600,Rifaina (SP),35,0.251,485.0,0.713,549.23,Faixa 3 (R$ 10k),10000.0,0,0.35,23355.0,14811.0,38166.0,0.6119,78692.78,27131.96,51560.82,0.0,0,0,0.0,0.0,1.4415318069749907
354370,3543709,Rincão (SP),35,0.335,1752.0,0.705,448.5,Faixa 2 (R$ 15k),15000.0,0,0.7,195974.0,41611.0,237585.0,0.8249,135607.88,18742.58,116865.3,0.0,0,0,0.0,0.0,2.0678490152500144
354380,3543808,Rinópolis (SP),35,0.406,1452.0,0.67,415.43,Faixa 1 (R$ 20k),20000.0,0,0.8,33484.0,17411.0,50895.0,0.6579,35051.65,8766.53,26285.12,0.0,0,0,0.0,0.0,0.4297461982479428
354390,3543907,Rio Claro (SP),35,0.208,22026.0,0.74,591.97,Faixa 3 (R$ 10k),10000.0,0,0.35,521412.0,60535.0,581947.0,0.896,26420.91,7982.25,18438.66,0.6423,0,0,0.0,0.0,0.940995858860019
354400,3544004,Rio das Pedras (SP),35,0.296,4895.0,0.73,530.49,Faixa 3 (R$ 10k),10000.0,0,0.35,45178.0,45545.0,90723.0,0.498,18533.81,3526.86,15006.95,0.1894,0,0,0.0,0.0,0.14908476051692598
354420,3544202,Riolândia (SP),35,0.453,1866.0,0.672,389.28,Faixa 1 (R$ 20k),20000.0,0,0.8,10041.0,25733.0,35774.0,0.2807,19171.49,15211.68,3959.81,0.0,0,0,0.0,0.0,0.192568756479287
354350,3543501,Riversul (SP),35,0.45,709.0,0.589,252.84,Faixa 1 (R$ 20k),20000.0,0,0.8,0.0,16661.0,16661.0,0.0,23499.29,12836.39,10662.91,0.0,0,0,0.0,0.0,0.037445755243953285
354425,3544251,Rosana (SP),35,0.308,3728.0,0.756,602.49,Faixa 2 (R$ 15k),15000.0,0,0.7,12501.0,12462.0,24963.0,0.5008,6696.08,5401.02,1295.06,0.5394,0,0,0.0,0.0,0.32830334597941535
354450,3544509,Rubinéia (SP),35,0.155,1200.0,0.764,653.82,Faixa 3 (R$ 10k),10000.0,0,0.35,26041.0,28978.0,55019.0,0.4733,45849.17,20705.83,25143.33,0.0,0,0,0.0,0.0,0.7797398514147478
354440,3544400,Rubiácea (SP),35,0.214,620.0,0.709,496.63,Faixa 3 (R$ 10k),10000.0,0,0.35,9866.0,4451.0,14317.0,0.6891,23091.94,4804.84,18287.1,0.0,0,0,0.0,0.0,0.1901137127254207
354460,3544608,Sabino (SP),35,0.378,800.0,0.698,477.24,Faixa 2 (R$ 15k),15000.0,0,0.7,7578.0,13345.0,20923.0,0.3622,26153.75,13382.5,12771.25,0.0,0,0,0.0,0.0,0.27808332462340485
354470,3544707,Sagres (SP),35,0.188,444.0,0.71,429.47,Faixa 3 (R$ 10k),10000.0,0,0.35,3185.0,5598.0,8783.0,0.3626,19781.53,9945.95,9835.59,0.0,0,0,0.0,0.0,0.10742586341249934
354480,3544806,Sales (SP),35,0.329,2402.0,0.75,616.09,Faixa 2 (R$ 15k),15000.0,0,0.7,90414.0,27379.0,117793.0,0.7676,49039.55,7957.54,41082.01,0.0,0,0,0.0,0.0,0.6466133763820583
354490,3544905,Sales Oliveira (SP),35,0.225,1115.0,0.709,515.06,Faixa 3 (R$ 10k),10000.0,0,0.35,1749.0,20469.0,22218.0,0.0787,19926.46,16277.13,3649.33,0.2705,0,0,0.0,0.0,0.3398296812479578
354510,3545100,Salmourão (SP),35,0.333,1005.0,0.671,395.75,Faixa 2 (R$ 15k),15000.0,0,0.7,0.0,13069.0,13069.0,0.0,13003.98,6483.58,6520.4,0.0,0,0,0.0,0.0,-0.26193741618812905
354515,3545159,Saltinho (SP),35,0.181,407.0,0.703,581.52,Faixa 3 (R$ 10k),10000.0,0,0.35,191088.0,18593.0,209681.0,0.9113,515186.73,36029.48,479157.25,0.0,0,0,0.0,0.0,7.434387069840997
354540,3545407,Salto Grande (SP),35,0.445,1310.0,0.641,330.59,Faixa 1 (R$ 20k),20000.0,0,0.8,11670.0,27794.0,39464.0,0.2957,30125.19,14148.85,15976.34,0.3495,0,0,0.0,0.0,0.5943131824337016
354550,3545506,Sandovalina (SP),35,0.257,721.0,0.718,447.82,Faixa 3 (R$ 10k),10000.0,0,0.35,9153.0,10299.0,19452.0,0.4705,26979.2,9210.82,17768.38,0.0,0,0,0.0,0.0,0.23808615512802384
354560,3545605,Santa Adélia (SP),35,0.274,1703.0,0.695,564.79,Faixa 3 (R$ 10k),10000.0,0,0.35,116997.0,35832.0,152829.0,0.7655,89741.05,16081.03,73660.01,0.2057,0,0,0.0,0.0,1.5437409187708386
354570,3545704,Santa Albertina (SP),35,0.2,773.0,0.692,476.73,Faixa 3 (R$ 10k),10000.0,0,0.35,1628.0,26298.0,27926.0,0.0583,36126.78,29693.4,6433.38,0.0,0,0,0.0,0.0,0.6674247740475691
354610,3546108,Santa Clara D'Oeste (SP),35,0.183,240.0,0.69,437.03,Faixa 3 (R$ 10k),10000.0,0,0.35,779.0,14821.0,15600.0,0.0499,65000.0,53337.5,11662.5,0.0,0,0,0.0,0.0,1.646427607245815
354620,3546207,Santa Cruz da Conceição (SP),35,0.153,1391.0,0.824,1325.49,Faixa 3 (R$ 10k),10000.0,0,0.35,5838.0,12533.0,18371.0,0.3178,13207.05,6739.76,6467.29,0.0,0,0,0.0,0.0,-0.08386867384900762
354625,3546256,Santa Cruz da Esperança (SP),35,0.423,288.0,0.721,466.34,Faixa 1 (R$ 20k),20000.0,0,0.8,8638.0,6511.0,15149.0,0.5702,52600.69,13166.67,39434.03,0.0,0,0,0.0,0.0,0.722478048365593
354630,3546306,Santa Cruz das Palmeiras (SP),35,0.267,5599.0,0.706,830.86,Faixa 3 (R$ 10k),10000.0,0,0.35,55962.0,57220.0,113182.0,0.4944,20214.68,7110.02,13104.66,0.6548,0,0,0.0,0.0,0.6354218448168675
354640,3546405,Santa Cruz do Rio Pardo (SP),35,0.225,4210.0,0.674,463.71,Faixa 3 (R$ 10k),10000.0,0,0.35,1107324.0,40226.0,1147550.0,0.9649,272577.2,32596.2,239981.0,0.7529,0,0,0.0,0.0,4.864255632944075
354650,3546504,Santa Ernestina (SP),35,0.293,1159.0,0.724,511.6,Faixa 3 (R$ 10k),10000.0,0,0.35,1448.0,24740.0,26188.0,0.0553,22595.34,16050.91,6544.43,0.0,0,0,0.0,0.0,0.1385346052185496
354660,3546603,Santa Fé do Sul (SP),35,0.201,3317.0,0.77,726.46,Faixa 3 (R$ 10k),10000.0,0,0.35,290112.0,61077.0,351189.0,0.8261,105875.49,37974.68,67900.81,0.4426,0,0,0.0,0.0,2.5407773576692625
354670,3546702,Santa Gertrudes (SP),35,0.213,3514.0,0.716,602.92,Faixa 3 (R$ 10k),10000.0,0,0.35,153695.0,25788.0,179483.0,0.8563,51076.55,7295.96,43780.59,0.0,0,0,0.0,0.0,0.7027340047554151
354690,3546900,Santa Lúcia (SP),35,0.388,1504.0,0.702,454.3,Faixa 2 (R$ 15k),15000.0,0,0.7,2.0,25013.0,25015.0,0.0001,16632.31,10600.4,6031.91,0.0,0,0,0.0,0.0,-0.10860538113732374
354700,3547007,Santa Maria da Serra (SP),35,0.301,894.0,0.657,446.32,Faixa 2 (R$ 15k),15000.0,0,0.7,16112.0,14114.0,30226.0,0.5331,33809.84,10480.98,23328.86,0.0,0,0,0.0,0.0,0.39194523332138576
354710,3547106,Santa Mercedes (SP),35,0.196,649.0,0.729,478.94,Faixa 3 (R$ 10k),10000.0,0,0.35,15744.0,33391.0,49135.0,0.3204,75708.78,6152.54,69556.24,0.0,0,0,0.0,0.0,0.7046161240638954
354740,3547403,Santa Rita D'Oeste (SP),35,0.144,913.0,0.772,670.53,Faixa 3 (R$ 10k),10000.0,0,0.35,29.0,18983.0,19012.0,0.0015,20823.66,17906.9,2916.76,0.0,0,0,0.0,0.0,0.13531703667622375
354750,3547502,Santa Rita do Passa Quatro (SP),35,0.283,2562.0,0.715,540.92,Faixa 3 (R$ 10k),10000.0,0,0.35,166507.0,15095.0,181602.0,0.9169,70882.9,10306.01,60576.89,0.4152,0,0,0.0,0.0,1.4006749808360794
354760,3547601,Santa Rosa de Viterbo (SP),35,0.272,4007.0,0.736,588.21,Faixa 3 (R$ 10k),10000.0,0,0.35,7787.0,31626.0,39413.0,0.1976,9836.04,6241.33,3594.71,0.1659,0,0,0.0,0.0,-0.07066506612822855
354765,3547650,Santa Salete (SP),35,0.191,704.0,0.771,669.08,Faixa 3 (R$ 10k),10000.0,0,0.35,2448.0,8785.0,11233.0,0.2179,15955.97,10461.65,5494.32,0.0,0,0,0.0,0.0,-0.005183671721788729
354720,3547205,Santana da Ponte Pensa (SP),35,0.105,556.0,0.797,890.38,Faixa 3 (R$ 10k),10000.0,0,0.35,240.0,7954.0,8194.0,0.0293,14737.41,12178.06,2559.35,0.0,0,0,0.0,0.0,-0.07652729541520656
354770,3547700,Santo Anastácio (SP),35,0.301,3424.0,0.708,441.66,Faixa 2 (R$ 15k),15000.0,0,0.7,10976.0,15483.0,26459.0,0.4148,7727.51,6031.54,1695.97,0.2461,0,0,0.0,0.0,0.07662718379633524
354790,3547908,Santo Antônio da Alegria (SP),35,0.238,728.0,0.665,417.05,Faixa 3 (R$ 10k),10000.0,0,0.35,115158.0,31003.0,146161.0,0.7879,200770.6,22484.89,178285.71,0.0,0,0,0.0,0.0,2.981671962776848
354805,3548054,Santo Antônio do Aracanguá (SP),35,0.305,1410.0,0.774,601.42,Faixa 2 (R$ 15k),15000.0,0,0.7,98925.0,17775.0,116700.0,0.8477,82765.96,9566.67,73199.29,0.0,0,0,0.0,0.0,1.1638107173204286
354810,3548104,Santo Antônio do Jardim (SP),35,0.277,622.0,0.649,521.73,Faixa 3 (R$ 10k),10000.0,0,0.35,39879.0,22278.0,62157.0,0.6416,99930.87,28805.47,71125.4,0.0,0,0,0.0,0.0,1.7733138974467095
354830,3548302,Santo Expedito (SP),35,0.291,603.0,0.702,371.75,Faixa 3 (R$ 10k),10000.0,0,0.35,1649.0,11175.0,12824.0,0.1286,21267.0,9074.63,12192.37,0.0,0,0,0.0,0.0,-0.02039475627899781
354840,3548401,Santópolis do Aguapeí (SP),35,0.362,951.0,0.699,464.32,Faixa 2 (R$ 15k),15000.0,0,0.7,86038.0,13125.0,99163.0,0.8676,104272.34,8718.19,95554.15,0.0,0,0,0.0,0.0,1.4284640902204095
355120,3551207,Sarutaiá (SP),35,0.29,476.0,0.675,500.85,Faixa 3 (R$ 10k),10000.0,0,0.35,1526.0,11926.0,13452.0,0.1134,28260.5,16422.27,11838.24,0.0,0,0,0.0,0.0,0.251746454387238
355130,3551306,Sebastianópolis do Sul (SP),35,0.189,1178.0,0.777,810.2,Faixa 3 (R$ 10k),10000.0,0,0.35,1279.0,11728.0,13007.0,0.0983,11041.6,8261.46,2780.14,0.0,0,0,0.0,0.0,-0.18882872591504918
355140,3551405,Serra Azul (SP),35,0.347,1388.0,0.692,490.4,Faixa 2 (R$ 15k),15000.0,0,0.7,42570.0,16808.0,59378.0,0.7169,42779.54,7310.52,35469.02,0.0,0,0,0.0,0.0,0.5225518951867059
355160,3551603,Serra Negra (SP),35,0.205,2535.0,0.68,531.19,Faixa 3 (R$ 10k),10000.0,0,0.35,76391.0,30012.0,106403.0,0.7179,41973.57,14233.53,27740.04,0.3982,0,0,0.0,0.0,1.0120001710058026
355150,3551504,Serrana (SP),35,0.28,9116.0,0.696,553.74,Faixa 3 (R$ 10k),10000.0,0,0.35,100897.0,49410.0,150307.0,0.6713,16488.26,5073.83,11414.44,0.0951,0,0,0.0,0.0,0.17924238962804606
355170,3551702,Sertãozinho (SP),35,0.29,21804.0,0.724,676.12,Faixa 3 (R$ 10k),10000.0,0,0.35,1207696.0,61374.0,1269070.0,0.9516,58203.54,6329.99,51873.56,0.7065,0,0,0.0,0.0,1.387259723025603
355180,3551801,Sete Barras (SP),35,0.415,1612.0,0.657,361.68,Faixa 1 (R$ 20k),20000.0,0,0.8,4131.0,49645.0,53776.0,0.0768,33359.8,21978.29,11381.51,0.0,0,0,0.0,0.0,0.4417673976395612
355190,3551900,Severínia (SP),35,0.308,2997.0,0.689,492.78,Faixa 2 (R$ 15k),15000.0,0,0.7,144306.0,21343.0,165649.0,0.8712,55271.6,6105.77,49165.83,0.0,0,0,0.0,0.0,0.7336521177462323
355210,3552106,Socorro (SP),35,0.253,2213.0,0.682,527.28,Faixa 3 (R$ 10k),10000.0,0,0.35,5362.0,111968.0,117330.0,0.0457,53018.53,48436.51,4582.02,0.6061,0,0,0.0,0.0,1.850174561151419
355230,3552304,Sud Mennucci (SP),35,0.241,1341.0,0.727,529.64,Faixa 3 (R$ 10k),10000.0,0,0.35,1966.0,13094.0,15060.0,0.1305,11230.43,9158.84,2071.59,0.6047,0,0,0.0,0.0,0.3396445052798829
355255,3552551,Suzanápolis (SP),35,0.275,856.0,0.709,481.96,Faixa 3 (R$ 10k),10000.0,0,0.35,18564.0,9384.0,27948.0,0.6642,32649.53,9387.85,23261.68,0.0,0,0,0.0,0.0,0.4183611202733989
354890,3548906,São Carlos (SP),35,0.272,27809.0,0.751,624.91,Faixa 3 (R$ 10k),10000.0,0,0.35,1327435.0,111447.0,1438882.0,0.9225,51741.59,11405.62,40335.97,0.9138,0,0,0.0,0.0,1.5869039363764985
354900,3549003,São Francisco (SP),35,0.327,1081.0,0.718,511.72,Faixa 2 (R$ 15k),15000.0,0,0.7,4383.0,9856.0,14239.0,0.3078,13172.06,7538.39,5633.67,0.0,0,0,0.0,0.0,-0.06893058325096638
354940,3549409,São Joaquim da Barra (SP),35,0.216,8684.0,0.72,566.34,Faixa 3 (R$ 10k),10000.0,0,0.35,460360.0,56677.0,517037.0,0.8904,59539.04,7460.96,52078.07,0.7217,0,0,0.0,0.0,1.4134141006243754
354950,3549508,São José da Bela Vista (SP),35,0.308,1461.0,0.654,319.33,Faixa 2 (R$ 15k),15000.0,0,0.7,0.0,27660.0,27660.0,0.0,18932.24,13046.54,5885.69,0.0,0,0,0.0,0.0,-0.01573397191184798
354970,3549706,São José do Rio Pardo (SP),35,0.24,6182.0,0.707,471.24,Faixa 3 (R$ 10k),10000.0,0,0.35,319332.0,109055.0,428387.0,0.7454,69295.86,17876.9,51418.96,0.6879,0,0,0.0,0.0,1.7044538368978632
354980,3549805,São José do Rio Preto (SP),35,0.273,41956.0,0.758,755.41,Faixa 3 (R$ 10k),10000.0,0,0.35,3734699.0,29030.0,3763729.0,0.9923,89706.57,25870.44,63836.14,0.9869,0,0,0.0,0.0,2.544955209345255
354910,3549102,São João da Boa Vista (SP),35,0.234,7699.0,0.751,627.31,Faixa 3 (R$ 10k),10000.0,1,0.48,818057.0,109581.0,927638.0,0.8819,120488.12,21563.97,98924.15,0.7647,10530,1521,129285.0,120.96,2.591360090485774
354920,3549201,São João das Duas Pontes (SP),35,0.141,994.0,0.738,520.55,Faixa 3 (R$ 10k),10000.0,0,0.35,0.0,11322.0,11322.0,0.0,11390.34,8363.18,3027.16,0.0,0,0,0.0,0.0,-0.23393460934758123
354925,3549250,São João de Iracema (SP),35,0.28,333.0,0.716,435.85,Faixa 3 (R$ 10k),10000.0,0,0.35,15439.0,11266.0,26705.0,0.5781,80195.2,20066.07,60129.13,0.0,0,0,0.0,0.0,1.2597240373460772
354930,3549300,São João do Pau D'Alho (SP),35,0.142,865.0,0.757,660.85,Faixa 3 (R$ 10k),10000.0,0,0.35,3950.0,19287.0,23237.0,0.17,26863.58,4203.47,22660.12,0.0,0,0,0.0,0.0,-0.052814033816077875
355010,3550100,São Manuel (SP),35,0.336,5557.0,0.716,523.23,Faixa 2 (R$ 15k),15000.0,0,0.7,21770.0,31262.0,53032.0,0.4105,9543.28,6728.99,2814.29,0.1443,0,0,0.0,0.0,0.033964588764675875
355040,3550407,São Pedro (SP),35,0.254,2687.0,0.707,627.66,Faixa 3 (R$ 10k),10000.0,0,0.35,385224.0,60176.0,445400.0,0.8649,165761.07,54748.42,111012.65,0.5991,0,0,0.0,0.0,3.8905812886505315
355050,3550506,São Pedro do Turvo (SP),35,0.223,710.0,0.662,363.14,Faixa 3 (R$ 10k),10000.0,0,0.35,3212.0,28099.0,31311.0,0.1026,44100.0,23532.39,20567.61,0.0,0,0,0.0,0.0,0.6336232214811671
355080,3550803,São Sebastião da Grama (SP),35,0.263,1650.0,0.615,398.6,Faixa 3 (R$ 10k),10000.0,0,0.35,41540.0,57694.0,99234.0,0.4186,60141.82,17277.58,42864.24,0.2626,0,0,0.0,0.0,1.05621444892822
355090,3550902,São Simão (SP),35,0.235,1893.0,0.726,488.86,Faixa 3 (R$ 10k),10000.0,0,0.35,53927.0,20101.0,74028.0,0.7285,39106.18,10030.11,29076.07,0.0,0,0,0.0,0.0,0.5520480701121266
355260,3552601,Tabapuã (SP),35,0.209,1260.0,0.696,495.84,Faixa 3 (R$ 10k),10000.0,0,0.35,75640.0,42572.0,118212.0,0.6399,93819.05,23680.16,70138.89,0.1235,0,0,0.0,0.0,1.6603061712889384
355270,3552700,Tabatinga (SP),35,0.248,1802.0,0.67,444.62,Faixa 3 (R$ 10k),10000.0,0,0.35,69183.0,47735.0,116918.0,0.5917,64882.35,18523.86,46358.49,0.3583,0,0,0.0,0.0,1.31818881505214
355290,3552908,Taciba (SP),35,0.343,1096.0,0.698,420.47,Faixa 2 (R$ 15k),15000.0,0,0.7,4871.0,9935.0,14806.0,0.329,13509.12,6916.97,6592.15,0.0,0,0,0.0,0.0,-0.06944832141093234
355300,3553005,Taguaí (SP),35,0.213,3932.0,0.722,602.88,Faixa 3 (R$ 10k),10000.0,0,0.35,39015.0,38400.0,77415.0,0.504,19688.45,6548.32,13140.13,0.3179,0,0,0.0,0.0,0.34861542281654795
355310,3553104,Taiaçu (SP),35,0.391,691.0,0.672,416.63,Faixa 2 (R$ 15k),15000.0,0,0.7,35864.0,20179.0,56043.0,0.6399,81104.2,23193.92,57910.27,0.0,0,0,0.0,0.0,1.3852919676382718
355320,3553203,Taiúva (SP),35,0.296,545.0,0.717,500.8,Faixa 3 (R$ 10k),10000.0,0,0.35,12064.0,22285.0,34349.0,0.3512,63025.69,22957.8,40067.89,0.0,0,0,0.0,0.0,0.9937379111888596
355330,3553302,Tambaú (SP),35,0.331,3400.0,0.679,471.14,Faixa 2 (R$ 15k),15000.0,0,0.7,425134.0,57388.0,482522.0,0.8811,141918.24,14396.76,127521.47,0.6662,0,0,0.0,0.0,2.6011512533799044
355340,3553401,Tanabi (SP),35,0.244,2705.0,0.718,510.09,Faixa 3 (R$ 10k),10000.0,0,0.35,5976.0,40563.0,46539.0,0.1284,17204.81,15106.1,2098.71,0.0,0,0,0.0,0.0,0.08368134061809474
355360,3553609,Tapiratiba (SP),35,0.323,1690.0,0.699,504.58,Faixa 2 (R$ 15k),15000.0,0,0.7,10505.0,44713.0,55218.0,0.1902,32673.37,18538.46,14134.91,0.1622,0,0,0.0,0.0,0.5343166782106362
355365,3553658,Taquaral (SP),35,0.261,1299.0,0.758,773.79,Faixa 3 (R$ 10k),10000.0,0,0.35,27265.0,18554.0,45819.0,0.5951,35272.52,6357.2,28915.32,0.0,0,0,0.0,0.0,0.336774034904762
355370,3553708,Taquaritinga (SP),35,0.372,8157.0,0.691,457.89,Faixa 2 (R$ 15k),15000.0,0,0.7,179164.0,36074.0,215238.0,0.8324,26386.91,17687.14,8699.77,0.7379,0,0,0.0,0.0,1.235096346792372
355380,3553807,Taquarituba (SP),35,0.387,2505.0,0.648,434.27,Faixa 2 (R$ 15k),15000.0,0,0.7,145346.0,34342.0,179688.0,0.8089,71731.74,12506.59,59225.15,0.5314,0,0,0.0,0.0,1.5045656101106395
355385,3553856,Taquarivaí (SP),35,0.353,466.0,0.623,290.1,Faixa 2 (R$ 15k),15000.0,0,0.7,0.0,28689.0,28689.0,0.0,61564.38,27725.32,33839.06,0.0,0,0,0.0,0.0,0.911982425062482
355390,3553906,Tarabai (SP),35,0.4,1424.0,0.7,451.93,Faixa 2 (R$ 15k),15000.0,0,0.7,3695.0,17845.0,21540.0,0.1715,15126.4,5169.24,9957.16,0.0,0,0,0.0,0.0,-0.1776538476815229
355395,3553955,Tarumã (SP),35,0.247,2463.0,0.701,473.3,Faixa 3 (R$ 10k),10000.0,0,0.35,269152.0,18241.0,287393.0,0.9365,116684.13,14235.08,102449.05,0.0,0,0,0.0,0.0,1.767383879092656
355420,3554201,Tejupá (SP),35,0.341,390.0,0.61,336.84,Faixa 2 (R$ 15k),15000.0,0,0.7,0.0,10469.0,10469.0,0.0,26843.59,17753.85,9089.74,0.0,0,0,0.0,0.0,0.20783011799850248
355430,3554300,Teodoro Sampaio (SP),35,0.291,4540.0,0.729,540.86,Faixa 3 (R$ 10k),10000.0,0,0.35,192196.0,15548.0,207744.0,0.9252,45758.59,5438.11,40320.48,0.0777,0,0,0.0,0.0,0.6853237044905469
355440,3554409,Terra Roxa (SP),35,0.379,1237.0,0.703,524.2,Faixa 2 (R$ 15k),15000.0,0,0.7,2511.0,28692.0,31203.0,0.0805,25224.74,13434.11,11790.62,0.001,0,0,0.0,0.0,0.11865354354850881
355460,3554607,Timburi (SP),35,0.273,965.0,0.734,659.78,Faixa 3 (R$ 10k),10000.0,0,0.35,32696.0,21646.0,54342.0,0.6017,56312.95,7448.7,48864.25,0.0,0,0,0.0,0.0,0.6386626368322068
355465,3554656,Torre de Pedra (SP),35,0.338,722.0,0.73,577.19,Faixa 2 (R$ 15k),15000.0,0,0.7,0.0,5386.0,5386.0,0.0,7459.83,5444.6,2015.24,0.0,0,0,0.0,0.0,-0.3600356444316141
355470,3554706,Torrinha (SP),35,0.197,3968.0,0.761,770.32,Faixa 3 (R$ 10k),10000.0,0,0.35,9147.0,10869.0,20016.0,0.457,5044.35,2579.13,2465.22,0.0,0,0,0.0,0.0,-0.22254399067300534
355475,3554755,Trabiju (SP),35,0.367,269.0,0.677,392.64,Faixa 2 (R$ 15k),15000.0,0,0.7,4389.0,9822.0,14211.0,0.3088,52829.0,32691.45,20137.55,0.0,0,0,0.0,0.0,1.0926047330456272
355490,3554904,Três Fronteiras (SP),35,0.175,635.0,0.736,600.61,Faixa 3 (R$ 10k),10000.0,0,0.35,0.0,38123.0,38123.0,0.0,60036.22,50935.43,9100.79,0.0,0,0,0.0,0.0,1.4939419363680693
355495,3554953,Tuiuti (SP),35,0.274,603.0,0.652,432.28,Faixa 3 (R$ 10k),10000.0,0,0.35,0.0,13006.0,13006.0,0.0,21568.82,18233.83,3334.99,0.0,0,0,0.0,0.0,0.15255929696627418
355510,3555109,Tupi Paulista (SP),35,0.192,1308.0,0.736,533.93,Faixa 3 (R$ 10k),10000.0,0,0.35,287234.0,24199.0,311433.0,0.9223,238098.62,18316.51,219782.11,0.1944,0,0,0.0,0.0,3.580341059661847
355500,3555000,Tupã (SP),35,0.326,9415.0,0.716,503.18,Faixa 2 (R$ 15k),15000.0,0,0.7,445883.0,22354.0,468237.0,0.9523,49733.09,9521.3,40211.79,0.7749,0,0,0.0,0.0,1.4165502460582222
355520,3555208,Turiúba (SP),35,0.119,775.0,0.771,687.35,Faixa 3 (R$ 10k),10000.0,0,0.35,25401.0,4538.0,29939.0,0.8484,38630.97,4682.58,33948.39,0.0,0,0,0.0,0.0,0.47104020438182187
355530,3555307,Turmalina (SP),35,0.18,720.0,0.759,702.54,Faixa 3 (R$ 10k),10000.0,0,0.35,0.0,12651.0,12651.0,0.0,17570.83,9658.33,7912.5,0.0,0,0,0.0,0.0,-0.12102813264957182
355535,3555356,Ubarana (SP),35,0.329,784.0,0.679,463.42,Faixa 2 (R$ 15k),15000.0,0,0.7,121068.0,15626.0,136694.0,0.8857,174354.59,16496.17,157858.42,0.0,0,0,0.0,0.0,2.5393078428005604
355550,3555505,Ubirajara (SP),35,0.263,504.0,0.667,450.41,Faixa 3 (R$ 10k),10000.0,0,0.35,35615.0,9349.0,44964.0,0.7921,89214.29,10390.87,78823.41,0.0,0,0,0.0,0.0,1.2384130206979198
355560,3555604,Uchoa (SP),35,0.329,1040.0,0.681,468.56,Faixa 2 (R$ 15k),15000.0,0,0.7,40220.0,20273.0,60493.0,0.6649,58166.35,16792.31,41374.04,0.0,0,0,0.0,0.0,0.9382019525210868
355570,3555703,União Paulista (SP),35,0.22,213.0,0.704,449.35,Faixa 3 (R$ 10k),10000.0,0,0.35,5461.0,5709.0,11170.0,0.4889,52441.31,23882.63,28558.69,0.0,0,0,0.0,0.0,0.9549877431012355
355590,3555901,Uru (SP),35,0.145,539.0,0.732,570.15,Faixa 3 (R$ 10k),10000.0,0,0.35,59836.0,4084.0,63920.0,0.9361,118589.98,6786.64,111803.34,0.0,0,0,0.0,0.0,1.5985824539151783
355600,3556008,Urupês (SP),35,0.269,5750.0,0.759,798.21,Faixa 3 (R$ 10k),10000.0,0,0.35,804.0,49754.0,50558.0,0.0159,8792.7,5475.3,3317.39,0.0,0,0,0.0,0.0,-0.3336838417060589
355580,3555802,Urânia (SP),35,0.232,989.0,0.709,553.54,Faixa 3 (R$ 10k),10000.0,0,0.35,4453.0,31366.0,35819.0,0.1243,36217.39,26586.45,9630.94,0.0,0,0,0.0,0.0,0.6231203687809723
355610,3556107,Valentim Gentil (SP),35,0.167,1502.0,0.733,549.22,Faixa 3 (R$ 10k),10000.0,0,0.35,11651.0,43272.0,54923.0,0.2121,36566.58,26587.88,9978.7,0.0,0,0,0.0,0.0,0.6742811480765131
355630,3556305,Valparaíso (SP),35,0.353,4975.0,0.714,531.93,Faixa 2 (R$ 15k),15000.0,0,0.7,66360.0,26957.0,93317.0,0.7111,18757.19,4954.17,13803.02,0.4503,0,0,0.0,0.0,0.5117000843142865
355635,3556354,Vargem (SP),35,0.249,484.0,0.714,489.78,Faixa 3 (R$ 10k),10000.0,0,0.35,81108.0,15130.0,96238.0,0.8428,198838.84,28373.97,170464.88,0.0,0,0,0.0,0.0,3.13867580378323
355640,3556404,Vargem Grande do Sul (SP),35,0.395,5331.0,0.672,477.11,Faixa 2 (R$ 15k),15000.0,0,0.7,277920.0,105565.0,383485.0,0.7247,71934.91,20607.2,51327.71,0.4969,0,0,0.0,0.0,1.6446924147150948
355660,3556602,Vera Cruz (SP),35,0.201,1749.0,0.704,475.81,Faixa 3 (R$ 10k),10000.0,0,0.35,26339.0,19073.0,45412.0,0.58,25964.55,8495.14,17469.41,0.0,0,0,0.0,0.0,0.26468049373502595
355680,3556800,Viradouro (SP),35,0.249,2748.0,0.698,518.48,Faixa 3 (R$ 10k),10000.0,0,0.35,9624.0,44564.0,54188.0,0.1776,19719.07,12406.84,7312.23,0.0,0,0,0.0,0.0,0.07213118410343429
355690,3556909,Vista Alegre do Alto (SP),35,0.206,1069.0,0.705,538.34,Faixa 3 (R$ 10k),10000.0,0,0.35,34.0,27084.0,27118.0,0.0013,25367.63,11254.44,14113.19,0.0,0,0,0.0,0.0,0.021117712671877086
355695,3556958,Vitória Brasil (SP),35,0.189,261.0,0.692,412.71,Faixa 3 (R$ 10k),10000.0,0,0.35,12.0,7507.0,7519.0,0.0016,28808.43,23613.03,5195.4,0.0,0,0,0.0,0.0,0.38576479169329814
355710,3557105,Votuporanga (SP),35,0.195,8685.0,0.735,618.73,Faixa 3 (R$ 10k),10000.0,0,0.35,529668.0,94724.0,624392.0,0.8483,71893.15,35669.31,36223.83,0.6387,0,0,0.0,0.0,2.2140971704171712
355650,3556503,Várzea Paulista (SP),35,0.333,18989.0,0.734,596.89,Faixa 2 (R$ 15k),15000.0,0,0.7,1301859.0,126741.0,1428600.0,0.9113,75233.03,8112.28,67120.75,0.0,0,0,0.0,0.0,1.0632015835924962
355715,3557154,Zacarias (SP),35,0.178,408.0,0.711,448.59,Faixa 3 (R$ 10k),10000.0,0,0.35,28994.0,8885.0,37879.0,0.7654,92840.69,23901.96,68938.73,0.0,0,0,0.0,0.0,1.6209710271087896
350040,3500402,Águas da Prata (SP),35,0.209,816.0,0.704,530.16,Faixa 3 (R$ 10k),10000.0,0,0.35,29600.0,26218.0,55818.0,0.5303,68404.41,25537.99,42866.42,0.0,0,0,0.0,0.0,1.2248005198528769
350050,3500501,Águas de Lindóia (SP),35,0.208,1127.0,0.726,520.12,Faixa 3 (R$ 10k),10000.0,0,0.35,30961.0,30624.0,61585.0,0.5027,54645.08,23724.05,30921.03,0.2857,0,0,0.0,0.0,1.2159672363201526
350055,3500550,Águas de Santa Bárbara (SP),35,0.247,665.0,0.712,508.26,Faixa 3 (R$ 10k),10000.0,0,0.35,0.0,21526.0,21526.0,0.0,32369.92,15619.55,16750.38,0.0,0,0,0.0,0.0,0.22345238882066182
350060,3500600,Águas de São Pedro (SP),35,0.105,1445.0,0.874,1753.19,Faixa 3 (R$ 10k),10000.0,0,0.35,7682.0,9825.0,17507.0,0.4388,12115.57,5576.47,6539.1,0.0,0,0,0.0,0.0,-0.06375302006014547
350120,3501202,Álvares Florence (SP),35,0.179,1305.0,0.758,633.97,Faixa 3 (R$ 10k),10000.0,0,0.35,2739.0,20222.0,22961.0,0.1193,17594.64,14565.52,3029.12,0.0,0,0,0.0,0.0,0.06984026672232457
350130,3501301,Álvares Machado (SP),35,0.321,4268.0,0.715,443.73,Faixa 2 (R$ 15k),15000.0,0,0.7,171646.0,50948.0,222594.0,0.7711,52154.17,5728.21,46425.96,0.0,0,0,0.0,0.0,0.6306731054093545
350140,3501400,Álvaro de Carvalho (SP),35,0.3,817.0,0.698,485.46,Faixa 3 (R$ 10k),10000.0,0,0.35,19517.0,12940.0,32457.0,0.6013,39727.05,6510.4,33216.65,0.0,0,0,0.0,0.0,0.4012203644905913
353380,3533809,Óleo (SP),35,0.186,909.0,0.75,635.23,Faixa 3 (R$ 10k),10000.0,0,0.35,1464.0,28809.0,30273.0,0.0484,33303.63,8268.43,25035.2,0.0,0,0,0.0,0.0,0.07061771369540107
350635,3506359,Bertioga (SP),35,0.249,11657.0,0.713,539.85,Faixa 3 (R$ 10k),10000.0,0,0.35,445212.0,29955.0,475167.0,0.937,40762.37,11784.94,28977.44,0.669,0,0,0.0,0.0,1.2668806085713393
351350,3513504,Cubatão (SP),35,0.355,33141.0,0.724,563.41,Faixa 2 (R$ 15k),15000.0,0,0.7,1314777.0,103988.0,1418765.0,0.9267,42809.96,13676.5,29133.46,0.6935,0,0,0.0,0.0,1.3563983091927334
351870,3518701,Guarujá (SP),35,0.341,74666.0,0.724,548.61,Faixa 2 (R$ 15k),15000.0,0,0.7,5064193.0,85395.0,5149588.0,0.9834,68968.31,5733.48,63234.83,0.8288,0,0,0.0,0.0,1.6251064875263133
352210,3522109,Itanhaém (SP),35,0.272,16216.0,0.726,508.44,Faixa 3 (R$ 10k),10000.0,0,0.35,283932.0,128150.0,412082.0,0.689,25412.06,10113.1,15298.96,0.691,0,0,0.0,0.0,0.9124265574404091
353110,3531100,Mongaguá (SP),35,0.265,8693.0,0.729,499.27,Faixa 3 (R$ 10k),10000.0,0,0.35,37616.0,71272.0,108888.0,0.3455,12525.94,9912.8,2613.14,0.0,0,0,0.0,0.0,0.0043439865092927635
353760,3537602,Peruíbe (SP),35,0.269,12025.0,0.71,517.31,Faixa 3 (R$ 10k),10000.0,0,0.35,143622.0,78669.0,222291.0,0.6461,18485.74,9441.08,9044.66,0.0497,0,0,0.0,0.0,0.2682258257749889
354100,3541000,Praia Grande (SP),35,0.384,54739.0,0.729,588.59,Faixa 2 (R$ 15k),15000.0,0,0.7,1691020.0,140465.0,1831485.0,0.9233,33458.5,9424.21,24034.29,0.4719,0,0,0.0,0.0,0.9463497937990265
354850,3548500,Santos (SP),35,0.247,59223.0,0.773,869.69,Faixa 3 (R$ 10k),10000.0,1,0.48,2958617.0,108913.0,3067530.0,0.9645,51796.26,13355.4,38440.86,0.9527,12720,2067,175695.0,174.72,1.6916966439817955
355100,3551009,São Vicente (SP),35,0.349,77721.0,0.74,605.2,Faixa 2 (R$ 15k),15000.0,0,0.7,582937.0,601357.0,1184294.0,0.4922,15237.76,5119.49,10118.27,0.5396,0,0,0.0,0.0,0.42624661360370275
350160,3501608,Americana (SP),35,0.172,20928.0,0.751,703.47,Faixa 3 (R$ 10k),10000.0,0,0.35,2226061.0,67911.0,2293972.0,0.9704,109612.58,13224.68,96387.9,0.6893,0,0,0.0,0.0,2.222062085468473
350380,3503802,Artur Nogueira (SP),35,0.313,6970.0,0.731,578.61,Faixa 2 (R$ 15k),15000.0,0,0.7,25071.0,36106.0,61177.0,0.4098,8777.19,4153.66,4623.53,0.0,0,0,0.0,0.0,-0.15889003466135104
350950,3509502,Campinas (SP),35,0.332,168566.0,0.748,706.54,Faixa 2 (R$ 15k),15000.0,1,0.88,8667847.0,200191.0,8868038.0,0.9774,52608.7,10034.63,42574.07,0.9692,0,2028,172380.0,349.44,1.6361609802222923
351280,3512803,Cosmópolis (SP),35,0.253,10741.0,0.733,633.03,Faixa 3 (R$ 10k),10000.0,0,0.35,103338.0,43562.0,146900.0,0.7035,13676.57,8102.13,5574.43,0.3521,0,0,0.0,0.0,0.44516218849257483
351515,3515152,Engenheiro Coelho (SP),35,0.426,2790.0,0.675,474.12,Faixa 1 (R$ 20k),20000.0,0,0.8,15879.0,45880.0,61759.0,0.2571,22135.84,10178.85,11956.99,0.0,0,0,0.0,0.0,0.0876402824511229
351905,3519055,Holambra (SP),35,0.191,1537.0,0.694,605.63,Faixa 3 (R$ 10k),10000.0,0,0.35,5628.0,15174.0,20802.0,0.2706,13534.16,5952.5,7581.65,0.0,0,0,0.0,0.0,-0.12514809901867066
351907,3519071,Hortolândia (SP),35,0.346,43126.0,0.741,572.86,Faixa 2 (R$ 15k),15000.0,0,0.7,545991.0,316416.0,862407.0,0.6331,19997.38,5950.12,14047.26,0.3744,0,0,0.0,0.0,0.4510370512622301
352050,3520509,Indaiatuba (SP),35,0.177,28576.0,0.755,737.93,Faixa 3 (R$ 10k),10000.0,0,0.35,4350428.0,44259.0,4394687.0,0.9899,153789.44,20118.28,133671.16,0.9195,0,0,0.0,0.0,3.1630774780091224
352340,3523404,Itatiba (SP),35,0.187,11785.0,0.733,654.5,Faixa 3 (R$ 10k),10000.0,0,0.35,701833.0,73982.0,775815.0,0.9046,65830.72,14576.33,51254.39,0.6867,0,0,0.0,0.0,1.6580325187644385
352470,3524709,Jaguariúna (SP),35,0.187,5535.0,0.749,690.25,Faixa 3 (R$ 10k),10000.0,0,0.35,1036844.0,27113.0,1063957.0,0.9745,192223.49,35564.23,156659.26,0.7005,0,0,0.0,0.0,3.87270976350932
353180,3531803,Monte Mor (SP),35,0.385,10010.0,0.699,495.47,Faixa 2 (R$ 15k),15000.0,0,0.7,162837.0,41420.0,204257.0,0.7972,20405.29,5421.88,14983.42,0.2907,0,0,0.0,0.0,0.46252904230004493
353340,3533403,Nova Odessa (SP),35,0.304,6917.0,0.762,679.94,Faixa 2 (R$ 15k),15000.0,0,0.7,291403.0,38657.0,330060.0,0.8829,47717.22,8893.6,38823.62,0.3077,0,0,0.0,0.0,0.9622896710035642
353650,3536505,Paulínia (SP),35,0.3,13844.0,0.756,789.41,Faixa 3 (R$ 10k),10000.0,0,0.35,121236.0,24388.0,145624.0,0.8325,10518.93,4036.19,6482.74,0.8395,0,0,0.0,0.0,0.7592433743532835
353710,3537107,Pedreira (SP),35,0.17,5490.0,0.728,547.83,Faixa 3 (R$ 10k),10000.0,0,0.35,178918.0,61127.0,240045.0,0.7454,43724.04,11512.57,32211.48,0.411,0,0,0.0,0.0,0.9888362556241376
354580,3545803,Santa Bárbara D'Oeste (SP),35,0.255,23814.0,0.749,665.55,Faixa 3 (R$ 10k),10000.0,0,0.35,820510.0,127626.0,948136.0,0.8654,39814.23,6379.15,33435.08,0.7704,0,0,0.0,0.0,1.1580056589185244
354800,3548005,Santo Antônio de Posse (SP),35,0.227,2860.0,0.664,465.52,Faixa 3 (R$ 10k),10000.0,0,0.35,193213.0,31683.0,224896.0,0.8591,78634.97,11633.92,67001.05,0.0,0,0,0.0,0.0,1.1704183182936871
355240,3552403,Sumaré (SP),35,0.339,47438.0,0.733,604.18,Faixa 2 (R$ 15k),15000.0,0,0.7,1173711.0,195039.0,1368750.0,0.8575,28853.45,4857.46,23995.99,0.5603,0,0,0.0,0.0,0.8049183453600104
355620,3556206,Valinhos (SP),35,0.16,9372.0,0.75,739.91,Faixa 3 (R$ 10k),10000.0,0,0.35,323887.0,50780.0,374667.0,0.8645,39977.27,9668.59,30308.69,0.6708,0,0,0.0,0.0,1.1648815361155536
355670,3556701,Vinhedo (SP),35,0.167,7710.0,0.77,796.13,Faixa 3 (R$ 10k),10000.0,0,0.35,215432.0,29111.0,244543.0,0.881,31717.64,15496.37,16221.27,0.8924,0,0,0.0,0.0,1.396653223383273
350075,3500758,Alambari (SP),35,0.246,481.0,0.691,398.26,Faixa 3 (R$ 10k),10000.0,0,0.35,48798.0,16938.0,65736.0,0.7423,136665.28,24076.92,112588.36,0.0,0,0,0.0,0.0,2.17580303530731
350115,3501152,Alumínio (SP),35,0.309,2789.0,0.77,675.08,Faixa 2 (R$ 15k),15000.0,0,0.7,5950.0,21698.0,27648.0,0.2152,9913.23,5847.97,4065.26,0.0,0,0,0.0,0.0,-0.20376820731124154
350275,3502754,Araçariguama (SP),35,0.278,3414.0,0.683,508.31,Faixa 3 (R$ 10k),10000.0,0,0.35,17241.0,30602.0,47843.0,0.3604,14013.77,7326.6,6687.17,0.0,0,0,0.0,0.0,-0.0356727885113577
350290,3502903,Araçoiaba da Serra (SP),35,0.255,3203.0,0.718,532.63,Faixa 3 (R$ 10k),10000.0,0,0.35,18485.0,56585.0,75070.0,0.2462,23437.4,11192.32,12245.08,0.0,0,0,0.0,0.0,0.12482570573178908
350700,3507001,Boituva (SP),35,0.222,6311.0,0.738,599.47,Faixa 3 (R$ 10k),10000.0,0,0.35,507479.0,36278.0,543757.0,0.9333,86160.2,10248.77,75911.42,0.5326,0,0,0.0,0.0,1.6983090714574405
351030,3510302,Capela do Alto (SP),35,0.376,1756.0,0.661,428.22,Faixa 2 (R$ 15k),15000.0,0,0.7,46257.0,21177.0,67434.0,0.686,38402.05,9046.7,29355.35,0.0,0,0,0.0,0.0,0.49494365164341064
351150,3511508,Cerquilho (SP),35,0.145,3841.0,0.75,672.98,Faixa 3 (R$ 10k),10000.0,0,0.35,148022.0,43602.0,191624.0,0.7725,49889.09,10639.68,39249.41,0.2243,0,0,0.0,0.0,0.9097934106897385
351160,3511607,Cesário Lange (SP),35,0.44,1100.0,0.656,502.33,Faixa 1 (R$ 20k),20000.0,0,0.8,22514.0,20657.0,43171.0,0.5215,39246.36,27809.09,11437.27,0.1919,0,0,0.0,0.0,1.0588239478371366
351970,3519709,Ibiúna (SP),35,0.229,3284.0,0.738,529.32,Faixa 3 (R$ 10k),10000.0,0,0.35,6308.0,107473.0,113781.0,0.0554,34647.08,16130.94,18516.14,0.417,0,0,0.0,0.0,0.6302955204398714
352100,3521002,Iperó (SP),35,0.232,2854.0,0.724,490.99,Faixa 3 (R$ 10k),10000.0,0,0.35,22687.0,51640.0,74327.0,0.3052,26043.1,11971.62,14071.48,0.0,0,0,0.0,0.0,0.20981512228688398
352390,3523909,Itu (SP),35,0.23,20442.0,0.735,650.19,Faixa 3 (R$ 10k),10000.0,0,0.35,411671.0,88899.0,500570.0,0.8224,24487.33,10765.68,13721.65,0.7661,0,0,0.0,0.0,1.0486539843877318
352585,3525854,Jumirim (SP),35,0.136,219.0,0.682,466.68,Faixa 3 (R$ 10k),10000.0,0,0.35,28.0,6848.0,6876.0,0.0041,31397.26,13968.04,17429.22,0.0,0,0,0.0,0.0,0.17033944734481055
352840,3528403,Mairinque (SP),35,0.329,6313.0,0.739,587.35,Faixa 2 (R$ 15k),15000.0,0,0.7,1255647.0,68261.0,1323908.0,0.9484,209711.39,10912.88,198798.51,0.0,0,0,0.0,0.0,2.881772675703248
353780,3537800,Piedade (SP),35,0.294,5066.0,0.669,428.19,Faixa 3 (R$ 10k),10000.0,0,0.35,43946.0,59757.0,103703.0,0.4238,20470.39,8379.19,12091.2,0.4116,0,0,0.0,0.0,0.43876118498491623
353790,3537909,Pilar do Sul (SP),35,0.285,2619.0,0.666,452.13,Faixa 3 (R$ 10k),10000.0,0,0.35,35121.0,41301.0,76422.0,0.4596,29179.84,12708.67,16471.17,0.3216,0,0,0.0,0.0,0.6095086230936297
354060,3540606,Porto Feliz (SP),35,0.269,4853.0,0.713,510.21,Faixa 3 (R$ 10k),10000.0,0,0.35,265156.0,29226.0,294382.0,0.9007,60659.8,19833.3,40826.5,0.7671,0,0,0.0,0.0,1.790412426204196
354520,3545209,Salto (SP),35,0.265,15556.0,0.745,605.22,Faixa 3 (R$ 10k),10000.0,0,0.35,99488.0,86429.0,185917.0,0.5351,11951.47,8549.5,3401.97,0.6658,0,0,0.0,0.0,0.5971136793101595
354530,3545308,Salto de Pirapora (SP),35,0.436,4841.0,0.682,445.81,Faixa 1 (R$ 20k),20000.0,0,0.8,22609.0,67025.0,89634.0,0.2522,18515.6,9050.61,9464.99,0.4247,0,0,0.0,0.0,0.35043437290107055
355110,3551108,Sarapuí (SP),35,0.231,1098.0,0.727,499.64,Faixa 3 (R$ 10k),10000.0,0,0.35,186782.0,18590.0,205372.0,0.9095,187041.89,22051.91,164989.98,0.0,0,0,0.0,0.0,2.858813168460787
355220,3552205,Sorocaba (SP),35,0.335,70192.0,0.753,642.1,Faixa 2 (R$ 15k),15000.0,1,0.88,13619759.0,133945.0,13753704.0,0.9903,195944.04,9440.73,186503.31,0.9656,10530,1521,129285.0,120.96,3.464699459025449
355020,3550209,São Miguel Arcanjo (SP),35,0.315,2670.0,0.668,444.54,Faixa 2 (R$ 15k),15000.0,0,0.7,72694.0,37723.0,110417.0,0.6584,41354.68,18677.15,22677.53,0.28,0,0,0.0,0.0,0.9926845706362535
355060,3550605,São Roque (SP),35,0.317,10937.0,0.718,604.34,Faixa 2 (R$ 15k),15000.0,0,0.7,341695.0,100873.0,442568.0,0.7721,40465.21,7907.2,32558.01,0.4845,0,0,0.0,0.0,0.9267741940009462
355350,3553500,Tapiraí (SP),35,0.364,893.0,0.664,391.92,Faixa 2 (R$ 15k),15000.0,0,0.7,11518.0,11117.0,22635.0,0.5089,25347.14,11534.15,13812.99,0.0,0,0,0.0,0.0,0.29775231506846583
355400,3554003,Tatuí (SP),35,0.227,9439.0,0.72,556.52,Faixa 3 (R$ 10k),10000.0,0,0.35,608263.0,84260.0,692523.0,0.8783,73368.26,17072.47,56295.79,0.6149,0,0,0.0,0.0,1.747847637197875
355450,3554508,Tietê (SP),35,0.235,3728.0,0.721,569.14,Faixa 3 (R$ 10k),10000.0,0,0.35,14354.0,24574.0,38928.0,0.3687,10442.06,7896.19,2545.87,0.4923,0,0,0.0,0.0,0.33305716241622424
355700,3557006,Votorantim (SP),35,0.289,11529.0,0.746,548.95,Faixa 3 (R$ 10k),10000.0,0,0.35,2418968.0,367374.0,2786342.0,0.8682,241681.15,18599.79,223081.36,0.5741,0,0,0.0,0.0,3.9099012768316492
350390,3503901,Arujá (SP),35,0.272,15137.0,0.739,553.33,Faixa 3 (R$ 10k),10000.0,0,0.35,586671.0,98583.0,685254.0,0.8561,45270.13,8184.12,37086.01,0.192,0,0,0.0,0.0,0.8053229539999472
350570,3505708,Barueri (SP),35,0.341,55535.0,0.736,591.92,Faixa 2 (R$ 15k),15000.0,0,0.7,1795162.0,148394.0,1943556.0,0.9236,34996.96,18701.07,16295.89,0.8738,0,0,0.0,0.0,1.5295017925955996
350660,3506607,Biritiba-Mirim (SP),35,0.341,3707.0,0.681,417.25,Faixa 2 (R$ 15k),15000.0,0,0.7,148056.0,69131.0,217187.0,0.6817,58588.35,13210.14,45378.2,0.0,0,0,0.0,0.0,0.859698297068683
350900,3509007,Caieiras (SP),35,0.332,16643.0,0.766,587.27,Faixa 2 (R$ 15k),15000.0,0,0.7,3391279.0,110552.0,3501831.0,0.9684,210408.64,9240.64,201168.0,0.1009,0,0,0.0,0.0,2.9390464664626257
350920,3509205,Cajamar (SP),35,0.281,14053.0,0.722,564.52,Faixa 3 (R$ 10k),10000.0,0,0.35,1046471.0,57180.0,1103651.0,0.9482,78534.9,26691.03,51843.88,0.2083,0,0,0.0,0.0,1.7740296626083398
351060,3510609,Carapicuíba (SP),35,0.348,90343.0,0.735,575.34,Faixa 2 (R$ 15k),15000.0,0,0.7,163490.0,517589.0,681079.0,0.24,7538.81,4029.42,3509.39,0.5229,0,0,0.0,0.0,0.15177618451996322
351300,3513009,Cotia (SP),35,0.342,40868.0,0.741,608.3,Faixa 2 (R$ 15k),15000.0,1,0.88,475711.0,376956.0,852667.0,0.5579,20863.93,5493.39,15370.53,0.6305,10530,1521,129285.0,120.96,0.6160703046332465
351380,3513801,Diadema (SP),35,0.341,97351.0,0.745,587.89,Faixa 2 (R$ 15k),15000.0,0,0.7,783922.0,832434.0,1616356.0,0.485,16603.38,5199.54,11403.85,0.522,0,0,0.0,0.0,0.4278908752524999
351500,3515004,Embu (SP),35,0.353,66802.0,0.728,513.78,Faixa 2 (R$ 15k),15000.0,0,0.7,2598799.0,459036.0,3057835.0,0.8499,45774.6,6081.67,39692.93,0.1172,0,0,0.0,0.0,0.6939342541617786
351510,3515103,Embu-Guaçu (SP),35,0.4,13487.0,0.728,473.21,Faixa 2 (R$ 15k),15000.0,0,0.7,169407.0,89891.0,259298.0,0.6533,19225.77,4818.94,14406.84,0.0201,0,0,0.0,0.0,0.13797616176990407
351570,3515707,Ferraz de Vasconcelos (SP),35,0.341,41772.0,0.737,504.7,Faixa 2 (R$ 15k),15000.0,0,0.7,179835.0,185656.0,365491.0,0.492,8749.66,4097.43,4652.23,0.3514,0,0,0.0,0.0,0.16520418646527166
351630,3516309,Francisco Morato (SP),35,0.394,43872.0,0.702,442.96,Faixa 2 (R$ 15k),15000.0,0,0.7,177428.0,327041.0,504469.0,0.3517,11498.66,3865.68,7632.98,0.3914,0,0,0.0,0.0,0.1520829435735876
351640,3516408,Franco da Rocha (SP),35,0.366,28116.0,0.72,509.83,Faixa 2 (R$ 15k),15000.0,0,0.7,116145.0,466077.0,582222.0,0.1995,20707.85,6171.4,14536.46,0.3513,0,0,0.0,0.0,0.21700152040682436
351830,3518305,Guararema (SP),35,0.263,3290.0,0.718,513.87,Faixa 3 (R$ 10k),10000.0,0,0.35,76328.0,50729.0,127057.0,0.6007,38619.15,18009.12,20610.03,0.2448,0,0,0.0,0.0,0.8813310573085795
351880,3518800,Guarulhos (SP),35,0.365,274930.0,0.739,595.18,Faixa 2 (R$ 15k),15000.0,10,0.88,15427905.0,568911.0,15996816.0,0.9644,58185.05,5318.4,52866.65,0.7202,116730,16536,1405560.0,1451.52,1.378606433860194
352220,3522208,Itapecerica da Serra (SP),35,0.372,37964.0,0.723,490.21,Faixa 2 (R$ 15k),15000.0,0,0.7,78886.0,276524.0,355410.0,0.222,9361.76,4197.42,5164.34,0.618,0,0,0.0,0.0,0.24635217166155027
352250,3522505,Itapevi (SP),35,0.377,53936.0,0.716,477.1,Faixa 2 (R$ 15k),15000.0,0,0.7,240345.0,183032.0,423377.0,0.5677,7849.62,3866.04,3983.57,0.5219,0,0,0.0,0.0,0.3248093493420603
352310,3523107,Itaquaquecetuba (SP),35,0.41,91122.0,0.704,438.3,Faixa 1 (R$ 20k),20000.0,0,0.8,459631.0,500306.0,959937.0,0.4788,10534.63,2813.49,7721.14,0.4681,0,0,0.0,0.0,0.24155883491709237
352500,3525003,Jandira (SP),35,0.333,26215.0,0.738,593.29,Faixa 2 (R$ 15k),15000.0,1,0.88,101887.0,136808.0,238695.0,0.4269,9105.28,4356.13,4749.15,0.0192,12720,2067,175695.0,174.72,-0.12492563499730495
352620,3526209,Juquitiba (SP),35,0.384,3734.0,0.715,505.61,Faixa 2 (R$ 15k),15000.0,0,0.7,12802.0,71767.0,84569.0,0.1514,22648.37,10261.11,12387.25,0.0,0,0,0.0,0.0,0.040201459143956675
352850,3528502,Mairiporã (SP),35,0.285,11232.0,0.728,538.0,Faixa 3 (R$ 10k),10000.0,0,0.35,140217.0,69428.0,209645.0,0.6688,18664.98,8419.96,10245.01,0.0847,0,0,0.0,0.0,0.28423065261580355
352940,3529401,Mauá (SP),35,0.364,88718.0,0.74,568.78,Faixa 2 (R$ 15k),15000.0,0,0.7,5361208.0,828325.0,6189533.0,0.8662,69766.37,6524.35,63242.03,0.4679,0,0,0.0,0.0,1.3037214298860504
353060,3530607,Mogi das Cruzes (SP),35,0.325,60162.0,0.742,564.1,Faixa 2 (R$ 15k),15000.0,0,0.7,861584.0,194303.0,1055887.0,0.816,17550.73,10447.03,7103.7,0.7973,0,0,0.0,0.0,0.97301058886983
353440,3534401,Osasco (SP),35,0.354,136263.0,0.741,652.61,Faixa 2 (R$ 15k),15000.0,1,0.88,7153359.0,485251.0,7638610.0,0.9365,56057.84,10168.31,45889.53,0.5446,10530,1521,129285.0,120.96,1.32114317732091
353910,3539103,Pirapora do Bom Jesus (SP),35,0.367,4311.0,0.719,538.38,Faixa 2 (R$ 15k),15000.0,0,0.7,257485.0,33936.0,291421.0,0.8835,67599.4,4670.61,62928.79,0.0,0,0,0.0,0.0,0.8612384155906518
353980,3539806,Poá (SP),35,0.329,24110.0,0.764,557.45,Faixa 2 (R$ 15k),15000.0,0,0.7,22707.0,140494.0,163201.0,0.1391,6769.02,4496.72,2272.29,0.0,0,0,0.0,0.0,-0.3195785411806826
354330,3543303,Ribeirão Pires (SP),35,0.322,19224.0,0.773,691.02,Faixa 2 (R$ 15k),15000.0,0,0.7,3061884.0,247420.0,3309304.0,0.9252,172144.4,17391.7,154752.7,0.161,0,0,0.0,0.0,2.6844427775223805
354410,3544103,Rio Grande da Serra (SP),35,0.337,11634.0,0.752,494.13,Faixa 2 (R$ 15k),15000.0,0,0.7,478913.0,293656.0,772569.0,0.6199,66406.14,5651.19,60754.94,0.0,0,0,0.0,0.0,0.7313061341939623
354500,3545001,Salesópolis (SP),35,0.309,1296.0,0.66,389.88,Faixa 2 (R$ 15k),15000.0,0,0.7,6551.0,35408.0,41959.0,0.1561,32375.77,20690.59,11685.19,0.0,0,0,0.0,0.0,0.4378859622366303
354680,3546801,Santa Isabel (SP),35,0.256,5716.0,0.732,508.36,Faixa 3 (R$ 10k),10000.0,0,0.35,207078.0,89893.0,296971.0,0.6973,51954.34,17155.0,34799.34,0.4629,0,0,0.0,0.0,1.2568650994997186
354730,3547304,Santana de Parnaíba (SP),35,0.331,21601.0,0.725,567.92,Faixa 2 (R$ 15k),15000.0,0,0.7,730780.0,189906.0,920686.0,0.7937,42622.38,19160.04,23462.34,0.1214,0,0,0.0,0.0,0.965963048609782
354780,3547809,Santo André (SP),35,0.331,93783.0,0.763,722.78,Faixa 2 (R$ 15k),15000.0,8,0.88,2894670.0,387502.0,3282172.0,0.8819,34997.52,14257.38,20740.13,0.8509,83610,12402,1054170.0,1128.96,1.3737893527183525
355250,3552502,Suzano (SP),35,0.383,57182.0,0.735,491.69,Faixa 2 (R$ 15k),15000.0,0,0.7,1355075.0,528654.0,1883729.0,0.7194,32942.69,7088.91,25853.78,0.3299,0,0,0.0,0.0,0.6568324038530351
354870,3548708,São Bernardo do Campo (SP),35,0.329,126272.0,0.767,763.78,Faixa 2 (R$ 15k),15000.0,0,0.7,11375720.0,249735.0,11625455.0,0.9785,92066.77,12496.48,79570.29,0.765,0,0,0.0,0.0,2.0430595038348947
354880,3548807,São Caetano do Sul (SP),35,0.141,9855.0,0.797,1209.2,Faixa 3 (R$ 10k),10000.0,0,0.35,1360071.0,85256.0,1445327.0,0.941,146659.26,65458.04,81201.22,0.7771,0,0,0.0,0.0,4.1063469150593095
354995,3549953,São Lourenço da Serra (SP),35,0.302,2218.0,0.732,521.41,Faixa 2 (R$ 15k),15000.0,0,0.7,261699.0,25985.0,287684.0,0.9097,129704.24,17796.66,111907.57,0.0,0,0,0.0,0.0,2.012595499905552
355030,3550308,São Paulo (SP),35,0.339,2105551.0,0.744,704.8,Faixa 2 (R$ 15k),15000.0,1,0.88,64543901.0,1766342.0,66310243.0,0.9734,31493.06,10717.33,20775.73,0.9663,9300,1209,102765.0,67.2,1.3783438487380313
355280,3552809,Taboão da Serra (SP),35,0.321,62108.0,0.748,627.55,Faixa 2 (R$ 15k),15000.0,0,0.7,500779.0,334799.0,835578.0,0.5993,13453.63,6568.94,6884.68,0.5539,0,0,0.0,0.0,0.5092911856499128
355645,3556453,Vargem Grande Paulista (SP),35,0.279,7774.0,0.736,563.36,Faixa 3 (R$ 10k),10000.0,0,0.35,1514503.0,72013.0,1586516.0,0.9546,204079.75,18940.83,185138.92,0.0,0,0,0.0,0.0,3.0208480340345334
350250,3502507,Aparecida (SP),35,0.24,5154.0,0.713,535.93,Faixa 3 (R$ 10k),10000.0,0,0.35,22250.0,23164.0,45414.0,0.4899,8811.41,6964.11,1847.3,0.4775,0,0,0.0,0.0,0.3404633829219329
350315,3503158,Arapeí (SP),35,0.245,395.0,0.693,359.91,Faixa 3 (R$ 10k),10000.0,0,0.35,1943.0,6188.0,8131.0,0.239,20584.81,17316.46,3268.35,0.0,0,0,0.0,0.0,0.24311256166318523
350350,3503505,Areias (SP),35,0.28,567.0,0.693,318.17,Faixa 3 (R$ 10k),10000.0,0,0.35,4664.0,6692.0,11356.0,0.4107,20028.22,11465.61,8562.61,0.0,0,0,0.0,0.0,0.17553188821269453
350490,3504909,Bananal (SP),35,0.264,1884.0,0.691,402.26,Faixa 3 (R$ 10k),10000.0,0,0.35,10240.0,8647.0,18887.0,0.5422,10024.95,3780.79,6244.16,0.0,0,0,0.0,0.0,-0.08220337927985999
350860,3508603,Cachoeira Paulista (SP),35,0.196,3753.0,0.73,551.82,Faixa 3 (R$ 10k),10000.0,0,0.35,16212.0,39150.0,55362.0,0.2928,14751.4,9584.6,5166.8,0.0,0,0,0.0,0.0,-0.0035900606515572144
350970,3509700,Campos do Jordão (SP),35,0.319,4190.0,0.713,526.11,Faixa 2 (R$ 15k),15000.0,0,0.7,253384.0,27421.0,280805.0,0.9023,67017.9,10587.11,56430.79,0.4708,0,0,0.0,0.0,1.395247578940772
350995,3509957,Canas (SP),35,0.257,899.0,0.679,349.94,Faixa 3 (R$ 10k),10000.0,0,0.35,42.0,11233.0,11275.0,0.0037,12541.71,7378.2,5163.52,0.0,0,0,0.0,0.0,-0.2427185069334096
351050,3510500,Caraguatatuba (SP),35,0.238,15029.0,0.725,571.37,Faixa 3 (R$ 10k),10000.0,1,0.48,3155773.0,30081.0,3185854.0,0.9906,211980.44,21617.81,190362.63,0.8788,9600,1560,132600.0,107.52,3.9166131949948424
350850,3508504,Caçapava (SP),35,0.216,9744.0,0.741,613.75,Faixa 3 (R$ 10k),10000.0,0,0.35,212714.0,66296.0,279010.0,0.7624,28634.03,14157.84,14476.19,0.4639,0,0,0.0,0.0,0.915209570893006
351340,3513405,Cruzeiro (SP),35,0.269,10035.0,0.735,480.79,Faixa 3 (R$ 10k),10000.0,0,0.35,76570.0,43583.0,120153.0,0.6373,11973.39,8031.59,3941.8,0.5591,0,0,0.0,0.0,0.5525626449141552
351360,3513603,Cunha (SP),35,0.306,3013.0,0.639,331.54,Faixa 2 (R$ 15k),15000.0,0,0.7,92996.0,21877.0,114873.0,0.8096,38125.79,9435.45,28690.34,0.3583,0,0,0.0,0.0,0.8549128047881803
351840,3518404,Guaratinguetá (SP),35,0.196,15813.0,0.75,563.49,Faixa 3 (R$ 10k),10000.0,0,0.35,118685.0,77302.0,195987.0,0.6056,12394.04,8146.59,4247.45,0.6821,0,0,0.0,0.0,0.6428949494066027
352020,3520202,Igaratá (SP),35,0.307,1145.0,0.682,408.28,Faixa 2 (R$ 15k),15000.0,0,0.7,465177.0,26503.0,491680.0,0.9461,429414.85,22712.66,406702.18,0.0,0,0,0.0,0.0,6.006680242814342
352040,3520400,Ilhabela (SP),35,0.256,6698.0,0.746,557.77,Faixa 3 (R$ 10k),10000.0,0,0.35,138038.0,20613.0,158651.0,0.8701,23686.32,11794.71,11891.61,0.7366,0,0,0.0,0.0,1.0666880403169845
352440,3524402,Jacareí (SP),35,0.263,29593.0,0.74,615.22,Faixa 3 (R$ 10k),10000.0,0,0.35,4209479.0,89315.0,4298794.0,0.9792,145263.88,25696.55,119567.33,0.7617,0,0,0.0,0.0,3.0657915636591726
352490,3524907,Jambeiro (SP),35,0.201,585.0,0.676,430.57,Faixa 3 (R$ 10k),10000.0,0,0.35,52.0,14496.0,14548.0,0.0036,24868.38,16114.53,8753.85,0.0,0,0,0.0,0.0,0.14189802629040052
352630,3526308,Lagoinha (SP),35,0.272,1570.0,0.717,509.99,Faixa 3 (R$ 10k),10000.0,0,0.35,0.0,12537.0,12537.0,0.0,7985.35,6486.62,1498.73,0.0,0,0,0.0,0.0,-0.32628188552685355
352660,3526605,Lavrinhas (SP),35,0.269,921.0,0.709,327.32,Faixa 3 (R$ 10k),10000.0,0,0.35,1212.0,10769.0,11981.0,0.1012,13008.69,10093.38,2915.31,0.0,0,0,0.0,0.0,-0.11455598655891439
352720,3527207,Lorena (SP),35,0.243,14033.0,0.725,533.01,Faixa 3 (R$ 10k),10000.0,0,0.35,214975.0,42065.0,257040.0,0.8363,18316.82,10361.01,7955.82,0.5499,0,0,0.0,0.0,0.7926915116286276
353170,3531704,Monteiro Lobato (SP),35,0.291,539.0,0.626,378.83,Faixa 3 (R$ 10k),10000.0,0,0.35,207.0,12852.0,13059.0,0.0159,24228.2,20795.92,3432.28,0.0,0,0,0.0,0.0,0.2615497845945666
353230,3532306,Natividade da Serra (SP),35,0.421,708.0,0.603,336.21,Faixa 1 (R$ 20k),20000.0,0,0.8,0.0,21938.0,21938.0,0.0,30985.88,15817.8,15168.08,0.0,0,0,0.0,0.0,0.21082403076563888
353560,3535606,Paraibuna (SP),35,0.305,1738.0,0.678,509.41,Faixa 2 (R$ 15k),15000.0,0,0.7,103842.0,46751.0,150593.0,0.6896,86647.3,22136.94,64510.36,0.0,0,0,0.0,0.0,1.4554539581728785
353800,3538006,Pindamonhangaba (SP),35,0.256,23825.0,0.737,563.63,Faixa 3 (R$ 10k),10000.0,0,0.35,2497806.0,73652.0,2571458.0,0.9714,107931.08,7224.85,100706.23,0.6141,0,0,0.0,0.0,1.9851009144075804
353850,3538501,Piquete (SP),35,0.276,2547.0,0.736,515.33,Faixa 3 (R$ 10k),10000.0,0,0.35,1942.0,17660.0,19602.0,0.0991,7696.11,5921.87,1774.24,0.0,0,0,0.0,0.0,-0.29198837684101653
354075,3540754,Potim (SP),35,0.238,2668.0,0.695,439.95,Faixa 3 (R$ 10k),10000.0,0,0.35,133204.0,20837.0,154041.0,0.8647,57736.51,8794.6,48941.9,0.0,0,0,0.0,0.0,0.8315317429387757
354190,3541901,Queluz (SP),35,0.349,1902.0,0.708,400.18,Faixa 2 (R$ 15k),15000.0,0,0.7,8442.0,8826.0,17268.0,0.4889,9078.86,7404.31,1674.55,0.0,0,0,0.0,0.0,-0.028745278350627256
354230,3542305,Redenção da Serra (SP),35,0.329,1106.0,0.702,465.04,Faixa 2 (R$ 15k),15000.0,0,0.7,2744.0,11410.0,14154.0,0.1939,12797.47,6421.34,6376.13,0.0,0,0,0.0,0.0,-0.16319772939366586
354430,3544301,Roseira (SP),35,0.273,1748.0,0.73,489.98,Faixa 3 (R$ 10k),10000.0,0,0.35,27290.0,41196.0,68486.0,0.3985,39179.63,15677.92,23501.72,0.0,0,0,0.0,0.0,0.5240719694075813
354600,3546009,Santa Branca (SP),35,0.304,1633.0,0.692,444.26,Faixa 2 (R$ 15k),15000.0,0,0.7,0.0,49662.0,49662.0,0.0,30411.51,20222.29,10189.22,0.0,0,0,0.0,0.0,0.3176096667871243
354820,3548203,Santo Antônio do Pinhal (SP),35,0.31,494.0,0.611,357.44,Faixa 2 (R$ 15k),15000.0,0,0.7,41.0,11770.0,11811.0,0.0035,23908.91,17449.39,6459.51,0.0,0,0,0.0,0.0,0.16412614665327668
355200,3552007,Silveiras (SP),35,0.264,473.0,0.678,353.8,Faixa 3 (R$ 10k),10000.0,0,0.35,7655.0,9885.0,17540.0,0.4364,37082.45,34238.9,2843.55,0.0,0,0,0.0,0.0,0.9983608134699669
354860,3548609,São Bento do Sapucaí (SP),35,0.269,2580.0,0.798,951.47,Faixa 3 (R$ 10k),10000.0,0,0.35,17889.0,15040.0,32929.0,0.5433,12763.18,7038.76,5724.42,0.064,0,0,0.0,0.0,0.08937726952006601
354960,3549607,São José do Barreiro (SP),35,0.393,673.0,0.616,282.67,Faixa 2 (R$ 15k),15000.0,0,0.7,3911.0,4846.0,8757.0,0.4466,13011.89,8297.18,4714.71,0.0,0,0,0.0,0.0,0.022413713882566244
354990,3549904,São José dos Campos (SP),35,0.249,77475.0,0.767,738.43,Faixa 3 (R$ 10k),10000.0,0,0.35,5459950.0,89102.0,5549052.0,0.9839,71623.78,39516.79,32106.99,0.9766,0,0,0.0,0.0,2.6537903884477276
355000,3550001,São Luís do Paraitinga (SP),35,0.23,3136.0,0.744,615.8,Faixa 3 (R$ 10k),10000.0,0,0.35,583.0,20439.0,21022.0,0.0277,6703.44,4333.23,2370.22,0.0,0,0,0.0,0.0,-0.3838357424806547
355070,3550704,São Sebastião (SP),35,0.255,15876.0,0.737,583.27,Faixa 3 (R$ 10k),10000.0,0,0.35,132379.0,180347.0,312726.0,0.4233,19698.03,9204.02,10494.02,0.4966,0,0,0.0,0.0,0.5182301153701977
355410,3554102,Taubaté (SP),35,0.257,29699.0,0.742,636.86,Faixa 3 (R$ 10k),10000.0,1,0.48,686497.0,58741.0,745238.0,0.9212,25093.03,13875.62,11217.41,0.8184,10260,1482,125970.0,80.64,1.2315260470507277
355480,3554805,Tremembé (SP),35,0.265,3871.0,0.716,564.59,Faixa 3 (R$ 10k),10000.0,0,0.35,17406.0,64812.0,82218.0,0.2117,21239.47,12037.46,9202.01,0.0,0,0,0.0,0.0,0.10018907847419216
355540,3555406,Ubatuba (SP),35,0.295,14824.0,0.716,491.84,Faixa 3 (R$ 10k),10000.0,0,0.35,106362.0,153069.0,259431.0,0.41,17500.74,10158.26,7342.49,0.3347,0,0,0.0,0.0,0.3776559358221169
410010,4100103,Abatiá (PR),41,0.337,784.0,0.666,429.91,Faixa 2 (R$ 15k),15000.0,0,0.7,13528.0,2754.0,16282.0,0.8309,20767.86,3000.0,17767.86,0.0,0,0,0.0,0.0,0.18882794939850758
410045,4100459,Altamira do Paraná (PR),41,0.374,500.0,0.704,531.96,Faixa 2 (R$ 15k),15000.0,0,0.7,6026.0,1954.0,7980.0,0.7551,15960.0,3218.0,12742.0,0.0,0,0,0.0,0.0,0.09249401360062062
410060,4100608,Alto Paraná (PR),41,0.345,2340.0,0.666,425.29,Faixa 2 (R$ 15k),15000.0,0,0.7,15008.0,6391.0,21399.0,0.7013,9144.87,2284.62,6860.26,0.0,0,0,0.0,0.0,-0.047762246013260005
410070,4100707,Alto Piquiri (PR),41,0.377,2105.0,0.651,417.49,Faixa 2 (R$ 15k),15000.0,0,0.7,22075.0,3272.0,25347.0,0.8709,12041.33,1248.46,10792.87,0.0,0,0,0.0,0.0,0.05265821675585305
410050,4100509,Altônia (PR),41,0.238,2485.0,0.703,517.41,Faixa 3 (R$ 10k),10000.0,0,0.35,16297.0,3822.0,20119.0,0.81,8096.18,1826.16,6270.02,0.0,0,0,0.0,0.0,-0.015363105523841996
410080,4100806,Alvorada do Sul (PR),41,0.267,1509.0,0.687,446.63,Faixa 3 (R$ 10k),10000.0,0,0.35,9053.0,6008.0,15061.0,0.6011,9980.78,3618.29,6362.49,0.0,0,0,0.0,0.0,-0.05569324148137872
410090,4100905,Amaporã (PR),41,0.375,1329.0,0.68,374.82,Faixa 2 (R$ 15k),15000.0,0,0.7,697.0,5282.0,5979.0,0.1166,4498.87,1878.86,2620.02,0.0,0,0,0.0,0.0,-0.42852396419025995
410100,4101002,Ampére (PR),41,0.296,1326.0,0.688,479.01,Faixa 3 (R$ 10k),10000.0,0,0.35,30897.0,9768.0,40665.0,0.7598,30667.42,6690.05,23977.38,0.0,0,0,0.0,0.0,0.3737784352071124
410105,4101051,Anahy (PR),41,0.278,475.0,0.684,372.71,Faixa 3 (R$ 10k),10000.0,0,0.35,6366.0,1908.0,8274.0,0.7694,17418.95,3707.37,13711.58,0.0,0,0,0.0,0.0,0.13150260118042403
410110,4101101,Andirá (PR),41,0.268,2759.0,0.692,430.9,Faixa 3 (R$ 10k),10000.0,0,0.35,40166.0,7132.0,47298.0,0.8492,17143.17,2051.47,15091.7,0.0,0,0,0.0,0.0,0.1274351173801574
410120,4101200,Antonina (PR),41,0.378,2416.0,0.668,515.43,Faixa 2 (R$ 15k),15000.0,0,0.7,19360.0,8914.0,28274.0,0.6847,11702.81,2574.92,9127.9,0.0,0,0,0.0,0.0,-0.016220494098090003
410130,4101309,Antônio Olinto (PR),41,0.411,866.0,0.636,314.93,Faixa 1 (R$ 20k),20000.0,0,0.8,7967.0,3443.0,11410.0,0.6982,13175.52,3372.98,9802.54,0.0,0,0,0.0,0.0,0.030540531746278597
410140,4101408,Apucarana (PR),41,0.329,18145.0,0.69,542.58,Faixa 2 (R$ 15k),15000.0,0,0.7,104607.0,9046.0,113653.0,0.9204,6263.6,1451.03,4812.57,0.0,0,0,0.0,0.0,0.010036328469602274
410150,4101507,Arapongas (PR),41,0.192,11482.0,0.712,600.35,Faixa 3 (R$ 10k),10000.0,0,0.35,318628.0,27325.0,345953.0,0.921,30130.03,3087.53,27042.5,0.0,0,0,0.0,0.0,0.3591401629082449
410160,4101606,Arapoti (PR),41,0.426,3585.0,0.693,449.88,Faixa 1 (R$ 20k),20000.0,0,0.8,30089.0,4811.0,34900.0,0.8621,9735.01,3226.22,6508.79,0.0,0,0,0.0,0.0,0.0696386475291734
410165,4101655,Arapuã (PR),41,0.341,626.0,0.616,285.17,Faixa 2 (R$ 15k),15000.0,0,0.7,0.0,1067.0,1067.0,0.0,1704.47,1531.95,172.52,0.0,0,0,0.0,0.0,-0.5353271073282316
410170,4101705,Araruna (PR),41,0.272,1760.0,0.701,490.33,Faixa 3 (R$ 10k),10000.0,0,0.35,8179.0,5059.0,13238.0,0.6178,7521.59,2260.8,5260.8,0.0,0,0,0.0,0.0,-0.11357436108869434
410185,4101853,Ariranha do Ivaí (PR),41,0.309,1224.0,0.691,421.53,Faixa 2 (R$ 15k),15000.0,0,0.7,4619.0,693.0,5312.0,0.8695,4339.87,517.97,3821.9,0.0,0,0,0.0,0.0,-0.06588112982252352
410190,4101903,Assaí (PR),41,0.342,2548.0,0.694,418.84,Faixa 2 (R$ 15k),15000.0,0,0.7,14838.0,8016.0,22854.0,0.6493,8969.39,3262.17,5707.22,0.0,0,0,0.0,0.0,-0.052301584063177586
410200,4102000,Assis Chateaubriand (PR),41,0.256,4981.0,0.693,468.11,Faixa 3 (R$ 10k),10000.0,0,0.35,30924.0,16876.0,47800.0,0.6469,9596.47,2530.42,7066.05,0.0,0,0,0.0,0.0,-0.0644928202543716
410210,4102109,Astorga (PR),41,0.333,3671.0,0.706,474.14,Faixa 2 (R$ 15k),15000.0,0,0.7,13859.0,6035.0,19894.0,0.6966,5419.23,2007.9,3411.33,0.0,0,0,0.0,0.0,-0.10525665950889133
410220,4102208,Atalaia (PR),41,0.281,564.0,0.702,462.52,Faixa 3 (R$ 10k),10000.0,0,0.35,12225.0,1674.0,13899.0,0.8796,24643.62,1709.22,22934.4,0.0,0,0,0.0,0.0,0.23099550794755014
410240,4102406,Bandeirantes (PR),41,0.305,5401.0,0.7,501.92,Faixa 2 (R$ 15k),15000.0,0,0.7,17295.0,10162.0,27457.0,0.6299,5083.69,1677.1,3406.59,0.0,0,0,0.0,0.0,-0.1535702950742852
410250,4102505,Barbosa Ferraz (PR),41,0.428,2200.0,0.691,409.33,Faixa 1 (R$ 20k),20000.0,0,0.8,6959.0,4482.0,11441.0,0.6083,5200.45,1701.82,3498.64,0.0,0,0,0.0,0.0,-0.1629050683890385
410270,4102703,Barra do Jacaré (PR),41,0.153,924.0,0.779,572.57,Faixa 3 (R$ 10k),10000.0,0,0.35,0.0,3582.0,3582.0,0.0,3876.62,1080.09,2796.54,0.0,0,0,0.0,0.0,-0.5191551664866194
410260,4102604,Barracão (PR),41,0.32,1084.0,0.66,532.41,Faixa 2 (R$ 15k),15000.0,0,0.7,19670.0,3699.0,23369.0,0.8417,21558.12,2653.14,18904.98,0.0,0,0,0.0,0.0,0.1957194006344011
410275,4102752,Bela Vista da Caroba (PR),41,0.346,660.0,0.616,356.81,Faixa 2 (R$ 15k),15000.0,0,0.7,19787.0,991.0,20778.0,0.9523,31481.82,1019.7,30462.12,0.0,0,0,0.0,0.0,0.33952457939274516
410280,4102802,Bela Vista do Paraíso (PR),41,0.394,2731.0,0.651,463.95,Faixa 2 (R$ 15k),15000.0,0,0.7,21181.0,7157.0,28338.0,0.7474,10376.42,2536.43,7839.99,0.0,0,0,0.0,0.0,-0.0009372337672522546
410290,4102901,Bituruna (PR),41,0.331,1500.0,0.626,327.38,Faixa 2 (R$ 15k),15000.0,0,0.7,10841.0,4435.0,15276.0,0.7097,10184.0,2398.67,7785.33,0.0,0,0,0.0,0.0,-0.027004898361514002
410300,4103008,Boa Esperança (PR),41,0.263,857.0,0.688,398.56,Faixa 3 (R$ 10k),10000.0,0,0.35,1106.0,3303.0,4409.0,0.2509,5144.69,2823.8,2320.89,0.0,0,0,0.0,0.0,-0.3243991109158154
410302,4103024,Boa Esperança do Iguaçu (PR),41,0.389,1362.0,0.698,491.58,Faixa 2 (R$ 15k),15000.0,0,0.7,1971.0,764.0,2735.0,0.7207,2008.08,361.23,1646.84,0.0,0,0,0.0,0.0,-0.17892219262631767
410304,4103040,Boa Ventura de São Roque (PR),41,0.399,971.0,0.567,288.43,Faixa 2 (R$ 15k),15000.0,0,0.7,0.0,2049.0,2049.0,0.0,2110.2,1592.17,518.02,0.0,0,0,0.0,0.0,-0.5285580659272213
410305,4103057,Boa Vista da Aparecida (PR),41,0.359,741.0,0.616,377.81,Faixa 2 (R$ 15k),15000.0,0,0.7,12920.0,4995.0,17915.0,0.7212,24176.79,4470.99,19705.8,0.0,0,0,0.0,0.0,0.2124389785349894
410315,4103156,Bom Jesus do Sul (PR),41,0.377,546.0,0.667,359.83,Faixa 2 (R$ 15k),15000.0,0,0.7,9822.0,1733.0,11555.0,0.85,21163.0,2549.45,18613.55,0.0,0,0,0.0,0.0,0.19236894012631023
410320,4103206,Bom Sucesso (PR),41,0.43,1272.0,0.656,447.34,Faixa 1 (R$ 20k),20000.0,0,0.8,13093.0,2728.0,15821.0,0.8276,12437.89,1735.85,10702.04,0.0,0,0,0.0,0.0,0.047379429643207426
410322,4103222,Bom Sucesso do Sul (PR),41,0.173,829.0,0.772,786.6,Faixa 3 (R$ 10k),10000.0,0,0.35,5876.0,11698.0,17574.0,0.3344,21199.03,7683.96,13515.08,0.0,0,0,0.0,0.0,0.05201374555715188
410330,4103305,Borrazópolis (PR),41,0.257,1153.0,0.678,484.12,Faixa 3 (R$ 10k),10000.0,0,0.35,16885.0,2680.0,19565.0,0.863,16968.78,2112.75,14856.03,0.0,0,0,0.0,0.0,0.13411565598987174
410335,4103354,Braganey (PR),41,0.269,529.0,0.675,457.57,Faixa 3 (R$ 10k),10000.0,0,0.35,9538.0,2100.0,11638.0,0.8196,22000.0,2759.92,19240.08,0.0,0,0,0.0,0.0,0.19241934657875165
410337,4103370,Brasilândia do Sul (PR),41,0.373,588.0,0.678,517.98,Faixa 2 (R$ 15k),15000.0,0,0.7,4169.0,1377.0,5546.0,0.7517,9431.97,1753.4,7678.57,0.0,0,0,0.0,0.0,-0.031071850894408937
410340,4103404,Cafeara (PR),41,0.171,1076.0,0.719,593.51,Faixa 3 (R$ 10k),10000.0,0,0.35,3505.0,2186.0,5691.0,0.6159,5289.03,1954.46,3334.57,0.0,0,0,0.0,0.0,-0.1511826645773465
410345,4103453,Cafelândia (PR),41,0.175,1924.0,0.727,547.75,Faixa 3 (R$ 10k),10000.0,0,0.35,7916.0,6402.0,14318.0,0.5529,7441.79,2357.07,5084.72,0.0,0,0,0.0,0.0,-0.14657987135082554
410347,4103479,Cafezal do Sul (PR),41,0.372,729.0,0.697,464.96,Faixa 2 (R$ 15k),15000.0,0,0.7,0.0,1397.0,1397.0,0.0,1916.32,1465.02,451.3,0.0,0,0,0.0,0.0,-0.5343423660985994
410350,4103503,Califórnia (PR),41,0.274,923.0,0.739,1022.32,Faixa 3 (R$ 10k),10000.0,0,0.35,14248.0,2341.0,16589.0,0.8589,17972.91,2056.34,15916.58,0.0,0,0,0.0,0.0,0.14336548027405221
410360,4103602,Cambará (PR),41,0.366,3047.0,0.697,402.35,Faixa 2 (R$ 15k),15000.0,0,0.7,11466.0,5769.0,17235.0,0.6653,5656.38,1303.91,4352.48,0.0,0,0,0.0,0.0,-0.13708608079043932
410380,4103800,Cambira (PR),41,0.279,770.0,0.698,500.66,Faixa 3 (R$ 10k),10000.0,0,0.35,19756.0,2650.0,22406.0,0.8817,29098.7,4496.1,24602.6,0.0,0,0,0.0,0.0,0.3615324924117424
410370,4103701,Cambé (PR),41,0.258,15477.0,0.695,535.36,Faixa 3 (R$ 10k),10000.0,0,0.35,58779.0,41195.0,99974.0,0.5879,6459.52,3114.43,3345.09,0.0,0,0,0.0,0.0,-0.12096655517080182
410390,4103909,Campina da Lagoa (PR),41,0.413,2302.0,0.685,424.15,Faixa 1 (R$ 20k),20000.0,0,0.8,10899.0,8156.0,19055.0,0.572,8277.58,2959.17,5318.42,0.0,0,0,0.0,0.0,-0.11009893170328497
410395,4103958,Campina do Simão (PR),41,0.508,344.0,0.543,248.54,Faixa 1 (R$ 20k),20000.0,0,0.8,0.0,1412.0,1412.0,0.0,4104.65,3648.26,456.4,0.0,0,0,0.0,0.0,-0.44966431915480454
410405,4104055,Campo Bonito (PR),41,0.499,550.0,0.603,332.63,Faixa 1 (R$ 20k),20000.0,0,0.8,10456.0,1944.0,12400.0,0.8432,22545.45,3772.73,18772.73,0.0,0,0,0.0,0.0,0.23820881431249763
410430,4104303,Campo Mourão (PR),41,0.241,13124.0,0.721,616.2,Faixa 3 (R$ 10k),10000.0,0,0.35,130555.0,6181.0,136736.0,0.9548,10418.77,3693.01,6725.77,0.0,0,0,0.0,0.0,0.13975882750495336
410442,4104428,Candói (PR),41,0.356,1493.0,0.63,416.67,Faixa 2 (R$ 15k),15000.0,0,0.7,7622.0,8099.0,15721.0,0.4848,10529.81,4521.77,6008.04,0.0,0,0,0.0,0.0,-0.08700943112978278
410445,4104451,Cantagalo (PR),41,0.432,1967.0,0.579,277.41,Faixa 1 (R$ 20k),20000.0,0,0.8,4327.0,3930.0,8257.0,0.524,4197.76,1685.82,2511.95,0.0,0,0,0.0,0.0,-0.2209730724678373
410450,4104501,Capanema (PR),41,0.216,1045.0,0.703,575.05,Faixa 3 (R$ 10k),10000.0,0,0.35,20675.0,7534.0,28209.0,0.7329,26994.26,4135.89,22858.37,0.0,0,0,0.0,0.0,0.24613626781463133
410460,4104600,Capitão Leônidas Marques (PR),41,0.355,1487.0,0.653,440.94,Faixa 2 (R$ 15k),15000.0,0,0.7,9330.0,6369.0,15699.0,0.5943,10557.5,2665.1,7892.4,0.0,0,0,0.0,0.0,-0.07660775382334546
410465,4104659,Carambeí (PR),41,0.254,1809.0,0.679,466.27,Faixa 3 (R$ 10k),10000.0,0,0.35,27872.0,5351.0,33223.0,0.8389,18365.4,2669.98,15695.41,0.0,0,0,0.0,0.0,0.15368400494843554
410470,4104709,Carlópolis (PR),41,0.188,4748.0,0.751,642.62,Faixa 3 (R$ 10k),10000.0,0,0.35,23366.0,4116.0,27482.0,0.8502,5788.12,1569.29,4218.83,0.0,0,0,0.0,0.0,-0.03029390816483315
410480,4104808,Cascavel (PR),41,0.318,38052.0,0.735,612.18,Faixa 2 (R$ 15k),15000.0,0,0.7,781991.0,12010.0,794001.0,0.9849,20866.21,3285.0,17581.2,0.0,0,0,0.0,0.0,0.27928528917601697
410490,4104907,Castro (PR),41,0.312,7457.0,0.68,428.1,Faixa 2 (R$ 15k),15000.0,0,0.7,265193.0,13399.0,278592.0,0.9519,37359.8,3574.76,33785.03,0.0,0,0,0.0,0.0,0.4809904812525293
410500,4105003,Catanduvas (PR),41,0.347,1020.0,0.674,399.25,Faixa 2 (R$ 15k),15000.0,0,0.7,7611.0,6556.0,14167.0,0.5372,13889.22,4781.37,9107.84,0.0,0,0,0.0,0.0,-0.009320857225201961
410510,4105102,Centenário do Sul (PR),41,0.388,2045.0,0.652,433.4,Faixa 2 (R$ 15k),15000.0,0,0.7,11778.0,6647.0,18425.0,0.6392,9009.78,3147.68,5862.1,0.0,0,0,0.0,0.0,-0.060115873099686766
410540,4105409,Chopinzinho (PR),41,0.231,1977.0,0.711,495.27,Faixa 3 (R$ 10k),10000.0,0,0.35,16688.0,33725.0,50413.0,0.331,25499.75,7471.93,18027.82,0.0,0,0,0.0,0.0,0.09991955957518353
410550,4105508,Cianorte (PR),41,0.164,7612.0,0.741,631.57,Faixa 3 (R$ 10k),10000.0,0,0.35,1059530.0,6413.0,1065943.0,0.994,140034.55,17703.36,122331.19,0.0,0,0,0.0,0.0,2.1875676577993577
410560,4105607,Cidade Gaúcha (PR),41,0.304,2217.0,0.703,492.0,Faixa 2 (R$ 15k),15000.0,0,0.7,11079.0,15094.0,26173.0,0.4233,11805.59,3157.42,8648.17,0.0,0,0,0.0,0.0,-0.1386647755183151
410570,4105706,Clevelândia (PR),41,0.4,2806.0,0.63,369.47,Faixa 2 (R$ 15k),15000.0,0,0.7,12367.0,21797.0,34164.0,0.362,12175.34,4104.06,8071.28,0.0,0,0,0.0,0.0,-0.14194653035339544
410590,4105904,Colorado (PR),41,0.225,4155.0,0.711,630.72,Faixa 3 (R$ 10k),10000.0,0,0.35,32612.0,3623.0,36235.0,0.9,8720.82,1560.77,7160.05,0.0,0,0,0.0,0.0,0.033586631679616466
410600,4106001,Congonhinhas (PR),41,0.4,709.0,0.654,389.71,Faixa 2 (R$ 15k),15000.0,0,0.7,7999.0,3207.0,11206.0,0.7138,15805.36,3830.75,11974.61,0.0,0,0,0.0,0.0,0.08445118258235054
410610,4106100,Conselheiro Mairinck (PR),41,0.34,573.0,0.701,471.3,Faixa 2 (R$ 15k),15000.0,0,0.7,5544.0,1314.0,6858.0,0.8084,11968.59,1993.02,9975.57,0.0,0,0,0.0,0.0,0.037821176900668926
410630,4106308,Corbélia (PR),41,0.305,1541.0,0.668,397.99,Faixa 2 (R$ 15k),15000.0,0,0.7,29628.0,7434.0,37062.0,0.7994,24050.62,3711.23,20339.39,0.0,0,0,0.0,0.0,0.23266885514781502
410640,4106407,Cornélio Procópio (PR),41,0.251,6143.0,0.733,555.21,Faixa 3 (R$ 10k),10000.0,0,0.35,116446.0,7164.0,123610.0,0.942,20122.09,15699.66,4422.43,0.0,0,0,0.0,0.0,0.5687158652836473
410645,4106456,Coronel Domingos Soares (PR),41,0.487,1286.0,0.578,246.96,Faixa 1 (R$ 20k),20000.0,0,0.8,13883.0,6547.0,20430.0,0.6795,15886.47,2440.12,13446.35,0.0,0,0,0.0,0.0,0.03122814561117936
410650,4106506,Coronel Vivida (PR),41,0.354,2124.0,0.711,558.76,Faixa 2 (R$ 15k),15000.0,0,0.7,28985.0,41678.0,70663.0,0.4102,33268.83,10687.85,22580.98,0.0,0,0,0.0,0.0,0.3250750973355948
410655,4106555,Corumbataí do Sul (PR),41,0.424,656.0,0.633,388.22,Faixa 1 (R$ 20k),20000.0,0,0.8,2832.0,4938.0,7770.0,0.3645,11844.51,4378.05,7466.46,0.0,0,0,0.0,0.0,-0.13776381443891872
410680,4106803,Cruz Machado (PR),41,0.402,1008.0,0.538,280.71,Faixa 1 (R$ 20k),20000.0,0,0.8,13793.0,2951.0,16744.0,0.8238,16611.11,2202.38,14408.73,0.0,0,0,0.0,0.0,0.11102353125557282
410657,4106571,Cruzeiro do Iguaçu (PR),41,0.288,544.0,0.653,391.62,Faixa 3 (R$ 10k),10000.0,0,0.35,6327.0,1928.0,8255.0,0.7664,15174.63,935.66,14238.97,0.0,0,0,0.0,0.0,0.029259838093724132
410660,4106605,Cruzeiro do Oeste (PR),41,0.306,3950.0,0.697,481.82,Faixa 2 (R$ 15k),15000.0,0,0.7,31228.0,3888.0,35116.0,0.8893,8890.13,959.49,7930.63,0.0,0,0,0.0,0.0,0.014491494095468061
410670,4106704,Cruzeiro do Sul (PR),41,0.341,811.0,0.708,466.59,Faixa 2 (R$ 15k),15000.0,0,0.7,677.0,4314.0,4991.0,0.1356,6154.13,2244.14,3909.99,0.0,0,0,0.0,0.0,-0.3877149610952635
410685,4106852,Cruzmaltina (PR),41,0.195,758.0,0.719,482.44,Faixa 3 (R$ 10k),10000.0,0,0.35,0.0,3033.0,3033.0,0.0,4001.32,1630.61,2370.71,0.0,0,0,0.0,0.0,-0.5032857112552753
410700,4107009,Curiúva (PR),41,0.396,1522.0,0.636,387.72,Faixa 2 (R$ 15k),15000.0,0,0.7,13615.0,4614.0,18229.0,0.7469,11977.0,2452.04,9524.97,0.0,0,0,0.0,0.0,0.017156304104645435
410440,4104402,Cândido de Abreu (PR),41,0.477,2072.0,0.594,279.88,Faixa 1 (R$ 20k),20000.0,0,0.8,13912.0,5233.0,19145.0,0.7267,9239.86,2124.52,7115.35,0.0,0,0,0.0,0.0,-0.037199442867513796
410530,4105300,Céu Azul (PR),41,0.257,1148.0,0.681,458.46,Faixa 3 (R$ 10k),10000.0,0,0.35,19917.0,5427.0,25344.0,0.7859,22076.66,3416.38,18660.28,0.0,0,0,0.0,0.0,0.19251586111047367
410715,4107157,Diamante D'Oeste (PR),41,0.403,488.0,0.63,448.25,Faixa 1 (R$ 20k),20000.0,0,0.8,0.0,3678.0,3678.0,0.0,7536.89,4463.11,3073.77,0.0,0,0,0.0,0.0,-0.38448553382898704
410710,4107108,Diamante do Norte (PR),41,0.395,1265.0,0.703,474.85,Faixa 2 (R$ 15k),15000.0,0,0.7,7434.0,4139.0,11573.0,0.6424,9148.62,2769.17,6379.45,0.0,0,0,0.0,0.0,-0.06644419355503706
410712,4107124,Diamante do Sul (PR),41,0.419,561.0,0.572,293.46,Faixa 1 (R$ 20k),20000.0,0,0.8,0.0,2878.0,2878.0,0.0,5130.12,2723.71,2406.42,0.0,0,0,0.0,0.0,-0.46046369094106077
410720,4107207,Dois Vizinhos (PR),41,0.249,3504.0,0.73,570.07,Faixa 3 (R$ 10k),10000.0,0,0.35,238111.0,12838.0,250949.0,0.9488,71617.87,4414.95,67202.91,0.0,0,0,0.0,0.0,0.940885102612539
410725,4107256,Douradina (PR),41,0.185,880.0,0.716,542.65,Faixa 3 (R$ 10k),10000.0,0,0.35,22647.0,2101.0,24748.0,0.9151,28122.73,2967.05,25155.68,0.0,0,0,0.0,0.0,0.32711591705140397
410730,4107306,Doutor Camargo (PR),41,0.212,690.0,0.716,464.23,Faixa 3 (R$ 10k),10000.0,0,0.35,5585.0,2112.0,7697.0,0.7256,11155.07,2424.64,8730.43,0.0,0,0,0.0,0.0,-0.005419918325826889
410750,4107504,Engenheiro Beltrão (PR),41,0.313,2481.0,0.679,450.34,Faixa 2 (R$ 15k),15000.0,0,0.7,16274.0,7603.0,23877.0,0.6816,9623.94,2799.27,6824.67,0.0,0,0,0.0,0.0,-0.038738568893985866
410753,4107538,Entre Rios do Oeste (PR),41,0.154,1341.0,0.779,944.94,Faixa 3 (R$ 10k),10000.0,0,0.35,3045.0,2730.0,5775.0,0.5273,4306.49,1268.46,3038.03,0.0,0,0,0.0,0.0,-0.22864179720316297
410740,4107405,Enéas Marques (PR),41,0.258,473.0,0.654,452.45,Faixa 3 (R$ 10k),10000.0,0,0.35,8703.0,3095.0,11798.0,0.7377,24942.92,2980.97,21961.95,0.0,0,0,0.0,0.0,0.19241939993326035
410752,4107520,Esperança Nova (PR),41,0.233,397.0,0.674,446.27,Faixa 3 (R$ 10k),10000.0,0,0.35,0.0,794.0,794.0,0.0,2000.0,1778.34,221.66,0.0,0,0,0.0,0.0,-0.5251473289627462
410754,4107546,Espigão Alto do Iguaçu (PR),41,0.339,760.0,0.614,301.04,Faixa 2 (R$ 15k),15000.0,0,0.7,0.0,3711.0,3711.0,0.0,4882.89,2488.16,2394.74,0.0,0,0,0.0,0.0,-0.46974249191007666
410755,4107553,Farol (PR),41,0.292,405.0,0.727,510.36,Faixa 3 (R$ 10k),10000.0,0,0.35,0.0,2572.0,2572.0,0.0,6350.62,4893.83,1456.79,0.0,0,0,0.0,0.0,-0.3885496946020267
410760,4107603,Faxinal (PR),41,0.377,1643.0,0.663,474.87,Faixa 2 (R$ 15k),15000.0,0,0.7,14369.0,4162.0,18531.0,0.7754,11278.76,2437.61,8841.14,0.0,0,0,0.0,0.0,0.022958784491068963
410773,4107736,Fernandes Pinheiro (PR),41,0.334,397.0,0.633,315.67,Faixa 2 (R$ 15k),15000.0,0,0.7,1948.0,2500.0,4448.0,0.4379,11204.03,5637.28,5566.75,0.0,0,0,0.0,0.0,-0.07435627924634758
410775,4107751,Figueira (PR),41,0.342,1186.0,0.613,496.58,Faixa 2 (R$ 15k),15000.0,0,0.7,19162.0,1847.0,21009.0,0.9121,17714.17,1174.54,16539.63,0.0,0,0,0.0,0.0,0.14544986056065023
410785,4107850,Flor da Serra do Sul (PR),41,0.357,637.0,0.61,348.35,Faixa 2 (R$ 15k),15000.0,0,0.7,4523.0,2747.0,7270.0,0.6221,11412.87,2915.23,8497.65,0.0,0,0,0.0,0.0,-0.04437645451624415
410780,4107801,Floraí (PR),41,0.226,529.0,0.665,520.77,Faixa 3 (R$ 10k),10000.0,0,0.35,2172.0,1648.0,3820.0,0.5686,7221.17,2648.39,4572.78,0.0,0,0,0.0,0.0,-0.13352111743800818
410790,4107900,Floresta (PR),41,0.276,949.0,0.695,478.69,Faixa 3 (R$ 10k),10000.0,0,0.35,0.0,3379.0,3379.0,0.0,3560.59,2601.69,958.9,0.0,0,0,0.0,0.0,-0.48377413809553077
410800,4108007,Florestópolis (PR),41,0.338,2625.0,0.695,514.23,Faixa 2 (R$ 15k),15000.0,0,0.7,13327.0,6817.0,20144.0,0.6616,7673.9,2508.57,5165.33,0.0,0,0,0.0,0.0,-0.08192988157721354
410810,4108106,Flórida (PR),41,0.204,468.0,0.699,473.71,Faixa 3 (R$ 10k),10000.0,0,0.35,0.0,3123.0,3123.0,0.0,6673.08,1910.26,4762.82,0.0,0,0,0.0,0.0,-0.4617406338224467
410820,4108205,Formosa do Oeste (PR),41,0.375,670.0,0.66,445.08,Faixa 2 (R$ 15k),15000.0,0,0.7,3695.0,3825.0,7520.0,0.4914,11223.88,4125.37,7098.51,0.0,0,0,0.0,0.0,-0.08486789623212991
410830,4108304,Foz do Iguaçu (PR),41,0.307,45537.0,0.693,564.69,Faixa 2 (R$ 15k),15000.0,0,0.7,551599.0,16510.0,568109.0,0.9709,12475.77,2544.15,9931.62,0.0,0,0,0.0,0.0,0.14493979066204407
410845,4108452,Foz do Jordão (PR),41,0.411,931.0,0.613,392.47,Faixa 1 (R$ 20k),20000.0,0,0.8,15425.0,1719.0,17144.0,0.8997,18414.61,1598.28,16816.33,0.0,0,0,0.0,0.0,0.1588369373711116
410832,4108320,Francisco Alves (PR),41,0.28,1088.0,0.633,405.01,Faixa 3 (R$ 10k),10000.0,0,0.35,211.0,2954.0,3165.0,0.0667,2909.01,2021.14,887.87,0.0,0,0,0.0,0.0,-0.4717530077631478
410840,4108403,Francisco Beltrão (PR),41,0.219,7794.0,0.734,597.21,Faixa 3 (R$ 10k),10000.0,1,0.48,515754.0,6738.0,522492.0,0.9871,67037.72,7164.1,59873.62,1.0,9600,1560,132600.0,94.08,1.7768741929817957
410770,4107702,Fênix (PR),41,0.396,1006.0,0.701,382.88,Faixa 2 (R$ 15k),15000.0,0,0.7,4366.0,1432.0,5798.0,0.753,5763.42,1086.48,4676.94,0.0,0,0,0.0,0.0,-0.09475949777152726
410850,4108502,General Carneiro (PR),41,0.457,1831.0,0.626,323.92,Faixa 1 (R$ 20k),20000.0,0,0.8,6580.0,3107.0,9687.0,0.6793,5290.55,1355.0,3935.55,0.0,0,0,0.0,0.0,-0.13302095852476378
410855,4108551,Godoy Moreira (PR),41,0.247,377.0,0.679,404.44,Faixa 3 (R$ 10k),10000.0,0,0.35,5034.0,1140.0,6174.0,0.8154,16376.66,2846.15,13530.5,0.0,0,0,0.0,0.0,0.1202373034175909
410860,4108601,Goioerê (PR),41,0.254,5933.0,0.708,512.2,Faixa 3 (R$ 10k),10000.0,0,0.35,35269.0,12617.0,47886.0,0.7365,8071.13,1951.12,6120.01,0.0,0,0,0.0,0.0,-0.05149062694801685
410865,4108650,Goioxim (PR),41,0.499,1735.0,0.615,239.88,Faixa 1 (R$ 20k),20000.0,0,0.8,7007.0,1570.0,8577.0,0.817,4943.52,802.88,4140.63,0.0,0,0,0.0,0.0,-0.07863686389118735
410870,4108700,Grandes Rios (PR),41,0.337,678.0,0.623,401.87,Faixa 2 (R$ 15k),15000.0,0,0.7,7078.0,1561.0,8639.0,0.8193,12741.89,1986.73,10755.16,0.0,0,0,0.0,0.0,0.05337517457423371
410890,4108908,Guairaçá (PR),41,0.364,1129.0,0.643,463.41,Faixa 2 (R$ 15k),15000.0,0,0.7,8433.0,3403.0,11836.0,0.7125,10483.61,2518.16,7965.46,0.0,0,0,0.0,0.0,-0.018574343625061752
410895,4108957,Guamiranga (PR),41,0.27,409.0,0.63,364.9,Faixa 3 (R$ 10k),10000.0,0,0.35,3155.0,2185.0,5340.0,0.5908,13056.23,3784.84,9271.39,0.0,0,0,0.0,0.0,-0.017369052725747652
410900,4109005,Guapirama (PR),41,0.284,1488.0,0.724,508.86,Faixa 3 (R$ 10k),10000.0,0,0.35,597.0,3979.0,4576.0,0.1305,3075.27,881.72,2193.55,0.0,0,0,0.0,0.0,-0.4652591445190719
410910,4109104,Guaporema (PR),41,0.244,499.0,0.682,422.87,Faixa 3 (R$ 10k),10000.0,0,0.35,11279.0,6250.0,17529.0,0.6434,35128.26,6406.81,28721.44,0.0,0,0,0.0,0.0,0.36186594099985886
410920,4109203,Guaraci (PR),41,0.244,1002.0,0.677,492.8,Faixa 3 (R$ 10k),10000.0,0,0.35,7349.0,2825.0,10174.0,0.7223,10153.69,2227.54,7926.15,0.0,0,0,0.0,0.0,-0.02513606446044562
410930,4109302,Guaraniaçu (PR),41,0.357,1201.0,0.633,406.52,Faixa 2 (R$ 15k),15000.0,0,0.7,4161.0,5073.0,9234.0,0.4506,7688.59,2935.05,4753.54,0.0,0,0,0.0,0.0,-0.18277517817071914
410940,4109401,Guarapuava (PR),41,0.326,21278.0,0.671,459.13,Faixa 2 (R$ 15k),15000.0,0,0.7,126477.0,10585.0,137062.0,0.9228,6441.49,1932.18,4509.31,0.0,0,0,0.0,0.0,0.02606559160645523
410950,4109500,Guaraqueçaba (PR),41,0.418,432.0,0.657,364.96,Faixa 1 (R$ 20k),20000.0,0,0.8,0.0,1184.0,1184.0,0.0,2740.74,1671.3,1069.44,0.0,0,0,0.0,0.0,-0.518412920374602
410960,4109609,Guaratuba (PR),41,0.239,3411.0,0.671,487.64,Faixa 3 (R$ 10k),10000.0,0,0.35,29559.0,13085.0,42644.0,0.6932,12501.91,2251.83,10250.07,0.0,0,0,0.0,0.0,-0.009821421554816512
410880,4108809,Guaíra (PR),41,0.347,5394.0,0.692,615.21,Faixa 2 (R$ 15k),15000.0,0,0.7,2279.0,12925.0,15204.0,0.1499,2818.69,1482.39,1336.3,0.0,0,0,0.0,0.0,-0.4426785295924497
410965,4109658,Honório Serpa (PR),41,0.311,445.0,0.692,438.19,Faixa 2 (R$ 15k),15000.0,0,0.7,15747.0,15666.0,31413.0,0.5013,70591.01,24184.27,46406.74,0.0,0,0,0.0,0.0,1.2023774165603978
410970,4109708,Ibaiti (PR),41,0.339,3342.0,0.683,474.08,Faixa 2 (R$ 15k),15000.0,0,0.7,22549.0,5401.0,27950.0,0.8068,8363.26,1235.79,7127.47,0.0,0,0,0.0,0.0,-0.028936186844236572
410975,4109757,Ibema (PR),41,0.508,892.0,0.61,328.17,Faixa 1 (R$ 20k),20000.0,0,0.8,5993.0,2811.0,8804.0,0.6807,9869.96,2843.05,7026.91,0.0,0,0,0.0,0.0,-0.034923831608603656
410980,4109807,Ibiporã (PR),41,0.238,5912.0,0.685,490.38,Faixa 3 (R$ 10k),10000.0,0,0.35,54759.0,22247.0,77006.0,0.7111,13025.37,4498.65,8526.73,0.0,0,0,0.0,0.0,0.06464182463443635
410990,4109906,Icaraíma (PR),41,0.3,1306.0,0.668,443.62,Faixa 3 (R$ 10k),10000.0,0,0.35,3021.0,1977.0,4998.0,0.6044,3826.95,1093.42,2733.54,0.0,0,0,0.0,0.0,-0.1983771531854438
411000,4110003,Iguaraçu (PR),41,0.226,720.0,0.717,521.53,Faixa 3 (R$ 10k),10000.0,0,0.35,10496.0,1578.0,12074.0,0.8693,16769.44,1769.44,15000.0,0.0,0,0,0.0,0.0,0.12600530355955608
411005,4110052,Iguatu (PR),41,0.353,371.0,0.669,427.22,Faixa 2 (R$ 15k),15000.0,0,0.7,0.0,2375.0,2375.0,0.0,6401.62,2846.36,3555.26,0.0,0,0,0.0,0.0,-0.44096280838350166
411007,4110078,Imbaú (PR),41,0.457,917.0,0.573,350.09,Faixa 1 (R$ 20k),20000.0,0,0.8,10199.0,3906.0,14105.0,0.7231,15381.68,3140.68,12241.0,0.0,0,0,0.0,0.0,0.06606710747755555
411010,4110102,Imbituva (PR),41,0.355,2474.0,0.589,412.06,Faixa 2 (R$ 15k),15000.0,0,0.7,20276.0,8882.0,29158.0,0.6954,11785.77,2682.7,9103.07,0.0,0,0,0.0,0.0,-0.0066780324401762405
411030,4110300,Inajá (PR),41,0.333,784.0,0.699,489.31,Faixa 2 (R$ 15k),15000.0,0,0.7,314.0,3739.0,4053.0,0.0775,5169.64,2383.93,2785.71,0.0,0,0,0.0,0.0,-0.42759346169468626
411040,4110409,Indianópolis (PR),41,0.153,689.0,0.706,506.68,Faixa 3 (R$ 10k),10000.0,0,0.35,4875.0,12460.0,17335.0,0.2812,25159.65,9812.77,15346.88,0.0,0,0,0.0,0.0,0.1297705033437805
411020,4110201,Inácio Martins (PR),41,0.43,1335.0,0.589,318.7,Faixa 1 (R$ 20k),20000.0,0,0.8,780.0,2732.0,3512.0,0.2221,2630.71,1506.37,1124.34,0.0,0,0,0.0,0.0,-0.4061158906395601
411050,4110508,Ipiranga (PR),41,0.301,725.0,0.645,351.7,Faixa 2 (R$ 15k),15000.0,0,0.7,16228.0,4223.0,20451.0,0.7935,28208.28,4805.52,23402.76,0.0,0,0,0.0,0.0,0.3112683838119291
411060,4110607,Iporã (PR),41,0.382,2623.0,0.661,469.02,Faixa 2 (R$ 15k),15000.0,0,0.7,4661.0,3187.0,7848.0,0.5939,2991.99,853.98,2138.01,0.0,0,0,0.0,0.0,-0.22087925430506017
411065,4110656,Iracema do Oeste (PR),41,0.211,998.0,0.719,544.83,Faixa 3 (R$ 10k),10000.0,0,0.35,5627.0,1326.0,6953.0,0.8093,6966.93,1075.15,5891.78,0.0,0,0,0.0,0.0,-0.049696156415585946
411070,4110706,Irati (PR),41,0.424,4104.0,0.675,437.36,Faixa 1 (R$ 20k),20000.0,0,0.8,35870.0,12633.0,48503.0,0.7395,11818.47,2598.2,9220.27,0.0,0,0,0.0,0.0,0.014978457223779162
411080,4110805,Iretama (PR),41,0.347,1377.0,0.634,615.01,Faixa 2 (R$ 15k),15000.0,0,0.7,4572.0,5766.0,10338.0,0.4423,7507.63,3464.05,4043.57,0.0,0,0,0.0,0.0,-0.17579633319011684
411090,4110904,Itaguajé (PR),41,0.311,988.0,0.689,464.58,Faixa 2 (R$ 15k),15000.0,0,0.7,4885.0,1618.0,6503.0,0.7512,6581.98,811.74,5770.24,0.0,0,0,0.0,0.0,-0.09232889443769352
411095,4110953,Itaipulândia (PR),41,0.262,882.0,0.666,453.6,Faixa 3 (R$ 10k),10000.0,0,0.35,12370.0,5698.0,18068.0,0.6846,20485.26,5565.76,14919.5,0.0,0,0,0.0,0.0,0.17398379751786303
411100,4111001,Itambaracá (PR),41,0.365,850.0,0.646,398.69,Faixa 2 (R$ 15k),15000.0,0,0.7,0.0,4648.0,4648.0,0.0,5468.24,2251.76,3216.47,0.0,0,0,0.0,0.0,-0.4683557773486228
411110,4111100,Itambé (PR),41,0.163,1113.0,0.716,482.1,Faixa 3 (R$ 10k),10000.0,0,0.35,0.0,2721.0,2721.0,0.0,2444.74,1934.41,510.33,0.0,0,0,0.0,0.0,-0.5153931466732187
411120,4111209,Itapejara D'Oeste (PR),41,0.258,990.0,0.706,618.86,Faixa 3 (R$ 10k),10000.0,0,0.35,171836.0,31304.0,203140.0,0.8459,205191.92,18252.53,186939.39,0.0,0,0,0.0,0.0,2.959541161641547
411130,4111308,Itaúna do Sul (PR),41,0.321,697.0,0.684,453.21,Faixa 2 (R$ 15k),15000.0,0,0.7,4658.0,2261.0,6919.0,0.6732,9926.83,2648.49,7278.34,0.0,0,0,0.0,0.0,-0.0432207060912846
411150,4111506,Ivaiporã (PR),41,0.399,4881.0,0.689,539.93,Faixa 2 (R$ 15k),15000.0,0,0.7,20669.0,7316.0,27985.0,0.7386,5733.46,1815.82,3917.64,0.0,0,0,0.0,0.0,-0.0838901192175534
411160,4111605,Ivatuba (PR),41,0.334,455.0,0.687,447.92,Faixa 2 (R$ 15k),15000.0,0,0.7,1061.0,1899.0,2960.0,0.3584,6505.49,1120.88,5384.62,0.0,0,0,0.0,0.0,-0.29396190968000335
411155,4111555,Ivaté (PR),41,0.313,1147.0,0.698,493.94,Faixa 2 (R$ 15k),15000.0,0,0.7,12816.0,2195.0,15011.0,0.8538,13087.18,1599.83,11487.36,0.0,0,0,0.0,0.0,0.0661068507265358
411140,4111407,Ivaí (PR),41,0.382,1217.0,0.604,332.34,Faixa 2 (R$ 15k),15000.0,0,0.7,15550.0,3703.0,19253.0,0.8077,15820.05,2157.76,13662.28,0.0,0,0,0.0,0.0,0.09115961174434299
411170,4111704,Jaboti (PR),41,0.246,1534.0,0.737,614.73,Faixa 3 (R$ 10k),10000.0,0,0.35,11082.0,1430.0,12512.0,0.8857,8156.45,816.17,7340.29,0.0,0,0,0.0,0.0,-0.0005535573493949175
411180,4111803,Jacarezinho (PR),41,0.289,6125.0,0.695,477.97,Faixa 3 (R$ 10k),10000.0,0,0.35,232447.0,8808.0,241255.0,0.9635,39388.57,26602.45,12786.12,0.0,0,0,0.0,0.0,1.110043813466422
411190,4111902,Jaguapitã (PR),41,0.309,1991.0,0.691,524.11,Faixa 2 (R$ 15k),15000.0,0,0.7,12047.0,8275.0,20322.0,0.5928,10206.93,3960.32,6246.61,0.0,0,0,0.0,0.0,-0.048334352291057
411200,4112009,Jaguariaíva (PR),41,0.343,4254.0,0.714,497.43,Faixa 2 (R$ 15k),15000.0,0,0.7,36572.0,7620.0,44192.0,0.8276,10388.34,1924.31,8464.03,0.0,0,0,0.0,0.0,0.02595436125757844
411210,4112108,Jandaia do Sul (PR),41,0.214,2311.0,0.717,603.45,Faixa 3 (R$ 10k),10000.0,0,0.35,13479.0,5383.0,18862.0,0.7146,8161.83,2101.25,6060.58,0.0,0,0,0.0,0.0,-0.058068895758725356
411220,4112207,Janiópolis (PR),41,0.273,940.0,0.677,400.23,Faixa 3 (R$ 10k),10000.0,0,0.35,14057.0,3513.0,17570.0,0.8001,18691.49,3370.21,15321.28,0.0,0,0,0.0,0.0,0.15540770950167088
411230,4112306,Japira (PR),41,0.438,699.0,0.665,388.53,Faixa 1 (R$ 20k),20000.0,0,0.8,10894.0,1418.0,12312.0,0.8848,17613.73,1057.22,16556.51,0.0,0,0,0.0,0.0,0.12661740640356023
411240,4112405,Japurá (PR),41,0.191,3782.0,0.73,621.31,Faixa 3 (R$ 10k),10000.0,0,0.35,14673.0,13165.0,27838.0,0.5271,7360.66,1182.44,6178.21,0.0,0,0,0.0,0.0,-0.19177179891719437
411250,4112504,Jardim Alegre (PR),41,0.28,1541.0,0.667,412.75,Faixa 3 (R$ 10k),10000.0,0,0.35,6108.0,4939.0,11047.0,0.5529,7168.72,2933.16,4235.56,0.0,0,0,0.0,0.0,-0.13515370984034536
411260,4112603,Jardim Olinda (PR),41,0.182,405.0,0.707,461.27,Faixa 3 (R$ 10k),10000.0,0,0.35,0.0,1576.0,1576.0,0.0,3891.36,1165.43,2725.93,0.0,0,0,0.0,0.0,-0.5167541161690309
411270,4112702,Jataizinho (PR),41,0.37,2150.0,0.674,400.16,Faixa 2 (R$ 15k),15000.0,0,0.7,10164.0,7331.0,17495.0,0.581,8137.21,3166.05,4971.16,0.0,0,0,0.0,0.0,-0.10175784905024143
411275,4112751,Jesuítas (PR),41,0.292,1565.0,0.66,476.8,Faixa 3 (R$ 10k),10000.0,0,0.35,8083.0,5115.0,13198.0,0.6124,8433.23,2368.05,6065.18,0.0,0,0,0.0,0.0,-0.10196068040484704
411280,4112801,Joaquim Távora (PR),41,0.332,1037.0,0.661,425.91,Faixa 2 (R$ 15k),15000.0,0,0.7,10648.0,3073.0,13721.0,0.776,13231.44,2128.25,11103.18,0.0,0,0,0.0,0.0,0.04032550997195172
411290,4112900,Jundiaí do Sul (PR),41,0.347,554.0,0.613,361.09,Faixa 2 (R$ 15k),15000.0,0,0.7,3900.0,1292.0,5192.0,0.7512,9371.84,2046.93,7324.91,0.0,0,0,0.0,0.0,-0.024501419191119235
411295,4112959,Juranda (PR),41,0.399,1308.0,0.678,432.67,Faixa 2 (R$ 15k),15000.0,0,0.7,28944.0,4833.0,33777.0,0.8569,25823.39,2922.78,22900.61,0.0,0,0,0.0,0.0,0.26553519962184
411300,4113007,Jussara (PR),41,0.207,1032.0,0.686,520.75,Faixa 3 (R$ 10k),10000.0,0,0.35,9602.0,14803.0,24405.0,0.3934,23648.26,7948.64,15699.61,0.0,0,0,0.0,0.0,0.12165616011522784
411310,4113106,Kaloré (PR),41,0.248,1589.0,0.744,555.3,Faixa 3 (R$ 10k),10000.0,0,0.35,9778.0,2454.0,12232.0,0.7994,7697.92,1183.13,6514.79,0.0,0,0,0.0,0.0,-0.04277295505998007
411325,4113254,Laranjal (PR),41,0.438,429.0,0.605,315.93,Faixa 1 (R$ 20k),20000.0,0,0.8,2812.0,1147.0,3959.0,0.7103,9228.44,2095.57,7132.87,0.0,0,0,0.0,0.0,-0.046808482234462
411330,4113304,Laranjeiras do Sul (PR),41,0.434,3795.0,0.634,360.75,Faixa 1 (R$ 20k),20000.0,0,0.8,24984.0,5503.0,30487.0,0.8195,8033.47,2183.4,5850.07,0.0,0,0,0.0,0.0,-0.0018622990078384304
411340,4113403,Leópolis (PR),41,0.347,442.0,0.7,424.17,Faixa 2 (R$ 15k),15000.0,0,0.7,3643.0,2182.0,5825.0,0.6254,13178.73,4287.33,8891.4,0.0,0,0,0.0,0.0,0.015607608356681468
411342,4113429,Lidianópolis (PR),41,0.262,833.0,0.675,401.41,Faixa 3 (R$ 10k),10000.0,0,0.35,4524.0,1330.0,5854.0,0.7728,7027.61,1441.78,5585.83,0.0,0,0,0.0,0.0,-0.05880421501315332
411345,4113452,Lindoeste (PR),41,0.343,493.0,0.67,445.02,Faixa 2 (R$ 15k),15000.0,0,0.7,6170.0,3803.0,9973.0,0.6187,20229.21,5202.84,15026.37,0.0,0,0,0.0,0.0,0.12628302883555914
411350,4113502,Loanda (PR),41,0.233,4317.0,0.717,492.24,Faixa 3 (R$ 10k),10000.0,0,0.35,19440.0,7697.0,27137.0,0.7164,6286.08,1716.7,4569.38,0.0,0,0,0.0,0.0,-0.09115840913143819
411360,4113601,Lobato (PR),41,0.141,662.0,0.729,631.98,Faixa 3 (R$ 10k),10000.0,0,0.35,18955.0,2490.0,21445.0,0.8839,32394.26,2212.99,30181.27,0.0,0,0,0.0,0.0,0.3458304199698582
411370,4113700,Londrina (PR),41,0.335,63663.0,0.728,636.11,Faixa 2 (R$ 15k),15000.0,0,0.7,463672.0,18042.0,481714.0,0.9625,7566.62,3869.31,3697.31,0.0,0,0,0.0,0.0,0.11180608985414006
411373,4113734,Luiziana (PR),41,0.413,1233.0,0.677,409.15,Faixa 1 (R$ 20k),20000.0,0,0.8,1275.0,4395.0,5670.0,0.2249,4598.54,2599.35,1999.19,0.0,0,0,0.0,0.0,-0.3510391495389917
411375,4113759,Lunardelli (PR),41,0.35,565.0,0.649,383.8,Faixa 2 (R$ 15k),15000.0,0,0.7,0.0,3369.0,3369.0,0.0,5962.83,3109.73,2853.1,0.0,0,0,0.0,0.0,-0.43976926569325964
411380,4113809,Lupionópolis (PR),41,0.272,913.0,0.68,457.15,Faixa 3 (R$ 10k),10000.0,0,0.35,9576.0,2520.0,12096.0,0.7917,13248.63,2498.36,10750.27,0.0,0,0,0.0,0.0,0.058479191794966925
411390,4113908,Mallet (PR),41,0.184,3840.0,0.766,604.2,Faixa 3 (R$ 10k),10000.0,0,0.35,706.0,3017.0,3723.0,0.1896,969.53,486.46,483.07,0.0,0,0,0.0,0.0,-0.4711396106617826
411400,4114005,Mamborê (PR),41,0.272,1625.0,0.712,475.14,Faixa 3 (R$ 10k),10000.0,0,0.35,26265.0,4886.0,31151.0,0.8432,19169.85,5811.08,13358.77,0.0,0,0,0.0,0.0,0.24770818191040872
411420,4114203,Mandaguari (PR),41,0.254,4919.0,0.707,538.1,Faixa 3 (R$ 10k),10000.0,0,0.35,42055.0,6295.0,48350.0,0.8698,9829.23,1504.98,8324.25,0.0,0,0,0.0,0.0,0.03032620726341113
411410,4114104,Mandaguaçu (PR),41,0.196,3067.0,0.696,557.28,Faixa 3 (R$ 10k),10000.0,0,0.35,9441.0,6041.0,15482.0,0.6098,5047.93,1360.29,3687.64,0.0,0,0,0.0,0.0,-0.17291819506285583
411435,4114351,Manfrinópolis (PR),41,0.345,463.0,0.605,351.93,Faixa 2 (R$ 15k),15000.0,0,0.7,2813.0,6000.0,8813.0,0.3192,19034.56,1198.7,17835.85,0.0,0,0,0.0,0.0,-0.1519354763447645
411440,4114401,Mangueirinha (PR),41,0.239,1722.0,0.682,425.82,Faixa 3 (R$ 10k),10000.0,0,0.35,3658.0,21618.0,25276.0,0.1447,14678.28,7426.83,7251.45,0.0,0,0,0.0,0.0,-0.1391291818252583
411450,4114500,Manoel Ribas (PR),41,0.364,1048.0,0.651,437.94,Faixa 2 (R$ 15k),15000.0,0,0.7,13131.0,2247.0,15378.0,0.8539,14673.66,1786.26,12887.4,0.0,0,0,0.0,0.0,0.09135729339572393
411460,4114609,Marechal Cândido Rondon (PR),41,0.232,3775.0,0.708,624.82,Faixa 3 (R$ 10k),10000.0,0,0.35,84935.0,16023.0,100958.0,0.8413,26743.84,2411.92,24331.92,0.0,0,0,0.0,0.0,0.2558229665602472
411470,4114708,Maria Helena (PR),41,0.382,1029.0,0.669,431.06,Faixa 2 (R$ 15k),15000.0,0,0.7,6213.0,2029.0,8242.0,0.7538,8009.72,1567.54,6442.18,0.0,0,0,0.0,0.0,-0.05303070939874159
411480,4114807,Marialva (PR),41,0.354,3555.0,0.665,541.68,Faixa 2 (R$ 15k),15000.0,0,0.7,14543.0,8824.0,23367.0,0.6224,6573.0,1700.7,4872.29,0.0,0,0,0.0,0.0,-0.13782483231010872
411500,4115002,Marilena (PR),41,0.386,1240.0,0.701,423.98,Faixa 2 (R$ 15k),15000.0,0,0.7,5643.0,3750.0,9393.0,0.6008,7575.0,2320.97,5254.03,0.0,0,0,0.0,0.0,-0.12036004610981761
411510,4115101,Mariluz (PR),41,0.436,2106.0,0.625,351.69,Faixa 1 (R$ 20k),20000.0,0,0.8,0.0,5135.0,5135.0,0.0,2438.27,970.09,1468.19,0.0,0,0,0.0,0.0,-0.5404700687194767
411490,4114906,Marilândia do Sul (PR),41,0.248,1120.0,0.651,429.49,Faixa 3 (R$ 10k),10000.0,0,0.35,11698.0,2660.0,14358.0,0.8147,12819.64,1986.61,10833.04,0.0,0,0,0.0,0.0,0.05192657713346802
411520,4115200,Maringá (PR),41,0.165,43874.0,0.769,769.67,Faixa 3 (R$ 10k),10000.0,1,0.48,1187335.0,12762.0,1200097.0,0.9894,27353.26,3847.27,23505.99,0.9091,10080,1638,139230.0,161.28,1.1096962932129018
411535,4115358,Maripá (PR),41,0.156,379.0,0.686,542.14,Faixa 3 (R$ 10k),10000.0,0,0.35,4652.0,4477.0,9129.0,0.5096,24087.07,3667.55,20419.53,0.0,0,0,0.0,0.0,0.07805677801035835
411530,4115309,Mariópolis (PR),41,0.33,846.0,0.637,406.38,Faixa 2 (R$ 15k),15000.0,0,0.7,14548.0,21311.0,35859.0,0.4057,42386.52,13716.31,28670.21,0.0,0,0,0.0,0.0,0.5182205614819665
411540,4115408,Marmeleiro (PR),41,0.287,1362.0,0.706,586.57,Faixa 3 (R$ 10k),10000.0,0,0.35,34615.0,17574.0,52189.0,0.6633,38317.91,3669.6,34648.31,0.0,0,0,0.0,0.0,0.3424373158111925
411545,4115457,Marquinho (PR),41,0.396,880.0,0.555,283.8,Faixa 2 (R$ 15k),15000.0,0,0.7,2545.0,1920.0,4465.0,0.57,5073.86,1892.05,3181.82,0.0,0,0,0.0,0.0,-0.17994533832504206
411550,4115507,Marumbi (PR),41,0.253,550.0,0.645,443.74,Faixa 3 (R$ 10k),10000.0,0,0.35,11145.0,1347.0,12492.0,0.8922,22712.73,2049.09,20663.64,0.0,0,0,0.0,0.0,0.22171139729011466
411560,4115606,Matelândia (PR),41,0.275,1470.0,0.654,382.35,Faixa 3 (R$ 10k),10000.0,0,0.35,30637.0,6359.0,36996.0,0.8281,25167.35,3664.63,21502.72,0.0,0,0,0.0,0.0,0.2610423575459059
411570,4115705,Matinhos (PR),41,0.248,4347.0,0.714,583.82,Faixa 3 (R$ 10k),10000.0,0,0.35,37669.0,11522.0,49191.0,0.7658,11316.08,1547.96,9768.12,0.0,0,0,0.0,0.0,-0.004720386612346339
411573,4115739,Mato Rico (PR),41,0.419,614.0,0.627,261.93,Faixa 1 (R$ 20k),20000.0,0,0.8,3198.0,896.0,4094.0,0.7811,6667.75,576.55,6091.21,0.0,0,0,0.0,0.0,-0.08144011990691993
411575,4115754,Mauá da Serra (PR),41,0.305,1094.0,0.648,393.43,Faixa 2 (R$ 15k),15000.0,0,0.7,15977.0,3058.0,19035.0,0.8393,17399.45,2103.29,15296.16,0.0,0,0,0.0,0.0,0.126808955709043
411580,4115804,Medianeira (PR),41,0.182,4511.0,0.712,568.59,Faixa 3 (R$ 10k),10000.0,0,0.35,107218.0,13091.0,120309.0,0.8912,26670.14,3410.11,23260.03,0.0,0,0,0.0,0.0,0.30725663526491337
411585,4115853,Mercedes (PR),41,0.13,1240.0,0.777,720.55,Faixa 3 (R$ 10k),10000.0,0,0.35,0.0,2477.0,2477.0,0.0,1997.58,1488.71,508.87,0.0,0,0,0.0,0.0,-0.5326852315445146
411590,4115903,Mirador (PR),41,0.254,481.0,0.686,404.94,Faixa 3 (R$ 10k),10000.0,0,0.35,0.0,2628.0,2628.0,0.0,5463.62,3060.29,2403.33,0.0,0,0,0.0,0.0,-0.44745895710404293
411600,4116000,Miraselva (PR),41,0.281,322.0,0.715,546.37,Faixa 3 (R$ 10k),10000.0,0,0.35,0.0,1398.0,1398.0,0.0,4341.61,4074.53,267.08,0.0,0,0,0.0,0.0,-0.43557420259414137
411605,4116059,Missal (PR),41,0.202,2760.0,0.738,718.38,Faixa 3 (R$ 10k),10000.0,0,0.35,22163.0,6709.0,28872.0,0.7676,10460.87,1834.42,8626.45,0.0,0,0,0.0,0.0,-0.0073176921471692635
411610,4116109,Moreira Sales (PR),41,0.454,2469.0,0.649,417.51,Faixa 1 (R$ 20k),20000.0,0,0.8,4420.0,6536.0,10956.0,0.4034,4437.42,2116.65,2320.78,0.0,0,0,0.0,0.0,-0.270795321959114
411620,4116208,Morretes (PR),41,0.217,1213.0,0.702,549.15,Faixa 3 (R$ 10k),10000.0,0,0.35,4235.0,5702.0,9937.0,0.4262,8192.09,3244.02,4948.06,0.0,0,0,0.0,0.0,-0.18126559867472458
411630,4116307,Munhoz de Melo (PR),41,0.213,613.0,0.688,517.24,Faixa 3 (R$ 10k),10000.0,0,0.35,1919.0,3743.0,5662.0,0.3389,9236.54,2477.98,6758.56,0.0,0,0,0.0,0.0,-0.23408849931351533
411640,4116406,Nossa Senhora das Graças (PR),41,0.275,741.0,0.687,509.95,Faixa 3 (R$ 10k),10000.0,0,0.35,4064.0,2046.0,6110.0,0.6651,8245.61,1686.91,6558.7,0.0,0,0,0.0,0.0,-0.0940280389487837
411650,4116505,Nova Aliança do Ivaí (PR),41,0.255,323.0,0.694,478.85,Faixa 3 (R$ 10k),10000.0,0,0.35,0.0,2958.0,2958.0,0.0,9157.89,4464.4,4693.5,0.0,0,0,0.0,0.0,-0.363643474307418
411660,4116604,Nova América da Colina (PR),41,0.274,453.0,0.684,439.28,Faixa 3 (R$ 10k),10000.0,0,0.35,7936.0,1317.0,9253.0,0.8577,20426.05,2662.25,17763.8,0.0,0,0,0.0,0.0,0.18992287849788111
411670,4116703,Nova Aurora (PR),41,0.361,1508.0,0.679,452.42,Faixa 2 (R$ 15k),15000.0,0,0.7,26680.0,5764.0,32444.0,0.8223,21514.59,3059.68,18454.91,0.0,0,0,0.0,0.0,0.19539191601858588
411680,4116802,Nova Cantu (PR),41,0.278,685.0,0.66,366.87,Faixa 3 (R$ 10k),10000.0,0,0.35,3392.0,3948.0,7340.0,0.4621,10715.33,4474.45,6240.88,0.0,0,0,0.0,0.0,-0.09791313974200688
411690,4116901,Nova Esperança (PR),41,0.43,4295.0,0.67,466.42,Faixa 1 (R$ 20k),20000.0,0,0.8,19160.0,4248.0,23408.0,0.8185,5450.06,671.71,4778.35,0.0,0,0,0.0,0.0,-0.07473735824900893
411695,4116950,Nova Esperança do Sudoeste (PR),41,0.318,570.0,0.706,547.33,Faixa 2 (R$ 15k),15000.0,0,0.7,9584.0,2970.0,12554.0,0.7634,22024.56,4840.35,17184.21,0.0,0,0,0.0,0.0,0.216802057424057
411700,4117008,Nova Fátima (PR),41,0.418,1600.0,0.651,410.58,Faixa 1 (R$ 20k),20000.0,0,0.8,6483.0,3231.0,9714.0,0.6674,6071.25,1784.38,4286.88,0.0,0,0,0.0,0.0,-0.11819173857076679
411705,4117057,Nova Laranjeiras (PR),41,0.541,1331.0,0.606,256.8,Faixa 1 (R$ 20k),20000.0,0,0.8,4476.0,3610.0,8086.0,0.5535,6075.13,1794.14,4280.99,0.0,0,0,0.0,0.0,-0.17839513269109242
411710,4117107,Nova Londrina (PR),41,0.299,2923.0,0.723,506.06,Faixa 3 (R$ 10k),10000.0,0,0.35,13017.0,3742.0,16759.0,0.7767,5733.49,1038.66,4694.83,0.0,0,0,0.0,0.0,-0.08379319326793468
411720,4117206,Nova Olímpia (PR),41,0.356,1010.0,0.693,490.3,Faixa 2 (R$ 15k),15000.0,0,0.7,14253.0,1700.0,15953.0,0.8934,15795.05,2012.87,13782.18,0.0,0,0,0.0,0.0,0.13260905702455975
411725,4117255,Nova Prata do Iguaçu (PR),41,0.351,1171.0,0.684,478.23,Faixa 2 (R$ 15k),15000.0,0,0.7,11015.0,3222.0,14237.0,0.7737,12157.98,1602.05,10555.94,0.0,0,0,0.0,0.0,0.011685592957676327
411721,4117214,Nova Santa Bárbara (PR),41,0.278,729.0,0.658,448.38,Faixa 3 (R$ 10k),10000.0,0,0.35,8989.0,1912.0,10901.0,0.8246,14953.36,2429.36,12524.01,0.0,0,0,0.0,0.0,0.0960513634069237
411722,4117222,Nova Santa Rosa (PR),41,0.424,396.0,0.663,427.22,Faixa 1 (R$ 20k),20000.0,0,0.8,0.0,3673.0,3673.0,0.0,9275.25,4679.29,4595.96,0.0,0,0,0.0,0.0,-0.35656733972158283
411727,4117271,Nova Tebas (PR),41,0.356,1358.0,0.603,314.43,Faixa 2 (R$ 15k),15000.0,0,0.7,24071.0,2011.0,26082.0,0.9229,19206.19,1883.65,17322.53,0.0,0,0,0.0,0.0,0.18871899836567527
411729,4117297,Novo Itacolomi (PR),41,0.124,763.0,0.738,588.63,Faixa 3 (R$ 10k),10000.0,0,0.35,11486.0,1185.0,12671.0,0.9065,16606.82,1246.4,15360.42,0.0,0,0,0.0,0.0,0.13012268511200437
411730,4117305,Ortigueira (PR),41,0.551,2440.0,0.574,325.13,Faixa 1 (R$ 20k),20000.0,0,0.8,6462.0,8621.0,15083.0,0.4284,6181.56,2877.05,3304.51,0.0,0,0,0.0,0.0,-0.2154170518684392
411740,4117404,Ourizona (PR),41,0.202,655.0,0.672,479.89,Faixa 3 (R$ 10k),10000.0,0,0.35,2570.0,2032.0,4602.0,0.5585,7025.95,1922.14,5103.82,0.0,0,0,0.0,0.0,-0.1602158557996877
411745,4117453,Ouro Verde do Oeste (PR),41,0.275,992.0,0.701,513.76,Faixa 3 (R$ 10k),10000.0,0,0.35,0.0,3588.0,3588.0,0.0,3616.94,2306.45,1310.48,0.0,0,0,0.0,0.0,-0.4907030922111023
411750,4117503,Paiçandu (PR),41,0.326,7660.0,0.695,534.16,Faixa 2 (R$ 15k),15000.0,0,0.7,30881.0,8945.0,39826.0,0.7754,5199.22,751.31,4447.91,0.0,0,0,0.0,0.0,-0.09878985281845504
411760,4117602,Palmas (PR),41,0.444,8188.0,0.573,357.11,Faixa 1 (R$ 20k),20000.0,0,0.8,72772.0,18280.0,91052.0,0.7992,11120.18,695.9,10424.28,0.0,0,0,0.0,0.0,-0.01157663091176534
411770,4117701,Palmeira (PR),41,0.301,2515.0,0.694,496.27,Faixa 2 (R$ 15k),15000.0,0,0.7,20234.0,7508.0,27742.0,0.7294,11030.62,3060.04,7970.58,0.0,0,0,0.0,0.0,0.011469931471971794
411780,4117800,Palmital (PR),41,0.416,1456.0,0.577,313.6,Faixa 1 (R$ 20k),20000.0,0,0.8,4346.0,3326.0,7672.0,0.5665,5269.23,2619.51,2649.73,0.0,0,0,0.0,0.0,-0.1604418541594573
411790,4117909,Palotina (PR),41,0.223,3799.0,0.667,501.17,Faixa 3 (R$ 10k),10000.0,0,0.35,12952.0,12416.0,25368.0,0.5106,6677.55,2755.46,3922.08,0.0,0,0,0.0,0.0,-0.16853525395780583
411810,4118105,Paranacity (PR),41,0.225,2555.0,0.706,448.77,Faixa 3 (R$ 10k),10000.0,0,0.35,4831.0,2855.0,7686.0,0.6285,3008.22,589.43,2418.79,0.0,0,0,0.0,0.0,-0.20914745361940162
411820,4118204,Paranaguá (PR),41,0.244,21881.0,0.723,571.56,Faixa 3 (R$ 10k),10000.0,0,0.35,80000.0,33786.0,113786.0,0.7031,5200.22,1163.7,4036.52,0.0,0,0,0.0,0.0,-0.12649569322318607
411840,4118402,Paranavaí (PR),41,0.219,14715.0,0.726,576.26,Faixa 3 (R$ 10k),10000.0,0,0.35,322722.0,7479.0,330201.0,0.9774,22439.76,1867.35,20572.41,0.0,0,0,0.0,0.0,0.25875691283424906
411800,4118006,Paraíso do Norte (PR),41,0.253,2207.0,0.711,548.57,Faixa 3 (R$ 10k),10000.0,0,0.35,9096.0,7013.0,16109.0,0.5647,7299.05,2768.92,4530.13,0.0,0,0,0.0,0.0,-0.13146916583183538
411845,4118451,Pato Bragado (PR),41,0.184,1561.0,0.768,698.61,Faixa 3 (R$ 10k),10000.0,0,0.35,0.0,2827.0,2827.0,0.0,1811.02,1110.83,700.19,0.0,0,0,0.0,0.0,-0.5448742332242787
411850,4118501,Pato Branco (PR),41,0.303,7829.0,0.72,571.55,Faixa 2 (R$ 15k),15000.0,0,0.7,847937.0,8090.0,856027.0,0.9905,109340.53,16907.01,92433.52,0.0,0,0,0.0,0.0,1.771054329719605
411860,4118600,Paula Freitas (PR),41,0.26,1368.0,0.736,599.04,Faixa 3 (R$ 10k),10000.0,0,0.35,15430.0,1286.0,16716.0,0.9231,12219.3,939.33,11279.97,0.0,0,0,0.0,0.0,0.07466028273263552
411870,4118709,Paulo Frontin (PR),41,0.461,284.0,0.635,334.74,Faixa 1 (R$ 20k),20000.0,0,0.8,5154.0,1465.0,6619.0,0.7787,23306.34,4507.04,18799.3,0.0,0,0,0.0,0.0,0.23274475783140836
411880,4118808,Peabiru (PR),41,0.315,1732.0,0.68,474.96,Faixa 2 (R$ 15k),15000.0,0,0.7,10120.0,6711.0,16831.0,0.6013,9717.67,3134.53,6583.14,0.0,0,0,0.0,0.0,-0.07150293123097248
411885,4118857,Perobal (PR),41,0.239,514.0,0.684,442.31,Faixa 3 (R$ 10k),10000.0,0,0.35,0.0,3014.0,3014.0,0.0,5863.81,2593.39,3270.43,0.0,0,0,0.0,0.0,-0.45442316964005897
411925,4119251,Pinhal de São Bento (PR),41,0.281,386.0,0.655,428.87,Faixa 3 (R$ 10k),10000.0,0,0.35,5727.0,1919.0,7646.0,0.749,19808.29,3505.18,16303.11,0.0,0,0,0.0,0.0,0.1460967160633047
411920,4119202,Pinhalão (PR),41,0.229,746.0,0.655,449.44,Faixa 3 (R$ 10k),10000.0,0,0.35,14114.0,1865.0,15979.0,0.8833,21419.57,1825.74,19593.83,0.0,0,0,0.0,0.0,0.19459451784500623
411930,4119301,Pinhão (PR),41,0.252,2607.0,0.706,467.3,Faixa 3 (R$ 10k),10000.0,0,0.35,15481.0,8019.0,23500.0,0.6588,9014.19,2745.3,6268.89,0.0,0,0,0.0,0.0,-0.0600764988734662
411940,4119400,Piraí do Sul (PR),41,0.501,1651.0,0.639,395.71,Faixa 1 (R$ 20k),20000.0,0,0.8,11401.0,5771.0,17172.0,0.6639,10400.97,2489.4,7911.57,0.0,0,0,0.0,0.0,-0.04619802109012093
411960,4119608,Pitanga (PR),41,0.348,2512.0,0.664,406.5,Faixa 2 (R$ 15k),15000.0,0,0.7,36166.0,5541.0,41707.0,0.8671,16603.11,1782.25,14820.86,0.0,0,0,0.0,0.0,0.12303348687946784
411965,4119657,Pitangueiras (PR),41,0.336,439.0,0.674,412.8,Faixa 2 (R$ 15k),15000.0,0,0.7,0.0,3329.0,3329.0,0.0,7583.14,4000.0,3583.14,0.0,0,0,0.0,0.0,-0.3958949793711334
411970,4119707,Planaltina do Paraná (PR),41,0.463,646.0,0.68,427.96,Faixa 1 (R$ 20k),20000.0,0,0.8,10176.0,2700.0,12876.0,0.7903,19931.89,3648.61,16283.28,0.0,0,0,0.0,0.0,0.17334030614164284
411980,4119806,Planalto (PR),41,0.171,3207.0,0.768,757.72,Faixa 3 (R$ 10k),10000.0,0,0.35,20856.0,6202.0,27058.0,0.7708,8437.17,1168.69,7268.48,0.0,0,0,0.0,0.0,-0.0488505279830835
411990,4119905,Ponta Grossa (PR),41,0.358,31063.0,0.703,525.36,Faixa 2 (R$ 15k),15000.0,0,0.7,167086.0,25619.0,192705.0,0.8671,6203.68,1910.73,4292.95,0.0,0,0,0.0,0.0,-0.007132113047855726
411995,4119954,Pontal do Paraná (PR),41,0.238,3175.0,0.702,560.25,Faixa 3 (R$ 10k),10000.0,0,0.35,1508.0,11886.0,13394.0,0.1126,4218.58,3035.28,1183.31,0.0,0,0,0.0,0.0,-0.4042739615584658
412000,4120002,Porecatu (PR),41,0.174,2731.0,0.743,617.77,Faixa 3 (R$ 10k),10000.0,0,0.35,13758.0,6188.0,19946.0,0.6898,7303.55,2086.42,5217.14,0.0,0,0,0.0,0.0,-0.08264507760687592
412010,4120101,Porto Amazonas (PR),41,0.24,715.0,0.653,478.62,Faixa 3 (R$ 10k),10000.0,0,0.35,3392.0,2122.0,5514.0,0.6152,7711.89,2415.38,5296.5,0.0,0,0,0.0,0.0,-0.10850630922447073
412015,4120150,Porto Barreiro (PR),41,0.502,434.0,0.615,349.52,Faixa 1 (R$ 20k),20000.0,0,0.8,0.0,1550.0,1550.0,0.0,3571.43,1944.7,1626.73,0.0,0,0,0.0,0.0,-0.5006633236124074
412020,4120200,Porto Rico (PR),41,0.297,622.0,0.709,428.06,Faixa 3 (R$ 10k),10000.0,0,0.35,0.0,2957.0,2957.0,0.0,4754.02,3085.21,1668.81,0.0,0,0,0.0,0.0,-0.4559220719300569
412030,4120309,Porto Vitória (PR),41,0.32,518.0,0.621,400.62,Faixa 2 (R$ 15k),15000.0,0,0.7,2610.0,1587.0,4197.0,0.6219,8102.32,2306.95,5795.37,0.0,0,0,0.0,0.0,-0.10274554496843517
412033,4120333,Prado Ferreira (PR),41,0.225,517.0,0.706,617.83,Faixa 3 (R$ 10k),10000.0,0,0.35,3227.0,2680.0,5907.0,0.5463,11425.53,4742.75,6682.79,0.0,0,0,0.0,0.0,-0.03711354055370334
412035,4120358,Pranchita (PR),41,0.325,616.0,0.67,568.6,Faixa 2 (R$ 15k),15000.0,0,0.7,13380.0,2246.0,15626.0,0.8563,25366.88,2448.05,22918.83,0.0,0,0,0.0,0.0,0.24705193741130077
412040,4120408,Presidente Castelo Branco (PR),41,0.176,820.0,0.685,491.19,Faixa 3 (R$ 10k),10000.0,0,0.35,0.0,3058.0,3058.0,0.0,3729.27,1056.1,2673.17,0.0,0,0,0.0,0.0,-0.5216685298476375
412050,4120507,Primeiro de Maio (PR),41,0.302,1796.0,0.68,424.45,Faixa 2 (R$ 15k),15000.0,0,0.7,9578.0,5768.0,15346.0,0.6241,8544.54,2826.28,5718.26,0.0,0,0,0.0,0.0,-0.0824397922590708
412060,4120606,Prudentópolis (PR),41,0.371,2303.0,0.652,395.23,Faixa 2 (R$ 15k),15000.0,0,0.7,76526.0,12527.0,89053.0,0.8593,38668.26,5524.1,33144.16,0.0,0,0,0.0,0.0,0.49912031826561093
411890,4118907,Pérola (PR),41,0.162,1331.0,0.657,521.94,Faixa 3 (R$ 10k),10000.0,0,0.35,989.0,2889.0,3878.0,0.255,2913.6,1557.48,1356.12,0.0,0,0,0.0,0.0,-0.3836825973736001
411900,4119004,Pérola D'Oeste (PR),41,0.321,612.0,0.67,407.61,Faixa 2 (R$ 15k),15000.0,0,0.7,5991.0,2426.0,8417.0,0.7118,13753.27,2375.82,11377.45,0.0,0,0,0.0,0.0,0.01933650886848528
412065,4120655,Quarto Centenário (PR),41,0.432,709.0,0.652,412.79,Faixa 1 (R$ 20k),20000.0,0,0.8,7554.0,5316.0,12870.0,0.5869,18152.33,4803.95,13348.38,0.0,0,0,0.0,0.0,0.07239093708344135
412070,4120705,Quatiguá (PR),41,0.41,623.0,0.668,443.59,Faixa 1 (R$ 20k),20000.0,0,0.8,14496.0,2609.0,17105.0,0.8475,27455.86,3263.24,24192.62,0.0,0,0,0.0,0.0,0.2903217331998956
412085,4120853,Quatro Pontes (PR),41,0.11,1290.0,0.795,890.48,Faixa 3 (R$ 10k),10000.0,0,0.35,0.0,2013.0,2013.0,0.0,1560.47,766.67,793.8,0.0,0,0,0.0,0.0,-0.5570106840972151
412090,4120903,Quedas do Iguaçu (PR),41,0.361,3249.0,0.664,532.39,Faixa 2 (R$ 15k),15000.0,0,0.7,23594.0,10116.0,33710.0,0.6999,10375.5,2461.06,7914.44,0.0,0,0,0.0,0.0,-0.02813554644674134
412100,4121000,Querência do Norte (PR),41,0.355,1786.0,0.678,435.48,Faixa 2 (R$ 15k),15000.0,0,0.7,13613.0,4284.0,17897.0,0.7606,10020.72,2111.98,7908.73,0.0,0,0,0.0,0.0,-0.009492437294570832
412110,4121109,Quinta do Sol (PR),41,0.409,950.0,0.69,511.47,Faixa 1 (R$ 20k),20000.0,0,0.8,0.0,2024.0,2024.0,0.0,2130.53,1762.11,368.42,0.0,0,0,0.0,0.0,-0.5238923992758808
412125,4121257,Ramilândia (PR),41,0.301,405.0,0.618,363.94,Faixa 2 (R$ 15k),15000.0,0,0.7,3826.0,3371.0,7197.0,0.5316,17770.37,2669.14,15101.23,0.0,0,0,0.0,0.0,-0.017220282895646706
412130,4121307,Rancho Alegre (PR),41,0.418,608.0,0.65,384.23,Faixa 1 (R$ 20k),20000.0,0,0.8,6164.0,2538.0,8702.0,0.7083,14312.5,2851.97,11460.53,0.0,0,0,0.0,0.0,0.03699716694275497
412135,4121356,Rancho Alegre D'Oeste (PR),41,0.406,626.0,0.676,381.16,Faixa 1 (R$ 20k),20000.0,0,0.8,43160.0,3317.0,46477.0,0.9286,74244.41,3837.06,70407.35,0.0,0,0,0.0,0.0,0.9488927623408309
412140,4121406,Realeza (PR),41,0.282,1231.0,0.643,459.59,Faixa 3 (R$ 10k),10000.0,0,0.35,19895.0,6922.0,26817.0,0.7419,21784.73,3424.86,18359.87,0.0,0,0,0.0,0.0,0.1656144633621539
412150,4121505,Rebouças (PR),41,0.372,1005.0,0.658,348.25,Faixa 2 (R$ 15k),15000.0,0,0.7,19125.0,6669.0,25794.0,0.7415,25665.67,8898.51,16767.16,0.0,0,0,0.0,0.0,0.3570908877964232
412160,4121604,Renascença (PR),41,0.362,987.0,0.639,394.79,Faixa 2 (R$ 15k),15000.0,0,0.7,8813.0,6726.0,15539.0,0.5672,15743.67,1761.9,13981.76,0.0,0,0,0.0,0.0,-0.04783975728501151
412170,4121703,Reserva (PR),41,0.397,4390.0,0.568,324.81,Faixa 2 (R$ 15k),15000.0,0,0.7,9267.0,7137.0,16404.0,0.5649,3736.67,1262.41,2474.26,0.0,0,0,0.0,0.0,-0.21613936470194553
412175,4121752,Reserva do Iguaçu (PR),41,0.374,892.0,0.624,358.63,Faixa 2 (R$ 15k),15000.0,0,0.7,11664.0,1866.0,13530.0,0.8621,15168.16,1808.3,13359.87,0.0,0,0,0.0,0.0,0.1026324324012775
412180,4121802,Ribeirão Claro (PR),41,0.183,843.0,0.667,407.71,Faixa 3 (R$ 10k),10000.0,0,0.35,16247.0,3714.0,19961.0,0.8139,23678.53,2230.13,21448.4,0.0,0,0,0.0,0.0,0.1972069009463004
412190,4121901,Ribeirão do Pinhal (PR),41,0.417,1680.0,0.655,447.81,Faixa 1 (R$ 20k),20000.0,0,0.8,21213.0,5244.0,26457.0,0.8018,15748.21,2337.5,13410.71,0.0,0,0,0.0,0.0,0.09176190652098495
412200,4122008,Rio Azul (PR),41,0.494,869.0,0.621,503.31,Faixa 1 (R$ 20k),20000.0,0,0.8,6744.0,3434.0,10178.0,0.6626,11712.31,2681.24,9031.07,0.0,0,0,0.0,0.0,-0.025082923648890032
412210,4122107,Rio Bom (PR),41,0.26,455.0,0.679,386.55,Faixa 3 (R$ 10k),10000.0,0,0.35,4393.0,1462.0,5855.0,0.7503,12868.13,2676.92,10191.21,0.0,0,0,0.0,0.0,0.03623026699948828
412215,4122156,Rio Bonito do Iguaçu (PR),41,0.333,2155.0,0.622,297.34,Faixa 2 (R$ 15k),15000.0,0,0.7,7266.0,5964.0,13230.0,0.5492,6139.21,2232.48,3906.73,0.0,0,0,0.0,0.0,-0.1684955908689261
412217,4122172,Rio Branco do Ivaí (PR),41,0.401,831.0,0.622,283.59,Faixa 1 (R$ 20k),20000.0,0,0.8,4241.0,1397.0,5638.0,0.7522,6784.6,1500.6,5284.0,0.0,0,0,0.0,0.0,-0.0713423101021694
412240,4122404,Rolândia (PR),41,0.24,7851.0,0.718,584.46,Faixa 3 (R$ 10k),10000.0,0,0.35,520264.0,24292.0,544556.0,0.9554,69361.36,3561.2,65800.15,0.0,0,0,0.0,0.0,0.893296641559212
412250,4122503,Roncador (PR),41,0.321,1448.0,0.633,353.97,Faixa 2 (R$ 15k),15000.0,0,0.7,35558.0,5126.0,40684.0,0.874,28096.69,2914.36,25182.32,0.0,0,0,0.0,0.0,0.3035827282369373
412260,4122602,Rondon (PR),41,0.24,1223.0,0.676,547.21,Faixa 3 (R$ 10k),10000.0,0,0.35,17706.0,15714.0,33420.0,0.5298,27326.25,5945.22,21381.03,0.0,0,0,0.0,0.0,0.18940243809342153
412265,4122651,Rosário do Ivaí (PR),41,0.346,949.0,0.659,391.87,Faixa 2 (R$ 15k),15000.0,0,0.7,9132.0,2670.0,11802.0,0.7738,12436.25,2318.23,10118.02,0.0,0,0,0.0,0.0,0.033873215490000864
412270,4122701,Sabáudia (PR),41,0.181,718.0,0.72,464.65,Faixa 3 (R$ 10k),10000.0,0,0.35,7174.0,3112.0,10286.0,0.6975,14325.91,3509.75,10816.16,0.0,0,0,0.0,0.0,0.04848093171932057
412280,4122800,Salgado Filho (PR),41,0.327,327.0,0.613,354.75,Faixa 2 (R$ 15k),15000.0,0,0.7,8471.0,2897.0,11368.0,0.7452,34764.53,3480.12,31284.4,0.0,0,0,0.0,0.0,0.3354190820668638
412290,4122909,Salto do Itararé (PR),41,0.319,584.0,0.666,421.55,Faixa 2 (R$ 15k),15000.0,0,0.7,3564.0,977.0,4541.0,0.7848,7775.68,1385.27,6390.41,0.0,0,0,0.0,0.0,-0.04429138487327598
412300,4123006,Salto do Lontra (PR),41,0.332,1028.0,0.613,412.88,Faixa 2 (R$ 15k),15000.0,0,0.7,8238.0,7178.0,15416.0,0.5344,14996.11,3533.07,11463.04,0.0,0,0,0.0,0.0,-0.028953590855761047
412310,4123105,Santa Amélia (PR),41,0.249,1454.0,0.689,478.42,Faixa 3 (R$ 10k),10000.0,0,0.35,0.0,1505.0,1505.0,0.0,1035.08,854.2,180.88,0.0,0,0,0.0,0.0,-0.5614863571043344
412320,4123204,Santa Cecília do Pavão (PR),41,0.406,618.0,0.691,417.71,Faixa 1 (R$ 20k),20000.0,0,0.8,11336.0,1367.0,12703.0,0.8924,20555.02,2003.24,18551.78,0.0,0,0,0.0,0.0,0.1929311282892868
412330,4123303,Santa Cruz de Monte Castelo (PR),41,0.332,1554.0,0.713,470.33,Faixa 2 (R$ 15k),15000.0,0,0.7,34538.0,4048.0,38586.0,0.8951,24830.12,2199.49,22630.63,0.0,0,0,0.0,0.0,0.25433067314604474
412340,4123402,Santa Fé (PR),41,0.206,1554.0,0.699,608.96,Faixa 3 (R$ 10k),10000.0,0,0.35,12458.0,2522.0,14980.0,0.8316,9639.64,1003.22,8636.42,0.0,0,0,0.0,0.0,-0.005405152064731122
412350,4123501,Santa Helena (PR),41,0.232,1457.0,0.659,436.4,Faixa 3 (R$ 10k),10000.0,0,0.35,15344.0,13100.0,28444.0,0.5394,19522.31,5284.15,14238.16,0.0,0,0,0.0,0.0,0.07719028487613322
412360,4123600,Santa Inês (PR),41,0.217,257.0,0.723,497.22,Faixa 3 (R$ 10k),10000.0,0,0.35,0.0,1959.0,1959.0,0.0,7622.57,1443.58,6178.99,0.0,0,0,0.0,0.0,-0.4616479452683911
412370,4123709,Santa Isabel do Ivaí (PR),41,0.33,1494.0,0.697,468.35,Faixa 2 (R$ 15k),15000.0,0,0.7,21940.0,3632.0,25572.0,0.858,17116.47,1775.77,15340.7,0.0,0,0,0.0,0.0,0.12462133142679314
412380,4123808,Santa Izabel do Oeste (PR),41,0.38,1343.0,0.655,371.79,Faixa 2 (R$ 15k),15000.0,0,0.7,44817.0,4169.0,48986.0,0.9149,36475.06,2008.94,34466.12,0.0,0,0,0.0,0.0,0.40939406984261223
412382,4123824,Santa Lúcia (PR),41,0.327,382.0,0.62,535.9,Faixa 2 (R$ 15k),15000.0,0,0.7,0.0,4114.0,4114.0,0.0,10769.63,5251.31,5518.32,0.0,0,0,0.0,0.0,-0.3225582255493915
412385,4123857,Santa Maria do Oeste (PR),41,0.503,2323.0,0.59,261.33,Faixa 1 (R$ 20k),20000.0,0,0.8,8036.0,2613.0,10649.0,0.7546,4584.16,991.82,3592.34,0.0,0,0,0.0,0.0,-0.11150096059078396
412390,4123907,Santa Mariana (PR),41,0.255,1488.0,0.647,487.49,Faixa 3 (R$ 10k),10000.0,0,0.35,17817.0,3261.0,21078.0,0.8453,14165.32,4693.55,9471.77,0.0,0,0,0.0,0.0,0.15561654174174647
412395,4123956,Santa Mônica (PR),41,0.26,453.0,0.717,475.14,Faixa 3 (R$ 10k),10000.0,0,0.35,3209.0,2492.0,5701.0,0.5629,12584.99,4134.66,8450.33,0.0,0,0,0.0,0.0,-0.029172464794882218
412402,4124020,Santa Tereza do Oeste (PR),41,0.39,1484.0,0.674,512.34,Faixa 2 (R$ 15k),15000.0,0,0.7,15411.0,10279.0,25690.0,0.5999,17311.32,4842.32,12469.0,0.0,0,0,0.0,0.0,0.06949541835208128
412405,4124053,Santa Terezinha de Itaipu (PR),41,0.251,2931.0,0.667,470.36,Faixa 3 (R$ 10k),10000.0,0,0.35,19180.0,6703.0,25883.0,0.741,8830.77,1696.69,7134.08,0.0,0,0,0.0,0.0,-0.045943266230563724
412400,4124004,Santana do Itararé (PR),41,0.286,467.0,0.605,402.04,Faixa 3 (R$ 10k),10000.0,0,0.35,27353.0,1402.0,28755.0,0.9512,61573.88,2475.37,59098.5,0.0,0,0,0.0,0.0,0.762955695777365
412410,4124103,Santo Antônio da Platina (PR),41,0.334,5157.0,0.656,436.1,Faixa 2 (R$ 15k),15000.0,0,0.7,46706.0,7160.0,53866.0,0.8671,10445.22,1140.97,9304.25,0.0,0,0,0.0,0.0,0.027364592649637975
412420,4124202,Santo Antônio do Caiuá (PR),41,0.256,745.0,0.671,407.55,Faixa 3 (R$ 10k),10000.0,0,0.35,14089.0,1537.0,15626.0,0.9016,20974.5,1813.42,19161.07,0.0,0,0,0.0,0.0,0.1982831959347282
412430,4124301,Santo Antônio do Paraíso (PR),41,0.42,259.0,0.697,560.66,Faixa 1 (R$ 20k),20000.0,0,0.8,3358.0,1003.0,4361.0,0.77,16837.84,3467.18,13370.66,0.0,0,0,0.0,0.0,0.11813631184306972
412440,4124400,Santo Antônio do Sudoeste (PR),41,0.331,2473.0,0.641,490.63,Faixa 2 (R$ 15k),15000.0,0,0.7,38381.0,8608.0,46989.0,0.8168,19000.81,4192.88,14807.93,0.0,0,0,0.0,0.0,0.18957233964841302
412450,4124509,Santo Inácio (PR),41,0.247,940.0,0.696,557.0,Faixa 3 (R$ 10k),10000.0,0,0.35,11809.0,2667.0,14476.0,0.8158,15400.0,1702.13,13697.87,0.0,0,0,0.0,0.0,0.07826111998715919
412620,4126207,Sapopema (PR),41,0.381,467.0,0.647,410.22,Faixa 2 (R$ 15k),15000.0,0,0.7,8232.0,1820.0,10052.0,0.8189,21524.63,3389.72,18134.9,0.0,0,0,0.0,0.0,0.2022687906296095
412625,4126256,Sarandi (PR),41,0.311,18206.0,0.677,495.07,Faixa 2 (R$ 15k),15000.0,0,0.7,38915.0,26354.0,65269.0,0.5962,3585.03,792.27,2792.76,0.0,0,0,0.0,0.0,-0.21364414016553263
412627,4126272,Saudade do Iguaçu (PR),41,0.342,675.0,0.678,362.81,Faixa 2 (R$ 15k),15000.0,0,0.7,8490.0,10763.0,19253.0,0.441,28522.96,9248.89,19274.07,0.0,0,0,0.0,0.0,0.2432188268415767
412630,4126306,Sengés (PR),41,0.477,2275.0,0.659,363.14,Faixa 1 (R$ 20k),20000.0,0,0.8,4035.0,4467.0,8502.0,0.4746,3737.14,1273.85,2463.3,0.0,0,0,0.0,0.0,-0.2638060323179223
412635,4126355,Serranópolis do Iguaçu (PR),41,0.175,1218.0,0.773,934.69,Faixa 3 (R$ 10k),10000.0,0,0.35,3765.0,6692.0,10457.0,0.36,8585.39,2131.36,6454.02,0.0,0,0,0.0,0.0,-0.24022244057896466
412640,4126405,Sertaneja (PR),41,0.274,772.0,0.706,500.19,Faixa 3 (R$ 10k),10000.0,0,0.35,20455.0,3152.0,23607.0,0.8665,30579.02,4226.68,26352.33,0.0,0,0,0.0,0.0,0.3654774466229615
412650,4126504,Sertanópolis (PR),41,0.242,1844.0,0.7,489.03,Faixa 3 (R$ 10k),10000.0,0,0.35,12139.0,8820.0,20959.0,0.5792,11366.05,4395.88,6970.17,0.0,0,0,0.0,0.0,-0.02939038804445161
412660,4126603,Siqueira Campos (PR),41,0.289,1362.0,0.665,425.63,Faixa 3 (R$ 10k),10000.0,0,0.35,31412.0,5306.0,36718.0,0.8555,26958.88,2701.17,24257.71,0.0,0,0,0.0,0.0,0.2736237269287871
412665,4126652,Sulina (PR),41,0.244,710.0,0.734,668.28,Faixa 3 (R$ 10k),10000.0,0,0.35,6059.0,5458.0,11517.0,0.5261,16221.13,6138.03,10083.1,0.0,0,0,0.0,0.0,0.04987985326567039
412460,4124608,São Carlos do Ivaí (PR),41,0.39,1126.0,0.674,539.7,Faixa 2 (R$ 15k),15000.0,0,0.7,11184.0,2120.0,13304.0,0.8406,11815.28,1540.85,10274.42,0.0,0,0,0.0,0.0,0.04123875478054693
412470,4124707,São Jerônimo da Serra (PR),41,0.407,916.0,0.652,354.5,Faixa 1 (R$ 20k),20000.0,0,0.8,12248.0,3430.0,15678.0,0.7812,17115.72,3339.52,13776.2,0.0,0,0,0.0,0.0,0.12434430285570397
412520,4125209,São Jorge D'Oeste (PR),41,0.269,845.0,0.667,402.26,Faixa 3 (R$ 10k),10000.0,0,0.35,7226.0,3175.0,10401.0,0.6947,12308.88,2053.25,10255.62,0.0,0,0,0.0,0.0,-0.0166494199770523
412530,4125308,São Jorge do Ivaí (PR),41,0.266,623.0,0.68,556.69,Faixa 3 (R$ 10k),10000.0,0,0.35,2113.0,1315.0,3428.0,0.6164,5502.41,1813.8,3688.6,0.0,0,0,0.0,0.0,-0.15182372685135953
412535,4125357,São Jorge do Patrocínio (PR),41,0.301,819.0,0.638,452.9,Faixa 2 (R$ 15k),15000.0,0,0.7,4282.0,3541.0,7823.0,0.5474,9551.89,2236.87,7315.02,0.0,0,0,0.0,0.0,-0.12553003872886365
412540,4125407,São José da Boa Vista (PR),41,0.427,630.0,0.631,332.34,Faixa 1 (R$ 20k),20000.0,0,0.8,9208.0,1038.0,10246.0,0.8987,16263.49,1323.81,14939.68,0.0,0,0,0.0,0.0,0.12357826087397165
412545,4125456,São José das Palmeiras (PR),41,0.301,600.0,0.701,362.1,Faixa 2 (R$ 15k),15000.0,0,0.7,0.0,1993.0,1993.0,0.0,3321.67,2421.67,900.0,0.0,0,0,0.0,0.0,-0.49150699881725013
412480,4124806,São João (PR),41,0.385,983.0,0.677,460.25,Faixa 2 (R$ 15k),15000.0,0,0.7,24679.0,21617.0,46296.0,0.5331,47096.64,11896.24,35200.41,0.0,0,0,0.0,0.0,0.5991873142111801
412490,4124905,São João do Caiuá (PR),41,0.419,1438.0,0.652,410.66,Faixa 1 (R$ 20k),20000.0,0,0.8,11094.0,2544.0,13638.0,0.8135,9484.01,1522.25,7961.75,0.0,0,0,0.0,0.0,-0.003565528184121214
412500,4125001,São João do Ivaí (PR),41,0.371,1932.0,0.683,453.44,Faixa 2 (R$ 15k),15000.0,0,0.7,8356.0,2357.0,10713.0,0.78,5545.03,1071.43,4473.6,0.0,0,0,0.0,0.0,-0.08361003441466461
412510,4125100,São João do Triunfo (PR),41,0.406,1276.0,0.579,321.53,Faixa 1 (R$ 20k),20000.0,0,0.8,4494.0,4032.0,8526.0,0.5271,6681.82,2444.36,4237.46,0.0,0,0,0.0,0.0,-0.1677785348363853
412555,4125555,São Manoel do Paraná (PR),41,0.123,357.0,0.708,544.54,Faixa 3 (R$ 10k),10000.0,0,0.35,0.0,12380.0,12380.0,0.0,34677.87,13246.5,21431.37,0.0,0,0,0.0,0.0,0.19157265858064432
412560,4125605,São Mateus do Sul (PR),41,0.39,2264.0,0.71,607.17,Faixa 2 (R$ 15k),15000.0,0,0.7,14653.0,11311.0,25964.0,0.5644,11468.2,4014.13,7454.06,0.0,0,0,0.0,0.0,-0.04583571819872753
412570,4125704,São Miguel do Iguaçu (PR),41,0.263,1833.0,0.684,496.6,Faixa 3 (R$ 10k),10000.0,0,0.35,39160.0,10492.0,49652.0,0.7887,27087.83,5242.77,21845.06,0.0,0,0,0.0,0.0,0.30566846231886846
412575,4125753,São Pedro do Iguaçu (PR),41,0.418,872.0,0.647,390.16,Faixa 1 (R$ 20k),20000.0,0,0.8,9809.0,2834.0,12643.0,0.7758,14498.85,2558.49,11940.37,0.0,0,0,0.0,0.0,0.06764018606273296
412580,4125803,São Pedro do Ivaí (PR),41,0.386,1481.0,0.656,439.72,Faixa 2 (R$ 15k),15000.0,0,0.7,6385.0,2001.0,8386.0,0.7614,5662.39,945.98,4716.41,0.0,0,0,0.0,0.0,-0.09523572294671412
412590,4125902,São Pedro do Paraná (PR),41,0.226,458.0,0.672,446.58,Faixa 3 (R$ 10k),10000.0,0,0.35,2501.0,1414.0,3915.0,0.6388,8548.03,2631.0,5917.03,0.0,0,0,0.0,0.0,-0.07964744611131895
412600,4126009,São Sebastião da Amoreira (PR),41,0.36,1510.0,0.679,417.86,Faixa 2 (R$ 15k),15000.0,0,0.7,10558.0,3421.0,13979.0,0.7553,9257.62,1828.48,7429.14,0.0,0,0,0.0,0.0,-0.02945157726389875
412610,4126108,São Tomé (PR),41,0.183,756.0,0.693,499.71,Faixa 3 (R$ 10k),10000.0,0,0.35,18371.0,13669.0,32040.0,0.5734,42380.95,8693.12,33687.83,0.0,0,0,0.0,0.0,0.4770402327353464
412667,4126678,Tamarana (PR),41,0.339,1613.0,0.633,317.35,Faixa 2 (R$ 15k),15000.0,0,0.7,7375.0,5924.0,13299.0,0.5546,8244.89,4060.14,4184.75,0.0,0,0,0.0,0.0,-0.091226156898595
412670,4126702,Tamboara (PR),41,0.228,600.0,0.69,419.83,Faixa 3 (R$ 10k),10000.0,0,0.35,12841.0,3172.0,16013.0,0.8019,26688.33,4593.33,22095.0,0.0,0,0,0.0,0.0,0.2907196218417477
412680,4126801,Tapejara (PR),41,0.268,2855.0,0.691,519.17,Faixa 3 (R$ 10k),10000.0,0,0.35,15467.0,20664.0,36131.0,0.4281,12655.34,3012.96,9642.38,0.0,0,0,0.0,0.0,-0.12895104125007045
412690,4126900,Tapira (PR),41,0.348,772.0,0.661,428.8,Faixa 2 (R$ 15k),15000.0,0,0.7,18986.0,1649.0,20635.0,0.9201,26729.27,1705.96,25023.32,0.0,0,0,0.0,0.0,0.2791986597788375
412700,4127007,Teixeira Soares (PR),41,0.35,1317.0,0.586,310.83,Faixa 2 (R$ 15k),15000.0,0,0.7,1756.0,3908.0,5664.0,0.31,4300.68,2191.34,2109.34,0.0,0,0,0.0,0.0,-0.32023089230924595
412710,4127106,Telêmaco Borba (PR),41,0.299,9703.0,0.677,509.0,Faixa 3 (R$ 10k),10000.0,0,0.35,212756.0,15190.0,227946.0,0.9334,23492.32,1847.57,21644.75,0.0,0,0,0.0,0.0,0.24838203160613456
412720,4127205,Terra Boa (PR),41,0.222,2638.0,0.708,511.93,Faixa 3 (R$ 10k),10000.0,0,0.35,17206.0,9326.0,26532.0,0.6485,10057.62,2984.08,7073.54,0.0,0,0,0.0,0.0,-0.04596488126889312
412730,4127304,Terra Rica (PR),41,0.239,2883.0,0.71,528.1,Faixa 3 (R$ 10k),10000.0,0,0.35,30103.0,7481.0,37584.0,0.801,13036.42,2355.19,10681.23,0.0,0,0,0.0,0.0,0.05698466485321267
412740,4127403,Terra Roxa (PR),41,0.264,2089.0,0.668,523.21,Faixa 3 (R$ 10k),10000.0,0,0.35,22226.0,7495.0,29721.0,0.7478,14227.38,2588.8,11638.58,0.0,0,0,0.0,0.0,0.05006670761162744
412750,4127502,Tibagi (PR),41,0.327,1738.0,0.649,427.33,Faixa 2 (R$ 15k),15000.0,0,0.7,5880.0,6685.0,12565.0,0.468,7229.57,3089.18,4140.39,0.0,0,0,0.0,0.0,-0.17542943514148135
412770,4127700,Toledo (PR),41,0.205,17086.0,0.722,600.01,Faixa 3 (R$ 10k),10000.0,0,0.35,57671.0,29722.0,87393.0,0.6599,5114.89,1992.51,3122.38,0.0,0,0,0.0,0.0,-0.1290581268501533
412780,4127809,Tomazina (PR),41,0.303,1233.0,0.632,338.76,Faixa 2 (R$ 15k),15000.0,0,0.7,20543.0,2197.0,22740.0,0.9034,18442.82,1374.7,17068.13,0.0,0,0,0.0,0.0,0.15536974400861586
412785,4127858,Três Barras do Paraná (PR),41,0.376,887.0,0.634,357.92,Faixa 2 (R$ 15k),15000.0,0,0.7,9853.0,4159.0,14012.0,0.7032,15797.07,3388.95,12408.12,0.0,0,0,0.0,0.0,0.06726293174693798
412790,4127908,Tuneiras do Oeste (PR),41,0.375,1218.0,0.698,443.84,Faixa 2 (R$ 15k),15000.0,0,0.7,3324.0,19916.0,23240.0,0.143,19080.46,7796.39,11284.07,0.0,0,0,0.0,0.0,-0.07394373453548843
412795,4127957,Tupãssi (PR),41,0.28,938.0,0.655,416.28,Faixa 3 (R$ 10k),10000.0,0,0.35,0.0,3368.0,3368.0,0.0,3590.62,2459.49,1131.13,0.0,0,0,0.0,0.0,-0.48707428961305776
412796,4127965,Turvo (PR),41,0.52,1702.0,0.634,380.14,Faixa 1 (R$ 20k),20000.0,0,0.8,16365.0,4199.0,20564.0,0.7958,12082.26,2548.77,9533.49,0.0,0,0,0.0,0.0,0.04699127674309474
412800,4128005,Ubiratã (PR),41,0.354,3221.0,0.704,496.9,Faixa 2 (R$ 15k),15000.0,0,0.7,44428.0,9803.0,54231.0,0.8192,16836.7,3377.83,13458.86,0.0,0,0,0.0,0.0,0.14194185843065377
412810,4128104,Umuarama (PR),41,0.248,15929.0,0.72,548.54,Faixa 3 (R$ 10k),10000.0,0,0.35,83932.0,5888.0,89820.0,0.9344,5638.77,2011.99,3626.78,0.0,0,0,0.0,0.0,0.0239919566166789
412830,4128302,Uniflor (PR),41,0.189,461.0,0.707,518.87,Faixa 3 (R$ 10k),10000.0,0,0.35,0.0,2051.0,2051.0,0.0,4449.02,845.99,3603.04,0.0,0,0,0.0,0.0,-0.5178749405371359
412820,4128203,União da Vitória (PR),41,0.344,6020.0,0.679,415.71,Faixa 2 (R$ 15k),15000.0,0,0.7,21504.0,7237.0,28741.0,0.7482,4774.25,1133.22,3641.03,0.0,0,0,0.0,0.0,-0.10879571867053081
412840,4128401,Uraí (PR),41,0.332,1510.0,0.657,379.41,Faixa 2 (R$ 15k),15000.0,0,0.7,7935.0,4983.0,12918.0,0.6143,8554.97,2791.39,5763.58,0.0,0,0,0.0,0.0,-0.08841617639526833
412853,4128534,Ventania (PR),41,0.318,882.0,0.655,339.84,Faixa 2 (R$ 15k),15000.0,0,0.7,9473.0,3053.0,12526.0,0.7563,14201.81,2994.33,11207.48,0.0,0,0,0.0,0.0,0.06476466722111392
412855,4128559,Vera Cruz do Oeste (PR),41,0.331,1527.0,0.678,463.92,Faixa 2 (R$ 15k),15000.0,0,0.7,6051.0,5584.0,11635.0,0.5201,7619.52,2389.65,5229.86,0.0,0,0,0.0,0.0,-0.16087807566221132
412860,4128609,Verê (PR),41,0.172,1680.0,0.741,689.8,Faixa 3 (R$ 10k),10000.0,0,0.35,13273.0,2946.0,16219.0,0.8184,9654.17,989.88,8664.29,0.0,0,0,0.0,0.0,-0.012576509157658145
412865,4128658,Virmond (PR),41,0.404,965.0,0.748,715.78,Faixa 1 (R$ 20k),20000.0,0,0.8,0.0,2908.0,2908.0,0.0,3013.47,1477.72,1535.75,0.0,0,0,0.0,0.0,-0.5199292786693139
412870,4128708,Vitorino (PR),41,0.44,407.0,0.57,423.44,Faixa 1 (R$ 20k),20000.0,0,0.8,5461.0,26319.0,31780.0,0.1718,78083.54,26083.54,52000.0,0.0,0,0,0.0,0.0,1.1727469310346976
412850,4128500,Wenceslau Braz (PR),41,0.431,1982.0,0.637,371.56,Faixa 1 (R$ 20k),20000.0,0,0.8,25606.0,4673.0,30279.0,0.8457,15276.99,1896.06,13380.93,0.0,0,0,0.0,0.0,0.09759199417966188
412880,4128807,Xambrê (PR),41,0.39,1329.0,0.702,561.19,Faixa 2 (R$ 15k),15000.0,0,0.7,3857.0,1610.0,5467.0,0.7055,4113.62,942.06,3171.56,0.0,0,0,0.0,0.0,-0.14491387752770302
410115,4101150,Ângulo (PR),41,0.362,516.0,0.662,444.49,Faixa 2 (R$ 15k),15000.0,0,0.7,1.0,2445.0,2446.0,0.0004,4740.31,1986.43,2753.88,0.0,0,0,0.0,0.0,-0.4843645421091264
410020,4100202,Adrianópolis (PR),41,0.274,421.0,0.721,602.73,Faixa 3 (R$ 10k),10000.0,0,0.35,9565.0,3166.0,12731.0,0.7513,30239.9,6033.25,24206.65,0.0,0,0,0.0,0.0,0.3467515765606327
410030,4100301,Agudos do Sul (PR),41,0.362,1027.0,0.636,377.38,Faixa 2 (R$ 15k),15000.0,0,0.7,5269.0,7528.0,12797.0,0.4117,12460.56,4114.9,8345.67,0.0,0,0,0.0,0.0,-0.11160248940094161
410040,4100400,Almirante Tamandaré (PR),41,0.37,17104.0,0.675,532.11,Faixa 2 (R$ 15k),15000.0,0,0.7,14400.0,97094.0,111494.0,0.1292,6518.59,1532.97,4985.62,0.0,0,0,0.0,0.0,-0.40486888142803357
410180,4101804,Araucária (PR),41,0.334,16739.0,0.735,796.8,Faixa 2 (R$ 15k),15000.0,0,0.7,517579.0,41854.0,559433.0,0.9252,33420.93,6063.27,27357.67,0.0,0,0,0.0,0.0,0.4807434161780103
410230,4102307,Balsa Nova (PR),41,0.287,755.0,0.688,536.18,Faixa 3 (R$ 10k),10000.0,0,0.35,0.0,8780.0,8780.0,0.0,11629.14,5956.29,5672.85,0.0,0,0,0.0,0.0,-0.29325267247605635
410310,4103107,Bocaiúva do Sul (PR),41,0.218,716.0,0.623,468.64,Faixa 3 (R$ 10k),10000.0,0,0.35,18558.0,4562.0,23120.0,0.8027,32290.5,4638.27,27652.23,0.0,0,0,0.0,0.0,0.36422344750175406
410400,4104006,Campina Grande do Sul (PR),41,0.321,4854.0,0.695,543.95,Faixa 2 (R$ 15k),15000.0,0,0.7,14936.0,10632.0,25568.0,0.5842,5267.41,2860.32,2407.09,0.0,0,0,0.0,0.0,-0.14482118290064894
410420,4104204,Campo Largo (PR),41,0.281,9025.0,0.715,532.76,Faixa 3 (R$ 10k),10000.0,0,0.35,543194.0,26730.0,569924.0,0.9531,63149.47,31833.91,31315.57,0.0,0,0,0.0,0.0,1.545126356157552
410425,4104253,Campo Magro (PR),41,0.349,3169.0,0.695,502.7,Faixa 2 (R$ 15k),15000.0,0,0.7,15958.0,18078.0,34036.0,0.4689,10740.3,1996.21,8744.08,0.0,0,0,0.0,0.0,-0.15821316405677766
410410,4104105,Campo do Tenente (PR),41,0.466,832.0,0.654,395.71,Faixa 1 (R$ 20k),20000.0,0,0.8,4025.0,4334.0,8359.0,0.4815,10046.88,2914.66,7132.21,0.0,0,0,0.0,0.0,-0.1366160418252145
410520,4105201,Cerro Azul (PR),41,0.408,2921.0,0.532,290.9,Faixa 1 (R$ 20k),20000.0,0,0.8,0.0,8472.0,8472.0,0.0,2900.38,1255.73,1644.64,0.0,0,0,0.0,0.0,-0.5271347580947736
410580,4105805,Colombo (PR),41,0.35,35385.0,0.709,586.3,Faixa 2 (R$ 15k),15000.0,0,0.7,185703.0,154244.0,339947.0,0.5463,9607.09,2458.39,7148.71,0.0,0,0,0.0,0.0,-0.11966420812283907
410620,4106209,Contenda (PR),41,0.389,1317.0,0.635,393.28,Faixa 2 (R$ 15k),15000.0,0,0.7,18403.0,15464.0,33867.0,0.5434,25715.26,4180.71,21534.55,0.0,0,0,0.0,0.0,0.13021322237777183
410690,4106902,Curitiba (PR),41,0.297,169052.0,0.766,889.5,Faixa 3 (R$ 10k),10000.0,5,0.48,5612391.0,56998.0,5669389.0,0.9899,33536.36,7959.44,25576.92,1.0,45210,8658,735930.0,954.24,1.3689247933645425
412863,4128633,Doutor Ulysses (PR),41,0.393,912.0,0.512,245.49,Faixa 2 (R$ 15k),15000.0,0,0.7,833.0,2580.0,3413.0,0.2441,3742.32,1078.95,2663.38,0.0,0,0,0.0,0.0,-0.3912375926383979
410765,4107652,Fazenda Rio Grande (PR),41,0.351,12273.0,0.693,508.0,Faixa 2 (R$ 15k),15000.0,0,0.7,299460.0,94004.0,393464.0,0.7611,32059.32,3339.44,28719.87,0.0,0,0,0.0,0.0,0.30549295459908526
411125,4111258,Itaperuçu (PR),41,0.452,3100.0,0.639,428.51,Faixa 1 (R$ 20k),20000.0,0,0.8,7045.0,17993.0,25038.0,0.2814,8076.77,2914.84,5161.94,0.0,0,0,0.0,0.0,-0.2681985650938325
411320,4113205,Lapa (PR),41,0.368,3551.0,0.678,464.27,Faixa 2 (R$ 15k),15000.0,0,0.7,41966.0,21526.0,63492.0,0.661,17880.03,3846.8,14033.23,0.0,0,0,0.0,0.0,0.08345086653355394
411430,4114302,Mandirituba (PR),41,0.441,2787.0,0.622,373.57,Faixa 1 (R$ 20k),20000.0,0,0.8,23880.0,15761.0,39641.0,0.6024,14223.54,2691.07,11532.47,0.0,0,0,0.0,0.0,-0.024571448128066952
411915,4119152,Pinhais (PR),41,0.272,17049.0,0.731,681.01,Faixa 3 (R$ 10k),10000.0,0,0.35,317247.0,109670.0,426917.0,0.7431,25040.59,3113.38,21927.21,0.0,0,0,0.0,0.0,0.19997366419055534
411950,4119509,Piraquara (PR),41,0.353,6153.0,0.72,524.5,Faixa 2 (R$ 15k),15000.0,0,0.7,32154.0,95151.0,127305.0,0.2526,20689.91,3927.52,16762.39,0.0,0,0,0.0,0.0,-0.09533780147452234
411910,4119103,Piên (PR),41,0.326,2243.0,0.735,555.89,Faixa 2 (R$ 15k),15000.0,0,0.7,10154.0,4661.0,14815.0,0.6854,6604.99,1334.37,5270.62,0.0,0,0,0.0,0.0,-0.11344197911457032
412080,4120804,Quatro Barras (PR),41,0.31,2095.0,0.744,573.41,Faixa 2 (R$ 15k),15000.0,0,0.7,1440.0,8492.0,9932.0,0.145,4740.81,2327.92,2412.89,0.0,0,0,0.0,0.0,-0.39869254931527304
412120,4121208,Quitandinha (PR),41,0.322,418.0,0.71,433.69,Faixa 2 (R$ 15k),15000.0,0,0.7,12572.0,11339.0,23911.0,0.5258,57203.35,13043.06,44160.29,0.0,0,0,0.0,0.0,0.7547714742127394
412220,4122206,Rio Branco do Sul (PR),41,0.372,3845.0,0.661,444.21,Faixa 2 (R$ 15k),15000.0,0,0.7,16186.0,17201.0,33387.0,0.4848,8683.22,1915.73,6767.49,0.0,0,0,0.0,0.0,-0.17825898754306593
412230,4122305,Rio Negro (PR),41,0.223,2412.0,0.722,523.74,Faixa 3 (R$ 10k),10000.0,0,0.35,22398.0,9647.0,32045.0,0.699,13285.66,2139.72,11145.94,0.0,0,0,0.0,0.0,0.0004148417114781866
412550,4125506,São José dos Pinhais (PR),41,0.285,31245.0,0.72,626.27,Faixa 3 (R$ 10k),10000.0,0,0.35,237949.0,80342.0,318291.0,0.7476,10186.94,2828.87,7358.07,0.0,0,0,0.0,0.0,0.004316358426137801
412760,4127601,Tijucas do Sul (PR),41,0.342,1761.0,0.573,349.81,Faixa 2 (R$ 15k),15000.0,0,0.7,7602.0,10094.0,17696.0,0.4296,10048.84,3050.54,6998.3,0.0,0,0,0.0,0.0,-0.1606393617694541
412788,4127882,Tunas do Paraná (PR),41,0.322,494.0,0.605,317.91,Faixa 2 (R$ 15k),15000.0,0,0.7,233.0,3034.0,3267.0,0.0713,6613.36,3831.98,2781.38,0.0,0,0,0.0,0.0,-0.3748226606395864
430003,4300034,Aceguá (RS),43,0.529,534.0,0.624,406.81,Faixa 1 (R$ 20k),20000.0,0,0.8,871.0,4289.0,5160.0,0.1688,9662.92,5183.52,4479.4,0.0,0,0,0.0,0.0,-0.24885174849442326
430010,4300109,Agudo (RS),43,0.427,1010.0,0.592,356.38,Faixa 1 (R$ 20k),20000.0,0,0.8,2374.0,8199.0,10573.0,0.2245,10468.32,7307.92,3160.4,0.0,0,0,0.0,0.0,-0.15386222974467617
430020,4300208,Ajuricaba (RS),43,0.329,464.0,0.64,414.83,Faixa 2 (R$ 15k),15000.0,0,0.7,14300.0,7115.0,21415.0,0.6678,46153.02,8450.43,37702.59,0.0,0,0,0.0,0.0,0.5693186983321411
430030,4300307,Alecrim (RS),43,0.378,600.0,0.616,428.96,Faixa 2 (R$ 15k),15000.0,0,0.7,30.0,8671.0,8701.0,0.0034,14501.67,8893.33,5608.33,0.0,0,0,0.0,0.0,-0.178448127081314
430040,4300406,Alegrete (RS),43,0.241,10206.0,0.715,494.91,Faixa 3 (R$ 10k),10000.0,0,0.35,101075.0,17702.0,118777.0,0.851,11637.96,1786.6,9851.36,0.0,0,0,0.0,0.0,0.050856822242331165
430045,4300455,Alegria (RS),43,0.154,833.0,0.764,647.84,Faixa 3 (R$ 10k),10000.0,0,0.35,7495.0,4704.0,12199.0,0.6144,14644.66,3082.83,11561.82,0.0,0,0,0.0,0.0,-0.002637102239628086
430047,4300471,Almirante Tamandaré do Sul (RS),43,0.137,441.0,0.795,822.88,Faixa 3 (R$ 10k),10000.0,0,0.35,0.0,2673.0,2673.0,0.0,6061.22,3077.1,2984.13,0.0,0,0,0.0,0.0,-0.43935191081149655
430050,4300505,Alpestre (RS),43,0.289,3898.0,0.696,612.04,Faixa 3 (R$ 10k),10000.0,0,0.35,0.0,7173.0,7173.0,0.0,1840.17,739.35,1100.82,0.0,0,0,0.0,0.0,-0.5541283241571723
430055,4300554,Alto Alegre (RS),43,0.221,904.0,0.757,868.8,Faixa 3 (R$ 10k),10000.0,0,0.35,44.0,4502.0,4546.0,0.0097,5028.76,1607.3,3421.46,0.0,0,0,0.0,0.0,-0.4855479655538776
430057,4300570,Alto Feliz (RS),43,0.114,1417.0,0.752,799.96,Faixa 3 (R$ 10k),10000.0,0,0.35,3635.0,1235.0,4870.0,0.7464,3436.84,625.97,2810.87,0.0,0,0,0.0,0.0,-0.14006727988745102
430063,4300638,Amaral Ferrador (RS),43,0.354,575.0,0.544,243.82,Faixa 2 (R$ 15k),15000.0,0,0.7,0.0,2703.0,2703.0,0.0,4700.87,1939.13,2761.74,0.0,0,0,0.0,0.0,-0.4863092701122881
430064,4300646,Ametista do Sul (RS),43,0.414,1008.0,0.607,390.95,Faixa 1 (R$ 20k),20000.0,0,0.8,859.0,8502.0,9361.0,0.0918,9286.71,2819.44,6467.26,0.0,0,0,0.0,0.0,-0.35585910922975816
430066,4300661,André da Rocha (RS),43,0.291,255.0,0.791,979.97,Faixa 3 (R$ 10k),10000.0,0,0.35,0.0,1647.0,1647.0,0.0,6458.82,3031.37,3427.45,0.0,0,0,0.0,0.0,-0.43543332064805007
430070,4300703,Anta Gorda (RS),43,0.15,1248.0,0.795,880.9,Faixa 3 (R$ 10k),10000.0,0,0.35,0.0,2545.0,2545.0,0.0,2039.26,1145.83,893.43,0.0,0,0,0.0,0.0,-0.541037201838616
430080,4300802,Antônio Prado (RS),43,0.225,794.0,0.701,488.37,Faixa 3 (R$ 10k),10000.0,0,0.35,14676.0,3142.0,17818.0,0.8237,22440.81,5887.91,16552.9,0.0,0,0,0.0,0.0,0.2813294352243249
430085,4300851,Arambaré (RS),43,0.268,1477.0,0.73,644.45,Faixa 3 (R$ 10k),10000.0,0,0.35,1973.0,3940.0,5913.0,0.3337,4003.39,1452.27,2551.12,0.0,0,0,0.0,0.0,-0.3306129525083837
430090,4300901,Aratiba (RS),43,0.152,1690.0,0.813,979.48,Faixa 3 (R$ 10k),10000.0,0,0.35,6343.0,5574.0,11917.0,0.5323,7051.48,2153.85,4897.63,0.0,0,0,0.0,0.0,-0.1678005705063731
430130,4301305,Arroio Grande (RS),43,0.289,1378.0,0.664,355.34,Faixa 3 (R$ 10k),10000.0,0,0.35,14645.0,6687.0,21332.0,0.6865,15480.41,2934.69,12545.72,0.0,0,0,0.0,0.0,0.0425527931751017
430100,4301008,Arroio do Meio (RS),43,0.186,506.0,0.714,474.16,Faixa 3 (R$ 10k),10000.0,0,0.35,33768.0,13222.0,46990.0,0.7186,92865.61,20555.34,72310.28,0.0,0,0,0.0,0.0,1.5096897434279721
430107,4301073,Arroio do Padre (RS),43,0.248,1316.0,0.678,789.07,Faixa 3 (R$ 10k),10000.0,0,0.35,1254.0,2175.0,3429.0,0.3657,2605.62,1088.91,1516.72,0.0,0,0,0.0,0.0,-0.34097455465215365
430105,4301057,Arroio do Sal (RS),43,0.231,402.0,0.713,568.94,Faixa 3 (R$ 10k),10000.0,0,0.35,335.0,10642.0,10977.0,0.0305,27305.97,16460.2,10845.77,0.0,0,0,0.0,0.0,0.19643811013509876
430120,4301206,Arroio do Tigre (RS),43,0.331,655.0,0.574,277.53,Faixa 2 (R$ 15k),15000.0,0,0.7,5374.0,5795.0,11169.0,0.4812,17051.91,11425.95,5625.95,0.0,0,0,0.0,0.0,0.17374861928453034
430140,4301404,Arvorezinha (RS),43,0.163,3209.0,0.749,717.95,Faixa 3 (R$ 10k),10000.0,0,0.35,16752.0,10722.0,27474.0,0.6097,8561.55,2312.56,6248.99,0.0,0,0,0.0,0.0,-0.10318598622012416
430150,4301503,Augusto Pestana (RS),43,0.202,359.0,0.647,540.91,Faixa 3 (R$ 10k),10000.0,0,0.35,34520.0,10175.0,44695.0,0.7723,124498.61,19643.45,104855.15,0.0,0,0,0.0,0.0,1.920648376480166
430160,4301602,Bagé (RS),43,0.299,11347.0,0.684,477.78,Faixa 3 (R$ 10k),10000.0,0,0.35,76443.0,12132.0,88575.0,0.863,7806.03,3127.79,4678.24,0.0,0,0,0.0,0.0,0.042803593756427484
430163,4301636,Balneário Pinhal (RS),43,0.242,5460.0,0.705,634.81,Faixa 3 (R$ 10k),10000.0,0,0.35,164.0,10737.0,10901.0,0.015,1996.52,895.6,1100.92,0.0,0,0,0.0,0.0,-0.54010316901637
430195,4301958,Barra Funda (RS),43,0.126,763.0,0.767,689.47,Faixa 3 (R$ 10k),10000.0,0,0.35,0.0,2241.0,2241.0,0.0,2937.09,1169.07,1768.02,0.0,0,0,0.0,0.0,-0.5289095666015186
430185,4301859,Barra do Guarita (RS),43,0.179,706.0,0.791,801.39,Faixa 3 (R$ 10k),10000.0,0,0.35,0.0,3653.0,3653.0,0.0,5174.22,2311.61,2862.61,0.0,0,0,0.0,0.0,-0.47057875718505676
430187,4301875,Barra do Quaraí (RS),43,0.276,516.0,0.631,278.53,Faixa 3 (R$ 10k),10000.0,0,0.35,0.0,3481.0,3481.0,0.0,6746.12,2290.7,4455.43,0.0,0,0,0.0,0.0,-0.4509424487190394
430190,4301909,Barra do Ribeiro (RS),43,0.251,4772.0,0.688,600.53,Faixa 3 (R$ 10k),10000.0,0,0.35,1092.0,9084.0,10176.0,0.1073,2132.44,635.58,1496.86,0.0,0,0,0.0,0.0,-0.496066051309853
430192,4301925,Barra do Rio Azul (RS),43,0.348,954.0,0.729,633.78,Faixa 2 (R$ 15k),15000.0,0,0.7,0.0,1909.0,1909.0,0.0,2001.05,858.49,1142.56,0.0,0,0,0.0,0.0,-0.5489751804380176
430180,4301800,Barracão (RS),43,0.265,1553.0,0.744,843.75,Faixa 3 (R$ 10k),10000.0,0,0.35,4928.0,14530.0,19458.0,0.2533,12529.3,2222.79,10306.5,0.0,0,0,0.0,0.0,-0.24390672711319725
430200,4302006,Barros Cassal (RS),43,0.333,1355.0,0.579,406.34,Faixa 2 (R$ 15k),15000.0,0,0.7,0.0,20403.0,20403.0,0.0,15057.56,4099.63,10957.93,0.0,0,0,0.0,0.0,-0.2973648953520781
430165,4301651,Barão (RS),43,0.111,1496.0,0.792,974.56,Faixa 3 (R$ 10k),10000.0,0,0.35,4291.0,3057.0,7348.0,0.584,4911.76,1370.99,3540.78,0.0,0,0,0.0,0.0,-0.18809429550361445
430170,4301701,Barão de Cotegipe (RS),43,0.33,391.0,0.592,530.83,Faixa 2 (R$ 15k),15000.0,0,0.7,0.0,8796.0,8796.0,0.0,22496.16,7797.95,14698.21,0.0,0,0,0.0,0.0,-0.10602120525815217
430175,4301750,Barão do Triunfo (RS),43,0.304,3277.0,0.63,456.77,Faixa 2 (R$ 15k),15000.0,0,0.7,0.0,4010.0,4010.0,0.0,1223.68,417.76,805.92,0.0,0,0,0.0,0.0,-0.5703772964349099
430205,4302055,Benjamin Constant do Sul (RS),43,0.345,1112.0,0.617,340.69,Faixa 2 (R$ 15k),15000.0,0,0.7,0.0,3444.0,3444.0,0.0,3097.12,819.24,2277.88,0.0,0,0,0.0,0.0,-0.5359224340294746
430210,4302105,Bento Gonçalves (RS),43,0.175,5883.0,0.726,708.75,Faixa 3 (R$ 10k),10000.0,0,0.35,447344.0,9208.0,456552.0,0.9798,77605.3,6224.21,71381.1,0.0,0,0,0.0,0.0,1.0811063668759968
430215,4302154,Boa Vista das Missões (RS),43,0.234,459.0,0.724,540.37,Faixa 3 (R$ 10k),10000.0,0,0.35,0.0,10080.0,10080.0,0.0,21960.78,2945.53,19015.25,0.0,0,0,0.0,0.0,-0.23866227507031706
430220,4302204,Boa Vista do Buricá (RS),43,0.088,2203.0,0.794,859.33,Faixa 3 (R$ 10k),10000.0,0,0.35,16269.0,7379.0,23648.0,0.688,10734.45,3295.05,7439.4,0.0,0,0,0.0,0.0,-0.008233352615909628
430222,4302220,Boa Vista do Cadeado (RS),43,0.247,1184.0,0.708,588.96,Faixa 3 (R$ 10k),10000.0,0,0.35,1419.0,2662.0,4081.0,0.3477,3446.79,1370.78,2076.01,0.0,0,0,0.0,0.0,-0.3324329465195911
430223,4302238,Boa Vista do Incra (RS),43,0.286,1182.0,0.744,598.67,Faixa 3 (R$ 10k),10000.0,0,0.35,0.0,2554.0,2554.0,0.0,2160.74,1232.66,928.09,0.0,0,0,0.0,0.0,-0.5372271950136993
430225,4302253,Boa Vista do Sul (RS),43,0.175,1307.0,0.731,913.91,Faixa 3 (R$ 10k),10000.0,0,0.35,0.0,2783.0,2783.0,0.0,2129.3,972.46,1156.85,0.0,0,0,0.0,0.0,-0.5443748343957301
430230,4302303,Bom Jesus (RS),43,0.429,1478.0,0.615,325.11,Faixa 1 (R$ 20k),20000.0,0,0.8,1326.0,3168.0,4494.0,0.2951,3040.6,2347.09,693.5,0.0,0,0,0.0,0.0,-0.3402847398311631
430235,4302352,Bom Princípio (RS),43,0.12,4537.0,0.776,863.09,Faixa 3 (R$ 10k),10000.0,0,0.35,37.0,3835.0,3872.0,0.0096,853.43,571.52,281.9,0.0,0,0,0.0,0.0,-0.566045211926707
430237,4302378,Bom Progresso (RS),43,0.183,609.0,0.761,621.05,Faixa 3 (R$ 10k),10000.0,0,0.35,0.0,2567.0,2567.0,0.0,4215.11,1724.14,2490.97,0.0,0,0,0.0,0.0,-0.49811714955571346
430240,4302402,Bom Retiro do Sul (RS),43,0.104,4688.0,0.778,750.34,Faixa 3 (R$ 10k),10000.0,0,0.35,57777.0,7143.0,64920.0,0.89,13848.12,1359.0,12489.12,0.0,0,0,0.0,0.0,0.08886303977819306
430245,4302451,Boqueirão do Leão (RS),43,0.306,871.0,0.618,451.16,Faixa 2 (R$ 15k),15000.0,0,0.7,467.0,3381.0,3848.0,0.1214,4417.91,2176.81,2241.1,0.0,0,0,0.0,0.0,-0.41929095776435793
430250,4302501,Bossoroca (RS),43,0.229,447.0,0.709,387.32,Faixa 3 (R$ 10k),10000.0,0,0.35,0.0,11610.0,11610.0,0.0,25973.15,10738.26,15234.9,0.0,0,0,0.0,0.0,0.014821422984356292
430258,4302584,Bozano (RS),43,0.205,1100.0,0.773,982.92,Faixa 3 (R$ 10k),10000.0,0,0.35,0.0,4546.0,4546.0,0.0,4132.73,1406.36,2726.36,0.0,0,0,0.0,0.0,-0.5074111638889158
430260,4302600,Braga (RS),43,0.298,1169.0,0.701,512.91,Faixa 3 (R$ 10k),10000.0,0,0.35,0.0,4505.0,4505.0,0.0,3853.72,1210.44,2643.28,0.0,0,0,0.0,0.0,-0.5160706927966047
430265,4302659,Brochier (RS),43,0.109,1165.0,0.745,797.09,Faixa 3 (R$ 10k),10000.0,0,0.35,0.0,3064.0,3064.0,0.0,2630.04,1773.39,856.65,0.0,0,0,0.0,0.0,-0.5171879149888244
430270,4302709,Butiá (RS),43,0.288,9878.0,0.705,578.12,Faixa 3 (R$ 10k),10000.0,0,0.35,1859.0,14709.0,16568.0,0.1122,1677.26,549.0,1128.26,0.0,0,0,0.0,0.0,-0.501550174398122
430290,4302907,Cacequi (RS),43,0.307,1241.0,0.644,385.88,Faixa 2 (R$ 15k),15000.0,0,0.7,9967.0,4506.0,14473.0,0.6887,11662.37,7533.44,4128.93,0.0,0,0,0.0,0.0,0.11390366968331826
430300,4303004,Cachoeira do Sul (RS),43,0.375,6164.0,0.659,445.27,Faixa 2 (R$ 15k),15000.0,0,0.7,240409.0,19121.0,259530.0,0.9263,42104.15,7465.77,34638.38,0.0,0,0,0.0,0.0,0.6291436433638982
430320,4303202,Cacique Doble (RS),43,0.189,843.0,0.715,767.16,Faixa 3 (R$ 10k),10000.0,0,0.35,4476.0,13436.0,17912.0,0.2499,21247.92,4600.24,16647.69,0.0,0,0,0.0,0.0,-0.07217291789019838
430330,4303301,Caibaté (RS),43,0.37,575.0,0.611,369.85,Faixa 2 (R$ 15k),15000.0,0,0.7,2202.0,9979.0,12181.0,0.1808,21184.35,9373.91,11810.43,0.0,0,0,0.0,0.0,0.014030914924731241
430340,4303400,Caiçara (RS),43,0.247,2486.0,0.718,719.09,Faixa 3 (R$ 10k),10000.0,0,0.35,725.0,5860.0,6585.0,0.1101,2648.83,862.43,1786.4,0.0,0,0,0.0,0.0,-0.4820701645409994
430350,4303509,Camaquã (RS),43,0.263,2885.0,0.68,467.37,Faixa 3 (R$ 10k),10000.0,0,0.35,160016.0,23511.0,183527.0,0.8719,63614.21,8744.89,54869.32,0.0,0,0,0.0,0.0,0.9095191754764904
430355,4303558,Camargo (RS),43,0.186,1301.0,0.744,885.51,Faixa 3 (R$ 10k),10000.0,0,0.35,483.0,5359.0,5842.0,0.0827,4490.39,1410.45,3079.94,0.0,0,0,0.0,0.0,-0.4587818736886601
430360,4303608,Cambará do Sul (RS),43,0.301,610.0,0.693,476.03,Faixa 2 (R$ 15k),15000.0,0,0.7,657.0,2815.0,3472.0,0.1892,5691.8,3004.92,2686.89,0.0,0,0,0.0,0.0,-0.34545784265218316
430367,4303673,Campestre da Serra (RS),43,0.144,615.0,0.743,709.05,Faixa 3 (R$ 10k),10000.0,0,0.35,0.0,1534.0,1534.0,0.0,2494.31,1120.33,1373.98,0.0,0,0,0.0,0.0,-0.5358567330210556
430370,4303707,Campina das Missões (RS),43,0.121,1142.0,0.783,811.19,Faixa 3 (R$ 10k),10000.0,0,0.35,29409.0,7370.0,36779.0,0.7996,32205.78,6116.46,26089.32,0.0,0,0,0.0,0.0,0.39980191159845757
430380,4303806,Campinas do Sul (RS),43,0.382,359.0,0.595,392.63,Faixa 2 (R$ 15k),15000.0,0,0.7,3749.0,6269.0,10018.0,0.3742,27905.29,6752.09,21153.2,0.0,0,0,0.0,0.0,0.13509047940073607
430400,4304002,Campo Novo (RS),43,0.228,2130.0,0.714,582.96,Faixa 3 (R$ 10k),10000.0,0,0.35,700.0,4881.0,5581.0,0.1254,2620.19,911.27,1708.92,0.0,0,0,0.0,0.0,-0.4730442560055593
430410,4304101,Campos Borges (RS),43,0.206,1038.0,0.758,654.02,Faixa 3 (R$ 10k),10000.0,0,0.35,3562.0,6385.0,9947.0,0.3581,9582.85,3111.75,6471.1,0.0,0,0,0.0,0.0,-0.20301702728002766
430420,4304200,Candelária (RS),43,0.199,8287.0,0.738,723.05,Faixa 3 (R$ 10k),10000.0,0,0.35,36092.0,13046.0,49138.0,0.7345,5929.53,3412.82,2516.71,0.0,0,0,0.0,0.0,-0.04215902244536818
430435,4304358,Candiota (RS),43,0.263,1131.0,0.617,402.02,Faixa 3 (R$ 10k),10000.0,0,0.35,465.0,3389.0,3854.0,0.1207,3407.6,2352.79,1054.82,0.0,0,0,0.0,0.0,-0.42807073963236475
430440,4304408,Canela (RS),43,0.295,2589.0,0.686,507.52,Faixa 3 (R$ 10k),10000.0,0,0.35,40791.0,6854.0,47645.0,0.8561,18402.86,14753.96,3648.9,0.0,0,0,0.0,0.0,0.47650318097064925
430450,4304507,Canguçu (RS),43,0.203,10485.0,0.744,694.46,Faixa 3 (R$ 10k),10000.0,0,0.35,16244.0,10250.0,26494.0,0.6131,2526.85,956.51,1570.34,0.0,0,0,0.0,0.0,-0.21399328008645355
430461,4304614,Canudos do Vale (RS),43,0.227,848.0,0.726,812.45,Faixa 3 (R$ 10k),10000.0,0,0.35,0.0,2962.0,2962.0,0.0,3492.92,1021.23,2471.7,0.0,0,0,0.0,0.0,-0.5256062308334466
430469,4304697,Capitão (RS),43,0.116,589.0,0.765,740.7,Faixa 3 (R$ 10k),10000.0,0,0.35,0.0,4727.0,4727.0,0.0,8025.47,3643.46,4382.0,0.0,0,0,0.0,0.0,-0.39945799399818427
430467,4304671,Capivari do Sul (RS),43,0.168,1654.0,0.796,1153.89,Faixa 3 (R$ 10k),10000.0,0,0.35,0.0,4941.0,4941.0,0.0,2987.3,1486.09,1501.21,0.0,0,0,0.0,0.0,-0.5200482786668499
430462,4304622,Capão Bonito do Sul (RS),43,0.238,234.0,0.66,386.47,Faixa 3 (R$ 10k),10000.0,0,0.35,0.0,10129.0,10129.0,0.0,43286.32,12619.66,30666.67,0.0,0,0,0.0,0.0,0.28583098295377474
430463,4304630,Capão da Canoa (RS),43,0.333,2135.0,0.683,531.56,Faixa 2 (R$ 15k),15000.0,0,0.7,42754.0,33743.0,76497.0,0.5589,35829.98,13391.1,22438.88,0.0,0,0,0.0,0.0,0.5070094913530779
430465,4304655,Capão do Cipó (RS),43,0.358,1476.0,0.676,407.66,Faixa 2 (R$ 15k),15000.0,0,0.7,0.0,2876.0,2876.0,0.0,1948.51,1523.04,425.47,0.0,0,0,0.0,0.0,-0.5324253449305439
430466,4304663,Capão do Leão (RS),43,0.311,1871.0,0.622,360.12,Faixa 2 (R$ 15k),15000.0,0,0.7,8348.0,14452.0,22800.0,0.3661,12186.0,4628.01,7557.99,0.0,0,0,0.0,0.0,-0.12605157190519525
430470,4304705,Carazinho (RS),43,0.361,3666.0,0.73,527.07,Faixa 2 (R$ 15k),15000.0,0,0.7,171438.0,25219.0,196657.0,0.8718,53643.48,7858.43,45785.05,0.0,0,0,0.0,0.0,0.758497658443811
430471,4304713,Caraá (RS),43,0.234,547.0,0.728,652.54,Faixa 3 (R$ 10k),10000.0,0,0.35,0.0,11040.0,11040.0,0.0,20182.82,12294.33,7888.48,0.0,0,0,0.0,0.0,-0.019176815226785666
430480,4304804,Carlos Barbosa (RS),43,0.124,12530.0,0.824,1555.18,Faixa 3 (R$ 10k),10000.0,0,0.35,5359.0,6638.0,11997.0,0.4467,957.46,600.96,356.5,0.0,0,0,0.0,0.0,-0.3317498755715917
430485,4304853,Carlos Gomes (RS),43,0.259,773.0,0.747,799.68,Faixa 3 (R$ 10k),10000.0,0,0.35,0.0,2928.0,2928.0,0.0,3787.84,1377.75,2410.09,0.0,0,0,0.0,0.0,-0.5125799224261336
430490,4304903,Casca (RS),43,0.113,2678.0,0.816,1023.73,Faixa 3 (R$ 10k),10000.0,0,0.35,32407.0,8742.0,41149.0,0.7876,15365.57,3402.91,11962.66,0.0,0,0,0.0,0.0,0.10692074138752013
430495,4304952,Caseiros (RS),43,0.225,767.0,0.734,640.46,Faixa 3 (R$ 10k),10000.0,0,0.35,4.0,10478.0,10482.0,0.0004,13666.23,2894.39,10771.84,0.0,0,0,0.0,0.0,-0.3462509352851892
430500,4305009,Catuípe (RS),43,0.211,3122.0,0.755,758.2,Faixa 3 (R$ 10k),10000.0,0,0.35,0.0,15047.0,15047.0,0.0,4819.67,2178.41,2641.26,0.0,0,0,0.0,0.0,-0.47858242544248597
430510,4305108,Caxias do Sul (RS),43,0.216,34420.0,0.716,716.2,Faixa 3 (R$ 10k),10000.0,1,0.48,979376.0,15394.0,994770.0,0.9845,28900.93,16399.88,12501.05,0.0,0,2028,172380.0,349.44,0.7221339813805054
430280,4302808,Caçapava do Sul (RS),43,0.398,2909.0,0.617,351.49,Faixa 2 (R$ 15k),15000.0,0,0.7,129744.0,9761.0,139505.0,0.93,47956.34,8228.6,39727.74,0.0,0,0,0.0,0.0,0.7260042594140883
430511,4305116,Centenário (RS),43,0.209,1424.0,0.701,599.22,Faixa 3 (R$ 10k),10000.0,0,0.35,0.0,5404.0,5404.0,0.0,3794.94,1521.77,2273.17,0.0,0,0,0.0,0.0,-0.5087559676295929
430512,4305124,Cerrito (RS),43,0.405,447.0,0.612,291.41,Faixa 1 (R$ 20k),20000.0,0,0.8,0.0,14515.0,14515.0,0.0,32472.04,6957.49,25514.54,0.0,0,0,0.0,0.0,0.00025368410641719575
430513,4305132,Cerro Branco (RS),43,0.235,323.0,0.552,332.09,Faixa 3 (R$ 10k),10000.0,0,0.35,3803.0,3411.0,7214.0,0.5272,22334.37,5303.41,17030.96,0.0,0,0,0.0,0.0,0.1073064950422836
430515,4305157,Cerro Grande (RS),43,0.316,1208.0,0.682,537.4,Faixa 2 (R$ 15k),15000.0,0,0.7,0.0,3983.0,3983.0,0.0,3297.19,1624.17,1673.01,0.0,0,0,0.0,0.0,-0.5124914871668105
430517,4305173,Cerro Grande do Sul (RS),43,0.315,824.0,0.56,387.12,Faixa 2 (R$ 15k),15000.0,0,0.7,9127.0,7085.0,16212.0,0.563,19674.76,3341.02,16333.74,0.0,0,0,0.0,0.0,0.041320646905070355
430520,4305207,Cerro Largo (RS),43,0.314,1201.0,0.691,467.68,Faixa 2 (R$ 15k),15000.0,0,0.7,6659.0,20593.0,27252.0,0.2443,22691.09,9998.33,12692.76,0.0,0,0,0.0,0.0,0.08328944968988865
430530,4305306,Chapada (RS),43,0.141,2940.0,0.786,823.65,Faixa 3 (R$ 10k),10000.0,0,0.35,27.0,6613.0,6640.0,0.0041,2258.5,919.73,1338.78,0.0,0,0,0.0,0.0,-0.541905003672554
430537,4305371,Charrua (RS),43,0.64,1743.0,0.605,611.55,Faixa 1 (R$ 20k),20000.0,0,0.8,0.0,12813.0,12813.0,0.0,7351.12,1867.47,5483.65,0.0,0,0,0.0,0.0,-0.45414581655272046
430540,4305405,Chiapetta (RS),43,0.298,419.0,0.688,402.43,Faixa 3 (R$ 10k),10000.0,0,0.35,2553.0,5946.0,8499.0,0.3004,20284.01,6047.73,14236.28,0.0,0,0,0.0,0.0,-0.02020277302305124
430544,4305447,Chuvisca (RS),43,0.27,2341.0,0.62,471.99,Faixa 3 (R$ 10k),10000.0,0,0.35,0.0,4326.0,4326.0,0.0,1847.93,673.22,1174.71,0.0,0,0,0.0,0.0,-0.5557427150484431
430543,4305439,Chuí (RS),43,0.205,2905.0,0.735,519.46,Faixa 3 (R$ 10k),10000.0,0,0.35,0.0,1247.0,1247.0,0.0,429.26,268.85,160.41,0.0,0,0,0.0,0.0,-0.584434680796862
430545,4305454,Cidreira (RS),43,0.218,981.0,0.736,813.09,Faixa 3 (R$ 10k),10000.0,0,0.35,5169.0,12373.0,17542.0,0.2947,17881.75,8337.41,9544.34,0.0,0,0,0.0,0.0,0.005277444503402118
430550,4305504,Ciríaco (RS),43,0.342,493.0,0.712,744.88,Faixa 2 (R$ 15k),15000.0,0,0.7,5500.0,5780.0,11280.0,0.4876,22880.32,5862.07,17018.26,0.0,0,0,0.0,0.0,0.1077582138757418
430558,4305587,Colinas (RS),43,0.12,565.0,0.812,1262.33,Faixa 3 (R$ 10k),10000.0,0,0.35,0.0,2380.0,2380.0,0.0,4212.39,2778.76,1433.63,0.0,0,0,0.0,0.0,-0.47081767033197297
430560,4305603,Colorado (RS),43,0.183,985.0,0.778,800.88,Faixa 3 (R$ 10k),10000.0,0,0.35,0.0,1873.0,1873.0,0.0,1901.52,727.92,1173.6,0.0,0,0,0.0,0.0,-0.5536370360143676
430570,4305702,Condor (RS),43,0.286,482.0,0.662,389.64,Faixa 3 (R$ 10k),10000.0,0,0.35,1186.0,6364.0,7550.0,0.1571,15663.9,4443.98,11219.92,0.0,0,0,0.0,0.0,-0.1972014489322881
430580,4305801,Constantina (RS),43,0.207,3368.0,0.769,744.07,Faixa 3 (R$ 10k),10000.0,0,0.35,28058.0,7224.0,35282.0,0.7952,10475.65,1872.03,8603.62,0.0,0,0,0.0,0.0,0.008508545388031674
430583,4305835,Coqueiro Baixo (RS),43,0.17,737.0,0.7,638.41,Faixa 3 (R$ 10k),10000.0,0,0.35,0.0,1645.0,1645.0,0.0,2232.02,1880.6,351.42,0.0,0,0,0.0,0.0,-0.5195184816066549
430585,4305850,Coqueiros do Sul (RS),43,0.201,1202.0,0.758,1062.95,Faixa 3 (R$ 10k),10000.0,0,0.35,0.0,2962.0,2962.0,0.0,2464.23,1392.68,1071.55,0.0,0,0,0.0,0.0,-0.5291839025667308
430587,4305871,Coronel Barros (RS),43,0.18,1240.0,0.746,1125.88,Faixa 3 (R$ 10k),10000.0,0,0.35,0.0,3700.0,3700.0,0.0,2983.87,1322.58,1661.29,0.0,0,0,0.0,0.0,-0.5243302780834584
430590,4305900,Coronel Bicaco (RS),43,0.404,676.0,0.582,309.65,Faixa 1 (R$ 20k),20000.0,0,0.8,0.0,6348.0,6348.0,0.0,9390.53,4337.28,5053.25,0.0,0,0,0.0,0.0,-0.363951970601461
430593,4305934,Coronel Pilar (RS),43,0.233,831.0,0.731,905.39,Faixa 3 (R$ 10k),10000.0,0,0.35,0.0,1910.0,1910.0,0.0,2298.44,1316.49,981.95,0.0,0,0,0.0,0.0,-0.5332868662680246
430595,4305959,Cotiporã (RS),43,0.111,1020.0,0.786,896.31,Faixa 3 (R$ 10k),10000.0,0,0.35,0.0,1382.0,1382.0,0.0,1354.9,926.47,428.43,0.0,0,0,0.0,0.0,-0.5555077390050862
430597,4305975,Coxilha (RS),43,0.201,908.0,0.682,508.7,Faixa 3 (R$ 10k),10000.0,0,0.35,0.0,6966.0,6966.0,0.0,7671.81,2590.31,5081.5,0.0,0,0,0.0,0.0,-0.431294091897071
430600,4306007,Crissiumal (RS),43,0.115,3259.0,0.779,784.74,Faixa 3 (R$ 10k),10000.0,0,0.35,39258.0,11863.0,51121.0,0.7679,15686.1,3067.51,12618.59,0.0,0,0,0.0,0.0,0.09187713245235203
430605,4306056,Cristal (RS),43,0.339,542.0,0.546,324.1,Faixa 2 (R$ 15k),15000.0,0,0.7,0.0,6097.0,6097.0,0.0,11249.08,5014.76,6234.32,0.0,0,0,0.0,0.0,-0.32253468309841443
430607,4306072,Cristal do Sul (RS),43,0.41,1385.0,0.672,450.0,Faixa 1 (R$ 20k),20000.0,0,0.8,0.0,7637.0,7637.0,0.0,5514.08,1573.29,3940.79,0.0,0,0,0.0,0.0,-0.48535234048457543
430610,4306106,Cruz Alta (RS),43,0.252,4379.0,0.661,432.62,Faixa 3 (R$ 10k),10000.0,0,0.35,155324.0,15936.0,171260.0,0.9069,39109.39,2854.76,36254.62,0.0,0,0,0.0,0.0,0.4608832263983448
430613,4306130,Cruzaltense (RS),43,0.223,1040.0,0.731,712.42,Faixa 3 (R$ 10k),10000.0,0,0.35,0.0,2845.0,2845.0,0.0,2735.58,1062.5,1673.08,0.0,0,0,0.0,0.0,-0.5342584721671131
430620,4306205,Cruzeiro do Sul (RS),43,0.217,3790.0,0.743,811.53,Faixa 3 (R$ 10k),10000.0,0,0.35,53260.0,10086.0,63346.0,0.8408,16713.98,1821.9,14892.08,0.0,0,0,0.0,0.0,0.11151326363913446
430430,4304309,Cândido Godói (RS),43,0.137,944.0,0.829,986.45,Faixa 3 (R$ 10k),10000.0,0,0.35,525.0,8801.0,9326.0,0.0563,9879.24,6426.91,3452.33,0.0,0,0,0.0,0.0,-0.27361020612993864
430630,4306304,David Canabarro (RS),43,0.15,972.0,0.82,1034.53,Faixa 3 (R$ 10k),10000.0,0,0.35,1511.0,4472.0,5983.0,0.2525,6155.35,3779.84,2375.51,0.0,0,0,0.0,0.0,-0.2857961655064779
430632,4306320,Derrubadas (RS),43,0.145,475.0,0.754,559.96,Faixa 3 (R$ 10k),10000.0,0,0.35,0.0,4249.0,4249.0,0.0,8945.26,2753.68,6191.58,0.0,0,0,0.0,0.0,-0.41071269985755415
430635,4306353,Dezesseis de Novembro (RS),43,0.307,1397.0,0.663,398.47,Faixa 2 (R$ 15k),15000.0,0,0.7,0.0,7452.0,7452.0,0.0,5334.29,2685.04,2649.25,0.0,0,0,0.0,0.0,-0.4588451412143474
430637,4306379,Dilermando de Aguiar (RS),43,0.273,1485.0,0.639,472.65,Faixa 3 (R$ 10k),10000.0,0,0.35,0.0,2188.0,2188.0,0.0,1473.4,1177.1,296.3,0.0,0,0,0.0,0.0,-0.5474905679649653
430642,4306429,Dois Irmãos das Missões (RS),43,0.404,346.0,0.618,307.6,Faixa 1 (R$ 20k),20000.0,0,0.8,0.0,2958.0,2958.0,0.0,8549.13,2898.84,5650.29,0.0,0,0,0.0,0.0,-0.41203538964068437
430645,4306452,Dois Lajeados (RS),43,0.179,1625.0,0.777,979.12,Faixa 3 (R$ 10k),10000.0,0,0.35,23.0,2159.0,2182.0,0.0105,1342.77,980.92,361.85,0.0,0,0,0.0,0.0,-0.5486743525255108
430650,4306502,Dom Feliciano (RS),43,0.386,1187.0,0.526,244.83,Faixa 2 (R$ 15k),15000.0,0,0.7,78533.0,8851.0,87384.0,0.8987,73617.52,7161.75,66455.77,0.0,0,0,0.0,0.0,1.0111336645281017
430660,4306601,Dom Pedrito (RS),43,0.295,4148.0,0.644,371.2,Faixa 3 (R$ 10k),10000.0,0,0.35,4932.0,12944.0,17876.0,0.2759,4309.55,2317.74,1991.8,0.0,0,0,0.0,0.0,-0.3349556162240258
430655,4306551,Dom Pedro de Alcântara (RS),43,0.197,373.0,0.749,730.87,Faixa 3 (R$ 10k),10000.0,0,0.35,0.0,3472.0,3472.0,0.0,9308.31,5643.43,3664.88,0.0,0,0,0.0,0.0,-0.33115368433828984
430670,4306700,Dona Francisca (RS),43,0.164,1105.0,0.754,809.55,Faixa 3 (R$ 10k),10000.0,0,0.35,0.0,3209.0,3209.0,0.0,2904.07,2180.09,723.98,0.0,0,0,0.0,0.0,-0.5031290990788204
430673,4306734,Doutor Maurício Cardoso (RS),43,0.214,1338.0,0.763,742.5,Faixa 3 (R$ 10k),10000.0,0,0.35,0.0,6422.0,6422.0,0.0,4799.7,2213.0,2586.7,0.0,0,0,0.0,0.0,-0.47794224842939154
430675,4306759,Doutor Ricardo (RS),43,0.134,365.0,0.781,889.25,Faixa 3 (R$ 10k),10000.0,0,0.35,0.0,2752.0,2752.0,0.0,7539.73,4953.42,2586.3,0.0,0,0,0.0,0.0,-0.3717408720237193
430680,4306809,Encantado (RS),43,0.127,9273.0,0.784,952.83,Faixa 3 (R$ 10k),10000.0,0,0.35,24991.0,4897.0,29888.0,0.8362,3223.12,1819.48,1403.64,0.0,0,0,0.0,0.0,-0.06417285185416353
430690,4306908,Encruzilhada do Sul (RS),43,0.279,8859.0,0.689,541.72,Faixa 3 (R$ 10k),10000.0,0,0.35,9647.0,12644.0,22291.0,0.4328,2516.2,1068.18,1448.02,0.0,0,0,0.0,0.0,-0.3070148401912924
430692,4306924,Engenho Velho (RS),43,0.165,317.0,0.79,1008.55,Faixa 3 (R$ 10k),10000.0,0,0.35,0.0,2486.0,2486.0,0.0,7842.27,3034.7,4807.57,0.0,0,0,0.0,0.0,-0.41758790931347656
430695,4306957,Entre Rios do Sul (RS),43,0.315,1083.0,0.709,604.64,Faixa 2 (R$ 15k),15000.0,0,0.7,0.0,6681.0,6681.0,0.0,6168.98,2364.73,3804.25,0.0,0,0,0.0,0.0,-0.45643239753931086
430693,4306932,Entre-Ijuís (RS),43,0.202,2562.0,0.701,623.42,Faixa 3 (R$ 10k),10000.0,0,0.35,3710.0,28198.0,31908.0,0.1163,12454.33,4267.37,8186.96,0.0,0,0,0.0,0.0,-0.2646534603200782
430697,4306973,Erebango (RS),43,0.247,994.0,0.726,599.24,Faixa 3 (R$ 10k),10000.0,0,0.35,0.0,11466.0,11466.0,0.0,11535.21,3878.27,7656.94,0.0,0,0,0.0,0.0,-0.34831804368275054
430700,4307005,Erechim (RS),43,0.275,6414.0,0.685,554.85,Faixa 3 (R$ 10k),10000.0,0,0.35,291220.0,29523.0,320743.0,0.908,50006.7,7798.25,42208.45,0.0,0,0,0.0,0.0,0.7294833801780474
430705,4307054,Ernestina (RS),43,0.154,849.0,0.741,654.1,Faixa 3 (R$ 10k),10000.0,0,0.35,0.0,5295.0,5295.0,0.0,6236.75,2358.07,3878.68,0.0,0,0,0.0,0.0,-0.45573506472509456
430720,4307203,Erval Grande (RS),43,0.378,1359.0,0.703,835.83,Faixa 2 (R$ 15k),15000.0,0,0.7,0.0,7825.0,7825.0,0.0,5757.91,1817.51,3940.4,0.0,0,0,0.0,0.0,-0.4758924694514494
430730,4307302,Erval Seco (RS),43,0.367,993.0,0.626,360.41,Faixa 2 (R$ 15k),15000.0,0,0.7,3157.0,9922.0,13079.0,0.2414,13171.2,3305.14,9866.06,0.0,0,0,0.0,0.0,-0.21393511467746862
430740,4307401,Esmeralda (RS),43,0.364,402.0,0.596,343.83,Faixa 2 (R$ 15k),15000.0,0,0.7,0.0,1088.0,1088.0,0.0,2706.47,1922.89,783.58,0.0,0,0,0.0,0.0,-0.5123319487330236
430745,4307450,Esperança do Sul (RS),43,0.3,1622.0,0.665,513.5,Faixa 3 (R$ 10k),10000.0,0,0.35,0.0,3514.0,3514.0,0.0,2166.46,874.85,1291.62,0.0,0,0,0.0,0.0,-0.5464277438602844
430750,4307500,Espumoso (RS),43,0.184,5757.0,0.779,910.02,Faixa 3 (R$ 10k),10000.0,0,0.35,43139.0,14655.0,57794.0,0.7464,10038.91,1970.3,8068.61,0.0,0,0,0.0,0.0,-0.02047437317109262
430755,4307559,Estação (RS),43,0.428,385.0,0.656,449.92,Faixa 1 (R$ 20k),20000.0,0,0.8,0.0,20886.0,20886.0,0.0,54249.35,17522.08,36727.27,0.0,0,0,0.0,0.0,0.553625812507318
430780,4307807,Estrela (RS),43,0.313,1484.0,0.698,552.56,Faixa 2 (R$ 15k),15000.0,0,0.7,83014.0,14469.0,97483.0,0.8516,65689.35,5555.26,60134.1,0.0,0,0,0.0,0.0,0.8427025440543747
430781,4307815,Estrela Velha (RS),43,0.119,595.0,0.783,801.8,Faixa 3 (R$ 10k),10000.0,0,0.35,989.0,3293.0,4282.0,0.231,7196.64,4327.73,2868.91,0.0,0,0,0.0,0.0,-0.2696499626276762
430783,4307831,Eugênio de Castro (RS),43,0.21,766.0,0.734,656.15,Faixa 3 (R$ 10k),10000.0,0,0.35,0.0,7363.0,7363.0,0.0,9612.27,3704.96,5907.31,0.0,0,0,0.0,0.0,-0.37749445556148126
430786,4307864,Fagundes Varela (RS),43,0.172,1279.0,0.763,970.99,Faixa 3 (R$ 10k),10000.0,0,0.35,0.0,1062.0,1062.0,0.0,830.34,483.97,346.36,0.0,0,0,0.0,0.0,-0.573710521642125
430790,4307906,Farroupilha (RS),43,0.156,3620.0,0.739,662.28,Faixa 3 (R$ 10k),10000.0,0,0.35,41048.0,7931.0,48979.0,0.8381,13530.11,6565.19,6964.92,0.0,0,0,0.0,0.0,0.19214817481585755
430800,4308003,Faxinal do Soturno (RS),43,0.213,626.0,0.648,467.89,Faixa 3 (R$ 10k),10000.0,0,0.35,6877.0,2393.0,9270.0,0.7419,14808.31,11573.48,3234.82,0.0,0,0,0.0,0.0,0.2872610916330792
430805,4308052,Faxinalzinho (RS),43,0.238,638.0,0.711,445.61,Faixa 3 (R$ 10k),10000.0,0,0.35,0.0,9016.0,9016.0,0.0,14131.66,3158.31,10973.35,0.0,0,0,0.0,0.0,-0.333648314208247
430807,4308078,Fazenda Vilanova (RS),43,0.189,1014.0,0.708,556.7,Faixa 3 (R$ 10k),10000.0,0,0.35,0.0,3652.0,3652.0,0.0,3601.58,2043.39,1558.19,0.0,0,0,0.0,0.0,-0.4977183754166328
430810,4308102,Feliz (RS),43,0.107,4746.0,0.776,914.37,Faixa 3 (R$ 10k),10000.0,0,0.35,14857.0,4212.0,19069.0,0.7791,4017.91,725.45,3292.46,0.0,0,0,0.0,0.0,-0.11265885890170972
430820,4308201,Flores da Cunha (RS),43,0.166,10564.0,0.78,1065.27,Faixa 3 (R$ 10k),10000.0,0,0.35,14118.0,3697.0,17815.0,0.7925,1686.39,1017.8,668.59,0.0,0,0,0.0,0.0,-0.1278924660823358
430825,4308250,Floriano Peixoto (RS),43,0.201,937.0,0.663,635.64,Faixa 3 (R$ 10k),10000.0,0,0.35,0.0,7154.0,7154.0,0.0,7635.01,2443.97,5191.04,0.0,0,0,0.0,0.0,-0.4355594317394302
430830,4308300,Fontoura Xavier (RS),43,0.38,1359.0,0.613,380.04,Faixa 2 (R$ 15k),15000.0,0,0.7,25970.0,14264.0,40234.0,0.6455,29605.59,4971.3,24634.29,0.0,0,0,0.0,0.0,0.2548814641996798
430840,4308409,Formigueiro (RS),43,0.334,730.0,0.597,341.63,Faixa 2 (R$ 15k),15000.0,0,0.7,303.0,5594.0,5897.0,0.0514,8078.08,5963.01,2115.07,0.0,0,0,0.0,0.0,-0.311358053320391
430843,4308433,Forquetinha (RS),43,0.168,1214.0,0.684,829.28,Faixa 3 (R$ 10k),10000.0,0,0.35,0.0,2823.0,2823.0,0.0,2325.37,1042.83,1282.54,0.0,0,0,0.0,0.0,-0.540034086229913
430845,4308458,Fortaleza dos Valos (RS),43,0.155,1560.0,0.799,1073.02,Faixa 3 (R$ 10k),10000.0,0,0.35,0.0,1706.0,1706.0,0.0,1093.59,637.82,455.77,0.0,0,0,0.0,0.0,-0.5663435662090768
430850,4308508,Frederico Westphalen (RS),43,0.153,12098.0,0.784,954.52,Faixa 3 (R$ 10k),10000.0,0,0.35,31057.0,18890.0,49947.0,0.6218,4128.53,910.15,3218.38,0.0,0,0,0.0,0.0,-0.19001276509518822
430860,4308607,Garibaldi (RS),43,0.119,13830.0,0.82,1447.63,Faixa 3 (R$ 10k),10000.0,0,0.35,58972.0,4648.0,63620.0,0.9269,4600.14,663.92,3936.23,0.0,0,0,0.0,0.0,-0.028265086381662995
430865,4308656,Garruchos (RS),43,0.215,547.0,0.754,657.63,Faixa 3 (R$ 10k),10000.0,0,0.35,0.0,1023.0,1023.0,0.0,1870.2,998.17,872.03,0.0,0,0,0.0,0.0,-0.5470345525217095
430870,4308706,Gaurama (RS),43,0.135,1817.0,0.767,722.8,Faixa 3 (R$ 10k),10000.0,0,0.35,1579.0,9581.0,11160.0,0.1415,6141.99,2135.39,4006.6,0.0,0,0,0.0,0.0,-0.3875552550348857
430880,4308805,General Câmara (RS),43,0.303,2565.0,0.755,713.95,Faixa 2 (R$ 15k),15000.0,0,0.7,134.0,4812.0,4946.0,0.0271,1928.27,728.65,1199.61,0.0,0,0,0.0,0.0,-0.5388787021500576
430885,4308854,Gentil (RS),43,0.212,351.0,0.739,685.41,Faixa 3 (R$ 10k),10000.0,0,0.35,84.0,3087.0,3171.0,0.0265,9034.19,3051.28,5982.91,0.0,0,0,0.0,0.0,-0.3877803485557356
430890,4308904,Getúlio Vargas (RS),43,0.372,1135.0,0.594,451.57,Faixa 2 (R$ 15k),15000.0,0,0.7,68346.0,18077.0,86423.0,0.7908,76143.61,21459.91,54683.7,0.0,0,0,0.0,0.0,1.356831797104929
430900,4309001,Giruá (RS),43,0.253,1353.0,0.663,501.25,Faixa 3 (R$ 10k),10000.0,0,0.35,94312.0,8717.0,103029.0,0.9154,76148.56,10546.19,65602.37,0.0,0,0,0.0,0.0,1.1402159067722617
430910,4309100,Gramado (RS),43,0.119,15040.0,0.803,1068.75,Faixa 3 (R$ 10k),10000.0,0,0.35,139653.0,5192.0,144845.0,0.9642,9630.65,1948.34,7682.31,0.0,0,0,0.0,0.0,0.08941567834919872
430915,4309159,Gramado Xavier (RS),43,0.282,470.0,0.582,382.17,Faixa 3 (R$ 10k),10000.0,0,0.35,0.0,2542.0,2542.0,0.0,5408.51,3946.81,1461.7,0.0,0,0,0.0,0.0,-0.4251889350264525
430912,4309126,Gramado dos Loureiros (RS),43,0.277,226.0,0.634,427.93,Faixa 3 (R$ 10k),10000.0,0,0.35,0.0,9064.0,9064.0,0.0,40106.19,8203.54,31902.65,0.0,0,0,0.0,0.0,0.13054799480408685
430925,4309258,Guabiju (RS),43,0.202,98.0,0.567,381.65,Faixa 3 (R$ 10k),10000.0,0,0.35,2.0,421.0,423.0,0.0047,4316.33,2948.98,1367.35,0.0,0,0,0.0,0.0,-0.4625747874508157
430940,4309407,Guaporé (RS),43,0.217,1584.0,0.649,558.94,Faixa 3 (R$ 10k),10000.0,0,0.35,20388.0,5035.0,25423.0,0.802,16049.87,4524.62,11525.25,0.0,0,0,0.0,0.0,0.15242784692767747
430950,4309506,Guarani das Missões (RS),43,0.193,2683.0,0.759,692.33,Faixa 3 (R$ 10k),10000.0,0,0.35,4121.0,14181.0,18302.0,0.2252,6821.47,3245.25,3576.22,0.0,0,0,0.0,0.0,-0.3056035273235851
430955,4309555,Harmonia (RS),43,0.1,1223.0,0.793,894.4,Faixa 3 (R$ 10k),10000.0,0,0.35,0.0,3732.0,3732.0,0.0,3051.51,1735.08,1316.43,0.0,0,0,0.0,0.0,-0.5127705254101895
430710,4307104,Herval (RS),43,0.426,669.0,0.592,323.63,Faixa 1 (R$ 20k),20000.0,0,0.8,75.0,2566.0,2641.0,0.0284,3947.68,2183.86,1763.83,0.0,0,0,0.0,0.0,-0.47454799823267546
430957,4309571,Herveiras (RS),43,0.297,1411.0,0.639,509.11,Faixa 3 (R$ 10k),10000.0,0,0.35,0.0,5154.0,5154.0,0.0,3652.73,1265.06,2387.67,0.0,0,0,0.0,0.0,-0.5172350855180771
430960,4309605,Horizontina (RS),43,0.223,982.0,0.724,858.02,Faixa 3 (R$ 10k),10000.0,0,0.35,36625.0,18172.0,54797.0,0.6684,55801.43,13120.16,42681.26,0.0,0,0,0.0,0.0,0.8145256912795624
430965,4309654,Hulha Negra (RS),43,0.265,395.0,0.675,460.66,Faixa 3 (R$ 10k),10000.0,0,0.35,142.0,3285.0,3427.0,0.0414,8675.95,4101.27,4574.68,0.0,0,0,0.0,0.0,-0.3572494235161615
430970,4309704,Humaitá (RS),43,0.264,440.0,0.68,507.21,Faixa 3 (R$ 10k),10000.0,0,0.35,2834.0,4268.0,7102.0,0.399,16140.91,4459.09,11681.82,0.0,0,0,0.0,0.0,-0.06218410477700209
430975,4309753,Ibarama (RS),43,0.262,2141.0,0.676,571.99,Faixa 3 (R$ 10k),10000.0,0,0.35,0.0,4093.0,4093.0,0.0,1911.72,927.14,984.59,0.0,0,0,0.0,0.0,-0.5483425063945562
430980,4309803,Ibiaçá (RS),43,0.157,1487.0,0.737,864.76,Faixa 3 (R$ 10k),10000.0,0,0.35,89.0,10853.0,10942.0,0.0081,7358.44,2415.6,4942.84,0.0,0,0,0.0,0.0,-0.4355421335702074
430990,4309902,Ibiraiaras (RS),43,0.189,1943.0,0.769,750.57,Faixa 3 (R$ 10k),10000.0,0,0.35,7301.0,12937.0,20238.0,0.3608,10415.85,2330.42,8085.43,0.0,0,0,0.0,0.0,-0.2111407265300426
430995,4309951,Ibirapuitã (RS),43,0.258,350.0,0.58,452.02,Faixa 3 (R$ 10k),10000.0,0,0.35,0.0,8563.0,8563.0,0.0,24465.71,6680.0,17785.71,0.0,0,0,0.0,0.0,-0.10971426922118424
431000,4310009,Ibirubá (RS),43,0.256,1288.0,0.676,590.55,Faixa 3 (R$ 10k),10000.0,0,0.35,7116.0,6167.0,13283.0,0.5357,10312.89,3261.65,7051.24,0.0,0,0,0.0,0.0,-0.09541552451897828
431020,4310207,Ijuí (RS),43,0.298,6481.0,0.677,493.51,Faixa 3 (R$ 10k),10000.0,0,0.35,203012.0,17328.0,220340.0,0.9214,33997.84,11036.88,22960.96,0.0,0,0,0.0,0.0,0.6150399799802336
431030,4310306,Ilópolis (RS),43,0.451,346.0,0.658,393.44,Faixa 1 (R$ 20k),20000.0,0,0.8,5250.0,2463.0,7713.0,0.6807,22291.91,4384.39,17907.51,0.0,0,0,0.0,0.0,0.16448401980203958
431033,4310330,Imbé (RS),43,0.223,843.0,0.69,610.86,Faixa 3 (R$ 10k),10000.0,0,0.35,722.0,23599.0,24321.0,0.0297,28850.53,13531.44,15319.1,0.0,0,0,0.0,0.0,0.1399307470031182
431036,4310363,Imigrante (RS),43,0.066,772.0,0.771,1012.66,Faixa 3 (R$ 10k),10000.0,0,0.35,0.0,2338.0,2338.0,0.0,3028.5,2033.68,994.82,0.0,0,0,0.0,0.0,-0.5053265723482514
431040,4310405,Independência (RS),43,0.293,416.0,0.608,496.06,Faixa 3 (R$ 10k),10000.0,0,0.35,5684.0,14626.0,20310.0,0.2799,48822.12,15882.21,32939.9,0.0,0,0,0.0,0.0,0.5901428606858733
431041,4310413,Inhacorá (RS),43,0.366,246.0,0.677,352.35,Faixa 2 (R$ 15k),15000.0,0,0.7,0.0,3272.0,3272.0,0.0,13300.81,3048.78,10252.03,0.0,0,0,0.0,0.0,-0.34715266500895725
431046,4310462,Ipiranga do Sul (RS),43,0.126,345.0,0.825,1435.25,Faixa 3 (R$ 10k),10000.0,0,0.35,0.0,5750.0,5750.0,0.0,16666.67,6115.94,10550.72,0.0,0,0,0.0,0.0,-0.22444893902083268
431043,4310439,Ipê (RS),43,0.34,416.0,0.668,500.44,Faixa 2 (R$ 15k),15000.0,0,0.7,0.0,4635.0,4635.0,0.0,11141.83,5872.6,5269.23,0.0,0,0,0.0,0.0,-0.30167732169392014
431050,4310504,Iraí (RS),43,0.24,2278.0,0.744,633.55,Faixa 3 (R$ 10k),10000.0,0,0.35,15419.0,8101.0,23520.0,0.6556,10324.85,1922.74,8402.11,0.0,0,0,0.0,0.0,-0.06627139549825756
431053,4310538,Itaara (RS),43,0.245,1985.0,0.769,792.48,Faixa 3 (R$ 10k),10000.0,0,0.35,0.0,3778.0,3778.0,0.0,1903.27,1123.43,779.85,0.0,0,0,0.0,0.0,-0.5433633929457015
431055,4310553,Itacurubi (RS),43,0.178,621.0,0.755,526.44,Faixa 3 (R$ 10k),10000.0,0,0.35,0.0,2971.0,2971.0,0.0,4784.22,3789.05,995.17,0.0,0,0,0.0,0.0,-0.4372917714148007
431057,4310579,Itapuca (RS),43,0.363,1111.0,0.671,654.26,Faixa 2 (R$ 15k),15000.0,0,0.7,0.0,7925.0,7925.0,0.0,7133.21,1744.37,5388.84,0.0,0,0,0.0,0.0,-0.4601336823680066
431060,4310603,Itaqui (RS),43,0.282,4588.0,0.672,404.21,Faixa 3 (R$ 10k),10000.0,0,0.35,96991.0,14412.0,111403.0,0.8706,24281.39,4495.42,19785.96,0.0,0,0,0.0,0.0,0.2937792911067997
431065,4310652,Itati (RS),43,0.247,1244.0,0.676,596.74,Faixa 3 (R$ 10k),10000.0,0,0.35,99.0,2697.0,2796.0,0.0354,2247.59,1344.86,902.73,0.0,0,0,0.0,0.0,-0.5143990725899824
431070,4310702,Itatiba do Sul (RS),43,0.291,861.0,0.759,740.29,Faixa 3 (R$ 10k),10000.0,0,0.35,0.0,4571.0,4571.0,0.0,5308.94,2113.82,3195.12,0.0,0,0,0.0,0.0,-0.4739758431363773
431075,4310751,Ivorá (RS),43,0.142,396.0,0.727,848.11,Faixa 3 (R$ 10k),10000.0,0,0.35,0.0,1634.0,1634.0,0.0,4126.26,3161.62,964.65,0.0,0,0,0.0,0.0,-0.4619999989666315
431085,4310850,Jaboticaba (RS),43,0.368,468.0,0.576,240.53,Faixa 2 (R$ 15k),15000.0,0,0.7,18473.0,2900.0,21373.0,0.8643,45668.8,5679.49,39989.32,0.0,0,0,0.0,0.0,0.5956686902540005
431087,4310876,Jacuizinho (RS),43,0.311,1224.0,0.666,773.05,Faixa 2 (R$ 15k),15000.0,0,0.7,0.0,950.0,950.0,0.0,776.14,384.8,391.34,0.0,0,0,0.0,0.0,-0.5769765688040843
431090,4310900,Jacutinga (RS),43,0.194,1335.0,0.74,666.65,Faixa 3 (R$ 10k),10000.0,0,0.35,176.0,4475.0,4651.0,0.0378,3483.9,1543.07,1940.82,0.0,0,0,0.0,0.0,-0.49211656870365683
431110,4311106,Jaguari (RS),43,0.157,3399.0,0.768,862.95,Faixa 3 (R$ 10k),10000.0,0,0.35,296.0,6302.0,6598.0,0.0449,1941.16,1441.6,499.56,0.0,0,0,0.0,0.0,-0.5107786817394213
431100,4311007,Jaguarão (RS),43,0.27,13543.0,0.727,643.96,Faixa 3 (R$ 10k),10000.0,0,0.35,17162.0,2468.0,19630.0,0.8743,1449.46,428.34,1021.12,0.0,0,0,0.0,0.0,-0.10275804224222788
431112,4311122,Jaquirana (RS),43,0.397,569.0,0.575,267.24,Faixa 2 (R$ 15k),15000.0,0,0.7,1304.0,1451.0,2755.0,0.4733,4841.83,2922.67,1919.16,0.0,0,0,0.0,0.0,-0.20758068222000814
431113,4311130,Jari (RS),43,0.344,1691.0,0.64,408.25,Faixa 2 (R$ 15k),15000.0,0,0.7,29.0,2751.0,2780.0,0.0104,1644.0,1204.61,439.38,0.0,0,0,0.0,0.0,-0.539062948827827
431115,4311155,Jóia (RS),43,0.149,1073.0,0.748,603.23,Faixa 3 (R$ 10k),10000.0,0,0.35,0.0,13173.0,13173.0,0.0,12276.79,5895.62,6381.17,0.0,0,0,0.0,0.0,-0.2865113928675076
431120,4311205,Júlio de Castilhos (RS),43,0.336,1594.0,0.643,385.75,Faixa 2 (R$ 15k),15000.0,0,0.7,29172.0,8611.0,37783.0,0.7721,23703.26,3920.95,19782.31,0.0,0,0,0.0,0.0,0.21914318939786762
431123,4311239,Lagoa Bonita do Sul (RS),43,0.287,1259.0,0.696,589.72,Faixa 3 (R$ 10k),10000.0,0,0.35,0.0,1827.0,1827.0,0.0,1451.15,946.78,504.37,0.0,0,0,0.0,0.0,-0.5537457857397708
431130,4311304,Lagoa Vermelha (RS),43,0.282,2195.0,0.651,390.26,Faixa 3 (R$ 10k),10000.0,0,0.35,119189.0,32643.0,151832.0,0.785,69171.75,14816.86,54354.9,0.0,0,0,0.0,0.0,1.0920749317931233
431127,4311270,Lagoa dos Três Cantos (RS),43,0.093,421.0,0.819,788.1,Faixa 3 (R$ 10k),10000.0,0,0.35,1340.0,4060.0,5400.0,0.2481,12826.6,2857.48,9969.12,0.0,0,0,0.0,0.0,-0.22640227336425717
431125,4311254,Lagoão (RS),43,0.423,505.0,0.602,353.1,Faixa 1 (R$ 20k),20000.0,0,0.8,2723.0,7571.0,10294.0,0.2645,20384.16,4918.81,15465.35,0.0,0,0,0.0,0.0,-0.06724816394613059
431140,4311403,Lajeado (RS),43,0.196,3935.0,0.67,564.57,Faixa 3 (R$ 10k),10000.0,0,0.35,439747.0,18398.0,458145.0,0.9598,116428.21,9297.08,107131.13,0.0,0,0,0.0,0.0,1.6484895190974196
431142,4311429,Lajeado do Bugre (RS),43,0.306,383.0,0.679,457.41,Faixa 2 (R$ 15k),15000.0,0,0.7,0.0,2531.0,2531.0,0.0,6608.36,3498.69,3109.66,0.0,0,0,0.0,0.0,-0.42140143584835776
431150,4311502,Lavras do Sul (RS),43,0.218,2518.0,0.727,584.59,Faixa 3 (R$ 10k),10000.0,0,0.35,206.0,2293.0,2499.0,0.0824,992.45,708.5,283.96,0.0,0,0,0.0,0.0,-0.5220372492788341
431160,4311601,Liberato Salzano (RS),43,0.245,585.0,0.638,356.86,Faixa 3 (R$ 10k),10000.0,0,0.35,0.0,4938.0,4938.0,0.0,8441.03,2892.31,5548.72,0.0,0,0,0.0,0.0,-0.41359229935709774
431162,4311627,Lindolfo Collor (RS),43,0.231,2085.0,0.741,693.33,Faixa 3 (R$ 10k),10000.0,0,0.35,0.0,5522.0,5522.0,0.0,2648.44,1656.12,992.33,0.0,0,0,0.0,0.0,-0.5199911375855695
431164,4311643,Linha Nova (RS),43,0.103,816.0,0.76,845.52,Faixa 3 (R$ 10k),10000.0,0,0.35,0.0,644.0,644.0,0.0,789.22,316.18,473.04,0.0,0,0,0.0,0.0,-0.5785872054006871
431170,4311700,Machadinho (RS),43,0.344,1727.0,0.72,736.06,Faixa 2 (R$ 15k),15000.0,0,0.7,3026.0,11257.0,14283.0,0.2119,8270.41,2195.14,6075.28,0.0,0,0,0.0,0.0,-0.32128641877456937
431173,4311734,Mampituba (RS),43,0.263,1452.0,0.657,467.36,Faixa 3 (R$ 10k),10000.0,0,0.35,0.0,6443.0,6443.0,0.0,4437.33,848.48,3588.84,0.0,0,0,0.0,0.0,-0.5179606005846276
431175,4311759,Manoel Viana (RS),43,0.434,420.0,0.622,335.46,Faixa 1 (R$ 20k),20000.0,0,0.8,0.0,5947.0,5947.0,0.0,14159.52,6283.33,7876.19,0.0,0,0,0.0,0.0,-0.25229417708928475
431177,4311775,Maquiné (RS),43,0.181,1058.0,0.748,730.84,Faixa 3 (R$ 10k),10000.0,0,0.35,0.0,6786.0,6786.0,0.0,6413.99,3109.64,3304.35,0.0,0,0,0.0,0.0,-0.43398013756282927
431179,4311791,Maratá (RS),43,0.231,1255.0,0.728,759.78,Faixa 3 (R$ 10k),10000.0,0,0.35,0.0,2563.0,2563.0,0.0,2042.23,1466.93,575.3,0.0,0,0,0.0,0.0,-0.5326765770384542
431180,4311809,Marau (RS),43,0.215,1978.0,0.698,586.57,Faixa 3 (R$ 10k),10000.0,0,0.35,115465.0,34338.0,149803.0,0.7708,75734.58,13629.93,62104.65,0.0,0,0,0.0,0.0,1.1380137053568258
431190,4311908,Marcelino Ramos (RS),43,0.173,1412.0,0.765,851.82,Faixa 3 (R$ 10k),10000.0,0,0.35,6638.0,6071.0,12709.0,0.5223,9000.71,2203.26,6797.45,0.0,0,0,0.0,0.0,-0.14681021984556783
431198,4311981,Mariana Pimentel (RS),43,0.225,1798.0,0.714,632.06,Faixa 3 (R$ 10k),10000.0,0,0.35,0.0,3682.0,3682.0,0.0,2047.83,941.6,1106.23,0.0,0,0,0.0,0.0,-0.5462205694671383
431200,4312005,Mariano Moro (RS),43,0.279,577.0,0.753,661.33,Faixa 3 (R$ 10k),10000.0,0,0.35,0.0,3508.0,3508.0,0.0,6079.72,2461.01,3618.72,0.0,0,0,0.0,0.0,-0.4550826908184401
431205,4312054,Marques de Souza (RS),43,0.221,2029.0,0.712,843.53,Faixa 3 (R$ 10k),10000.0,0,0.35,0.0,4322.0,4322.0,0.0,2130.11,1091.18,1038.94,0.0,0,0,0.0,0.0,-0.541287366705894
431210,4312104,Mata (RS),43,0.244,1360.0,0.715,567.29,Faixa 3 (R$ 10k),10000.0,0,0.35,9861.0,3440.0,13301.0,0.7414,9780.15,1682.35,8097.79,0.0,0,0,0.0,0.0,-0.03391549721008367
431213,4312138,Mato Castelhano (RS),43,0.208,1178.0,0.734,884.07,Faixa 3 (R$ 10k),10000.0,0,0.35,0.0,5880.0,5880.0,0.0,4991.51,1724.11,3267.4,0.0,0,0,0.0,0.0,-0.488151418169995
431215,4312153,Mato Leitão (RS),43,0.109,834.0,0.779,806.82,Faixa 3 (R$ 10k),10000.0,0,0.35,0.0,9179.0,9179.0,0.0,11006.0,4401.68,6604.32,0.0,0,0,0.0,0.0,-0.3415453037881879
431217,4312179,Mato Queimado (RS),43,0.271,897.0,0.726,631.43,Faixa 3 (R$ 10k),10000.0,0,0.35,191.0,4847.0,5038.0,0.0379,5616.5,3312.15,2304.35,0.0,0,0,0.0,0.0,-0.4188352908202425
431220,4312203,Maximiliano de Almeida (RS),43,0.5,502.0,0.581,352.4,Faixa 1 (R$ 20k),20000.0,0,0.8,5127.0,8399.0,13526.0,0.379,26944.22,6579.68,20364.54,0.0,0,0,0.0,0.0,0.12083461075839574
431171,4311718,Maçambará (RS),43,0.318,499.0,0.629,377.03,Faixa 2 (R$ 15k),15000.0,0,0.7,0.0,3943.0,3943.0,0.0,7901.8,2885.77,5016.03,0.0,0,0,0.0,0.0,-0.42068380752186163
431225,4312252,Minas do Leão (RS),43,0.252,3731.0,0.695,800.42,Faixa 3 (R$ 10k),10000.0,0,0.35,485.0,6361.0,6846.0,0.0708,1834.9,642.19,1192.71,0.0,0,0,0.0,0.0,-0.5191037722755502
431230,4312302,Miraguaí (RS),43,0.252,428.0,0.642,341.02,Faixa 3 (R$ 10k),10000.0,0,0.35,0.0,6835.0,6835.0,0.0,15969.63,5383.18,10586.45,0.0,0,0,0.0,0.0,-0.2523888478615365
431235,4312351,Montauri (RS),43,0.17,748.0,0.767,1100.67,Faixa 3 (R$ 10k),10000.0,0,0.35,0.0,2531.0,2531.0,0.0,3383.69,1326.2,2057.49,0.0,0,0,0.0,0.0,-0.5191040339841729
431237,4312377,Monte Alegre dos Campos (RS),43,0.312,1441.0,0.654,489.53,Faixa 2 (R$ 15k),15000.0,0,0.7,0.0,644.0,644.0,0.0,446.91,346.98,99.93,0.0,0,0,0.0,0.0,-0.5821830816653293
431238,4312385,Monte Belo do Sul (RS),43,0.149,1325.0,0.765,848.87,Faixa 3 (R$ 10k),10000.0,0,0.35,0.0,2982.0,2982.0,0.0,2250.57,841.51,1409.06,0.0,0,0,0.0,0.0,-0.5462122362846568
431242,4312427,Mormaço (RS),43,0.322,1353.0,0.701,793.09,Faixa 2 (R$ 15k),15000.0,0,0.7,0.0,7303.0,7303.0,0.0,5397.63,1276.42,4121.21,0.0,0,0,0.0,0.0,-0.49454167742762556
431244,4312443,Morrinhos do Sul (RS),43,0.214,667.0,0.749,858.79,Faixa 3 (R$ 10k),10000.0,0,0.35,0.0,5576.0,5576.0,0.0,8359.82,2472.26,5887.56,0.0,0,0,0.0,0.0,-0.4255219340104096
431245,4312450,Morro Redondo (RS),43,0.257,1391.0,0.735,801.9,Faixa 3 (R$ 10k),10000.0,0,0.35,0.0,4531.0,4531.0,0.0,3257.37,2076.92,1180.45,0.0,0,0,0.0,0.0,-0.501267883551539
431247,4312476,Morro Reuter (RS),43,0.119,2431.0,0.774,782.43,Faixa 3 (R$ 10k),10000.0,0,0.35,2114.0,5381.0,7495.0,0.2821,3083.09,1692.31,1390.79,0.0,0,0,0.0,0.0,-0.36361610057669025
431250,4312500,Mostardas (RS),43,0.284,1274.0,0.623,403.15,Faixa 3 (R$ 10k),10000.0,0,0.35,82.0,11492.0,11574.0,0.0071,9084.77,4642.07,4442.7,0.0,0,0,0.0,0.0,-0.35620552138431416
431261,4312617,Muitos Capões (RS),43,0.349,291.0,0.603,302.81,Faixa 2 (R$ 15k),15000.0,0,0.7,0.0,673.0,673.0,0.0,2312.71,1360.82,951.89,0.0,0,0,0.0,0.0,-0.5319547081687279
431262,4312625,Muliterno (RS),43,0.363,890.0,0.703,770.59,Faixa 2 (R$ 15k),15000.0,0,0.7,0.0,3086.0,3086.0,0.0,3467.42,1206.74,2260.67,0.0,0,0,0.0,0.0,-0.5211255241505522
431260,4312609,Muçum (RS),43,0.129,2124.0,0.774,884.36,Faixa 3 (R$ 10k),10000.0,0,0.35,1.0,3879.0,3880.0,0.0003,1826.74,918.55,908.19,0.0,0,0,0.0,0.0,-0.5494967225520077
431267,4312674,Nicolau Vergueiro (RS),43,0.233,328.0,0.819,1358.47,Faixa 3 (R$ 10k),10000.0,0,0.35,0.0,4198.0,4198.0,0.0,12798.78,5027.44,7771.34,0.0,0,0,0.0,0.0,-0.3023128100454373
431270,4312708,Nonoai (RS),43,0.296,963.0,0.619,412.47,Faixa 3 (R$ 10k),10000.0,0,0.35,86091.0,13339.0,99430.0,0.8658,103250.26,12429.91,90820.35,0.0,0,0,0.0,0.0,1.51059064591903
431275,4312757,Nova Alvorada (RS),43,0.192,1584.0,0.757,897.8,Faixa 3 (R$ 10k),10000.0,0,0.35,3310.0,4324.0,7634.0,0.4336,4819.44,1851.01,2968.43,0.0,0,0,0.0,0.0,-0.2567336324749475
431280,4312807,Nova Araçá (RS),43,0.118,1493.0,0.806,1031.91,Faixa 3 (R$ 10k),10000.0,0,0.35,391.0,1751.0,2142.0,0.1825,1434.7,1095.78,338.91,0.0,0,0,0.0,0.0,-0.4531472528958851
431290,4312906,Nova Bassano (RS),43,0.141,2751.0,0.778,1031.91,Faixa 3 (R$ 10k),10000.0,0,0.35,21697.0,2336.0,24033.0,0.9028,8736.1,2753.18,5982.92,0.0,0,0,0.0,0.0,0.06617593296124073
431295,4312955,Nova Boa Vista (RS),43,0.126,979.0,0.78,893.28,Faixa 3 (R$ 10k),10000.0,0,0.35,0.0,2392.0,2392.0,0.0,2443.31,835.55,1607.76,0.0,0,0,0.0,0.0,-0.5438925426687368
431300,4313003,Nova Bréscia (RS),43,0.185,1555.0,0.81,1453.68,Faixa 3 (R$ 10k),10000.0,0,0.35,0.0,2796.0,2796.0,0.0,1798.07,1163.34,634.73,0.0,0,0,0.0,0.0,-0.5436794783419664
431301,4313011,Nova Candelária (RS),43,0.138,1346.0,0.779,1178.71,Faixa 3 (R$ 10k),10000.0,0,0.35,0.0,10881.0,10881.0,0.0,8083.95,2887.07,5196.88,0.0,0,0,0.0,0.0,-0.4183118859835931
431303,4313037,Nova Esperança do Sul (RS),43,0.149,1853.0,0.758,737.17,Faixa 3 (R$ 10k),10000.0,0,0.35,2523.0,4911.0,7434.0,0.3394,4011.87,1994.06,2017.81,0.0,0,0,0.0,0.0,-0.3134336344591857
431310,4313102,Nova Palma (RS),43,0.096,1584.0,0.802,949.88,Faixa 3 (R$ 10k),10000.0,0,0.35,24.0,3935.0,3959.0,0.0061,2499.37,1711.49,787.88,0.0,0,0,0.0,0.0,-0.5172292214383584
431320,4313201,Nova Petrópolis (RS),43,0.111,7283.0,0.806,1106.17,Faixa 3 (R$ 10k),10000.0,0,0.35,13101.0,3856.0,16957.0,0.7726,2328.3,473.57,1854.73,0.0,0,0,0.0,0.0,-0.14432942655582087
431330,4313300,Nova Prata (RS),43,0.115,9506.0,0.799,1037.9,Faixa 3 (R$ 10k),10000.0,0,0.35,8463.0,3182.0,11645.0,0.7267,1225.02,815.38,409.64,0.0,0,0,0.0,0.0,-0.17401581524156948
431308,4313086,Nova Pádua (RS),43,0.157,1192.0,0.775,900.86,Faixa 3 (R$ 10k),10000.0,0,0.35,0.0,493.0,493.0,0.0,413.59,322.99,90.6,0.0,0,0,0.0,0.0,-0.5832325945658944
431333,4313334,Nova Ramada (RS),43,0.169,357.0,0.78,854.91,Faixa 3 (R$ 10k),10000.0,0,0.35,0.0,5360.0,5360.0,0.0,15014.01,5176.47,9837.54,0.0,0,0,0.0,0.0,-0.2700136297379841
431335,4313359,Nova Roma do Sul (RS),43,0.314,795.0,0.786,1059.49,Faixa 2 (R$ 15k),15000.0,0,0.7,0.0,1146.0,1146.0,0.0,1441.51,592.45,849.06,0.0,0,0,0.0,0.0,-0.5630533110503759
431349,4313490,Novo Barreiro (RS),43,0.353,522.0,0.692,758.26,Faixa 2 (R$ 15k),15000.0,0,0.7,0.0,5496.0,5496.0,0.0,10528.74,4496.17,6032.57,0.0,0,0,0.0,0.0,-0.3452227462734698
431339,4313391,Novo Cabrais (RS),43,0.253,1909.0,0.682,595.15,Faixa 3 (R$ 10k),10000.0,0,0.35,0.0,5091.0,5091.0,0.0,2666.84,1043.48,1623.36,0.0,0,0,0.0,0.0,-0.5356338493043806
431342,4313425,Novo Machado (RS),43,0.217,814.0,0.707,584.41,Faixa 3 (R$ 10k),10000.0,0,0.35,0.0,3986.0,3986.0,0.0,4896.81,1769.04,3127.76,0.0,0,0,0.0,0.0,-0.4882026049804784
431344,4313441,Novo Tiradentes (RS),43,0.382,1086.0,0.688,552.32,Faixa 2 (R$ 15k),15000.0,0,0.7,0.0,5010.0,5010.0,0.0,4613.26,1586.56,3026.7,0.0,0,0,0.0,0.0,-0.4965720655303382
431346,4313466,Novo Xingu (RS),43,0.183,896.0,0.778,799.43,Faixa 3 (R$ 10k),10000.0,0,0.35,0.0,5365.0,5365.0,0.0,5987.72,1529.02,4458.71,0.0,0,0,0.0,0.0,-0.4804196618243516
431265,4312658,Não-Me-Toque (RS),43,0.207,984.0,0.659,584.6,Faixa 3 (R$ 10k),10000.0,0,0.35,41832.0,12394.0,54226.0,0.7714,55107.72,12896.34,42211.38,0.0,0,0,0.0,0.0,0.8545353884106557
431350,4313508,Osório (RS),43,0.18,19667.0,0.778,1024.91,Faixa 3 (R$ 10k),10000.0,0,0.35,45212.0,23175.0,68387.0,0.6611,3477.25,948.29,2528.96,0.0,0,0,0.0,0.0,-0.17650759600734847
431360,4313607,Paim Filho (RS),43,0.172,1170.0,0.706,663.03,Faixa 3 (R$ 10k),10000.0,0,0.35,10148.0,10661.0,20809.0,0.4877,17785.47,1845.3,15940.17,0.0,0,0,0.0,0.0,-0.061699933924601824
431365,4313656,Palmares do Sul (RS),43,0.262,4949.0,0.732,796.34,Faixa 3 (R$ 10k),10000.0,0,0.35,1105.0,10881.0,11986.0,0.0922,2421.9,1099.62,1322.29,0.0,0,0,0.0,0.0,-0.4883443573378809
431370,4313706,Palmeira das Missões (RS),43,0.347,3370.0,0.671,455.7,Faixa 2 (R$ 15k),15000.0,0,0.7,28816.0,19059.0,47875.0,0.6019,14206.23,4664.99,9541.25,0.0,0,0,0.0,0.0,0.026102273675014987
431380,4313805,Palmitinho (RS),43,0.158,1724.0,0.787,789.26,Faixa 3 (R$ 10k),10000.0,0,0.35,25107.0,7523.0,32630.0,0.7694,18926.91,2888.63,16038.28,0.0,0,0,0.0,0.0,0.12963932710715442
431390,4313904,Panambi (RS),43,0.203,2664.0,0.688,537.62,Faixa 3 (R$ 10k),10000.0,0,0.35,73916.0,14305.0,88221.0,0.8379,33115.99,7207.58,25908.41,0.0,0,0,0.0,0.0,0.4601123180084482
431395,4313953,Pantano Grande (RS),43,0.244,4236.0,0.687,577.07,Faixa 3 (R$ 10k),10000.0,0,0.35,0.0,10903.0,10903.0,0.0,2573.89,1709.87,864.02,0.0,0,0,0.0,0.0,-0.5195550593560627
431400,4314001,Paraí (RS),43,0.2,1914.0,0.816,1082.64,Faixa 3 (R$ 10k),10000.0,0,0.35,221.0,1645.0,1866.0,0.1184,974.92,635.84,339.08,0.0,0,0,0.0,0.0,-0.5050216353179919
431402,4314027,Paraíso do Sul (RS),43,0.179,1459.0,0.719,656.24,Faixa 3 (R$ 10k),10000.0,0,0.35,262.0,5413.0,5675.0,0.0462,3889.65,2814.26,1075.39,0.0,0,0,0.0,0.0,-0.4494980904001208
431403,4314035,Pareci Novo (RS),43,0.145,1727.0,0.768,809.95,Faixa 3 (R$ 10k),10000.0,0,0.35,660.0,2905.0,3565.0,0.1851,2064.27,1195.14,869.14,0.0,0,0,0.0,0.0,-0.4411089806137719
431406,4314068,Passa Sete (RS),43,0.378,306.0,0.536,329.23,Faixa 2 (R$ 15k),15000.0,0,0.7,0.0,3142.0,3142.0,0.0,10267.97,7098.04,3169.93,0.0,0,0,0.0,0.0,-0.2811330770524695
431410,4314100,Passo Fundo (RS),43,0.285,14883.0,0.702,624.35,Faixa 3 (R$ 10k),10000.0,0,0.35,476426.0,9523.0,485949.0,0.9804,32651.28,8905.8,23745.48,0.0,0,0,0.0,0.0,0.5738616264304739
431407,4314076,Passo do Sobrado (RS),43,0.159,774.0,0.796,1099.77,Faixa 3 (R$ 10k),10000.0,0,0.35,0.0,8229.0,8229.0,0.0,10631.78,4780.36,5851.42,0.0,0,0,0.0,0.0,-0.33653420042763604
431413,4314134,Paulo Bento (RS),43,0.199,1070.0,0.721,781.89,Faixa 3 (R$ 10k),10000.0,0,0.35,0.0,3740.0,3740.0,0.0,3495.33,708.41,2786.92,0.0,0,0,0.0,0.0,-0.5336832541642542
431415,4314159,Paverama (RS),43,0.165,2077.0,0.712,644.56,Faixa 3 (R$ 10k),10000.0,0,0.35,0.0,5828.0,5828.0,0.0,2805.97,1731.34,1074.63,0.0,0,0,0.0,0.0,-0.5160194147883056
431417,4314175,Pedras Altas (RS),43,0.429,1051.0,0.655,461.86,Faixa 1 (R$ 20k),20000.0,0,0.8,248.0,2211.0,2459.0,0.1009,2339.68,1395.81,943.86,0.0,0,0,0.0,0.0,-0.47710144697983753
431420,4314209,Pedro Osório (RS),43,0.28,3763.0,0.699,601.38,Faixa 3 (R$ 10k),10000.0,0,0.35,27055.0,3425.0,30480.0,0.8876,8099.92,603.51,7496.41,0.0,0,0,0.0,0.0,-0.005781844115217249
431430,4314308,Pejuçara (RS),43,0.176,1360.0,0.754,678.74,Faixa 3 (R$ 10k),10000.0,0,0.35,5276.0,3963.0,9239.0,0.5711,6793.38,1262.5,5530.88,0.0,0,0,0.0,0.0,-0.17360501674572867
431440,4314407,Pelotas (RS),43,0.31,30790.0,0.66,498.07,Faixa 2 (R$ 15k),15000.0,0,0.7,223809.0,25020.0,248829.0,0.8994,8081.49,3377.23,4704.25,0.0,0,0,0.0,0.0,0.07214117497729026
431442,4314423,Picada Café (RS),43,0.104,2291.0,0.79,814.15,Faixa 3 (R$ 10k),10000.0,0,0.35,0.0,1518.0,1518.0,0.0,662.59,326.49,336.1,0.0,0,0,0.0,0.0,-0.5799455102737527
431445,4314456,Pinhal (RS),43,0.35,308.0,0.681,430.35,Faixa 2 (R$ 15k),15000.0,0,0.7,0.0,8590.0,8590.0,0.0,27889.61,7957.79,19931.82,0.0,0,0,0.0,0.0,-0.03264359780510172
431447,4314472,Pinhal Grande (RS),43,0.283,965.0,0.748,615.92,Faixa 3 (R$ 10k),10000.0,0,0.35,0.0,2718.0,2718.0,0.0,2816.58,2068.39,748.19,0.0,0,0,0.0,0.0,-0.5071473131578722
431446,4314464,Pinhal da Serra (RS),43,0.303,250.0,0.63,303.4,Faixa 2 (R$ 15k),15000.0,0,0.7,11.0,792.0,803.0,0.0137,3212.0,908.0,2304.0,0.0,0,0,0.0,0.0,-0.5248694636229233
431449,4314498,Pinheirinho do Vale (RS),43,0.489,360.0,0.642,354.55,Faixa 1 (R$ 20k),20000.0,0,0.8,0.0,5571.0,5571.0,0.0,15475.0,4555.56,10919.44,0.0,0,0,0.0,0.0,-0.2801891723878064
431450,4314506,Pinheiro Machado (RS),43,0.288,1566.0,0.663,430.66,Faixa 3 (R$ 10k),10000.0,0,0.35,83639.0,3214.0,86853.0,0.963,55461.69,8421.46,47040.23,0.0,0,0,0.0,0.0,0.8448780893227854
431455,4314555,Pirapó (RS),43,0.337,415.0,0.61,317.45,Faixa 2 (R$ 15k),15000.0,0,0.7,0.0,6577.0,6577.0,0.0,15848.19,8457.83,7390.36,0.0,0,0,0.0,0.0,-0.17425677401633083
431460,4314605,Piratini (RS),43,0.368,2078.0,0.593,338.61,Faixa 2 (R$ 15k),15000.0,0,0.7,16211.0,10322.0,26533.0,0.611,12768.53,3211.74,9556.79,0.0,0,0,0.0,0.0,-0.02518555300786756
431470,4314704,Planalto (RS),43,0.296,3116.0,0.737,635.4,Faixa 3 (R$ 10k),10000.0,0,0.35,19171.0,7226.0,26397.0,0.7263,8471.44,1473.36,6998.07,0.0,0,0,0.0,0.0,-0.06415336822709977
431478,4314787,Ponte Preta (RS),43,0.215,826.0,0.737,727.6,Faixa 3 (R$ 10k),10000.0,0,0.35,0.0,3446.0,3446.0,0.0,4171.91,1922.52,2249.39,0.0,0,0,0.0,0.0,-0.4935299455721795
431477,4314779,Pontão (RS),43,0.317,267.0,0.708,543.71,Faixa 2 (R$ 15k),15000.0,0,0.7,0.0,8388.0,8388.0,0.0,31415.73,12385.77,19029.96,0.0,0,0,0.0,0.0,0.12738813090758452
431500,4315008,Porto Lucena (RS),43,0.171,1220.0,0.747,729.51,Faixa 3 (R$ 10k),10000.0,0,0.35,508.0,4598.0,5106.0,0.0995,4185.25,2634.43,1550.82,0.0,0,0,0.0,0.0,-0.4220503957570608
431505,4315057,Porto Mauá (RS),43,0.297,1278.0,0.7,540.03,Faixa 3 (R$ 10k),10000.0,0,0.35,0.0,2612.0,2612.0,0.0,2043.82,1441.31,602.5,0.0,0,0,0.0,0.0,-0.5333202715700548
431507,4315073,Porto Vera Cruz (RS),43,0.185,916.0,0.697,479.95,Faixa 3 (R$ 10k),10000.0,0,0.35,0.0,2960.0,2960.0,0.0,3231.44,2287.12,944.32,0.0,0,0,0.0,0.0,-0.49615262843118335
431510,4315107,Porto Xavier (RS),43,0.268,1717.0,0.631,421.78,Faixa 3 (R$ 10k),10000.0,0,0.35,12637.0,16845.0,29482.0,0.4286,17170.65,6707.05,10463.6,0.0,0,0,0.0,0.0,0.02502286861378735
431513,4315131,Pouso Novo (RS),43,0.191,922.0,0.724,912.35,Faixa 3 (R$ 10k),10000.0,0,0.35,0.0,1529.0,1529.0,0.0,1658.35,968.55,689.8,0.0,0,0,0.0,0.0,-0.5505217456999258
431475,4314753,Poço das Antas (RS),43,0.114,443.0,0.774,817.16,Faixa 3 (R$ 10k),10000.0,0,0.35,0.0,2382.0,2382.0,0.0,5376.98,3679.46,1697.52,0.0,0,0,0.0,0.0,-0.4325230485358892
431514,4315149,Presidente Lucena (RS),43,0.119,1174.0,0.76,735.88,Faixa 3 (R$ 10k),10000.0,0,0.35,95.0,2922.0,3017.0,0.0315,2569.85,1526.41,1043.44,0.0,0,0,0.0,0.0,-0.507628498315434
431515,4315156,Progresso (RS),43,0.144,983.0,0.781,825.58,Faixa 3 (R$ 10k),10000.0,0,0.35,4444.0,3706.0,8150.0,0.5453,8290.95,3527.98,4762.97,0.0,0,0,0.0,0.0,-0.10936815391447012
431517,4315172,Protásio Alves (RS),43,0.236,921.0,0.742,955.12,Faixa 3 (R$ 10k),10000.0,0,0.35,0.0,911.0,911.0,0.0,989.14,682.95,306.19,0.0,0,0,0.0,0.0,-0.5665146606984572
431520,4315206,Putinga (RS),43,0.295,812.0,0.783,829.43,Faixa 3 (R$ 10k),10000.0,0,0.35,0.0,2013.0,2013.0,0.0,2479.06,1422.41,1056.65,0.0,0,0,0.0,0.0,-0.5282229690881831
431530,4315305,Quaraí (RS),43,0.262,11069.0,0.697,482.15,Faixa 3 (R$ 10k),10000.0,0,0.35,10399.0,12549.0,22948.0,0.4532,2073.18,744.87,1328.3,0.0,0,0,0.0,0.0,-0.3102447432237072
431531,4315313,Quatro Irmãos (RS),43,0.442,185.0,0.646,293.58,Faixa 1 (R$ 20k),20000.0,0,0.8,0.0,3024.0,3024.0,0.0,16345.95,5324.32,11021.62,0.0,0,0,0.0,0.0,-0.24908373800977895
431532,4315321,Quevedos (RS),43,0.26,1263.0,0.685,480.95,Faixa 3 (R$ 10k),10000.0,0,0.35,1.0,1247.0,1248.0,0.0008,988.12,648.46,339.67,0.0,0,0,0.0,0.0,-0.5669966461485105
431535,4315354,Quinze de Novembro (RS),43,0.098,1015.0,0.775,812.96,Faixa 3 (R$ 10k),10000.0,0,0.35,1287.0,1658.0,2945.0,0.437,2901.48,626.6,2274.88,0.0,0,0,0.0,0.0,-0.31128312624090015
431540,4315404,Redentora (RS),43,0.314,1533.0,0.731,622.32,Faixa 2 (R$ 15k),15000.0,0,0.7,0.0,8980.0,8980.0,0.0,5857.8,2187.87,3669.93,0.0,0,0,0.0,0.0,-0.4650109439110855
431545,4315453,Relvado (RS),43,0.197,1084.0,0.736,946.26,Faixa 3 (R$ 10k),10000.0,0,0.35,0.0,2321.0,2321.0,0.0,2141.14,1812.73,328.41,0.0,0,0,0.0,0.0,-0.522444195228388
431550,4315503,Restinga Seca (RS),43,0.287,1523.0,0.578,361.2,Faixa 3 (R$ 10k),10000.0,0,0.35,70063.0,11402.0,81465.0,0.86,53489.82,5499.67,47990.15,0.0,0,0,0.0,0.0,0.6891207130219321
431560,4315602,Rio Grande (RS),43,0.334,19667.0,0.681,555.84,Faixa 2 (R$ 15k),15000.0,1,0.88,248473.0,13373.0,261846.0,0.9489,13313.98,3157.98,10156.0,1.0,9300,1209,102765.0,67.2,0.9631059466453529
431570,4315701,Rio Pardo (RS),43,0.294,2031.0,0.688,435.36,Faixa 3 (R$ 10k),10000.0,0,0.35,19419.0,28510.0,47929.0,0.4052,23598.72,11190.55,12408.17,0.0,0,0,0.0,0.0,0.2113148441054858
431555,4315552,Rio dos Índios (RS),43,0.472,307.0,0.559,254.49,Faixa 1 (R$ 20k),20000.0,0,0.8,0.0,14825.0,14825.0,0.0,48289.9,9768.73,38521.17,0.0,0,0,0.0,0.0,0.2761685408041147
431575,4315750,Riozinho (RS),43,0.149,1408.0,0.701,673.34,Faixa 3 (R$ 10k),10000.0,0,0.35,642.0,2699.0,3341.0,0.1922,2372.87,1132.81,1240.06,0.0,0,0,0.0,0.0,-0.43499144746464913
431580,4315800,Roca Sales (RS),43,0.116,3390.0,0.743,874.3,Faixa 3 (R$ 10k),10000.0,0,0.35,103.0,7683.0,7786.0,0.0132,2296.76,1003.24,1293.51,0.0,0,0,0.0,0.0,-0.5344154167873046
431590,4315909,Rodeio Bonito (RS),43,0.22,2207.0,0.782,812.6,Faixa 3 (R$ 10k),10000.0,0,0.35,12877.0,5420.0,18297.0,0.7038,8290.44,2217.49,6072.95,0.0,0,0,0.0,0.0,-0.05914235004347287
431595,4315958,Rolador (RS),43,0.289,1228.0,0.703,539.09,Faixa 3 (R$ 10k),10000.0,0,0.35,0.0,7892.0,7892.0,0.0,6426.71,2941.37,3485.34,0.0,0,0,0.0,0.0,-0.438178195381089
431610,4316105,Ronda Alta (RS),43,0.353,867.0,0.648,547.02,Faixa 2 (R$ 15k),15000.0,0,0.7,41175.0,8108.0,49283.0,0.8355,56843.14,7247.98,49595.16,0.0,0,0,0.0,0.0,0.764465714810246
431620,4316204,Rondinha (RS),43,0.198,1209.0,0.773,810.58,Faixa 3 (R$ 10k),10000.0,0,0.35,13977.0,4642.0,18619.0,0.7507,15400.33,2187.76,13212.57,0.0,0,0,0.0,0.0,0.0562697585893579
431630,4316303,Roque Gonzales (RS),43,0.296,1024.0,0.646,421.25,Faixa 3 (R$ 10k),10000.0,0,0.35,2419.0,13083.0,15502.0,0.156,15138.67,7842.77,7295.9,0.0,0,0,0.0,0.0,-0.11643580666292867
431640,4316402,Rosário do Sul (RS),43,0.316,4202.0,0.62,373.48,Faixa 2 (R$ 15k),15000.0,0,0.7,66688.0,5470.0,72158.0,0.9242,17172.3,4183.01,12989.29,0.0,0,0,0.0,0.0,0.22289742566656642
431642,4316428,Sagrada Família (RS),43,0.287,1256.0,0.691,504.76,Faixa 3 (R$ 10k),10000.0,0,0.35,0.0,3259.0,3259.0,0.0,2594.75,1162.42,1432.32,0.0,0,0,0.0,0.0,-0.5334765514504529
431643,4316436,Saldanha Marinho (RS),43,0.15,1027.0,0.759,713.01,Faixa 3 (R$ 10k),10000.0,0,0.35,5469.0,2314.0,7783.0,0.7027,7578.38,412.85,7165.53,0.0,0,0,0.0,0.0,-0.11564123133057783
431645,4316451,Salto do Jacuí (RS),43,0.331,908.0,0.634,376.61,Faixa 2 (R$ 15k),15000.0,0,0.7,0.0,4920.0,4920.0,0.0,5418.5,2747.8,2670.7,0.0,0,0,0.0,0.0,-0.45613749383279156
431647,4316477,Salvador das Missões (RS),43,0.127,1292.0,0.764,643.88,Faixa 3 (R$ 10k),10000.0,0,0.35,0.0,7422.0,7422.0,0.0,5744.58,2842.11,2902.48,0.0,0,0,0.0,0.0,-0.44950720114600917
431650,4316501,Salvador do Sul (RS),43,0.095,2054.0,0.789,989.09,Faixa 3 (R$ 10k),10000.0,0,0.35,6959.0,4418.0,11377.0,0.6117,5538.95,2242.45,3296.49,0.0,0,0,0.0,0.0,-0.1427413519681227
431660,4316600,Sananduva (RS),43,0.16,5513.0,0.77,913.66,Faixa 3 (R$ 10k),10000.0,0,0.35,76392.0,13467.0,89859.0,0.8501,16299.47,2169.78,14129.69,0.0,0,0,0.0,0.0,0.12014923259526686
431710,4317103,Sant'Ana do Livramento (RS),43,0.259,7820.0,0.688,448.51,Faixa 3 (R$ 10k),10000.0,0,0.35,64586.0,23227.0,87813.0,0.7355,11229.28,2616.62,8612.66,0.0,0,0,0.0,0.0,0.0057676675512282945
431670,4316709,Santa Bárbara do Sul (RS),43,0.186,3590.0,0.744,736.95,Faixa 3 (R$ 10k),10000.0,0,0.35,6755.0,3136.0,9891.0,0.6829,2755.15,472.7,2282.45,0.0,0,0,0.0,0.0,-0.18652312404943258
431673,4316733,Santa Cecília do Sul (RS),43,0.183,122.0,0.626,753.07,Faixa 3 (R$ 10k),10000.0,0,0.35,0.0,5171.0,5171.0,0.0,42385.25,15303.28,27081.97,0.0,0,0,0.0,0.0,0.3438200221298323
431675,4316758,Santa Clara do Sul (RS),43,0.087,1479.0,0.811,931.38,Faixa 3 (R$ 10k),10000.0,0,0.35,380.0,16552.0,16932.0,0.0224,11448.28,2455.04,8993.24,0.0,0,0,0.0,0.0,-0.37442288569651994
431680,4316808,Santa Cruz do Sul (RS),43,0.251,7618.0,0.671,533.63,Faixa 3 (R$ 10k),10000.0,0,0.35,553445.0,9835.0,563280.0,0.9825,73940.67,6183.64,67757.02,0.0,0,0,0.0,0.0,1.0344468021348117
431697,4316972,Santa Margarida do Sul (RS),43,0.167,267.0,0.717,604.97,Faixa 3 (R$ 10k),10000.0,0,0.35,0.0,2233.0,2233.0,0.0,8363.3,4797.75,3565.54,0.0,0,0,0.0,0.0,-0.36520361655053574
431690,4316907,Santa Maria (RS),43,0.281,20327.0,0.712,607.44,Faixa 3 (R$ 10k),10000.0,2,0.48,155636.0,37980.0,193616.0,0.8038,9525.07,3894.48,5630.59,1.0,20340,2574,218790.0,141.12,0.8564773124588294
431695,4316956,Santa Maria do Herval (RS),43,0.297,2148.0,0.683,716.73,Faixa 3 (R$ 10k),10000.0,0,0.35,240.0,4518.0,4758.0,0.0504,2215.08,1272.81,942.27,0.0,0,0,0.0,0.0,-0.5087155224071142
431720,4317202,Santa Rosa (RS),43,0.247,4054.0,0.683,479.66,Faixa 3 (R$ 10k),10000.0,0,0.35,131210.0,12704.0,143914.0,0.9117,35499.26,15977.06,19522.2,0.0,0,0,0.0,0.0,0.7572037140928926
431725,4317251,Santa Tereza (RS),43,0.187,831.0,0.741,904.26,Faixa 3 (R$ 10k),10000.0,0,0.35,0.0,2325.0,2325.0,0.0,2797.83,1126.35,1671.48,0.0,0,0,0.0,0.0,-0.5318044700069511
431730,4317301,Santa Vitória do Palmar (RS),43,0.358,2280.0,0.67,390.88,Faixa 2 (R$ 15k),15000.0,0,0.7,14569.0,9227.0,23796.0,0.6122,10436.84,3861.84,6575.0,0.0,0,0,0.0,0.0,-0.03762982131590679
431700,4317004,Santana da Boa Vista (RS),43,0.235,1947.0,0.719,501.0,Faixa 3 (R$ 10k),10000.0,0,0.35,1812.0,6761.0,8573.0,0.2114,4403.18,2020.03,2383.15,0.0,0,0,0.0,0.0,-0.3757336680748805
431740,4317400,Santiago (RS),43,0.229,3507.0,0.69,517.83,Faixa 3 (R$ 10k),10000.0,0,0.35,8268.0,13654.0,21922.0,0.3772,6250.93,4020.25,2230.68,0.0,0,0,0.0,0.0,-0.21209481418169468
431770,4317707,Santo Antônio das Missões (RS),43,0.375,996.0,0.63,416.67,Faixa 2 (R$ 15k),15000.0,0,0.7,0.0,17936.0,17936.0,0.0,18008.03,9048.19,8959.84,0.0,0,0,0.0,0.0,-0.13122991874312695
431755,4317558,Santo Antônio do Palma (RS),43,0.139,342.0,0.827,1082.47,Faixa 3 (R$ 10k),10000.0,0,0.35,0.0,6992.0,6992.0,0.0,20444.44,6611.11,13833.33,0.0,0,0,0.0,0.0,-0.16312013850641321
431775,4317756,Santo Antônio do Planalto (RS),43,0.138,655.0,0.752,634.95,Faixa 3 (R$ 10k),10000.0,0,0.35,0.0,2480.0,2480.0,0.0,3786.26,1757.25,2029.01,0.0,0,0,0.0,0.0,-0.5027640522028266
431780,4317806,Santo Augusto (RS),43,0.373,1151.0,0.62,438.24,Faixa 2 (R$ 15k),15000.0,0,0.7,42646.0,8730.0,51376.0,0.8301,44635.97,7579.5,37056.47,0.0,0,0,0.0,0.0,0.6134884186652046
431790,4317905,Santo Cristo (RS),43,0.126,3985.0,0.781,872.28,Faixa 3 (R$ 10k),10000.0,0,0.35,509.0,12769.0,13278.0,0.0383,3331.99,2019.32,1312.67,0.0,0,0,0.0,0.0,-0.4814571440865466
431795,4317954,Santo Expedito do Sul (RS),43,0.26,1222.0,0.737,556.56,Faixa 3 (R$ 10k),10000.0,0,0.35,0.0,6782.0,6782.0,0.0,5549.92,1353.52,4196.4,0.0,0,0,0.0,0.0,-0.49058842479855985
431750,4317509,Santo Ângelo (RS),43,0.249,6261.0,0.692,553.76,Faixa 3 (R$ 10k),10000.0,0,0.35,221043.0,18365.0,239408.0,0.9233,38237.98,12419.1,25818.88,0.0,0,0,0.0,0.0,0.7063045911434314
432010,4320107,Sarandi (RS),43,0.231,2094.0,0.696,517.05,Faixa 3 (R$ 10k),10000.0,0,0.35,9014.0,13535.0,22549.0,0.3998,10768.39,3698.19,7070.2,0.0,0,0,0.0,0.0,-0.15044676347186642
432020,4320206,Seberi (RS),43,0.238,3144.0,0.749,720.78,Faixa 3 (R$ 10k),10000.0,1,0.48,50837.0,7922.0,58759.0,0.8652,18689.25,3556.3,15132.95,1.0,12720,2067,175695.0,174.72,0.997968057467969
432023,4320230,Sede Nova (RS),43,0.202,810.0,0.697,774.89,Faixa 3 (R$ 10k),10000.0,0,0.35,0.0,2862.0,2862.0,0.0,3533.33,1879.01,1654.32,0.0,0,0,0.0,0.0,-0.5028550069463877
432026,4320263,Segredo (RS),43,0.362,917.0,0.589,348.15,Faixa 2 (R$ 15k),15000.0,0,0.7,33.0,2932.0,2965.0,0.0111,3233.37,2114.5,1118.87,0.0,0,0,0.0,0.0,-0.4947053861308168
432030,4320305,Selbach (RS),43,0.29,1797.0,0.779,775.44,Faixa 3 (R$ 10k),10000.0,0,0.35,0.0,1584.0,1584.0,0.0,881.47,395.66,485.81,0.0,0,0,0.0,0.0,-0.575342989049209
432032,4320321,Senador Salgado Filho (RS),43,0.227,1407.0,0.721,626.75,Faixa 3 (R$ 10k),10000.0,0,0.35,1960.0,6552.0,8512.0,0.2303,6049.75,2161.34,3888.42,0.0,0,0,0.0,0.0,-0.3408942185319383
432035,4320354,Sentinela do Sul (RS),43,0.296,449.0,0.613,323.08,Faixa 3 (R$ 10k),10000.0,0,0.35,0.0,5627.0,5627.0,0.0,12532.29,5062.36,7469.93,0.0,0,0,0.0,0.0,-0.3048286133257598
432040,4320404,Serafina Corrêa (RS),43,0.121,6114.0,0.784,865.26,Faixa 3 (R$ 10k),10000.0,0,0.35,58943.0,14866.0,73809.0,0.7986,12072.13,1893.69,10178.44,0.0,0,0,0.0,0.0,0.031369827297596006
432050,4320503,Sertão (RS),43,0.427,541.0,0.631,377.34,Faixa 1 (R$ 20k),20000.0,0,0.8,12762.0,7844.0,20606.0,0.6193,38088.72,7691.31,30397.41,0.0,0,0,0.0,0.0,0.4203590655399706
432055,4320552,Sertão Santana (RS),43,0.165,674.0,0.75,762.75,Faixa 3 (R$ 10k),10000.0,0,0.35,0.0,5827.0,5827.0,0.0,8645.4,3758.16,4887.24,0.0,0,0,0.0,0.0,-0.38852711843351917
432057,4320578,Sete de Setembro (RS),43,0.285,1042.0,0.692,552.31,Faixa 3 (R$ 10k),10000.0,0,0.35,40.0,5493.0,5533.0,0.0072,5309.98,2342.61,2967.37,0.0,0,0,0.0,0.0,-0.46420775702011047
432060,4320602,Severiano de Almeida (RS),43,0.124,731.0,0.807,945.98,Faixa 3 (R$ 10k),10000.0,0,0.35,45.0,4641.0,4686.0,0.0096,6410.4,2247.61,4162.79,0.0,0,0,0.0,0.0,-0.4512692078107854
432065,4320651,Silveira Martins (RS),43,0.182,573.0,0.782,726.87,Faixa 3 (R$ 10k),10000.0,0,0.35,0.0,1667.0,1667.0,0.0,2909.25,2242.58,666.67,0.0,0,0,0.0,0.0,-0.5014429438282748
432067,4320677,Sinimbu (RS),43,0.272,4851.0,0.64,607.58,Faixa 3 (R$ 10k),10000.0,0,0.35,0.0,5010.0,5010.0,0.0,1032.78,561.95,470.83,0.0,0,0,0.0,0.0,-0.5690906263011255
432070,4320701,Sobradinho (RS),43,0.327,1238.0,0.633,321.45,Faixa 2 (R$ 15k),15000.0,0,0.7,118.0,6084.0,6202.0,0.019,5009.69,2919.22,2090.47,0.0,0,0,0.0,0.0,-0.44684912536794064
432080,4320800,Soledade (RS),43,0.343,2259.0,0.639,398.12,Faixa 2 (R$ 15k),15000.0,0,0.7,137545.0,17189.0,154734.0,0.8889,68496.68,6729.08,61767.6,0.0,0,0,0.0,0.0,0.9289781319628899
431800,4318002,São Borja (RS),43,0.298,5377.0,0.681,430.56,Faixa 3 (R$ 10k),10000.0,0,0.35,138458.0,36908.0,175366.0,0.7895,32614.1,7403.01,25211.08,0.0,0,0,0.0,0.0,0.43302376373374313
431805,4318051,São Domingos do Sul (RS),43,0.131,912.0,0.815,1122.57,Faixa 3 (R$ 10k),10000.0,0,0.35,0.0,4638.0,4638.0,0.0,5085.53,2276.32,2809.21,0.0,0,0,0.0,0.0,-0.47263192642575846
431810,4318101,São Francisco de Assis (RS),43,0.347,1143.0,0.591,363.09,Faixa 2 (R$ 15k),15000.0,0,0.7,4944.0,11388.0,16332.0,0.3027,14288.71,7835.52,6453.19,0.0,0,0,0.0,0.0,-0.04960434599200531
431820,4318200,São Francisco de Paula (RS),43,0.318,1846.0,0.638,438.05,Faixa 2 (R$ 15k),15000.0,0,0.7,11371.0,7317.0,18688.0,0.6085,10123.51,2661.97,7461.54,0.0,0,0,0.0,0.0,-0.07471659026515105
431830,4318309,São Gabriel (RS),43,0.355,5137.0,0.649,383.79,Faixa 2 (R$ 15k),15000.0,0,0.7,12157.0,22389.0,34546.0,0.3519,6724.94,3712.48,3012.46,0.0,0,0,0.0,0.0,-0.22742693249223267
431844,4318440,São Jorge (RS),43,0.153,752.0,0.786,728.9,Faixa 3 (R$ 10k),10000.0,0,0.35,0.0,804.0,804.0,0.0,1069.15,746.01,323.14,0.0,0,0,0.0,0.0,-0.5638531523566275
431845,4318457,São José das Missões (RS),43,0.27,1343.0,0.672,453.1,Faixa 3 (R$ 10k),10000.0,0,0.35,0.0,2951.0,2951.0,0.0,2197.32,990.32,1207.0,0.0,0,0,0.0,0.0,-0.5430388330771292
431846,4318465,São José do Herval (RS),43,0.299,423.0,0.792,922.12,Faixa 3 (R$ 10k),10000.0,0,0.35,0.0,1310.0,1310.0,0.0,3096.93,1933.81,1163.12,0.0,0,0,0.0,0.0,-0.5070366506711743
431848,4318481,São José do Hortêncio (RS),43,0.111,1308.0,0.751,697.1,Faixa 3 (R$ 10k),10000.0,0,0.35,355.0,4305.0,4660.0,0.0762,3562.69,2280.58,1282.11,0.0,0,0,0.0,0.0,-0.4515908803574957
431849,4318499,São José do Inhacorá (RS),43,0.112,426.0,0.803,822.86,Faixa 3 (R$ 10k),10000.0,0,0.35,0.0,5299.0,5299.0,0.0,12438.97,7025.82,5413.15,0.0,0,0,0.0,0.0,-0.2551361851306973
431850,4318507,São José do Norte (RS),43,0.383,2959.0,0.6,387.71,Faixa 2 (R$ 15k),15000.0,0,0.7,75638.0,12385.0,88023.0,0.8593,29747.55,2402.5,27345.05,0.0,0,0,0.0,0.0,0.3036988866624496
431860,4318606,São José do Ouro (RS),43,0.21,2318.0,0.778,1006.76,Faixa 3 (R$ 10k),10000.0,0,0.35,34415.0,8953.0,43368.0,0.7936,18709.23,2610.44,16098.79,0.0,0,0,0.0,0.0,0.13249023440894234
431861,4318614,São José do Sul (RS),43,0.164,370.0,0.757,985.17,Faixa 3 (R$ 10k),10000.0,0,0.35,0.0,2057.0,2057.0,0.0,5559.46,3391.89,2167.57,0.0,0,0,0.0,0.0,-0.43763403009414165
431862,4318622,São José dos Ausentes (RS),43,0.389,351.0,0.611,285.23,Faixa 2 (R$ 15k),15000.0,0,0.7,620.0,1012.0,1632.0,0.3799,4649.57,4082.62,566.95,0.0,0,0,0.0,0.0,-0.2296003405421681
431842,4318424,São João da Urtiga (RS),43,0.183,1171.0,0.752,693.45,Faixa 3 (R$ 10k),10000.0,0,0.35,0.0,15035.0,15035.0,0.0,12839.45,2789.92,10049.53,0.0,0,0,0.0,0.0,-0.3597843800187144
431843,4318432,São João do Polêsine (RS),43,0.187,1363.0,0.754,754.35,Faixa 3 (R$ 10k),10000.0,0,0.35,1.0,2688.0,2689.0,0.0004,1972.85,1548.79,424.06,0.0,0,0,0.0,0.0,-0.5312330012579911
431880,4318804,São Lourenço do Sul (RS),43,0.474,2070.0,0.624,414.35,Faixa 1 (R$ 20k),20000.0,0,0.8,150632.0,17786.0,168418.0,0.8944,81361.35,11963.77,69397.58,0.0,0,0,0.0,0.0,1.2327177724951495
431890,4318903,São Luiz Gonzaga (RS),43,0.321,3031.0,0.691,473.09,Faixa 2 (R$ 15k),15000.0,0,0.7,117214.0,20764.0,137978.0,0.8495,45522.27,5823.82,39698.45,0.0,0,0,0.0,0.0,0.5896664167645731
431900,4319000,São Marcos (RS),43,0.146,9016.0,0.789,961.71,Faixa 3 (R$ 10k),10000.0,0,0.35,18348.0,3491.0,21839.0,0.8401,2422.25,381.54,2040.71,0.0,0,0,0.0,0.0,-0.10965127225804183
431910,4319109,São Martinho (RS),43,0.174,1818.0,0.76,783.43,Faixa 3 (R$ 10k),10000.0,0,0.35,13823.0,6130.0,19953.0,0.6928,10975.25,2072.06,8903.19,0.0,0,0,0.0,0.0,-0.034290713236475326
431912,4319125,São Martinho da Serra (RS),43,0.268,471.0,0.711,527.52,Faixa 3 (R$ 10k),10000.0,0,0.35,0.0,3072.0,3072.0,0.0,6522.29,4628.45,1893.84,0.0,0,0,0.0,0.0,-0.39322430592154756
431915,4319158,São Miguel das Missões (RS),43,0.339,834.0,0.625,543.23,Faixa 2 (R$ 15k),15000.0,0,0.7,18013.0,11309.0,29322.0,0.6143,35158.27,8583.93,26574.34,0.0,0,0,0.0,0.0,0.40322085649185413
431920,4319208,São Nicolau (RS),43,0.375,708.0,0.634,400.33,Faixa 2 (R$ 15k),15000.0,0,0.7,0.0,10767.0,10767.0,0.0,15207.63,7295.2,7912.43,0.0,0,0,0.0,0.0,-0.21261340480752003
431930,4319307,São Paulo das Missões (RS),43,0.272,582.0,0.621,383.52,Faixa 3 (R$ 10k),10000.0,0,0.35,0.0,7911.0,7911.0,0.0,13592.78,8979.38,4613.4,0.0,0,0,0.0,0.0,-0.18969116583846843
431935,4319356,São Pedro da Serra (RS),43,0.165,726.0,0.801,909.35,Faixa 3 (R$ 10k),10000.0,0,0.35,0.0,6434.0,6434.0,0.0,8862.26,3701.1,5161.16,0.0,0,0,0.0,0.0,-0.3872222470048142
431936,4319364,São Pedro das Missões (RS),43,0.208,282.0,0.728,514.51,Faixa 3 (R$ 10k),10000.0,0,0.35,0.0,2237.0,2237.0,0.0,7932.62,3262.41,4670.21,0.0,0,0,0.0,0.0,-0.4105261517766543
431937,4319372,São Pedro do Butiá (RS),43,0.108,628.0,0.822,935.49,Faixa 3 (R$ 10k),10000.0,0,0.35,234.0,6592.0,6826.0,0.0343,10869.43,5500.0,5369.43,0.0,0,0,0.0,0.0,-0.29661049661795336
431940,4319406,São Pedro do Sul (RS),43,0.345,1045.0,0.621,394.12,Faixa 2 (R$ 15k),15000.0,0,0.7,254.0,9077.0,9331.0,0.0272,8929.19,5501.44,3427.75,0.0,0,0,0.0,0.0,-0.32525136090601664
431960,4319604,São Sepé (RS),43,0.316,2197.0,0.634,366.96,Faixa 2 (R$ 15k),15000.0,0,0.7,27804.0,14289.0,42093.0,0.6605,19159.31,4881.2,14278.11,0.0,0,0,0.0,0.0,0.12641746508912527
431970,4319703,São Valentim (RS),43,0.205,907.0,0.783,884.79,Faixa 3 (R$ 10k),10000.0,0,0.35,0.0,4196.0,4196.0,0.0,4626.24,1589.86,3036.38,0.0,0,0,0.0,0.0,-0.4963199118149634
431971,4319711,São Valentim do Sul (RS),43,0.149,1056.0,0.762,915.89,Faixa 3 (R$ 10k),10000.0,0,0.35,0.0,1654.0,1654.0,0.0,1566.29,1200.76,365.53,0.0,0,0,0.0,0.0,-0.545684918727287
431975,4319752,São Vendelino (RS),43,0.097,671.0,0.783,816.02,Faixa 3 (R$ 10k),10000.0,0,0.35,0.0,626.0,626.0,0.0,932.94,584.2,348.73,0.0,0,0,0.0,0.0,-0.5697956308387839
431980,4319802,São Vicente do Sul (RS),43,0.406,966.0,0.636,340.53,Faixa 1 (R$ 20k),20000.0,0,0.8,3671.0,7095.0,10766.0,0.341,11144.93,5503.11,5641.82,0.0,0,0,0.0,0.0,-0.1300677883180621
432045,4320453,Sério (RS),43,0.254,1091.0,0.669,620.84,Faixa 3 (R$ 10k),10000.0,0,0.35,0.0,1690.0,1690.0,0.0,1549.04,757.1,791.93,0.0,0,0,0.0,0.0,-0.5574055186787652
432085,4320859,Tabaí (RS),43,0.166,644.0,0.753,697.94,Faixa 3 (R$ 10k),10000.0,0,0.35,0.0,2297.0,2297.0,0.0,3566.77,2579.19,987.58,0.0,0,0,0.0,0.0,-0.48427797762388725
432090,4320909,Tapejara (RS),43,0.2,1425.0,0.694,525.28,Faixa 3 (R$ 10k),10000.0,0,0.35,109021.0,34547.0,143568.0,0.7594,100749.47,18222.46,82527.02,0.0,0,0,0.0,0.0,1.572102029103565
432100,4321006,Tapera (RS),43,0.154,4559.0,0.766,793.26,Faixa 3 (R$ 10k),10000.0,0,0.35,44547.0,13434.0,57981.0,0.7683,12717.92,1332.75,11385.17,0.0,0,0,0.0,0.0,0.009024870994167256
432110,4321105,Tapes (RS),43,0.318,1467.0,0.629,368.33,Faixa 2 (R$ 15k),15000.0,0,0.7,1713.0,14118.0,15831.0,0.1082,10791.41,5052.49,5738.92,0.0,0,0,0.0,0.0,-0.2699536595589037
432130,4321303,Taquari (RS),43,0.251,11349.0,0.761,808.68,Faixa 3 (R$ 10k),10000.0,0,0.35,4955.0,8977.0,13932.0,0.3557,1227.6,842.81,384.79,0.0,0,0,0.0,0.0,-0.3703548285887287
432132,4321329,Taquaruçu do Sul (RS),43,0.237,1449.0,0.758,927.56,Faixa 3 (R$ 10k),10000.0,0,0.35,7368.0,4256.0,11624.0,0.6339,8022.08,1114.56,6907.52,0.0,0,0,0.0,0.0,-0.128306133403509
432135,4321352,Tavares (RS),43,0.261,1642.0,0.677,584.73,Faixa 3 (R$ 10k),10000.0,0,0.35,473.0,4804.0,5277.0,0.0896,3213.76,1812.42,1401.34,0.0,0,0,0.0,0.0,-0.4610857737900879
432140,4321402,Tenente Portela (RS),43,0.381,1048.0,0.637,428.82,Faixa 2 (R$ 15k),15000.0,0,0.7,21331.0,4035.0,25366.0,0.8409,24204.2,7069.66,17134.54,0.0,0,0,0.0,0.0,0.34373220664812887
432143,4321436,Terra de Areia (RS),43,0.175,2652.0,0.741,746.26,Faixa 3 (R$ 10k),10000.0,0,0.35,0.0,8694.0,8694.0,0.0,3278.28,1974.74,1303.54,0.0,0,0,0.0,0.0,-0.5036478399091188
432145,4321451,Teutônia (RS),43,0.103,11802.0,0.772,866.72,Faixa 3 (R$ 10k),10000.0,0,0.35,11899.0,16534.0,28433.0,0.4185,2409.17,1289.53,1119.64,0.0,0,0,0.0,0.0,-0.3102481215320516
432146,4321469,Tio Hugo (RS),43,0.212,604.0,0.785,693.64,Faixa 3 (R$ 10k),10000.0,0,0.35,0.0,7117.0,7117.0,0.0,11783.11,4253.31,7529.8,0.0,0,0,0.0,0.0,-0.33541524046519205
432147,4321477,Tiradentes do Sul (RS),43,0.36,415.0,0.6,436.19,Faixa 2 (R$ 15k),15000.0,0,0.7,0.0,4555.0,4555.0,0.0,10975.9,4228.92,6746.99,0.0,0,0,0.0,0.0,-0.346409341777733
432149,4321493,Toropi (RS),43,0.255,1391.0,0.702,538.06,Faixa 3 (R$ 10k),10000.0,0,0.35,0.0,2985.0,2985.0,0.0,2145.94,1523.36,622.57,0.0,0,0,0.0,0.0,-0.5298827446830752
432150,4321501,Torres (RS),43,0.172,17195.0,0.776,876.37,Faixa 3 (R$ 10k),10000.0,0,0.35,45665.0,22960.0,68625.0,0.6654,3990.99,1142.08,2848.91,0.0,0,0,0.0,0.0,-0.16260576767034923
432160,4321600,Tramandaí (RS),43,0.287,2313.0,0.695,584.16,Faixa 3 (R$ 10k),10000.0,0,0.35,20281.0,34915.0,55196.0,0.3674,23863.38,8272.81,15590.58,0.0,0,0,0.0,0.0,0.11900807001988808
432162,4321626,Travesseiro (RS),43,0.137,446.0,0.728,780.41,Faixa 3 (R$ 10k),10000.0,0,0.35,0.0,1545.0,1545.0,0.0,3464.13,1704.04,1760.09,0.0,0,0,0.0,0.0,-0.5082783126509982
432195,4321956,Trindade do Sul (RS),43,0.479,721.0,0.646,394.43,Faixa 1 (R$ 20k),20000.0,0,0.8,7958.0,5216.0,13174.0,0.6041,18271.84,2841.89,15429.96,0.0,0,0,0.0,0.0,0.0322080645179794
432163,4321634,Três Arroios (RS),43,0.141,1427.0,0.796,1325.08,Faixa 3 (R$ 10k),10000.0,0,0.35,0.0,2795.0,2795.0,0.0,1958.65,782.76,1175.89,0.0,0,0,0.0,0.0,-0.5514822860087107
432166,4321667,Três Cachoeiras (RS),43,0.177,3746.0,0.755,767.11,Faixa 3 (R$ 10k),10000.0,0,0.35,6060.0,12492.0,18552.0,0.3266,4952.48,1905.23,3047.25,0.0,0,0,0.0,0.0,-0.31046118232966824
432170,4321709,Três Coroas (RS),43,0.161,10384.0,0.718,799.18,Faixa 3 (R$ 10k),10000.0,0,0.35,76588.0,12328.0,88916.0,0.8614,8562.79,1247.88,7314.91,0.0,0,0,0.0,0.0,0.002943181701045949
432183,4321832,Três Forquilhas (RS),43,0.288,1402.0,0.682,482.61,Faixa 3 (R$ 10k),10000.0,0,0.35,248.0,3297.0,3545.0,0.07,2528.53,1467.9,1060.63,0.0,0,0,0.0,0.0,-0.48922340182620283
432185,4321857,Três Palmeiras (RS),43,0.244,1073.0,0.763,916.53,Faixa 3 (R$ 10k),10000.0,0,0.35,0.0,8926.0,8926.0,0.0,8318.73,2027.96,6290.77,0.0,0,0,0.0,0.0,-0.4375650841897844
432190,4321907,Três Passos (RS),43,0.151,9867.0,0.79,845.93,Faixa 3 (R$ 10k),10000.0,0,0.35,7694.0,11583.0,19277.0,0.3991,1953.68,762.04,1191.65,0.0,0,0,0.0,0.0,-0.3400726534456443
432180,4321808,Três de Maio (RS),43,0.182,1501.0,0.689,463.64,Faixa 3 (R$ 10k),10000.0,0,0.35,87895.0,7072.0,94967.0,0.9255,63269.15,17664.89,45604.26,0.0,0,0,0.0,0.0,1.1647580995890479
432210,4322103,Tucunduva (RS),43,0.177,2136.0,0.777,888.31,Faixa 3 (R$ 10k),10000.0,0,0.35,7433.0,7931.0,15364.0,0.4838,7192.88,2811.8,4381.09,0.0,0,0,0.0,0.0,-0.17469638806532875
432215,4322152,Tunas (RS),43,0.54,395.0,0.614,277.29,Faixa 1 (R$ 20k),20000.0,0,0.8,0.0,5445.0,5445.0,0.0,13784.81,5858.23,7926.58,0.0,0,0,0.0,0.0,-0.2681223086420871
432218,4322186,Tupanci do Sul (RS),43,0.239,757.0,0.705,592.96,Faixa 3 (R$ 10k),10000.0,0,0.35,0.0,5966.0,5966.0,0.0,7881.11,2307.79,5573.32,0.0,0,0,0.0,0.0,-0.4359299003657663
432220,4322202,Tupanciretã (RS),43,0.278,9425.0,0.735,763.49,Faixa 3 (R$ 10k),10000.0,0,0.35,2214.0,9416.0,11630.0,0.1904,1233.95,625.15,608.81,0.0,0,0,0.0,0.0,-0.4637255868705316
432225,4322251,Tupandi (RS),43,0.115,1310.0,0.765,790.61,Faixa 3 (R$ 10k),10000.0,0,0.35,2124.0,2361.0,4485.0,0.4736,3423.66,1669.47,1754.2,0.0,0,0,0.0,0.0,-0.2581073785743879
432230,4322301,Tuparendi (RS),43,0.161,2815.0,0.754,777.05,Faixa 3 (R$ 10k),10000.0,0,0.35,216.0,8793.0,9009.0,0.024,3200.36,1969.8,1230.55,0.0,0,0,0.0,0.0,-0.4920268812314708
432232,4322327,Turuçu (RS),43,0.253,766.0,0.652,468.48,Faixa 3 (R$ 10k),10000.0,0,0.35,1379.0,4864.0,6243.0,0.2209,8150.13,2955.61,5194.52,0.0,0,0,0.0,0.0,-0.2983391028338124
432234,4322343,Ubiretama (RS),43,0.269,252.0,0.752,577.84,Faixa 3 (R$ 10k),10000.0,0,0.35,0.0,4310.0,4310.0,0.0,17103.17,7547.62,9555.56,0.0,0,0,0.0,0.0,-0.18173822471067796
432237,4322376,Unistalda (RS),43,0.314,172.0,0.593,410.9,Faixa 2 (R$ 15k),15000.0,0,0.7,0.0,1990.0,1990.0,0.0,11569.77,9546.51,2023.26,0.0,0,0,0.0,0.0,-0.20096090508718714
432240,4322400,Uruguaiana (RS),43,0.3,14757.0,0.687,417.13,Faixa 3 (R$ 10k),10000.0,1,0.48,308267.0,17146.0,325413.0,0.9473,22051.43,3267.67,18783.76,1.0,10260,1482,125970.0,80.64,1.077260110797541
432250,4322509,Vacaria (RS),43,0.321,7498.0,0.664,468.97,Faixa 2 (R$ 15k),15000.0,0,0.7,18877.0,12165.0,31042.0,0.6081,4140.04,3010.14,1129.9,0.0,0,0,0.0,0.0,-0.14271370170890801
432254,4322541,Vale Real (RS),43,0.274,2293.0,0.758,804.4,Faixa 3 (R$ 10k),10000.0,0,0.35,0.0,1310.0,1310.0,0.0,571.3,413.87,157.44,0.0,0,0,0.0,0.0,-0.5788525388673612
432252,4322525,Vale Verde (RS),43,0.251,1601.0,0.654,474.89,Faixa 3 (R$ 10k),10000.0,0,0.35,0.0,5176.0,5176.0,0.0,3232.98,1186.13,2046.85,0.0,0,0,0.0,0.0,-0.5246691059273246
432253,4322533,Vale do Sol (RS),43,0.223,5480.0,0.636,569.02,Faixa 3 (R$ 10k),10000.0,0,0.35,12850.0,10254.0,23104.0,0.5562,4216.06,1474.64,2741.42,0.0,0,0,0.0,0.0,-0.2091064163218556
432255,4322558,Vanini (RS),43,0.132,516.0,0.773,674.34,Faixa 3 (R$ 10k),10000.0,0,0.35,0.0,3357.0,3357.0,0.0,6505.81,2645.35,3860.47,0.0,0,0,0.0,0.0,-0.44483519318999304
432260,4322608,Venâncio Aires (RS),43,0.199,2563.0,0.654,564.51,Faixa 3 (R$ 10k),10000.0,0,0.35,333526.0,39844.0,373370.0,0.8933,145676.94,12781.9,132895.04,0.0,0,0,0.0,0.0,2.078946116904045
432270,4322707,Vera Cruz (RS),43,0.144,6935.0,0.776,902.36,Faixa 3 (R$ 10k),10000.0,0,0.35,21444.0,19424.0,40868.0,0.5247,5893.01,1361.21,4531.8,0.0,0,0,0.0,0.0,-0.20725313606763543
432280,4322806,Veranópolis (RS),43,0.128,10249.0,0.805,1113.34,Faixa 3 (R$ 10k),10000.0,0,0.35,18980.0,4199.0,23179.0,0.8188,2261.59,1230.17,1031.42,0.0,0,0,0.0,0.0,-0.10103324947206227
432285,4322855,Vespasiano Correa (RS),43,0.16,950.0,0.728,892.07,Faixa 3 (R$ 10k),10000.0,0,0.35,0.0,1267.0,1267.0,0.0,1333.68,837.89,495.79,0.0,0,0,0.0,0.0,-0.5580760161661612
432290,4322905,Viadutos (RS),43,0.315,1402.0,0.723,728.77,Faixa 2 (R$ 15k),15000.0,0,0.7,0.0,4955.0,4955.0,0.0,3534.24,1126.96,2407.28,0.0,0,0,0.0,0.0,-0.5223354951731517
432310,4323101,Vicente Dutra (RS),43,0.547,441.0,0.599,378.19,Faixa 1 (R$ 20k),20000.0,0,0.8,6300.0,5417.0,11717.0,0.5377,26569.16,4206.35,22362.81,0.0,0,0,0.0,0.0,0.13881117981223384
432320,4323200,Victor Graeff (RS),43,0.15,680.0,0.791,820.42,Faixa 3 (R$ 10k),10000.0,0,0.35,0.0,6713.0,6713.0,0.0,9872.06,3586.76,6285.29,0.0,0,0,0.0,0.0,-0.37722323718689527
432330,4323309,Vila Flores (RS),43,0.092,681.0,0.802,831.8,Faixa 3 (R$ 10k),10000.0,0,0.35,424.0,1262.0,1686.0,0.2515,2475.77,2051.4,424.38,0.0,0,0,0.0,0.0,-0.37836037832217284
432335,4323358,Vila Lângaro (RS),43,0.329,1029.0,0.7,859.11,Faixa 2 (R$ 15k),15000.0,0,0.7,0.0,5535.0,5535.0,0.0,5379.01,1638.48,3740.52,0.0,0,0,0.0,0.0,-0.4853966366480913
432340,4323408,Vila Maria (RS),43,0.154,1143.0,0.782,817.78,Faixa 3 (R$ 10k),10000.0,0,0.35,0.0,7166.0,7166.0,0.0,6269.47,2397.2,3872.27,0.0,0,0,0.0,0.0,-0.4543008445704927
432345,4323457,Vila Nova do Sul (RS),43,0.201,1138.0,0.725,513.05,Faixa 3 (R$ 10k),10000.0,0,0.35,3214.0,2769.0,5983.0,0.5372,5257.47,1802.28,3455.18,0.0,0,0,0.0,0.0,-0.19733928451704705
432350,4323507,Vista Alegre (RS),43,0.185,623.0,0.814,1169.91,Faixa 3 (R$ 10k),10000.0,0,0.35,0.0,5709.0,5709.0,0.0,9163.72,2370.79,6792.94,0.0,0,0,0.0,0.0,-0.4178323168762125
432360,4323606,Vista Alegre do Prata (RS),43,0.237,750.0,0.763,1183.85,Faixa 3 (R$ 10k),10000.0,0,0.35,0.0,709.0,709.0,0.0,945.33,668.0,277.33,0.0,0,0,0.0,0.0,-0.5674645266814464
432370,4323705,Vista Gaúcha (RS),43,0.258,516.0,0.87,1663.68,Faixa 3 (R$ 10k),10000.0,0,0.35,0.0,4461.0,4461.0,0.0,8645.35,3079.46,5565.89,0.0,0,0,0.0,0.0,-0.406118792252932
432375,4323754,Vitória das Missões (RS),43,0.288,1691.0,0.651,469.49,Faixa 3 (R$ 10k),10000.0,0,0.35,523.0,11285.0,11808.0,0.0443,6982.85,2564.16,4418.69,0.0,0,0,0.0,0.0,-0.4172828222406336
432377,4323770,Westfalia (RS),43,0.096,1387.0,0.767,1167.33,Faixa 3 (R$ 10k),10000.0,0,0.35,0.0,2557.0,2557.0,0.0,1843.55,1294.16,549.39,0.0,0,0,0.0,0.0,-0.5397049733400399
432380,4323804,Xangri-Lá (RS),43,0.175,6210.0,0.75,768.16,Faixa 3 (R$ 10k),10000.0,0,0.35,2719.0,13618.0,16337.0,0.1664,2630.76,1286.8,1343.96,0.0,0,0,0.0,0.0,-0.4413952445541006
430005,4300059,Água Santa (RS),43,0.172,764.0,0.815,1380.71,Faixa 3 (R$ 10k),10000.0,0,0.35,0.0,11022.0,11022.0,0.0,14426.7,4147.91,10278.8,0.0,0,0,0.0,0.0,-0.30421170999565317
430155,4301552,Áurea (RS),43,0.347,802.0,0.747,759.19,Faixa 2 (R$ 15k),15000.0,0,0.7,0.0,6642.0,6642.0,0.0,8281.8,3043.64,5238.15,0.0,0,0,0.0,0.0,-0.4117140950271313
430060,4300604,Alvorada (RS),43,0.376,25851.0,0.669,488.75,Faixa 2 (R$ 15k),15000.0,0,0.7,66990.0,208868.0,275858.0,0.2428,10671.08,2616.88,8054.2,0.0,0,0,0.0,0.0,-0.2631238163606291
430087,4300877,Araricá (RS),43,0.189,1985.0,0.679,613.04,Faixa 3 (R$ 10k),10000.0,0,0.35,38978.0,5610.0,44588.0,0.8742,22462.47,2198.99,20263.48,0.0,0,0,0.0,0.0,0.21282208705771208
430110,4301107,Arroio dos Ratos (RS),43,0.311,1089.0,0.654,407.38,Faixa 2 (R$ 15k),15000.0,0,0.7,0.0,10420.0,10420.0,0.0,9568.41,3680.44,5887.97,0.0,0,0,0.0,0.0,-0.37869300548966267
430310,4303103,Cachoeirinha (RS),43,0.28,7302.0,0.699,603.66,Faixa 3 (R$ 10k),10000.0,0,0.35,80925.0,73773.0,154698.0,0.5231,21185.7,6080.66,15105.04,0.0,0,0,0.0,0.0,0.11052853644682174
430390,4303905,Campo Bom (RS),43,0.179,2973.0,0.677,544.94,Faixa 3 (R$ 10k),10000.0,0,0.35,102753.0,31709.0,134462.0,0.7642,45227.72,7607.47,37620.25,0.0,0,0,0.0,0.0,0.5868020746211583
430460,4304606,Canoas (RS),43,0.287,22791.0,0.685,609.48,Faixa 3 (R$ 10k),10000.0,0,0.35,1081461.0,62964.0,1144425.0,0.945,50213.9,7349.22,42864.68,0.0,0,0,0.0,0.0,0.7401600752669895
430468,4304689,Capela de Santana (RS),43,0.346,3494.0,0.69,520.55,Faixa 2 (R$ 15k),15000.0,0,0.7,0.0,6780.0,6780.0,0.0,1940.47,1290.21,650.26,0.0,0,0,0.0,0.0,-0.5385632074334387
430535,4305355,Charqueadas (RS),43,0.201,15508.0,0.76,737.45,Faixa 3 (R$ 10k),10000.0,0,0.35,20406.0,21251.0,41657.0,0.4899,2686.16,786.69,1899.47,0.0,0,0,0.0,0.0,-0.28179621976410396
430640,4306403,Dois Irmãos (RS),43,0.191,13772.0,0.772,903.52,Faixa 3 (R$ 10k),10000.0,0,0.35,3435.0,17789.0,21224.0,0.1618,1541.1,946.92,594.18,0.0,0,0,0.0,0.0,-0.466635887145981
430676,4306767,Eldorado do Sul (RS),43,0.368,2855.0,0.684,510.16,Faixa 2 (R$ 15k),15000.0,0,0.7,1130.0,34733.0,35863.0,0.0315,12561.47,5049.39,7512.08,0.0,0,0,0.0,0.0,-0.28805673129604364
430770,4307708,Esteio (RS),43,0.264,5457.0,0.737,682.78,Faixa 3 (R$ 10k),10000.0,0,0.35,118044.0,21971.0,140015.0,0.8431,25657.87,6433.57,19224.3,0.0,0,0,0.0,0.0,0.34707476155182565
430760,4307609,Estância Velha (RS),43,0.385,2167.0,0.663,594.21,Faixa 2 (R$ 15k),15000.0,0,0.7,2573.0,25770.0,28343.0,0.0908,13079.37,8329.49,4749.88,0.0,0,0,0.0,0.0,-0.16489114340064243
430905,4309050,Glorinha (RS),43,0.377,403.0,0.683,528.66,Faixa 2 (R$ 15k),15000.0,0,0.7,0.0,6577.0,6577.0,0.0,16320.1,8503.72,7816.38,0.0,0,0,0.0,0.0,-0.16700953929714074
430920,4309209,Gravataí (RS),43,0.35,18715.0,0.698,514.0,Faixa 2 (R$ 15k),15000.0,0,0.7,102946.0,117199.0,220145.0,0.4676,11763.02,5603.15,6159.87,0.0,0,0,0.0,0.0,-0.052287958574143575
430930,4309308,Guaíba (RS),43,0.36,7636.0,0.679,539.6,Faixa 2 (R$ 15k),15000.0,0,0.7,10655.0,54918.0,65573.0,0.1625,8587.35,2814.43,5772.92,0.0,0,0,0.0,0.0,-0.3274091123656809
431010,4310108,Igrejinha (RS),43,0.154,15476.0,0.718,793.0,Faixa 3 (R$ 10k),10000.0,0,0.35,34948.0,15465.0,50413.0,0.6932,3257.5,1481.0,1776.49,0.0,0,0,0.0,0.0,-0.14846919454989188
431080,4310801,Ivoti (RS),43,0.152,9217.0,0.813,1053.85,Faixa 3 (R$ 10k),10000.0,0,0.35,2866.0,14946.0,17812.0,0.1609,1932.52,1243.46,689.05,0.0,0,0,0.0,0.0,-0.4544035290303096
431240,4312401,Montenegro (RS),43,0.341,3354.0,0.651,471.61,Faixa 2 (R$ 15k),15000.0,0,0.7,38696.0,24842.0,63538.0,0.609,18943.95,6405.49,12538.46,0.0,0,0,0.0,0.0,0.13580267110650274
431306,4313060,Nova Hartz (RS),43,0.184,1083.0,0.646,510.11,Faixa 3 (R$ 10k),10000.0,0,0.35,0.0,12454.0,12454.0,0.0,11499.54,5729.46,5770.08,0.0,0,0,0.0,0.0,-0.30079546682454933
431337,4313375,Nova Santa Rita (RS),43,0.346,9716.0,0.712,681.77,Faixa 2 (R$ 15k),15000.0,0,0.7,20157.0,20951.0,41108.0,0.4903,4230.96,1636.27,2594.69,0.0,0,0,0.0,0.0,-0.23973338592582277
431340,4313409,Novo Hamburgo (RS),43,0.228,10697.0,0.678,547.1,Faixa 3 (R$ 10k),10000.0,0,0.35,609065.0,44942.0,654007.0,0.9313,61139.29,10566.14,50573.15,0.0,0,0,0.0,0.0,0.9565080689339484
431405,4314050,Parobé (RS),43,0.21,2869.0,0.667,540.96,Faixa 3 (R$ 10k),10000.0,0,0.35,13728.0,25123.0,38851.0,0.3533,13541.65,7981.88,5559.78,0.0,0,0,0.0,0.0,-0.02852089671344943
431490,4314902,Porto Alegre (RS),43,0.319,144569.0,0.713,763.47,Faixa 2 (R$ 15k),15000.0,1,0.88,2754459.0,33347.0,2787806.0,0.988,19283.57,7492.48,11791.09,1.0,9900,1287,109395.0,67.2,1.17285193517239
431480,4314803,Portão (RS),43,0.348,1536.0,0.636,496.54,Faixa 2 (R$ 15k),15000.0,0,0.7,17105.0,13489.0,30594.0,0.5591,19917.97,12352.86,7565.1,0.0,0,0,0.0,0.0,0.27594617404810107
431600,4316006,Rolante (RS),43,0.189,7726.0,0.721,693.0,Faixa 3 (R$ 10k),10000.0,0,0.35,5075.0,12056.0,17131.0,0.2962,2217.32,1038.05,1179.26,0.0,0,0,0.0,0.0,-0.3841973305342071
431760,4317608,Santo Antônio da Patrulha (RS),43,0.181,14410.0,0.749,681.76,Faixa 3 (R$ 10k),10000.0,0,0.35,62808.0,21721.0,84529.0,0.743,5866.0,1715.27,4150.73,0.0,0,0,0.0,0.0,-0.08245748009214615
431990,4319901,Sapiranga (RS),43,0.194,5192.0,0.651,483.73,Faixa 3 (R$ 10k),10000.0,0,0.35,274605.0,33102.0,307707.0,0.8924,59265.6,4733.63,54531.97,0.0,0,0,0.0,0.0,0.7606201712183781
432000,4320008,Sapucaia do Sul (RS),43,0.246,8221.0,0.69,528.54,Faixa 3 (R$ 10k),10000.0,0,0.35,110178.0,32453.0,142631.0,0.7725,17349.59,4202.53,13147.06,0.0,0,0,0.0,0.0,0.14509293603987702
431840,4318408,São Jerônimo (RS),43,0.212,8768.0,0.735,900.7,Faixa 3 (R$ 10k),10000.0,0,0.35,7395.0,10869.0,18264.0,0.4049,2083.03,635.04,1447.99,0.0,0,0,0.0,0.0,-0.33862287165065197
431870,4318705,São Leopoldo (RS),43,0.323,13928.0,0.675,568.92,Faixa 2 (R$ 15k),15000.0,0,0.7,287150.0,46693.0,333843.0,0.8601,23969.2,3926.62,20042.58,0.0,0,0,0.0,0.0,0.2694514428264785
431950,4319505,São Sebastião do Caí (RS),43,0.159,9102.0,0.752,772.46,Faixa 3 (R$ 10k),10000.0,0,0.35,5517.0,13559.0,19076.0,0.2892,2095.8,1041.42,1054.38,0.0,0,0,0.0,0.0,-0.38938839626115385
432120,4321204,Taquara (RS),43,0.256,3254.0,0.623,578.74,Faixa 3 (R$ 10k),10000.0,0,0.35,19241.0,21286.0,40527.0,0.4748,12454.52,4921.02,7533.5,0.0,0,0,0.0,0.0,-0.057266436044195235
432200,4322004,Triunfo (RS),43,0.218,8529.0,0.755,735.76,Faixa 3 (R$ 10k),10000.0,0,0.35,12220.0,13540.0,25760.0,0.4744,3020.28,1059.21,1961.07,0.0,0,0,0.0,0.0,-0.2786777417247001
432300,4323002,Viamão (RS),43,0.374,28692.0,0.674,498.98,Faixa 2 (R$ 15k),15000.0,0,0.7,92553.0,183028.0,275581.0,0.3358,9604.8,2245.85,7358.95,0.0,0,0,0.0,0.0,-0.23702450829559676
420005,4200051,Abdon Batista (SC),42,0.298,1271.0,0.706,476.08,Faixa 3 (R$ 10k),10000.0,0,0.35,600.0,4159.0,4759.0,0.1261,3744.3,1512.98,2231.31,0.0,0,0,0.0,0.0,-0.44264691815132107
420010,4200101,Abelardo Luz (SC),42,0.347,1338.0,0.649,476.74,Faixa 2 (R$ 15k),15000.0,0,0.7,40498.0,12368.0,52866.0,0.7661,39511.21,3840.81,35670.4,0.0,0,0,0.0,0.0,0.41680258346918253
420020,4200200,Agrolândia (SC),42,0.155,3005.0,0.759,814.78,Faixa 3 (R$ 10k),10000.0,0,0.35,14213.0,2708.0,16921.0,0.84,5630.95,512.48,5118.47,0.0,0,0,0.0,0.0,-0.06512108563697629
420030,4200309,Agronômica (SC),42,0.142,927.0,0.755,815.77,Faixa 3 (R$ 10k),10000.0,0,0.35,1493.0,1389.0,2882.0,0.518,3108.95,1075.51,2033.44,0.0,0,0,0.0,0.0,-0.25395577924401885
420070,4200705,Alfredo Wagner (SC),42,0.162,1483.0,0.753,833.51,Faixa 3 (R$ 10k),10000.0,0,0.35,0.0,3937.0,3937.0,0.0,2654.75,1908.29,746.46,0.0,0,0,0.0,0.0,-0.5133742824312559
420075,4200754,Alto Bela Vista (SC),42,0.304,1000.0,0.759,778.8,Faixa 2 (R$ 15k),15000.0,0,0.7,0.0,1923.0,1923.0,0.0,1923.0,691.0,1232.0,0.0,0,0,0.0,0.0,-0.5543182200318885
420080,4200804,Anchieta (SC),42,0.365,743.0,0.629,362.25,Faixa 2 (R$ 15k),15000.0,0,0.7,50445.0,3185.0,53630.0,0.9406,72180.35,2044.41,70135.94,0.0,0,0,0.0,0.0,0.8823082608394481
420090,4200903,Angelina (SC),42,0.08,582.0,0.81,909.55,Faixa 3 (R$ 10k),10000.0,0,0.35,12703.0,2447.0,15150.0,0.8385,26030.93,3352.23,22678.69,0.0,0,0,0.0,0.0,0.26955560743212714
420100,4201000,Anita Garibaldi (SC),42,0.382,1493.0,0.62,373.4,Faixa 2 (R$ 15k),15000.0,0,0.7,10015.0,2465.0,12480.0,0.8025,8359.01,1111.19,7247.82,0.0,0,0,0.0,0.0,-0.03450446661131978
420110,4201109,Anitápolis (SC),42,0.131,666.0,0.759,903.53,Faixa 3 (R$ 10k),10000.0,0,0.35,103.0,1692.0,1795.0,0.0574,2695.2,1885.89,809.31,0.0,0,0,0.0,0.0,-0.4829435125944112
420125,4201257,Apiúna (SC),42,0.167,2191.0,0.767,951.05,Faixa 3 (R$ 10k),10000.0,0,0.35,13217.0,6405.0,19622.0,0.6736,8955.73,957.1,7998.63,0.0,0,0,0.0,0.0,-0.09931271150231967
420127,4201273,Arabutã (SC),42,0.275,683.0,0.789,850.23,Faixa 3 (R$ 10k),10000.0,0,0.35,1151.0,2753.0,3904.0,0.2948,5715.96,1761.35,3954.61,0.0,0,0,0.0,0.0,-0.3212825455260536
420130,4201307,Araquari (SC),42,0.344,2522.0,0.691,506.75,Faixa 2 (R$ 15k),15000.0,0,0.7,28258.0,41842.0,70100.0,0.4031,27795.4,4297.78,23497.62,0.0,0,0,0.0,0.0,0.085419573224355
420140,4201406,Araranguá (SC),42,0.283,2230.0,0.703,645.39,Faixa 3 (R$ 10k),10000.0,0,0.35,48905.0,14917.0,63822.0,0.7663,28619.73,12580.72,16039.01,0.0,0,0,0.0,0.0,0.5036240705867894
420150,4201505,Armazém (SC),42,0.135,2472.0,0.786,817.54,Faixa 3 (R$ 10k),10000.0,0,0.35,22190.0,3892.0,26082.0,0.8508,10550.97,1326.46,9224.51,0.0,0,0,0.0,0.0,0.024870842768999202
420160,4201604,Arroio Trinta (SC),42,0.096,1226.0,0.779,986.12,Faixa 3 (R$ 10k),10000.0,0,0.35,7347.0,3845.0,11192.0,0.6565,9128.87,1824.63,7304.24,0.0,0,0,0.0,0.0,-0.08368876442914144
420165,4201653,Arvoredo (SC),42,0.239,1031.0,0.727,688.4,Faixa 3 (R$ 10k),10000.0,0,0.35,705.0,6259.0,6964.0,0.1012,6754.61,2540.25,4214.35,0.0,0,0,0.0,0.0,-0.39060599370724247
420170,4201703,Ascurra (SC),42,0.124,3274.0,0.732,781.44,Faixa 3 (R$ 10k),10000.0,0,0.35,6883.0,11321.0,18204.0,0.3781,5560.17,565.06,4995.11,0.0,0,0,0.0,0.0,-0.31003796396171485
420180,4201802,Atalanta (SC),42,0.121,714.0,0.774,868.64,Faixa 3 (R$ 10k),10000.0,0,0.35,4.0,3116.0,3120.0,0.0013,4369.75,746.5,3623.25,0.0,0,0,0.0,0.0,-0.5207806483991708
420190,4201901,Aurora (SC),42,0.147,994.0,0.789,942.08,Faixa 3 (R$ 10k),10000.0,0,0.35,0.0,1621.0,1621.0,0.0,1630.78,848.09,782.7,0.0,0,0,0.0,0.0,-0.5539977577258759
420195,4201950,Balneário Arroio do Silva (SC),42,0.22,4752.0,0.757,847.55,Faixa 3 (R$ 10k),10000.0,0,0.35,2851.0,13479.0,16330.0,0.1746,3436.45,2591.96,844.49,0.0,0,0,0.0,0.0,-0.3928686605738736
420205,4202057,Balneário Barra do Sul (SC),42,0.23,4055.0,0.727,677.69,Faixa 3 (R$ 10k),10000.0,0,0.35,5313.0,7974.0,13287.0,0.3999,3276.7,1119.61,2157.09,0.0,0,0,0.0,0.0,-0.31339661623280257
420200,4202008,Balneário Camboriú (SC),42,0.163,6790.0,0.77,947.49,Faixa 3 (R$ 10k),10000.0,0,0.35,286592.0,24154.0,310746.0,0.9223,45765.24,10269.51,35495.73,0.0,0,0,0.0,0.0,0.7466848591038351
420207,4202073,Balneário Gaivota (SC),42,0.198,3239.0,0.753,785.69,Faixa 3 (R$ 10k),10000.0,0,0.35,17197.0,11207.0,28404.0,0.6054,8769.37,2966.66,5802.72,0.0,0,0,0.0,0.0,-0.08584898995996369
421280,4212809,Balneário Piçarras (SC),42,0.231,1134.0,0.72,551.11,Faixa 3 (R$ 10k),10000.0,0,0.35,61837.0,12133.0,73970.0,0.836,65229.28,10443.56,54785.71,0.0,0,0,0.0,0.0,0.9552079758125027
420208,4202081,Bandeirante (SC),42,0.266,258.0,0.614,328.2,Faixa 3 (R$ 10k),10000.0,0,0.35,0.0,8659.0,8659.0,0.0,33562.02,3267.44,30294.57,0.0,0,0,0.0,0.0,-0.08139579103555379
420209,4202099,Barra Bonita (SC),42,0.378,214.0,0.612,334.71,Faixa 2 (R$ 15k),15000.0,0,0.7,0.0,2066.0,2066.0,0.0,9654.21,3289.72,6364.49,0.0,0,0,0.0,0.0,-0.3877185665106388
420210,4202107,Barra Velha (SC),42,0.26,1704.0,0.683,534.72,Faixa 3 (R$ 10k),10000.0,0,0.35,13621.0,29378.0,42999.0,0.3168,25234.15,7086.85,18147.3,0.0,0,0,0.0,0.0,0.07898597899009781
420213,4202131,Bela Vista do Toldo (SC),42,0.529,617.0,0.598,279.42,Faixa 1 (R$ 20k),20000.0,0,0.8,0.0,4043.0,4043.0,0.0,6552.67,4596.43,1956.24,0.0,0,0,0.0,0.0,-0.3936642405150196
420215,4202156,Belmonte (SC),42,0.297,631.0,0.717,607.96,Faixa 3 (R$ 10k),10000.0,0,0.35,0.0,3303.0,3303.0,0.0,5234.55,1351.82,3882.73,0.0,0,0,0.0,0.0,-0.49468083530916507
420220,4202206,Benedito Novo (SC),42,0.193,2902.0,0.755,760.08,Faixa 3 (R$ 10k),10000.0,0,0.35,12947.0,10103.0,23050.0,0.5617,7942.8,853.2,7089.59,0.0,0,0,0.0,0.0,-0.17445219372467197
420240,4202404,Blumenau (SC),42,0.212,13368.0,0.754,824.69,Faixa 3 (R$ 10k),10000.0,0,0.35,1689336.0,17017.0,1706353.0,0.99,127644.6,23809.47,103835.13,0.0,0,0,0.0,0.0,2.184657710362639
420243,4202438,Bocaina do Sul (SC),42,0.522,394.0,0.576,315.26,Faixa 1 (R$ 20k),20000.0,0,0.8,0.0,5396.0,5396.0,0.0,13695.43,6629.44,7065.99,0.0,0,0,0.0,0.0,-0.24928089151468905
420250,4202503,Bom Jardim da Serra (SC),42,0.386,516.0,0.647,406.95,Faixa 2 (R$ 15k),15000.0,0,0.7,4529.0,6391.0,10920.0,0.4147,21162.79,2992.25,18170.54,0.0,0,0,0.0,0.0,-0.027397557433992387
420253,4202537,Bom Jesus (SC),42,0.49,373.0,0.671,537.25,Faixa 1 (R$ 20k),20000.0,0,0.8,1290.0,7728.0,9018.0,0.143,24176.94,8034.85,16142.09,0.0,0,0,0.0,0.0,-0.00234054885847802
420257,4202578,Bom Jesus do Oeste (SC),42,0.127,333.0,0.76,767.67,Faixa 3 (R$ 10k),10000.0,0,0.35,0.0,4648.0,4648.0,0.0,13957.96,5153.15,8804.8,0.0,0,0,0.0,0.0,-0.2841744481166414
420260,4202602,Bom Retiro (SC),42,0.44,857.0,0.614,413.06,Faixa 1 (R$ 20k),20000.0,0,0.8,21687.0,5475.0,27162.0,0.7984,31694.28,3347.72,28346.56,0.0,0,0,0.0,0.0,0.32083622801181166
420245,4202453,Bombinhas (SC),42,0.337,1281.0,0.752,595.32,Faixa 2 (R$ 15k),15000.0,0,0.7,109074.0,12004.0,121078.0,0.9009,94518.35,7929.74,86588.6,0.0,0,0,0.0,0.0,1.3005078414164997
420270,4202701,Botuverá (SC),42,0.185,2190.0,0.741,798.18,Faixa 3 (R$ 10k),10000.0,0,0.35,0.0,4892.0,4892.0,0.0,2233.79,976.26,1257.53,0.0,0,0,0.0,0.0,-0.5429350912976518
420280,4202800,Braço do Norte (SC),42,0.137,11774.0,0.78,785.39,Faixa 3 (R$ 10k),10000.0,0,0.35,61144.0,8298.0,69442.0,0.8805,5897.91,1201.46,4696.45,0.0,0,0,0.0,0.0,-0.022322230635616013
420285,4202859,Braço do Trombudo (SC),42,0.08,920.0,0.822,985.68,Faixa 3 (R$ 10k),10000.0,0,0.35,1924.0,913.0,2837.0,0.6782,3083.7,1055.43,2028.26,0.0,0,0,0.0,0.0,-0.16969878060895222
420287,4202875,Brunópolis (SC),42,0.281,1398.0,0.66,430.61,Faixa 3 (R$ 10k),10000.0,0,0.35,2497.0,2937.0,5434.0,0.4595,3886.98,457.8,3429.18,0.0,0,0,0.0,0.0,-0.2910550387773733
420290,4202909,Brusque (SC),42,0.168,6176.0,0.758,781.37,Faixa 3 (R$ 10k),10000.0,0,0.35,146406.0,55378.0,201784.0,0.7256,32672.28,14694.14,17978.14,0.0,0,0,0.0,0.0,0.5888023616213378
420310,4203105,Caibi (SC),42,0.319,393.0,0.619,401.66,Faixa 2 (R$ 15k),15000.0,0,0.7,9376.0,7267.0,16643.0,0.5634,42348.6,6262.09,36086.51,0.0,0,0,0.0,0.0,0.40830357494481345
420315,4203154,Calmon (SC),42,0.329,560.0,0.619,333.52,Faixa 2 (R$ 15k),15000.0,0,0.7,37.0,4793.0,4830.0,0.0077,8625.0,5089.29,3535.71,0.0,0,0,0.0,0.0,-0.3501974066987316
420320,4203204,Camboriú (SC),42,0.215,4024.0,0.652,559.34,Faixa 3 (R$ 10k),10000.0,0,0.35,18581.0,70199.0,88780.0,0.2093,22062.62,4771.62,17291.0,0.0,0,0,0.0,0.0,-0.07884045947207849
420330,4203303,Campo Alegre (SC),42,0.284,912.0,0.65,367.92,Faixa 3 (R$ 10k),10000.0,0,0.35,19526.0,4837.0,24363.0,0.8015,26713.82,4353.07,22360.75,0.0,0,0,0.0,0.0,0.28460711344296735
420340,4203402,Campo Belo do Sul (SC),42,0.243,789.0,0.666,538.83,Faixa 3 (R$ 10k),10000.0,0,0.35,8857.0,3773.0,12630.0,0.7013,16007.6,2392.9,13614.7,0.0,0,0,0.0,0.0,0.04313981137292655
420350,4203501,Campo Erê (SC),42,0.353,1061.0,0.625,416.68,Faixa 2 (R$ 15k),15000.0,0,0.7,24999.0,8085.0,33084.0,0.7556,31181.9,5037.7,26144.2,0.0,0,0,0.0,0.0,0.3353247377914204
420360,4203600,Campos Novos (SC),42,0.261,3242.0,0.682,479.91,Faixa 3 (R$ 10k),10000.0,0,0.35,28851.0,12037.0,40888.0,0.7056,12611.97,1887.72,10724.24,0.0,0,0,0.0,0.0,-0.011258720787771348
420370,4203709,Canelinha (SC),42,0.24,3344.0,0.711,731.01,Faixa 3 (R$ 10k),10000.0,0,0.35,156881.0,8273.0,165154.0,0.9499,49388.16,2127.69,47260.47,0.0,0,0,0.0,0.0,0.596827832848305
420380,4203808,Canoinhas (SC),42,0.268,3704.0,0.68,449.26,Faixa 3 (R$ 10k),10000.0,0,0.35,94915.0,5423.0,100338.0,0.946,27089.09,3365.28,23723.81,0.0,0,0,0.0,0.0,0.3405836103739222
420390,4203907,Capinzal (SC),42,0.18,1843.0,0.684,581.05,Faixa 3 (R$ 10k),10000.0,0,0.35,7191.0,17693.0,24884.0,0.289,13501.9,4361.37,9140.53,0.0,0,0,0.0,0.0,-0.15702772161629774
420395,4203956,Capivari de Baixo (SC),42,0.152,10238.0,0.772,722.78,Faixa 3 (R$ 10k),10000.0,0,0.35,35426.0,11117.0,46543.0,0.7611,4546.1,958.39,3587.71,0.0,0,0,0.0,0.0,-0.10940305459413617
420325,4203253,Capão Alto (SC),42,0.373,481.0,0.683,432.53,Faixa 2 (R$ 15k),15000.0,0,0.7,0.0,6335.0,6335.0,0.0,13170.48,5964.66,7205.82,0.0,0,0,0.0,0.0,-0.2732498249210633
420400,4204004,Catanduvas (SC),42,0.426,1364.0,0.684,503.75,Faixa 1 (R$ 20k),20000.0,0,0.8,4515.0,14786.0,19301.0,0.2339,14150.29,4200.15,9950.15,0.0,0,0,0.0,0.0,-0.1821532926913666
420410,4204103,Caxambu do Sul (SC),42,0.301,1095.0,0.646,587.97,Faixa 2 (R$ 15k),15000.0,0,0.7,81.0,10411.0,10492.0,0.0077,9581.74,4035.62,5546.12,0.0,0,0,0.0,0.0,-0.3652256777930169
420300,4203006,Caçador (SC),42,0.276,9918.0,0.662,465.47,Faixa 3 (R$ 10k),10000.0,0,0.35,272696.0,18504.0,291200.0,0.9365,29360.76,2064.43,27296.33,0.0,0,0,0.0,0.0,0.33098167235750237
420415,4204152,Celso Ramos (SC),42,0.184,1376.0,0.73,462.05,Faixa 3 (R$ 10k),10000.0,0,0.35,0.0,3546.0,3546.0,0.0,2577.03,1055.23,1521.8,0.0,0,0,0.0,0.0,-0.5364821794251512
420417,4204178,Cerro Negro (SC),42,0.384,755.0,0.559,272.07,Faixa 2 (R$ 15k),15000.0,0,0.7,0.0,4213.0,4213.0,0.0,5580.13,2021.19,3558.94,0.0,0,0,0.0,0.0,-0.4728954758423736
420419,4204194,Chapadão do Lageado (SC),42,0.216,1337.0,0.72,560.0,Faixa 3 (R$ 10k),10000.0,0,0.35,2468.0,732.0,3200.0,0.7712,2393.42,307.4,2086.01,0.0,0,0,0.0,0.0,-0.14854418291905086
420420,4204202,Chapecó (SC),42,0.257,19047.0,0.735,661.52,Faixa 3 (R$ 10k),10000.0,1,0.48,701601.0,11436.0,713037.0,0.984,37435.66,9560.25,27875.41,0.0,0,2028,172380.0,349.44,0.6541527626308333
420425,4204251,Cocal do Sul (SC),42,0.14,6418.0,0.78,841.97,Faixa 3 (R$ 10k),10000.0,0,0.35,69127.0,11855.0,80982.0,0.8536,12617.95,2176.85,10441.1,0.0,0,0,0.0,0.0,0.07493273370472328
420430,4204301,Concórdia (SC),42,0.215,3691.0,0.761,628.03,Faixa 3 (R$ 10k),10000.0,0,0.35,64782.0,11847.0,76629.0,0.8454,20761.04,5620.16,15140.88,0.0,0,0,0.0,0.0,0.26435429106414854
420435,4204350,Cordilheira Alta (SC),42,0.146,716.0,0.798,800.7,Faixa 3 (R$ 10k),10000.0,0,0.35,7239.0,11543.0,18782.0,0.3854,26231.84,4831.01,21400.84,0.0,0,0,0.0,0.0,0.06976651912636042
420440,4204400,Coronel Freitas (SC),42,0.332,778.0,0.629,383.21,Faixa 2 (R$ 15k),15000.0,0,0.7,12901.0,12504.0,25405.0,0.5078,32654.24,6866.32,25787.92,0.0,0,0,0.0,0.0,0.26998376081286685
420445,4204459,Coronel Martins (SC),42,0.235,1196.0,0.694,496.15,Faixa 3 (R$ 10k),10000.0,0,0.35,675.0,5037.0,5712.0,0.1182,4775.92,1923.08,2852.84,0.0,0,0,0.0,0.0,-0.4229715105486613
420455,4204558,Correia Pinto (SC),42,0.403,1788.0,0.68,503.5,Faixa 1 (R$ 20k),20000.0,0,0.8,0.0,6565.0,6565.0,0.0,3671.7,1864.09,1807.61,0.0,0,0,0.0,0.0,-0.5014654830546867
420450,4204509,Corupá (SC),42,0.137,5370.0,0.799,902.33,Faixa 3 (R$ 10k),10000.0,0,0.35,6145.0,16522.0,22667.0,0.2711,4221.04,950.47,3270.58,0.0,0,0,0.0,0.0,-0.3740794118465804
420460,4204608,Criciúma (SC),42,0.197,12130.0,0.732,652.38,Faixa 3 (R$ 10k),10000.0,0,0.35,505055.0,12981.0,518036.0,0.9749,42707.01,15653.5,27053.5,0.0,0,0,0.0,0.0,0.8749151768273906
420470,4204707,Cunha Porã (SC),42,0.201,3381.0,0.767,800.68,Faixa 3 (R$ 10k),10000.0,0,0.35,13789.0,10572.0,24361.0,0.566,7205.26,1071.87,6133.39,0.0,0,0,0.0,0.0,-0.1759678993479904
420475,4204756,Cunhataí (SC),42,0.209,878.0,0.757,981.18,Faixa 3 (R$ 10k),10000.0,0,0.35,0.0,3642.0,3642.0,0.0,4148.06,1179.95,2968.11,0.0,0,0,0.0,0.0,-0.5130825641030039
420480,4204806,Curitibanos (SC),42,0.288,4964.0,0.644,392.25,Faixa 3 (R$ 10k),10000.0,0,0.35,82201.0,6135.0,88336.0,0.9305,17795.33,2686.74,15108.58,0.0,0,0,0.0,0.0,0.19546038148483924
420490,4204905,Descanso (SC),42,0.187,2188.0,0.785,792.0,Faixa 3 (R$ 10k),10000.0,0,0.35,7577.0,3326.0,10903.0,0.6949,4983.09,1468.46,3514.63,0.0,0,0,0.0,0.0,-0.1257399790760343
420500,4205001,Dionísio Cerqueira (SC),42,0.36,1683.0,0.623,386.61,Faixa 2 (R$ 15k),15000.0,0,0.7,12439.0,13089.0,25528.0,0.4873,15168.15,2232.92,12935.23,0.0,0,0,0.0,0.0,-0.08546388217831227
420510,4205100,Dona Emma (SC),42,0.158,912.0,0.789,1133.6,Faixa 3 (R$ 10k),10000.0,0,0.35,5024.0,2510.0,7534.0,0.6668,8260.96,627.19,7633.77,0.0,0,0,0.0,0.0,-0.12039449843212395
420515,4205159,Doutor Pedrinho (SC),42,0.142,1038.0,0.749,805.02,Faixa 3 (R$ 10k),10000.0,0,0.35,3579.0,3083.0,6662.0,0.5372,6418.11,784.2,5633.91,0.0,0,0,0.0,0.0,-0.20882761284514367
420517,4205175,Entre Rios (SC),42,0.483,373.0,0.628,356.88,Faixa 1 (R$ 20k),20000.0,0,0.8,0.0,7612.0,7612.0,0.0,20407.51,7705.09,12702.41,0.0,0,0,0.0,0.0,-0.13523971394682463
420519,4205191,Ermo (SC),42,0.226,984.0,0.742,651.25,Faixa 3 (R$ 10k),10000.0,0,0.35,2646.0,1374.0,4020.0,0.6582,4085.37,1193.09,2892.28,0.0,0,0,0.0,0.0,-0.16389690768736903
420520,4205209,Erval Velho (SC),42,0.297,397.0,0.602,372.66,Faixa 3 (R$ 10k),10000.0,0,0.35,0.0,11792.0,11792.0,0.0,29702.77,7831.23,21871.54,0.0,0,0,0.0,0.0,-0.012648657409181873
420530,4205308,Faxinal dos Guedes (SC),42,0.369,979.0,0.711,561.44,Faixa 2 (R$ 15k),15000.0,0,0.7,12061.0,16488.0,28549.0,0.4225,29161.39,7004.09,22157.3,0.0,0,0,0.0,0.0,0.18340431453440584
420535,4205357,Flor do Sertão (SC),42,0.238,761.0,0.733,738.61,Faixa 3 (R$ 10k),10000.0,0,0.35,0.0,6519.0,6519.0,0.0,8566.36,3190.54,5375.82,0.0,0,0,0.0,0.0,-0.40425372197810994
420543,4205431,Formosa do Sul (SC),42,0.176,540.0,0.714,596.46,Faixa 3 (R$ 10k),10000.0,0,0.35,2068.0,8796.0,10864.0,0.1904,20118.52,4470.37,15648.15,0.0,0,0,0.0,0.0,-0.12164462050299747
420545,4205456,Forquilhinha (SC),42,0.145,9213.0,0.777,846.73,Faixa 3 (R$ 10k),10000.0,0,0.35,28052.0,5742.0,33794.0,0.8301,3668.08,2206.01,1462.06,0.0,0,0,0.0,0.0,-0.051683135572949845
420550,4205506,Fraiburgo (SC),42,0.276,4465.0,0.687,516.14,Faixa 3 (R$ 10k),10000.0,0,0.35,216758.0,19906.0,236664.0,0.9159,53004.26,3439.87,49564.39,0.0,0,0,0.0,0.0,0.6591955637485327
420555,4205555,Frei Rogério (SC),42,0.357,382.0,0.594,277.13,Faixa 2 (R$ 15k),15000.0,0,0.7,0.0,3632.0,3632.0,0.0,9507.85,3052.36,6455.5,0.0,0,0,0.0,0.0,-0.39574936247703035
420560,4205605,Galvão (SC),42,0.432,483.0,0.634,346.44,Faixa 1 (R$ 20k),20000.0,0,0.8,5363.0,7940.0,13303.0,0.4031,27542.44,7548.65,19993.79,0.0,0,0,0.0,0.0,0.16643074416673312
420570,4205704,Garopaba (SC),42,0.141,7668.0,0.774,812.24,Faixa 3 (R$ 10k),10000.0,0,0.35,165500.0,11063.0,176563.0,0.9373,23025.95,1292.91,21733.05,0.0,0,0,0.0,0.0,0.23009107863288863
420580,4205803,Garuva (SC),42,0.232,1168.0,0.699,511.05,Faixa 3 (R$ 10k),10000.0,0,0.35,77507.0,10654.0,88161.0,0.8792,75480.31,5375.86,70104.45,0.0,0,0,0.0,0.0,0.978399180477419
420590,4205902,Gaspar (SC),42,0.215,2742.0,0.718,716.6,Faixa 3 (R$ 10k),10000.0,0,0.35,147732.0,46486.0,194218.0,0.7607,70830.78,20077.32,50753.46,0.0,0,0,0.0,0.0,1.2368072257767513
420620,4206207,Gravatal (SC),42,0.097,2283.0,0.799,974.77,Faixa 3 (R$ 10k),10000.0,0,0.35,8293.0,4868.0,13161.0,0.6301,5764.78,1619.36,4145.42,0.0,0,0,0.0,0.0,-0.14621756603828553
420610,4206108,Grão Pará (SC),42,0.173,1510.0,0.762,743.98,Faixa 3 (R$ 10k),10000.0,0,0.35,7866.0,2347.0,10213.0,0.7702,6763.58,1091.39,5672.19,0.0,0,0,0.0,0.0,-0.07265635509078565
420630,4206306,Guabiruba (SC),42,0.398,821.0,0.682,560.65,Faixa 2 (R$ 15k),15000.0,0,0.7,19196.0,15596.0,34792.0,0.5517,42377.59,7338.61,35038.98,0.0,0,0,0.0,0.0,0.43036244107822663
420640,4206405,Guaraciaba (SC),42,0.182,2533.0,0.771,876.05,Faixa 3 (R$ 10k),10000.0,0,0.35,8374.0,3173.0,11547.0,0.7252,4558.63,731.94,3826.69,0.0,0,0,0.0,0.0,-0.1341823450305657
420650,4206504,Guaramirim (SC),42,0.214,2027.0,0.745,660.79,Faixa 3 (R$ 10k),10000.0,0,0.35,31855.0,50137.0,81992.0,0.3885,40449.93,8923.53,31526.39,0.0,0,0,0.0,0.0,0.3600011268136215
420660,4206603,Guarujá do Sul (SC),42,0.176,1397.0,0.765,838.8,Faixa 3 (R$ 10k),10000.0,0,0.35,17364.0,1770.0,19134.0,0.9075,13696.49,1051.54,12644.95,0.0,0,0,0.0,0.0,0.08824399605370511
420665,4206652,Guatambú (SC),42,0.361,642.0,0.665,400.23,Faixa 2 (R$ 15k),15000.0,0,0.7,3862.0,8848.0,12710.0,0.3039,19797.51,5468.85,14328.66,0.0,0,0,0.0,0.0,-0.03959243860907957
420670,4206702,Herval D'Oeste (SC),42,0.253,2758.0,0.705,578.21,Faixa 3 (R$ 10k),10000.0,0,0.35,43229.0,43107.0,86336.0,0.5007,31303.84,4521.39,26782.45,0.0,0,0,0.0,0.0,0.18809967218922874
420675,4206751,Ibiam (SC),42,0.149,354.0,0.777,1008.58,Faixa 3 (R$ 10k),10000.0,0,0.35,2388.0,3992.0,6380.0,0.3743,18022.6,4601.69,13420.9,0.0,0,0,0.0,0.0,-0.04745440796910795
420680,4206801,Ibicaré (SC),42,0.169,771.0,0.765,869.74,Faixa 3 (R$ 10k),10000.0,0,0.35,779.0,9257.0,10036.0,0.0776,13016.86,3555.12,9461.74,0.0,0,0,0.0,0.0,-0.29645122972741195
420690,4206900,Ibirama (SC),42,0.127,7436.0,0.763,859.78,Faixa 3 (R$ 10k),10000.0,0,0.35,21985.0,4323.0,26308.0,0.8357,3537.92,587.14,2950.78,0.0,0,0,0.0,0.0,-0.09233810021053472
420710,4207106,Ilhota (SC),42,0.42,785.0,0.681,800.32,Faixa 1 (R$ 20k),20000.0,0,0.8,10512.0,12398.0,22910.0,0.4588,29184.71,9377.07,19807.64,0.0,0,0,0.0,0.0,0.2644915932042634
420720,4207205,Imaruí (SC),42,0.211,2031.0,0.728,671.93,Faixa 3 (R$ 10k),10000.0,0,0.35,21861.0,4055.0,25916.0,0.8435,12760.22,1474.64,11285.57,0.0,0,0,0.0,0.0,0.05319324526896332
420730,4207304,Imbituba (SC),42,0.188,20365.0,0.764,768.77,Faixa 3 (R$ 10k),10000.0,0,0.35,24649.0,33155.0,57804.0,0.4264,2838.4,629.81,2208.59,0.0,0,0,0.0,0.0,-0.31764061914531
420740,4207403,Imbuia (SC),42,0.128,1275.0,0.76,796.99,Faixa 3 (R$ 10k),10000.0,0,0.35,1282.0,1749.0,3031.0,0.423,2377.25,1438.43,938.82,0.0,0,0,0.0,0.0,-0.30440808060504837
420750,4207502,Indaial (SC),42,0.151,2777.0,0.727,652.59,Faixa 3 (R$ 10k),10000.0,0,0.35,243214.0,38061.0,281275.0,0.8647,101287.36,20664.03,80623.33,0.0,0,0,0.0,0.0,1.698226714631159
420757,4207577,Iomerê (SC),42,0.088,473.0,0.82,875.39,Faixa 3 (R$ 10k),10000.0,0,0.35,1189.0,6039.0,7228.0,0.1645,15281.18,6463.0,8818.18,0.0,0,0,0.0,0.0,-0.14585291610973697
420760,4207601,Ipira (SC),42,0.121,1297.0,0.777,888.52,Faixa 3 (R$ 10k),10000.0,0,0.35,0.0,1951.0,1951.0,0.0,1504.24,547.42,956.82,0.0,0,0,0.0,0.0,-0.5634151769219319
420765,4207650,Iporã do Oeste (SC),42,0.16,2093.0,0.812,910.85,Faixa 3 (R$ 10k),10000.0,0,0.35,13323.0,4610.0,17933.0,0.7429,8568.08,1922.12,6645.96,0.0,0,0,0.0,0.0,-0.042463194791031555
420768,4207684,Ipuaçu (SC),42,0.281,379.0,0.627,331.24,Faixa 3 (R$ 10k),10000.0,0,0.35,18779.0,15817.0,34596.0,0.5428,91282.32,17153.03,74129.29,0.0,0,0,0.0,0.0,1.307793064193083
420770,4207700,Ipumirim (SC),42,0.242,279.0,0.615,381.66,Faixa 3 (R$ 10k),10000.0,0,0.35,5014.0,2740.0,7754.0,0.6466,27792.11,7157.71,20634.41,0.0,0,0,0.0,0.0,0.288855492409296
420775,4207759,Iraceminha (SC),42,0.485,372.0,0.613,363.82,Faixa 1 (R$ 20k),20000.0,0,0.8,10594.0,3503.0,14097.0,0.7515,37895.16,3900.54,33994.62,0.0,0,0,0.0,0.0,0.38984993120264433
420780,4207809,Irani (SC),42,0.366,940.0,0.705,507.83,Faixa 2 (R$ 15k),15000.0,0,0.7,17050.0,5993.0,23043.0,0.7399,24513.83,2546.81,21967.02,0.0,0,0,0.0,0.0,0.17682706516030716
420785,4207858,Irati (SC),42,0.355,228.0,0.627,356.13,Faixa 2 (R$ 15k),15000.0,0,0.7,0.0,6461.0,6461.0,0.0,28337.72,7425.44,20912.28,0.0,0,0,0.0,0.0,-0.040689117313565046
420790,4207908,Irineópolis (SC),42,0.415,1146.0,0.636,442.94,Faixa 1 (R$ 20k),20000.0,0,0.8,7200.0,7598.0,14798.0,0.4866,12912.74,5472.08,7440.66,0.0,0,0,0.0,0.0,-0.030833169370721274
420810,4208104,Itaiópolis (SC),42,0.295,1857.0,0.66,514.32,Faixa 3 (R$ 10k),10000.0,0,0.35,7884.0,8093.0,15977.0,0.4935,8603.66,2372.64,6231.02,0.0,0,0,0.0,0.0,-0.1628161401431486
420820,4208203,Itajaí (SC),42,0.188,12444.0,0.749,690.82,Faixa 3 (R$ 10k),10000.0,1,0.48,1934664.0,16344.0,1951008.0,0.9916,156783.03,13683.62,143099.41,1.0,10080,1092,92820.0,60.48,3.1002868802890005
420830,4208302,Itapema (SC),42,0.167,3230.0,0.732,620.76,Faixa 3 (R$ 10k),10000.0,0,0.35,24870.0,23937.0,48807.0,0.5096,15110.53,7197.52,7913.0,0.0,0,0,0.0,0.0,0.05431867960513468
420840,4208401,Itapiranga (SC),42,0.066,3848.0,0.818,862.76,Faixa 3 (R$ 10k),10000.0,0,0.35,18018.0,3657.0,21675.0,0.8313,5632.8,1730.51,3902.29,0.0,0,0,0.0,0.0,-0.03814918974106953
420845,4208450,Itapoá (SC),42,0.311,1579.0,0.731,633.61,Faixa 2 (R$ 15k),15000.0,0,0.7,936.0,11428.0,12364.0,0.0757,7830.27,3951.87,3878.4,0.0,0,0,0.0,0.0,-0.35375663478866215
420850,4208500,Ituporanga (SC),42,0.279,1157.0,0.668,446.93,Faixa 3 (R$ 10k),10000.0,0,0.35,11954.0,4968.0,16922.0,0.7064,14625.76,5663.79,8961.97,0.0,0,0,0.0,0.0,0.112887871230447
420800,4208005,Itá (SC),42,0.236,405.0,0.681,566.35,Faixa 3 (R$ 10k),10000.0,0,0.35,13.0,7024.0,7037.0,0.0018,17375.31,7844.44,9530.86,0.0,0,0,0.0,0.0,-0.16959555576565588
420700,4207007,Içara (SC),42,0.331,2252.0,0.67,503.37,Faixa 2 (R$ 15k),15000.0,0,0.7,55604.0,12097.0,67701.0,0.8213,30062.61,9386.32,20676.29,0.0,0,0,0.0,0.0,0.4685684898497362
420860,4208609,Jaborá (SC),42,0.279,2028.0,0.744,833.84,Faixa 3 (R$ 10k),10000.0,0,0.35,3474.0,7895.0,11369.0,0.3056,5606.02,1088.76,4517.26,0.0,0,0,0.0,0.0,-0.33438930494484603
420870,4208708,Jacinto Machado (SC),42,0.215,2647.0,0.769,763.1,Faixa 3 (R$ 10k),10000.0,0,0.35,5161.0,5572.0,10733.0,0.4809,4054.78,1939.55,2115.22,0.0,0,0,0.0,0.0,-0.23912789669148088
420880,4208807,Jaguaruna (SC),42,0.342,947.0,0.712,540.62,Faixa 2 (R$ 15k),15000.0,0,0.7,18313.0,7507.0,25820.0,0.7093,27265.05,7047.52,20217.53,0.0,0,0,0.0,0.0,0.3125412381491094
420890,4208906,Jaraguá do Sul (SC),42,0.202,8219.0,0.767,757.33,Faixa 3 (R$ 10k),10000.0,1,0.48,725451.0,12690.0,738141.0,0.9828,89809.1,20746.2,69062.9,1.0,10080,1092,92820.0,60.48,2.418932684690787
420895,4208955,Jardinópolis (SC),42,0.127,407.0,0.743,572.17,Faixa 3 (R$ 10k),10000.0,0,0.35,0.0,5957.0,5957.0,0.0,14636.36,5024.57,9611.79,0.0,0,0,0.0,0.0,-0.2787985085673887
420900,4209003,Joaçaba (SC),42,0.189,2357.0,0.726,642.91,Faixa 3 (R$ 10k),10000.0,0,0.35,95279.0,28130.0,123409.0,0.7721,52358.51,8724.23,43634.28,0.0,0,0,0.0,0.0,0.7114803919453072
420910,4209102,Joinville (SC),42,0.273,33141.0,0.739,718.95,Faixa 3 (R$ 10k),10000.0,0,0.35,2199371.0,16238.0,2215609.0,0.9927,66854.02,10632.45,56221.57,0.0,0,0,0.0,0.0,1.0642026978508854
420915,4209151,José Boiteux (SC),42,0.162,814.0,0.769,753.01,Faixa 3 (R$ 10k),10000.0,0,0.35,9340.0,1491.0,10831.0,0.8623,13305.9,1281.33,12024.57,0.0,0,0,0.0,0.0,0.06517472275802587
420917,4209177,Jupiá (SC),42,0.247,532.0,0.729,578.24,Faixa 3 (R$ 10k),10000.0,0,0.35,5650.0,6243.0,11893.0,0.4751,22355.26,5458.65,16896.62,0.0,0,0,0.0,0.0,0.08392171822298682
420920,4209201,Lacerdópolis (SC),42,0.134,602.0,0.793,800.08,Faixa 3 (R$ 10k),10000.0,0,0.35,0.0,5591.0,5591.0,0.0,9287.38,3325.58,5961.79,0.0,0,0,0.0,0.0,-0.3914981205598773
420930,4209300,Lages (SC),42,0.365,20293.0,0.695,499.56,Faixa 2 (R$ 15k),15000.0,0,0.7,464271.0,8337.0,472608.0,0.9824,23289.21,2896.86,20392.35,0.0,0,0,0.0,0.0,0.29900083434019603
420940,4209409,Laguna (SC),42,0.166,2331.0,0.712,564.69,Faixa 3 (R$ 10k),10000.0,0,0.35,24117.0,10816.0,34933.0,0.6904,14986.27,8278.42,6707.85,0.0,0,0,0.0,0.0,0.17678398435123324
420945,4209458,Lajeado Grande (SC),42,0.227,342.0,0.759,744.05,Faixa 3 (R$ 10k),10000.0,0,0.35,14.0,6522.0,6536.0,0.0021,19111.11,7464.91,11646.2,0.0,0,0,0.0,0.0,-0.1569908953568183
420950,4209508,Laurentino (SC),42,0.106,2229.0,0.782,882.05,Faixa 3 (R$ 10k),10000.0,0,0.35,4318.0,1732.0,6050.0,0.7137,2714.22,481.83,2232.39,0.0,0,0,0.0,0.0,-0.17045028290943445
420960,4209607,Lauro Muller (SC),42,0.185,5619.0,0.753,670.16,Faixa 3 (R$ 10k),10000.0,0,0.35,16682.0,4540.0,21222.0,0.7861,3776.83,771.31,3005.52,0.0,0,0,0.0,0.0,-0.11084637904953905
420970,4209706,Lebon Régis (SC),42,0.5,1596.0,0.584,310.64,Faixa 1 (R$ 20k),20000.0,0,0.8,13768.0,5293.0,19061.0,0.7223,11942.98,1914.16,10028.82,0.0,0,0,0.0,0.0,-0.010289673382285425
420980,4209805,Leoberto Leal (SC),42,0.302,1611.0,0.681,761.06,Faixa 2 (R$ 15k),15000.0,0,0.7,0.0,1111.0,1111.0,0.0,689.63,544.38,145.25,0.0,0,0,0.0,0.0,-0.5739509737488543
420985,4209854,Lindóia do Sul (SC),42,0.178,2249.0,0.731,791.6,Faixa 3 (R$ 10k),10000.0,0,0.35,61.0,1782.0,1843.0,0.0331,819.48,439.31,380.17,0.0,0,0,0.0,0.0,-0.5574239684741169
420990,4209904,Lontras (SC),42,0.188,3568.0,0.729,807.35,Faixa 3 (R$ 10k),10000.0,0,0.35,0.0,3490.0,3490.0,0.0,978.14,562.22,415.92,0.0,0,0,0.0,0.0,-0.5697850322264889
421000,4210001,Luiz Alves (SC),42,0.279,609.0,0.642,527.09,Faixa 3 (R$ 10k),10000.0,0,0.35,11792.0,4118.0,15910.0,0.7412,26124.79,5420.36,20704.43,0.0,0,0,0.0,0.0,0.2726759842140864
421003,4210035,Luzerna (SC),42,0.08,2215.0,0.818,1058.63,Faixa 3 (R$ 10k),10000.0,0,0.35,241.0,14549.0,14790.0,0.0163,6677.2,1737.7,4939.5,0.0,0,0,0.0,0.0,-0.45750137327264834
421005,4210050,Macieira (SC),42,0.304,193.0,0.609,375.6,Faixa 2 (R$ 15k),15000.0,0,0.7,0.0,2318.0,2318.0,0.0,12010.36,6663.21,5347.15,0.0,0,0,0.0,0.0,-0.2700365609030713
421010,4210100,Mafra (SC),42,0.253,2679.0,0.721,494.26,Faixa 3 (R$ 10k),10000.0,0,0.35,134657.0,5996.0,140653.0,0.9574,52502.05,5401.64,47100.41,0.0,0,0,0.0,0.0,0.7256410227431844
421020,4210209,Major Gercino (SC),42,0.168,612.0,0.779,1126.91,Faixa 3 (R$ 10k),10000.0,0,0.35,215.0,8848.0,9063.0,0.0237,14808.82,3851.31,10957.52,0.0,0,0,0.0,0.0,-0.2944040507603448
421030,4210308,Major Vieira (SC),42,0.313,638.0,0.594,342.65,Faixa 2 (R$ 15k),15000.0,0,0.7,93.0,3118.0,3211.0,0.029,5032.92,4021.94,1010.97,0.0,0,0,0.0,0.0,-0.41265769552764836
421040,4210407,Maracajá (SC),42,0.158,2124.0,0.794,1037.76,Faixa 3 (R$ 10k),10000.0,0,0.35,12989.0,3811.0,16800.0,0.7732,7909.6,1514.12,6395.48,0.0,0,0,0.0,0.0,-0.04539481763043036
421050,4210506,Maravilha (SC),42,0.16,9284.0,0.79,906.83,Faixa 3 (R$ 10k),10000.0,0,0.35,57540.0,5905.0,63445.0,0.9069,6833.8,1258.19,5575.61,0.0,0,0,0.0,0.0,0.0051862327601510105
421055,4210555,Marema (SC),42,0.161,378.0,0.749,731.44,Faixa 3 (R$ 10k),10000.0,0,0.35,0.0,5537.0,5537.0,0.0,14648.15,4468.25,10179.89,0.0,0,0,0.0,0.0,-0.2930663296448241
421060,4210605,Massaranduba (SC),42,0.118,3809.0,0.81,948.33,Faixa 3 (R$ 10k),10000.0,0,0.35,16169.0,11798.0,27967.0,0.5781,7342.35,2092.94,5249.41,0.0,0,0,0.0,0.0,-0.14131549978068894
421070,4210704,Matos Costa (SC),42,0.503,445.0,0.576,268.33,Faixa 1 (R$ 20k),20000.0,0,0.8,475.0,2693.0,3168.0,0.1499,7119.1,4647.19,2471.91,0.0,0,0,0.0,0.0,-0.3054473802422689
421080,4210803,Meleiro (SC),42,0.13,1889.0,0.78,812.94,Faixa 3 (R$ 10k),10000.0,0,0.35,13409.0,3909.0,17318.0,0.7743,9167.81,1915.83,7251.99,0.0,0,0,0.0,0.0,-0.018247181225214237
421085,4210852,Mirim Doce (SC),42,0.18,609.0,0.72,514.92,Faixa 3 (R$ 10k),10000.0,0,0.35,7128.0,879.0,8007.0,0.8902,13147.78,839.08,12308.7,0.0,0,0,0.0,0.0,0.06650348541033617
421090,4210902,Modelo (SC),42,0.145,1975.0,0.76,845.37,Faixa 3 (R$ 10k),10000.0,0,0.35,7391.0,3715.0,11106.0,0.6655,5623.29,1287.09,4336.2,0.0,0,0,0.0,0.0,-0.13784062738163688
421100,4211009,Mondaí (SC),42,0.161,3014.0,0.776,766.26,Faixa 3 (R$ 10k),10000.0,0,0.35,21170.0,3098.0,24268.0,0.8723,8051.76,1085.27,6966.49,0.0,0,0,0.0,0.0,-0.002041150351250487
421105,4211058,Monte Carlo (SC),42,0.485,1365.0,0.586,328.15,Faixa 1 (R$ 20k),20000.0,0,0.8,79.0,6047.0,6126.0,0.0129,4487.91,1049.08,3438.83,0.0,0,0,0.0,0.0,-0.5052591981588275
421110,4211108,Monte Castelo (SC),42,0.405,1101.0,0.632,385.2,Faixa 1 (R$ 20k),20000.0,0,0.8,10563.0,3565.0,14128.0,0.7477,12831.97,2200.73,10631.24,0.0,0,0,0.0,0.0,0.022042679285675548
421125,4211256,Morro Grande (SC),42,0.191,1377.0,0.692,793.75,Faixa 3 (R$ 10k),10000.0,0,0.35,2385.0,4009.0,6394.0,0.373,4643.43,922.29,3721.13,0.0,0,0,0.0,0.0,-0.3152563459123603
421120,4211207,Morro da Fumaça (SC),42,0.171,6954.0,0.755,757.34,Faixa 3 (R$ 10k),10000.0,0,0.35,29603.0,5284.0,34887.0,0.8485,5016.82,519.7,4497.12,0.0,0,0,0.0,0.0,-0.06830204968129164
421130,4211306,Navegantes (SC),42,0.274,5877.0,0.69,566.43,Faixa 3 (R$ 10k),10000.0,0,0.35,147612.0,25710.0,173322.0,0.8517,29491.58,4723.16,24768.42,0.0,0,0,0.0,0.0,0.35652428926276875
421140,4211405,Nova Erechim (SC),42,0.194,1562.0,0.779,850.86,Faixa 3 (R$ 10k),10000.0,0,0.35,937.0,11575.0,12512.0,0.0749,8010.24,2969.91,5040.33,0.0,0,0,0.0,0.0,-0.3773225103881352
421145,4211454,Nova Itaberaba (SC),42,0.308,349.0,0.657,543.32,Faixa 2 (R$ 15k),15000.0,0,0.7,481.0,10267.0,10748.0,0.0448,30796.56,11103.15,19693.41,0.0,0,0,0.0,0.0,0.10999480499052845
421150,4211504,Nova Trento (SC),42,0.129,4567.0,0.769,887.17,Faixa 3 (R$ 10k),10000.0,0,0.35,150643.0,3148.0,153791.0,0.9795,33674.4,1889.21,31785.2,0.0,0,0,0.0,0.0,0.4046562070897902
421160,4211603,Nova Veneza (SC),42,0.212,706.0,0.665,446.43,Faixa 3 (R$ 10k),10000.0,0,0.35,6334.0,4816.0,11150.0,0.5681,15793.2,2961.76,12831.44,0.0,0,0,0.0,0.0,-0.01562695317940601
421165,4211652,Novo Horizonte (SC),42,0.252,1300.0,0.704,620.42,Faixa 3 (R$ 10k),10000.0,0,0.35,0.0,8566.0,8566.0,0.0,6589.23,3431.54,3157.69,0.0,0,0,0.0,0.0,-0.423387378387746
421170,4211702,Orleans (SC),42,0.179,8204.0,0.78,900.91,Faixa 3 (R$ 10k),10000.0,0,0.35,22097.0,6690.0,28787.0,0.7676,3508.9,981.47,2527.43,0.0,0,0,0.0,0.0,-0.11866626478268705
421175,4211751,Otacílio Costa (SC),42,0.23,2013.0,0.705,553.71,Faixa 3 (R$ 10k),10000.0,0,0.35,13014.0,5400.0,18414.0,0.7067,9147.54,1145.06,8002.48,0.0,0,0,0.0,0.0,-0.07439537560583129
421180,4211801,Ouro (SC),42,0.185,413.0,0.686,564.13,Faixa 3 (R$ 10k),10000.0,0,0.35,7949.0,13786.0,21735.0,0.3657,52627.12,16462.47,36164.65,0.0,0,0,0.0,0.0,0.6996054143568937
421185,4211850,Ouro Verde (SC),42,0.342,372.0,0.628,403.98,Faixa 2 (R$ 15k),15000.0,0,0.7,6890.0,6802.0,13692.0,0.5032,36806.45,8040.32,28766.13,0.0,0,0,0.0,0.0,0.3512698972013003
421187,4211876,Paial (SC),42,0.355,824.0,0.726,652.29,Faixa 2 (R$ 15k),15000.0,0,0.7,1191.0,4574.0,5765.0,0.2066,6996.36,2779.13,4217.23,0.0,0,0,0.0,0.0,-0.3253204421534639
421189,4211892,Painel (SC),42,0.231,199.0,0.689,376.76,Faixa 3 (R$ 10k),10000.0,0,0.35,4562.0,2783.0,7345.0,0.6211,36909.55,2618.09,34291.46,0.0,0,0,0.0,0.0,0.2746871237430803
421200,4212007,Palma Sola (SC),42,0.454,1028.0,0.618,490.27,Faixa 1 (R$ 20k),20000.0,0,0.8,14969.0,4358.0,19327.0,0.7745,18800.58,2224.71,16575.88,0.0,0,0,0.0,0.0,0.11351899391685971
421205,4212056,Palmeira (SC),42,0.395,314.0,0.652,408.28,Faixa 2 (R$ 15k),15000.0,0,0.7,4122.0,3102.0,7224.0,0.5706,23006.37,2757.96,20248.41,0.0,0,0,0.0,0.0,0.0730130483529221
421210,4212106,Palmitos (SC),42,0.283,1111.0,0.677,605.43,Faixa 3 (R$ 10k),10000.0,0,0.35,30949.0,6691.0,37640.0,0.8222,33879.39,4153.02,29726.37,0.0,0,0,0.0,0.0,0.38240150410748436
421220,4212205,Papanduva (SC),42,0.238,1087.0,0.686,536.51,Faixa 3 (R$ 10k),10000.0,0,0.35,13487.0,6695.0,20182.0,0.6683,18566.7,3985.28,14581.42,0.0,0,0,0.0,0.0,0.09973266618228467
421223,4212239,Paraíso (SC),42,0.423,368.0,0.587,351.65,Faixa 1 (R$ 20k),20000.0,0,0.8,8.0,3708.0,3716.0,0.0022,10097.83,4230.98,5866.85,0.0,0,0,0.0,0.0,-0.35645895876288924
421225,4212254,Passo de Torres (SC),42,0.225,2934.0,0.728,605.68,Faixa 3 (R$ 10k),10000.0,0,0.35,13596.0,6989.0,20585.0,0.6605,7016.02,2011.93,5004.09,0.0,0,0,0.0,0.0,-0.10383158439645186
421227,4212270,Passos Maia (SC),42,0.355,804.0,0.617,317.02,Faixa 2 (R$ 15k),15000.0,0,0.7,3279.0,5116.0,8395.0,0.3906,10441.54,3648.01,6793.53,0.0,0,0,0.0,0.0,-0.16083031548916063
421230,4212304,Paulo Lopes (SC),42,0.196,2397.0,0.736,672.13,Faixa 3 (R$ 10k),10000.0,0,0.35,13243.0,7483.0,20726.0,0.639,8646.64,1284.11,7362.54,0.0,0,0,0.0,0.0,-0.11318495346381023
421240,4212403,Pedras Grandes (SC),42,0.086,645.0,0.769,770.11,Faixa 3 (R$ 10k),10000.0,0,0.35,0.0,1941.0,1941.0,0.0,3009.3,2032.56,976.74,0.0,0,0,0.0,0.0,-0.505602068300195
421250,4212502,Penha (SC),42,0.187,11601.0,0.752,793.61,Faixa 3 (R$ 10k),10000.0,0,0.35,28465.0,9387.0,37852.0,0.752,3262.82,1241.27,2021.55,0.0,0,0,0.0,0.0,-0.12337851930806498
421260,4212601,Peritiba (SC),42,0.132,761.0,0.787,864.28,Faixa 3 (R$ 10k),10000.0,0,0.35,65.0,2092.0,2157.0,0.0301,2834.43,1169.51,1664.91,0.0,0,0,0.0,0.0,-0.5142262986158009
421270,4212700,Petrolândia (SC),42,0.256,1103.0,0.776,845.07,Faixa 3 (R$ 10k),10000.0,0,0.35,14264.0,3279.0,17543.0,0.8131,15904.81,2454.22,13450.59,0.0,0,0,0.0,0.0,0.10280018544258376
421290,4212908,Pinhalzinho (SC),42,0.22,1053.0,0.712,573.26,Faixa 3 (R$ 10k),10000.0,0,0.35,32920.0,14858.0,47778.0,0.689,45373.22,8773.03,36600.19,0.0,0,0,0.0,0.0,0.5789318121392218
421300,4213005,Pinheiro Preto (SC),42,0.142,834.0,0.805,1091.97,Faixa 3 (R$ 10k),10000.0,0,0.35,3622.0,7201.0,10823.0,0.3347,12977.22,3806.95,9170.26,0.0,0,0,0.0,0.0,-0.15385605627622098
421310,4213104,Piratuba (SC),42,0.096,1490.0,0.819,919.36,Faixa 3 (R$ 10k),10000.0,0,0.35,975.0,3275.0,4250.0,0.2294,2852.35,1143.62,1708.72,0.0,0,0,0.0,0.0,-0.4087949037289279
421315,4213153,Planalto Alegre (SC),42,0.24,1271.0,0.75,747.06,Faixa 3 (R$ 10k),10000.0,0,0.35,10.0,7020.0,7030.0,0.0014,5531.08,2237.61,3293.47,0.0,0,0,0.0,0.0,-0.46717208390262444
421320,4213203,Pomerode (SC),42,0.114,11935.0,0.782,1021.23,Faixa 3 (R$ 10k),10000.0,0,0.35,23715.0,32920.0,56635.0,0.4187,4745.29,761.63,3983.66,0.0,0,0,0.0,0.0,-0.2938360093621084
421330,4213302,Ponte Alta (SC),42,0.326,625.0,0.658,394.33,Faixa 2 (R$ 15k),15000.0,0,0.7,0.0,2991.0,2991.0,0.0,4785.6,1846.4,2939.2,0.0,0,0,0.0,0.0,-0.48762504860310507
421335,4213351,Ponte Alta do Norte (SC),42,0.358,603.0,0.613,327.54,Faixa 2 (R$ 15k),15000.0,0,0.7,0.0,3215.0,3215.0,0.0,5331.67,878.94,4452.74,0.0,0,0,0.0,0.0,-0.5056904975405786
421340,4213401,Ponte Serrada (SC),42,0.311,1309.0,0.663,460.11,Faixa 2 (R$ 15k),15000.0,0,0.7,11305.0,10082.0,21387.0,0.5286,16338.43,3916.73,12421.7,0.0,0,0,0.0,0.0,-0.004859576325719817
421350,4213500,Porto Belo (SC),42,0.145,7647.0,0.767,851.38,Faixa 3 (R$ 10k),10000.0,0,0.35,51089.0,17437.0,68526.0,0.7455,8961.16,1436.77,7524.39,0.0,0,0,0.0,0.0,-0.04861576978355804
421360,4213609,Porto União (SC),42,0.301,2615.0,0.698,538.09,Faixa 2 (R$ 15k),15000.0,0,0.7,54826.0,26641.0,81467.0,0.673,31153.73,15593.88,15559.85,0.0,0,0,0.0,0.0,0.564686872070802
421370,4213708,Pouso Redondo (SC),42,0.217,941.0,0.663,530.85,Faixa 3 (R$ 10k),10000.0,0,0.35,1951.0,3543.0,5494.0,0.3551,5838.47,2571.73,3266.74,0.0,0,0,0.0,0.0,-0.26667325681247994
421380,4213807,Praia Grande (SC),42,0.168,2193.0,0.76,678.01,Faixa 3 (R$ 10k),10000.0,0,0.35,27426.0,2778.0,30204.0,0.908,13772.91,3444.14,10328.77,0.0,0,0,0.0,0.0,0.15150371453762176
421390,4213906,Presidente Castello Branco (SC),42,0.19,844.0,0.764,1210.7,Faixa 3 (R$ 10k),10000.0,0,0.35,0.0,2825.0,2825.0,0.0,3347.16,1060.43,2286.73,0.0,0,0,0.0,0.0,-0.5264613800358895
421400,4214003,Presidente Getúlio (SC),42,0.261,5395.0,0.768,914.94,Faixa 3 (R$ 10k),10000.0,0,0.35,51920.0,5193.0,57113.0,0.9091,10586.28,527.53,10058.76,0.0,0,0,0.0,0.0,0.03558713817558099
421410,4214102,Presidente Nereu (SC),42,0.17,414.0,0.805,1288.19,Faixa 3 (R$ 10k),10000.0,0,0.35,413.0,477.0,890.0,0.464,2149.76,1456.52,693.24,0.0,0,0,0.0,0.0,-0.2850793886514831
421415,4214151,Princesa (SC),42,0.213,1337.0,0.728,634.35,Faixa 3 (R$ 10k),10000.0,0,0.35,151.0,5648.0,5799.0,0.026,4337.32,515.33,3821.99,0.0,0,0,0.0,0.0,-0.5140674111288774
421420,4214201,Quilombo (SC),42,0.312,993.0,0.679,469.31,Faixa 2 (R$ 15k),15000.0,0,0.7,33326.0,5417.0,38743.0,0.8602,39016.11,5406.85,33609.26,0.0,0,0,0.0,0.0,0.5010247367235918
421430,4214300,Rancho Queimado (SC),42,0.2,1350.0,0.759,803.11,Faixa 3 (R$ 10k),10000.0,0,0.35,147.0,3284.0,3431.0,0.0428,2541.48,1153.33,1388.15,0.0,0,0,0.0,0.0,-0.511659633126485
421490,4214904,Rio Fortuna (SC),42,0.111,776.0,0.82,1050.11,Faixa 3 (R$ 10k),10000.0,0,0.35,7875.0,1715.0,9590.0,0.8212,12358.25,1876.29,10481.96,0.0,0,0,0.0,0.0,0.046597313478514236
421500,4215000,Rio Negrinho (SC),42,0.358,3548.0,0.706,486.23,Faixa 2 (R$ 15k),15000.0,0,0.7,21856.0,10294.0,32150.0,0.6798,9061.44,3104.57,5956.88,0.0,0,0,0.0,0.0,-0.03900242842995818
421505,4215059,Rio Rufino (SC),42,0.327,374.0,0.596,303.12,Faixa 2 (R$ 15k),15000.0,0,0.7,452.0,2176.0,2628.0,0.172,7026.74,2409.09,4617.65,0.0,0,0,0.0,0.0,-0.3529016759975435
421440,4214409,Rio das Antas (SC),42,0.194,423.0,0.677,471.16,Faixa 3 (R$ 10k),10000.0,0,0.35,5185.0,6473.0,11658.0,0.4448,27560.28,8434.99,19125.3,0.0,0,0,0.0,0.0,0.2117845406776025
421450,4214508,Rio do Campo (SC),42,0.139,1322.0,0.797,1195.14,Faixa 3 (R$ 10k),10000.0,0,0.35,88.0,1517.0,1605.0,0.0548,1214.07,853.25,360.82,0.0,0,0,0.0,0.0,-0.5301023926883293
421460,4214607,Rio do Oeste (SC),42,0.153,1746.0,0.771,979.62,Faixa 3 (R$ 10k),10000.0,0,0.35,226.0,1485.0,1711.0,0.1321,979.95,596.79,383.16,0.0,0,0,0.0,0.0,-0.49869146084159655
421480,4214805,Rio do Sul (SC),42,0.15,2889.0,0.728,711.3,Faixa 3 (R$ 10k),10000.0,0,0.35,382943.0,5737.0,388680.0,0.9852,134537.9,15447.21,119090.69,0.0,0,0,0.0,0.0,2.053856881520049
421470,4214706,Rio dos Cedros (SC),42,0.121,2554.0,0.784,953.08,Faixa 3 (R$ 10k),10000.0,0,0.35,3371.0,12283.0,15654.0,0.2153,6129.21,1178.54,4950.67,0.0,0,0,0.0,0.0,-0.3733155041831623
421507,4215075,Riqueza (SC),42,0.307,433.0,0.652,403.27,Faixa 2 (R$ 15k),15000.0,0,0.7,0.0,11900.0,11900.0,0.0,27482.68,4852.19,22630.48,0.0,0,0,0.0,0.0,-0.11836051535725405
421510,4215109,Rodeio (SC),42,0.118,4721.0,0.774,986.15,Faixa 3 (R$ 10k),10000.0,0,0.35,5344.0,8523.0,13867.0,0.3854,2937.3,651.98,2285.32,0.0,0,0,0.0,0.0,-0.33757651062492866
421520,4215208,Romelândia (SC),42,0.332,590.0,0.658,616.41,Faixa 2 (R$ 15k),15000.0,0,0.7,10218.0,3285.0,13503.0,0.7567,22886.44,3901.69,18984.75,0.0,0,0,0.0,0.0,0.19997781442680407
421530,4215307,Salete (SC),42,0.148,2483.0,0.793,846.99,Faixa 3 (R$ 10k),10000.0,0,0.35,0.0,2290.0,2290.0,0.0,922.27,558.6,363.67,0.0,0,0,0.0,0.0,-0.570596051245429
421535,4215356,Saltinho (SC),42,0.511,633.0,0.57,284.85,Faixa 1 (R$ 20k),20000.0,0,0.8,0.0,5202.0,5202.0,0.0,8218.01,2044.23,6173.78,0.0,0,0,0.0,0.0,-0.4384363114509243
421540,4215406,Salto Veloso (SC),42,0.28,343.0,0.654,460.79,Faixa 3 (R$ 10k),10000.0,0,0.35,5165.0,4577.0,9742.0,0.5302,28402.33,6670.55,21731.78,0.0,0,0,0.0,0.0,0.2222279961562707
421545,4215455,Sangão (SC),42,0.207,2432.0,0.731,802.1,Faixa 3 (R$ 10k),10000.0,0,0.35,16157.0,3990.0,20147.0,0.802,8284.13,1478.62,6805.51,0.0,0,0,0.0,0.0,-0.026207984988873646
421550,4215505,Santa Cecília (SC),42,0.365,2058.0,0.662,435.62,Faixa 2 (R$ 15k),15000.0,0,0.7,85290.0,2614.0,87904.0,0.9703,42713.31,381.92,42331.39,0.0,0,0,0.0,0.0,0.47673276662354847
421555,4215554,Santa Helena (SC),42,0.277,161.0,0.631,410.01,Faixa 3 (R$ 10k),10000.0,0,0.35,891.0,4299.0,5190.0,0.1717,32236.02,7944.1,24291.93,0.0,0,0,0.0,0.0,0.11400642417114315
421560,4215604,Santa Rosa de Lima (SC),42,0.174,973.0,0.763,712.27,Faixa 3 (R$ 10k),10000.0,0,0.35,0.0,1559.0,1559.0,0.0,1602.26,589.93,1012.33,0.0,0,0,0.0,0.0,-0.5610551070043612
421565,4215653,Santa Rosa do Sul (SC),42,0.129,1939.0,0.751,680.36,Faixa 3 (R$ 10k),10000.0,0,0.35,23878.0,6581.0,30459.0,0.7839,15708.61,3178.96,12529.65,0.0,0,0,0.0,0.0,0.10355427008503519
421567,4215679,Santa Terezinha (SC),42,0.371,651.0,0.591,260.61,Faixa 2 (R$ 15k),15000.0,0,0.7,0.0,1365.0,1365.0,0.0,2096.77,1465.44,631.34,0.0,0,0,0.0,0.0,-0.5320150080309081
421568,4215687,Santa Terezinha do Progresso (SC),42,0.291,1403.0,0.68,581.04,Faixa 3 (R$ 10k),10000.0,0,0.35,0.0,5737.0,5737.0,0.0,4089.09,1312.19,2776.91,0.0,0,0,0.0,0.0,-0.510411993033129
421569,4215695,Santiago do Sul (SC),42,0.148,313.0,0.783,714.86,Faixa 3 (R$ 10k),10000.0,0,0.35,0.0,4828.0,4828.0,0.0,15424.92,5089.46,10335.46,0.0,0,0,0.0,0.0,-0.2669940384326148
421730,4217303,Saudades (SC),42,0.079,2552.0,0.797,747.7,Faixa 3 (R$ 10k),10000.0,0,0.35,2527.0,12723.0,15250.0,0.1657,5975.71,2440.44,3535.27,0.0,0,0,0.0,0.0,-0.3689277036301372
421740,4217402,Schroeder (SC),42,0.13,993.0,0.742,560.35,Faixa 3 (R$ 10k),10000.0,0,0.35,73.0,20486.0,20559.0,0.0036,20703.93,6443.1,14260.83,0.0,0,0,0.0,0.0,-0.1622313182938325
421750,4217501,Seara (SC),42,0.184,1059.0,0.703,564.88,Faixa 3 (R$ 10k),10000.0,0,0.35,77811.0,5085.0,82896.0,0.9387,78277.62,10036.83,68240.79,0.0,0,0,0.0,0.0,1.1667217702755428
421755,4217550,Serra Alta (SC),42,0.185,928.0,0.805,981.88,Faixa 3 (R$ 10k),10000.0,0,0.35,0.0,8411.0,8411.0,0.0,9063.58,2769.4,6294.18,0.0,0,0,0.0,0.0,-0.40878640482343176
421760,4217600,Siderópolis (SC),42,0.179,921.0,0.727,536.08,Faixa 3 (R$ 10k),10000.0,0,0.35,22874.0,4405.0,27279.0,0.8385,29618.89,3526.6,26092.29,0.0,0,0,0.0,0.0,0.320133126855098
421770,4217709,Sombrio (SC),42,0.179,10179.0,0.741,790.92,Faixa 3 (R$ 10k),10000.0,0,0.35,21005.0,9402.0,30407.0,0.6908,2987.23,1155.03,1832.2,0.0,0,0,0.0,0.0,-0.1616621895290516
421775,4217758,Sul Brasil (SC),42,0.321,497.0,0.77,711.84,Faixa 2 (R$ 15k),15000.0,0,0.7,430.0,7784.0,8214.0,0.0523,16527.16,5032.19,11494.97,0.0,0,0,0.0,0.0,-0.22654627284893158
421580,4215802,São Bento do Sul (SC),42,0.194,4757.0,0.713,549.44,Faixa 3 (R$ 10k),10000.0,0,0.35,142419.0,11415.0,153834.0,0.9258,32338.45,3657.14,28681.31,0.0,0,0,0.0,0.0,0.4048026796628273
421575,4215752,São Bernardino (SC),42,0.359,1270.0,0.683,448.28,Faixa 2 (R$ 15k),15000.0,0,0.7,1044.0,6326.0,7370.0,0.1417,5803.15,3069.29,2733.86,0.0,0,0,0.0,0.0,-0.3675931516162731
421590,4215901,São Bonifácio (SC),42,0.198,1457.0,0.73,731.45,Faixa 3 (R$ 10k),10000.0,0,0.35,6122.0,1933.0,8055.0,0.76,5528.48,1291.01,4237.47,0.0,0,0,0.0,0.0,-0.08875567729528751
421600,4216008,São Carlos (SC),42,0.202,3520.0,0.794,942.19,Faixa 3 (R$ 10k),10000.0,0,0.35,35475.0,9697.0,45172.0,0.7853,12832.95,1646.02,11186.93,0.0,0,0,0.0,0.0,0.02765180778010462
421605,4216057,São Cristovão do Sul (SC),42,0.497,607.0,0.646,349.7,Faixa 1 (R$ 20k),20000.0,0,0.8,0.0,7487.0,7487.0,0.0,12334.43,2741.35,9593.08,0.0,0,0,0.0,0.0,-0.3675261040857214
421610,4216107,São Domingos (SC),42,0.329,1036.0,0.652,408.52,Faixa 2 (R$ 15k),15000.0,0,0.7,11778.0,9706.0,21484.0,0.5482,20737.45,4205.6,16531.85,0.0,0,0,0.0,0.0,0.06950893804400957
421620,4216206,São Francisco do Sul (SC),42,0.252,3388.0,0.729,640.05,Faixa 3 (R$ 10k),10000.0,0,0.35,38282.0,14254.0,52536.0,0.7287,15506.49,3286.6,12219.89,0.0,0,0,0.0,0.0,0.07442616918727127
421650,4216503,São Joaquim (SC),42,0.238,2807.0,0.65,416.96,Faixa 3 (R$ 10k),10000.0,0,0.35,20731.0,9107.0,29838.0,0.6948,10629.85,1263.98,9365.87,0.0,0,0,0.0,0.0,-0.058606504560534955
421670,4216701,São José do Cedro (SC),42,0.341,840.0,0.646,438.76,Faixa 2 (R$ 15k),15000.0,0,0.7,11549.0,3800.0,15349.0,0.7524,18272.62,2625.0,15647.62,0.0,0,0,0.0,0.0,0.10537661046940228
421680,4216800,São José do Cerrito (SC),42,0.318,1029.0,0.605,311.45,Faixa 2 (R$ 15k),15000.0,0,0.7,6676.0,4611.0,11287.0,0.5915,10968.9,1111.76,9857.14,0.0,0,0,0.0,0.0,-0.11307468156592874
421630,4216305,São João Batista (SC),42,0.177,11643.0,0.75,789.38,Faixa 3 (R$ 10k),10000.0,0,0.35,19201.0,25004.0,44205.0,0.4344,3796.7,898.14,2898.57,0.0,0,0,0.0,0.0,-0.2941344857822142
421635,4216354,São João do Itaperiú (SC),42,0.174,1645.0,0.735,677.71,Faixa 3 (R$ 10k),10000.0,0,0.35,4662.0,4801.0,9463.0,0.4927,5752.58,1446.2,4306.38,0.0,0,0,0.0,0.0,-0.22385205935233787
421625,4216255,São João do Oeste (SC),42,0.127,1083.0,0.804,994.43,Faixa 3 (R$ 10k),10000.0,0,0.35,9427.0,2711.0,12138.0,0.7767,11207.76,1467.22,9740.54,0.0,0,0,0.0,0.0,-0.0024132366873103493
421640,4216404,São João do Sul (SC),42,0.144,817.0,0.789,736.45,Faixa 3 (R$ 10k),10000.0,0,0.35,8565.0,12375.0,20940.0,0.409,25630.35,4220.32,21410.04,0.0,0,0,0.0,0.0,0.058753820066481444
421690,4216909,São Lourenço do Oeste (SC),42,0.446,1661.0,0.638,530.95,Faixa 1 (R$ 20k),20000.0,0,0.8,30428.0,19817.0,50245.0,0.6056,30249.85,5927.75,24322.1,0.0,0,0,0.0,0.0,0.2667459427797668
421700,4217006,São Ludgero (SC),42,0.167,4813.0,0.778,872.33,Faixa 3 (R$ 10k),10000.0,0,0.35,53456.0,4013.0,57469.0,0.9302,11940.37,646.17,11294.2,0.0,0,0,0.0,0.0,0.06725304816679598
421710,4217105,São Martinho (SC),42,0.169,1549.0,0.753,887.03,Faixa 3 (R$ 10k),10000.0,0,0.35,10228.0,1510.0,11738.0,0.8714,7577.79,733.38,6844.42,0.0,0,0,0.0,0.0,-0.017723987288824388
421715,4217154,São Miguel da Boa Vista (SC),42,0.227,925.0,0.735,776.32,Faixa 3 (R$ 10k),10000.0,0,0.35,0.0,7143.0,7143.0,0.0,7722.16,2779.46,4942.7,0.0,0,0,0.0,0.0,-0.42574523291461797
421720,4217204,São Miguel do Oeste (SC),42,0.243,2808.0,0.723,563.16,Faixa 3 (R$ 10k),10000.0,0,0.35,221473.0,3550.0,225023.0,0.9842,80136.4,4789.89,75346.51,0.0,0,0,0.0,0.0,1.0787592225334877
421780,4217808,Taió (SC),42,0.226,5082.0,0.78,873.29,Faixa 3 (R$ 10k),10000.0,0,0.35,5749.0,3619.0,9368.0,0.6137,1843.37,1162.53,680.83,0.0,0,0,0.0,0.0,-0.2171085526435222
421790,4217907,Tangará (SC),42,0.202,851.0,0.68,639.95,Faixa 3 (R$ 10k),10000.0,0,0.35,3315.0,7864.0,11179.0,0.2965,13136.31,4569.92,8566.39,0.0,0,0,0.0,0.0,-0.1523312281341133
421795,4217956,Tigrinhos (SC),42,0.209,855.0,0.725,607.59,Faixa 3 (R$ 10k),10000.0,0,0.35,0.0,5661.0,5661.0,0.0,6621.05,2195.32,4425.73,0.0,0,0,0.0,0.0,-0.45502014475114566
421800,4218004,Tijucas (SC),42,0.222,1695.0,0.7,515.85,Faixa 3 (R$ 10k),10000.0,0,0.35,177721.0,27052.0,204773.0,0.8679,120810.03,12028.91,108781.12,0.0,0,0,0.0,0.0,1.7267244554442644
421810,4218103,Timbé do Sul (SC),42,0.19,315.0,0.621,488.03,Faixa 3 (R$ 10k),10000.0,0,0.35,8591.0,3230.0,11821.0,0.7268,37526.98,9365.08,28161.9,0.0,0,0,0.0,0.0,0.5136363608429175
421820,4218202,Timbó (SC),42,0.097,17332.0,0.798,1226.97,Faixa 3 (R$ 10k),10000.0,0,0.35,32771.0,19953.0,52724.0,0.6216,3042.0,618.68,2423.32,0.0,0,0,0.0,0.0,-0.21162112994435694
421825,4218251,Timbó Grande (SC),42,0.32,776.0,0.633,347.94,Faixa 2 (R$ 15k),15000.0,0,0.7,74838.0,2319.0,77157.0,0.9699,99429.12,8572.16,90856.96,0.0,0,0,0.0,0.0,1.416851558625327
421835,4218350,Treviso (SC),42,0.116,914.0,0.803,847.58,Faixa 3 (R$ 10k),10000.0,0,0.35,379.0,5075.0,5454.0,0.0695,5967.18,687.09,5280.09,0.0,0,0,0.0,0.0,-0.4655852649285778
421850,4218509,Treze Tílias (SC),42,0.26,646.0,0.679,595.37,Faixa 3 (R$ 10k),10000.0,0,0.35,52741.0,10483.0,63224.0,0.8342,97869.97,7780.19,90089.78,0.0,0,0,0.0,0.0,1.3042234588210249
421840,4218400,Treze de Maio (SC),42,0.163,1752.0,0.74,695.9,Faixa 3 (R$ 10k),10000.0,0,0.35,21623.0,2731.0,24354.0,0.8879,13900.68,1256.85,12643.84,0.0,0,0,0.0,0.0,0.08577464939031917
421860,4218608,Trombudo Central (SC),42,0.184,442.0,0.732,527.95,Faixa 3 (R$ 10k),10000.0,0,0.35,15.0,1765.0,1780.0,0.0084,4027.15,2361.99,1665.16,0.0,0,0,0.0,0.0,-0.4795354477622752
421830,4218301,Três Barras (SC),42,0.361,2478.0,0.656,386.59,Faixa 2 (R$ 15k),15000.0,0,0.7,17807.0,5647.0,23454.0,0.7592,9464.89,1960.45,7504.44,0.0,0,0,0.0,0.0,-0.02129863337195656
421870,4218707,Tubarão (SC),42,0.153,4205.0,0.752,695.68,Faixa 3 (R$ 10k),10000.0,0,0.35,56669.0,9355.0,66024.0,0.8583,15701.31,10738.17,4963.14,0.0,0,0,0.0,0.0,0.3389084328874884
421875,4218756,Tunápolis (SC),42,0.128,728.0,0.78,750.84,Faixa 3 (R$ 10k),10000.0,0,0.35,7598.0,2152.0,9750.0,0.7793,13392.86,2515.11,10877.75,0.0,0,0,0.0,0.0,0.054177641710180004
421880,4218806,Turvo (SC),42,0.145,4090.0,0.766,837.98,Faixa 3 (R$ 10k),10000.0,0,0.35,9758.0,7256.0,17014.0,0.5735,4159.9,1516.14,2643.77,0.0,0,0,0.0,0.0,-0.19956151041810638
421885,4218855,União do Oeste (SC),42,0.322,560.0,0.724,582.11,Faixa 2 (R$ 15k),15000.0,0,0.7,0.0,6252.0,6252.0,0.0,11164.29,3732.14,7432.14,0.0,0,0,0.0,0.0,-0.35686704730754715
421890,4218905,Urubici (SC),42,0.292,1351.0,0.613,448.19,Faixa 3 (R$ 10k),10000.0,0,0.35,15084.0,3282.0,18366.0,0.8213,13594.37,1703.92,11890.45,0.0,0,0,0.0,0.0,0.058050679633413906
421895,4218954,Urupema (SC),42,0.309,623.0,0.732,580.55,Faixa 2 (R$ 15k),15000.0,0,0.7,0.0,2390.0,2390.0,0.0,3836.28,1091.49,2744.78,0.0,0,0,0.0,0.0,-0.5193776657451277
421900,4219002,Urussanga (SC),42,0.104,5925.0,0.812,1012.08,Faixa 3 (R$ 10k),10000.0,0,0.35,32223.0,6159.0,38382.0,0.8395,6477.97,834.09,5643.88,0.0,0,0,0.0,0.0,-0.04617793293002252
421915,4219150,Vargem (SC),42,0.204,456.0,0.726,574.14,Faixa 3 (R$ 10k),10000.0,0,0.35,5499.0,1352.0,6851.0,0.8027,15024.12,1331.14,13692.98,0.0,0,0,0.0,0.0,0.05686143269120649
421917,4219176,Vargem Bonita (SC),42,0.431,495.0,0.649,367.83,Faixa 1 (R$ 20k),20000.0,0,0.8,7533.0,8210.0,15743.0,0.4785,31804.04,6684.85,25119.19,0.0,0,0,0.0,0.0,0.238801642586759
421910,4219101,Vargeão (SC),42,0.179,934.0,0.735,724.35,Faixa 3 (R$ 10k),10000.0,0,0.35,422.0,5977.0,6399.0,0.0659,6851.18,2336.19,4514.99,0.0,0,0,0.0,0.0,-0.4134073572076611
421920,4219200,Vidal Ramos (SC),42,0.207,3032.0,0.724,726.23,Faixa 3 (R$ 10k),10000.0,0,0.35,3123.0,992.0,4115.0,0.7589,1357.19,311.35,1045.84,0.0,0,0,0.0,0.0,-0.16827765826098648
421930,4219309,Videira (SC),42,0.222,3924.0,0.7,637.44,Faixa 3 (R$ 10k),10000.0,0,0.35,376480.0,8507.0,384987.0,0.9779,98110.86,4765.04,93345.82,0.0,0,0,0.0,0.0,1.305503400189537
421935,4219358,Vitor Meireles (SC),42,0.362,2437.0,0.685,585.84,Faixa 2 (R$ 15k),15000.0,0,0.7,2492.0,1266.0,3758.0,0.6631,1542.06,326.22,1215.84,0.0,0,0,0.0,0.0,-0.21641009908134473
421940,4219408,Witmarsum (SC),42,0.173,1773.0,0.727,797.26,Faixa 3 (R$ 10k),10000.0,0,0.35,5388.0,1158.0,6546.0,0.8231,3692.05,841.51,2850.54,0.0,0,0,0.0,0.0,-0.0904600049065035
421950,4219507,Xanxerê (SC),42,0.23,4482.0,0.71,530.01,Faixa 3 (R$ 10k),10000.0,0,0.35,137106.0,27021.0,164127.0,0.8354,36619.14,9690.99,26928.16,0.0,0,0,0.0,0.0,0.5681204434521188
421960,4219606,Xavantina (SC),42,0.365,1982.0,0.744,971.19,Faixa 2 (R$ 15k),15000.0,0,0.7,2925.0,2942.0,5867.0,0.4986,2960.14,474.27,2485.87,0.0,0,0,0.0,0.0,-0.28175508728971715
421970,4219705,Xaxim (SC),42,0.319,2226.0,0.685,459.81,Faixa 2 (R$ 15k),15000.0,0,0.7,87504.0,31353.0,118857.0,0.7362,53394.88,6236.75,47158.13,0.0,0,0,0.0,0.0,0.6412409612665757
421985,4219853,Zortéa (SC),42,0.216,381.0,0.741,634.05,Faixa 3 (R$ 10k),10000.0,0,0.35,0.0,5338.0,5338.0,0.0,14010.5,3335.96,10674.54,0.0,0,0,0.0,0.0,-0.3305991638678555
420040,4200408,Água Doce (SC),42,0.412,492.0,0.651,446.05,Faixa 1 (R$ 20k),20000.0,0,0.8,14605.0,7625.0,22230.0,0.657,45182.93,10861.79,34321.14,0.0,0,0,0.0,0.0,0.6136279887611428
420055,4200556,Águas Frias (SC),42,0.165,1145.0,0.764,753.49,Faixa 3 (R$ 10k),10000.0,0,0.35,0.0,6769.0,6769.0,0.0,5911.79,2751.09,3160.7,0.0,0,0,0.0,0.0,-0.44971994511546887
420050,4200507,Águas de Chapecó (SC),42,0.376,489.0,0.685,442.98,Faixa 2 (R$ 15k),15000.0,0,0.7,1399.0,10717.0,12116.0,0.1155,24777.1,6108.38,18668.71,0.0,0,0,0.0,0.0,-0.059176680585747085
420120,4201208,Antônio Carlos (SC),42,0.096,1197.0,0.792,884.76,Faixa 3 (R$ 10k),10000.0,0,0.35,8636.0,21025.0,29661.0,0.2912,24779.45,6881.37,17898.08,0.0,0,0,0.0,0.0,0.054224034305056915
420230,4202305,Biguaçu (SC),42,0.253,4215.0,0.731,609.08,Faixa 3 (R$ 10k),10000.0,3,0.48,380885.0,22993.0,403878.0,0.9431,95819.22,6034.4,89784.82,1.0,33600,5265,447525.0,524.16,2.093683090823919
420540,4205407,Florianópolis (SC),42,0.237,29095.0,0.76,877.25,Faixa 3 (R$ 10k),10000.0,3,0.48,425385.0,49535.0,474920.0,0.8957,16323.08,3830.62,12492.46,1.0,30240,4914,417690.0,483.84,0.9909062232821458
420600,4206009,Governador Celso Ramos (SC),42,0.308,5998.0,0.747,762.72,Faixa 2 (R$ 15k),15000.0,0,0.7,8653.0,33790.0,42443.0,0.2039,7076.19,1452.48,5623.71,0.0,0,0,0.0,0.0,-0.3601150394504382
421190,4211900,Palhoça (SC),42,0.259,9528.0,0.706,661.04,Faixa 3 (R$ 10k),10000.0,0,0.35,569133.0,123833.0,692966.0,0.8213,72729.43,12681.68,60047.75,0.0,0,0,0.0,0.0,1.1016863797163716
421570,4215703,Santo Amaro da Imperatriz (SC),42,0.236,7458.0,0.791,898.69,Faixa 3 (R$ 10k),10000.0,0,0.35,74117.0,8136.0,82253.0,0.9011,11028.83,1388.31,9640.52,0.0,0,0,0.0,0.0,0.05932854800911676
421660,4216602,São José (SC),42,0.242,14659.0,0.756,797.05,Faixa 3 (R$ 10k),10000.0,0,0.35,744998.0,156940.0,901938.0,0.826,61527.94,9388.09,52139.85,0.0,0,0,0.0,0.0,0.8750259602561397
421725,4217253,São Pedro de Alcântara (SC),42,0.096,1256.0,0.778,821.44,Faixa 3 (R$ 10k),10000.0,0,0.35,0.0,4582.0,4582.0,0.0,3648.09,1463.38,2184.71,0.0,0,0,0.0,0.0,-0.5121544487839301
420060,4200606,Águas Mornas (SC),42,0.28,1154.0,0.771,760.2,Faixa 3 (R$ 10k),10000.0,0,0.35,1186.0,10898.0,12084.0,0.0981,10471.4,2895.15,7576.26,0.0,0,0,0.0,0.0,-0.33534231907026996
520082,5200829,Amaralina (GO),52,0.309,494.0,0.702,449.3,Faixa 2 (R$ 15k),15000.0,0,0.7,0.0,2670.0,2670.0,0.0,5404.86,2317.81,3087.04,0.0,0,0,0.0,0.0,-0.4674574440190183
520120,5201207,Anhanguera (GO),52,0.12,478.0,0.777,726.58,Faixa 3 (R$ 10k),10000.0,0,0.35,5865.0,345.0,6210.0,0.9444,12991.63,556.49,12435.15,0.0,0,0,0.0,0.0,0.08596690506302598
520145,5201454,Aparecida do Rio Doce (GO),52,0.293,638.0,0.705,555.47,Faixa 3 (R$ 10k),10000.0,0,0.35,76.0,1930.0,2006.0,0.0379,3144.2,1195.92,1948.28,0.0,0,0,0.0,0.0,-0.5054217295343507
520235,5202353,Arenópolis (GO),52,0.276,598.0,0.734,506.35,Faixa 3 (R$ 10k),10000.0,0,0.35,0.0,2028.0,2028.0,0.0,3391.3,1819.4,1571.91,0.0,0,0,0.0,0.0,-0.5062231678521074
520260,5202601,Aurilândia (GO),52,0.332,885.0,0.701,452.89,Faixa 2 (R$ 15k),15000.0,0,0.7,0.0,10316.0,10316.0,0.0,11656.5,3673.45,7983.05,0.0,0,0,0.0,0.0,-0.352069736727089
520357,5203575,Bonópolis (GO),52,0.263,442.0,0.678,421.44,Faixa 3 (R$ 10k),10000.0,0,0.35,41.0,2999.0,3040.0,0.0135,6877.83,2658.37,4219.46,0.0,0,0,0.0,0.0,-0.4325507575921316
520396,5203962,Buritinópolis (GO),52,0.263,713.0,0.784,872.78,Faixa 3 (R$ 10k),10000.0,0,0.35,0.0,3411.0,3411.0,0.0,4784.01,1590.46,3193.55,0.0,0,0,0.0,0.0,-0.4942790951085426
520530,5205307,Cavalcante (GO),52,0.329,1873.0,0.65,326.25,Faixa 2 (R$ 15k),15000.0,0,0.7,3465.0,2308.0,5773.0,0.6002,3082.22,814.74,2267.49,0.0,0,0,0.0,0.0,-0.2173912767443876
520552,5205521,Colinas do Sul (GO),52,0.289,995.0,0.71,389.37,Faixa 3 (R$ 10k),10000.0,0,0.35,0.0,2155.0,2155.0,0.0,2165.83,661.31,1504.52,0.0,0,0,0.0,0.0,-0.5519705810903608
520570,5205703,Córrego do Ouro (GO),52,0.213,718.0,0.721,539.3,Faixa 3 (R$ 10k),10000.0,0,0.35,0.0,5399.0,5399.0,0.0,7519.5,2930.36,4589.14,0.0,0,0,0.0,0.0,-0.42443560923408424
520670,5206701,Damianópolis (GO),52,0.247,677.0,0.724,435.68,Faixa 3 (R$ 10k),10000.0,0,0.35,598.0,2371.0,2969.0,0.2014,4385.52,939.44,3446.09,0.0,0,0,0.0,0.0,-0.409280015647683
520945,5209457,Guarinos (GO),52,0.322,407.0,0.643,280.34,Faixa 2 (R$ 15k),15000.0,0,0.7,0.0,906.0,906.0,0.0,2226.04,1110.57,1115.48,0.0,0,0,0.0,0.0,-0.5395533664417073
520960,5209606,Heitoraí (GO),52,0.254,762.0,0.703,452.99,Faixa 3 (R$ 10k),10000.0,0,0.35,762.0,3092.0,3854.0,0.1977,5057.74,2539.37,2518.37,0.0,0,0,0.0,0.0,-0.36114830313040575
521015,5210158,Ipiranga de Goiás (GO),52,0.195,304.0,0.741,432.06,Faixa 3 (R$ 10k),10000.0,0,0.35,0.0,880.0,880.0,0.0,2894.74,1921.05,973.68,0.0,0,0,0.0,0.0,-0.5099629182039044
521030,5210307,Israelândia (GO),52,0.299,729.0,0.736,464.76,Faixa 3 (R$ 10k),10000.0,0,0.35,350.0,2697.0,3047.0,0.1149,4179.7,2186.56,1993.14,0.0,0,0,0.0,0.0,-0.4255490478731582
521200,5212006,Jaupaci (GO),52,0.23,608.0,0.721,483.73,Faixa 3 (R$ 10k),10000.0,0,0.35,1077.0,2050.0,3127.0,0.3444,5143.09,1879.93,3263.16,0.0,0,0,0.0,0.0,-0.29921436089682546
521205,5212055,Jesúpolis (GO),52,0.297,665.0,0.672,390.26,Faixa 3 (R$ 10k),10000.0,0,0.35,0.0,1692.0,1692.0,0.0,2544.36,1160.9,1383.46,0.0,0,0,0.0,0.0,-0.5341627277836338
521225,5212253,Lagoa Santa (GO),52,0.21,317.0,0.706,498.16,Faixa 3 (R$ 10k),10000.0,0,0.35,0.0,1085.0,1085.0,0.0,3422.71,1356.47,2066.25,0.0,0,0,0.0,0.0,-0.5178185140675466
521260,5212600,Mairipotaba (GO),52,0.235,416.0,0.749,452.43,Faixa 3 (R$ 10k),10000.0,0,0.35,0.0,1404.0,1404.0,0.0,3375.0,1197.12,2177.88,0.0,0,0,0.0,0.0,-0.5225611737239303
521487,5214879,Nova Iguaçu de Goiás (GO),52,0.302,698.0,0.676,366.85,Faixa 2 (R$ 15k),15000.0,0,0.7,0.0,1762.0,1762.0,0.0,2524.36,882.52,1641.83,0.0,0,0,0.0,0.0,-0.5416347837553893
521490,5214903,Nova Roma (GO),52,0.225,607.0,0.709,386.82,Faixa 3 (R$ 10k),10000.0,0,0.35,87.0,2589.0,2676.0,0.0325,4408.57,2135.09,2273.48,0.0,0,0,0.0,0.0,-0.46771775135723515
521525,5215256,Novo Planalto (GO),52,0.343,939.0,0.721,427.77,Faixa 2 (R$ 15k),15000.0,0,0.7,3224.0,2271.0,5495.0,0.5867,5851.97,1073.48,4778.49,0.0,0,0,0.0,0.0,-0.18230183384796117
521645,5216452,Perolândia (GO),52,0.272,501.0,0.676,575.64,Faixa 3 (R$ 10k),10000.0,0,0.35,803.0,2815.0,3618.0,0.2219,7221.56,2706.59,4514.97,0.0,0,0,0.0,0.0,-0.31618204825427626
521690,5216908,Pilar de Goiás (GO),52,0.264,772.0,0.713,479.7,Faixa 3 (R$ 10k),10000.0,0,0.35,0.0,1039.0,1039.0,0.0,1345.85,611.4,734.46,0.0,0,0,0.0,0.0,-0.563790054236392
521870,5218706,Rianápolis (GO),52,0.236,1236.0,0.693,529.03,Faixa 3 (R$ 10k),10000.0,0,0.35,5124.0,3777.0,8901.0,0.5757,7201.46,1848.71,5352.75,0.0,0,0,0.0,0.0,-0.15072913849160777
521945,5219456,Santa Rita do Novo Destino (GO),52,0.312,956.0,0.624,379.89,Faixa 2 (R$ 15k),15000.0,0,0.7,0.0,2118.0,2118.0,0.0,2215.48,722.8,1492.68,0.0,0,0,0.0,0.0,-0.5497394910607947
522070,5220702,Sítio D'Abadia (GO),52,0.242,349.0,0.681,397.89,Faixa 3 (R$ 10k),10000.0,0,0.35,2594.0,1896.0,4490.0,0.5777,12865.33,1822.35,11042.98,0.0,0,0,0.0,0.0,-0.07764381978087642
522108,5221080,Teresina de Goiás (GO),52,0.339,799.0,0.7,404.1,Faixa 2 (R$ 15k),15000.0,0,0.7,0.0,1435.0,1435.0,0.0,1795.99,744.68,1051.31,0.0,0,0,0.0,0.0,-0.5545573082210457
522155,5221551,Turvelândia (GO),52,0.348,1063.0,0.714,479.21,Faixa 2 (R$ 15k),15000.0,0,0.7,519.0,4336.0,4855.0,0.1069,4567.26,1775.16,2792.1,0.0,0,0,0.0,0.0,-0.4354867383597606
522157,5221577,Uirapuru (GO),52,0.252,557.0,0.663,461.25,Faixa 3 (R$ 10k),10000.0,0,0.35,0.0,1211.0,1211.0,0.0,2174.15,698.38,1475.76,0.0,0,0,0.0,0.0,-0.5509030395535925
521305,5213053,Mimoso de Goiás (GO),52,0.311,914.0,0.665,421.39,Faixa 2 (R$ 15k),15000.0,0,0.7,103.0,1603.0,1706.0,0.0604,1866.52,782.28,1084.25,0.0,0,0,0.0,0.0,-0.5205915525170143
522220,5222203,Vila Boa (GO),52,0.336,1317.0,0.655,307.87,Faixa 2 (R$ 15k),15000.0,0,0.7,0.0,4666.0,4666.0,0.0,3542.9,1255.13,2287.78,0.0,0,0,0.0,0.0,-0.5189022589719414
510010,5100102,Acorizal (MT),51,0.316,1059.0,0.688,329.64,Faixa 2 (R$ 15k),15000.0,0,0.7,0.0,2413.0,2413.0,0.0,2278.56,1092.54,1186.02,0.0,0,0,0.0,0.0,-0.5393465585580712
510050,5100508,Alto Paraguai (MT),51,0.359,2614.0,0.712,394.69,Faixa 2 (R$ 15k),15000.0,0,0.7,2804.0,2018.0,4822.0,0.5815,1844.68,403.98,1440.7,0.0,0,0,0.0,0.0,-0.2538576343522971
510100,5101001,Araguaiana (MT),51,0.267,718.0,0.711,445.53,Faixa 3 (R$ 10k),10000.0,0,0.35,0.0,2865.0,2865.0,0.0,3990.25,1157.38,2832.87,0.0,0,0,0.0,0.0,-0.5156933284543619
510120,5101209,Araguainha (MT),51,0.216,262.0,0.704,469.09,Faixa 3 (R$ 10k),10000.0,0,0.35,0.0,460.0,460.0,0.0,1755.73,828.24,927.48,0.0,0,0,0.0,0.0,-0.5529084184509768
510260,5102603,Campinápolis (MT),51,0.303,2343.0,0.693,622.32,Faixa 2 (R$ 15k),15000.0,0,0.7,4015.0,6970.0,10985.0,0.3655,4688.43,1453.69,3234.74,0.0,0,0,0.0,0.0,-0.30488957542385947
510360,5103601,Dom Aquino (MT),51,0.23,2414.0,0.708,538.14,Faixa 3 (R$ 10k),10000.0,0,0.35,561.0,2832.0,3393.0,0.1653,1405.55,429.58,975.97,0.0,0,0,0.0,0.0,-0.47992543216366723
510385,5103858,Gaúcha do Norte (MT),51,0.241,1027.0,0.768,758.81,Faixa 3 (R$ 10k),10000.0,0,0.35,88720.0,3743.0,92463.0,0.9595,90032.13,646.54,89385.59,0.0,0,0,0.0,0.0,1.085277478259523
510490,5104906,Jangada (MT),51,0.282,1222.0,0.688,364.08,Faixa 3 (R$ 10k),10000.0,0,0.35,7536.0,2145.0,9681.0,0.7784,7922.26,1194.76,6727.5,0.0,0,0,0.0,0.0,-0.050747353846017515
510617,5106174,Nova Nazaré (MT),51,0.276,553.0,0.746,503.62,Faixa 3 (R$ 10k),10000.0,0,0.35,282.0,4944.0,5226.0,0.054,9450.27,1065.1,8385.17,0.0,0,0,0.0,0.0,-0.4193098528488891
510645,5106455,Planalto da Serra (MT),51,0.335,706.0,0.686,350.14,Faixa 2 (R$ 15k),15000.0,0,0.7,6777.0,1173.0,7950.0,0.8525,11260.62,1161.47,10099.15,0.0,0,0,0.0,0.0,0.030607241124055395
510685,5106851,Porto Estrela (MT),51,0.252,459.0,0.685,375.25,Faixa 3 (R$ 10k),10000.0,0,0.35,3621.0,356.0,3977.0,0.9105,8664.49,468.41,8196.08,0.0,0,0,0.0,0.0,0.010128788875787753
510715,5107156,Reserva do Cabaçal (MT),51,0.247,768.0,0.697,410.17,Faixa 3 (R$ 10k),10000.0,0,0.35,314.0,332.0,646.0,0.4861,841.15,365.89,475.26,0.0,0,0,0.0,0.0,-0.31840552162356967
510757,5107578,Rondolândia (MT),51,0.303,810.0,0.667,402.97,Faixa 2 (R$ 15k),15000.0,0,0.7,667.0,608.0,1275.0,0.5231,1574.07,981.48,592.59,0.0,0,0,0.0,0.0,-0.2733866697058675
510726,5107263,Santo Afonso (MT),51,0.274,870.0,0.717,441.11,Faixa 3 (R$ 10k),10000.0,0,0.35,959.0,402.0,1361.0,0.7046,1564.37,1252.87,311.49,0.0,0,0,0.0,0.0,-0.17006051800936825
510788,5107883,Serra Nova Dourada (MT),51,0.261,284.0,0.717,515.41,Faixa 3 (R$ 10k),10000.0,0,0.35,574.0,1155.0,1729.0,0.332,6088.03,3253.52,2834.51,0.0,0,0,0.0,0.0,-0.2580697894046816
510785,5107859,São Félix do Araguaia (MT),51,0.297,2293.0,0.698,503.41,Faixa 3 (R$ 10k),10000.0,0,0.35,16751.0,2256.0,19007.0,0.8813,8289.14,2071.09,6218.05,0.0,0,0,0.0,0.0,0.031338233563549145
510729,5107297,São José do Povo (MT),51,0.266,554.0,0.688,471.45,Faixa 3 (R$ 10k),10000.0,0,0.35,52.0,1292.0,1344.0,0.0387,2425.99,660.65,1765.34,0.0,0,0,0.0,0.0,-0.5280897974486963
510740,5107404,São Pedro da Cipa (MT),51,0.446,1203.0,0.677,446.83,Faixa 1 (R$ 20k),20000.0,0,0.8,655.0,3591.0,4246.0,0.1543,3529.51,799.67,2729.84,0.0,0,0,0.0,0.0,-0.44891171118690565
510810,5108105,Tesouro (MT),51,0.352,867.0,0.703,346.27,Faixa 2 (R$ 15k),15000.0,0,0.7,30745.0,1073.0,31818.0,0.9663,36698.96,1276.82,35422.15,0.0,0,0,0.0,0.0,0.420597464348489
510610,5106109,Nossa Senhora do Livramento (MT),51,0.324,1641.0,0.69,391.38,Faixa 2 (R$ 15k),15000.0,0,0.7,8.0,4863.0,4871.0,0.0016,2968.31,1279.1,1689.21,0.0,0,0,0.0,0.0,-0.5248070107803287
510780,5107800,Santo Antônio do Leverger (MT),51,0.228,2863.0,0.724,489.12,Faixa 3 (R$ 10k),10000.0,0,0.35,748.0,4767.0,5515.0,0.1356,1926.3,704.51,1221.8,0.0,0,0,0.0,0.0,-0.48189202796072533
270620,2706208,Palestina (AL),27,0.417,1367.0,0.621,190.53,Faixa 1 (R$ 20k),20000.0,0,0.8,0.0,155.0,155.0,0.0,113.39,68.03,45.35,0.0,0,0,0.0,0.0,-0.5936945118780352
270642,2706422,Pariconha (AL),27,0.293,727.0,0.635,326.71,Faixa 3 (R$ 10k),10000.0,0,0.35,0.0,311.0,311.0,0.0,427.79,145.8,281.98,0.0,0,0,0.0,0.0,-0.5876429164230714
270700,2707008,Pindoba (AL),27,0.331,589.0,0.61,224.56,Faixa 2 (R$ 15k),15000.0,0,0.7,0.0,84.0,84.0,0.0,142.61,5.09,137.52,0.0,0,0,0.0,0.0,-0.5949506762613346
290060,2900603,Aiquara (BA),29,0.4,1116.0,0.651,291.65,Faixa 2 (R$ 15k),15000.0,0,0.7,148.0,6496.0,6644.0,0.0223,5953.41,4625.45,1327.96,0.0,0,0,0.0,0.0,-0.3887584398079368
290080,2900801,Alcobaça (BA),29,0.376,4440.0,0.659,406.01,Faixa 2 (R$ 15k),15000.0,0,0.7,777.0,6400.0,7177.0,0.1083,1616.44,791.89,824.55,0.0,0,0,0.0,0.0,-0.49810727607839383
290110,2901106,Amélia Rodrigues (BA),29,0.348,9236.0,0.677,329.87,Faixa 2 (R$ 15k),15000.0,0,0.7,5438.0,15132.0,20570.0,0.2644,2227.15,765.92,1461.24,0.0,0,0,0.0,0.0,-0.40801710499239296
290150,2901502,Anguera (BA),29,0.347,1963.0,0.642,291.1,Faixa 2 (R$ 15k),15000.0,0,0.7,440.0,8682.0,9122.0,0.0482,4646.97,2322.98,2323.99,0.0,0,0,0.0,0.0,-0.45144741191407317
290170,2901700,Antônio Cardoso (BA),29,0.29,1428.0,0.63,300.31,Faixa 3 (R$ 10k),10000.0,0,0.35,0.0,6951.0,6951.0,0.0,4867.65,3351.54,1516.11,0.0,0,0,0.0,0.0,-0.44756049238725526
290220,2902203,Aramari (BA),29,0.466,2331.0,0.646,355.19,Faixa 1 (R$ 20k),20000.0,0,0.8,374.0,4938.0,5312.0,0.0704,2278.85,1197.34,1081.51,0.0,0,0,0.0,0.0,-0.4992285787290477
290230,2902302,Aratuípe (BA),29,0.413,2441.0,0.655,322.11,Faixa 1 (R$ 20k),20000.0,0,0.8,61.0,2404.0,2465.0,0.0247,1009.83,659.57,350.27,0.0,0,0,0.0,0.0,-0.5537338140000536
290205,2902054,Araças (BA),29,0.408,2596.0,0.615,259.49,Faixa 1 (R$ 20k),20000.0,0,0.8,0.0,2624.0,2624.0,0.0,1010.79,508.47,502.31,0.0,0,0,0.0,0.0,-0.5707591085103305
290310,2903102,Barra do Rocha (BA),29,0.411,1578.0,0.645,291.25,Faixa 1 (R$ 20k),20000.0,0,0.8,1800.0,2060.0,3860.0,0.4663,2446.13,824.46,1621.67,0.0,0,0,0.0,0.0,-0.2964353138178807
290330,2903300,Barro Preto (BA),29,0.498,2287.0,0.658,286.13,Faixa 1 (R$ 20k),20000.0,0,0.8,1228.0,2751.0,3979.0,0.3086,1739.83,839.97,899.87,0.0,0,0,0.0,0.0,-0.3888734853237233
290340,2903409,Belmonte (BA),29,0.531,4796.0,0.633,291.93,Faixa 1 (R$ 20k),20000.0,0,0.8,3701.0,5115.0,8816.0,0.4198,1838.2,677.02,1161.18,0.0,0,0,0.0,0.0,-0.33276244664470384
290470,2904704,Buerarema (BA),29,0.436,6413.0,0.628,304.24,Faixa 1 (R$ 20k),20000.0,0,0.8,0.0,9622.0,9622.0,0.0,1500.39,1036.33,464.06,0.0,0,0,0.0,0.0,-0.5507926796600513
290485,2904852,Cabaceiras do Paraguaçu (BA),29,0.463,2041.0,0.649,256.32,Faixa 1 (R$ 20k),20000.0,0,0.8,1468.0,7955.0,9423.0,0.1558,4616.85,3081.82,1535.03,0.0,0,0,0.0,0.0,-0.37500649299785616
290490,2904902,Cachoeira (BA),29,0.336,7544.0,0.701,419.68,Faixa 2 (R$ 15k),15000.0,0,0.7,4127.0,14011.0,18138.0,0.2275,2404.29,1520.15,884.15,0.0,0,0,0.0,0.0,-0.40579658175120026
290540,2905404,Cairu (BA),29,0.388,3494.0,0.641,247.93,Faixa 2 (R$ 15k),15000.0,0,0.7,0.0,4954.0,4954.0,0.0,1417.86,964.22,453.63,0.0,0,0,0.0,0.0,-0.5537211687635535
290640,2906402,Candeal (BA),29,0.37,1476.0,0.655,268.87,Faixa 2 (R$ 15k),15000.0,0,0.7,0.0,5510.0,5510.0,0.0,3733.06,1607.72,2125.34,0.0,0,0,0.0,0.0,-0.5073225966346587
290690,2906907,Caravelas (BA),29,0.404,4559.0,0.658,485.84,Faixa 1 (R$ 20k),20000.0,0,0.8,65838.0,5320.0,71158.0,0.9252,15608.25,1427.51,14180.74,0.0,0,0,0.0,0.0,0.1319321951467605
290700,2907004,Cardeal da Silva (BA),29,0.444,1253.0,0.591,259.03,Faixa 1 (R$ 20k),20000.0,0,0.8,9823.0,5601.0,15424.0,0.6369,12309.66,4556.26,7753.39,0.0,0,0,0.0,0.0,0.017530807886801048
290730,2907301,Castro Alves (BA),29,0.359,7166.0,0.649,327.04,Faixa 2 (R$ 15k),15000.0,0,0.7,27364.0,11993.0,39357.0,0.6953,5492.19,1406.08,4086.1,0.0,0,0,0.0,0.0,-0.12060914131836475
290740,2907400,Catolândia (BA),29,0.431,887.0,0.577,238.44,Faixa 1 (R$ 20k),20000.0,0,0.8,0.0,2334.0,2334.0,0.0,2631.34,1427.28,1204.06,0.0,0,0,0.0,0.0,-0.5261419536232633
290510,2905107,Caém (BA),29,0.405,1600.0,0.599,274.66,Faixa 1 (R$ 20k),20000.0,0,0.8,0.0,4438.0,4438.0,0.0,2773.75,1870.62,903.12,0.0,0,0,0.0,0.0,-0.5128231261571206
290800,2908002,Coaraci (BA),29,0.404,7958.0,0.638,324.72,Faixa 1 (R$ 20k),20000.0,0,0.8,21294.0,8161.0,29455.0,0.7229,3701.31,841.92,2859.39,0.0,0,0,0.0,0.0,-0.14355887822543956
290820,2908200,Conceição da Feira (BA),29,0.339,6266.0,0.677,383.05,Faixa 2 (R$ 15k),15000.0,0,0.7,4547.0,9066.0,13613.0,0.334,2172.52,1034.31,1138.21,0.0,0,0,0.0,0.0,-0.364789125433949
290830,2908309,Conceição do Almeida (BA),29,0.416,3671.0,0.67,365.04,Faixa 1 (R$ 20k),20000.0,0,0.8,12540.0,8794.0,21334.0,0.5878,5811.5,1968.67,3842.82,0.0,0,0,0.0,0.0,-0.15903488965434934
290850,2908507,Conceição do Jacuípe (BA),29,0.351,10955.0,0.691,378.06,Faixa 2 (R$ 15k),15000.0,0,0.7,10607.0,18262.0,28869.0,0.3674,2635.24,1071.84,1563.4,0.0,0,0,0.0,0.0,-0.3401337519157658
290860,2908606,Conde (BA),29,0.45,5157.0,0.661,344.53,Faixa 1 (R$ 20k),20000.0,0,0.8,969.0,4675.0,5644.0,0.1717,1094.43,631.57,462.87,0.0,0,0,0.0,0.0,-0.47528401950926735
290890,2908903,Coração de Maria (BA),29,0.417,4362.0,0.664,327.86,Faixa 1 (R$ 20k),20000.0,0,0.8,5088.0,14607.0,19695.0,0.2583,4515.13,1730.4,2784.73,0.0,0,0,0.0,0.0,-0.35688914678047834
290960,2909604,Crisópolis (BA),29,0.46,3050.0,0.588,332.27,Faixa 1 (R$ 20k),20000.0,0,0.8,9638.0,3938.0,13576.0,0.7099,4451.15,1301.64,3149.51,0.0,0,0,0.0,0.0,-0.12892383976303665
291020,2910206,Dom Macedo Costa (BA),29,0.318,728.0,0.692,382.93,Faixa 2 (R$ 15k),15000.0,0,0.7,0.0,4160.0,4160.0,0.0,5714.29,4651.1,1063.19,0.0,0,0,0.0,0.0,-0.40300939955967097
291030,2910305,Elísio Medrado (BA),29,0.284,1142.0,0.681,373.36,Faixa 3 (R$ 10k),10000.0,0,0.35,0.0,3378.0,3378.0,0.0,2957.97,1827.5,1130.47,0.0,0,0,0.0,0.0,-0.5115758741268221
291110,2911105,Formosa do Rio Preto (BA),29,0.386,5463.0,0.673,322.09,Faixa 2 (R$ 15k),15000.0,0,0.7,0.0,5350.0,5350.0,0.0,979.32,683.51,295.81,0.0,0,0,0.0,0.0,-0.5666262038143893
291150,2911501,Gongogi (BA),29,0.439,2356.0,0.59,230.88,Faixa 1 (R$ 20k),20000.0,0,0.8,399.0,2506.0,2905.0,0.1373,1233.02,595.93,637.1,0.0,0,0,0.0,0.0,-0.4927027181979053
291160,2911600,Governador Mangabeira (BA),29,0.275,3366.0,0.749,382.03,Faixa 3 (R$ 10k),10000.0,0,0.35,4633.0,7803.0,12436.0,0.3725,3694.59,2414.14,1280.45,0.0,0,0,0.0,0.0,-0.28903514433913113
291180,2911808,Guaratinga (BA),29,0.39,3996.0,0.608,295.33,Faixa 2 (R$ 15k),15000.0,0,0.7,0.0,4968.0,4968.0,0.0,1243.24,860.11,383.13,0.0,0,0,0.0,0.0,-0.55866106453736
291190,2911907,Iaçu (BA),29,0.462,8708.0,0.62,344.38,Faixa 1 (R$ 20k),20000.0,0,0.8,53.0,11495.0,11548.0,0.0046,1326.14,872.07,454.07,0.0,0,0,0.0,0.0,-0.5548432863862226
291270,2912707,Ibirapitanga (BA),29,0.576,2662.0,0.608,267.43,Faixa 1 (R$ 20k),20000.0,0,0.8,13165.0,7189.0,20354.0,0.6468,7646.13,1626.97,6019.16,0.0,0,0,0.0,0.0,-0.11299837387890507
291290,2912905,Ibirataia (BA),29,0.41,6666.0,0.596,269.26,Faixa 1 (R$ 20k),20000.0,0,0.8,2563.0,7399.0,9962.0,0.2573,1494.45,928.74,565.71,0.0,0,0,0.0,0.0,-0.41697429804845054
291320,2913200,Ibotirama (BA),29,0.315,7643.0,0.684,367.63,Faixa 2 (R$ 15k),15000.0,0,0.7,17773.0,12886.0,30659.0,0.5797,4011.38,2929.09,1082.3,0.0,0,0,0.0,0.0,-0.1615526149716006
291450,2914505,Irará (BA),29,0.304,5256.0,0.65,368.28,Faixa 2 (R$ 15k),15000.0,0,0.7,5112.0,13610.0,18722.0,0.273,3562.02,1362.06,2199.96,0.0,0,0,0.0,0.0,-0.370861997830077
291490,2914901,Itacaré (BA),29,0.392,5777.0,0.611,317.5,Faixa 2 (R$ 15k),15000.0,0,0.7,73461.0,5748.0,79209.0,0.9274,13711.1,1060.93,12650.16,0.0,0,0,0.0,0.0,0.09924615398705787
291570,2915700,Itamari (BA),29,0.473,2422.0,0.627,304.12,Faixa 1 (R$ 20k),20000.0,0,0.8,0.0,2956.0,2956.0,0.0,1220.48,594.55,625.93,0.0,0,0,0.0,0.0,-0.5658362046138098
291580,2915809,Itambé (BA),29,0.397,7460.0,0.603,300.48,Faixa 2 (R$ 15k),15000.0,0,0.7,1185.0,8419.0,9604.0,0.1234,1287.4,369.97,917.43,0.0,0,0,0.0,0.0,-0.5052452876033732
291590,2915908,Itanagra (BA),29,0.36,1034.0,0.644,287.49,Faixa 2 (R$ 15k),15000.0,0,0.7,1846.0,4929.0,6775.0,0.2725,6552.22,3497.1,3055.13,0.0,0,0,0.0,0.0,-0.27740538076565396
291660,2916609,Itapitanga (BA),29,0.414,3164.0,0.614,232.07,Faixa 1 (R$ 20k),20000.0,0,0.8,0.0,3619.0,3619.0,0.0,1143.81,731.04,412.77,0.0,0,0,0.0,0.0,-0.5632827583587272
291620,2916203,Itapé (BA),29,0.421,2902.0,0.617,298.5,Faixa 1 (R$ 20k),20000.0,0,0.8,0.0,5756.0,5756.0,0.0,1983.46,1250.52,732.94,0.0,0,0,0.0,0.0,-0.5390400662411331
291780,2917805,Jaguaripe (BA),29,0.454,2483.0,0.604,214.46,Faixa 1 (R$ 20k),20000.0,0,0.8,172.0,4080.0,4252.0,0.0405,1712.44,1145.79,566.65,0.0,0,0,0.0,0.0,-0.5237191083880468
291790,2917904,Jandaíra (BA),29,0.425,2689.0,0.598,206.86,Faixa 1 (R$ 20k),20000.0,0,0.8,0.0,13188.0,13188.0,0.0,4904.43,2088.51,2815.92,0.0,0,0,0.0,0.0,-0.4798244688647301
291845,2918456,Jucuruçu (BA),29,0.296,904.0,0.655,299.1,Faixa 3 (R$ 10k),10000.0,0,0.35,0.0,2393.0,2393.0,0.0,2647.12,1529.87,1117.26,0.0,0,0,0.0,0.0,-0.5232803199799992
291870,2918704,Lafaiete Coutinho (BA),29,0.49,803.0,0.65,280.32,Faixa 1 (R$ 20k),20000.0,0,0.8,0.0,1361.0,1361.0,0.0,1694.89,1012.45,682.44,0.0,0,0,0.0,0.0,-0.548914856612272
291880,2918803,Laje (BA),29,0.326,2535.0,0.651,321.17,Faixa 2 (R$ 15k),15000.0,0,0.7,5704.0,5786.0,11490.0,0.4964,4532.54,1860.36,2672.19,0.0,0,0,0.0,0.0,-0.22681341492782653
291900,2919009,Lajedinho (BA),29,0.385,494.0,0.645,247.76,Faixa 2 (R$ 15k),15000.0,0,0.7,524.0,2115.0,2639.0,0.1986,5342.11,4151.82,1190.28,0.0,0,0,0.0,0.0,-0.31522723214801646
291890,2918902,Lajedão (BA),29,0.432,839.0,0.649,367.35,Faixa 1 (R$ 20k),20000.0,0,0.8,1.0,1234.0,1235.0,0.0008,1471.99,748.51,723.48,0.0,0,0,0.0,0.0,-0.5581921930167841
291910,2919108,Lamarão (BA),29,0.505,901.0,0.626,259.9,Faixa 1 (R$ 20k),20000.0,0,0.8,0.0,3031.0,3031.0,0.0,3364.04,1776.91,1587.13,0.0,0,0,0.0,0.0,-0.5076744534360079
291930,2919306,Lençóis (BA),29,0.356,3538.0,0.664,375.98,Faixa 2 (R$ 15k),15000.0,0,0.7,1115.0,6952.0,8067.0,0.1382,2280.1,1456.19,823.91,0.0,0,0,0.0,0.0,-0.4564866727229425
292020,2920205,Malhada (BA),29,0.368,2800.0,0.641,260.33,Faixa 2 (R$ 15k),15000.0,0,0.7,367.0,2528.0,2895.0,0.1268,1033.93,600.36,433.57,0.0,0,0,0.0,0.0,-0.5007214719629214
292045,2920452,Mansidão (BA),29,0.433,2033.0,0.7,259.91,Faixa 1 (R$ 20k),20000.0,0,0.8,0.0,3220.0,3220.0,0.0,1583.87,1258.73,325.14,0.0,0,0,0.0,0.0,-0.5439567394709272
292070,2920700,Maraú (BA),29,0.308,1562.0,0.707,510.96,Faixa 2 (R$ 15k),15000.0,0,0.7,0.0,4985.0,4985.0,0.0,3191.42,2019.21,1172.22,0.0,0,0,0.0,0.0,-0.5036101734467555
292080,2920809,Marcionílio Souza (BA),29,0.454,2345.0,0.619,245.9,Faixa 1 (R$ 20k),20000.0,0,0.8,0.0,4508.0,4508.0,0.0,1922.39,1408.96,513.43,0.0,0,0,0.0,0.0,-0.5357174497581548
292220,2922201,Muniz Ferreira (BA),29,0.368,1500.0,0.676,304.02,Faixa 2 (R$ 15k),15000.0,0,0.7,196.0,5266.0,5462.0,0.0359,3641.33,1903.33,1738.0,0.0,0,0,0.0,0.0,-0.4817674441955786
292230,2922300,Muritiba (BA),29,0.286,8332.0,0.697,436.36,Faixa 3 (R$ 10k),10000.0,0,0.35,2634.0,8022.0,10656.0,0.2472,1278.92,755.04,523.88,0.0,0,0,0.0,0.0,-0.4296084338099263
292240,2922409,Mutuípe (BA),29,0.36,3871.0,0.693,570.0,Faixa 2 (R$ 15k),15000.0,0,0.7,1918.0,9169.0,11087.0,0.173,2864.12,1424.18,1439.94,0.0,0,0,0.0,0.0,-0.4313328703481285
292250,2922508,Nazaré (BA),29,0.366,9945.0,0.672,375.03,Faixa 2 (R$ 15k),15000.0,0,0.7,2340.0,7818.0,10158.0,0.2304,1021.42,505.28,516.14,0.0,0,0,0.0,0.0,-0.44831189084058953
292260,2922607,Nilo Peçanha (BA),29,0.42,1204.0,0.609,271.81,Faixa 1 (R$ 20k),20000.0,0,0.8,0.0,4819.0,4819.0,0.0,4002.49,2210.96,1791.53,0.0,0,0,0.0,0.0,-0.4882287658305927
292270,2922706,Nova Canaã (BA),29,0.506,5873.0,0.526,227.97,Faixa 1 (R$ 20k),20000.0,0,0.8,1866.0,5649.0,7515.0,0.2483,1279.58,314.32,965.26,0.0,0,0,0.0,0.0,-0.44043851428000236
292330,2923308,Ouriçangas (BA),29,0.328,1184.0,0.686,360.81,Faixa 2 (R$ 15k),15000.0,0,0.7,1562.0,2111.0,3673.0,0.4253,3102.2,2182.43,919.76,0.0,0,0,0.0,0.0,-0.274596760822961
292350,2923506,Palmeiras (BA),29,0.314,2097.0,0.672,360.33,Faixa 2 (R$ 15k),15000.0,0,0.7,1265.0,6566.0,7831.0,0.1615,3734.38,2544.11,1190.27,0.0,0,0,0.0,0.0,-0.39724339492098043
292360,2923605,Paramirim (BA),29,0.294,3243.0,0.682,463.32,Faixa 3 (R$ 10k),10000.0,0,0.35,2378.0,4141.0,6519.0,0.3648,2010.18,823.62,1186.56,0.0,0,0,0.0,0.0,-0.3559722548733468
292410,2924108,Pedrão (BA),29,0.412,822.0,0.64,314.52,Faixa 1 (R$ 20k),20000.0,0,0.8,430.0,2398.0,2828.0,0.1521,3440.39,2225.06,1215.33,0.0,0,0,0.0,0.0,-0.41428013814688375
292465,2924652,Pintadas (BA),29,0.379,2357.0,0.677,329.4,Faixa 2 (R$ 15k),15000.0,0,0.7,14492.0,9708.0,24200.0,0.5988,10267.29,3051.34,7215.95,0.0,0,0,0.0,0.0,-0.06793178791015832
292467,2924678,Piraí do Norte (BA),29,0.426,1521.0,0.58,268.64,Faixa 1 (R$ 20k),20000.0,0,0.8,0.0,3312.0,3312.0,0.0,2177.51,859.96,1317.55,0.0,0,0,0.0,0.0,-0.5466718942378905
292490,2924900,Planaltino (BA),29,0.543,1390.0,0.627,281.93,Faixa 1 (R$ 20k),20000.0,0,0.8,9158.0,1703.0,10861.0,0.8432,7813.67,722.3,7091.37,0.0,0,0,0.0,0.0,-0.029963723741747973
292550,2925501,Prado (BA),29,0.346,6006.0,0.657,359.47,Faixa 2 (R$ 15k),15000.0,0,0.7,4724.0,8769.0,13493.0,0.3501,2246.59,933.4,1313.19,0.0,0,0,0.0,0.0,-0.3579010974623518
292595,2925956,Rafael Jambeiro (BA),29,0.535,9376.0,0.578,219.74,Faixa 1 (R$ 20k),20000.0,0,0.8,2804.0,8626.0,11430.0,0.2453,1219.07,642.38,576.69,0.0,0,0,0.0,0.0,-0.43430604045277227
292620,2926202,Riachão das Neves (BA),29,0.424,4355.0,0.634,241.69,Faixa 1 (R$ 20k),20000.0,0,0.8,0.0,5612.0,5612.0,0.0,1288.63,895.06,393.57,0.0,0,0,0.0,0.0,-0.5571725420717296
292730,2927309,Salinas da Margarida (BA),29,0.401,2790.0,0.705,339.92,Faixa 1 (R$ 20k),20000.0,0,0.8,6.0,3657.0,3663.0,0.0016,1312.9,763.8,549.1,0.0,0,0,0.0,0.0,-0.5594131289472116
292750,2927507,Santa Bárbara (BA),29,0.42,3881.0,0.647,304.86,Faixa 1 (R$ 20k),20000.0,0,0.8,7363.0,11948.0,19311.0,0.3813,4975.78,1367.43,3608.35,0.0,0,0,0.0,0.0,-0.2950433671580313
292850,2928505,Santa Teresinha (BA),29,0.525,3858.0,0.592,220.14,Faixa 1 (R$ 20k),20000.0,0,0.8,852.0,4500.0,5352.0,0.1592,1387.25,926.65,460.6,0.0,0,0,0.0,0.0,-0.4705173798782697
292830,2928307,Santanópolis (BA),29,0.491,4093.0,0.621,271.35,Faixa 1 (R$ 20k),20000.0,0,0.8,0.0,5774.0,5774.0,0.0,1410.7,537.75,872.95,0.0,0,0,0.0,0.0,-0.5648665672691285
292975,2929750,Saubara (BA),29,0.402,5005.0,0.655,259.62,Faixa 1 (R$ 20k),20000.0,0,0.8,1697.0,5221.0,6918.0,0.2453,1382.22,637.56,744.66,0.0,0,0,0.0,0.0,-0.43233664107775216
293040,2930402,Serra Preta (BA),29,0.474,3037.0,0.643,264.32,Faixa 1 (R$ 20k),20000.0,0,0.8,3510.0,13360.0,16870.0,0.2081,5554.82,3295.69,2259.14,0.0,0,0,0.0,0.0,-0.329639764212315
292910,2929107,São Felipe (BA),29,0.341,3920.0,0.688,281.25,Faixa 2 (R$ 15k),15000.0,0,0.7,4915.0,4817.0,9732.0,0.505,2482.65,963.78,1518.88,0.0,0,0,0.0,0.0,-0.2717971878032157
292900,2929008,São Félix (BA),29,0.307,4362.0,0.697,340.21,Faixa 2 (R$ 15k),15000.0,0,0.7,5994.0,2095.0,8089.0,0.741,1854.42,1140.07,714.35,0.0,0,0,0.0,0.0,-0.14992430773430518
292930,2929305,São Gonçalo dos Campos (BA),29,0.322,7947.0,0.702,506.53,Faixa 2 (R$ 15k),15000.0,1,0.88,3905.0,13513.0,17418.0,0.2242,2191.77,969.3,1222.47,0.0,11880,1716,145860.0,241.92,-0.4245550852153205
292935,2929354,São José da Vitória (BA),29,0.493,2204.0,0.569,227.11,Faixa 1 (R$ 20k),20000.0,0,0.8,0.0,2344.0,2344.0,0.0,1063.52,784.94,278.58,0.0,0,0,0.0,0.0,-0.5629164080858663
292940,2929404,São Miguel das Matas (BA),29,0.416,1275.0,0.666,339.72,Faixa 1 (R$ 20k),20000.0,0,0.8,0.0,2887.0,2887.0,0.0,2264.31,1343.53,920.78,0.0,0,0,0.0,0.0,-0.5330241449602164
293110,2931103,Tanquinho (BA),29,0.353,2635.0,0.654,271.85,Faixa 2 (R$ 15k),15000.0,0,0.7,0.0,3930.0,3930.0,0.0,1491.46,722.96,768.5,0.0,0,0,0.0,0.0,-0.5590294602538144
293140,2931400,Teodoro Sampaio (BA),29,0.481,3020.0,0.629,266.25,Faixa 1 (R$ 20k),20000.0,0,0.8,0.0,7717.0,7717.0,0.0,2555.3,797.68,1757.62,0.0,0,0,0.0,0.0,-0.5434364886660594
293160,2931608,Teolândia (BA),29,0.448,1997.0,0.636,281.9,Faixa 1 (R$ 20k),20000.0,0,0.8,0.0,5319.0,5319.0,0.0,2663.5,1423.13,1240.36,0.0,0,0,0.0,0.0,-0.525836751678226
293170,2931707,Terra Nova (BA),29,0.344,5473.0,0.642,301.89,Faixa 2 (R$ 15k),15000.0,0,0.7,0.0,7702.0,7702.0,0.0,1407.27,622.69,784.58,0.0,0,0,0.0,0.0,-0.5627090619045285
293220,2932200,Ubaitaba (BA),29,0.371,7631.0,0.634,341.0,Faixa 2 (R$ 15k),15000.0,0,0.7,6621.0,3184.0,9805.0,0.6753,1284.89,1098.15,186.74,0.0,0,0,0.0,0.0,-0.19322301170160303
293230,2932309,Ubatã (BA),29,0.46,7631.0,0.632,307.46,Faixa 1 (R$ 20k),20000.0,0,0.8,2251.0,6688.0,8939.0,0.2518,1171.41,642.25,529.16,0.0,0,0,0.0,0.0,-0.43146827473681865
293210,2932101,Ubaíra (BA),29,0.477,3309.0,0.637,319.2,Faixa 1 (R$ 20k),20000.0,0,0.8,19800.0,5798.0,25598.0,0.7735,7735.87,1922.64,5813.24,0.0,0,0,0.0,0.0,-0.03687721130623861
293250,2932507,Una (BA),29,0.421,6810.0,0.62,322.46,Faixa 1 (R$ 20k),20000.0,0,0.8,25108.0,4762.0,29870.0,0.8406,4386.2,769.9,3616.3,0.0,0,0,0.0,0.0,-0.07410899197229844
293270,2932705,Uruçuca (BA),29,0.396,6588.0,0.651,340.23,Faixa 2 (R$ 15k),15000.0,0,0.7,12696.0,6721.0,19417.0,0.6539,2947.33,915.6,2031.72,0.0,0,0,0.0,0.0,-0.18798222833319964
293317,2933174,Varzedo (BA),29,0.487,1407.0,0.618,327.08,Faixa 1 (R$ 20k),20000.0,0,0.8,0.0,3778.0,3778.0,0.0,2685.15,1528.78,1156.36,0.0,0,0,0.0,0.0,-0.5228205222157379
293340,2933406,Wagner (BA),29,0.42,2804.0,0.642,300.08,Faixa 1 (R$ 20k),20000.0,0,0.8,2072.0,1972.0,4044.0,0.5124,1442.23,1103.42,338.8,0.0,0,0,0.0,0.0,-0.277602683192506
293350,2933505,Wenceslau Guimarães (BA),29,0.467,3303.0,0.625,299.78,Faixa 1 (R$ 20k),20000.0,0,0.8,0.0,6878.0,6878.0,0.0,2082.35,954.28,1128.07,0.0,0,0,0.0,0.0,-0.5454487930480841
290040,2900405,Água Fria (BA),29,0.386,2628.0,0.652,307.94,Faixa 2 (R$ 15k),15000.0,0,0.7,0.0,5466.0,5466.0,0.0,2079.91,981.74,1098.17,0.0,0,0,0.0,0.0,-0.5447683869765916
291610,2916104,Itaparica (BA),29,0.416,9465.0,0.671,354.62,Faixa 1 (R$ 20k),20000.0,0,0.8,5752.0,7813.0,13565.0,0.424,1433.17,508.93,924.25,0.0,0,0,0.0,0.0,-0.34008722483600395
291992,2919926,Madre de Deus (BA),29,0.266,7625.0,0.721,477.12,Faixa 3 (R$ 10k),10000.0,0,0.35,0.0,8460.0,8460.0,0.0,1109.51,709.25,400.26,0.0,0,0,0.0,0.0,-0.5642878301719401
292100,2921005,Mata de São João (BA),29,0.347,13039.0,0.685,391.59,Faixa 2 (R$ 15k),15000.0,0,0.7,18816.0,24031.0,42847.0,0.4391,3286.06,1447.2,1838.87,0.0,0,0,0.0,0.0,-0.2839618111892307
292920,2929206,São Francisco do Conde (BA),29,0.377,12969.0,0.69,429.31,Faixa 2 (R$ 15k),15000.0,0,0.7,10523.0,8392.0,18915.0,0.5563,1458.48,816.02,642.46,0.0,0,0,0.0,0.0,-0.26152244321603
292950,2929503,São Sebastião do Passé (BA),29,0.436,15010.0,0.7,412.86,Faixa 1 (R$ 20k),20000.0,0,0.8,44731.0,15272.0,60003.0,0.7455,3997.53,869.55,3127.98,0.0,0,0,0.0,0.0,-0.12703462039421382
293320,2933208,Vera Cruz (BA),29,0.384,15674.0,0.653,376.97,Faixa 2 (R$ 15k),15000.0,0,0.7,12650.0,7236.0,19886.0,0.6361,1268.73,383.18,885.54,0.0,0,0,0.0,0.0,-0.2327854990160319
230880,2308807,Moraújo (CE),23,0.392,1365.0,0.652,212.14,Faixa 2 (R$ 15k),15000.0,0,0.7,0.0,2604.0,2604.0,0.0,1907.69,729.67,1178.02,0.0,0,0,0.0,0.0,-0.5535124750683471
210010,2100105,Afonso Cunha (MA),21,0.497,1380.0,0.603,209.53,Faixa 1 (R$ 20k),20000.0,0,0.8,0.0,42.0,42.0,0.0,30.43,6.52,23.91,0.0,0,0,0.0,0.0,-0.596353647240664
210030,2100303,Aldeias Altas (MA),21,0.675,5497.0,0.588,206.54,Faixa 1 (R$ 20k),20000.0,0,0.8,0.0,211.0,211.0,0.0,38.38,2.18,36.2,0.0,0,0,0.0,0.0,-0.5963640817260065
210050,2100501,Alto Parnaíba (MA),21,0.447,2974.0,0.668,422.94,Faixa 1 (R$ 20k),20000.0,0,0.8,0.0,222.0,222.0,0.0,74.65,63.55,11.1,0.0,0,0,0.0,0.0,-0.5943078586265887
210135,2101350,Bacurituba (MA),21,0.527,621.0,0.623,244.27,Faixa 1 (R$ 20k),20000.0,0,0.8,0.0,19.0,19.0,0.0,30.6,3.22,27.38,0.0,0,0,0.0,0.0,-0.5964369967408724
210180,2101806,Benedito Leite (MA),21,0.522,1055.0,0.614,207.17,Faixa 1 (R$ 20k),20000.0,0,0.8,0.0,18.0,18.0,0.0,17.06,8.53,8.53,0.0,0,0,0.0,0.0,-0.5964731789392994
210203,2102036,Bom Jesus das Selvas (MA),21,0.458,5756.0,0.635,280.06,Faixa 1 (R$ 20k),20000.0,0,0.8,0.0,801.0,801.0,0.0,139.16,67.93,71.23,0.0,0,0,0.0,0.0,-0.5933662312381935
210240,2102408,Cajapió (MA),21,0.575,1544.0,0.646,186.72,Faixa 1 (R$ 20k),20000.0,0,0.8,0.0,20.0,20.0,0.0,12.95,3.89,9.07,0.0,0,0,0.0,0.0,-0.596646133520969
210275,2102754,Capinzal do Norte (MA),21,0.49,2066.0,0.619,252.04,Faixa 1 (R$ 20k),20000.0,0,0.8,0.0,127.0,127.0,0.0,61.47,32.43,29.04,0.0,0,0,0.0,0.0,-0.5952836383621711
210310,2103109,Cedral (MA),21,0.337,806.0,0.695,265.5,Faixa 2 (R$ 15k),15000.0,0,0.7,0.0,141.0,141.0,0.0,174.94,49.63,125.31,0.0,0,0,0.0,0.0,-0.5933812422184774
210312,2103125,Central do Maranhão (MA),21,0.686,1671.0,0.657,197.2,Faixa 1 (R$ 20k),20000.0,0,0.8,0.0,47.0,47.0,0.0,28.13,3.59,24.54,0.0,0,0,0.0,0.0,-0.5964591137677054
210390,2103901,Duque Bacelar (MA),21,0.521,2309.0,0.614,218.99,Faixa 1 (R$ 20k),20000.0,0,0.8,0.0,230.0,230.0,0.0,99.61,9.09,90.52,0.0,0,0,0.0,0.0,-0.5953989847658827
210450,2104503,Governador Archer (MA),21,0.497,2699.0,0.613,267.59,Faixa 1 (R$ 20k),20000.0,0,0.8,0.0,91.0,91.0,0.0,33.72,22.23,11.49,0.0,0,0,0.0,0.0,-0.5959042310796712
210510,2105104,Icatu (MA),21,0.707,3544.0,0.63,238.46,Faixa 1 (R$ 20k),20000.0,0,0.8,0.0,44.0,44.0,0.0,12.42,5.64,6.77,0.0,0,0,0.0,0.0,-0.5966077144791795
210565,2105658,Junco do Maranhão (MA),21,0.52,1135.0,0.619,251.89,Faixa 1 (R$ 20k),20000.0,0,0.8,0.0,43.0,43.0,0.0,37.89,7.05,30.84,0.0,0,0,0.0,0.0,-0.5962441476261817
210640,2106409,Mata Roma (MA),21,0.441,3071.0,0.638,199.16,Faixa 1 (R$ 20k),20000.0,0,0.8,0.0,198.0,198.0,0.0,64.47,21.82,42.66,0.0,0,0,0.0,0.0,-0.5955200578657468
210650,2106508,Matinha (MA),21,0.409,3586.0,0.727,364.78,Faixa 1 (R$ 20k),20000.0,0,0.8,0.0,374.0,374.0,0.0,104.29,8.37,95.93,0.0,0,0,0.0,0.0,-0.5953575023148282
210660,2106607,Matões (MA),21,0.6,5743.0,0.607,250.62,Faixa 1 (R$ 20k),20000.0,0,0.8,0.0,456.0,456.0,0.0,79.4,6.79,72.61,0.0,0,0,0.0,0.0,-0.5957180299923841
210680,2106805,Mirinzal (MA),21,0.629,3932.0,0.662,256.02,Faixa 1 (R$ 20k),20000.0,0,0.8,0.0,66.0,66.0,0.0,16.79,3.56,13.22,0.0,0,0,0.0,0.0,-0.5966055284926203
210730,2107308,Nova Iorque (MA),21,0.442,1187.0,0.644,277.7,Faixa 1 (R$ 20k),20000.0,0,0.8,0.0,51.0,51.0,0.0,42.97,4.21,38.75,0.0,0,0,0.0,0.0,-0.5962526133161274
210745,2107456,Olinda Nova do Maranhão (MA),21,0.6,2448.0,0.636,199.44,Faixa 1 (R$ 20k),20000.0,0,0.8,0.0,438.0,438.0,0.0,178.92,44.93,133.99,0.0,0,0,0.0,0.0,-0.5934519696263884
210825,2108256,Pedro do Rosário (MA),21,0.75,2720.0,0.618,218.94,Faixa 1 (R$ 20k),20000.0,0,0.8,0.0,300.0,300.0,0.0,110.29,11.03,99.26,0.0,0,0,0.0,0.0,-0.5952116051947499
210920,2109205,Presidente Juscelino (MA),21,0.54,1821.0,0.662,197.61,Faixa 1 (R$ 20k),20000.0,0,0.8,0.0,166.0,166.0,0.0,91.16,21.42,69.74,0.0,0,0,0.0,0.0,-0.5951878781576443
210930,2109304,Presidente Vargas (MA),21,0.501,2102.0,0.677,217.34,Faixa 1 (R$ 20k),20000.0,0,0.8,0.0,81.0,81.0,0.0,38.53,8.09,30.45,0.0,0,0,0.0,0.0,-0.59620890899913
210970,2109700,Sambaíba (MA),21,0.607,1240.0,0.638,258.06,Faixa 1 (R$ 20k),20000.0,0,0.8,0.0,240.0,240.0,0.0,193.55,183.06,10.48,0.0,0,0,0.0,0.0,-0.5896840823860348
211178,2111789,Serrano do Maranhão (MA),21,0.613,1959.0,0.599,165.47,Faixa 1 (R$ 20k),20000.0,0,0.8,0.0,46.0,46.0,0.0,23.48,9.7,13.78,0.0,0,0,0.0,0.0,-0.5963604416424595
211195,2111953,Sucupira do Riachão (MA),21,0.562,1160.0,0.596,246.19,Faixa 1 (R$ 20k),20000.0,0,0.8,0.0,205.0,205.0,0.0,176.72,155.17,21.55,0.0,0,0,0.0,0.0,-0.5906229314766615
211170,2111706,São Vicente Ferrer (MA),21,0.565,2352.0,0.715,314.45,Faixa 1 (R$ 20k),20000.0,0,0.8,0.0,948.0,948.0,0.0,403.06,139.88,263.18,0.0,0,0,0.0,0.0,-0.5881137422389834
211227,2112274,Tufilândia (MA),21,0.752,1114.0,0.594,202.7,Faixa 1 (R$ 20k),20000.0,0,0.8,0.0,96.0,96.0,0.0,86.18,9.87,76.3,0.0,0,0,0.0,0.0,-0.5955512342904312
210020,2100204,Alcântara (MA),21,0.373,2626.0,0.655,315.58,Faixa 2 (R$ 15k),15000.0,0,0.7,0.0,50.0,50.0,0.0,19.04,6.47,12.57,0.0,0,0,0.0,0.0,-0.5965011545840833
250135,2501351,Assunção (PB),25,0.415,885.0,0.661,358.51,Faixa 1 (R$ 20k),20000.0,0,0.8,0.0,59.0,59.0,0.0,66.67,20.34,46.33,0.0,0,0,0.0,0.0,-0.5955302441517214
250530,2505303,Curral Velho (PB),25,0.383,470.0,0.643,292.82,Faixa 2 (R$ 15k),15000.0,0,0.7,0.0,291.0,291.0,0.0,619.15,31.91,587.23,0.0,0,0,0.0,0.0,-0.5881383445492185
250905,2509057,Marcação (PB),25,0.515,436.0,0.578,272.35,Faixa 1 (R$ 20k),20000.0,0,0.8,0.0,196.0,196.0,0.0,449.54,330.28,119.27,0.0,0,0,0.0,0.0,-0.5825820957685274
250937,2509370,Mato Grosso (PB),25,0.432,414.0,0.633,299.94,Faixa 1 (R$ 20k),20000.0,0,0.8,0.0,330.0,330.0,0.0,797.1,128.02,669.08,0.0,0,0,0.0,0.0,-0.583362916684095
251274,2512747,Riachão (PB),25,0.411,810.0,0.591,234.06,Faixa 1 (R$ 20k),20000.0,0,0.8,0.0,136.0,136.0,0.0,167.9,112.35,55.56,0.0,0,0,0.0,0.0,-0.5918459240368161
251365,2513653,Santarém (PB),25,0.35,953.0,0.668,260.97,Faixa 2 (R$ 15k),15000.0,0,0.7,0.0,62.0,62.0,0.0,65.06,0.0,65.06,0.0,0,0,0.0,0.0,-0.5960780981021901
251570,2515708,Serra Grande (PB),25,0.393,675.0,0.657,276.37,Faixa 2 (R$ 15k),15000.0,0,0.7,0.0,89.0,89.0,0.0,131.85,68.15,63.7,0.0,0,0,0.0,0.0,-0.5934543662929398
251396,2513968,São Domingos (PB),25,0.441,895.0,0.571,240.11,Faixa 1 (R$ 20k),20000.0,0,0.8,0.0,26.0,26.0,0.0,29.05,16.76,12.29,0.0,0,0,0.0,0.0,-0.5961059544124133
251398,2513984,São Francisco (PB),25,0.375,872.0,0.593,219.49,Faixa 2 (R$ 15k),15000.0,0,0.7,0.0,128.0,128.0,0.0,146.79,38.99,107.8,0.0,0,0,0.0,0.0,-0.5940183738996258
251520,2515203,São Sebastião do Umbuzeiro (PB),25,0.377,716.0,0.631,293.31,Faixa 2 (R$ 15k),15000.0,0,0.7,0.0,126.0,126.0,0.0,175.98,74.02,101.96,0.0,0,0,0.0,0.0,-0.5927357344604098
251710,2517100,Várzea (PB),25,0.182,959.0,0.728,395.66,Faixa 3 (R$ 10k),10000.0,0,0.35,0.0,116.0,116.0,0.0,120.96,80.29,40.67,0.0,0,0,0.0,0.0,-0.59327950608735
260160,2601607,Belém do São Francisco (PE),26,0.354,4553.0,0.667,324.94,Faixa 2 (R$ 15k),15000.0,0,0.7,830.0,30723.0,31553.0,0.0263,6930.16,4678.45,2251.7,0.0,0,0,0.0,0.0,-0.37272156418844293
260545,2605459,Fernando de Noronha (PE),26,0.095,798.0,0.797,854.93,Faixa 3 (R$ 10k),10000.0,0,0.35,8208.0,5894.0,14102.0,0.582,17671.68,14047.62,3624.06,0.0,0,0,0.0,0.0,0.3032019840156227
260740,2607406,Itacuruba (PE),26,0.406,1348.0,0.661,274.32,Faixa 1 (R$ 20k),20000.0,0,0.8,1702.0,7471.0,9173.0,0.1855,6804.9,4565.28,2239.61,0.0,0,0,0.0,0.0,-0.2926923030106127
261480,2614808,Tacaratu (PE),26,0.464,3257.0,0.624,230.63,Faixa 1 (R$ 20k),20000.0,0,0.8,19397.0,27103.0,46500.0,0.4171,14276.94,7537.3,6739.64,0.0,0,0,0.0,0.0,0.0032867960511792525
220045,2200459,Alvorada do Gurguéia (PI),22,0.378,692.0,0.684,292.17,Faixa 2 (R$ 15k),15000.0,0,0.7,0.0,16.0,16.0,0.0,23.12,10.12,13.01,0.0,0,0,0.0,0.0,-0.5963541094412523
220060,2200608,Angical do Piauí (PI),22,0.359,1991.0,0.674,359.85,Faixa 2 (R$ 15k),15000.0,0,0.7,0.0,8.0,8.0,0.0,4.02,4.02,0.0,0.0,0,0,0.0,0.0,-0.5967574645093633
220080,2200806,Antônio Almeida (PI),22,0.337,875.0,0.681,331.41,Faixa 2 (R$ 15k),15000.0,0,0.7,0.0,36.0,36.0,0.0,41.14,5.71,35.43,0.0,0,0,0.0,0.0,-0.5962371590315445
220090,2200905,Aroazes (PI),22,0.429,1405.0,0.635,309.16,Faixa 1 (R$ 20k),20000.0,0,0.8,0.0,48.0,48.0,0.0,34.16,16.37,17.79,0.0,0,0,0.0,0.0,-0.5960504665486255
220095,2200954,Aroeiras do Itaim (PI),22,0.407,838.0,0.545,178.5,Faixa 1 (R$ 20k),20000.0,0,0.8,0.0,11.0,11.0,0.0,13.13,8.35,4.77,0.0,0,0,0.0,0.0,-0.5965283606171623
220100,2201002,Arraial (PI),22,0.396,1118.0,0.632,249.52,Faixa 2 (R$ 15k),15000.0,0,0.7,0.0,65.0,65.0,0.0,58.14,18.78,39.36,0.0,0,0,0.0,0.0,-0.5956801754428346
220115,2201150,Baixa Grande do Ribeiro (PI),22,0.435,2378.0,0.63,276.47,Faixa 1 (R$ 20k),20000.0,0,0.8,0.0,33.0,33.0,0.0,13.88,0.84,13.04,0.0,0,0,0.0,0.0,-0.5967133149542494
220130,2201309,Barreiras do Piauí (PI),22,0.453,783.0,0.632,283.24,Faixa 1 (R$ 20k),20000.0,0,0.8,0.0,21.0,21.0,0.0,26.82,16.6,10.22,0.0,0,0,0.0,0.0,-0.5961387275208937
220150,2201507,Batalha (PI),22,0.476,4122.0,0.619,286.88,Faixa 1 (R$ 20k),20000.0,0,0.8,0.0,188.0,188.0,0.0,45.61,6.31,39.3,0.0,0,0,0.0,0.0,-0.596164227206115
220160,2201606,Beneditinos (PI),22,0.356,2647.0,0.623,330.7,Faixa 2 (R$ 15k),15000.0,0,0.7,0.0,45.0,45.0,0.0,17.0,2.27,14.73,0.0,0,0,0.0,0.0,-0.5966362003055405
220194,2201945,Boqueirão do Piauí (PI),22,0.393,1180.0,0.645,300.09,Faixa 2 (R$ 15k),15000.0,0,0.7,0.0,119.0,119.0,0.0,100.85,13.56,87.29,0.0,0,0,0.0,0.0,-0.5952672104492895
220198,2201988,Brejo do Piauí (PI),22,0.453,583.0,0.621,256.04,Faixa 1 (R$ 20k),20000.0,0,0.8,0.0,11.0,11.0,0.0,18.87,13.72,5.15,0.0,0,0,0.0,0.0,-0.5963154261589978
220202,2202026,Buriti dos Montes (PI),22,0.429,3055.0,0.583,194.69,Faixa 1 (R$ 20k),20000.0,0,0.8,0.0,68.0,68.0,0.0,22.26,1.64,20.62,0.0,0,0,0.0,0.0,-0.5965850074100238
220205,2202059,Cabeceiras do Piauí (PI),22,0.414,4080.0,0.602,223.16,Faixa 1 (R$ 20k),20000.0,0,0.8,0.0,93.0,93.0,0.0,22.79,4.41,18.38,0.0,0,0,0.0,0.0,-0.5965064090531375
220207,2202075,Cajazeiras do Piauí (PI),22,0.427,1441.0,0.595,198.68,Faixa 1 (R$ 20k),20000.0,0,0.8,0.0,29.0,29.0,0.0,20.12,2.08,18.04,0.0,0,0,0.0,0.0,-0.5966010739753888
220210,2202109,Campinas do Piauí (PI),22,0.285,828.0,0.657,299.47,Faixa 3 (R$ 10k),10000.0,0,0.35,0.0,72.0,72.0,0.0,86.96,50.72,36.23,0.0,0,0,0.0,0.0,-0.5944824420546857
220217,2202174,Campo Largo do Piauí (PI),22,0.564,561.0,0.602,205.2,Faixa 1 (R$ 20k),20000.0,0,0.8,0.0,38.0,38.0,0.0,67.74,17.83,49.91,0.0,0,0,0.0,0.0,-0.5955815647267526
220225,2202251,Canavieira (PI),22,0.498,731.0,0.61,182.99,Faixa 1 (R$ 20k),20000.0,0,0.8,0.0,1.0,1.0,0.0,1.37,1.37,0.0,0.0,0,0,0.0,0.0,-0.5968601666840163
220255,2202554,Caridade do Piauí (PI),22,0.461,608.0,0.601,292.82,Faixa 1 (R$ 20k),20000.0,0,0.8,0.0,40.0,40.0,0.0,65.79,24.67,41.12,0.0,0,0,0.0,0.0,-0.5954293125188362
220271,2202711,Cocal de Telha (PI),22,0.459,1162.0,0.591,284.09,Faixa 1 (R$ 20k),20000.0,0,0.8,0.0,50.0,50.0,0.0,43.03,3.44,39.59,0.0,0,0,0.0,0.0,-0.5962717329205318
220273,2202737,Coivaras (PI),22,0.491,506.0,0.661,308.26,Faixa 1 (R$ 20k),20000.0,0,0.8,0.0,6.0,6.0,0.0,11.86,3.95,7.91,0.0,0,0,0.0,0.0,-0.5966586381314467
220285,2202851,Coronel José Dias (PI),22,0.354,508.0,0.66,287.18,Faixa 2 (R$ 15k),15000.0,0,0.7,0.0,7.0,7.0,0.0,13.78,9.84,3.94,0.0,0,0,0.0,0.0,-0.5964813302000648
220300,2203008,Cristalândia do Piauí (PI),22,0.397,1205.0,0.653,304.82,Faixa 2 (R$ 15k),15000.0,0,0.7,0.0,7.0,7.0,0.0,5.81,3.32,2.49,0.0,0,0,0.0,0.0,-0.5967526296977959
220323,2203230,Currais (PI),22,0.547,1879.0,0.559,166.44,Faixa 1 (R$ 20k),20000.0,0,0.8,0.0,18.0,18.0,0.0,9.58,5.85,3.73,0.0,0,0,0.0,0.0,-0.5966386605278222
220325,2203255,Curralinhos (PI),22,0.547,596.0,0.62,229.7,Faixa 1 (R$ 20k),20000.0,0,0.8,0.0,11.0,11.0,0.0,18.46,5.03,13.42,0.0,0,0,0.0,0.0,-0.5965459904878516
220380,2203800,Flores do Piauí (PI),22,0.332,745.0,0.672,306.41,Faixa 2 (R$ 15k),15000.0,0,0.7,0.0,11.0,11.0,0.0,14.77,4.03,10.74,0.0,0,0,0.0,0.0,-0.5966192094809157
220385,2203859,Floresta do Piauí (PI),22,0.395,910.0,0.567,216.69,Faixa 2 (R$ 15k),15000.0,0,0.7,0.0,30.0,30.0,0.0,32.97,14.29,18.68,0.0,0,0,0.0,0.0,-0.5961196532948669
220400,2204006,Francinópolis (PI),22,0.483,1436.0,0.618,214.49,Faixa 1 (R$ 20k),20000.0,0,0.8,0.0,91.0,91.0,0.0,63.37,14.62,48.75,0.0,0,0,0.0,0.0,-0.5957208607165022
220410,2204105,Francisco Ayres (PI),22,0.295,843.0,0.666,325.09,Faixa 3 (R$ 10k),10000.0,0,0.35,0.0,315.0,315.0,0.0,373.67,16.61,357.06,0.0,0,0,0.0,0.0,-0.5916860164683028
220440,2204402,Gilbués (PI),22,0.461,2548.0,0.641,393.32,Faixa 1 (R$ 20k),20000.0,0,0.8,0.0,90.0,90.0,0.0,35.32,0.39,34.93,0.0,0,0,0.0,0.0,-0.5964497569028259
220460,2204600,Hugo Napoleão (PI),22,0.461,1123.0,0.613,206.66,Faixa 1 (R$ 20k),20000.0,0,0.8,0.0,66.0,66.0,0.0,58.77,9.8,48.98,0.0,0,0,0.0,0.0,-0.5959047707098989
220490,2204907,Isaías Coelho (PI),22,0.394,767.0,0.759,2526.34,Faixa 2 (R$ 15k),15000.0,0,0.7,0.0,33.0,33.0,0.0,43.02,19.56,23.47,0.0,0,0,0.0,0.0,-0.5958539840034753
220525,2205250,Jardim do Mulato (PI),22,0.38,1743.0,0.626,224.99,Faixa 2 (R$ 15k),15000.0,0,0.7,0.0,30.0,30.0,0.0,17.21,7.46,9.75,0.0,0,0,0.0,0.0,-0.5964989864411525
220527,2205276,Jatobá do Piauí (PI),22,0.378,379.0,0.657,265.26,Faixa 2 (R$ 15k),15000.0,0,0.7,0.0,41.0,41.0,0.0,108.18,15.83,92.35,0.0,0,0,0.0,0.0,-0.595114281057349
220530,2205300,Jerumenha (PI),22,0.427,993.0,0.659,304.64,Faixa 1 (R$ 20k),20000.0,0,0.8,0.0,3.0,3.0,0.0,3.02,0.0,3.02,0.0,0,0,0.0,0.0,-0.5968744945667478
220535,2205359,João Costa (PI),22,0.502,948.0,0.579,186.11,Faixa 1 (R$ 20k),20000.0,0,0.8,0.0,18.0,18.0,0.0,18.99,16.88,2.11,0.0,0,0,0.0,0.0,-0.5962319826004023
220552,2205524,Júlio Borges (PI),22,0.369,760.0,0.646,204.94,Faixa 2 (R$ 15k),15000.0,0,0.7,0.0,16.0,16.0,0.0,21.05,6.58,14.47,0.0,0,0,0.0,0.0,-0.596472501512299
220555,2205557,Lagoa Alegre (PI),22,0.445,1251.0,0.601,294.84,Faixa 1 (R$ 20k),20000.0,0,0.8,0.0,19.0,19.0,0.0,15.19,4.0,11.19,0.0,0,0,0.0,0.0,-0.5966145955769433
220558,2205581,Lagoa do Piauí (PI),22,0.348,721.0,0.657,283.34,Faixa 2 (R$ 15k),15000.0,0,0.7,0.0,23.0,23.0,0.0,31.9,6.93,24.97,0.0,0,0,0.0,0.0,-0.5963241504384531
220554,2205540,Lagoinha do Piauí (PI),22,0.374,608.0,0.644,348.33,Faixa 2 (R$ 15k),15000.0,0,0.7,0.0,51.0,51.0,0.0,83.88,3.29,80.59,0.0,0,0,0.0,0.0,-0.5957512365308816
220560,2205607,Landri Sales (PI),22,0.426,1640.0,0.644,315.65,Faixa 1 (R$ 20k),20000.0,0,0.8,0.0,33.0,33.0,0.0,20.12,6.71,13.41,0.0,0,0,0.0,0.0,-0.5964810703242034
220585,2205854,Madeiro (PI),22,0.482,1302.0,0.593,179.44,Faixa 1 (R$ 20k),20000.0,0,0.8,0.0,99.0,99.0,0.0,76.04,2.3,73.73,0.0,0,0,0.0,0.0,-0.5958776043437872
220600,2206001,Marcos Parente (PI),22,0.417,1589.0,0.656,295.2,Faixa 1 (R$ 20k),20000.0,0,0.8,0.0,37.0,37.0,0.0,23.29,3.15,20.14,0.0,0,0,0.0,0.0,-0.5965326482230144
220630,2206308,Miguel Leão (PI),22,0.416,361.0,0.673,382.59,Faixa 1 (R$ 20k),20000.0,0,0.8,0.0,6.0,6.0,0.0,16.62,2.77,13.85,0.0,0,0,0.0,0.0,-0.5966281189404905
220640,2206407,Monsenhor Gil (PI),22,0.436,2268.0,0.662,327.56,Faixa 1 (R$ 20k),20000.0,0,0.8,0.0,32.0,32.0,0.0,14.11,5.29,8.82,0.0,0,0,0.0,0.0,-0.5965950242026301
220665,2206654,Morro Cabeça no Tempo (PI),22,0.33,582.0,0.584,200.91,Faixa 2 (R$ 15k),15000.0,0,0.7,0.0,22.0,22.0,0.0,37.8,22.34,15.46,0.0,0,0,0.0,0.0,-0.5958490057854234
220670,2206704,Nazaré do Piauí (PI),22,0.428,1573.0,0.652,267.33,Faixa 1 (R$ 20k),20000.0,0,0.8,0.0,45.0,45.0,0.0,28.61,10.81,17.8,0.0,0,0,0.0,0.0,-0.5962658189694846
220672,2206720,Nazária (PI),22,0.637,675.0,0.664,287.29,Faixa 1 (R$ 20k),20000.0,0,0.8,0.0,13.0,13.0,0.0,19.26,4.44,14.81,0.0,0,0,0.0,0.0,-0.5965510130718386
220675,2206753,Nossa Senhora de Nazaré (PI),22,0.342,569.0,0.684,298.9,Faixa 2 (R$ 15k),15000.0,0,0.7,0.0,30.0,30.0,0.0,52.72,17.57,35.15,0.0,0,0,0.0,0.0,-0.5957811126658348
220680,2206803,Nossa Senhora dos Remédios (PI),22,0.44,1566.0,0.607,230.33,Faixa 1 (R$ 20k),20000.0,0,0.8,0.0,53.0,53.0,0.0,33.84,3.83,30.01,0.0,0,0,0.0,0.0,-0.5963795950199
220695,2206951,Novo Santo Antônio (PI),22,0.369,1074.0,0.557,225.01,Faixa 2 (R$ 15k),15000.0,0,0.7,0.0,5.0,5.0,0.0,4.66,0.0,4.66,0.0,0,0,0.0,0.0,-0.5968534421779361
220735,2207355,Pajeú do Piauí (PI),22,0.424,1275.0,0.583,243.59,Faixa 1 (R$ 20k),20000.0,0,0.8,0.0,12.0,12.0,0.0,9.41,7.84,1.57,0.0,0,0,0.0,0.0,-0.596589264544472
220750,2207504,Palmeirais (PI),22,0.591,2336.0,0.591,231.23,Faixa 1 (R$ 20k),20000.0,0,0.8,0.0,52.0,52.0,0.0,22.26,8.13,14.13,0.0,0,0,0.0,0.0,-0.5964167949486431
220760,2207603,Parnaguá (PI),22,0.552,2090.0,0.628,267.42,Faixa 1 (R$ 20k),20000.0,0,0.8,0.0,35.0,35.0,0.0,16.75,3.35,13.4,0.0,0,0,0.0,0.0,-0.5966114172987804
220775,2207751,Passagem Franca do Piauí (PI),22,0.395,1019.0,0.615,361.81,Faixa 2 (R$ 15k),15000.0,0,0.7,0.0,76.0,76.0,0.0,74.58,15.7,58.88,0.0,0,0,0.0,0.0,-0.5955489677245094
220779,2207793,Pau D'Arco do Piauí (PI),22,0.561,1501.0,0.541,158.55,Faixa 1 (R$ 20k),20000.0,0,0.8,0.0,3.0,3.0,0.0,2.0,0.67,1.33,0.0,0,0,0.0,0.0,-0.5968702225864864
220785,2207850,Pavussu (PI),22,0.345,642.0,0.594,233.4,Faixa 2 (R$ 15k),15000.0,0,0.7,0.0,2.0,2.0,0.0,3.12,3.12,0.0,0.0,0,0,0.0,0.0,-0.5967923444932076
220855,2208551,Porto Alegre do Piauí (PI),22,0.375,738.0,0.622,252.36,Faixa 2 (R$ 15k),15000.0,0,0.7,0.0,8.0,8.0,0.0,10.84,6.78,4.07,0.0,0,0,0.0,0.0,-0.5965983141295214
220860,2208601,Prata do Piauí (PI),22,0.532,1024.0,0.582,215.17,Faixa 1 (R$ 20k),20000.0,0,0.8,0.0,7.0,7.0,0.0,6.84,0.0,6.84,0.0,0,0,0.0,0.0,-0.5968254579050036
220885,2208858,Riacho Frio (PI),22,0.36,910.0,0.611,210.2,Faixa 2 (R$ 15k),15000.0,0,0.7,0.0,10.0,10.0,0.0,10.99,3.3,7.69,0.0,0,0,0.0,0.0,-0.596686653331828
220887,2208874,Ribeira do Piauí (PI),22,0.483,1660.0,0.528,169.06,Faixa 1 (R$ 20k),20000.0,0,0.8,0.0,21.0,21.0,0.0,12.65,4.22,8.43,0.0,0,0,0.0,0.0,-0.5966414989886214
220915,2209153,Santa Cruz dos Milagres (PI),22,0.379,972.0,0.639,240.76,Faixa 2 (R$ 15k),15000.0,0,0.7,0.0,2.0,2.0,0.0,2.06,0.0,2.06,0.0,0,0,0.0,0.0,-0.596886817916296
220945,2209450,Santo Antônio dos Milagres (PI),22,0.411,317.0,0.635,233.04,Faixa 1 (R$ 20k),20000.0,0,0.8,0.0,0.0,0.0,0.0,0.0,0.0,0.0,0.0,0,0,0.0,0.0,-0.5969132617705352
220950,2209500,Santo Inácio do Piauí (PI),22,0.307,854.0,0.669,301.79,Faixa 2 (R$ 15k),15000.0,0,0.7,0.0,37.0,37.0,0.0,43.33,1.17,42.15,0.0,0,0,0.0,0.0,-0.5963267849541294
221090,2210904,Socorro do Piauí (PI),22,0.315,739.0,0.665,291.98,Faixa 2 (R$ 15k),15000.0,0,0.7,0.0,44.0,44.0,0.0,59.54,37.89,21.65,0.0,0,0,0.0,0.0,-0.5951668972447252
220960,2209609,São Félix do Piauí (PI),22,0.259,641.0,0.685,360.99,Faixa 3 (R$ 10k),10000.0,0,0.35,0.0,8.0,8.0,0.0,12.48,3.12,9.36,0.0,0,0,0.0,0.0,-0.5966721918351119
220975,2209757,São Gonçalo do Gurguéia (PI),22,0.353,504.0,0.633,245.7,Faixa 2 (R$ 15k),15000.0,0,0.7,0.0,33.0,33.0,0.0,65.48,0.0,65.48,0.0,0,0,0.0,0.0,-0.5960727066367626
221010,2210102,São José do Peixe (PI),22,0.37,772.0,0.651,261.3,Faixa 2 (R$ 15k),15000.0,0,0.7,0.0,50.0,50.0,0.0,64.77,12.95,51.81,0.0,0,0,0.0,0.0,-0.5957462410163137
220995,2209955,São João da Varjota (PI),22,0.366,633.0,0.652,313.48,Faixa 2 (R$ 15k),15000.0,0,0.7,0.0,34.0,34.0,0.0,53.71,12.64,41.07,0.0,0,0,0.0,0.0,-0.5958961834773462
221038,2210383,São Miguel da Baixa Grande (PI),22,0.347,509.0,0.621,275.15,Faixa 2 (R$ 15k),15000.0,0,0.7,0.0,5.0,5.0,0.0,9.82,7.86,1.96,0.0,0,0,0.0,0.0,-0.5965834830729658
221039,2210391,São Miguel do Fidalgo (PI),22,0.333,469.0,0.652,300.18,Faixa 2 (R$ 15k),15000.0,0,0.7,0.0,12.0,12.0,0.0,25.59,6.4,19.19,0.0,0,0,0.0,0.0,-0.5964188877071223
221095,2210953,Tamboril do Piauí (PI),22,0.428,598.0,0.586,202.3,Faixa 1 (R$ 20k),20000.0,0,0.8,0.0,26.0,26.0,0.0,43.48,10.03,33.44,0.0,0,0,0.0,0.0,-0.5960952196144556
221097,2210979,Tanque do Piauí (PI),22,0.434,522.0,0.656,279.2,Faixa 1 (R$ 20k),20000.0,0,0.8,0.0,36.0,36.0,0.0,68.97,7.66,61.3,0.0,0,0,0.0,0.0,-0.5958294363652301
221170,2211704,Wall Ferraz (PI),22,0.317,421.0,0.648,278.53,Faixa 2 (R$ 15k),15000.0,0,0.7,0.0,10.0,10.0,0.0,23.75,19.0,4.75,0.0,0,0,0.0,0.0,-0.5961159316494221
240375,2403756,Fernando Pedroza (RN),24,0.49,851.0,0.628,264.42,Faixa 1 (R$ 20k),20000.0,0,0.8,0.0,14.0,14.0,0.0,16.45,0.0,16.45,0.0,0,0,0.0,0.0,-0.5967020960412963
240550,2405504,Jardim de Angicos (RN),24,0.496,1126.0,0.58,235.46,Faixa 1 (R$ 20k),20000.0,0,0.8,0.0,0.0,0.0,0.0,0.0,0.0,0.0,0.0,0,0,0.0,0.0,-0.5969132617705352
240725,2407252,Major Sales (RN),24,0.387,864.0,0.618,237.55,Faixa 2 (R$ 15k),15000.0,0,0.7,0.0,38.0,38.0,0.0,43.98,19.68,24.31,0.0,0,0,0.0,0.0,-0.5958385504081078
240960,2409605,Pedra Preta (RN),24,0.59,897.0,0.554,183.97,Faixa 1 (R$ 20k),20000.0,0,0.8,0.0,112.0,112.0,0.0,124.86,28.99,95.88,0.0,0,0,0.0,0.0,-0.5945590049705366
280010,2800100,Amparo de São Francisco (SE),28,0.399,694.0,0.657,288.51,Faixa 2 (R$ 15k),15000.0,0,0.7,0.0,13.0,13.0,0.0,18.73,10.09,8.65,0.0,0,0,0.0,0.0,-0.5964112406532458
280200,2802007,Divina Pastora (SE),28,0.323,818.0,0.697,324.21,Faixa 2 (R$ 15k),15000.0,0,0.7,0.0,25.0,25.0,0.0,30.56,12.22,18.34,0.0,0,0,0.0,0.0,-0.5962042417773408
280250,2802502,General Maynard (SE),28,0.295,824.0,0.714,428.17,Faixa 3 (R$ 10k),10000.0,0,0.35,0.0,18.0,18.0,0.0,21.84,1.21,20.63,0.0,0,0,0.0,0.0,-0.5966015439229695
280445,2804458,Nossa Senhora Aparecida (SE),28,0.25,1352.0,0.658,341.98,Faixa 3 (R$ 10k),10000.0,0,0.35,0.0,66.0,66.0,0.0,48.82,10.36,38.46,0.0,0,0,0.0,0.0,-0.5960180502096698
280500,2805000,Pedra Mole (SE),28,0.43,1239.0,0.63,310.48,Faixa 1 (R$ 20k),20000.0,0,0.8,0.0,163.0,163.0,0.0,131.56,1.61,129.94,0.0,0,0,0.0,0.0,-0.5951827878750379
280690,2806909,São Francisco (SE),28,0.417,990.0,0.599,269.36,Faixa 1 (R$ 20k),20000.0,0,0.8,0.0,65.0,65.0,0.0,65.66,21.21,44.44,0.0,0,0,0.0,0.0,-0.5955207276571249
120017,1200179,Capixaba (AC),12,0.398,1649.0,0.621,356.99,Faixa 2 (R$ 15k),15000.0,0,0.7,0.0,231.0,231.0,0.0,140.08,49.73,90.36,0.0,0,0,0.0,0.0,-0.5938260743805126
160020,1600204,Calçoene (AP),16,0.501,2686.0,0.68,398.56,Faixa 1 (R$ 20k),20000.0,0,0.8,0.0,160.0,160.0,0.0,59.57,21.97,37.6,0.0,0,0,0.0,0.0,-0.5955791380853801
160021,1600212,Cutias (AP),16,0.374,1019.0,0.703,390.88,Faixa 2 (R$ 15k),15000.0,0,0.7,0.0,72.0,72.0,0.0,70.66,5.89,64.77,0.0,0,0,0.0,0.0,-0.5958535506642063
160025,1600253,Itaubal (AP),16,0.558,690.0,0.611,256.51,Faixa 1 (R$ 20k),20000.0,0,0.8,0.0,70.0,70.0,0.0,101.45,72.46,28.99,0.0,0,0,0.0,0.0,-0.5937328960329674
160050,1600501,Oiapoque (AP),16,0.41,5028.0,0.717,674.79,Faixa 1 (R$ 20k),20000.0,0,0.8,0.0,200.0,200.0,0.0,39.78,15.51,24.26,0.0,0,0,0.0,0.0,-0.5960006812984359
160055,1600550,Pracuúba (AP),16,0.509,753.0,0.681,290.52,Faixa 1 (R$ 20k),20000.0,0,0.8,0.0,9.0,9.0,0.0,11.95,6.64,5.31,0.0,0,0,0.0,0.0,-0.5965877614736493
160005,1600055,Serra do Navio (AP),16,0.282,881.0,0.751,525.58,Faixa 3 (R$ 10k),10000.0,0,0.35,0.0,143.0,143.0,0.0,162.32,19.3,143.02,0.0,0,0,0.0,0.0,-0.5943293575485145
130006,1300060,Amaturá (AM),13,0.398,2088.0,0.696,274.37,Faixa 2 (R$ 15k),15000.0,0,0.7,7402.0,845.0,8247.0,0.8975,3949.71,513.41,3436.3,0.0,0,0,0.0,0.0,-0.05613353888803052
130008,1300086,Anamã (AM),13,0.347,1812.0,0.658,293.83,Faixa 2 (R$ 15k),15000.0,0,0.7,9684.0,1335.0,11019.0,0.8788,6081.13,2645.7,3435.43,0.0,0,0,0.0,0.0,0.016559501033720846
130020,1300201,Atalaia do Norte (AM),13,0.644,2518.0,0.569,223.63,Faixa 1 (R$ 20k),20000.0,0,0.8,42893.0,867.0,43760.0,0.9802,17378.87,3383.64,13995.23,0.0,0,0,0.0,0.0,0.23457887458515408
130040,1300409,Barcelos (AM),13,0.396,3593.0,0.65,398.02,Faixa 2 (R$ 15k),15000.0,0,0.7,0.0,1415.0,1415.0,0.0,393.82,158.64,235.18,0.0,0,0,0.0,0.0,-0.5877461193820063
130050,1300508,Barreirinha (AM),13,0.434,4881.0,0.644,191.56,Faixa 1 (R$ 20k),20000.0,0,0.8,1000.0,3066.0,4066.0,0.2459,833.03,303.63,529.4,0.0,0,0,0.0,0.0,-0.4477227994016138
130080,1300805,Borba (AM),13,0.425,5715.0,0.659,292.87,Faixa 1 (R$ 20k),20000.0,0,0.8,61906.0,5366.0,67272.0,0.9202,11771.13,1156.78,10614.35,0.0,0,0,0.0,0.0,0.07300268701140158
130195,1301951,Itamarati (AM),13,0.628,1748.0,0.526,191.83,Faixa 1 (R$ 20k),20000.0,0,0.8,1432.0,868.0,2300.0,0.6226,1315.79,991.99,323.8,0.0,0,0,0.0,0.0,-0.2235732444159617
130200,1302009,Itapiranga (AM),13,0.383,2404.0,0.688,391.11,Faixa 2 (R$ 15k),15000.0,0,0.7,2878.0,2455.0,5333.0,0.5397,2218.39,1660.98,557.4,0.0,0,0,0.0,0.0,-0.23868567621060038
130300,1303007,Nhamundá (AM),13,0.383,3077.0,0.68,329.07,Faixa 2 (R$ 15k),15000.0,0,0.7,57872.0,1937.0,59809.0,0.9676,19437.44,2278.52,17158.92,0.0,0,0,0.0,0.0,0.2256676939572247
130360,1303601,Santa Isabel do Rio Negro (AM),13,0.52,1836.0,0.657,286.75,Faixa 1 (R$ 20k),20000.0,0,0.8,37629.0,1056.0,38685.0,0.9727,21070.26,466.23,20604.03,0.0,0,0,0.0,0.0,0.2023649144491805
130370,1303700,Santo Antônio do Içá (AM),13,0.687,4968.0,0.591,209.48,Faixa 1 (R$ 20k),20000.0,0,0.8,6288.0,1226.0,7514.0,0.8368,1512.48,78.5,1433.98,0.0,0,0,0.0,0.0,-0.1309372657722962
130400,1304005,Silves (AM),13,0.442,1639.0,0.708,258.96,Faixa 1 (R$ 20k),20000.0,0,0.8,1739.0,2350.0,4089.0,0.4253,2494.81,1615.62,879.19,0.0,0,0,0.0,0.0,-0.2970846377507635
130380,1303809,São Gabriel da Cachoeira (AM),13,0.45,2643.0,0.714,611.28,Faixa 1 (R$ 20k),20000.0,0,0.8,1762.0,2814.0,4576.0,0.3851,1731.37,680.67,1050.7,0.0,0,0,0.0,0.0,-0.35247257835363605
130390,1303908,São Paulo de Olivença (AM),13,0.639,5231.0,0.617,230.03,Faixa 1 (R$ 20k),20000.0,0,0.8,37906.0,1341.0,39247.0,0.9658,7502.77,819.54,6683.23,0.0,0,0,0.0,0.0,0.03369336892675558
130395,1303957,São Sebastião do Uatumã (AM),13,0.393,2339.0,0.647,334.13,Faixa 2 (R$ 15k),15000.0,1,0.88,11955.0,0.0,11955.0,1.0,5111.16,2703.72,2433.09,1.0,12720,2067,175695.0,174.72,0.8733527590332028
130423,1304237,Tonantins (AM),13,0.57,3624.0,0.63,256.21,Faixa 1 (R$ 20k),20000.0,0,0.8,42119.0,1396.0,43515.0,0.9679,12007.45,1541.39,10466.06,0.0,0,0,0.0,0.0,0.1113441354198593
150090,1500909,Augusto Corrêa (PA),15,0.663,7972.0,0.564,200.37,Faixa 1 (R$ 20k),20000.0,0,0.8,7733.0,7572.0,15305.0,0.5053,1919.84,1241.6,678.25,0.0,0,0,0.0,0.0,-0.2716617760245418
150100,1501006,Aveiro (PA),15,0.743,5440.0,0.582,156.89,Faixa 1 (R$ 20k),20000.0,0,0.8,1814.0,8424.0,10238.0,0.1772,1881.99,430.7,1451.29,0.0,0,0,0.0,0.0,-0.46745889467494717
150125,1501253,Bannach (PA),15,0.434,411.0,0.626,414.24,Faixa 1 (R$ 20k),20000.0,0,0.8,2503.0,1138.0,3641.0,0.6874,8858.88,1554.74,7304.14,0.0,0,0,0.0,0.0,-0.07773504361754839
150200,1502004,Cachoeira do Arari (PA),15,0.48,3065.0,0.622,282.46,Faixa 1 (R$ 20k),20000.0,0,0.8,0.0,2832.0,2832.0,0.0,923.98,626.43,297.55,0.0,0,0,0.0,0.0,-0.5688160338298236
150250,1502509,Chaves (PA),15,0.709,8514.0,0.462,178.33,Faixa 1 (R$ 20k),20000.0,0,0.8,361.0,512.0,873.0,0.4135,102.54,69.06,33.47,0.0,0,0,0.0,0.0,-0.3741471094136953
150276,1502764,Cumaru do Norte (PA),15,0.494,966.0,0.649,386.7,Faixa 1 (R$ 20k),20000.0,0,0.8,477.0,1743.0,2220.0,0.2149,2298.14,1314.7,983.44,0.0,0,0,0.0,0.0,-0.4191776657946963
150300,1503002,Faro (PA),15,0.503,2359.0,0.624,217.66,Faixa 1 (R$ 20k),20000.0,0,0.8,7.0,3062.0,3069.0,0.0023,1300.97,338.28,962.7,0.0,0,0,0.0,0.0,-0.5702232814434236
150307,1503077,Garrafão do Norte (PA),15,0.595,3378.0,0.616,299.59,Faixa 1 (R$ 20k),20000.0,0,0.8,8533.0,5834.0,14367.0,0.5939,4253.11,2044.7,2208.41,0.0,0,0,0.0,0.0,-0.17382854826789104
150340,1503408,Inhangapi (PA),15,0.414,1182.0,0.649,339.51,Faixa 1 (R$ 20k),20000.0,0,0.8,0.0,5491.0,5491.0,0.0,4645.52,2469.54,2175.97,0.0,0,0,0.0,0.0,-0.47327231012421295
150375,1503754,Jacareacanga (PA),15,0.463,1505.0,0.621,305.67,Faixa 1 (R$ 20k),20000.0,0,0.8,6981.0,5865.0,12846.0,0.5434,8535.55,4419.93,4115.61,0.0,0,0,0.0,0.0,-0.08411945712481234
150690,1506906,Santarém Novo (PA),15,0.352,732.0,0.672,307.5,Faixa 2 (R$ 15k),15000.0,0,0.7,157.0,4553.0,4710.0,0.0333,6434.43,1769.13,4665.3,0.0,0,0,0.0,0.0,-0.4507723822382969
150746,1507466,São João da Ponta (PA),15,0.263,528.0,0.666,228.82,Faixa 3 (R$ 10k),10000.0,0,0.35,0.0,2267.0,2267.0,0.0,4293.56,2585.23,1708.33,0.0,0,0,0.0,0.0,-0.47479175439870713
150750,1507508,São João do Araguaia (PA),15,0.635,4909.0,0.564,194.57,Faixa 1 (R$ 20k),20000.0,0,0.8,5443.0,2155.0,7598.0,0.7164,1547.77,207.99,1339.78,0.0,0,0,0.0,0.0,-0.1910870780434093
140005,1400050,Alto Alegre (RR),14,0.347,1761.0,0.695,399.71,Faixa 2 (R$ 15k),15000.0,0,0.7,0.0,1165.0,1165.0,0.0,661.56,528.68,132.88,0.0,0,0,0.0,0.0,-0.5747182271829105
140002,1400027,Amajari (RR),14,0.481,1561.0,0.617,189.83,Faixa 1 (R$ 20k),20000.0,0,0.8,0.0,583.0,583.0,0.0,373.48,335.04,38.44,0.0,0,0,0.0,0.0,-0.5834351589965447
140015,1400159,Bonfim (RR),14,0.485,1369.0,0.708,419.13,Faixa 1 (R$ 20k),20000.0,0,0.8,0.0,2226.0,2226.0,0.0,1626.0,771.37,854.64,0.0,0,0,0.0,0.0,-0.556047601564153
140017,1400175,Cantá (RR),14,0.297,925.0,0.703,348.33,Faixa 3 (R$ 10k),10000.0,0,0.35,0.0,1819.0,1819.0,0.0,1966.49,1811.89,154.59,0.0,0,0,0.0,0.0,-0.5247079855862585
140040,1400407,Normandia (RR),14,0.336,741.0,0.723,518.87,Faixa 2 (R$ 15k),15000.0,0,0.7,0.0,412.0,412.0,0.0,556.01,545.21,10.8,0.0,0,0,0.0,0.0,-0.5756447174305241
140045,1400456,Pacaraima (RR),14,0.192,1381.0,0.764,621.3,Faixa 3 (R$ 10k),10000.0,0,0.35,0.0,9970.0,9970.0,0.0,7219.41,1511.22,5708.18,0.0,0,0,0.0,0.0,-0.46507016430935016
140070,1400704,Uiramutã (RR),14,0.398,413.0,0.643,315.2,Faixa 2 (R$ 15k),15000.0,0,0.7,0.0,91.0,91.0,0.0,220.34,121.07,99.27,0.0,0,0,0.0,0.0,-0.5909468174684772
170025,1700251,Abreulândia (TO),17,0.292,523.0,0.708,395.28,Faixa 3 (R$ 10k),10000.0,0,0.35,0.0,498.0,498.0,0.0,952.2,225.62,726.58,0.0,0,0,0.0,0.0,-0.5788422589232001
170105,1701051,Angico (TO),17,0.286,766.0,0.693,314.25,Faixa 3 (R$ 10k),10000.0,0,0.35,311.0,790.0,1101.0,0.2825,1437.34,852.48,584.86,0.0,0,0,0.0,0.0,-0.40629719476728193
170130,1701309,Aragominas (TO),17,0.341,815.0,0.694,402.85,Faixa 2 (R$ 15k),15000.0,0,0.7,87.0,3187.0,3274.0,0.0266,4017.18,846.63,3170.55,0.0,0,0,0.0,0.0,-0.5092713883863524
170240,1702406,Arraias (TO),17,0.335,3438.0,0.684,419.76,Faixa 2 (R$ 15k),15000.0,0,0.7,372.0,453.0,825.0,0.4509,239.97,157.94,82.02,0.0,0,0,0.0,0.0,-0.35021161485686475
170270,1702703,Aurora do Tocantins (TO),17,0.369,1001.0,0.685,363.96,Faixa 2 (R$ 15k),15000.0,0,0.7,0.0,300.0,300.0,0.0,299.7,178.82,120.88,0.0,0,0,0.0,0.0,-0.5884312814387307
170305,1703057,Bandeirantes do Tocantins (TO),17,0.373,1016.0,0.651,244.04,Faixa 2 (R$ 15k),15000.0,0,0.7,56.0,985.0,1041.0,0.0538,1024.61,402.56,622.05,0.0,0,0,0.0,0.0,-0.5447469840510865
170330,1703305,Bom Jesus do Tocantins (TO),17,0.394,1048.0,0.705,470.99,Faixa 2 (R$ 15k),15000.0,0,0.7,110.0,275.0,385.0,0.2857,367.37,83.97,283.4,0.0,0,0,0.0,0.0,-0.43825109347567465
170370,1703701,Brejinho de Nazaré (TO),17,0.377,1887.0,0.699,366.17,Faixa 2 (R$ 15k),15000.0,0,0.7,0.0,800.0,800.0,0.0,423.95,87.44,336.51,0.0,0,0,0.0,0.0,-0.5892047584410124
170380,1703800,Buriti do Tocantins (TO),17,0.504,2871.0,0.66,301.06,Faixa 1 (R$ 20k),20000.0,0,0.8,8847.0,773.0,9620.0,0.9196,3350.75,498.43,2852.32,0.0,0,0,0.0,0.0,-0.052470554850639096
170382,1703826,Cachoeirinha (TO),17,0.435,663.0,0.672,240.27,Faixa 1 (R$ 20k),20000.0,0,0.8,0.0,509.0,509.0,0.0,767.72,401.21,366.52,0.0,0,0,0.0,0.0,-0.5766592611364036
170384,1703842,Campos Lindos (TO),17,0.496,2068.0,0.595,337.05,Faixa 1 (R$ 20k),20000.0,0,0.8,4427.0,2154.0,6581.0,0.6727,3182.3,381.04,2801.26,0.0,0,0,0.0,0.0,-0.18883404149432031
170386,1703867,Cariri do Tocantins (TO),17,0.283,793.0,0.711,396.96,Faixa 3 (R$ 10k),10000.0,0,0.35,781.0,1152.0,1933.0,0.404,2437.58,1325.35,1112.23,0.0,0,0,0.0,0.0,-0.31665772711356016
170389,1703891,Carrasco Bonito (TO),17,0.584,780.0,0.642,247.51,Faixa 1 (R$ 20k),20000.0,0,0.8,0.0,449.0,449.0,0.0,575.64,244.87,330.77,0.0,0,0,0.0,0.0,-0.5831771575167064
170390,1703909,Caseara (TO),17,0.284,1182.0,0.68,422.47,Faixa 3 (R$ 10k),10000.0,0,0.35,0.0,449.0,449.0,0.0,379.86,226.73,153.13,0.0,0,0,0.0,0.0,-0.5861605161081901
170510,1705102,Chapada da Natividade (TO),17,0.38,748.0,0.645,307.01,Faixa 2 (R$ 15k),15000.0,0,0.7,0.0,198.0,198.0,0.0,264.71,86.9,177.81,0.0,0,0,0.0,0.0,-0.5912628901535195
170460,1704600,Chapada de Areia (TO),17,0.23,249.0,0.638,317.37,Faixa 3 (R$ 10k),10000.0,0,0.35,0.0,93.0,93.0,0.0,373.49,269.08,104.42,0.0,0,0,0.0,0.0,-0.585144561483275
170555,1705557,Combinado (TO),17,0.327,1471.0,0.698,355.15,Faixa 2 (R$ 15k),15000.0,0,0.7,0.0,509.0,509.0,0.0,346.02,249.49,96.53,0.0,0,0,0.0,0.0,-0.5860050042227524
170560,1705607,Conceição do Tocantins (TO),17,0.336,1193.0,0.663,327.11,Faixa 2 (R$ 15k),15000.0,0,0.7,0.0,557.0,557.0,0.0,466.89,331.1,135.79,0.0,0,0,0.0,0.0,-0.5823381911495777
170730,1707306,Dueré (TO),17,0.335,1122.0,0.698,341.7,Faixa 2 (R$ 15k),15000.0,0,0.7,0.0,418.0,418.0,0.0,372.55,223.71,148.84,0.0,0,0,0.0,0.0,-0.586332627800051
170740,1707405,Esperantina (TO),17,0.579,1919.0,0.616,196.22,Faixa 1 (R$ 20k),20000.0,0,0.8,2.0,3031.0,3033.0,0.0007,1580.51,216.78,1363.73,0.0,0,0,0.0,0.0,-0.5706340215810478
170980,1709807,Ipueiras (TO),17,0.315,427.0,0.632,279.71,Faixa 2 (R$ 15k),15000.0,0,0.7,956.0,683.0,1639.0,0.5833,3838.41,442.62,3395.78,0.0,0,0,0.0,0.0,-0.2263068465350299
171090,1710904,Itapiratins (TO),17,0.359,608.0,0.678,398.54,Faixa 2 (R$ 15k),15000.0,0,0.7,255.0,614.0,869.0,0.2934,1429.28,856.91,572.37,0.0,0,0,0.0,0.0,-0.40049552805372046
171110,1711100,Itaporã do Tocantins (TO),17,0.402,574.0,0.673,357.38,Faixa 1 (R$ 20k),20000.0,0,0.8,920.0,1730.0,2650.0,0.3472,4616.72,369.34,4247.39,0.0,0,0,0.0,0.0,-0.3436363439705133
171190,1711902,Lagoa da Confusão (TO),17,0.367,2334.0,0.689,404.26,Faixa 2 (R$ 15k),15000.0,0,0.7,3788.0,5460.0,9248.0,0.4096,3962.3,855.61,3106.68,0.0,0,0,0.0,0.0,-0.3062854530648861
171195,1711951,Lagoa do Tocantins (TO),17,0.353,1043.0,0.625,250.8,Faixa 2 (R$ 15k),15000.0,0,0.7,0.0,131.0,131.0,0.0,125.6,46.02,79.58,0.0,0,0,0.0,0.0,-0.5941081775996928
171215,1712157,Lavandeira (TO),17,0.299,376.0,0.698,266.13,Faixa 3 (R$ 10k),10000.0,0,0.35,50.0,195.0,245.0,0.2041,651.6,414.89,236.7,0.0,0,0,0.0,0.0,-0.4693731835787256
171240,1712405,Lizarda (TO),17,0.516,1060.0,0.602,246.56,Faixa 1 (R$ 20k),20000.0,0,0.8,0.0,118.0,118.0,0.0,111.32,55.66,55.66,0.0,0,0,0.0,0.0,-0.5940416310100923
171245,1712454,Luzinópolis (TO),17,0.387,604.0,0.687,270.2,Faixa 2 (R$ 15k),15000.0,0,0.7,0.0,738.0,738.0,0.0,1221.85,493.38,728.48,0.0,0,0,0.0,0.0,-0.5684407469827553
171270,1712702,Mateiros (TO),17,0.371,589.0,0.632,270.33,Faixa 2 (R$ 15k),15000.0,0,0.7,0.0,330.0,330.0,0.0,560.27,113.75,446.52,0.0,0,0,0.0,0.0,-0.5867729214093279
171280,1712801,Maurilândia do Tocantins (TO),17,0.408,754.0,0.658,242.08,Faixa 1 (R$ 20k),20000.0,0,0.8,0.0,524.0,524.0,0.0,694.96,234.75,460.21,0.0,0,0,0.0,0.0,-0.5819077652598418
171360,1713601,Monte do Carmo (TO),17,0.296,1307.0,0.709,410.27,Faixa 3 (R$ 10k),10000.0,0,0.35,0.0,459.0,459.0,0.0,351.19,94.11,257.08,0.0,0,0,0.0,0.0,-0.5899658878120831
171395,1713957,Muricilândia (TO),17,0.509,655.0,0.643,270.57,Faixa 1 (R$ 20k),20000.0,0,0.8,0.0,2336.0,2336.0,0.0,3566.41,491.6,3074.81,0.0,0,0,0.0,0.0,-0.5383902494583671
171430,1714302,Nazaré (TO),17,0.408,793.0,0.65,300.38,Faixa 1 (R$ 20k),20000.0,0,0.8,0.0,1337.0,1337.0,0.0,1686.0,624.21,1061.79,0.0,0,0,0.0,0.0,-0.559091657937078
171500,1715002,Nova Rosalândia (TO),17,0.326,952.0,0.709,301.74,Faixa 2 (R$ 15k),15000.0,0,0.7,350.0,890.0,1240.0,0.2823,1302.52,646.01,656.51,0.0,0,0,0.0,0.0,-0.41348553653774733
171510,1715101,Novo Acordo (TO),17,0.357,1285.0,0.647,376.34,Faixa 2 (R$ 15k),15000.0,0,0.7,0.0,478.0,478.0,0.0,371.98,60.7,311.28,0.0,0,0,0.0,0.0,-0.5905649545468844
171515,1715150,Novo Alegre (TO),17,0.23,648.0,0.754,448.17,Faixa 3 (R$ 10k),10000.0,0,0.35,0.0,398.0,398.0,0.0,614.2,504.63,109.57,0.0,0,0,0.0,0.0,-0.5759495241935289
171525,1715259,Novo Jardim (TO),17,0.372,745.0,0.622,232.14,Faixa 2 (R$ 15k),15000.0,0,0.7,0.0,912.0,912.0,0.0,1224.16,406.71,817.45,0.0,0,0,0.0,0.0,-0.5706575365626406
171550,1715507,Oliveira de Fátima (TO),17,0.278,299.0,0.695,281.44,Faixa 3 (R$ 10k),10000.0,0,0.35,0.0,257.0,257.0,0.0,859.53,107.02,752.51,0.0,0,0,0.0,0.0,-0.5831058068771187
171575,1715754,Palmeirópolis (TO),17,0.311,2208.0,0.696,424.96,Faixa 2 (R$ 15k),15000.0,0,0.7,878.0,371.0,1249.0,0.703,565.67,502.72,62.95,0.0,0,0,0.0,0.0,-0.20317346316127982
171620,1716208,Paranã (TO),17,0.386,2089.0,0.692,363.24,Faixa 2 (R$ 15k),15000.0,0,0.7,968.0,413.0,1381.0,0.7009,661.08,544.28,116.8,0.0,0,0,0.0,0.0,-0.20198708474878418
171720,1717206,Piraquê (TO),17,0.232,466.0,0.696,329.42,Faixa 3 (R$ 10k),10000.0,0,0.35,0.0,1334.0,1334.0,0.0,2862.66,740.34,2122.32,0.0,0,0,0.0,0.0,-0.5409771420462244
171780,1717800,Ponte Alta do Bom Jesus (TO),17,0.406,980.0,0.672,331.35,Faixa 1 (R$ 20k),20000.0,0,0.8,1.0,527.0,528.0,0.0019,538.78,266.33,272.45,0.0,0,0,0.0,0.0,-0.5820847867951098
171800,1718006,Porto Alegre do Tocantins (TO),17,0.27,824.0,0.699,285.53,Faixa 3 (R$ 10k),10000.0,0,0.35,0.0,599.0,599.0,0.0,726.94,531.55,195.39,0.0,0,0,0.0,0.0,-0.5738045690188771
171840,1718402,Presidente Kennedy (TO),17,0.336,1282.0,0.691,353.81,Faixa 2 (R$ 15k),15000.0,0,0.7,0.0,537.0,537.0,0.0,418.88,273.79,145.09,0.0,0,0,0.0,0.0,-0.5844398885609682
171850,1718501,Recursolândia (TO),17,0.43,765.0,0.586,239.48,Faixa 1 (R$ 20k),20000.0,0,0.8,45.0,274.0,319.0,0.1411,416.99,235.29,181.7,0.0,0,0,0.0,0.0,-0.5105067027111104
171855,1718550,Riachinho (TO),17,0.331,739.0,0.64,201.48,Faixa 2 (R$ 15k),15000.0,0,0.7,0.0,877.0,877.0,0.0,1186.74,518.27,668.47,0.0,0,0,0.0,0.0,-0.568246398595457
171875,1718758,Rio Sono (TO),17,0.289,1037.0,0.715,394.15,Faixa 3 (R$ 10k),10000.0,0,0.35,0.0,193.0,193.0,0.0,186.11,90.65,95.47,0.0,0,0,0.0,0.0,-0.5921746016190184
171865,1718659,Rio da Conceição (TO),17,0.408,641.0,0.646,222.37,Faixa 1 (R$ 20k),20000.0,0,0.8,0.0,525.0,525.0,0.0,819.03,464.9,354.13,0.0,0,0,0.0,0.0,-0.5743499084051485
171870,1718709,Rio dos Bois (TO),17,0.296,361.0,0.684,403.85,Faixa 3 (R$ 10k),10000.0,0,0.35,0.0,469.0,469.0,0.0,1299.17,706.37,592.8,0.0,0,0,0.0,0.0,-0.5619278443264649
171890,1718907,Santa Rosa do Tocantins (TO),17,0.371,1293.0,0.647,268.71,Faixa 2 (R$ 15k),15000.0,0,0.7,0.0,792.0,792.0,0.0,612.53,67.29,545.24,0.0,0,0,0.0,0.0,-0.587306252574572
172065,1720655,Silvanópolis (TO),17,0.432,1708.0,0.701,415.09,Faixa 1 (R$ 20k),20000.0,0,0.8,819.0,495.0,1314.0,0.6233,769.32,468.38,300.94,0.0,0,0,0.0,0.0,-0.24378762634937629
172085,1720853,Sucupira (TO),17,0.281,406.0,0.724,364.97,Faixa 3 (R$ 10k),10000.0,0,0.35,620.0,725.0,1345.0,0.461,3312.81,1879.31,1433.5,0.0,0,0,0.0,0.0,-0.2607850124650747
172015,1720150,São Félix do Tocantins (TO),17,0.364,367.0,0.585,258.88,Faixa 2 (R$ 15k),15000.0,0,0.7,0.0,67.0,67.0,0.0,182.56,65.4,117.17,0.0,0,0,0.0,0.0,-0.5928746198964625
172025,1720259,São Salvador do Tocantins (TO),17,0.38,1184.0,0.62,259.91,Faixa 2 (R$ 15k),15000.0,0,0.7,506.0,373.0,879.0,0.5757,742.4,81.08,661.32,0.0,0,0,0.0,0.0,-0.27945764335667367
172049,1720499,São Valério (TO),17,0.244,1074.0,0.686,321.69,Faixa 3 (R$ 10k),10000.0,0,0.35,5090.0,536.0,5626.0,0.9047,5238.36,550.28,4688.08,0.0,0,0,0.0,0.0,-0.03481095163518635
172080,1720804,Sítio Novo do Tocantins (TO),17,0.512,1737.0,0.674,300.34,Faixa 1 (R$ 20k),20000.0,0,0.8,8248.0,655.0,8903.0,0.9264,5125.5,601.04,4524.47,0.0,0,0,0.0,0.0,-0.02341651277414498
172093,1720937,Taipas do Tocantins (TO),17,0.42,663.0,0.637,251.27,Faixa 1 (R$ 20k),20000.0,0,0.8,0.0,372.0,372.0,0.0,561.09,460.03,101.06,0.0,0,0,0.0,0.0,-0.5777872625297261
172097,1720978,Talismã (TO),17,0.292,500.0,0.704,488.52,Faixa 3 (R$ 10k),10000.0,0,0.35,885.0,333.0,1218.0,0.7266,2436.0,380.0,2056.0,0.0,0,0,0.0,0.0,-0.1698082923263236
172120,1721208,Tocantinópolis (TO),17,0.377,7174.0,0.719,430.33,Faixa 2 (R$ 15k),15000.0,0,0.7,10392.0,3138.0,13530.0,0.7681,1885.98,436.16,1449.82,0.0,0,0,0.0,0.0,-0.15336752460661868
172110,1721109,Tocantínia (TO),17,0.361,1032.0,0.68,404.5,Faixa 2 (R$ 15k),15000.0,0,0.7,0.0,897.0,897.0,0.0,869.19,502.91,366.28,0.0,0,0,0.0,0.0,-0.572720843028064
172130,1721307,Tupiratins (TO),17,0.338,422.0,0.695,388.95,Faixa 2 (R$ 15k),15000.0,0,0.7,0.0,480.0,480.0,0.0,1137.44,492.89,644.55,0.0,0,0,0.0,0.0,-0.5695370709327818
320410,3204104,Pinheiros (ES),32,0.324,6863.0,0.669,404.16,Faixa 2 (R$ 15k),15000.0,0,0.7,0.0,189.0,189.0,0.0,27.54,14.28,13.26,0.0,0,0,0.0,0.0,-0.5961896164279008
310040,3100401,Acaiaca (MG),31,0.356,1089.0,0.641,329.56,Faixa 2 (R$ 15k),15000.0,0,0.7,0.0,3956.0,3956.0,0.0,3632.69,986.23,2646.46,0.0,0,0,0.0,0.0,-0.524719250787631
310240,3102407,Alvorada de Minas (MG),31,0.374,650.0,0.659,375.58,Faixa 2 (R$ 15k),15000.0,0,0.7,541.0,3308.0,3849.0,0.1406,5921.54,1792.31,4129.23,0.0,0,0,0.0,0.0,-0.3997554244622893
310320,3103207,Araçaí (MG),31,0.228,702.0,0.701,431.72,Faixa 3 (R$ 10k),10000.0,0,0.35,650.0,4104.0,4754.0,0.1367,6772.08,1378.92,5393.16,0.0,0,0,0.0,0.0,-0.40162349402248854
310480,3104809,Augusto de Lima (MG),31,0.362,1152.0,0.675,368.55,Faixa 2 (R$ 15k),15000.0,0,0.7,1990.0,3476.0,5466.0,0.3641,4744.79,1261.28,3483.51,0.0,0,0,0.0,0.0,-0.3098968218405641
310660,3106606,Bertópolis (MG),31,0.338,1033.0,0.643,313.01,Faixa 2 (R$ 15k),15000.0,0,0.7,0.0,10899.0,10899.0,0.0,10550.82,1914.81,8636.01,0.0,0,0,0.0,0.0,-0.41184484379622877
310825,3108255,Bonito de Minas (MG),31,0.558,3971.0,0.541,175.95,Faixa 1 (R$ 20k),20000.0,0,0.8,839.0,7302.0,8141.0,0.1031,2050.11,640.64,1409.47,0.0,0,0,0.0,0.0,-0.4992228874413186
311020,3110202,Cajuri (MG),31,0.352,688.0,0.617,308.35,Faixa 2 (R$ 15k),15000.0,0,0.7,2.0,6648.0,6650.0,0.0003,9665.7,3642.44,6023.26,0.0,0,0,0.0,0.0,-0.37826965583575833
311080,3110806,Campanário (MG),31,0.346,1141.0,0.635,350.54,Faixa 2 (R$ 15k),15000.0,0,0.7,0.0,1785.0,1785.0,0.0,1564.42,467.13,1097.28,0.0,0,0,0.0,0.0,-0.5647237381841466
311310,3113107,Caranaíba (MG),31,0.414,1021.0,0.629,260.6,Faixa 1 (R$ 20k),20000.0,0,0.8,0.0,4236.0,4236.0,0.0,4148.87,460.33,3688.54,0.0,0,0,0.0,0.0,-0.5317237920794122
311380,3113800,Carmésia (MG),31,0.176,449.0,0.664,361.28,Faixa 3 (R$ 10k),10000.0,0,0.35,195.0,544.0,739.0,0.2639,1645.88,438.75,1207.13,0.0,0,0,0.0,0.0,-0.42422426903467797
311560,3115607,Cedro do Abaeté (MG),31,0.336,282.0,0.657,377.52,Faixa 2 (R$ 15k),15000.0,0,0.7,0.0,2366.0,2366.0,0.0,8390.07,996.45,7393.62,0.0,0,0,0.0,0.0,-0.4633847191499513
311610,3116100,Chapada do Norte (MG),31,0.314,2536.0,0.674,344.74,Faixa 2 (R$ 15k),15000.0,0,0.7,795.0,4469.0,5264.0,0.151,2075.71,479.1,1596.61,0.0,0,0,0.0,0.0,-0.47763567629326076
311650,3116506,Claro dos Poções (MG),31,0.318,1945.0,0.721,310.64,Faixa 2 (R$ 15k),15000.0,0,0.7,0.0,5674.0,5674.0,0.0,2917.22,783.55,2133.68,0.0,0,0,0.0,0.0,-0.5391567497346301
311680,3116803,Coluna (MG),31,0.348,1551.0,0.652,364.21,Faixa 2 (R$ 15k),15000.0,0,0.7,0.0,3016.0,3016.0,0.0,1944.55,627.34,1317.21,0.0,0,0,0.0,0.0,-0.5556915719151849
311890,3118908,Cordisburgo (MG),31,0.267,2232.0,0.691,412.76,Faixa 3 (R$ 10k),10000.0,0,0.35,0.0,9657.0,9657.0,0.0,4326.61,806.9,3519.71,0.0,0,0,0.0,0.0,-0.5204595261452456
312010,3120102,Couto de Magalhães de Minas (MG),31,0.357,1499.0,0.691,326.5,Faixa 2 (R$ 15k),15000.0,0,0.7,3374.0,4547.0,7921.0,0.426,5284.19,671.11,4613.08,0.0,0,0,0.0,0.0,-0.2853864927376116
312030,3120300,Cristália (MG),31,0.44,1317.0,0.634,243.6,Faixa 1 (R$ 20k),20000.0,0,0.8,0.0,2592.0,2592.0,0.0,1968.11,545.94,1422.17,0.0,0,0,0.0,0.0,-0.5574989197922819
312180,3121803,Dionísio (MG),31,0.361,2760.0,0.696,410.31,Faixa 2 (R$ 15k),15000.0,0,0.7,0.0,3938.0,3938.0,0.0,1426.81,292.39,1134.42,0.0,0,0,0.0,0.0,-0.5710191820108891
312260,3122603,Dom Joaquim (MG),31,0.324,1157.0,0.669,421.35,Faixa 2 (R$ 15k),15000.0,0,0.7,4466.0,2881.0,7347.0,0.6079,6350.04,873.81,5476.23,0.0,0,0,0.0,0.0,-0.16982149710764421
312310,3123106,Dores de Guanhães (MG),31,0.374,1937.0,0.627,303.03,Faixa 2 (R$ 15k),15000.0,0,0.7,335.0,2822.0,3157.0,0.1061,1629.84,467.73,1162.11,0.0,0,0,0.0,0.0,-0.507505760107307
312580,3125804,Fernandes Tourinho (MG),31,0.294,680.0,0.657,341.34,Faixa 3 (R$ 10k),10000.0,0,0.35,0.0,7239.0,7239.0,0.0,10645.59,2776.47,7869.12,0.0,0,0,0.0,0.0,-0.3882951780292612
312640,3126406,Fortuna de Minas (MG),31,0.227,642.0,0.709,381.63,Faixa 3 (R$ 10k),10000.0,0,0.35,0.0,5368.0,5368.0,0.0,8361.37,2246.11,6115.26,0.0,0,0,0.0,0.0,-0.43136355436878515
312650,3126505,Francisco Badaró (MG),31,0.353,1329.0,0.712,398.47,Faixa 2 (R$ 15k),15000.0,0,0.7,122.0,5824.0,5946.0,0.0205,4474.04,998.5,3475.55,0.0,0,0,0.0,0.0,-0.5027108644233564
312675,3126752,Franciscópolis (MG),31,0.377,1057.0,0.666,338.54,Faixa 2 (R$ 15k),15000.0,0,0.7,0.0,2230.0,2230.0,0.0,2109.74,574.27,1535.48,0.0,0,0,0.0,0.0,-0.5549464958318667
312680,3126802,Frei Gaspar (MG),31,0.294,783.0,0.651,312.19,Faixa 3 (R$ 10k),10000.0,0,0.35,127.0,7256.0,7383.0,0.0172,9429.12,1924.65,7504.47,0.0,0,0,0.0,0.0,-0.41685186192529355
312695,3126950,Frei Lagonegro (MG),31,0.394,1274.0,0.579,196.65,Faixa 2 (R$ 15k),15000.0,0,0.7,0.0,1524.0,1524.0,0.0,1196.23,448.98,747.25,0.0,0,0,0.0,0.0,-0.5699204849237978
312735,3127354,Glaucilândia (MG),31,0.5,1187.0,0.69,278.7,Faixa 1 (R$ 20k),20000.0,0,0.8,0.0,2999.0,2999.0,0.0,2526.54,1057.29,1469.25,0.0,0,0,0.0,0.0,-0.537076918037229
312820,3128204,Guaraciaba (MG),31,0.347,3779.0,0.629,323.53,Faixa 2 (R$ 15k),15000.0,0,0.7,953.0,8715.0,9668.0,0.0986,2558.35,575.81,1982.54,0.0,0,0,0.0,0.0,-0.4967695067173807
312825,3128253,Guaraciama (MG),31,0.353,1274.0,0.731,335.49,Faixa 2 (R$ 15k),15000.0,0,0.7,45.0,2655.0,2700.0,0.0167,2119.31,862.64,1256.67,0.0,0,0,0.0,0.0,-0.538478140319629
313270,3132701,Itambacuri (MG),31,0.361,6272.0,0.682,393.96,Faixa 2 (R$ 15k),15000.0,0,0.7,1206.0,9018.0,10224.0,0.118,1630.1,396.68,1233.42,0.0,0,0,0.0,0.0,-0.5030224144039959
313500,3135001,Jaguaraçu (MG),31,0.264,754.0,0.695,406.5,Faixa 3 (R$ 10k),10000.0,0,0.35,1132.0,9640.0,10772.0,0.1051,14286.47,1322.28,12964.19,0.0,0,0,0.0,0.0,-0.3234172312391968
313507,3135076,Jampruca (MG),31,0.375,1311.0,0.64,353.62,Faixa 2 (R$ 15k),15000.0,0,0.7,0.0,9144.0,9144.0,0.0,6974.83,955.76,6019.07,0.0,0,0,0.0,0.0,-0.48260653626842076
313560,3135605,Jequitaí (MG),31,0.415,2100.0,0.687,340.48,Faixa 1 (R$ 20k),20000.0,0,0.8,0.0,5964.0,5964.0,0.0,2840.0,1016.67,1823.33,0.0,0,0,0.0,0.0,-0.5341059058830172
313640,3136405,Joaquim Felício (MG),31,0.312,1072.0,0.677,538.62,Faixa 2 (R$ 15k),15000.0,0,0.7,716.0,978.0,1694.0,0.4227,1580.22,380.6,1199.63,0.0,0,0,0.0,0.0,-0.34221630643297357
313730,3137304,Lagoa dos Patos (MG),31,0.391,1146.0,0.663,276.35,Faixa 2 (R$ 15k),15000.0,0,0.7,0.0,5175.0,5175.0,0.0,4515.71,1438.05,3077.66,0.0,0,0,0.0,0.0,-0.5016734859481942
314010,3140100,Marilac (MG),31,0.359,1467.0,0.624,330.19,Faixa 2 (R$ 15k),15000.0,0,0.7,0.0,11288.0,11288.0,0.0,7694.61,1475.12,6219.5,0.0,0,0,0.0,0.0,-0.459905636706342
314030,3140308,Marliéria (MG),31,0.301,1020.0,0.662,351.15,Faixa 2 (R$ 15k),15000.0,0,0.7,0.0,11786.0,11786.0,0.0,11554.9,1573.53,9981.37,0.0,0,0,0.0,0.0,-0.40780118622392314
314060,3140605,Materlândia (MG),31,0.456,865.0,0.641,303.68,Faixa 1 (R$ 20k),20000.0,0,0.8,0.0,2527.0,2527.0,0.0,2921.39,1158.38,1763.01,0.0,0,0,0.0,0.0,-0.5293881757789706
314250,3142502,Monjolos (MG),31,0.359,587.0,0.707,342.02,Faixa 2 (R$ 15k),15000.0,0,0.7,0.0,4048.0,4048.0,0.0,6896.08,3158.43,3737.65,0.0,0,0,0.0,0.0,-0.42652705971717697
314360,3143609,Morro da Garça (MG),31,0.314,633.0,0.668,361.15,Faixa 2 (R$ 15k),15000.0,0,0.7,0.0,3954.0,3954.0,0.0,6246.45,3164.3,3082.15,0.0,0,0,0.0,0.0,-0.4347141018248724
314370,3143708,Morro do Pilar (MG),31,0.412,1057.0,0.643,320.15,Faixa 1 (R$ 20k),20000.0,0,0.8,0.0,3277.0,3277.0,0.0,3100.28,1245.03,1855.25,0.0,0,0,0.0,0.0,-0.5248459399430713
314420,3144201,Nacip Raydan (MG),31,0.396,790.0,0.594,399.34,Faixa 2 (R$ 15k),15000.0,0,0.7,630.0,4052.0,4682.0,0.1346,5926.58,1975.95,3950.63,0.0,0,0,0.0,0.0,-0.3981183415085091
314545,3145455,Olhos-D'Água (MG),31,0.309,1041.0,0.671,323.73,Faixa 2 (R$ 15k),15000.0,0,0.7,1142.0,3057.0,4199.0,0.272,4033.62,751.2,3282.42,0.0,0,0,0.0,0.0,-0.3811720799535853
314585,3145851,Oratórios (MG),31,0.314,1235.0,0.643,360.9,Faixa 2 (R$ 15k),15000.0,0,0.7,0.0,9031.0,9031.0,0.0,7312.55,1327.94,5984.62,0.0,0,0,0.0,0.0,-0.4686247895871844
314840,3148400,Paulistas (MG),31,0.283,1092.0,0.692,388.53,Faixa 3 (R$ 10k),10000.0,0,0.35,494.0,2251.0,2745.0,0.18,2513.74,556.78,1956.96,0.0,0,0,0.0,0.0,-0.45459398099526266
314850,3148509,Pavão (MG),31,0.39,1913.0,0.655,310.25,Faixa 2 (R$ 15k),15000.0,0,0.7,5464.0,8192.0,13656.0,0.4001,7138.53,821.75,6316.78,0.0,0,0,0.0,0.0,-0.2714368944534439
314950,3149507,Pequeri (MG),31,0.215,751.0,0.665,522.86,Faixa 3 (R$ 10k),10000.0,0,0.35,0.0,2560.0,2560.0,0.0,3408.79,620.51,2788.28,0.0,0,0,0.0,0.0,-0.5370724078412022
315000,3150000,Pescador (MG),31,0.349,1387.0,0.674,315.61,Faixa 2 (R$ 15k),15000.0,0,0.7,0.0,2919.0,2919.0,0.0,2104.54,439.08,1665.47,0.0,0,0,0.0,0.0,-0.5585171984109072
315010,3150109,Piau (MG),31,0.369,619.0,0.605,347.49,Faixa 2 (R$ 15k),15000.0,0,0.7,0.0,1596.0,1596.0,0.0,2578.35,770.6,1807.75,0.0,0,0,0.0,0.0,-0.5438424787151771
315053,3150539,Pingo-D'Água (MG),31,0.382,1682.0,0.647,318.57,Faixa 2 (R$ 15k),15000.0,0,0.7,0.0,4016.0,4016.0,0.0,2387.63,661.12,1726.52,0.0,0,0,0.0,0.0,-0.5491282308307689
315057,3150570,Pintópolis (MG),31,0.382,1125.0,0.672,319.83,Faixa 2 (R$ 15k),15000.0,1,0.88,3000.0,0.0,3000.0,1.0,2666.67,1386.67,1674.67,1.0,12720,2067,175695.0,174.72,0.8103314927090242
315320,3153202,Presidente Juscelino (MG),31,0.215,749.0,0.695,352.5,Faixa 3 (R$ 10k),10000.0,0,0.35,0.0,5234.0,5234.0,0.0,6987.98,2849.13,4138.85,0.0,0,0,0.0,0.0,-0.43336401433300065
315330,3153301,Presidente Kubitschek (MG),31,0.356,828.0,0.641,296.52,Faixa 2 (R$ 15k),15000.0,0,0.7,0.0,2368.0,2368.0,0.0,2859.9,675.12,2184.78,0.0,0,0,0.0,0.0,-0.542702990278834
315660,3156601,Rubim (MG),31,0.419,2764.0,0.62,293.18,Faixa 1 (R$ 20k),20000.0,0,0.8,6860.0,5089.0,11949.0,0.5741,4323.08,746.38,3576.7,0.0,0,0,0.0,0.0,-0.2170993227606095
315727,3157278,Santa Bárbara do Monte Verde (MG),31,0.413,430.0,0.623,349.21,Faixa 1 (R$ 20k),20000.0,0,0.8,0.0,1924.0,1924.0,0.0,4474.42,1272.09,3202.33,0.0,0,0,0.0,0.0,-0.5065049883147523
315760,3157609,Santa Fé de Minas (MG),31,0.562,973.0,0.655,257.19,Faixa 1 (R$ 20k),20000.0,0,0.8,769.0,1827.0,2596.0,0.2962,2668.04,422.4,2245.63,0.0,0,0,0.0,0.0,-0.39436837490881566
315765,3157658,Santa Helena de Minas (MG),31,0.422,1459.0,0.643,253.64,Faixa 1 (R$ 20k),20000.0,0,0.8,33.0,9704.0,9737.0,0.0034,6673.75,1257.03,5416.72,0.0,0,0,0.0,0.0,-0.4768567632141719
315800,3158003,Santa Maria de Itabira (MG),31,0.315,2242.0,0.677,368.01,Faixa 2 (R$ 15k),15000.0,0,0.7,1064.0,11772.0,12836.0,0.0829,5725.25,1309.1,4416.15,0.0,0,0,0.0,0.0,-0.4454508126547447
315850,3158508,Santana de Pirapama (MG),31,0.24,1288.0,0.685,387.34,Faixa 3 (R$ 10k),10000.0,0,0.35,0.0,9815.0,9815.0,0.0,7620.34,1563.66,6056.68,0.0,0,0,0.0,0.0,-0.45856425206617485
316020,3160207,Santo Antônio do Itambé (MG),31,0.25,560.0,0.671,274.84,Faixa 3 (R$ 10k),10000.0,0,0.35,0.0,2019.0,2019.0,0.0,3605.36,896.43,2708.93,0.0,0,0,0.0,0.0,-0.5273975817663457
316060,3160603,Santo Hipólito (MG),31,0.441,1006.0,0.67,317.92,Faixa 1 (R$ 20k),20000.0,0,0.8,0.0,4125.0,4125.0,0.0,4100.4,1701.79,2398.61,0.0,0,0,0.0,0.0,-0.5001689447423082
316556,3165560,Sem-Peixe (MG),31,0.461,979.0,0.658,371.52,Faixa 1 (R$ 20k),20000.0,0,0.8,0.0,2716.0,2716.0,0.0,2774.26,739.53,2034.73,0.0,0,0,0.0,0.0,-0.5421329113097407
316650,3166501,Serra Azul de Minas (MG),31,0.372,773.0,0.644,301.04,Faixa 2 (R$ 15k),15000.0,0,0.7,0.0,2107.0,2107.0,0.0,2725.74,641.66,2084.09,0.0,0,0,0.0,0.0,-0.5452923509904994
316660,3166600,Serra da Saudade (MG),31,0.14,233.0,0.706,454.72,Faixa 3 (R$ 10k),10000.0,0,0.35,0.0,439.0,439.0,0.0,1884.12,188.84,1695.28,0.0,0,0,0.0,0.0,-0.5678326576927466
316710,3167103,Serro (MG),31,0.365,5278.0,0.673,468.16,Faixa 2 (R$ 15k),15000.0,0,0.7,1819.0,7712.0,9531.0,0.1909,1805.8,485.6,1320.2,0.0,0,0,0.0,0.0,-0.45973626362845516
316750,3167509,Simão Pereira (MG),31,0.411,478.0,0.677,458.0,Faixa 1 (R$ 20k),20000.0,0,0.8,11.0,2109.0,2120.0,0.0052,4435.15,1184.1,3251.05,0.0,0,0,0.0,0.0,-0.5065273275936709
316105,3161056,São Félix de Minas (MG),31,0.352,663.0,0.645,314.21,Faixa 2 (R$ 15k),15000.0,0,0.7,14414.0,6096.0,20510.0,0.7028,30935.14,1027.15,29907.99,0.0,0,0,0.0,0.0,0.20016033855300944
316160,3161601,São Geraldo da Piedade (MG),31,0.294,419.0,0.659,348.56,Faixa 3 (R$ 10k),10000.0,0,0.35,0.0,9660.0,9660.0,0.0,23054.89,4637.23,18417.66,0.0,0,0,0.0,0.0,-0.18077068882961045
316190,3161908,São Gonçalo do Rio Abaixo (MG),31,0.273,1757.0,0.687,410.44,Faixa 3 (R$ 10k),10000.0,0,0.35,8079.0,9911.0,17990.0,0.4491,10239.04,1968.7,8270.35,0.0,0,0,0.0,0.0,-0.17587881903057645
312550,3125507,São Gonçalo do Rio Preto (MG),31,0.323,744.0,0.668,308.54,Faixa 2 (R$ 15k),15000.0,0,0.7,622.0,2822.0,3444.0,0.1806,4629.03,2026.88,2602.15,0.0,0,0,0.0,0.0,-0.38901854293990284
316300,3163003,São José da Safira (MG),31,0.503,1224.0,0.628,333.3,Faixa 1 (R$ 20k),20000.0,0,0.8,0.0,10554.0,10554.0,0.0,8622.55,2250.0,6372.55,0.0,0,0,0.0,0.0,-0.4279100092803379
316245,3162450,São João das Missões (MG),31,0.422,870.0,0.696,315.45,Faixa 1 (R$ 20k),20000.0,0,0.8,0.0,24562.0,24562.0,0.0,28232.18,3568.97,24663.22,0.0,0,0,0.0,0.0,-0.14199859540613974
316265,3162658,São João do Pacuí (MG),31,0.487,820.0,0.632,281.3,Faixa 1 (R$ 20k),20000.0,0,0.8,377.0,4504.0,4881.0,0.0772,5952.44,1680.49,4271.95,0.0,0,0,0.0,0.0,-0.43593642444933334
316420,3164209,São Romão (MG),31,0.353,2564.0,0.669,280.63,Faixa 2 (R$ 15k),15000.0,0,0.7,149.0,2851.0,3000.0,0.0497,1170.05,314.74,855.3,0.0,0,0,0.0,0.0,-0.5473342528701514
317030,3170305,Umburatiba (MG),31,0.316,542.0,0.671,301.01,Faixa 2 (R$ 15k),15000.0,0,0.7,0.0,6072.0,6072.0,0.0,11202.95,3516.61,7686.35,0.0,0,0,0.0,0.0,-0.36195690123611823
317047,3170479,Uruana de Minas (MG),31,0.277,721.0,0.673,316.14,Faixa 3 (R$ 10k),10000.0,0,0.35,6.0,2259.0,2265.0,0.0026,3141.47,246.88,2894.59,0.0,0,0,0.0,0.0,-0.5488067815196078
317050,3170503,Urucânia (MG),31,0.399,3123.0,0.625,345.99,Faixa 2 (R$ 15k),15000.0,0,0.7,0.0,13645.0,13645.0,0.0,4369.2,995.84,3373.36,0.0,0,0,0.0,0.0,-0.5150157238351577
317103,3171030,Verdelândia (MG),31,0.608,1845.0,0.596,218.84,Faixa 1 (R$ 20k),20000.0,0,0.8,7637.0,5967.0,13604.0,0.5614,7373.44,538.75,6834.69,0.0,0,0,0.0,0.0,-0.19007040571152437
310500,3105004,Baldim (MG),31,0.401,1853.0,0.69,379.2,Faixa 1 (R$ 20k),20000.0,0,0.8,622.0,11319.0,11941.0,0.0521,6444.14,1336.75,5107.39,0.0,0,0,0.0,0.0,-0.45186751130562497
315480,3154804,Rio Acima (MG),31,0.378,2907.0,0.672,521.61,Faixa 2 (R$ 15k),15000.0,0,0.7,2469.0,6675.0,9144.0,0.27,3145.51,778.12,2367.39,0.0,0,0,0.0,0.0,-0.3929373010185112
316830,3168309,Taquaraçu de Minas (MG),31,0.283,551.0,0.684,431.68,Faixa 3 (R$ 10k),10000.0,0,0.35,0.0,2684.0,2684.0,0.0,4871.14,1593.47,3277.68,0.0,0,0,0.0,0.0,-0.4930825398392624
350470,3504701,Balbinos (SP),35,0.207,700.0,0.743,538.73,Faixa 3 (R$ 10k),10000.0,0,0.35,6570.0,6717.0,13287.0,0.4945,18981.43,5472.86,13508.57,0.0,0,0,0.0,0.0,0.05128639109045696
350720,3507209,Borá (SP),35,0.159,307.0,0.761,613.92,Faixa 3 (R$ 10k),10000.0,0,0.35,217.0,3395.0,3612.0,0.0601,11765.47,6586.32,5179.15,0.0,0,0,0.0,0.0,-0.24324666340460732
354085,3540853,Pracinha (SP),35,0.359,703.0,0.702,445.53,Faixa 2 (R$ 15k),15000.0,0,0.7,25.0,4364.0,4389.0,0.0057,6243.24,4560.46,1682.79,0.0,0,0,0.0,0.0,-0.39554060596290824
412862,4128625,Alto Paraíso (PR),41,0.317,559.0,0.663,522.37,Faixa 2 (R$ 15k),15000.0,0,0.7,1355.0,1051.0,2406.0,0.5632,4304.11,1434.7,2869.41,0.0,0,0,0.0,0.0,-0.2052927788586177
411830,4118303,Paranapoema (PR),41,0.375,841.0,0.697,470.07,Faixa 2 (R$ 15k),15000.0,0,0.7,0.0,2258.0,2258.0,0.0,2684.9,1223.54,1461.36,0.0,0,0,0.0,0.0,-0.5307350924395065
431973,4319737,São Valério do Sul (RS),43,0.449,1272.0,0.622,497.19,Faixa 1 (R$ 20k),20000.0,0,0.8,0.0,7325.0,7325.0,0.0,5758.65,1028.3,4730.35,0.0,0,0,0.0,0.0,-0.49633827939333097
432235,4322350,União da Serra (RS),43,0.171,1487.0,0.733,1068.08,Faixa 3 (R$ 10k),10000.0,0,0.35,0.0,411.0,411.0,0.0,276.4,173.5,102.89,0.0,0,0,0.0,0.0,-0.5888683345632915
