cod_ibge6,cod_ibge7,municipio_uf,uf,nome_uf,ivs_2010,ivs_infra_2010,ivs_ch_2010,ivs_rt_2010,idhm_2010,populacao_2010,rdpc_2010
530010,5300108,Brasília (DF),53,Distrito Federal,0.315,0.413,0.275,0.258,0.799,711540.0,1157.82
520013,5200134,Acreúna (GO),52,Goiás,0.327,0.081,0.427,0.474,0.669,4912.0,462.5
520015,5200159,Adelândia (GO),52,Goiás,0.283,0.014,0.363,0.471,0.684,672.0,417.7
520050,5200506,Aloândia (GO),52,Goiás,0.279,0.0,0.386,0.451,0.68,395.0,503.41
520055,5200555,Alto Horizonte (GO),52,Goiás,0.233,0.004,0.339,0.358,0.713,1226.0,521.27
520060,5200605,Alto Paraíso de Goiás (GO),52,Goiás,0.3,0.002,0.429,0.468,0.721,1652.0,461.63
520080,5200803,Alvorada do Norte (GO),52,Goiás,0.406,0.18,0.541,0.496,0.675,2422.0,371.34
520085,5200852,Americano do Brasil (GO),52,Goiás,0.345,0.22,0.36,0.454,0.715,1224.0,484.17
520090,5200902,Amorinópolis (GO),52,Goiás,0.427,0.451,0.403,0.428,0.675,544.0,449.96
520130,5201306,Anicuns (GO),52,Goiás,0.257,0.017,0.351,0.403,0.714,4214.0,506.27
520110,5201108,Anápolis (GO),52,Goiás,0.303,0.248,0.343,0.317,0.735,86654.0,645.38
520150,5201504,Aporé (GO),52,Goiás,0.335,0.004,0.473,0.528,0.689,711.0,450.62
520170,5201702,Aragarças (GO),52,Goiás,0.287,0.219,0.325,0.319,0.734,5865.0,503.93
520215,5202155,Araguapaz (GO),52,Goiás,0.309,0.018,0.359,0.549,0.712,1700.0,593.06
520160,5201603,Araçu (GO),52,Goiás,0.21,0.015,0.358,0.256,0.691,898.0,456.06
520250,5202502,Aruanã (GO),52,Goiás,0.283,0.053,0.443,0.353,0.677,2008.0,594.21
520280,5202809,Avelinópolis (GO),52,Goiás,0.297,0.0,0.452,0.439,0.607,466.0,386.51
520310,5203104,Baliza (GO),52,Goiás,0.258,0.06,0.403,0.312,0.753,398.0,478.09
520320,5203203,Barro Alto (GO),52,Goiás,0.222,0.016,0.381,0.27,0.75,1765.0,556.26
520340,5203401,Bom Jardim de Goiás (GO),52,Goiás,0.338,0.141,0.516,0.358,0.658,1927.0,511.49
520350,5203500,Bom Jesus de Goiás (GO),52,Goiás,0.293,0.018,0.43,0.432,0.684,4761.0,538.34
520380,5203807,Britânia (GO),52,Goiás,0.293,0.024,0.459,0.394,0.675,1424.0,477.76
520390,5203906,Buriti Alegre (GO),52,Goiás,0.284,0.017,0.459,0.375,0.686,1679.0,473.67
520393,5203939,Buriti de Goiás (GO),52,Goiás,0.228,0.004,0.393,0.286,0.711,495.0,747.23
520410,5204102,Cachoeira Alta (GO),52,Goiás,0.296,0.016,0.447,0.426,0.695,1851.0,616.4
520425,5204250,Cachoeira Dourada (GO),52,Goiás,0.266,0.135,0.313,0.351,0.7,1331.0,602.07
520420,5204201,Cachoeira de Goiás (GO),52,Goiás,0.286,0.0,0.289,0.571,0.719,327.0,486.56
520440,5204409,Caiapônia (GO),52,Goiás,0.28,0.007,0.396,0.438,0.708,3778.0,510.91
520450,5204508,Caldas Novas (GO),52,Goiás,0.218,0.093,0.323,0.237,0.735,16835.0,619.17
520460,5204607,Campestre de Goiás (GO),52,Goiás,0.258,0.006,0.412,0.358,0.65,742.0,379.84
520465,5204656,Campinaçu (GO),52,Goiás,0.305,0.017,0.462,0.437,0.654,545.0,457.92
520470,5204706,Campinorte (GO),52,Goiás,0.271,0.009,0.404,0.399,0.717,2689.0,578.57
520480,5204805,Campo Alegre de Goiás (GO),52,Goiás,0.285,0.072,0.371,0.413,0.715,1057.0,649.62
520485,5204854,Campo Limpo de Goiás (GO),52,Goiás,0.367,0.233,0.498,0.369,0.669,1435.0,403.2
520490,5204904,Campos Belos (GO),52,Goiás,0.315,0.064,0.416,0.466,0.707,6207.0,462.3
520495,5204953,Campos Verdes (GO),52,Goiás,0.39,0.078,0.535,0.556,0.664,1550.0,321.31
520500,5205000,Carmo do Rio Verde (GO),52,Goiás,0.226,0.036,0.314,0.328,0.72,1775.0,522.89
520505,5205059,Castelândia (GO),52,Goiás,0.381,0.007,0.634,0.502,0.664,1025.0,392.64
520510,5205109,Catalão (GO),52,Goiás,0.211,0.073,0.287,0.274,0.751,16419.0,679.95
520430,5204300,Caçu (GO),52,Goiás,0.19,0.004,0.355,0.211,0.702,1715.0,705.14
520540,5205406,Ceres (GO),52,Goiás,0.168,0.015,0.249,0.24,0.784,5106.0,802.3
520545,5205455,Cezarina (GO),52,Goiás,0.269,0.002,0.411,0.395,0.731,1584.0,555.18
520547,5205471,Chapadão do Céu (GO),52,Goiás,0.205,0.0,0.397,0.218,0.725,1619.0,687.38
520590,5205901,Corumbaíba (GO),52,Goiás,0.224,0.022,0.303,0.346,0.718,1439.0,488.86
520630,5206305,Cristianópolis (GO),52,Goiás,0.254,0.011,0.39,0.361,0.66,644.0,390.95
520640,5206404,Crixás (GO),52,Goiás,0.262,0.088,0.354,0.345,0.741,3877.0,618.86
520650,5206503,Cromínia (GO),52,Goiás,0.251,0.005,0.44,0.307,0.693,689.0,443.5
520660,5206602,Cumari (GO),52,Goiás,0.189,0.014,0.273,0.281,0.732,477.0,491.5
520680,5206800,Damolândia (GO),52,Goiás,0.302,0.211,0.339,0.357,0.696,556.0,444.24
520690,5206909,Davinópolis (GO),52,Goiás,0.199,0.0,0.257,0.341,0.718,277.0,531.72
520710,5207105,Diorama (GO),52,Goiás,0.261,0.0,0.316,0.467,0.719,404.0,405.49
520830,5208301,Divinópolis de Goiás (GO),52,Goiás,0.27,0.007,0.399,0.403,0.713,1302.0,451.21
520725,5207253,Doverlândia (GO),52,Goiás,0.275,0.002,0.453,0.371,0.682,1369.0,464.42
520735,5207352,Edealina (GO),52,Goiás,0.286,0.004,0.371,0.483,0.709,715.0,544.8
520740,5207402,Edéia (GO),52,Goiás,0.265,0.125,0.304,0.365,0.746,2427.0,615.73
520750,5207501,Estrela do Norte (GO),52,Goiás,0.239,0.011,0.333,0.372,0.674,891.0,515.73
520753,5207535,Faina (GO),52,Goiás,0.288,0.047,0.411,0.405,0.689,1172.0,383.57
520760,5207600,Fazenda Nova (GO),52,Goiás,0.265,0.037,0.385,0.373,0.699,929.0,428.5
520780,5207808,Firminópolis (GO),52,Goiás,0.364,0.351,0.382,0.36,0.738,2176.0,566.73
520790,5207907,Flores de Goiás (GO),52,Goiás,0.293,0.032,0.361,0.487,0.727,1078.0,378.65
520810,5208103,Formoso (GO),52,Goiás,0.304,0.041,0.394,0.477,0.715,1106.0,434.49
520815,5208152,Gameleira de Goiás (GO),52,Goiás,0.257,0.017,0.361,0.394,0.648,878.0,499.15
520850,5208509,Goiandira (GO),52,Goiás,0.241,0.177,0.243,0.304,0.763,839.0,634.64
520860,5208608,Goianésia (GO),52,Goiás,0.281,0.125,0.345,0.374,0.71,16738.0,553.1
520910,5209101,Goiatuba (GO),52,Goiás,0.353,0.396,0.284,0.379,0.711,6300.0,531.53
520890,5208905,Goiás (GO),52,Goiás,0.328,0.246,0.393,0.346,0.759,5715.0,671.57
520915,5209150,Gouvelândia (GO),52,Goiás,0.302,0.035,0.45,0.421,0.679,1090.0,470.24
520940,5209408,Guarani de Goiás (GO),52,Goiás,0.309,0.012,0.336,0.581,0.731,546.0,368.53
520929,5209291,Guaraíta (GO),52,Goiás,0.236,0.005,0.376,0.328,0.71,465.0,390.05
520980,5209804,Hidrolina (GO),52,Goiás,0.238,0.029,0.286,0.399,0.676,881.0,435.81
520990,5209903,Iaciara (GO),52,Goiás,0.435,0.175,0.596,0.532,0.653,3498.0,355.66
520993,5209937,Inaciolândia (GO),52,Goiás,0.323,0.263,0.371,0.334,0.696,1503.0,455.66
520995,5209952,Indiara (GO),52,Goiás,0.327,0.176,0.378,0.427,0.708,3358.0,552.92
521010,5210109,Ipameri (GO),52,Goiás,0.306,0.261,0.318,0.339,0.687,5693.0,499.25
521020,5210208,Iporá (GO),52,Goiás,0.204,0.019,0.29,0.304,0.736,7222.0,652.91
521040,5210406,Itaberaí (GO),52,Goiás,0.326,0.139,0.426,0.413,0.722,7623.0,619.4
521056,5210562,Itaguari (GO),52,Goiás,0.268,0.022,0.341,0.439,0.711,1154.0,513.15
521060,5210604,Itaguaru (GO),52,Goiás,0.205,0.011,0.303,0.301,0.74,1601.0,542.05
521080,5210802,Itajá (GO),52,Goiás,0.286,0.0,0.396,0.461,0.688,875.0,504.4
521090,5210901,Itapaci (GO),52,Goiás,0.272,0.058,0.37,0.388,0.73,4861.0,566.73
521100,5211008,Itapirapuã (GO),52,Goiás,0.323,0.089,0.441,0.438,0.685,1652.0,478.98
521120,5211206,Itapuranga (GO),52,Goiás,0.206,0.008,0.326,0.284,0.73,4713.0,526.25
521130,5211305,Itarumã (GO),52,Goiás,0.294,0.009,0.515,0.357,0.689,981.0,835.79
521140,5211404,Itauçu (GO),52,Goiás,0.213,0.049,0.279,0.311,0.731,1518.0,510.79
521150,5211503,Itumbiara (GO),52,Goiás,0.252,0.112,0.33,0.313,0.744,20153.0,645.32
521160,5211602,Ivolândia (GO),52,Goiás,0.255,0.073,0.395,0.297,0.696,660.0,444.73
521170,5211701,Jandaia (GO),52,Goiás,0.269,0.108,0.295,0.403,0.725,1248.0,533.85
521180,5211800,Jaraguá (GO),52,Goiás,0.229,0.018,0.367,0.3,0.701,10352.0,545.35
521190,5211909,Jataí (GO),52,Goiás,0.216,0.043,0.312,0.293,0.738,22142.0,657.58
521210,5212105,Joviânia (GO),52,Goiás,0.311,0.176,0.426,0.331,0.706,1511.0,553.11
521220,5212204,Jussara (GO),52,Goiás,0.256,0.027,0.363,0.378,0.773,3937.0,1355.38
521230,5212303,Leopoldo de Bulhões (GO),52,Goiás,0.305,0.208,0.435,0.271,0.659,1186.0,419.25
521270,5212709,Mambaí (GO),52,Goiás,0.388,0.183,0.529,0.451,0.654,1639.0,323.36
521280,5212808,Mara Rosa (GO),52,Goiás,0.324,0.038,0.43,0.505,0.691,2527.0,441.15
521290,5212907,Marzagão (GO),52,Goiás,0.254,0.0,0.433,0.329,0.694,420.0,454.29
521295,5212956,Matrinchã (GO),52,Goiás,0.319,0.036,0.38,0.539,0.67,886.0,428.77
521300,5213004,Maurilândia (GO),52,Goiás,0.417,0.266,0.496,0.489,0.678,3196.0,494.54
521308,5213087,Minaçu (GO),52,Goiás,0.286,0.04,0.343,0.474,0.711,8416.0,482.08
521310,5213103,Mineiros (GO),52,Goiás,0.247,0.006,0.399,0.336,0.694,12916.0,573.04
521340,5213400,Moiporá (GO),52,Goiás,0.208,0.0,0.295,0.329,0.726,270.0,470.24
521350,5213509,Monte Alegre de Goiás (GO),52,Goiás,0.389,0.173,0.454,0.541,0.667,1364.0,323.18
521370,5213707,Montes Claros de Goiás (GO),52,Goiás,0.285,0.046,0.318,0.493,0.695,1436.0,554.94
521375,5213756,Montividiu (GO),52,Goiás,0.236,0.011,0.321,0.378,0.71,1958.0,621.6
521377,5213772,Montividiu do Norte (GO),52,Goiás,0.229,0.02,0.302,0.364,0.692,482.0,390.75
521380,5213806,Morrinhos (GO),52,Goiás,0.265,0.105,0.393,0.295,0.706,7141.0,578.66
521385,5213855,Morro Agudo de Goiás (GO),52,Goiás,0.274,0.017,0.331,0.475,0.715,473.0,436.47
521390,5213905,Mossâmedes (GO),52,Goiás,0.281,0.02,0.343,0.479,0.71,857.0,506.09
521400,5214002,Mozarlândia (GO),52,Goiás,0.264,0.052,0.401,0.338,0.689,3832.0,485.15
521405,5214051,Mundo Novo (GO),52,Goiás,0.331,0.087,0.351,0.554,0.668,1258.0,423.54
521410,5214101,Mutunópolis (GO),52,Goiás,0.255,0.039,0.325,0.4,0.725,817.0,531.41
521440,5214408,Nazário (GO),52,Goiás,0.325,0.176,0.402,0.398,0.715,1596.0,487.15
521460,5214606,Niquelândia (GO),52,Goiás,0.282,0.091,0.36,0.394,0.725,10509.0,532.92
521470,5214705,Nova América (GO),52,Goiás,0.287,0.011,0.382,0.469,0.682,486.0,431.07
521480,5214804,Nova Aurora (GO),52,Goiás,0.178,0.0,0.263,0.272,0.76,911.0,593.21
521483,5214838,Nova Crixás (GO),52,Goiás,0.334,0.092,0.403,0.505,0.678,2712.0,548.38
521486,5214861,Nova Glória (GO),52,Goiás,0.373,0.252,0.429,0.44,0.648,1522.0,371.78
521520,5215207,Novo Brasil (GO),52,Goiás,0.26,0.073,0.281,0.425,0.71,591.0,562.18
521530,5215306,Orizona (GO),52,Goiás,0.257,0.101,0.296,0.374,0.733,1535.0,536.5
521540,5215405,Ouro Verde de Goiás (GO),52,Goiás,0.241,0.019,0.271,0.434,0.724,842.0,501.49
521550,5215504,Ouvidor (GO),52,Goiás,0.222,0.005,0.309,0.352,0.734,770.0,572.93
521565,5215652,Palestina de Goiás (GO),52,Goiás,0.268,0.0,0.427,0.377,0.709,614.0,405.2
521570,5215702,Palmeiras de Goiás (GO),52,Goiás,0.281,0.015,0.461,0.368,0.715,5034.0,555.32
521580,5215801,Palmelo (GO),52,Goiás,0.208,0.0,0.302,0.321,0.724,555.0,718.6
521590,5215900,Palminópolis (GO),52,Goiás,0.229,0.004,0.3,0.383,0.706,782.0,503.62
521600,5216007,Panamá (GO),52,Goiás,0.305,0.004,0.323,0.587,0.705,556.0,478.92
521630,5216304,Paranaiguara (GO),52,Goiás,0.268,0.011,0.338,0.455,0.714,2115.0,551.65
521640,5216403,Paraúna (GO),52,Goiás,0.333,0.127,0.469,0.402,0.673,2179.0,486.07
521680,5216809,Petrolina de Goiás (GO),52,Goiás,0.295,0.146,0.373,0.365,0.689,1472.0,488.87
521710,5217104,Piracanjuba (GO),52,Goiás,0.243,0.011,0.399,0.318,0.71,4019.0,593.11
521720,5217203,Piranhas (GO),52,Goiás,0.278,0.107,0.333,0.395,0.723,2892.0,534.38
521740,5217401,Pires do Rio (GO),52,Goiás,0.28,0.133,0.375,0.332,0.717,5844.0,566.56
521770,5217708,Pontalina (GO),52,Goiás,0.284,0.134,0.381,0.335,0.693,3499.0,517.43
521800,5218003,Porangatu (GO),52,Goiás,0.248,0.032,0.365,0.349,0.724,11223.0,534.24
521805,5218052,Porteirão (GO),52,Goiás,0.211,0.009,0.275,0.349,0.706,826.0,586.36
521810,5218102,Portelândia (GO),52,Goiás,0.255,0.01,0.414,0.34,0.645,755.0,408.43
521830,5218300,Posse (GO),52,Goiás,0.399,0.211,0.524,0.46,0.683,7917.0,443.88
521839,5218391,Professor Jamil (GO),52,Goiás,0.294,0.04,0.422,0.42,0.676,613.0,432.2
521850,5218508,Quirinópolis (GO),52,Goiás,0.229,0.007,0.323,0.358,0.72,8914.0,575.38
521860,5218607,Rialma (GO),52,Goiás,0.189,0.01,0.274,0.282,0.739,2982.0,557.52
521878,5218789,Rio Quente (GO),52,Goiás,0.153,0.012,0.247,0.201,0.704,644.0,524.24
521880,5218805,Rio Verde (GO),52,Goiás,0.243,0.049,0.384,0.295,0.731,42544.0,663.07
521890,5218904,Rubiataba (GO),52,Goiás,0.205,0.011,0.327,0.278,0.718,3786.0,479.51
521900,5219001,Sanclerlândia (GO),52,Goiás,0.241,0.003,0.368,0.352,0.714,1369.0,517.85
521910,5219100,Santa Bárbara de Goiás (GO),52,Goiás,0.263,0.133,0.356,0.3,0.718,1684.0,466.27
521920,5219209,Santa Cruz de Goiás (GO),52,Goiás,0.259,0.022,0.356,0.397,0.687,730.0,418.45
521925,5219258,Santa Fé de Goiás (GO),52,Goiás,0.251,0.02,0.363,0.371,0.716,1182.0,474.55
521930,5219308,Santa Helena de Goiás (GO),52,Goiás,0.287,0.135,0.433,0.295,0.71,10006.0,541.75
521935,5219357,Santa Isabel (GO),52,Goiás,0.24,0.04,0.407,0.274,0.669,1047.0,435.23
521940,5219407,Santa Rita do Araguaia (GO),52,Goiás,0.332,0.171,0.448,0.376,0.679,1727.0,480.93
521950,5219506,Santa Rosa de Goiás (GO),52,Goiás,0.355,0.046,0.564,0.455,0.678,463.0,404.78
521960,5219605,Santa Tereza de Goiás (GO),52,Goiás,0.315,0.092,0.413,0.441,0.654,1244.0,390.29
521970,5219704,Santa Terezinha de Goiás (GO),52,Goiás,0.316,0.085,0.428,0.433,0.698,2463.0,372.64
521971,5219712,Santo Antônio da Barra (GO),52,Goiás,0.328,0.089,0.435,0.46,0.67,983.0,443.11
522050,5220504,Serranópolis (GO),52,Goiás,0.282,0.002,0.427,0.416,0.705,1774.0,545.64
522060,5220603,Silvânia (GO),52,Goiás,0.3,0.255,0.306,0.338,0.71,3105.0,562.51
522068,5220686,Simolândia (GO),52,Goiás,0.357,0.045,0.482,0.543,0.674,1918.0,322.73
521980,5219803,São Domingos (GO),52,Goiás,0.32,0.022,0.516,0.422,0.619,2054.0,357.66
521990,5219902,São Francisco de Goiás (GO),52,Goiás,0.284,0.005,0.468,0.38,0.684,1166.0,489.81
522000,5220009,São João D'Aliança (GO),52,Goiás,0.335,0.102,0.416,0.487,0.7,2483.0,376.57
522005,5220058,São João da Paraúna (GO),52,Goiás,0.197,0.005,0.284,0.301,0.753,327.0,553.51
522010,5220108,São Luís de Montes Belos (GO),52,Goiás,0.232,0.018,0.34,0.339,0.725,6979.0,615.67
522015,5220157,São Luíz do Norte (GO),52,Goiás,0.308,0.07,0.449,0.405,0.687,1191.0,393.82
522020,5220207,São Miguel do Araguaia (GO),52,Goiás,0.324,0.123,0.347,0.502,0.686,5187.0,465.05
522026,5220264,São Miguel do Passa Quatro (GO),52,Goiás,0.296,0.005,0.366,0.518,0.733,406.0,603.34
522028,5220280,São Patrício (GO),52,Goiás,0.226,0.0,0.321,0.358,0.665,269.0,412.3
522040,5220405,São Simão (GO),52,Goiás,0.255,0.003,0.346,0.415,0.703,4451.0,605.96
522100,5221007,Taquaral de Goiás (GO),52,Goiás,0.169,0.0,0.256,0.25,0.716,718.0,537.98
522145,5221452,Trombas (GO),52,Goiás,0.34,0.051,0.463,0.505,0.663,613.0,403.82
522130,5221304,Três Ranchos (GO),52,Goiás,0.164,0.008,0.245,0.239,0.748,499.0,631.51
522150,5221502,Turvânia (GO),52,Goiás,0.329,0.136,0.348,0.503,0.716,1018.0,491.84
522170,5221700,Uruana (GO),52,Goiás,0.305,0.058,0.338,0.52,0.691,2747.0,423.44
522160,5221601,Uruaçu (GO),52,Goiás,0.222,0.046,0.295,0.324,0.727,10773.0,597.51
522180,5221809,Urutaí (GO),52,Goiás,0.247,0.118,0.288,0.333,0.726,679.0,547.02
522190,5221908,Varjão (GO),52,Goiás,0.232,0.003,0.259,0.435,0.71,634.0,553.85
522200,5222005,Vianópolis (GO),52,Goiás,0.303,0.328,0.265,0.315,0.716,2686.0,505.77
522205,5222054,Vicentinópolis (GO),52,Goiás,0.325,0.195,0.476,0.304,0.695,1585.0,526.76
522230,5222302,Vila Propício (GO),52,Goiás,0.252,0.016,0.313,0.426,0.699,501.0,441.8
520020,5200209,Água Limpa (GO),52,Goiás,0.249,0.012,0.407,0.328,0.73,301.0,433.84
520010,5200100,Abadiânia (GO),52,Goiás,0.256,0.014,0.432,0.321,0.69,2966.0,429.93
520030,5200308,Alexânia (GO),52,Goiás,0.288,0.025,0.488,0.352,0.667,5722.0,450.44
520400,5204003,Cabeceiras (GO),52,Goiás,0.276,0.058,0.401,0.369,0.706,1986.0,395.8
520549,5205497,Cidade Ocidental (GO),52,Goiás,0.35,0.412,0.312,0.327,0.755,13884.0,703.42
520551,5205513,Cocalzinho de Goiás (GO),52,Goiás,0.257,0.019,0.35,0.404,0.675,1884.0,477.54
520580,5205802,Corumbá de Goiás (GO),52,Goiás,0.266,0.017,0.414,0.368,0.727,1837.0,541.7
520620,5206206,Cristalina (GO),52,Goiás,0.374,0.243,0.472,0.406,0.701,11827.0,481.5
520800,5208004,Formosa (GO),52,Goiás,0.297,0.085,0.417,0.39,0.736,29084.0,617.72
521250,5212501,Luziânia (GO),52,Goiás,0.436,0.478,0.436,0.392,0.699,51944.0,479.05
521523,5215231,Novo Gama (GO),52,Goiás,0.429,0.457,0.442,0.387,0.68,33380.0,458.04
521560,5215603,Padre Bernardo (GO),52,Goiás,0.284,0.008,0.435,0.409,0.69,3719.0,464.08
521730,5217302,Pirenópolis (GO),52,Goiás,0.266,0.012,0.388,0.397,0.725,3732.0,427.13
521760,5217609,Planaltina (GO),52,Goiás,0.431,0.472,0.444,0.376,0.682,26942.0,422.78
521975,5219753,Santo Antônio do Descoberto (GO),52,Goiás,0.442,0.513,0.434,0.378,0.678,18899.0,409.26
522185,5221858,Valparaíso de Goiás (GO),52,Goiás,0.343,0.438,0.315,0.275,0.745,42848.0,665.76
520017,5200175,Água Fria de Goiás (GO),52,Goiás,0.356,0.036,0.524,0.507,0.689,672.0,372.17
520025,5200258,Águas Lindas de Goiás (GO),52,Goiás,0.404,0.458,0.397,0.357,0.691,53673.0,422.35
520005,5200050,Abadia de Goiás (GO),52,Goiás,0.198,0.002,0.263,0.328,0.728,1380.0,563.09
520140,5201405,Aparecida de Goiânia (GO),52,Goiás,0.369,0.477,0.364,0.268,0.715,141520.0,573.67
520180,5201801,Aragoiânia (GO),52,Goiás,0.402,0.494,0.396,0.316,0.694,1433.0,492.99
520330,5203302,Bela Vista de Goiás (GO),52,Goiás,0.326,0.265,0.402,0.311,0.696,4280.0,566.43
520355,5203559,Bonfinópolis (GO),52,Goiás,0.395,0.42,0.369,0.396,0.676,1976.0,433.99
520360,5203609,Brazabrantes (GO),52,Goiás,0.254,0.028,0.343,0.393,0.721,581.0,568.57
520455,5204557,Caldazinha (GO),52,Goiás,0.366,0.387,0.359,0.353,0.674,791.0,480.53
520520,5205208,Caturaí (GO),52,Goiás,0.355,0.241,0.498,0.327,0.664,977.0,441.62
520880,5208806,Goianira (GO),52,Goiás,0.391,0.418,0.394,0.363,0.694,9798.0,452.71
520840,5208400,Goianápolis (GO),52,Goiás,0.323,0.155,0.432,0.382,0.706,2446.0,461.37
520870,5208707,Goiânia (GO),52,Goiás,0.318,0.415,0.297,0.241,0.784,333598.0,910.81
520920,5209200,Guapó (GO),52,Goiás,0.335,0.332,0.344,0.329,0.744,3486.0,667.23
520970,5209705,Hidrolândia (GO),52,Goiás,0.343,0.281,0.441,0.305,0.748,2468.0,604.14
521000,5210000,Inhumas (GO),52,Goiás,0.223,0.062,0.31,0.297,0.708,11264.0,580.91
521450,5214507,Nerópolis (GO),52,Goiás,0.298,0.114,0.404,0.376,0.713,6574.0,490.99
521500,5215009,Nova Veneza (GO),52,Goiás,0.278,0.142,0.326,0.366,0.712,1624.0,447.74
521973,5219738,Santo Antônio de Goiás (GO),52,Goiás,0.314,0.239,0.35,0.354,0.724,1205.0,510.7
522045,5220454,Senador Canedo (GO),52,Goiás,0.389,0.449,0.392,0.326,0.711,27829.0,481.63
522119,5221197,Terezópolis de Goiás (GO),52,Goiás,0.3,0.129,0.389,0.382,0.697,1716.0,436.34
522140,5221403,Trindade (GO),52,Goiás,0.37,0.421,0.387,0.304,0.701,30006.0,502.95
510025,5100250,Alta Floresta (MT),51,Mato Grosso,0.253,0.091,0.357,0.31,0.718,11366.0,562.87
510030,5100300,Alto Araguaia (MT),51,Mato Grosso,0.263,0.017,0.416,0.354,0.716,3735.0,577.67
510035,5100359,Alto Boa Vista (MT),51,Mato Grosso,0.297,0.155,0.383,0.353,0.692,1114.0,367.63
510040,5100409,Alto Garças (MT),51,Mato Grosso,0.286,0.056,0.409,0.393,0.676,2190.0,439.08
510060,5100607,Alto Taquari (MT),51,Mato Grosso,0.207,0.021,0.371,0.23,0.699,1712.0,573.91
510080,5100805,Apiacás (MT),51,Mato Grosso,0.28,0.064,0.468,0.308,0.699,1709.0,471.0
510125,5101258,Araputanga (MT),51,Mato Grosso,0.233,0.012,0.316,0.37,0.725,3777.0,522.22
510130,5101308,Arenápolis (MT),51,Mato Grosso,0.29,0.163,0.317,0.391,0.725,3339.0,466.5
510140,5101407,Aripuanã (MT),51,Mato Grosso,0.316,0.021,0.523,0.402,0.708,3268.0,550.89
510170,5101704,Barra do Bugres (MT),51,Mato Grosso,0.318,0.124,0.428,0.404,0.696,8316.0,490.84
510180,5101803,Barra do Garças (MT),51,Mato Grosso,0.225,0.062,0.281,0.332,0.758,15940.0,652.1
510160,5101605,Barão de Melgaço (MT),51,Mato Grosso,0.369,0.301,0.405,0.402,0.666,1361.0,419.49
510185,5101852,Bom Jesus do Araguaia (MT),51,Mato Grosso,0.382,0.239,0.476,0.43,0.703,867.0,412.51
510190,5101902,Brasnorte (MT),51,Mato Grosso,0.408,0.457,0.445,0.323,0.7,2334.0,536.32
510263,5102637,Campo Novo do Parecis (MT),51,Mato Grosso,0.205,0.003,0.344,0.267,0.722,6545.0,616.68
510267,5102678,Campo Verde (MT),51,Mato Grosso,0.235,0.034,0.383,0.288,0.744,6793.0,612.78
510268,5102686,Campos de Júlio (MT),51,Mato Grosso,0.227,0.0,0.383,0.298,0.729,898.0,868.68
510269,5102694,Canabrava do Norte (MT),51,Mato Grosso,0.415,0.349,0.439,0.456,0.71,874.0,368.47
510270,5102702,Canarana (MT),51,Mato Grosso,0.277,0.026,0.459,0.348,0.688,3633.0,623.99
510279,5102793,Carlinda (MT),51,Mato Grosso,0.214,0.004,0.351,0.287,0.701,1262.0,430.26
510285,5102850,Castanheira (MT),51,Mato Grosso,0.289,0.076,0.436,0.354,0.728,943.0,447.37
510300,5103007,Chapada dos Guimarães (MT),51,Mato Grosso,0.266,0.052,0.43,0.317,0.728,4280.0,502.84
510305,5103056,Cláudia (MT),51,Mato Grosso,0.272,0.003,0.461,0.351,0.684,1955.0,447.68
510310,5103106,Cocalinho (MT),51,Mato Grosso,0.348,0.252,0.36,0.432,0.696,1236.0,521.44
510325,5103254,Colniza (MT),51,Mato Grosso,0.377,0.227,0.468,0.437,0.668,4366.0,466.92
510320,5103205,Colíder (MT),51,Mato Grosso,0.278,0.027,0.47,0.337,0.698,6311.0,559.87
510330,5103304,Comodoro (MT),51,Mato Grosso,0.292,0.031,0.481,0.366,0.707,3546.0,497.49
510335,5103353,Confresa (MT),51,Mato Grosso,0.313,0.105,0.386,0.448,0.702,4447.0,539.76
510336,5103361,Conquista D'Oeste (MT),51,Mato Grosso,0.278,0.004,0.439,0.39,0.713,494.0,546.76
510337,5103379,Cotriguaçu (MT),51,Mato Grosso,0.405,0.375,0.331,0.509,0.705,1531.0,524.22
510343,5103437,Curvelândia (MT),51,Mato Grosso,0.357,0.19,0.498,0.383,0.697,855.0,474.4
510250,5102504,Cáceres (MT),51,Mato Grosso,0.306,0.16,0.361,0.397,0.717,26284.0,511.07
510345,5103452,Denise (MT),51,Mato Grosso,0.316,0.212,0.35,0.386,0.674,2505.0,483.85
510350,5103502,Diamantino (MT),51,Mato Grosso,0.255,0.054,0.35,0.362,0.727,4661.0,554.35
510370,5103700,Feliz Natal (MT),51,Mato Grosso,0.315,0.178,0.447,0.32,0.693,1761.0,460.9
510380,5103809,Figueirópolis D'Oeste (MT),51,Mato Grosso,0.241,0.008,0.357,0.357,0.681,1017.0,417.39
510390,5103908,General Carneiro (MT),51,Mato Grosso,0.299,0.027,0.393,0.479,0.698,812.0,401.13
510395,5103957,Glória D'Oeste (MT),51,Mato Grosso,0.256,0.049,0.267,0.451,0.671,513.0,396.77
510410,5104104,Guarantã do Norte (MT),51,Mato Grosso,0.302,0.039,0.463,0.403,0.698,5955.0,547.88
510420,5104203,Guiratinga (MT),51,Mato Grosso,0.277,0.008,0.375,0.448,0.72,3778.0,473.41
510450,5104500,Indiavaí (MT),51,Mato Grosso,0.273,0.003,0.485,0.33,0.655,694.0,384.13
510452,5104526,Ipiranga do Norte (MT),51,Mato Grosso,0.249,0.0,0.454,0.294,0.722,739.0,554.86
510454,5104542,Itanhangá (MT),51,Mato Grosso,0.273,0.043,0.524,0.252,0.695,636.0,531.99
510455,5104559,Itaúba (MT),51,Mato Grosso,0.319,0.004,0.526,0.426,0.64,961.0,466.41
510460,5104609,Itiquira (MT),51,Mato Grosso,0.278,0.01,0.489,0.335,0.706,1156.0,591.8
510480,5104807,Jaciara (MT),51,Mato Grosso,0.249,0.049,0.41,0.288,0.712,6830.0,621.88
510500,5105002,Jauru (MT),51,Mato Grosso,0.311,0.134,0.432,0.367,0.684,1840.0,508.01
510510,5105101,Juara (MT),51,Mato Grosso,0.265,0.043,0.441,0.312,0.698,6584.0,540.75
510517,5105176,Juruena (MT),51,Mato Grosso,0.257,0.091,0.386,0.293,0.661,1708.0,414.77
510520,5105200,Juscimeira (MT),51,Mato Grosso,0.249,0.159,0.292,0.297,0.716,2751.0,507.6
510515,5105150,Juína (MT),51,Mato Grosso,0.291,0.116,0.446,0.31,0.711,7925.0,540.1
510523,5105234,Lambari D'Oeste (MT),51,Mato Grosso,0.392,0.164,0.586,0.427,0.657,841.0,549.52
510525,5105259,Lucas do Rio Verde (MT),51,Mato Grosso,0.186,0.014,0.314,0.231,0.755,8665.0,668.37
510530,5105309,Luciara (MT),51,Mato Grosso,0.211,0.037,0.327,0.269,0.69,666.0,321.1
510558,5105580,Marcelândia (MT),51,Mato Grosso,0.288,0.126,0.383,0.354,0.703,1568.0,499.67
510560,5105606,Matupá (MT),51,Mato Grosso,0.284,0.142,0.345,0.366,0.739,2884.0,599.74
510562,5105622,Mirassol D'Oeste (MT),51,Mato Grosso,0.237,0.066,0.337,0.307,0.689,5794.0,522.84
510590,5105903,Nobres (MT),51,Mato Grosso,0.301,0.032,0.417,0.454,0.705,4361.0,487.56
510600,5106000,Nortelândia (MT),51,Mato Grosso,0.25,0.018,0.356,0.377,0.713,2056.0,436.55
510615,5106158,Nova Bandeirantes (MT),51,Mato Grosso,0.228,0.036,0.418,0.231,0.644,931.0,614.52
510620,5106208,Nova Brasilândia (MT),51,Mato Grosso,0.267,0.081,0.411,0.31,0.695,1273.0,757.59
510621,5106216,Nova Canaã do Norte (MT),51,Mato Grosso,0.297,0.05,0.458,0.383,0.694,1729.0,624.67
510880,5108808,Nova Guarita (MT),51,Mato Grosso,0.32,0.045,0.438,0.476,0.651,1149.0,395.57
510618,5106182,Nova Lacerda (MT),51,Mato Grosso,0.241,0.014,0.347,0.363,0.663,795.0,433.58
510885,5108857,Nova Marilândia (MT),51,Mato Grosso,0.328,0.189,0.432,0.364,0.711,661.0,480.5
510890,5108907,Nova Maringá (MT),51,Mato Grosso,0.232,0.01,0.467,0.218,0.702,840.0,588.92
510895,5108956,Nova Monte Verde (MT),51,Mato Grosso,0.222,0.053,0.353,0.26,0.713,1034.0,466.34
510622,5106224,Nova Mutum (MT),51,Mato Grosso,0.228,0.029,0.411,0.244,0.75,6033.0,663.86
510623,5106232,Nova Olímpia (MT),51,Mato Grosso,0.365,0.012,0.599,0.486,0.672,5477.0,435.85
510619,5106190,Nova Santa Helena (MT),51,Mato Grosso,0.278,0.024,0.395,0.413,0.663,920.0,430.23
510624,5106240,Nova Ubiratã (MT),51,Mato Grosso,0.308,0.079,0.518,0.326,0.677,1375.0,511.02
510625,5106257,Nova Xavantina (MT),51,Mato Grosso,0.249,0.02,0.364,0.362,0.71,4769.0,557.64
510627,5106273,Novo Horizonte do Norte (MT),51,Mato Grosso,0.242,0.019,0.282,0.426,0.729,602.0,482.98
510626,5106265,Novo Mundo (MT),51,Mato Grosso,0.295,0.077,0.435,0.374,0.723,792.0,390.64
510631,5106315,Novo Santo Antônio (MT),51,Mato Grosso,0.37,0.184,0.525,0.402,0.682,458.0,362.11
510628,5106281,Novo São Joaquim (MT),51,Mato Grosso,0.328,0.06,0.505,0.418,0.654,991.0,542.94
510630,5106307,Paranatinga (MT),51,Mato Grosso,0.269,0.02,0.465,0.323,0.669,4266.0,499.59
510629,5106299,Paranaíta (MT),51,Mato Grosso,0.292,0.067,0.452,0.356,0.72,1321.0,531.73
510637,5106372,Pedra Preta (MT),51,Mato Grosso,0.282,0.013,0.399,0.435,0.667,3213.0,432.48
510642,5106422,Peixoto de Azevedo (MT),51,Mato Grosso,0.345,0.236,0.379,0.42,0.708,6685.0,562.72
510650,5106505,Poconé (MT),51,Mato Grosso,0.357,0.211,0.465,0.396,0.672,9067.0,449.33
510665,5106653,Pontal do Araguaia (MT),51,Mato Grosso,0.262,0.097,0.357,0.332,0.756,1491.0,516.58
510670,5106703,Ponte Branca (MT),51,Mato Grosso,0.3,0.003,0.336,0.562,0.677,415.0,534.44
510675,5106752,Pontes E Lacerda (MT),51,Mato Grosso,0.27,0.032,0.414,0.364,0.695,9162.0,529.93
510677,5106778,Porto Alegre do Norte (MT),51,Mato Grosso,0.237,0.026,0.3,0.384,0.727,1842.0,438.25
510682,5106828,Porto Esperidião (MT),51,Mato Grosso,0.294,0.045,0.385,0.453,0.652,1400.0,432.32
510680,5106802,Porto dos Gaúchos (MT),51,Mato Grosso,0.2,0.008,0.285,0.308,0.71,647.0,586.02
510700,5107008,Poxoréo (MT),51,Mato Grosso,0.319,0.072,0.448,0.437,0.676,4121.0,390.91
510704,5107040,Primavera do Leste (MT),51,Mato Grosso,0.229,0.009,0.387,0.29,0.725,11236.0,663.37
510706,5107065,Querência (MT),51,Mato Grosso,0.316,0.063,0.435,0.449,0.713,1247.0,569.61
510718,5107180,Ribeirão Cascalheira (MT),51,Mato Grosso,0.326,0.181,0.375,0.422,0.687,2009.0,519.02
510719,5107198,Ribeirãozinho (MT),51,Mato Grosso,0.184,0.002,0.271,0.278,0.734,404.0,657.27
510720,5107206,Rio Branco (MT),51,Mato Grosso,0.287,0.033,0.442,0.386,0.699,1282.0,574.53
510760,5107602,Rondonópolis (MT),51,Mato Grosso,0.224,0.017,0.328,0.325,0.745,53931.0,610.69
510770,5107701,Rosário Oeste (MT),51,Mato Grosso,0.306,0.093,0.407,0.417,0.695,3983.0,491.76
510775,5107750,Salto do Céu (MT),51,Mato Grosso,0.266,0.02,0.453,0.324,0.689,685.0,459.4
510724,5107248,Santa Carmem (MT),51,Mato Grosso,0.231,0.007,0.408,0.277,0.706,721.0,438.24
510774,5107743,Santa Cruz do Xingu (MT),51,Mato Grosso,0.296,0.075,0.436,0.376,0.684,386.0,398.47
510776,5107768,Santa Rita do Trivelato (MT),51,Mato Grosso,0.24,0.016,0.308,0.397,0.729,578.0,629.37
510777,5107776,Santa Terezinha (MT),51,Mato Grosso,0.392,0.25,0.363,0.564,0.693,1058.0,472.15
510779,5107792,Santo Antônio do Leste (MT),51,Mato Grosso,0.261,0.137,0.414,0.232,0.712,572.0,482.79
510787,5107875,Sapezal (MT),51,Mato Grosso,0.292,0.237,0.358,0.28,0.72,4007.0,700.34
510790,5107909,Sinop (MT),51,Mato Grosso,0.203,0.022,0.336,0.251,0.737,21383.0,628.45
510792,5107925,Sorriso (MT),51,Mato Grosso,0.267,0.006,0.429,0.366,0.703,13464.0,653.11
510730,5107305,São José do Rio Claro (MT),51,Mato Grosso,0.31,0.008,0.494,0.429,0.669,4132.0,443.85
510735,5107354,São José do Xingu (MT),51,Mato Grosso,0.271,0.075,0.412,0.326,0.67,1290.0,507.72
510710,5107107,São José dos Quatro Marcos (MT),51,Mato Grosso,0.236,0.026,0.316,0.368,0.722,3735.0,463.67
510794,5107941,Tabaporã (MT),51,Mato Grosso,0.204,0.034,0.307,0.27,0.673,1472.0,410.29
510795,5107958,Tangará da Serra (MT),51,Mato Grosso,0.231,0.008,0.375,0.31,0.734,20879.0,643.11
510800,5108006,Tapurah (MT),51,Mato Grosso,0.266,0.002,0.451,0.344,0.7,1620.0,565.75
510805,5108055,Terra Nova do Norte (MT),51,Mato Grosso,0.247,0.041,0.415,0.287,0.732,1025.0,474.48
510820,5108204,Torixoréu (MT),51,Mato Grosso,0.274,0.107,0.352,0.363,0.742,924.0,462.81
510830,5108303,União do Sul (MT),51,Mato Grosso,0.276,0.006,0.425,0.396,0.668,552.0,421.8
510835,5108352,Vale de São Domingos (MT),51,Mato Grosso,0.335,0.235,0.391,0.378,0.672,951.0,438.95
510850,5108501,Vera (MT),51,Mato Grosso,0.253,0.07,0.419,0.271,0.682,1894.0,429.84
510550,5105507,Vila Bela da Santíssima Trindade (MT),51,Mato Grosso,0.238,0.065,0.31,0.341,0.716,1671.0,519.73
510860,5108600,Vila Rica (MT),51,Mato Grosso,0.305,0.048,0.39,0.476,0.723,3836.0,672.57
510020,5100201,Água Boa (MT),51,Mato Grosso,0.269,0.142,0.364,0.301,0.725,4723.0,569.27
510340,5103403,Cuiabá (MT),51,Mato Grosso,0.287,0.331,0.289,0.241,0.78,176574.0,854.0
510840,5108402,Várzea Grande (MT),51,Mato Grosso,0.374,0.462,0.342,0.317,0.733,87169.0,578.21
500025,5000252,Alcinópolis (MS),50,Mato Grosso do Sul,0.227,0.047,0.324,0.308,0.723,791.0,515.51
500060,5000609,Amambai (MS),50,Mato Grosso do Sul,0.293,0.013,0.451,0.416,0.705,3673.0,539.45
500070,5000708,Anastácio (MS),50,Mato Grosso do Sul,0.351,0.202,0.443,0.41,0.693,4918.0,467.84
500080,5000807,Anaurilândia (MS),50,Mato Grosso do Sul,0.322,0.0,0.481,0.484,0.673,1233.0,485.02
500085,5000856,Angélica (MS),50,Mato Grosso do Sul,0.347,0.146,0.487,0.409,0.684,1924.0,506.3
500090,5000906,Antônio João (MS),50,Mato Grosso do Sul,0.342,0.031,0.528,0.468,0.64,1492.0,336.48
500100,5001003,Aparecida do Taboado (MS),50,Mato Grosso do Sul,0.317,0.022,0.541,0.389,0.668,3958.0,467.04
500110,5001102,Aquidauana (MS),50,Mato Grosso do Sul,0.341,0.183,0.441,0.397,0.697,10128.0,530.92
500124,5001243,Aral Moreira (MS),50,Mato Grosso do Sul,0.293,0.047,0.478,0.355,0.623,1016.0,346.29
500150,5001508,Bandeirantes (MS),50,Mato Grosso do Sul,0.239,0.02,0.394,0.304,0.698,1172.0,536.11
500190,5001904,Bataguassu (MS),50,Mato Grosso do Sul,0.286,0.009,0.478,0.37,0.698,4057.0,494.11
500200,5002001,Batayporã (MS),50,Mato Grosso do Sul,0.262,0.012,0.422,0.351,0.662,2555.0,437.47
500210,5002100,Bela Vista (MS),50,Mato Grosso do Sul,0.494,0.458,0.584,0.438,0.663,4354.0,366.67
500215,5002159,Bodoquena (MS),50,Mato Grosso do Sul,0.291,0.031,0.424,0.416,0.7,1624.0,473.52
500220,5002209,Bonito (MS),50,Mato Grosso do Sul,0.268,0.028,0.442,0.336,0.661,4254.0,526.55
500230,5002308,Brasilândia (MS),50,Mato Grosso do Sul,0.279,0.136,0.35,0.352,0.714,1906.0,556.59
500240,5002407,Caarapó (MS),50,Mato Grosso do Sul,0.313,0.134,0.467,0.337,0.703,3806.0,484.42
500260,5002605,Camapuã (MS),50,Mato Grosso do Sul,0.301,0.192,0.346,0.365,0.707,2581.0,605.8
500270,5002704,Campo Grande (MS),50,Mato Grosso do Sul,0.318,0.367,0.301,0.284,0.756,184539.0,738.19
500280,5002803,Caracol (MS),50,Mato Grosso do Sul,0.386,0.328,0.436,0.393,0.649,837.0,390.15
500290,5002902,Cassilândia (MS),50,Mato Grosso do Sul,0.281,0.007,0.471,0.365,0.692,3853.0,550.52
500295,5002951,Chapadão do Sul (MS),50,Mato Grosso do Sul,0.208,0.033,0.328,0.262,0.74,3651.0,639.84
500310,5003108,Corguinho (MS),50,Mato Grosso do Sul,0.292,0.013,0.448,0.416,0.728,554.0,728.84
500315,5003157,Coronel Sapucaia (MS),50,Mato Grosso do Sul,0.401,0.06,0.644,0.498,0.603,2694.0,294.23
500320,5003207,Corumbá (MS),50,Mato Grosso do Sul,0.338,0.197,0.4,0.416,0.69,32615.0,507.97
500325,5003256,Costa Rica (MS),50,Mato Grosso do Sul,0.24,0.002,0.374,0.342,0.713,3944.0,566.36
500330,5003306,Coxim (MS),50,Mato Grosso do Sul,0.273,0.025,0.433,0.361,0.689,8914.0,536.2
500345,5003454,Deodápolis (MS),50,Mato Grosso do Sul,0.282,0.134,0.348,0.364,0.703,2773.0,508.04
500348,5003488,Dois Irmãos do Buriti (MS),50,Mato Grosso do Sul,0.383,0.195,0.45,0.506,0.669,1456.0,363.16
500350,5003504,Douradina (MS),50,Mato Grosso do Sul,0.229,0.015,0.351,0.32,0.749,674.0,724.52
500370,5003702,Dourados (MS),50,Mato Grosso do Sul,0.253,0.13,0.347,0.281,0.728,35363.0,628.86
500375,5003751,Eldorado (MS),50,Mato Grosso do Sul,0.382,0.242,0.507,0.397,0.672,2468.0,485.39
500390,5003900,Figueirão (MS),50,Mato Grosso do Sul,0.26,0.007,0.459,0.315,0.637,713.0,451.18
500380,5003801,Fátima do Sul (MS),50,Mato Grosso do Sul,0.283,0.088,0.34,0.422,0.71,4183.0,542.37
500400,5004007,Glória de Dourados (MS),50,Mato Grosso do Sul,0.219,0.007,0.304,0.347,0.705,1759.0,512.37
500410,5004106,Guia Lopes da Laguna (MS),50,Mato Grosso do Sul,0.385,0.061,0.52,0.572,0.64,2278.0,358.68
500430,5004304,Iguatemi (MS),50,Mato Grosso do Sul,0.378,0.021,0.62,0.493,0.639,1948.0,416.4
500440,5004403,Inocência (MS),50,Mato Grosso do Sul,0.263,0.011,0.352,0.426,0.697,1003.0,541.16
500450,5004502,Itaporã (MS),50,Mato Grosso do Sul,0.299,0.034,0.431,0.431,0.7,2427.0,469.36
500460,5004601,Itaquiraí (MS),50,Mato Grosso do Sul,0.278,0.009,0.448,0.379,0.69,2030.0,474.1
500470,5004700,Ivinhema (MS),50,Mato Grosso do Sul,0.281,0.223,0.345,0.276,0.712,4166.0,600.36
500480,5004809,Japorã (MS),50,Mato Grosso do Sul,0.452,0.145,0.691,0.521,0.593,1101.0,328.87
500490,5004908,Jaraguari (MS),50,Mato Grosso do Sul,0.303,0.0,0.384,0.527,0.685,521.0,522.58
500500,5005004,Jardim (MS),50,Mato Grosso do Sul,0.277,0.024,0.394,0.412,0.697,6022.0,561.13
500510,5005103,Jateí (MS),50,Mato Grosso do Sul,0.295,0.0,0.546,0.338,0.71,603.0,515.07
500515,5005152,Juti (MS),50,Mato Grosso do Sul,0.407,0.069,0.604,0.547,0.627,964.0,348.03
500520,5005202,Ladário (MS),50,Mato Grosso do Sul,0.372,0.283,0.401,0.433,0.704,6555.0,516.96
500525,5005251,Laguna Carapã (MS),50,Mato Grosso do Sul,0.342,0.257,0.402,0.368,0.707,590.0,506.2
500540,5005400,Maracaju (MS),50,Mato Grosso do Sul,0.251,0.056,0.388,0.308,0.691,6624.0,554.98
500560,5005608,Miranda (MS),50,Mato Grosso do Sul,0.393,0.194,0.548,0.437,0.652,4450.0,408.33
500568,5005681,Mundo Novo (MS),50,Mato Grosso do Sul,0.306,0.012,0.505,0.401,0.645,4018.0,494.54
500570,5005707,Naviraí (MS),50,Mato Grosso do Sul,0.338,0.216,0.448,0.352,0.684,11726.0,509.79
500580,5005806,Nioaque (MS),50,Mato Grosso do Sul,0.303,0.153,0.392,0.364,0.676,1880.0,489.37
500600,5006002,Nova Alvorada do Sul (MS),50,Mato Grosso do Sul,0.314,0.162,0.464,0.315,0.682,3181.0,517.0
500620,5006200,Nova Andradina (MS),50,Mato Grosso do Sul,0.218,0.003,0.337,0.313,0.711,10093.0,581.39
500625,5006259,Novo Horizonte do Sul (MS),50,Mato Grosso do Sul,0.455,0.429,0.55,0.387,0.684,748.0,492.44
500630,5006309,Paranaíba (MS),50,Mato Grosso do Sul,0.249,0.02,0.376,0.352,0.705,6619.0,529.03
500635,5006358,Paranhos (MS),50,Mato Grosso do Sul,0.315,0.048,0.502,0.394,0.623,1587.0,334.63
500640,5006408,Pedro Gomes (MS),50,Mato Grosso do Sul,0.304,0.038,0.449,0.426,0.698,1755.0,455.74
500660,5006606,Ponta Porã (MS),50,Mato Grosso do Sul,0.364,0.172,0.504,0.416,0.696,15388.0,522.26
500690,5006903,Porto Murtinho (MS),50,Mato Grosso do Sul,0.304,0.026,0.469,0.417,0.68,2803.0,406.96
500710,5007109,Ribas do Rio Pardo (MS),50,Mato Grosso do Sul,0.422,0.409,0.465,0.393,0.647,3715.0,455.95
500720,5007208,Rio Brilhante (MS),50,Mato Grosso do Sul,0.35,0.121,0.526,0.402,0.67,5925.0,508.16
500730,5007307,Rio Negro (MS),50,Mato Grosso do Sul,0.289,0.036,0.448,0.383,0.692,929.0,465.72
500740,5007406,Rio Verde de Mato Grosso (MS),50,Mato Grosso do Sul,0.377,0.161,0.522,0.446,0.67,4946.0,465.47
500750,5007505,Rochedo (MS),50,Mato Grosso do Sul,0.244,0.02,0.323,0.39,0.678,808.0,555.22
500755,5007554,Santa Rita do Pardo (MS),50,Mato Grosso do Sul,0.274,0.002,0.419,0.402,0.653,949.0,452.1
500780,5007802,Selvíria (MS),50,Mato Grosso do Sul,0.303,0.173,0.38,0.356,0.68,1249.0,474.98
500770,5007703,Sete Quedas (MS),50,Mato Grosso do Sul,0.443,0.186,0.632,0.512,0.591,1993.0,385.41
500790,5007901,Sidrolândia (MS),50,Mato Grosso do Sul,0.281,0.013,0.431,0.4,0.696,6594.0,558.36
500793,5007935,Sonora (MS),50,Mato Grosso do Sul,0.278,0.02,0.43,0.384,0.672,4392.0,477.95
500769,5007695,São Gabriel do Oeste (MS),50,Mato Grosso do Sul,0.241,0.008,0.403,0.31,0.675,3778.0,526.23
500795,5007950,Tacuru (MS),50,Mato Grosso do Sul,0.323,0.026,0.425,0.518,0.693,870.0,516.92
500797,5007976,Taquarussu (MS),50,Mato Grosso do Sul,0.373,0.195,0.51,0.414,0.669,718.0,421.79
500800,5008008,Terenos (MS),50,Mato Grosso do Sul,0.302,0.108,0.412,0.385,0.673,2037.0,427.36
500830,5008305,Três Lagoas (MS),50,Mato Grosso do Sul,0.24,0.097,0.34,0.283,0.72,25555.0,606.69
500840,5008404,Vicentina (MS),50,Mato Grosso do Sul,0.26,0.196,0.279,0.307,0.722,1103.0,536.7
500020,5000203,Água Clara (MS),50,Mato Grosso do Sul,0.318,0.091,0.537,0.327,0.676,2833.0,508.38
270020,2700201,Anadia (AL),27,Alagoas,0.481,0.057,0.73,0.656,0.598,2931.0,240.15
270030,2700300,Arapiraca (AL),27,Alagoas,0.391,0.183,0.493,0.497,0.652,58469.0,371.72
270040,2700409,Atalaia (AL),27,Alagoas,0.477,0.189,0.636,0.607,0.614,7823.0,255.28
270070,2700706,Batalha (AL),27,Alagoas,0.456,0.125,0.609,0.636,0.609,4517.0,260.31
270090,2700904,Belo Monte (AL),27,Alagoas,0.495,0.344,0.57,0.571,0.589,413.0,201.7
270080,2700805,Belém (AL),27,Alagoas,0.483,0.2,0.642,0.607,0.618,738.0,299.69
270100,2701001,Boca da Mata (AL),27,Alagoas,0.415,0.114,0.55,0.581,0.636,5783.0,273.71
270110,2701100,Branquinha (AL),27,Alagoas,0.493,0.135,0.744,0.6,0.547,2431.0,216.15
270120,2701209,Cacimbinhas (AL),27,Alagoas,0.588,0.558,0.646,0.559,0.584,2039.0,243.0
270130,2701308,Cajueiro (AL),27,Alagoas,0.472,0.232,0.659,0.525,0.579,6435.0,226.08
270135,2701357,Campestre (AL),27,Alagoas,0.525,0.323,0.641,0.61,0.585,1911.0,260.84
270140,2701407,Campo Alegre (AL),27,Alagoas,0.509,0.209,0.661,0.658,0.59,8414.0,227.27
270150,2701506,Campo Grande (AL),27,Alagoas,0.54,0.317,0.608,0.695,0.573,1551.0,202.53
270160,2701605,Canapi (AL),27,Alagoas,0.585,0.575,0.572,0.609,0.564,1922.0,264.01
270170,2701704,Capela (AL),27,Alagoas,0.446,0.074,0.621,0.643,0.603,4453.0,256.8
270180,2701803,Carneiros (AL),27,Alagoas,0.577,0.52,0.573,0.639,0.552,1815.0,198.81
270190,2701902,Chã Preta (AL),27,Alagoas,0.501,0.465,0.591,0.447,0.599,1443.0,208.52
270200,2702009,Coité do Nóia (AL),27,Alagoas,0.377,0.227,0.509,0.395,0.579,1199.0,271.33
270210,2702108,Colônia Leopoldina (AL),27,Alagoas,0.47,0.043,0.717,0.652,0.561,4878.0,259.73
270230,2702306,Coruripe (AL),27,Alagoas,0.409,0.183,0.526,0.518,0.64,15723.0,281.92
270235,2702355,Craíbas (AL),27,Alagoas,0.461,0.229,0.667,0.487,0.566,2505.0,238.75
270240,2702405,Delmiro Gouveia (AL),27,Alagoas,0.363,0.071,0.489,0.53,0.628,12652.0,350.77
270250,2702504,Dois Riachos (AL),27,Alagoas,0.487,0.314,0.637,0.51,0.573,1913.0,220.77
270255,2702553,Estrela de Alagoas (AL),27,Alagoas,0.464,0.292,0.484,0.615,0.596,1578.0,248.87
270260,2702603,Feira Grande (AL),27,Alagoas,0.531,0.32,0.635,0.637,0.534,7001.0,176.23
270270,2702702,Feliz Deserto (AL),27,Alagoas,0.486,0.182,0.666,0.61,0.59,1268.0,210.39
270280,2702801,Flexeiras (AL),27,Alagoas,0.461,0.216,0.576,0.59,0.578,3027.0,218.41
270290,2702900,Girau do Ponciano (AL),27,Alagoas,0.47,0.278,0.519,0.613,0.604,4197.0,273.76
270300,2703007,Ibateguara (AL),27,Alagoas,0.483,0.133,0.679,0.637,0.561,3018.0,206.79
270310,2703106,Igaci (AL),27,Alagoas,0.548,0.349,0.654,0.641,0.571,8340.0,229.75
270320,2703205,Igreja Nova (AL),27,Alagoas,0.335,0.023,0.483,0.498,0.603,1752.0,255.56
270330,2703304,Inhapi (AL),27,Alagoas,0.586,0.568,0.619,0.571,0.558,2552.0,217.62
270340,2703403,Jacaré dos Homens (AL),27,Alagoas,0.505,0.423,0.539,0.554,0.608,1171.0,243.23
270350,2703502,Jacuípe (AL),27,Alagoas,0.43,0.115,0.581,0.594,0.588,1448.0,247.07
270360,2703601,Japaratinga (AL),27,Alagoas,0.45,0.241,0.495,0.615,0.601,1230.0,291.04
270370,2703700,Jaramataia (AL),27,Alagoas,0.418,0.24,0.517,0.498,0.61,984.0,229.06
270375,2703759,Jequiá da Praia (AL),27,Alagoas,0.5,0.23,0.669,0.6,0.553,3907.0,186.94
270380,2703809,Joaquim Gomes (AL),27,Alagoas,0.526,0.331,0.757,0.491,0.543,5025.0,181.69
270390,2703908,Jundiá (AL),27,Alagoas,0.577,0.612,0.568,0.551,0.616,1015.0,308.98
270400,2704005,Junqueiro (AL),27,Alagoas,0.316,0.138,0.398,0.413,0.669,2435.0,454.31
270410,2704104,Lagoa da Canoa (AL),27,Alagoas,0.449,0.241,0.615,0.493,0.57,3483.0,231.31
270420,2704203,Limoeiro de Anadia (AL),27,Alagoas,0.508,0.315,0.595,0.614,0.557,9403.0,193.01
270440,2704401,Major Isidoro (AL),27,Alagoas,0.554,0.484,0.605,0.572,0.593,3294.0,292.04
270490,2704906,Mar Vermelho (AL),27,Alagoas,0.37,0.007,0.564,0.539,0.599,588.0,247.26
270450,2704500,Maragogi (AL),27,Alagoas,0.401,0.136,0.532,0.535,0.633,6916.0,278.17
270460,2704609,Maravilha (AL),27,Alagoas,0.423,0.346,0.493,0.432,0.643,1723.0,285.14
270480,2704807,Maribondo (AL),27,Alagoas,0.411,0.107,0.59,0.536,0.607,3411.0,298.71
270500,2705002,Mata Grande (AL),27,Alagoas,0.37,0.072,0.634,0.406,0.597,2185.0,288.82
270510,2705101,Matriz de Camaragibe (AL),27,Alagoas,0.6,0.493,0.679,0.627,0.588,8708.0,226.23
270530,2705309,Minador do Negrão (AL),27,Alagoas,0.585,0.519,0.635,0.601,0.627,810.0,292.47
270540,2705408,Monteirópolis (AL),27,Alagoas,0.5,0.312,0.575,0.612,0.601,936.0,220.67
270550,2705507,Murici (AL),27,Alagoas,0.511,0.212,0.707,0.616,0.555,7777.0,230.35
270560,2705606,Novo Lino (AL),27,Alagoas,0.53,0.29,0.764,0.534,0.569,2454.0,239.43
270590,2705903,Olho D'Água Grande (AL),27,Alagoas,0.613,0.521,0.705,0.613,0.531,1668.0,141.1
270570,2705705,Olho D'Água das Flores (AL),27,Alagoas,0.432,0.083,0.637,0.576,0.593,4979.0,261.09
270580,2705804,Olho D'Água do Casado (AL),27,Alagoas,0.488,0.158,0.671,0.636,0.595,1563.0,270.53
270600,2706000,Olivença (AL),27,Alagoas,0.505,0.119,0.683,0.712,0.567,1188.0,223.27
270610,2706109,Ouro Branco (AL),27,Alagoas,0.537,0.516,0.569,0.525,0.626,2176.0,280.81
270630,2706307,Palmeira dos Índios (AL),27,Alagoas,0.43,0.213,0.551,0.525,0.656,17347.0,381.65
270650,2706505,Passo de Camaragibe (AL),27,Alagoas,0.532,0.42,0.568,0.607,0.573,2765.0,203.75
270660,2706604,Paulo Jacinto (AL),27,Alagoas,0.423,0.103,0.547,0.621,0.598,1498.0,227.19
270670,2706703,Penedo (AL),27,Alagoas,0.402,0.088,0.531,0.586,0.663,16605.0,364.62
270680,2706802,Piaçabuçu (AL),27,Alagoas,0.427,0.04,0.567,0.673,0.606,3813.0,231.12
270710,2707107,Piranhas (AL),27,Alagoas,0.424,0.197,0.582,0.494,0.622,5024.0,291.32
270730,2707305,Porto Calvo (AL),27,Alagoas,0.409,0.13,0.589,0.509,0.635,7132.0,278.46
270750,2707503,Porto Real do Colégio (AL),27,Alagoas,0.414,0.0,0.598,0.644,0.631,2513.0,306.0
270740,2707404,Porto de Pedras (AL),27,Alagoas,0.51,0.401,0.61,0.52,0.566,1773.0,219.83
270720,2707206,Poço das Trincheiras (AL),27,Alagoas,0.434,0.239,0.618,0.444,0.604,718.0,347.9
270640,2706406,Pão de Açúcar (AL),27,Alagoas,0.388,0.1,0.465,0.599,0.653,4296.0,279.29
270760,2707602,Quebrangulo (AL),27,Alagoas,0.417,0.17,0.561,0.52,0.563,2288.0,231.99
270780,2707800,Roteiro (AL),27,Alagoas,0.61,0.474,0.715,0.64,0.527,1959.0,189.23
270800,2708006,Santana do Ipanema (AL),27,Alagoas,0.429,0.138,0.615,0.535,0.627,8769.0,304.36
270810,2708105,Santana do Mundaú (AL),27,Alagoas,0.567,0.221,0.837,0.643,0.555,2031.0,211.96
270895,2708956,Senador Rui Palmeira (AL),27,Alagoas,0.495,0.336,0.627,0.523,0.587,1657.0,173.82
270820,2708204,São Brás (AL),27,Alagoas,0.411,0.082,0.572,0.577,0.635,1063.0,244.9
270830,2708303,São José da Laje (AL),27,Alagoas,0.477,0.178,0.711,0.541,0.596,5015.0,297.66
270840,2708402,São José da Tapera (AL),27,Alagoas,0.525,0.412,0.616,0.547,0.594,4698.0,270.29
270850,2708501,São Luís do Quitunde (AL),27,Alagoas,0.552,0.374,0.687,0.594,0.593,7806.0,265.27
270870,2708709,São Miguel dos Milagres (AL),27,Alagoas,0.499,0.212,0.625,0.66,0.636,745.0,276.02
270880,2708808,São Sebastião (AL),27,Alagoas,0.579,0.394,0.73,0.612,0.582,3930.0,242.33
270900,2709004,Tanque D'Arca (AL),27,Alagoas,0.462,0.25,0.539,0.598,0.626,775.0,226.05
270910,2709103,Taquarana (AL),27,Alagoas,0.474,0.236,0.61,0.576,0.602,2540.0,256.94
270915,2709152,Teotônio Vilela (AL),27,Alagoas,0.435,0.093,0.64,0.573,0.577,12324.0,231.52
270920,2709202,Traipu (AL),27,Alagoas,0.454,0.268,0.58,0.514,0.623,3202.0,274.59
270930,2709301,União dos Palmares (AL),27,Alagoas,0.395,0.042,0.562,0.58,0.615,16037.0,326.02
270940,2709400,Viçosa (AL),27,Alagoas,0.403,0.109,0.523,0.578,0.596,6627.0,265.56
270010,2700102,Água Branca (AL),27,Alagoas,0.414,0.289,0.466,0.488,0.693,2103.0,364.34
270050,2700508,Barra de Santo Antônio (AL),27,Alagoas,0.546,0.314,0.717,0.609,0.569,4571.0,224.56
270060,2700607,Barra de São Miguel (AL),27,Alagoas,0.331,0.036,0.493,0.463,0.629,2215.0,375.16
270220,2702207,Coqueiro Seco (AL),27,Alagoas,0.495,0.33,0.59,0.565,0.611,1877.0,294.88
270430,2704302,Maceió (AL),27,Alagoas,0.434,0.401,0.457,0.443,0.7,306012.0,565.89
270470,2704708,Marechal Deodoro (AL),27,Alagoas,0.398,0.08,0.603,0.512,0.625,15295.0,344.62
270520,2705200,Messias (AL),27,Alagoas,0.503,0.269,0.689,0.55,0.591,4795.0,267.27
270644,2706448,Paripueira (AL),27,Alagoas,0.421,0.204,0.513,0.546,0.617,3606.0,312.99
270690,2706901,Pilar (AL),27,Alagoas,0.425,0.052,0.601,0.622,0.615,11587.0,262.91
270770,2707701,Rio Largo (AL),27,Alagoas,0.522,0.506,0.499,0.561,0.646,19593.0,327.57
270790,2707909,Santa Luzia do Norte (AL),27,Alagoas,0.424,0.172,0.57,0.53,0.621,2412.0,288.3
270890,2708907,Satuba (AL),27,Alagoas,0.374,0.027,0.559,0.535,0.667,4382.0,368.96
270860,2708600,São Miguel dos Campos (AL),27,Alagoas,0.408,0.087,0.582,0.554,0.618,18333.0,330.17
290020,2900207,Abaré (BA),29,Bahia,0.472,0.153,0.538,0.725,0.619,3877.0,262.59
290010,2900108,Abaíra (BA),29,Bahia,0.419,0.189,0.431,0.639,0.623,2272.0,273.1
290030,2900306,Acajutiba (BA),29,Bahia,0.506,0.408,0.561,0.55,0.628,4928.0,257.93
290035,2900355,Adustina (BA),29,Bahia,0.427,0.177,0.571,0.533,0.619,1660.0,296.61
290070,2900702,Alagoinhas (BA),29,Bahia,0.327,0.14,0.367,0.474,0.712,51902.0,543.87
290090,2900900,Almadina (BA),29,Bahia,0.458,0.072,0.587,0.715,0.599,2129.0,248.68
290100,2901007,Amargosa (BA),29,Bahia,0.382,0.057,0.438,0.65,0.656,9892.0,355.39
290115,2901155,América Dourada (BA),29,Bahia,0.574,0.494,0.606,0.623,0.587,4317.0,184.84
290120,2901205,Anagé (BA),29,Bahia,0.522,0.267,0.667,0.631,0.539,8341.0,240.27
290130,2901304,Andaraí (BA),29,Bahia,0.515,0.305,0.558,0.684,0.594,3478.0,269.2
290135,2901353,Andorinha (BA),29,Bahia,0.317,0.133,0.419,0.4,0.668,2135.0,382.72
290140,2901403,Angical (BA),29,Bahia,0.376,0.247,0.425,0.457,0.69,2651.0,326.9
290160,2901601,Antas (BA),29,Bahia,0.414,0.177,0.459,0.607,0.659,1870.0,302.57
290180,2901809,Antônio Gonçalves (BA),29,Bahia,0.336,0.168,0.401,0.441,0.659,2153.0,343.62
290190,2901908,Aporá (BA),29,Bahia,0.479,0.37,0.571,0.496,0.602,2986.0,239.83
290195,2901957,Apuarema (BA),29,Bahia,0.485,0.127,0.631,0.698,0.591,2070.0,238.4
290200,2902005,Aracatu (BA),29,Bahia,0.375,0.084,0.463,0.578,0.673,1173.0,401.68
290210,2902104,Araci (BA),29,Bahia,0.416,0.112,0.587,0.548,0.627,7663.0,326.49
290225,2902252,Arataca (BA),29,Bahia,0.45,0.158,0.577,0.616,0.592,2234.0,250.65
290240,2902401,Aurelino Leal (BA),29,Bahia,0.45,0.164,0.58,0.607,0.591,5104.0,248.53
290250,2902500,Baianópolis (BA),29,Bahia,0.454,0.459,0.407,0.496,0.677,1278.0,312.96
290260,2902609,Baixa Grande (BA),29,Bahia,0.42,0.247,0.464,0.549,0.644,3574.0,289.17
290265,2902658,Banzaê (BA),29,Bahia,0.421,0.178,0.469,0.615,0.606,1173.0,225.99
290270,2902708,Barra (BA),29,Bahia,0.398,0.06,0.526,0.607,0.648,9575.0,246.08
290280,2902807,Barra da Estiva (BA),29,Bahia,0.325,0.041,0.442,0.493,0.684,2968.0,385.93
290290,2902906,Barra do Choça (BA),29,Bahia,0.438,0.209,0.639,0.465,0.574,7426.0,270.86
290300,2903003,Barra do Mendes (BA),29,Bahia,0.339,0.093,0.432,0.492,0.696,2157.0,392.34
290320,2903201,Barreiras (BA),29,Bahia,0.283,0.093,0.388,0.369,0.739,43945.0,532.13
290323,2903235,Barro Alto (BA),29,Bahia,0.379,0.108,0.531,0.496,0.666,2108.0,308.62
290327,2903276,Barrocas (BA),29,Bahia,0.384,0.092,0.492,0.568,0.661,1894.0,303.1
290350,2903508,Belo Campo (BA),29,Bahia,0.418,0.178,0.516,0.559,0.628,3047.0,308.06
290360,2903607,Biritinga (BA),29,Bahia,0.397,0.206,0.44,0.544,0.66,1477.0,373.86
290370,2903706,Boa Nova (BA),29,Bahia,0.481,0.108,0.627,0.707,0.605,2084.0,250.62
290380,2903805,Boa Vista do Tupim (BA),29,Bahia,0.475,0.315,0.478,0.631,0.654,2751.0,276.34
290390,2903904,Bom Jesus da Lapa (BA),29,Bahia,0.385,0.149,0.435,0.572,0.68,16250.0,372.5
290395,2903953,Bom Jesus da Serra (BA),29,Bahia,0.435,0.134,0.568,0.603,0.614,901.0,252.57
290400,2904001,Boninal (BA),29,Bahia,0.398,0.206,0.385,0.603,0.693,1726.0,409.64
290405,2904050,Bonito (BA),29,Bahia,0.38,0.097,0.528,0.515,0.632,2391.0,277.14
290410,2904100,Boquira (BA),29,Bahia,0.459,0.428,0.388,0.561,0.688,2666.0,369.58
290420,2904209,Botuporã (BA),29,Bahia,0.319,0.112,0.33,0.515,0.655,1344.0,336.95
290440,2904407,Brejolândia (BA),29,Bahia,0.502,0.26,0.561,0.685,0.623,3637.0,226.62
290430,2904308,Brejões (BA),29,Bahia,0.407,0.135,0.47,0.618,0.637,1967.0,337.47
290450,2904506,Brotas de Macaúbas (BA),29,Bahia,0.494,0.309,0.505,0.667,0.578,3438.0,253.69
290460,2904605,Brumado (BA),29,Bahia,0.339,0.105,0.425,0.486,0.675,13395.0,369.54
290475,2904753,Buritirama (BA),29,Bahia,0.377,0.06,0.412,0.659,0.659,2952.0,272.86
290480,2904803,Caatiba (BA),29,Bahia,0.302,0.002,0.544,0.362,0.619,1908.0,315.01
290500,2905008,Caculé (BA),29,Bahia,0.279,0.038,0.398,0.401,0.676,4172.0,386.98
290515,2905156,Caetanos (BA),29,Bahia,0.523,0.354,0.606,0.61,0.562,4094.0,212.56
290520,2905206,Caetité (BA),29,Bahia,0.302,0.088,0.369,0.449,0.658,8045.0,404.66
290530,2905305,Cafarnaum (BA),29,Bahia,0.39,0.152,0.517,0.501,0.654,4254.0,293.9
290550,2905503,Caldeirão Grande (BA),29,Bahia,0.407,0.18,0.416,0.625,0.649,1889.0,281.76
290560,2905602,Camacan (BA),29,Bahia,0.451,0.056,0.621,0.675,0.586,9884.0,304.25
290580,2905800,Camamu (BA),29,Bahia,0.385,0.151,0.485,0.519,0.635,6529.0,273.87
290590,2905909,Campo Alegre de Lourdes (BA),29,Bahia,0.537,0.499,0.58,0.533,0.637,3057.0,303.27
290600,2906006,Campo Formoso (BA),29,Bahia,0.4,0.288,0.399,0.514,0.694,9020.0,368.57
290620,2906204,Canarana (BA),29,Bahia,0.446,0.215,0.507,0.615,0.644,4202.0,286.02
290630,2906303,Canavieiras (BA),29,Bahia,0.431,0.132,0.564,0.597,0.627,10656.0,316.99
290660,2906600,Candiba (BA),29,Bahia,0.348,0.07,0.497,0.478,0.655,2452.0,295.56
290680,2906808,Cansanção (BA),29,Bahia,0.456,0.382,0.471,0.516,0.655,3938.0,291.1
290682,2906824,Canudos (BA),29,Bahia,0.396,0.159,0.442,0.586,0.647,3279.0,297.83
290610,2906105,Canápolis (BA),29,Bahia,0.473,0.215,0.561,0.645,0.566,2620.0,217.07
290685,2906857,Capela do Alto Alegre (BA),29,Bahia,0.429,0.275,0.534,0.478,0.639,1783.0,364.43
290687,2906873,Capim Grosso (BA),29,Bahia,0.381,0.095,0.541,0.507,0.665,7560.0,338.61
290689,2906899,Caraíbas (BA),29,Bahia,0.511,0.336,0.576,0.62,0.577,2845.0,263.99
290710,2907103,Carinhanha (BA),29,Bahia,0.42,0.102,0.493,0.666,0.642,5067.0,238.4
290750,2907509,Catu (BA),29,Bahia,0.328,0.146,0.368,0.469,0.703,18851.0,491.59
290755,2907558,Caturama (BA),29,Bahia,0.424,0.314,0.455,0.502,0.588,2425.0,210.77
290760,2907608,Central (BA),29,Bahia,0.414,0.185,0.489,0.57,0.639,2860.0,272.46
290770,2907707,Chorrochó (BA),29,Bahia,0.349,0.194,0.417,0.437,0.659,1182.0,313.64
290790,2907905,Cipó (BA),29,Bahia,0.384,0.145,0.451,0.557,0.626,4268.0,346.81
290810,2908101,Cocos (BA),29,Bahia,0.425,0.204,0.475,0.595,0.636,2235.0,273.51
290840,2908408,Conceição do Coité (BA),29,Bahia,0.331,0.133,0.422,0.437,0.667,13023.0,327.78
290870,2908705,Condeúba (BA),29,Bahia,0.347,0.168,0.44,0.434,0.654,2731.0,323.07
290880,2908804,Contendas do Sincorá (BA),29,Bahia,0.375,0.188,0.349,0.587,0.669,910.0,370.11
290900,2909000,Cordeiros (BA),29,Bahia,0.346,0.008,0.376,0.654,0.642,827.0,348.03
290910,2909109,Coribe (BA),29,Bahia,0.401,0.13,0.477,0.596,0.646,2083.0,272.81
290920,2909208,Coronel João Sá (BA),29,Bahia,0.41,0.168,0.529,0.532,0.605,2383.0,292.47
290930,2909307,Correntina (BA),29,Bahia,0.323,0.048,0.43,0.491,0.682,4236.0,393.87
290940,2909406,Cotegipe (BA),29,Bahia,0.467,0.231,0.548,0.622,0.65,2496.0,256.85
290950,2909505,Cravolândia (BA),29,Bahia,0.392,0.103,0.433,0.638,0.647,1192.0,273.44
290970,2909703,Cristópolis (BA),29,Bahia,0.359,0.137,0.421,0.518,0.697,1037.0,386.18
290980,2909802,Cruz das Almas (BA),29,Bahia,0.303,0.093,0.326,0.491,0.718,22303.0,441.07
290670,2906709,Cândido Sales (BA),29,Bahia,0.475,0.231,0.566,0.628,0.613,6757.0,266.82
290780,2907806,Cícero Dantas (BA),29,Bahia,0.501,0.308,0.606,0.587,0.622,5034.0,300.01
291010,2910107,Dom Basílio (BA),29,Bahia,0.399,0.147,0.5,0.55,0.569,2407.0,195.81
291000,2910008,Dário Meira (BA),29,Bahia,0.452,0.011,0.664,0.68,0.607,1969.0,242.8
291040,2910404,Encruzilhada (BA),29,Bahia,0.539,0.295,0.693,0.63,0.541,8366.0,192.36
291050,2910503,Entre Rios (BA),29,Bahia,0.387,0.125,0.448,0.587,0.649,10470.0,330.87
291060,2910602,Esplanada (BA),29,Bahia,0.408,0.187,0.478,0.558,0.636,8220.0,324.98
291070,2910701,Euclides da Cunha (BA),29,Bahia,0.35,0.13,0.442,0.478,0.648,9557.0,350.83
291072,2910727,Eunápolis (BA),29,Bahia,0.38,0.168,0.474,0.498,0.68,33295.0,458.37
291077,2910776,Feira da Mata (BA),29,Bahia,0.404,0.236,0.492,0.482,0.64,926.0,249.17
291080,2910800,Feira de Santana (BA),29,Bahia,0.355,0.274,0.354,0.437,0.718,209023.0,552.13
291085,2910859,Filadélfia (BA),29,Bahia,0.458,0.285,0.435,0.656,0.639,3385.0,322.32
291090,2910909,Firmino Alves (BA),29,Bahia,0.355,0.022,0.485,0.56,0.635,1559.0,321.63
291100,2911006,Floresta Azul (BA),29,Bahia,0.402,0.018,0.578,0.609,0.609,2798.0,260.43
291075,2910750,Fátima (BA),29,Bahia,0.364,0.053,0.42,0.62,0.63,1981.0,357.03
291120,2911204,Gandu (BA),29,Bahia,0.457,0.289,0.581,0.5,0.633,10270.0,413.69
291125,2911253,Gavião (BA),29,Bahia,0.314,0.173,0.342,0.425,0.663,921.0,278.58
291130,2911303,Gentio do Ouro (BA),29,Bahia,0.387,0.212,0.414,0.534,0.644,1654.0,234.16
291140,2911402,Glória (BA),29,Bahia,0.236,0.027,0.302,0.379,0.706,1006.0,458.52
291165,2911659,Guajeru (BA),29,Bahia,0.418,0.212,0.492,0.549,0.583,3744.0,251.16
291170,2911709,Guanambi (BA),29,Bahia,0.294,0.094,0.363,0.426,0.693,18935.0,421.2
291185,2911857,Heliópolis (BA),29,Bahia,0.419,0.159,0.61,0.488,0.647,1537.0,322.69
291200,2912004,Ibiassucê (BA),29,Bahia,0.332,0.124,0.34,0.533,0.673,1160.0,377.47
291210,2912103,Ibicaraí (BA),29,Bahia,0.381,0.08,0.421,0.644,0.649,6709.0,353.4
291220,2912202,Ibicoara (BA),29,Bahia,0.442,0.309,0.577,0.441,0.631,4206.0,306.17
291230,2912301,Ibicuí (BA),29,Bahia,0.448,0.199,0.545,0.6,0.609,4357.0,297.83
291240,2912400,Ibipeba (BA),29,Bahia,0.46,0.318,0.524,0.536,0.67,3335.0,327.38
291250,2912509,Ibipitanga (BA),29,Bahia,0.383,0.161,0.434,0.555,0.64,1420.0,327.68
291260,2912608,Ibiquera (BA),29,Bahia,0.411,0.015,0.569,0.648,0.589,988.0,235.58
291280,2912806,Ibirapuã (BA),29,Bahia,0.414,0.178,0.542,0.522,0.649,1464.0,446.62
291300,2913002,Ibitiara (BA),29,Bahia,0.303,0.047,0.442,0.422,0.693,1205.0,374.54
291310,2913101,Ibititá (BA),29,Bahia,0.375,0.069,0.592,0.463,0.643,2801.0,292.66
291330,2913309,Ichu (BA),29,Bahia,0.357,0.258,0.395,0.42,0.656,1073.0,267.79
291340,2913408,Igaporã (BA),29,Bahia,0.415,0.117,0.482,0.646,0.639,2439.0,268.71
291345,2913457,Igrapiúna (BA),29,Bahia,0.492,0.337,0.573,0.566,0.634,1868.0,284.49
291350,2913507,Iguaí (BA),29,Bahia,0.378,0.045,0.514,0.575,0.591,4885.0,309.88
291360,2913606,Ilhéus (BA),29,Bahia,0.396,0.247,0.438,0.505,0.704,62870.0,523.95
291370,2913705,Inhambupe (BA),29,Bahia,0.409,0.167,0.493,0.567,0.632,6192.0,307.12
291380,2913804,Ipecaetá (BA),29,Bahia,0.447,0.34,0.37,0.63,0.66,1052.0,285.98
291390,2913903,Ipiaú (BA),29,Bahia,0.365,0.035,0.48,0.579,0.661,16734.0,389.51
291400,2914000,Ipirá (BA),29,Bahia,0.423,0.15,0.532,0.588,0.618,11368.0,306.43
291410,2914109,Ipupiara (BA),29,Bahia,0.442,0.223,0.438,0.665,0.624,1460.0,298.81
291420,2914208,Irajuba (BA),29,Bahia,0.605,0.483,0.585,0.747,0.592,1183.0,225.7
291430,2914307,Iramaia (BA),29,Bahia,0.404,0.193,0.47,0.549,0.632,2054.0,259.59
291440,2914406,Iraquara (BA),29,Bahia,0.358,0.126,0.462,0.485,0.686,2799.0,361.51
291460,2914604,Irecê (BA),29,Bahia,0.336,0.104,0.458,0.446,0.709,20552.0,446.88
291465,2914653,Itabela (BA),29,Bahia,0.539,0.319,0.64,0.658,0.609,8462.0,278.08
291470,2914703,Itaberaba (BA),29,Bahia,0.384,0.16,0.438,0.555,0.653,19312.0,395.61
291480,2914802,Itabuna (BA),29,Bahia,0.334,0.155,0.367,0.479,0.715,79789.0,508.3
291500,2915007,Itaeté (BA),29,Bahia,0.521,0.318,0.593,0.652,0.622,2564.0,275.58
291510,2915106,Itagi (BA),29,Bahia,0.462,0.152,0.563,0.671,0.588,4108.0,241.26
291520,2915205,Itagibá (BA),29,Bahia,0.393,0.058,0.487,0.635,0.636,3636.0,295.61
291530,2915304,Itagimirim (BA),29,Bahia,0.416,0.067,0.523,0.657,0.629,2180.0,314.66
291535,2915353,Itaguaçu da Bahia (BA),29,Bahia,0.31,0.25,0.296,0.383,0.666,954.0,360.68
291540,2915403,Itaju do Colônia (BA),29,Bahia,0.474,0.143,0.568,0.71,0.624,2190.0,260.55
291550,2915502,Itajuípe (BA),29,Bahia,0.393,0.119,0.547,0.512,0.628,7063.0,349.94
291560,2915601,Itamaraju (BA),29,Bahia,0.468,0.308,0.578,0.517,0.655,21253.0,417.33
291600,2916005,Itanhém (BA),29,Bahia,0.346,0.041,0.504,0.492,0.677,4645.0,383.53
291630,2916302,Itapebi (BA),29,Bahia,0.45,0.135,0.585,0.63,0.611,3364.0,272.52
291640,2916401,Itapetinga (BA),29,Bahia,0.29,0.054,0.424,0.391,0.663,23819.0,442.03
291650,2916500,Itapicuru (BA),29,Bahia,0.58,0.413,0.611,0.715,0.626,2777.0,281.07
291670,2916708,Itaquara (BA),29,Bahia,0.539,0.298,0.669,0.65,0.563,1843.0,236.63
291680,2916807,Itarantim (BA),29,Bahia,0.398,0.049,0.593,0.552,0.636,5184.0,308.02
291685,2916856,Itatim (BA),29,Bahia,0.417,0.166,0.509,0.577,0.634,3687.0,282.49
291690,2916906,Itiruçu (BA),29,Bahia,0.44,0.208,0.57,0.543,0.626,3689.0,285.0
291700,2917003,Itiúba (BA),29,Bahia,0.418,0.244,0.412,0.597,0.616,3983.0,300.22
291710,2917102,Itororó (BA),29,Bahia,0.386,0.09,0.545,0.522,0.591,7026.0,304.08
291720,2917201,Ituaçu (BA),29,Bahia,0.368,0.192,0.374,0.539,0.659,2117.0,341.27
291730,2917300,Ituberá (BA),29,Bahia,0.427,0.293,0.501,0.487,0.652,8093.0,329.21
291733,2917334,Iuiú (BA),29,Bahia,0.497,0.475,0.474,0.54,0.658,1805.0,289.86
291735,2917359,Jaborandi (BA),29,Bahia,0.418,0.12,0.484,0.65,0.657,1100.0,290.97
291740,2917409,Jacaraci (BA),29,Bahia,0.344,0.203,0.355,0.475,0.673,1410.0,355.45
291750,2917508,Jacobina (BA),29,Bahia,0.369,0.211,0.422,0.474,0.702,21305.0,441.92
291760,2917607,Jaguaquara (BA),29,Bahia,0.422,0.204,0.548,0.514,0.613,14318.0,296.8
291770,2917706,Jaguarari (BA),29,Bahia,0.341,0.177,0.416,0.431,0.7,5787.0,418.55
291800,2918001,Jequié (BA),29,Bahia,0.346,0.112,0.41,0.515,0.673,51960.0,420.34
291810,2918100,Jeremoabo (BA),29,Bahia,0.372,0.172,0.457,0.488,0.61,6265.0,349.29
291820,2918209,Jiquiriçá (BA),29,Bahia,0.35,0.056,0.467,0.529,0.618,2218.0,295.06
291830,2918308,Jitaúna (BA),29,Bahia,0.455,0.103,0.554,0.709,0.623,3864.0,279.46
291835,2918357,João Dourado (BA),29,Bahia,0.498,0.496,0.521,0.477,0.625,4807.0,290.21
291850,2918506,Jussara (BA),29,Bahia,0.492,0.363,0.586,0.528,0.611,3345.0,236.16
291855,2918555,Jussari (BA),29,Bahia,0.411,0.162,0.519,0.554,0.628,2000.0,306.01
291860,2918605,Jussiape (BA),29,Bahia,0.33,0.145,0.425,0.421,0.618,2180.0,323.11
291875,2918753,Lagoa Real (BA),29,Bahia,0.516,0.222,0.642,0.683,0.546,3661.0,198.47
291905,2919058,Lajedo do Tabocal (BA),29,Bahia,0.469,0.212,0.574,0.62,0.61,1944.0,248.68
291915,2919157,Lapão (BA),29,Bahia,0.473,0.366,0.487,0.567,0.638,3519.0,284.87
291940,2919405,Licínio de Almeida (BA),29,Bahia,0.336,0.078,0.485,0.447,0.673,1970.0,338.7
291950,2919504,Livramento de Nossa Senhora (BA),29,Bahia,0.372,0.262,0.423,0.43,0.654,5681.0,362.72
291955,2919553,Luís Eduardo Magalhães (BA),29,Bahia,0.313,0.064,0.51,0.365,0.679,17422.0,503.22
291960,2919603,Macajuba (BA),29,Bahia,0.487,0.2,0.507,0.754,0.576,2833.0,219.45
291970,2919702,Macarani (BA),29,Bahia,0.386,0.16,0.521,0.478,0.616,4592.0,322.56
291980,2919801,Macaúbas (BA),29,Bahia,0.342,0.029,0.397,0.599,0.683,4497.0,330.48
291990,2919900,Macururé (BA),29,Bahia,0.422,0.427,0.421,0.416,0.681,1086.0,291.82
291995,2919959,Maetinga (BA),29,Bahia,0.343,0.028,0.535,0.467,0.616,971.0,325.79
292000,2920007,Maiquinique (BA),29,Bahia,0.425,0.113,0.55,0.611,0.609,2312.0,257.34
292010,2920106,Mairi (BA),29,Bahia,0.351,0.071,0.469,0.511,0.611,4248.0,301.01
292030,2920304,Malhada de Pedras (BA),29,Bahia,0.369,0.034,0.542,0.53,0.652,822.0,326.49
292040,2920403,Manoel Vitorino (BA),29,Bahia,0.503,0.284,0.56,0.664,0.605,2499.0,244.44
292050,2920502,Maracás (BA),29,Bahia,0.453,0.274,0.51,0.575,0.639,6194.0,259.72
292060,2920601,Maragogipe (BA),29,Bahia,0.335,0.112,0.392,0.502,0.678,10674.0,371.13
292090,2920908,Mascote (BA),29,Bahia,0.493,0.14,0.65,0.688,0.611,4615.0,255.53
292105,2921054,Matina (BA),29,Bahia,0.384,0.074,0.463,0.615,0.654,1152.0,264.48
292110,2921104,Medeiros Neto (BA),29,Bahia,0.461,0.141,0.611,0.63,0.614,5858.0,292.29
292120,2921203,Miguel Calmon (BA),29,Bahia,0.407,0.226,0.465,0.53,0.623,6495.0,273.66
292130,2921302,Milagres (BA),29,Bahia,0.436,0.299,0.487,0.521,0.658,3039.0,281.14
292140,2921401,Mirangaba (BA),29,Bahia,0.498,0.345,0.492,0.658,0.615,3285.0,229.42
292145,2921450,Mirante (BA),29,Bahia,0.536,0.327,0.636,0.645,0.562,2971.0,201.36
292150,2921500,Monte Santo (BA),29,Bahia,0.558,0.375,0.64,0.66,0.534,15243.0,187.51
292160,2921609,Morpará (BA),29,Bahia,0.453,0.174,0.47,0.714,0.587,2080.0,204.54
292170,2921708,Morro do Chapéu (BA),29,Bahia,0.432,0.228,0.457,0.612,0.638,7708.0,280.65
292180,2921807,Mortugaba (BA),29,Bahia,0.319,0.101,0.357,0.498,0.676,1827.0,387.6
292190,2921906,Mucugê (BA),29,Bahia,0.265,0.071,0.312,0.411,0.681,1482.0,409.58
292200,2922003,Mucuri (BA),29,Bahia,0.362,0.217,0.452,0.418,0.67,10528.0,460.28
292205,2922052,Mulungu do Morro (BA),29,Bahia,0.472,0.376,0.475,0.564,0.644,2404.0,247.79
292210,2922102,Mundo Novo (BA),29,Bahia,0.429,0.17,0.502,0.614,0.617,5545.0,288.65
292225,2922250,Muquém de São Francisco (BA),29,Bahia,0.498,0.191,0.637,0.666,0.556,3854.0,150.91
292265,2922656,Nordestina (BA),29,Bahia,0.384,0.225,0.407,0.521,0.629,1549.0,275.54
292273,2922730,Nova Fátima (BA),29,Bahia,0.361,0.149,0.436,0.498,0.64,1883.0,293.02
292275,2922755,Nova Ibiá (BA),29,Bahia,0.434,0.198,0.566,0.537,0.616,1161.0,293.21
292280,2922805,Nova Itarana (BA),29,Bahia,0.471,0.199,0.587,0.626,0.606,1003.0,246.28
292285,2922854,Nova Redenção (BA),29,Bahia,0.553,0.397,0.624,0.637,0.617,2247.0,231.74
292290,2922904,Nova Soure (BA),29,Bahia,0.451,0.16,0.572,0.62,0.641,4684.0,293.34
292300,2923001,Nova Viçosa (BA),29,Bahia,0.472,0.241,0.608,0.567,0.64,12653.0,344.38
292303,2923035,Novo Horizonte (BA),29,Bahia,0.309,0.041,0.419,0.468,0.644,1038.0,334.0
292305,2923050,Novo Triunfo (BA),29,Bahia,0.508,0.273,0.628,0.623,0.581,2597.0,229.01
292310,2923100,Olindina (BA),29,Bahia,0.446,0.2,0.617,0.52,0.61,5088.0,264.47
292320,2923209,Oliveira dos Brejinhos (BA),29,Bahia,0.434,0.132,0.575,0.595,0.652,2234.0,300.55
292335,2923357,Ourolândia (BA),29,Bahia,0.38,0.122,0.553,0.466,0.633,2352.0,268.61
292340,2923407,Palmas de Monte Alto (BA),29,Bahia,0.403,0.232,0.495,0.483,0.649,3655.0,300.55
292370,2923704,Paratinga (BA),29,Bahia,0.451,0.257,0.428,0.667,0.665,4698.0,280.99
292380,2923803,Paripiranga (BA),29,Bahia,0.309,0.147,0.402,0.379,0.639,2896.0,361.21
292390,2923902,Pau Brasil (BA),29,Bahia,0.428,0.12,0.534,0.631,0.629,2806.0,295.06
292400,2924009,Paulo Afonso (BA),29,Bahia,0.355,0.157,0.465,0.442,0.688,30863.0,506.14
292420,2924207,Pedro Alexandre (BA),29,Bahia,0.41,0.167,0.629,0.434,0.579,1078.0,259.85
292430,2924306,Piatã (BA),29,Bahia,0.362,0.141,0.41,0.534,0.631,2189.0,278.88
292440,2924405,Pilão Arcado (BA),29,Bahia,0.471,0.226,0.576,0.611,0.594,4356.0,276.59
292450,2924504,Pindaí (BA),29,Bahia,0.308,0.101,0.358,0.466,0.699,1509.0,344.07
292460,2924603,Pindobaçu (BA),29,Bahia,0.42,0.189,0.462,0.609,0.596,3707.0,221.07
292470,2924702,Piripá (BA),29,Bahia,0.329,0.005,0.443,0.539,0.641,2403.0,308.32
292480,2924801,Piritiba (BA),29,Bahia,0.471,0.341,0.514,0.558,0.634,5983.0,303.14
292500,2925006,Planalto (BA),29,Bahia,0.466,0.258,0.608,0.53,0.616,5000.0,282.83
292525,2925253,Ponto Novo (BA),29,Bahia,0.431,0.09,0.574,0.63,0.635,3130.0,271.07
292530,2925303,Porto Seguro (BA),29,Bahia,0.334,0.123,0.444,0.435,0.689,37996.0,449.03
292540,2925402,Potiraguá (BA),29,Bahia,0.379,0.078,0.479,0.58,0.65,2308.0,294.82
292510,2925105,Poções (BA),29,Bahia,0.485,0.258,0.569,0.63,0.613,12004.0,292.03
292560,2925600,Presidente Dutra (BA),29,Bahia,0.391,0.134,0.55,0.488,0.66,2927.0,292.75
292570,2925709,Presidente Jânio Quadros (BA),29,Bahia,0.436,0.125,0.529,0.654,0.587,1315.0,264.28
292575,2925758,Presidente Tancredo Neves (BA),29,Bahia,0.445,0.138,0.645,0.554,0.609,4048.0,315.64
292405,2924058,Pé de Serra (BA),29,Bahia,0.362,0.055,0.371,0.659,0.667,1996.0,316.07
292580,2925808,Queimadas (BA),29,Bahia,0.443,0.292,0.456,0.581,0.651,4452.0,266.03
292590,2925907,Quijingue (BA),29,Bahia,0.312,0.066,0.374,0.497,0.663,2584.0,354.7
292593,2925931,Quixabeira (BA),29,Bahia,0.356,0.083,0.494,0.491,0.64,1330.0,296.93
292600,2926004,Remanso (BA),29,Bahia,0.425,0.269,0.506,0.499,0.645,7899.0,320.73
292610,2926103,Retirolândia (BA),29,Bahia,0.31,0.183,0.3,0.447,0.702,2393.0,331.25
292640,2926400,Riacho de Santana (BA),29,Bahia,0.371,0.052,0.404,0.657,0.689,3545.0,342.61
292630,2926301,Riachão do Jacuípe (BA),29,Bahia,0.31,0.046,0.35,0.533,0.679,7695.0,332.69
292650,2926509,Ribeira do Amparo (BA),29,Bahia,0.396,0.137,0.517,0.532,0.595,824.0,298.33
292660,2926608,Ribeira do Pombal (BA),29,Bahia,0.408,0.187,0.533,0.502,0.656,10235.0,363.94
292665,2926657,Ribeirão do Largo (BA),29,Bahia,0.405,0.22,0.537,0.458,0.593,1678.0,275.62
292700,2927002,Rio Real (BA),29,Bahia,0.445,0.359,0.506,0.471,0.615,8471.0,316.99
292670,2926707,Rio de Contas (BA),29,Bahia,0.305,0.093,0.39,0.431,0.646,1661.0,329.45
292680,2926806,Rio do Antônio (BA),29,Bahia,0.335,0.064,0.439,0.501,0.668,1556.0,348.64
292690,2926905,Rio do Pires (BA),29,Bahia,0.336,0.048,0.429,0.531,0.667,1472.0,317.12
292710,2927101,Rodelas (BA),29,Bahia,0.426,0.089,0.597,0.592,0.607,1788.0,224.8
292720,2927200,Ruy Barbosa (BA),29,Bahia,0.425,0.155,0.486,0.635,0.648,9344.0,330.8
292760,2927606,Santa Brígida (BA),29,Bahia,0.413,0.215,0.526,0.497,0.627,2084.0,271.34
292770,2927705,Santa Cruz Cabrália (BA),29,Bahia,0.331,0.148,0.466,0.378,0.696,6175.0,393.39
292780,2927804,Santa Cruz da Vitória (BA),29,Bahia,0.487,0.091,0.689,0.68,0.622,2097.0,282.01
292790,2927903,Santa Inês (BA),29,Bahia,0.49,0.26,0.572,0.638,0.601,3773.0,262.97
292805,2928059,Santa Luzia (BA),29,Bahia,0.419,0.084,0.614,0.559,0.615,3534.0,282.51
292810,2928109,Santa Maria da Vitória (BA),29,Bahia,0.363,0.192,0.427,0.47,0.665,7822.0,382.03
292840,2928406,Santa Rita de Cássia (BA),29,Bahia,0.36,0.077,0.464,0.538,0.68,5606.0,324.9
292800,2928000,Santaluz (BA),29,Bahia,0.362,0.1,0.462,0.525,0.64,7754.0,281.15
292820,2928208,Santana (BA),29,Bahia,0.332,0.053,0.446,0.498,0.678,4340.0,352.08
292860,2928604,Santo Amaro (BA),29,Bahia,0.381,0.219,0.376,0.549,0.68,20639.0,363.34
292870,2928703,Santo Antônio de Jesus (BA),29,Bahia,0.306,0.109,0.376,0.433,0.709,31806.0,470.75
292880,2928802,Santo Estêvão (BA),29,Bahia,0.38,0.205,0.39,0.546,0.664,11874.0,376.2
292960,2929602,Sapeaçu (BA),29,Bahia,0.368,0.132,0.424,0.548,0.651,3583.0,379.77
292980,2929800,Saúde (BA),29,Bahia,0.401,0.147,0.461,0.596,0.603,2764.0,254.05
292990,2929909,Seabra (BA),29,Bahia,0.288,0.083,0.347,0.433,0.721,7530.0,438.43
293000,2930006,Sebastião Laranjeiras (BA),29,Bahia,0.461,0.254,0.505,0.625,0.654,1654.0,278.87
293010,2930105,Senhor do Bonfim (BA),29,Bahia,0.348,0.132,0.413,0.499,0.7,20619.0,399.5
293020,2930204,Sento Sé (BA),29,Bahia,0.487,0.281,0.539,0.64,0.621,8358.0,244.18
293030,2930303,Serra Dourada (BA),29,Bahia,0.352,0.23,0.356,0.471,0.668,2006.0,307.21
293015,2930154,Serra do Ramalho (BA),29,Bahia,0.408,0.105,0.527,0.594,0.634,2183.0,275.96
293050,2930501,Serrinha (BA),29,Bahia,0.367,0.174,0.396,0.532,0.682,18286.0,404.99
293060,2930600,Serrolândia (BA),29,Bahia,0.389,0.115,0.487,0.564,0.646,2697.0,317.17
293080,2930808,Souto Soares (BA),29,Bahia,0.343,0.247,0.407,0.374,0.69,2295.0,302.9
292970,2929701,Sátiro Dias (BA),29,Bahia,0.368,0.006,0.596,0.502,0.609,1769.0,284.3
292890,2928901,São Desidério (BA),29,Bahia,0.379,0.045,0.581,0.511,0.625,2852.0,341.47
292895,2928950,São Domingos (BA),29,Bahia,0.333,0.052,0.445,0.502,0.669,2240.0,309.87
292905,2929057,São Félix do Coribe (BA),29,Bahia,0.369,0.138,0.471,0.499,0.666,3438.0,305.49
292925,2929255,São Gabriel (BA),29,Bahia,0.412,0.32,0.477,0.44,0.679,3553.0,281.89
292937,2929370,São José do Jacuípe (BA),29,Bahia,0.423,0.175,0.497,0.598,0.611,2408.0,271.54
293075,2930758,Sítio do Mato (BA),29,Bahia,0.536,0.328,0.557,0.723,0.624,2750.0,161.67
293076,2930766,Sítio do Quinto (BA),29,Bahia,0.451,0.368,0.487,0.499,0.633,1812.0,307.59
293090,2930907,Tabocas do Brejo Velho (BA),29,Bahia,0.482,0.496,0.48,0.469,0.684,1318.0,300.56
293100,2931004,Tanhaçu (BA),29,Bahia,0.42,0.149,0.499,0.611,0.578,5889.0,237.01
293105,2931053,Tanque Novo (BA),29,Bahia,0.391,0.221,0.43,0.521,0.665,2024.0,369.67
293120,2931202,Taperoá (BA),29,Bahia,0.402,0.226,0.508,0.47,0.665,3854.0,335.16
293130,2931301,Tapiramutá (BA),29,Bahia,0.51,0.295,0.603,0.63,0.604,5217.0,224.79
293135,2931350,Teixeira de Freitas (BA),29,Bahia,0.383,0.203,0.468,0.478,0.686,44795.0,469.04
293150,2931509,Teofilândia (BA),29,Bahia,0.286,0.086,0.494,0.28,0.68,2311.0,407.15
293180,2931806,Tremedal (BA),29,Bahia,0.372,0.071,0.411,0.632,0.606,1425.0,296.66
293190,2931905,Tucano (BA),29,Bahia,0.47,0.292,0.467,0.651,0.651,7296.0,434.66
293200,2932002,Uauá (BA),29,Bahia,0.319,0.027,0.382,0.548,0.678,3502.0,324.58
293240,2932408,Uibaí (BA),29,Bahia,0.398,0.085,0.535,0.573,0.66,2790.0,323.15
293245,2932457,Umburanas (BA),29,Bahia,0.473,0.175,0.589,0.656,0.571,2735.0,172.47
293260,2932606,Urandi (BA),29,Bahia,0.357,0.031,0.454,0.586,0.667,2069.0,344.62
293280,2932804,Utinga (BA),29,Bahia,0.375,0.268,0.377,0.479,0.655,5155.0,348.92
293300,2933000,Valente (BA),29,Bahia,0.268,0.01,0.312,0.481,0.703,4509.0,438.52
293290,2932903,Valença (BA),29,Bahia,0.358,0.179,0.407,0.488,0.672,26951.0,411.01
293325,2933257,Vereda (BA),29,Bahia,0.354,0.0,0.534,0.529,0.594,451.0,257.5
293330,2933307,Vitória da Conquista (BA),29,Bahia,0.328,0.142,0.416,0.427,0.688,91923.0,488.04
293315,2933158,Várzea Nova (BA),29,Bahia,0.522,0.342,0.598,0.625,0.623,3244.0,248.06
293305,2933059,Várzea da Roça (BA),29,Bahia,0.463,0.086,0.616,0.686,0.601,1935.0,268.43
293310,2933109,Várzea do Poço (BA),29,Bahia,0.415,0.109,0.533,0.603,0.606,1808.0,292.3
293345,2933455,Wanderley (BA),29,Bahia,0.416,0.067,0.576,0.605,0.644,2029.0,305.9
293360,2933604,Xique-Xique (BA),29,Bahia,0.421,0.246,0.437,0.579,0.639,13088.0,286.5
290050,2900504,Érico Cardoso (BA),29,Bahia,0.396,0.144,0.486,0.559,0.592,3569.0,238.93
290720,2907202,Casa Nova (BA),29,Bahia,0.383,0.133,0.515,0.5,0.635,12824.0,335.38
290990,2909901,Curaçá (BA),29,Bahia,0.402,0.127,0.516,0.564,0.632,5357.0,281.63
291840,2918407,Juazeiro (BA),29,Bahia,0.368,0.207,0.423,0.474,0.7,59265.0,445.4
293077,2930774,Sobradinho (BA),29,Bahia,0.359,0.117,0.42,0.541,0.654,7374.0,309.25
290570,2905701,Camaçari (BA),29,Bahia,0.358,0.224,0.405,0.445,0.705,94383.0,481.1
290650,2906501,Candeias (BA),29,Bahia,0.321,0.134,0.344,0.485,0.713,34938.0,467.63
291005,2910057,Dias D'Ávila (BA),29,Bahia,0.348,0.243,0.359,0.441,0.68,25179.0,416.19
291920,2919207,Lauro de Freitas (BA),29,Bahia,0.335,0.293,0.343,0.37,0.738,63286.0,670.0
292520,2925204,Pojuca (BA),29,Bahia,0.291,0.069,0.368,0.435,0.693,12179.0,430.59
292740,2927408,Salvador (BA),29,Bahia,0.378,0.427,0.304,0.402,0.75,1120096.0,711.97
293070,2930709,Simões Filho (BA),29,Bahia,0.406,0.377,0.383,0.457,0.689,46238.0,404.14
230010,2300101,Abaiara (CE),23,Ceará,0.465,0.292,0.553,0.549,0.661,1510.0,247.82
230015,2300150,Acarape (CE),23,Ceará,0.355,0.089,0.512,0.465,0.66,3237.0,278.28
230020,2300200,Acaraú (CE),23,Ceará,0.499,0.342,0.577,0.577,0.625,10282.0,238.4
230030,2300309,Acopiara (CE),23,Ceará,0.393,0.13,0.497,0.551,0.648,8175.0,317.32
230040,2300408,Aiuaba (CE),23,Ceará,0.318,0.069,0.331,0.554,0.667,1305.0,282.19
230050,2300507,Alcântaras (CE),23,Ceará,0.231,0.03,0.341,0.323,0.692,1341.0,349.63
230060,2300606,Altaneira (CE),23,Ceará,0.412,0.07,0.549,0.616,0.628,1726.0,228.99
230070,2300705,Alto Santo (CE),23,Ceará,0.307,0.18,0.365,0.376,0.665,2749.0,340.49
230075,2300754,Amontada (CE),23,Ceará,0.469,0.359,0.499,0.548,0.658,5517.0,232.98
230080,2300804,Antonina do Norte (CE),23,Ceará,0.462,0.196,0.586,0.605,0.634,1375.0,321.22
230090,2300903,Apuiarés (CE),23,Ceará,0.366,0.211,0.445,0.443,0.675,1806.0,278.26
230110,2301109,Aracati (CE),23,Ceará,0.384,0.206,0.404,0.542,0.701,15866.0,366.35
230120,2301208,Aracoiaba (CE),23,Ceará,0.424,0.237,0.55,0.486,0.666,4892.0,284.54
230125,2301257,Ararendá (CE),23,Ceará,0.472,0.19,0.505,0.721,0.61,1644.0,207.66
230130,2301307,Araripe (CE),23,Ceará,0.409,0.102,0.569,0.556,0.621,4479.0,231.21
230140,2301406,Aratuba (CE),23,Ceará,0.302,0.127,0.39,0.39,0.677,1515.0,262.53
230150,2301505,Arneiroz (CE),23,Ceará,0.326,0.086,0.389,0.502,0.657,1279.0,275.88
230160,2301604,Assaré (CE),23,Ceará,0.387,0.215,0.445,0.502,0.636,3801.0,325.36
230170,2301703,Aurora (CE),23,Ceará,0.346,0.05,0.426,0.563,0.64,3709.0,271.16
230180,2301802,Baixio (CE),23,Ceará,0.332,0.021,0.451,0.523,0.677,1088.0,299.36
230185,2301851,Banabuiú (CE),23,Ceará,0.402,0.184,0.525,0.496,0.646,2873.0,279.78
230190,2301901,Barbalha (CE),23,Ceará,0.355,0.127,0.456,0.482,0.692,14516.0,377.08
230195,2301950,Barreira (CE),23,Ceará,0.389,0.235,0.453,0.478,0.66,3391.0,293.68
230200,2302008,Barro (CE),23,Ceará,0.402,0.139,0.507,0.559,0.601,4181.0,268.48
230205,2302057,Barroquinha (CE),23,Ceará,0.461,0.264,0.557,0.563,0.607,3738.0,220.35
230210,2302107,Baturité (CE),23,Ceará,0.363,0.088,0.48,0.52,0.655,9311.0,307.19
230220,2302206,Beberibe (CE),23,Ceará,0.369,0.245,0.39,0.473,0.707,7216.0,444.52
230230,2302305,Bela Cruz (CE),23,Ceará,0.486,0.344,0.512,0.603,0.662,4198.0,239.73
230240,2302404,Boa Viagem (CE),23,Ceará,0.461,0.259,0.559,0.564,0.64,8605.0,282.53
230250,2302503,Brejo Santo (CE),23,Ceará,0.374,0.076,0.512,0.535,0.648,9830.0,287.44
230260,2302602,Camocim (CE),23,Ceará,0.396,0.085,0.525,0.578,0.653,17137.0,270.53
230270,2302701,Campos Sales (CE),23,Ceará,0.39,0.196,0.451,0.523,0.668,5705.0,349.22
230280,2302800,Canindé (CE),23,Ceará,0.392,0.157,0.469,0.55,0.65,16772.0,318.5
230290,2302909,Capistrano (CE),23,Ceará,0.472,0.526,0.427,0.463,0.673,2225.0,262.07
230300,2303006,Caridade (CE),23,Ceará,0.532,0.389,0.592,0.614,0.613,4119.0,232.5
230320,2303204,Caririaçu (CE),23,Ceará,0.435,0.262,0.531,0.512,0.621,4838.0,285.24
230310,2303105,Cariré (CE),23,Ceará,0.385,0.156,0.547,0.452,0.627,2836.0,235.95
230330,2303303,Cariús (CE),23,Ceará,0.344,0.121,0.435,0.478,0.637,2420.0,279.04
230340,2303402,Carnaubal (CE),23,Ceará,0.398,0.137,0.515,0.54,0.65,1845.0,262.11
230360,2303600,Catarina (CE),23,Ceará,0.332,0.058,0.464,0.474,0.66,2654.0,268.89
230365,2303659,Catunda (CE),23,Ceará,0.374,0.145,0.513,0.464,0.652,1974.0,241.75
230380,2303808,Cedro (CE),23,Ceará,0.387,0.164,0.414,0.584,0.649,4537.0,328.15
230390,2303907,Chaval (CE),23,Ceará,0.436,0.239,0.515,0.554,0.633,3436.0,221.31
230393,2303931,Choró (CE),23,Ceará,0.439,0.353,0.47,0.494,0.643,1367.0,234.15
230400,2304004,Coreaú (CE),23,Ceará,0.465,0.372,0.554,0.47,0.625,4063.0,203.13
230410,2304103,Crateús (CE),23,Ceará,0.433,0.206,0.529,0.566,0.654,17074.0,323.45
230420,2304202,Crato (CE),23,Ceará,0.318,0.112,0.377,0.463,0.716,34798.0,404.53
230423,2304236,Croatá (CE),23,Ceará,0.445,0.23,0.561,0.543,0.614,3238.0,201.05
230425,2304251,Cruz (CE),23,Ceará,0.356,0.16,0.445,0.464,0.681,3100.0,344.12
230426,2304269,Deputado Irapuan Pinheiro (CE),23,Ceará,0.28,0.057,0.401,0.383,0.678,1213.0,291.33
230427,2304277,Ererê (CE),23,Ceará,0.357,0.062,0.486,0.523,0.656,1146.0,243.3
230430,2304301,Farias Brito (CE),23,Ceará,0.288,0.052,0.371,0.441,0.694,3014.0,310.81
230435,2304350,Forquilha (CE),23,Ceará,0.353,0.016,0.53,0.513,0.656,5119.0,274.09
230445,2304459,Fortim (CE),23,Ceará,0.391,0.256,0.372,0.546,0.669,3301.0,283.28
230450,2304509,Frecheirinha (CE),23,Ceará,0.362,0.049,0.573,0.466,0.643,2392.0,277.67
230460,2304608,General Sampaio (CE),23,Ceará,0.368,0.037,0.573,0.495,0.596,1216.0,261.3
230470,2304707,Granja (CE),23,Ceará,0.517,0.338,0.545,0.669,0.612,9368.0,204.21
230480,2304806,Granjeiro (CE),23,Ceará,0.265,0.039,0.334,0.423,0.655,508.0,284.35
230465,2304657,Graça (CE),23,Ceará,0.398,0.09,0.577,0.527,0.618,2014.0,230.48
230490,2304905,Groaíras (CE),23,Ceará,0.38,0.107,0.45,0.582,0.676,2052.0,303.63
230500,2305001,Guaraciaba do Norte (CE),23,Ceará,0.418,0.134,0.546,0.573,0.621,5761.0,272.17
230510,2305100,Guaramiranga (CE),23,Ceará,0.331,0.017,0.469,0.507,0.696,887.0,314.31
230520,2305209,Hidrolândia (CE),23,Ceará,0.362,0.028,0.565,0.493,0.634,3659.0,276.68
230526,2305266,Ibaretama (CE),23,Ceará,0.495,0.411,0.534,0.54,0.605,1614.0,233.76
230530,2305308,Ibiapina (CE),23,Ceará,0.339,0.155,0.423,0.44,0.663,3382.0,298.37
230533,2305332,Ibicuitinga (CE),23,Ceará,0.372,0.102,0.485,0.53,0.629,1678.0,226.79
230535,2305357,Icapuí (CE),23,Ceará,0.377,0.213,0.455,0.463,0.666,1666.0,348.34
230540,2305407,Icó (CE),23,Ceará,0.368,0.123,0.539,0.441,0.658,10416.0,317.64
230550,2305506,Iguatu (CE),23,Ceará,0.355,0.089,0.466,0.511,0.676,22369.0,411.18
230560,2305605,Independência (CE),23,Ceará,0.396,0.081,0.483,0.625,0.696,3607.0,338.14
230565,2305654,Ipaporanga (CE),23,Ceará,0.377,0.088,0.504,0.539,0.631,1465.0,238.19
230570,2305704,Ipaumirim (CE),23,Ceará,0.408,0.047,0.547,0.629,0.639,2314.0,335.56
230580,2305803,Ipu (CE),23,Ceará,0.42,0.156,0.521,0.583,0.63,8510.0,288.65
230590,2305902,Ipueiras (CE),23,Ceará,0.431,0.192,0.513,0.589,0.632,6500.0,263.67
230600,2306009,Iracema (CE),23,Ceará,0.333,0.085,0.371,0.542,0.68,2840.0,272.34
230610,2306108,Irauçuba (CE),23,Ceará,0.427,0.104,0.546,0.629,0.625,5181.0,190.56
230620,2306207,Itaiçaba (CE),23,Ceará,0.343,0.103,0.349,0.577,0.698,1446.0,315.03
230630,2306306,Itapagé (CE),23,Ceará,0.405,0.201,0.486,0.527,0.647,11935.0,264.4
230640,2306405,Itapipoca (CE),23,Ceará,0.374,0.181,0.428,0.512,0.692,22522.0,319.35
230650,2306504,Itapiúna (CE),23,Ceará,0.371,0.082,0.519,0.514,0.657,3210.0,255.04
230655,2306553,Itarema (CE),23,Ceará,0.503,0.349,0.591,0.57,0.656,5251.0,243.05
230660,2306603,Itatira (CE),23,Ceará,0.564,0.443,0.569,0.679,0.594,3510.0,214.05
230670,2306702,Jaguaretama (CE),23,Ceará,0.323,0.077,0.459,0.433,0.677,2645.0,274.7
230680,2306801,Jaguaribara (CE),23,Ceará,0.422,0.2,0.53,0.538,0.657,2197.0,272.37
230690,2306900,Jaguaribe (CE),23,Ceará,0.422,0.2,0.52,0.547,0.659,7942.0,293.76
230700,2307007,Jaguaruana (CE),23,Ceará,0.33,0.078,0.457,0.455,0.674,4972.0,306.49
230710,2307106,Jardim (CE),23,Ceará,0.378,0.07,0.505,0.56,0.645,3454.0,268.3
230720,2307205,Jati (CE),23,Ceará,0.353,0.128,0.536,0.396,0.68,1499.0,289.26
230725,2307254,Jijoca de Jericoacoara (CE),23,Ceará,0.32,0.116,0.332,0.511,0.692,1764.0,370.31
230730,2307304,Juazeiro do Norte (CE),23,Ceará,0.354,0.128,0.422,0.513,0.684,81108.0,364.21
230740,2307403,Jucás (CE),23,Ceará,0.372,0.091,0.5,0.526,0.627,4794.0,237.46
230750,2307502,Lavras da Mangabeira (CE),23,Ceará,0.397,0.093,0.528,0.569,0.632,5500.0,250.18
230760,2307601,Limoeiro do Norte (CE),23,Ceará,0.274,0.037,0.321,0.464,0.714,7886.0,445.26
230763,2307635,Madalena (CE),23,Ceará,0.444,0.27,0.572,0.49,0.634,3034.0,246.32
230780,2307809,Marco (CE),23,Ceará,0.452,0.189,0.556,0.611,0.669,5080.0,289.55
230790,2307908,Martinópole (CE),23,Ceará,0.403,0.135,0.541,0.533,0.615,3076.0,248.7
230800,2308005,Massapê (CE),23,Ceará,0.371,0.143,0.434,0.537,0.649,9677.0,255.03
230810,2308104,Mauriti (CE),23,Ceará,0.442,0.315,0.485,0.527,0.627,7777.0,250.06
230820,2308203,Meruoca (CE),23,Ceará,0.412,0.377,0.461,0.398,0.652,2974.0,248.85
230830,2308302,Milagres (CE),23,Ceará,0.39,0.102,0.54,0.527,0.643,4787.0,282.24
230835,2308351,Milhã (CE),23,Ceará,0.428,0.144,0.554,0.584,0.625,1458.0,284.2
230837,2308377,Miraíma (CE),23,Ceará,0.437,0.215,0.514,0.582,0.623,2091.0,185.0
230840,2308401,Missão Velha (CE),23,Ceará,0.376,0.221,0.497,0.41,0.662,5688.0,292.5
230850,2308500,Mombaça (CE),23,Ceará,0.421,0.251,0.481,0.532,0.645,6039.0,313.96
230860,2308609,Monsenhor Tabosa (CE),23,Ceará,0.424,0.072,0.545,0.655,0.616,3211.0,257.95
230870,2308708,Morada Nova (CE),23,Ceará,0.408,0.156,0.549,0.52,0.645,9994.0,298.21
230890,2308906,Morrinhos (CE),23,Ceará,0.436,0.04,0.583,0.684,0.6,2858.0,214.41
230900,2309003,Mucambo (CE),23,Ceará,0.375,0.057,0.461,0.608,0.633,3056.0,251.98
230910,2309102,Mulungu (CE),23,Ceará,0.339,0.056,0.476,0.485,0.658,1607.0,343.41
230920,2309201,Nova Olinda (CE),23,Ceará,0.4,0.167,0.49,0.542,0.644,3534.0,272.51
230930,2309300,Nova Russas (CE),23,Ceará,0.37,0.13,0.446,0.533,0.628,8110.0,284.05
230940,2309409,Novo Oriente (CE),23,Ceará,0.464,0.281,0.625,0.487,0.638,4926.0,275.78
230945,2309458,Ocara (CE),23,Ceará,0.464,0.56,0.413,0.419,0.672,2557.0,274.06
230950,2309508,Orós (CE),23,Ceará,0.411,0.183,0.519,0.531,0.645,5368.0,282.33
230980,2309805,Pacoti (CE),23,Ceará,0.342,0.035,0.421,0.571,0.713,1882.0,348.64
230990,2309904,Pacujá (CE),23,Ceará,0.352,0.019,0.48,0.558,0.648,1153.0,281.3
231000,2310001,Palhano (CE),23,Ceará,0.497,0.558,0.387,0.546,0.686,1104.0,332.68
231010,2310100,Palmácia (CE),23,Ceará,0.431,0.332,0.517,0.444,0.697,1797.0,433.76
231020,2310209,Paracuru (CE),23,Ceará,0.363,0.225,0.428,0.436,0.685,7534.0,323.1
231025,2310258,Paraipaba (CE),23,Ceará,0.381,0.167,0.488,0.487,0.699,4815.0,289.88
231030,2310308,Parambu (CE),23,Ceará,0.443,0.198,0.549,0.582,0.618,4441.0,254.47
231040,2310407,Paramoti (CE),23,Ceará,0.43,0.071,0.599,0.621,0.63,1856.0,248.02
231050,2310506,Pedra Branca (CE),23,Ceará,0.427,0.183,0.521,0.577,0.644,8763.0,259.45
231060,2310605,Penaforte (CE),23,Ceará,0.461,0.243,0.558,0.58,0.655,2310.0,256.69
231070,2310704,Pentecoste (CE),23,Ceará,0.454,0.276,0.518,0.568,0.662,6843.0,307.32
231080,2310803,Pereiro (CE),23,Ceará,0.323,0.057,0.475,0.435,0.656,1800.0,269.7
231090,2310902,Piquet Carneiro (CE),23,Ceará,0.369,0.134,0.472,0.5,0.651,2295.0,261.4
231095,2310951,Pires Ferreira (CE),23,Ceará,0.459,0.268,0.49,0.619,0.616,1075.0,212.35
231100,2311009,Poranga (CE),23,Ceará,0.526,0.43,0.559,0.591,0.588,2029.0,233.76
231110,2311108,Porteiras (CE),23,Ceará,0.405,0.069,0.488,0.657,0.664,2325.0,265.85
231120,2311207,Potengi (CE),23,Ceará,0.445,0.117,0.483,0.737,0.577,1917.0,197.74
231123,2311231,Potiretama (CE),23,Ceará,0.366,0.104,0.556,0.438,0.643,652.0,276.52
231126,2311264,Quiterianópolis (CE),23,Ceará,0.474,0.315,0.558,0.55,0.603,6641.0,190.87
231130,2311306,Quixadá (CE),23,Ceará,0.381,0.186,0.456,0.503,0.686,19633.0,315.87
231135,2311355,Quixelô (CE),23,Ceará,0.374,0.226,0.444,0.453,0.635,1477.0,268.06
231140,2311405,Quixeramobim (CE),23,Ceará,0.304,0.079,0.415,0.418,0.684,15198.0,363.94
231150,2311504,Quixeré (CE),23,Ceará,0.359,0.044,0.507,0.528,0.634,3726.0,250.61
231160,2311603,Redenção (CE),23,Ceará,0.393,0.171,0.497,0.513,0.675,6166.0,276.9
231170,2311702,Reriutaba (CE),23,Ceará,0.464,0.216,0.601,0.574,0.628,3156.0,241.12
231180,2311801,Russas (CE),23,Ceará,0.288,0.055,0.394,0.416,0.701,13300.0,375.77
231190,2311900,Saboeiro (CE),23,Ceará,0.373,0.085,0.52,0.513,0.621,2446.0,224.11
231195,2311959,Salitre (CE),23,Ceará,0.509,0.501,0.547,0.477,0.585,2311.0,216.89
231220,2312205,Santa Quitéria (CE),23,Ceará,0.405,0.242,0.413,0.561,0.656,7838.0,274.87
231200,2312007,Santana do Acaraú (CE),23,Ceará,0.407,0.162,0.517,0.542,0.622,5146.0,229.97
231210,2312106,Santana do Cariri (CE),23,Ceará,0.448,0.236,0.515,0.594,0.63,3354.0,225.53
231270,2312700,Senador Pompeu (CE),23,Ceará,0.407,0.111,0.519,0.59,0.645,4884.0,296.39
231280,2312809,Senador Sá (CE),23,Ceará,0.488,0.387,0.533,0.545,0.636,2008.0,222.26
231290,2312908,Sobral (CE),23,Ceará,0.296,0.052,0.395,0.44,0.7,57243.0,376.44
231300,2313005,Solonópole (CE),23,Ceará,0.307,0.031,0.387,0.504,0.666,2717.0,285.49
231230,2312304,São Benedito (CE),23,Ceará,0.432,0.251,0.554,0.491,0.622,7677.0,276.43
231250,2312502,São João do Jaguaribe (CE),23,Ceará,0.255,0.029,0.381,0.356,0.653,2597.0,334.3
231260,2312601,São Luís do Curu (CE),23,Ceará,0.401,0.159,0.503,0.539,0.679,2883.0,282.25
231310,2313104,Tabuleiro do Norte (CE),23,Ceará,0.302,0.07,0.46,0.376,0.694,4725.0,496.44
231320,2313203,Tamboril (CE),23,Ceará,0.39,0.191,0.489,0.49,0.61,5206.0,249.75
231325,2313252,Tarrafas (CE),23,Ceará,0.4,0.055,0.558,0.586,0.588,2120.0,203.62
231330,2313302,Tauá (CE),23,Ceará,0.351,0.103,0.442,0.508,0.652,9052.0,284.15
231335,2313351,Tejuçuoca (CE),23,Ceará,0.359,0.26,0.406,0.412,0.66,2219.0,260.02
231340,2313401,Tianguá (CE),23,Ceará,0.385,0.158,0.545,0.451,0.682,14516.0,365.29
231350,2313500,Trairi (CE),23,Ceará,0.455,0.427,0.45,0.487,0.662,7092.0,257.97
231355,2313559,Tururu (CE),23,Ceará,0.422,0.192,0.494,0.58,0.651,2080.0,231.32
231360,2313609,Ubajara (CE),23,Ceará,0.347,0.112,0.451,0.477,0.679,5381.0,339.47
231370,2313708,Umari (CE),23,Ceará,0.417,0.185,0.534,0.533,0.634,1161.0,272.41
231375,2313757,Umirim (CE),23,Ceará,0.416,0.215,0.486,0.547,0.611,3994.0,201.68
231380,2313807,Uruburetama (CE),23,Ceará,0.373,0.06,0.497,0.563,0.661,5438.0,248.45
231390,2313906,Uruoca (CE),23,Ceará,0.447,0.135,0.612,0.594,0.605,3000.0,214.17
231395,2313955,Varjota (CE),23,Ceará,0.407,0.131,0.511,0.579,0.633,4680.0,282.93
231410,2314102,Viçosa do Ceará (CE),23,Ceará,0.422,0.364,0.418,0.485,0.636,7081.0,263.15
231400,2314003,Várzea Alegre (CE),23,Ceará,0.42,0.171,0.515,0.573,0.643,7779.0,252.47
230100,2301000,Aquiraz (CE),23,Ceará,0.491,0.464,0.513,0.495,0.636,23221.0,313.03
230350,2303501,Cascavel (CE),23,Ceará,0.456,0.385,0.456,0.528,0.653,20255.0,293.28
230370,2303709,Caucaia (CE),23,Ceará,0.415,0.377,0.435,0.432,0.683,102141.0,353.33
230395,2303956,Chorozinho (CE),23,Ceará,0.451,0.369,0.499,0.486,0.635,3920.0,284.13
230428,2304285,Eusébio (CE),23,Ceará,0.408,0.212,0.535,0.478,0.688,15109.0,467.66
230440,2304400,Fortaleza (CE),23,Ceará,0.345,0.332,0.361,0.342,0.735,795484.0,610.61
230495,2304954,Guaiúba (CE),23,Ceará,0.407,0.234,0.508,0.479,0.642,6843.0,250.6
230523,2305233,Horizonte (CE),23,Ceará,0.373,0.189,0.48,0.451,0.672,17266.0,312.18
230625,2306256,Itaitinga (CE),23,Ceará,0.472,0.315,0.577,0.525,0.649,13190.0,281.0
230765,2307650,Maracanaú (CE),23,Ceará,0.34,0.19,0.376,0.453,0.697,71764.0,343.13
230770,2307700,Maranguape (CE),23,Ceará,0.337,0.145,0.461,0.406,0.678,28339.0,322.78
230960,2309607,Pacajus (CE),23,Ceará,0.374,0.259,0.401,0.461,0.684,18471.0,339.82
230970,2309706,Pacatuba (CE),23,Ceará,0.404,0.272,0.447,0.493,0.69,22650.0,329.93
231085,2310852,Pindoretama (CE),23,Ceará,0.416,0.348,0.424,0.475,0.69,3941.0,334.67
231240,2312403,São Gonçalo do Amarante (CE),23,Ceará,0.399,0.331,0.421,0.446,0.682,10344.0,287.76
210040,2100402,Altamira do Maranhão (MA),21,Maranhão,0.536,0.511,0.546,0.551,0.632,1890.0,220.15
210043,2100436,Alto Alegre do Maranhão (MA),21,Maranhão,0.583,0.439,0.626,0.684,0.564,8163.0,184.17
210047,2100477,Alto Alegre do Pindaré (MA),21,Maranhão,0.528,0.248,0.613,0.724,0.599,4430.0,171.88
210055,2100550,Amapá do Maranhão (MA),21,Maranhão,0.709,0.83,0.634,0.662,0.553,1973.0,193.13
210060,2100600,Amarante do Maranhão (MA),21,Maranhão,0.404,0.224,0.522,0.466,0.654,5581.0,341.96
210070,2100709,Anajatuba (MA),21,Maranhão,0.505,0.419,0.433,0.662,0.662,2128.0,277.35
210080,2100808,Anapurus (MA),21,Maranhão,0.526,0.469,0.483,0.626,0.643,3042.0,232.77
210083,2100832,Apicum-Açu (MA),21,Maranhão,0.616,0.926,0.478,0.445,0.628,3381.0,228.04
210087,2100873,Araguanã (MA),21,Maranhão,0.497,0.405,0.52,0.566,0.614,2283.0,185.99
210090,2100907,Araioses (MA),21,Maranhão,0.502,0.374,0.532,0.599,0.61,4583.0,244.05
210095,2100956,Arame (MA),21,Maranhão,0.578,0.512,0.649,0.573,0.606,4571.0,226.76
210100,2101004,Arari (MA),21,Maranhão,0.366,0.299,0.397,0.403,0.675,5525.0,327.46
210110,2101103,Axixá (MA),21,Maranhão,0.495,0.69,0.302,0.494,0.711,1947.0,272.48
210005,2100055,Açailândia (MA),21,Maranhão,0.366,0.155,0.477,0.467,0.69,28576.0,394.66
210120,2101202,Bacabal (MA),21,Maranhão,0.373,0.16,0.462,0.496,0.68,30244.0,354.63
210125,2101251,Bacabeira (MA),21,Maranhão,0.392,0.227,0.483,0.467,0.684,1159.0,355.73
210130,2101301,Bacuri (MA),21,Maranhão,0.687,1.0,0.477,0.583,0.629,3676.0,260.71
210140,2101400,Balsas (MA),21,Maranhão,0.337,0.212,0.421,0.379,0.698,27441.0,440.71
210160,2101608,Barra do Corda (MA),21,Maranhão,0.502,0.451,0.523,0.531,0.646,18873.0,322.74
210170,2101707,Barreirinhas (MA),21,Maranhão,0.477,0.441,0.411,0.577,0.672,8945.0,271.1
210150,2101509,Barão de Grajaú (MA),21,Maranhão,0.361,0.213,0.408,0.463,0.672,3925.0,349.36
210177,2101772,Bela Vista do Maranhão (MA),21,Maranhão,0.7,0.832,0.599,0.667,0.556,1871.0,193.11
210173,2101731,Belágua (MA),21,Maranhão,0.572,0.709,0.563,0.443,0.568,1322.0,125.76
210190,2101905,Bequimão (MA),21,Maranhão,0.644,0.736,0.592,0.605,0.591,6138.0,168.67
210193,2101939,Bernardo do Mearim (MA),21,Maranhão,0.355,0.116,0.391,0.558,0.667,781.0,289.56
210197,2101970,Boa Vista do Gurupi (MA),21,Maranhão,0.553,0.475,0.642,0.541,0.593,2379.0,201.04
210200,2102002,Bom Jardim (MA),21,Maranhão,0.534,0.394,0.541,0.668,0.595,6368.0,231.81
210207,2102077,Bom Lugar (MA),21,Maranhão,0.608,0.553,0.547,0.725,0.604,1569.0,175.7
210210,2102101,Brejo (MA),21,Maranhão,0.558,0.569,0.488,0.616,0.64,5100.0,254.7
210215,2102150,Brejo de Areia (MA),21,Maranhão,0.614,0.673,0.559,0.611,0.579,1047.0,204.48
210220,2102200,Buriti (MA),21,Maranhão,0.558,0.64,0.484,0.55,0.645,3626.0,242.9
210230,2102309,Buriti Bravo (MA),21,Maranhão,0.578,0.695,0.513,0.527,0.633,7024.0,238.47
210232,2102325,Buriticupu (MA),21,Maranhão,0.577,0.557,0.619,0.556,0.607,14397.0,255.0
210235,2102358,Buritirana (MA),21,Maranhão,0.559,0.707,0.53,0.44,0.631,1619.0,248.02
210237,2102374,Cachoeira Grande (MA),21,Maranhão,0.609,0.693,0.508,0.624,0.612,1433.0,135.14
210250,2102507,Cajari (MA),21,Maranhão,0.471,0.632,0.309,0.473,0.656,1757.0,247.75
210255,2102556,Campestre do Maranhão (MA),21,Maranhão,0.413,0.315,0.449,0.474,0.664,3970.0,329.7
210270,2102705,Cantanhede (MA),21,Maranhão,0.674,0.755,0.587,0.681,0.609,5674.0,206.71
210280,2102804,Carolina (MA),21,Maranhão,0.329,0.132,0.42,0.435,0.675,5629.0,360.94
210290,2102903,Carutapera (MA),21,Maranhão,0.597,0.678,0.589,0.523,0.617,6463.0,236.57
210300,2103000,Caxias (MA),21,Maranhão,0.436,0.346,0.462,0.499,0.668,49522.0,330.63
210317,2103174,Centro Novo do Maranhão (MA),21,Maranhão,0.647,0.689,0.589,0.665,0.598,1942.0,196.46
210315,2103158,Centro do Guilherme (MA),21,Maranhão,0.528,0.527,0.59,0.467,0.627,2557.0,255.22
210320,2103208,Chapadinha (MA),21,Maranhão,0.549,0.564,0.556,0.527,0.651,19942.0,277.92
210325,2103257,Cidelândia (MA),21,Maranhão,0.466,0.386,0.475,0.536,0.652,2226.0,292.59
210330,2103307,Codó (MA),21,Maranhão,0.49,0.359,0.528,0.583,0.627,36041.0,281.21
210340,2103406,Coelho Neto (MA),21,Maranhão,0.715,0.942,0.618,0.585,0.589,16002.0,242.73
210350,2103505,Colinas (MA),21,Maranhão,0.629,0.757,0.575,0.557,0.668,10340.0,320.21
210355,2103554,Conceição do Lago-Açu (MA),21,Maranhão,0.595,0.719,0.6,0.467,0.567,2594.0,199.03
210360,2103604,Coroatá (MA),21,Maranhão,0.57,0.523,0.555,0.633,0.618,16717.0,244.03
210370,2103703,Cururupu (MA),21,Maranhão,0.671,0.969,0.452,0.59,0.659,9805.0,298.35
210260,2102606,Cândido Mendes (MA),21,Maranhão,0.609,0.866,0.493,0.468,0.612,4280.0,231.89
210375,2103752,Davinópolis (MA),21,Maranhão,0.487,0.466,0.518,0.476,0.629,4111.0,253.52
210380,2103802,Dom Pedro (MA),21,Maranhão,0.409,0.246,0.476,0.506,0.645,5762.0,310.49
210400,2104008,Esperantinópolis (MA),21,Maranhão,0.52,0.304,0.53,0.725,0.639,3784.0,352.41
210405,2104057,Estreito (MA),21,Maranhão,0.323,0.09,0.522,0.357,0.668,8456.0,494.26
210407,2104073,Feira Nova do Maranhão (MA),21,Maranhão,0.439,0.188,0.581,0.548,0.644,708.0,280.32
210408,2104081,Fernando Falcão (MA),21,Maranhão,0.708,0.556,0.734,0.835,0.5,2284.0,108.9
210409,2104099,Formosa da Serra Negra (MA),21,Maranhão,0.529,0.275,0.553,0.759,0.625,2032.0,222.44
210410,2104107,Fortaleza dos Nogueiras (MA),21,Maranhão,0.394,0.111,0.52,0.55,0.67,2749.0,331.76
210420,2104206,Fortuna (MA),21,Maranhão,0.515,0.507,0.548,0.49,0.647,3708.0,279.17
210430,2104305,Godofredo Viana (MA),21,Maranhão,0.62,0.801,0.501,0.557,0.655,2624.0,243.69
210440,2104404,Gonçalves Dias (MA),21,Maranhão,0.447,0.338,0.537,0.465,0.62,2918.0,285.9
210455,2104552,Governador Edison Lobão (MA),21,Maranhão,0.419,0.157,0.57,0.53,0.661,2516.0,303.67
210460,2104602,Governador Eugênio Barros (MA),21,Maranhão,0.458,0.401,0.528,0.445,0.652,1965.0,292.92
210462,2104628,Governador Luiz Rocha (MA),21,Maranhão,0.588,0.689,0.556,0.521,0.612,2192.0,219.98
210465,2104651,Governador Newton Bello (MA),21,Maranhão,0.569,0.417,0.553,0.736,0.598,1797.0,228.18
210467,2104677,Governador Nunes Freire (MA),21,Maranhão,0.489,0.41,0.501,0.555,0.633,6463.0,290.19
210480,2104800,Grajaú (MA),21,Maranhão,0.453,0.401,0.521,0.435,0.658,12625.0,369.89
210470,2104701,Graça Aranha (MA),21,Maranhão,0.504,0.245,0.579,0.687,0.605,1122.0,237.21
210490,2104909,Guimarães (MA),21,Maranhão,0.517,0.639,0.473,0.439,0.683,2908.0,261.14
210500,2105005,Humberto de Campos (MA),21,Maranhão,0.625,0.699,0.54,0.636,0.616,4317.0,187.55
210520,2105203,Igarapé Grande (MA),21,Maranhão,0.408,0.287,0.409,0.528,0.67,2544.0,324.56
210515,2105153,Igarapé do Meio (MA),21,Maranhão,0.584,0.563,0.606,0.583,0.645,2517.0,277.15
210530,2105302,Imperatriz (MA),21,Maranhão,0.264,0.102,0.331,0.359,0.736,80910.0,511.43
210535,2105351,Itaipava do Grajaú (MA),21,Maranhão,0.719,0.821,0.671,0.664,0.565,1612.0,170.98
210540,2105401,Itapecuru Mirim (MA),21,Maranhão,0.467,0.396,0.503,0.501,0.664,14654.0,269.81
210542,2105427,Itinga do Maranhão (MA),21,Maranhão,0.412,0.19,0.509,0.537,0.659,6317.0,330.46
210545,2105450,Jatobá (MA),21,Maranhão,0.547,0.71,0.502,0.43,0.653,1446.0,263.4
210547,2105476,Jenipapo dos Vieiras (MA),21,Maranhão,0.484,0.381,0.471,0.599,0.657,940.0,293.85
210560,2105609,Joselândia (MA),21,Maranhão,0.57,0.829,0.516,0.363,0.659,2344.0,309.11
210550,2105500,João Lisboa (MA),21,Maranhão,0.444,0.378,0.429,0.525,0.655,5819.0,289.36
210590,2105906,Lago Verde (MA),21,Maranhão,0.592,0.653,0.543,0.581,0.654,2009.0,250.11
210570,2105708,Lago da Pedra (MA),21,Maranhão,0.51,0.48,0.482,0.568,0.632,11552.0,299.88
210580,2105807,Lago do Junco (MA),21,Maranhão,0.44,0.234,0.545,0.541,0.682,1582.0,333.0
210594,2105948,Lago dos Rodrigues (MA),21,Maranhão,0.404,0.266,0.448,0.496,0.642,1895.0,294.75
210596,2105963,Lagoa Grande do Maranhão (MA),21,Maranhão,0.69,0.783,0.69,0.597,0.541,2180.0,177.48
210592,2105922,Lagoa do Mato (MA),21,Maranhão,0.512,0.568,0.526,0.44,0.64,1690.0,254.37
210598,2105989,Lajeado Novo (MA),21,Maranhão,0.337,0.107,0.428,0.476,0.642,1140.0,322.28
210600,2106003,Lima Campos (MA),21,Maranhão,0.43,0.382,0.508,0.399,0.663,2307.0,342.96
210610,2106102,Loreto (MA),21,Maranhão,0.415,0.321,0.443,0.481,0.635,2623.0,238.63
210620,2106201,Luís Domingues (MA),21,Maranhão,0.586,0.779,0.521,0.458,0.627,2175.0,225.73
210630,2106300,Magalhães de Almeida (MA),21,Maranhão,0.479,0.453,0.51,0.473,0.631,3176.0,212.29
210632,2106326,Maracaçumé (MA),21,Maranhão,0.614,0.673,0.621,0.547,0.602,6551.0,233.85
210635,2106359,Marajá do Sena (MA),21,Maranhão,0.441,0.196,0.446,0.683,0.633,455.0,250.78
210637,2106375,Maranhãozinho (MA),21,Maranhão,0.526,0.439,0.551,0.587,0.604,3527.0,192.72
210663,2106631,Matões do Norte (MA),21,Maranhão,0.542,0.306,0.547,0.773,0.59,1890.0,204.79
210667,2106672,Milagres do Maranhão (MA),21,Maranhão,0.483,0.48,0.521,0.449,0.611,676.0,189.71
210670,2106706,Mirador (MA),21,Maranhão,0.567,0.528,0.557,0.617,0.63,3452.0,228.46
210675,2106755,Miranda do Norte (MA),21,Maranhão,0.509,0.557,0.507,0.463,0.637,7103.0,256.52
210700,2107001,Montes Altos (MA),21,Maranhão,0.511,0.407,0.442,0.685,0.644,1729.0,246.22
210690,2106904,Monção (MA),21,Maranhão,0.58,0.788,0.448,0.503,0.661,4783.0,247.52
210710,2107100,Morros (MA),21,Maranhão,0.482,0.576,0.403,0.468,0.686,2803.0,254.2
210720,2107209,Nina Rodrigues (MA),21,Maranhão,0.594,0.747,0.409,0.626,0.695,1673.0,284.2
210725,2107258,Nova Colinas (MA),21,Maranhão,0.475,0.256,0.628,0.541,0.632,772.0,198.92
210735,2107357,Nova Olinda do Maranhão (MA),21,Maranhão,0.517,0.503,0.508,0.538,0.611,4763.0,223.58
210740,2107407,Olho D'Água das Cunhãs (MA),21,Maranhão,0.511,0.461,0.612,0.46,0.629,3391.0,288.39
210760,2107605,Palmeirândia (MA),21,Maranhão,0.449,0.351,0.449,0.549,0.678,1446.0,235.77
210770,2107704,Paraibano (MA),21,Maranhão,0.434,0.266,0.519,0.518,0.616,5927.0,255.3
210780,2107803,Parnarama (MA),21,Maranhão,0.475,0.439,0.45,0.536,0.615,5533.0,239.95
210790,2107902,Passagem Franca (MA),21,Maranhão,0.58,0.483,0.66,0.595,0.597,4056.0,254.99
210800,2108009,Pastos Bons (MA),21,Maranhão,0.543,0.56,0.483,0.585,0.649,4307.0,221.26
210805,2108058,Paulino Neves (MA),21,Maranhão,0.418,0.437,0.362,0.456,0.654,1713.0,278.25
210810,2108108,Paulo Ramos (MA),21,Maranhão,0.535,0.482,0.526,0.595,0.62,4320.0,289.65
210820,2108207,Pedreiras (MA),21,Maranhão,0.373,0.178,0.43,0.513,0.702,12234.0,434.92
210830,2108306,Penalva (MA),21,Maranhão,0.478,0.558,0.396,0.481,0.641,7159.0,252.67
210840,2108405,Peri Mirim (MA),21,Maranhão,0.625,0.654,0.572,0.648,0.604,4425.0,166.8
210845,2108454,Peritoró (MA),21,Maranhão,0.607,0.619,0.523,0.679,0.608,3238.0,206.42
210850,2108504,Pindaré-Mirim (MA),21,Maranhão,0.507,0.425,0.484,0.61,0.651,9176.0,273.26
210860,2108603,Pinheiro (MA),21,Maranhão,0.349,0.271,0.344,0.433,0.707,18091.0,352.46
210870,2108702,Pio Xii (MA),21,Maranhão,0.485,0.275,0.599,0.582,0.598,4491.0,238.33
210880,2108801,Pirapemas (MA),21,Maranhão,0.631,0.745,0.552,0.595,0.634,4831.0,207.78
210900,2109007,Porto Franco (MA),21,Maranhão,0.331,0.132,0.455,0.406,0.724,5840.0,522.34
210905,2109056,Porto Rico do Maranhão (MA),21,Maranhão,0.432,0.347,0.523,0.427,0.64,967.0,215.6
210890,2108900,Poção de Pedras (MA),21,Maranhão,0.426,0.354,0.504,0.418,0.63,3146.0,303.28
210910,2109106,Presidente Dutra (MA),21,Maranhão,0.39,0.206,0.485,0.481,0.667,11034.0,386.38
210923,2109239,Presidente Médici (MA),21,Maranhão,0.337,0.119,0.402,0.489,0.654,1578.0,249.47
210927,2109270,Presidente Sarney (MA),21,Maranhão,0.619,1.0,0.397,0.458,0.644,1891.0,207.76
210940,2109403,Primeira Cruz (MA),21,Maranhão,0.52,0.691,0.453,0.415,0.625,1648.0,158.93
210950,2109502,Riachão (MA),21,Maranhão,0.371,0.119,0.41,0.584,0.676,3981.0,342.05
210955,2109551,Ribamar Fiquene (MA),21,Maranhão,0.437,0.234,0.503,0.575,0.648,1372.0,306.96
210960,2109601,Rosário (MA),21,Maranhão,0.469,0.396,0.45,0.563,0.692,9513.0,317.94
210975,2109759,Santa Filomena do Maranhão (MA),21,Maranhão,0.568,0.583,0.453,0.667,0.619,668.0,217.3
210980,2109809,Santa Helena (MA),21,Maranhão,0.509,0.56,0.434,0.533,0.646,7238.0,249.86
210990,2109908,Santa Inês (MA),21,Maranhão,0.359,0.164,0.429,0.485,0.674,27882.0,348.21
211000,2110005,Santa Luzia (MA),21,Maranhão,0.449,0.357,0.476,0.514,0.647,10562.0,287.22
211003,2110039,Santa Luzia do Paruá (MA),21,Maranhão,0.441,0.345,0.458,0.52,0.653,4377.0,343.93
211010,2110104,Santa Quitéria do Maranhão (MA),21,Maranhão,0.609,0.664,0.57,0.592,0.66,5573.0,204.41
211020,2110203,Santa Rita (MA),21,Maranhão,0.447,0.4,0.476,0.464,0.682,5924.0,316.8
211023,2110237,Santana do Maranhão (MA),21,Maranhão,0.356,0.343,0.359,0.364,0.599,724.0,259.27
211027,2110278,Santo Amaro do Maranhão (MA),21,Maranhão,0.538,0.715,0.466,0.434,0.667,1313.0,241.94
211030,2110302,Santo Antônio dos Lopes (MA),21,Maranhão,0.35,0.119,0.443,0.489,0.635,2459.0,326.41
211172,2111722,Satubinha (MA),21,Maranhão,0.651,0.695,0.749,0.508,0.588,1523.0,213.38
211174,2111748,Senador Alexandre Costa (MA),21,Maranhão,0.632,0.8,0.632,0.464,0.598,2537.0,227.35
211176,2111763,Senador La Rocque (MA),21,Maranhão,0.433,0.313,0.436,0.551,0.655,3277.0,294.6
211190,2111904,Sucupira do Norte (MA),21,Maranhão,0.512,0.6,0.446,0.491,0.638,1757.0,222.71
211040,2110401,São Benedito do Rio Preto (MA),21,Maranhão,0.673,0.755,0.568,0.696,0.603,4435.0,171.03
211050,2110500,São Bento (MA),21,Maranhão,0.507,0.407,0.447,0.668,0.651,9137.0,245.22
211060,2110609,São Bernardo (MA),21,Maranhão,0.46,0.405,0.542,0.434,0.657,5100.0,278.29
211065,2110658,São Domingos do Azeitão (MA),21,Maranhão,0.573,0.453,0.669,0.596,0.564,1724.0,173.81
211070,2110708,São Domingos do Maranhão (MA),21,Maranhão,0.44,0.447,0.439,0.433,0.641,6169.0,290.53
211085,2110856,São Francisco do Brejão (MA),21,Maranhão,0.555,0.652,0.556,0.456,0.621,1904.0,270.59
211090,2110906,São Francisco do Maranhão (MA),21,Maranhão,0.359,0.225,0.429,0.423,0.652,1570.0,276.76
211080,2110807,São Félix de Balsas (MA),21,Maranhão,0.632,0.836,0.561,0.5,0.624,608.0,268.85
211125,2111250,São José dos Basílios (MA),21,Maranhão,0.632,0.889,0.459,0.549,0.618,1143.0,182.98
211100,2111003,São João Batista (MA),21,Maranhão,0.523,0.5,0.369,0.701,0.702,1918.0,310.45
211102,2111029,São João do Carú (MA),21,Maranhão,0.578,0.486,0.645,0.601,0.57,2446.0,187.92
211105,2111052,São João do Paraíso (MA),21,Maranhão,0.424,0.24,0.532,0.501,0.671,1668.0,281.14
211107,2111078,São João do Soter (MA),21,Maranhão,0.636,0.751,0.575,0.582,0.573,2725.0,201.99
211110,2111102,São João dos Patos (MA),21,Maranhão,0.417,0.303,0.432,0.518,0.659,7606.0,330.96
211140,2111409,São Luís Gonzaga do Maranhão (MA),21,Maranhão,0.418,0.349,0.439,0.467,0.669,3231.0,281.03
211150,2111508,São Mateus do Maranhão (MA),21,Maranhão,0.606,0.635,0.619,0.565,0.645,11482.0,327.75
211153,2111532,São Pedro da Água Branca (MA),21,Maranhão,0.614,0.582,0.638,0.622,0.627,4159.0,278.38
211157,2111573,São Pedro dos Crentes (MA),21,Maranhão,0.354,0.171,0.455,0.435,0.678,908.0,285.64
211160,2111607,São Raimundo das Mangabeiras (MA),21,Maranhão,0.466,0.355,0.52,0.522,0.652,4541.0,307.25
211163,2111631,São Raimundo do Doca Bezerra (MA),21,Maranhão,0.339,0.165,0.492,0.361,0.616,718.0,231.85
211167,2111672,São Roberto (MA),21,Maranhão,0.454,0.114,0.608,0.639,0.596,1017.0,199.13
211180,2111805,Sítio Novo (MA),21,Maranhão,0.446,0.353,0.481,0.505,0.66,1744.0,307.78
211200,2112001,Tasso Fragoso (MA),21,Maranhão,0.355,0.256,0.374,0.434,0.658,1888.0,315.54
211210,2112100,Timbiras (MA),21,Maranhão,0.631,0.588,0.636,0.67,0.587,7564.0,182.08
211223,2112233,Trizidela do Vale (MA),21,Maranhão,0.493,0.342,0.585,0.551,0.631,6244.0,260.05
211230,2112308,Tuntum (MA),21,Maranhão,0.439,0.27,0.491,0.557,0.636,6216.0,273.64
211240,2112407,Turiaçu (MA),21,Maranhão,0.581,0.661,0.508,0.576,0.639,4531.0,254.2
211245,2112456,Turilândia (MA),21,Maranhão,0.609,0.662,0.513,0.652,0.612,3966.0,197.87
211250,2112506,Tutóia (MA),21,Maranhão,0.53,0.567,0.584,0.439,0.632,7280.0,328.13
211260,2112605,Urbano Santos (MA),21,Maranhão,0.611,0.785,0.551,0.497,0.635,7101.0,229.17
211270,2112704,Vargem Grande (MA),21,Maranhão,0.687,0.824,0.585,0.652,0.603,11814.0,202.26
211280,2112803,Viana (MA),21,Maranhão,0.5,0.643,0.414,0.444,0.68,9971.0,322.14
211285,2112852,Vila Nova dos Martírios (MA),21,Maranhão,0.688,0.693,0.678,0.693,0.591,2352.0,225.87
211300,2113009,Vitorino Freire (MA),21,Maranhão,0.537,0.48,0.541,0.589,0.612,6328.0,292.2
211290,2112902,Vitória do Mearim (MA),21,Maranhão,0.505,0.615,0.414,0.485,0.654,4848.0,253.02
211400,2114007,Zé Doca (MA),21,Maranhão,0.443,0.303,0.475,0.551,0.643,12083.0,293.75
210015,2100154,Água Doce do Maranhão (MA),21,Maranhão,0.565,0.51,0.501,0.686,0.593,1106.0,304.07
211220,2112209,Timon (MA),21,Maranhão,0.383,0.282,0.436,0.432,0.68,56376.0,348.04
210750,2107506,Paço do Lumiar (MA),21,Maranhão,0.451,0.645,0.319,0.388,0.749,29175.0,451.57
210945,2109452,Raposa (MA),21,Maranhão,0.634,0.889,0.515,0.497,0.651,6117.0,241.75
211120,2111201,São José de Ribamar (MA),21,Maranhão,0.488,0.555,0.429,0.479,0.708,15569.0,335.41
211130,2111300,São Luís (MA),21,Maranhão,0.385,0.475,0.292,0.388,0.767,347856.0,613.34
250020,2500205,Aguiar (PB),25,Paraíba,0.318,0.026,0.484,0.445,0.648,759.0,381.6
250030,2500304,Alagoa Grande (PB),25,Paraíba,0.51,0.285,0.605,0.64,0.596,6184.0,281.03
250040,2500403,Alagoa Nova (PB),25,Paraíba,0.362,0.095,0.481,0.511,0.635,3501.0,346.7
250050,2500502,Alagoinha (PB),25,Paraíba,0.443,0.206,0.568,0.554,0.601,3400.0,309.14
250053,2500536,Alcantil (PB),25,Paraíba,0.434,0.391,0.5,0.409,0.643,606.0,275.57
250057,2500577,Algodão de Jandaíra (PB),25,Paraíba,0.439,0.141,0.67,0.507,0.605,362.0,230.8
250060,2500601,Alhandra (PB),25,Paraíba,0.496,0.273,0.623,0.593,0.596,3799.0,250.85
250073,2500734,Amparo (PB),25,Paraíba,0.307,0.052,0.373,0.496,0.64,295.0,249.95
250077,2500775,Aparecida (PB),25,Paraíba,0.382,0.033,0.555,0.557,0.624,1362.0,261.45
250090,2500908,Arara (PB),25,Paraíba,0.42,0.17,0.534,0.555,0.598,3052.0,332.33
250100,2501005,Araruna (PB),25,Paraíba,0.44,0.309,0.534,0.477,0.627,3056.0,276.47
250080,2500809,Araçagi (PB),25,Paraíba,0.45,0.178,0.574,0.596,0.623,2080.0,287.91
250110,2501104,Areia (PB),25,Paraíba,0.384,0.062,0.532,0.558,0.636,5006.0,344.11
250115,2501153,Areia de Baraúnas (PB),25,Paraíba,0.384,0.056,0.622,0.473,0.594,321.0,201.89
250120,2501203,Areial (PB),25,Paraíba,0.406,0.17,0.533,0.515,0.637,1453.0,328.31
250130,2501302,Aroeiras (PB),25,Paraíba,0.517,0.358,0.577,0.617,0.596,3049.0,249.71
250150,2501500,Bananeiras (PB),25,Paraíba,0.484,0.134,0.595,0.721,0.605,2964.0,313.97
250153,2501534,Baraúna (PB),25,Paraíba,0.486,0.277,0.538,0.643,0.599,1028.0,208.42
250160,2501609,Barra de Santa Rosa (PB),25,Paraíba,0.389,0.114,0.501,0.551,0.586,2411.0,293.97
250157,2501575,Barra de Santana (PB),25,Paraíba,0.521,0.378,0.561,0.624,0.555,2233.0,218.83
250170,2501708,Barra de São Miguel (PB),25,Paraíba,0.394,0.113,0.588,0.481,0.556,1079.0,248.65
250180,2501807,Bayeux (PB),25,Paraíba,0.424,0.289,0.463,0.52,0.655,31234.0,343.37
250140,2501401,Baía da Traição (PB),25,Paraíba,0.406,0.169,0.452,0.597,0.614,568.0,254.92
250190,2501906,Belém (PB),25,Paraíba,0.418,0.122,0.522,0.611,0.614,4697.0,278.23
250200,2502003,Belém do Brejo do Cruz (PB),25,Paraíba,0.348,0.017,0.476,0.55,0.606,1596.0,254.43
250205,2502052,Bernardino Batista (PB),25,Paraíba,0.477,0.327,0.576,0.527,0.604,1026.0,203.57
250210,2502102,Boa Ventura (PB),25,Paraíba,0.39,0.144,0.474,0.552,0.641,1068.0,307.44
250215,2502151,Boa Vista (PB),25,Paraíba,0.284,0.052,0.327,0.473,0.674,766.0,301.54
250220,2502201,Bom Jesus (PB),25,Paraíba,0.391,0.105,0.505,0.564,0.647,268.0,303.31
250230,2502300,Bom Sucesso (PB),25,Paraíba,0.408,0.074,0.602,0.548,0.594,662.0,306.75
250240,2502409,Bonito de Santa Fé (PB),25,Paraíba,0.383,0.118,0.573,0.459,0.565,2579.0,252.97
250250,2502508,Boqueirão (PB),25,Paraíba,0.389,0.19,0.478,0.499,0.632,3279.0,330.42
250270,2502706,Borborema (PB),25,Paraíba,0.329,0.084,0.426,0.477,0.624,1234.0,269.4
250280,2502805,Brejo do Cruz (PB),25,Paraíba,0.373,0.038,0.541,0.541,0.61,2915.0,282.14
250290,2502904,Brejo dos Santos (PB),25,Paraíba,0.404,0.025,0.526,0.66,0.638,1165.0,274.43
250300,2503001,Caaporã (PB),25,Paraíba,0.402,0.107,0.592,0.505,0.627,6175.0,258.51
250310,2503100,Cabaceiras (PB),25,Paraíba,0.317,0.017,0.478,0.455,0.675,624.0,296.95
250320,2503209,Cabedelo (PB),25,Paraíba,0.335,0.155,0.411,0.439,0.715,17406.0,691.15
250330,2503308,Cachoeira dos Índios (PB),25,Paraíba,0.409,0.089,0.612,0.526,0.656,1059.0,273.47
250340,2503407,Cacimba de Areia (PB),25,Paraíba,0.317,0.073,0.429,0.448,0.672,578.0,272.74
250350,2503506,Cacimba de Dentro (PB),25,Paraíba,0.454,0.086,0.615,0.66,0.606,2976.0,279.36
250355,2503555,Cacimbas (PB),25,Paraíba,0.398,0.337,0.475,0.383,0.649,596.0,257.22
250360,2503605,Caiçara (PB),25,Paraíba,0.484,0.359,0.545,0.546,0.615,1772.0,306.89
250370,2503704,Cajazeiras (PB),25,Paraíba,0.302,0.109,0.402,0.396,0.68,12857.0,466.1
250375,2503753,Cajazeirinhas (PB),25,Paraíba,0.353,0.046,0.542,0.472,0.567,902.0,173.86
250380,2503803,Caldas Brandão (PB),25,Paraíba,0.414,0.06,0.637,0.543,0.583,1021.0,259.57
250390,2503902,Camalaú (PB),25,Paraíba,0.328,0.023,0.457,0.505,0.653,1003.0,277.79
250400,2504009,Campina Grande (PB),25,Paraíba,0.309,0.085,0.38,0.463,0.704,103352.0,486.98
250403,2504033,Capim (PB),25,Paraíba,0.593,0.421,0.723,0.635,0.565,1113.0,240.56
250407,2504074,Caraúbas (PB),25,Paraíba,0.34,0.089,0.468,0.463,0.628,1194.0,273.63
250410,2504108,Carrapateira (PB),25,Paraíba,0.278,0.0,0.447,0.389,0.598,270.0,188.57
250415,2504157,Casserengue (PB),25,Paraíba,0.454,0.161,0.612,0.589,0.581,1138.0,231.4
250420,2504207,Catingueira (PB),25,Paraíba,0.416,0.069,0.563,0.616,0.594,973.0,278.91
250430,2504306,Catolé do Rocha (PB),25,Paraíba,0.335,0.056,0.475,0.474,0.656,6045.0,383.6
250435,2504355,Caturité (PB),25,Paraíba,0.396,0.248,0.46,0.48,0.642,1137.0,315.02
250440,2504405,Conceição (PB),25,Paraíba,0.428,0.171,0.605,0.508,0.625,3513.0,297.22
250450,2504504,Condado (PB),25,Paraíba,0.415,0.031,0.594,0.621,0.591,1290.0,274.09
250460,2504603,Conde (PB),25,Paraíba,0.444,0.273,0.612,0.447,0.609,4788.0,278.4
250470,2504702,Congo (PB),25,Paraíba,0.289,0.03,0.392,0.443,0.637,949.0,271.24
250480,2504801,Coremas (PB),25,Paraíba,0.484,0.072,0.668,0.711,0.577,2755.0,259.67
250485,2504850,Coxixola (PB),25,Paraíba,0.356,0.02,0.436,0.611,0.651,437.0,328.78
250490,2504900,Cruz do Espírito Santo (PB),25,Paraíba,0.483,0.262,0.624,0.564,0.584,2576.0,229.05
250500,2505006,Cubati (PB),25,Paraíba,0.467,0.279,0.506,0.614,0.585,1184.0,242.26
250520,2505204,Cuitegi (PB),25,Paraíba,0.487,0.143,0.627,0.691,0.595,1922.0,288.9
250510,2505105,Cuité (PB),25,Paraíba,0.424,0.208,0.594,0.47,0.626,4092.0,269.69
250523,2505238,Cuité de Mamanguape (PB),25,Paraíba,0.521,0.258,0.573,0.733,0.615,638.0,240.05
250527,2505279,Curral de Cima (PB),25,Paraíba,0.531,0.37,0.631,0.591,0.537,1858.0,206.53
250535,2505352,Damião (PB),25,Paraíba,0.565,0.303,0.624,0.767,0.577,679.0,186.7
250540,2505402,Desterro (PB),25,Paraíba,0.356,0.241,0.439,0.387,0.635,1474.0,301.43
250560,2505600,Diamante (PB),25,Paraíba,0.418,0.161,0.464,0.63,0.646,1390.0,260.51
250570,2505709,Dona Inês (PB),25,Paraíba,0.479,0.216,0.617,0.605,0.621,1591.0,274.58
250580,2505808,Duas Estradas (PB),25,Paraíba,0.447,0.136,0.586,0.619,0.601,850.0,242.99
250590,2505907,Emas (PB),25,Paraíba,0.373,0.0,0.524,0.593,0.606,638.0,225.11
250600,2506004,Esperança (PB),25,Paraíba,0.4,0.067,0.583,0.551,0.641,5895.0,280.49
250610,2506103,Fagundes (PB),25,Paraíba,0.485,0.471,0.491,0.493,0.623,1737.0,281.85
250620,2506202,Frei Martinho (PB),25,Paraíba,0.324,0.069,0.551,0.353,0.637,833.0,300.56
250625,2506251,Gado Bravo (PB),25,Paraíba,0.563,0.461,0.621,0.606,0.532,2515.0,172.66
250630,2506301,Guarabira (PB),25,Paraíba,0.325,0.01,0.466,0.5,0.662,14326.0,404.78
250640,2506400,Gurinhém (PB),25,Paraíba,0.423,0.246,0.554,0.468,0.602,2059.0,273.16
250650,2506509,Gurjão (PB),25,Paraíba,0.298,0.019,0.416,0.46,0.696,635.0,314.9
250660,2506608,Ibiara (PB),25,Paraíba,0.403,0.143,0.568,0.498,0.628,1227.0,273.04
250260,2502607,Igaracy (PB),25,Paraíba,0.392,0.158,0.46,0.558,0.631,1082.0,317.57
250670,2506707,Imaculada (PB),25,Paraíba,0.408,0.212,0.592,0.418,0.604,1590.0,220.69
250680,2506806,Ingá (PB),25,Paraíba,0.491,0.43,0.527,0.516,0.619,4135.0,305.36
250690,2506905,Itabaiana (PB),25,Paraíba,0.432,0.198,0.533,0.566,0.638,5649.0,284.88
250700,2507002,Itaporanga (PB),25,Paraíba,0.341,0.065,0.476,0.482,0.65,4621.0,331.19
250710,2507101,Itapororoca (PB),25,Paraíba,0.461,0.109,0.655,0.62,0.592,3258.0,240.14
250720,2507200,Itatuba (PB),25,Paraíba,0.377,0.081,0.575,0.477,0.614,2177.0,257.09
250730,2507309,Jacaraú (PB),25,Paraíba,0.458,0.163,0.566,0.645,0.62,2230.0,290.7
250740,2507408,Jericó (PB),25,Paraíba,0.384,0.154,0.441,0.557,0.646,1369.0,394.49
250750,2507507,João Pessoa (PB),25,Paraíba,0.333,0.259,0.358,0.384,0.736,201659.0,695.21
250760,2507606,Juarez Távora (PB),25,Paraíba,0.43,0.122,0.597,0.571,0.601,1986.0,238.39
250770,2507705,Juazeirinho (PB),25,Paraíba,0.39,0.179,0.52,0.472,0.623,3000.0,284.09
250780,2507804,Junco do Seridó (PB),25,Paraíba,0.357,0.067,0.479,0.526,0.676,1393.0,271.24
250790,2507903,Juripiranga (PB),25,Paraíba,0.459,0.277,0.563,0.535,0.568,3376.0,216.78
250800,2508000,Juru (PB),25,Paraíba,0.362,0.027,0.471,0.587,0.623,1257.0,286.65
250810,2508109,Lagoa (PB),25,Paraíba,0.367,0.024,0.565,0.513,0.658,680.0,286.49
250830,2508307,Lagoa Seca (PB),25,Paraíba,0.316,0.022,0.413,0.514,0.671,3043.0,370.63
250820,2508208,Lagoa de Dentro (PB),25,Paraíba,0.474,0.101,0.595,0.727,0.621,1334.0,293.14
250840,2508406,Lastro (PB),25,Paraíba,0.454,0.242,0.48,0.64,0.565,815.0,200.16
250850,2508505,Livramento (PB),25,Paraíba,0.407,0.216,0.535,0.469,0.619,1068.0,255.12
250855,2508554,Logradouro (PB),25,Paraíba,0.337,0.0,0.554,0.458,0.638,566.0,275.5
250860,2508604,Lucena (PB),25,Paraíba,0.495,0.248,0.639,0.598,0.616,3401.0,251.24
250880,2508802,Malta (PB),25,Paraíba,0.376,0.094,0.492,0.543,0.65,1503.0,303.48
250890,2508901,Mamanguape (PB),25,Paraíba,0.482,0.208,0.6,0.638,0.595,11132.0,309.12
250900,2509008,Manaíra (PB),25,Paraíba,0.417,0.232,0.581,0.44,0.588,2050.0,250.53
250910,2509107,Mari (PB),25,Paraíba,0.401,0.125,0.524,0.552,0.564,5277.0,233.23
250915,2509156,Marizópolis (PB),25,Paraíba,0.426,0.109,0.531,0.637,0.631,1470.0,276.36
250920,2509206,Massaranduba (PB),25,Paraíba,0.416,0.043,0.497,0.707,0.607,1211.0,289.21
250930,2509305,Mataraca (PB),25,Paraíba,0.516,0.262,0.702,0.584,0.554,2056.0,200.71
250933,2509339,Matinhas (PB),25,Paraíba,0.504,0.3,0.565,0.646,0.58,1405.0,222.77
250939,2509396,Maturéia (PB),25,Paraíba,0.39,0.178,0.565,0.428,0.626,1202.0,240.08
250940,2509404,Mogeiro (PB),25,Paraíba,0.591,0.7,0.478,0.593,0.63,1927.0,262.77
250950,2509503,Montadas (PB),25,Paraíba,0.436,0.111,0.583,0.616,0.622,977.0,257.34
250960,2509602,Monte Horebe (PB),25,Paraíba,0.354,0.087,0.532,0.443,0.638,791.0,358.81
250970,2509701,Monteiro (PB),25,Paraíba,0.286,0.026,0.444,0.389,0.682,6213.0,385.35
250980,2509800,Mulungu (PB),25,Paraíba,0.594,0.469,0.629,0.684,0.561,1542.0,250.35
250870,2508703,Mãe D'Água (PB),25,Paraíba,0.303,0.014,0.382,0.513,0.646,531.0,240.58
250990,2509909,Natuba (PB),25,Paraíba,0.46,0.314,0.553,0.513,0.632,1069.0,255.65
251000,2510006,Nazarezinho (PB),25,Paraíba,0.375,0.09,0.531,0.502,0.609,957.0,223.67
251010,2510105,Nova Floresta (PB),25,Paraíba,0.436,0.186,0.66,0.46,0.599,2363.0,277.04
251020,2510204,Nova Olinda (PB),25,Paraíba,0.337,0.003,0.496,0.511,0.606,1055.0,310.47
251030,2510303,Nova Palmeira (PB),25,Paraíba,0.333,0.099,0.537,0.363,0.621,641.0,281.88
251040,2510402,Olho D'Água (PB),25,Paraíba,0.467,0.181,0.623,0.596,0.607,876.0,228.44
251050,2510501,Olivedos (PB),25,Paraíba,0.32,0.009,0.45,0.502,0.633,507.0,221.0
251060,2510600,Ouro Velho (PB),25,Paraíba,0.362,0.093,0.61,0.381,0.652,659.0,311.61
251065,2510659,Parari (PB),25,Paraíba,0.358,0.176,0.465,0.432,0.621,635.0,314.99
251070,2510709,Passagem (PB),25,Paraíba,0.365,0.146,0.642,0.307,0.639,299.0,271.84
251080,2510808,Patos (PB),25,Paraíba,0.321,0.046,0.441,0.477,0.672,26906.0,368.0
251090,2510907,Paulista (PB),25,Paraíba,0.278,0.055,0.429,0.351,0.709,1653.0,477.71
251100,2511004,Pedra Branca (PB),25,Paraíba,0.36,0.011,0.472,0.596,0.636,693.0,212.44
251110,2511103,Pedra Lavrada (PB),25,Paraíba,0.345,0.01,0.515,0.51,0.615,659.0,268.42
251120,2511202,Pedras de Fogo (PB),25,Paraíba,0.449,0.219,0.514,0.614,0.619,5460.0,305.19
251272,2512721,Pedro Régis (PB),25,Paraíba,0.543,0.447,0.61,0.572,0.537,1683.0,202.27
251130,2511301,Piancó (PB),25,Paraíba,0.401,0.155,0.485,0.563,0.655,2942.0,310.01
251140,2511400,Picuí (PB),25,Paraíba,0.355,0.133,0.48,0.454,0.645,3602.0,328.11
251150,2511509,Pilar (PB),25,Paraíba,0.431,0.244,0.507,0.542,0.593,2568.0,231.76
251160,2511608,Pilões (PB),25,Paraíba,0.394,0.181,0.5,0.502,0.62,1198.0,327.03
251170,2511707,Pilõezinhos (PB),25,Paraíba,0.36,0.006,0.516,0.559,0.599,929.0,249.41
251180,2511806,Pirpirituba (PB),25,Paraíba,0.373,0.116,0.457,0.546,0.622,2694.0,259.29
251190,2511905,Pitimbu (PB),25,Paraíba,0.496,0.336,0.593,0.559,0.612,3840.0,237.6
251200,2512002,Pocinhos (PB),25,Paraíba,0.467,0.183,0.612,0.605,0.603,2746.0,234.97
251210,2512101,Pombal (PB),25,Paraíba,0.351,0.026,0.55,0.475,0.631,6727.0,342.35
251203,2512036,Poço Dantas (PB),25,Paraíba,0.456,0.204,0.672,0.492,0.55,1124.0,179.86
251207,2512077,Poço de José de Moura (PB),25,Paraíba,0.321,0.0,0.542,0.422,0.657,518.0,307.64
251220,2512200,Prata (PB),25,Paraíba,0.414,0.202,0.544,0.495,0.608,1233.0,255.92
251230,2512309,Princesa Isabel (PB),25,Paraíba,0.309,0.014,0.44,0.473,0.636,4407.0,314.34
251240,2512408,Puxinanã (PB),25,Paraíba,0.414,0.212,0.504,0.527,0.625,3556.0,267.68
251250,2512507,Queimadas (PB),25,Paraíba,0.358,0.116,0.402,0.557,0.626,6700.0,314.98
251260,2512606,Quixabá (PB),25,Paraíba,0.512,0.399,0.54,0.599,0.611,484.0,233.82
251270,2512705,Remígio (PB),25,Paraíba,0.358,0.026,0.516,0.532,0.631,4101.0,350.48
251278,2512788,Riacho de Santo Antônio (PB),25,Paraíba,0.343,0.106,0.554,0.369,0.614,340.0,265.93
251280,2512804,Riacho dos Cavalos (PB),25,Paraíba,0.382,0.043,0.559,0.545,0.648,922.0,286.88
251275,2512754,Riachão do Bacamarte (PB),25,Paraíba,0.469,0.21,0.545,0.652,0.599,821.0,289.88
251276,2512762,Riachão do Poço (PB),25,Paraíba,0.566,0.453,0.618,0.626,0.548,1090.0,193.63
251290,2512903,Rio Tinto (PB),25,Paraíba,0.314,0.104,0.361,0.477,0.673,3486.0,360.74
251300,2513000,Salgadinho (PB),25,Paraíba,0.577,0.53,0.605,0.596,0.6,1151.0,209.4
251310,2513109,Salgado de São Félix (PB),25,Paraíba,0.552,0.251,0.632,0.774,0.557,1562.0,258.12
251315,2513158,Santa Cecília (PB),25,Paraíba,0.416,0.458,0.444,0.344,0.633,497.0,248.61
251320,2513208,Santa Cruz (PB),25,Paraíba,0.272,0.107,0.314,0.394,0.711,751.0,332.04
251330,2513307,Santa Helena (PB),25,Paraíba,0.356,0.171,0.346,0.552,0.69,878.0,348.78
251335,2513356,Santa Inês (PB),25,Paraíba,0.371,0.087,0.495,0.532,0.664,474.0,298.64
251340,2513406,Santa Luzia (PB),25,Paraíba,0.352,0.137,0.426,0.491,0.685,3448.0,319.48
251370,2513703,Santa Rita (PB),25,Paraíba,0.462,0.356,0.498,0.533,0.645,35092.0,329.46
251380,2513802,Santa Teresinha (PB),25,Paraíba,0.357,0.038,0.546,0.487,0.599,1379.0,228.15
251350,2513505,Santana de Mangueira (PB),25,Paraíba,0.394,0.028,0.622,0.533,0.603,743.0,222.51
251360,2513604,Santana dos Garrotes (PB),25,Paraíba,0.418,0.343,0.376,0.535,0.632,1069.0,279.65
251385,2513851,Santo André (PB),25,Paraíba,0.438,0.3,0.456,0.557,0.606,642.0,274.21
251530,2515302,Sapé (PB),25,Paraíba,0.482,0.218,0.551,0.677,0.606,11867.0,278.73
251540,2515401,Seridó (PB),25,Paraíba,0.4,0.159,0.501,0.54,0.628,1576.0,225.41
251550,2515500,Serra Branca (PB),25,Paraíba,0.358,0.168,0.448,0.458,0.662,2274.0,341.79
251580,2515807,Serra Redonda (PB),25,Paraíba,0.366,0.016,0.48,0.602,0.596,1125.0,285.88
251560,2515609,Serra da Raiz (PB),25,Paraíba,0.427,0.109,0.526,0.645,0.629,690.0,277.66
251590,2515906,Serraria (PB),25,Paraíba,0.418,0.192,0.526,0.538,0.617,1157.0,290.54
251593,2515930,Sertãozinho (PB),25,Paraíba,0.321,0.111,0.43,0.42,0.662,1275.0,289.21
251597,2515971,Sobrado (PB),25,Paraíba,0.472,0.241,0.599,0.577,0.58,2331.0,200.9
251610,2516102,Soledade (PB),25,Paraíba,0.352,0.036,0.547,0.472,0.619,2966.0,304.87
251600,2516003,Solânea (PB),25,Paraíba,0.393,0.068,0.53,0.581,0.629,6072.0,337.63
251615,2516151,Sossêgo (PB),25,Paraíba,0.421,0.309,0.532,0.421,0.566,894.0,216.64
251620,2516201,Sousa (PB),25,Paraíba,0.412,0.124,0.538,0.573,0.638,14322.0,345.18
251630,2516300,Sumé (PB),25,Paraíba,0.374,0.065,0.48,0.577,0.651,3756.0,349.49
251392,2513927,São Bentinho (PB),25,Paraíba,0.396,0.032,0.532,0.625,0.592,822.0,224.92
251390,2513901,São Bento (PB),25,Paraíba,0.345,0.027,0.525,0.483,0.599,6859.0,312.99
251394,2513943,São Domingos do Cariri (PB),25,Paraíba,0.42,0.265,0.463,0.532,0.616,625.0,341.26
251420,2514206,São José da Lagoa Tapada (PB),25,Paraíba,0.389,0.151,0.486,0.53,0.584,984.0,253.3
251430,2514305,São José de Caiana (PB),25,Paraíba,0.413,0.246,0.537,0.456,0.59,804.0,279.2
251440,2514404,São José de Espinharas (PB),25,Paraíba,0.406,0.175,0.594,0.45,0.6,1369.0,215.52
251450,2514503,São José de Piranhas (PB),25,Paraíba,0.332,0.026,0.481,0.489,0.639,2992.0,326.68
251455,2514552,São José de Princesa (PB),25,Paraíba,0.522,0.401,0.59,0.576,0.586,1326.0,214.46
251460,2514602,São José do Bonfim (PB),25,Paraíba,0.486,0.227,0.594,0.636,0.586,1097.0,208.79
251465,2514651,São José do Brejo do Cruz (PB),25,Paraíba,0.459,0.313,0.47,0.595,0.619,266.0,206.99
251470,2514701,São José do Sabugi (PB),25,Paraíba,0.245,0.0,0.441,0.295,0.659,597.0,290.98
251480,2514800,São José dos Cordeiros (PB),25,Paraíba,0.33,0.012,0.369,0.609,0.609,535.0,285.07
251445,2514453,São José dos Ramos (PB),25,Paraíba,0.541,0.504,0.535,0.584,0.611,694.0,244.81
251400,2514008,São João do Cariri (PB),25,Paraíba,0.333,0.103,0.463,0.432,0.64,699.0,381.58
250070,2500700,São João do Rio do Peixe (PB),25,Paraíba,0.361,0.085,0.363,0.637,0.663,1823.0,370.56
251410,2514107,São João do Tigre (PB),25,Paraíba,0.32,0.219,0.403,0.337,0.619,614.0,264.78
251490,2514909,São Mamede (PB),25,Paraíba,0.302,0.006,0.374,0.525,0.655,1313.0,322.88
251500,2515005,São Miguel de Taipu (PB),25,Paraíba,0.401,0.121,0.542,0.539,0.602,1020.0,235.55
251510,2515104,São Sebastião de Lagoa de Roça (PB),25,Paraíba,0.443,0.242,0.532,0.555,0.646,1389.0,321.8
251640,2516409,Tacima (PB),25,Paraíba,0.405,0.125,0.472,0.617,0.597,1372.0,221.31
251650,2516508,Taperoá (PB),25,Paraíba,0.467,0.359,0.506,0.535,0.625,2798.0,293.14
251660,2516607,Tavares (PB),25,Paraíba,0.354,0.09,0.502,0.47,0.64,1791.0,373.07
251670,2516706,Teixeira (PB),25,Paraíba,0.423,0.223,0.521,0.526,0.658,3066.0,299.48
251675,2516755,Tenório (PB),25,Paraíba,0.397,0.3,0.485,0.406,0.637,453.0,286.85
251680,2516805,Triunfo (PB),25,Paraíba,0.312,0.04,0.388,0.507,0.641,1341.0,320.15
251690,2516904,Uiraúna (PB),25,Paraíba,0.322,0.026,0.479,0.462,0.649,2811.0,334.1
251700,2517001,Umbuzeiro (PB),25,Paraíba,0.502,0.286,0.564,0.656,0.617,1177.0,266.81
251720,2517209,Vieirópolis (PB),25,Paraíba,0.439,0.198,0.502,0.618,0.596,1319.0,214.31
250550,2505501,Vista Serrana (PB),25,Paraíba,0.382,0.029,0.55,0.568,0.578,360.0,325.78
251740,2517407,Zabelê (PB),25,Paraíba,0.313,0.003,0.416,0.52,0.672,395.0,269.36
250010,2500106,Água Branca (PB),25,Paraíba,0.295,0.059,0.426,0.398,0.646,1136.0,251.22
260010,2600104,Afogados da Ingazeira (PE),26,Pernambuco,0.419,0.244,0.529,0.485,0.683,7900.0,388.98
260020,2600203,Afrânio (PE),26,Pernambuco,0.474,0.499,0.467,0.455,0.618,1833.0,257.58
260030,2600302,Agrestina (PE),26,Pernambuco,0.433,0.108,0.597,0.595,0.596,4012.0,294.17
260060,2600609,Alagoinha (PE),26,Pernambuco,0.456,0.268,0.585,0.513,0.624,1990.0,277.9
260070,2600708,Aliança (PE),26,Pernambuco,0.493,0.27,0.556,0.652,0.633,6816.0,263.67
260080,2600807,Altinho (PE),26,Pernambuco,0.452,0.218,0.556,0.583,0.603,3530.0,317.86
260090,2600906,Amaraji (PE),26,Pernambuco,0.499,0.286,0.626,0.584,0.627,5033.0,305.94
260100,2601003,Angelim (PE),26,Pernambuco,0.523,0.486,0.572,0.51,0.617,2049.0,269.05
260110,2601102,Araripina (PE),26,Pernambuco,0.43,0.254,0.539,0.497,0.64,16019.0,353.89
260120,2601201,Arcoverde (PE),26,Pernambuco,0.369,0.158,0.452,0.496,0.675,19644.0,408.03
260130,2601300,Barra de Guabiraba (PE),26,Pernambuco,0.521,0.336,0.696,0.533,0.575,3170.0,234.47
260140,2601409,Barreiros (PE),26,Pernambuco,0.518,0.399,0.549,0.608,0.621,11955.0,283.04
260170,2601706,Belo Jardim (PE),26,Pernambuco,0.37,0.116,0.477,0.517,0.643,17154.0,362.97
260150,2601508,Belém de Maria (PE),26,Pernambuco,0.431,0.082,0.555,0.655,0.605,2295.0,268.61
260180,2601805,Betânia (PE),26,Pernambuco,0.423,0.131,0.623,0.514,0.668,1319.0,344.78
260190,2601904,Bezerros (PE),26,Pernambuco,0.398,0.111,0.531,0.552,0.619,11781.0,328.82
260200,2602001,Bodocó (PE),26,Pernambuco,0.396,0.27,0.484,0.435,0.647,4772.0,296.03
260210,2602100,Bom Conselho (PE),26,Pernambuco,0.607,0.451,0.651,0.718,0.619,10323.0,426.41
260220,2602209,Bom Jardim (PE),26,Pernambuco,0.399,0.108,0.542,0.547,0.663,4373.0,292.36
260230,2602308,Bonito (PE),26,Pernambuco,0.537,0.416,0.568,0.626,0.581,7186.0,261.83
260250,2602506,Brejinho (PE),26,Pernambuco,0.325,0.023,0.506,0.445,0.64,1031.0,274.33
260260,2602605,Brejo da Madre de Deus (PE),26,Pernambuco,0.457,0.277,0.605,0.49,0.597,11287.0,288.29
260240,2602407,Brejão (PE),26,Pernambuco,0.531,0.31,0.62,0.662,0.581,1045.0,218.59
260270,2602704,Buenos Aires (PE),26,Pernambuco,0.389,0.155,0.523,0.49,0.618,2617.0,256.96
260280,2602803,Buíque (PE),26,Pernambuco,0.524,0.31,0.62,0.641,0.574,7908.0,218.64
260300,2603009,Cabrobó (PE),26,Pernambuco,0.452,0.215,0.545,0.598,0.653,6734.0,290.29
260310,2603108,Cachoeirinha (PE),26,Pernambuco,0.399,0.074,0.65,0.472,0.59,4319.0,287.7
260320,2603207,Caetés (PE),26,Pernambuco,0.438,0.13,0.557,0.627,0.611,2159.0,309.93
260340,2603405,Calumbi (PE),26,Pernambuco,0.306,0.13,0.367,0.42,0.66,862.0,382.29
260330,2603306,Calçado (PE),26,Pernambuco,0.349,0.071,0.472,0.503,0.636,1383.0,269.14
260350,2603504,Camocim de São Félix (PE),26,Pernambuco,0.435,0.06,0.628,0.617,0.59,3647.0,280.17
260360,2603603,Camutanga (PE),26,Pernambuco,0.505,0.34,0.526,0.65,0.623,2144.0,257.48
260370,2603702,Canhotinho (PE),26,Pernambuco,0.435,0.175,0.608,0.521,0.605,4594.0,256.27
260380,2603801,Capoeiras (PE),26,Pernambuco,0.447,0.053,0.617,0.672,0.59,1539.0,238.1
260392,2603926,Carnaubeira da Penha (PE),26,Pernambuco,0.489,0.291,0.588,0.588,0.578,2986.0,145.14
260390,2603900,Carnaíba (PE),26,Pernambuco,0.334,0.066,0.445,0.491,0.663,2264.0,297.17
260400,2604007,Carpina (PE),26,Pernambuco,0.409,0.241,0.456,0.53,0.675,24262.0,367.78
260410,2604106,Caruaru (PE),26,Pernambuco,0.313,0.101,0.456,0.383,0.683,70145.0,501.45
260415,2604155,Casinhas (PE),26,Pernambuco,0.499,0.354,0.598,0.545,0.593,3628.0,189.47
260420,2604205,Catende (PE),26,Pernambuco,0.488,0.277,0.547,0.641,0.632,9086.0,306.72
260430,2604304,Cedro (PE),26,Pernambuco,0.333,0.088,0.438,0.474,0.653,2112.0,237.09
260450,2604502,Chã Grande (PE),26,Pernambuco,0.509,0.287,0.635,0.603,0.582,3663.0,291.53
260440,2604403,Chã de Alegria (PE),26,Pernambuco,0.454,0.158,0.605,0.597,0.629,3631.0,244.85
260460,2604601,Condado (PE),26,Pernambuco,0.463,0.217,0.545,0.625,0.631,8343.0,278.93
260470,2604700,Correntes (PE),26,Pernambuco,0.464,0.184,0.635,0.572,0.579,3601.0,258.33
260480,2604809,Cortês (PE),26,Pernambuco,0.476,0.346,0.582,0.498,0.627,2632.0,249.82
260490,2604908,Cumaru (PE),26,Pernambuco,0.478,0.422,0.512,0.501,0.607,1809.0,289.48
260500,2605004,Cupira (PE),26,Pernambuco,0.441,0.181,0.57,0.571,0.592,5338.0,298.98
260510,2605103,Custódia (PE),26,Pernambuco,0.362,0.152,0.469,0.464,0.667,6931.0,391.66
260515,2605152,Dormentes (PE),26,Pernambuco,0.479,0.449,0.465,0.523,0.662,1425.0,313.37
260520,2605202,Escada (PE),26,Pernambuco,0.425,0.237,0.506,0.532,0.646,19393.0,303.76
260530,2605301,Exu (PE),26,Pernambuco,0.54,0.478,0.508,0.633,0.626,6287.0,257.5
260540,2605400,Feira Nova (PE),26,Pernambuco,0.419,0.216,0.535,0.507,0.612,5258.0,299.94
260550,2605509,Ferreiros (PE),26,Pernambuco,0.465,0.182,0.592,0.622,0.61,2908.0,250.04
260560,2605608,Flores (PE),26,Pernambuco,0.346,0.099,0.523,0.415,0.605,2950.0,288.85
260570,2605707,Floresta (PE),26,Pernambuco,0.406,0.143,0.538,0.536,0.671,7397.0,303.15
260580,2605806,Frei Miguelinho (PE),26,Pernambuco,0.484,0.259,0.586,0.608,0.59,2633.0,296.01
260590,2605905,Gameleira (PE),26,Pernambuco,0.48,0.281,0.55,0.61,0.619,6578.0,256.51
260600,2606002,Garanhuns (PE),26,Pernambuco,0.374,0.134,0.484,0.506,0.651,33442.0,395.54
260610,2606101,Glória do Goitá (PE),26,Pernambuco,0.432,0.153,0.524,0.62,0.645,5438.0,246.92
260620,2606200,Goiana (PE),26,Pernambuco,0.388,0.15,0.447,0.567,0.665,20413.0,344.82
260630,2606309,Granito (PE),26,Pernambuco,0.374,0.271,0.452,0.398,0.651,1277.0,251.71
260640,2606408,Gravatá (PE),26,Pernambuco,0.432,0.231,0.505,0.558,0.636,17678.0,371.61
260650,2606507,Iati (PE),26,Pernambuco,0.484,0.319,0.578,0.553,0.576,2421.0,257.59
260660,2606606,Ibimirim (PE),26,Pernambuco,0.523,0.269,0.708,0.591,0.614,5142.0,242.37
260670,2606705,Ibirajuba (PE),26,Pernambuco,0.4,0.199,0.539,0.462,0.628,977.0,285.4
260690,2606903,Iguaraci (PE),26,Pernambuco,0.387,0.1,0.533,0.527,0.626,1939.0,306.88
260700,2607000,Inajá (PE),26,Pernambuco,0.517,0.574,0.55,0.426,0.621,2761.0,230.59
260710,2607109,Ingazeira (PE),26,Pernambuco,0.41,0.171,0.538,0.521,0.649,556.0,366.01
260730,2607307,Ipubi (PE),26,Pernambuco,0.505,0.349,0.539,0.626,0.619,6557.0,249.09
260765,2607653,Itambé (PE),26,Pernambuco,0.49,0.224,0.615,0.633,0.606,10329.0,290.96
260770,2607703,Itapetim (PE),26,Pernambuco,0.421,0.222,0.52,0.521,0.675,2023.0,363.19
260780,2607802,Itaquitinga (PE),26,Pernambuco,0.499,0.387,0.558,0.553,0.625,4324.0,241.05
260750,2607505,Itaíba (PE),26,Pernambuco,0.385,0.077,0.529,0.549,0.588,3555.0,271.4
260795,2607950,Jaqueira (PE),26,Pernambuco,0.548,0.355,0.586,0.704,0.587,2196.0,271.49
260800,2608008,Jataúba (PE),26,Pernambuco,0.448,0.182,0.593,0.571,0.578,2840.0,269.98
260805,2608057,Jatobá (PE),26,Pernambuco,0.448,0.126,0.583,0.636,0.615,2100.0,233.72
260820,2608206,Joaquim Nabuco (PE),26,Pernambuco,0.501,0.242,0.66,0.6,0.593,4140.0,243.67
260810,2608107,João Alfredo (PE),26,Pernambuco,0.385,0.134,0.555,0.466,0.634,4032.0,309.29
260825,2608255,Jucati (PE),26,Pernambuco,0.495,0.273,0.586,0.627,0.572,3071.0,212.9
260830,2608305,Jupi (PE),26,Pernambuco,0.392,0.091,0.608,0.477,0.627,2433.0,317.23
260840,2608404,Jurema (PE),26,Pernambuco,0.497,0.37,0.582,0.54,0.559,2777.0,224.39
260850,2608503,Lagoa de Itaenga (PE),26,Pernambuco,0.539,0.499,0.562,0.554,0.622,6126.0,250.46
260845,2608453,Lagoa do Carro (PE),26,Pernambuco,0.489,0.426,0.513,0.529,0.625,3656.0,256.38
260860,2608602,Lagoa do Ouro (PE),26,Pernambuco,0.507,0.234,0.622,0.666,0.556,1737.0,253.42
260870,2608701,Lagoa dos Gatos (PE),26,Pernambuco,0.428,0.152,0.541,0.591,0.595,2424.0,306.47
260880,2608800,Lajedo (PE),26,Pernambuco,0.358,0.197,0.464,0.414,0.65,7688.0,359.89
260890,2608909,Limoeiro (PE),26,Pernambuco,0.425,0.31,0.42,0.545,0.677,13169.0,374.68
260900,2609006,Macaparana (PE),26,Pernambuco,0.347,0.047,0.464,0.531,0.641,4422.0,297.57
260910,2609105,Machados (PE),26,Pernambuco,0.509,0.203,0.752,0.571,0.597,2787.0,243.02
260915,2609154,Manari (PE),26,Pernambuco,0.524,0.296,0.579,0.696,0.6,1334.0,235.86
260920,2609204,Maraial (PE),26,Pernambuco,0.541,0.277,0.701,0.643,0.589,2702.0,241.0
260930,2609303,Mirandiba (PE),26,Pernambuco,0.446,0.23,0.468,0.64,0.63,2562.0,205.2
261430,2614303,Moreilândia (PE),26,Pernambuco,0.355,0.204,0.423,0.437,0.638,2300.0,194.42
260950,2609501,Nazaré da Mata (PE),26,Pernambuco,0.329,0.05,0.443,0.492,0.675,10318.0,311.77
260970,2609709,Orobó (PE),26,Pernambuco,0.448,0.351,0.555,0.439,0.659,2229.0,292.41
260990,2609907,Ouricuri (PE),26,Pernambuco,0.464,0.293,0.532,0.565,0.648,11233.0,363.62
261000,2610004,Palmares (PE),26,Pernambuco,0.395,0.121,0.481,0.583,0.652,15008.0,308.0
261010,2610103,Palmeirina (PE),26,Pernambuco,0.521,0.157,0.639,0.766,0.58,1751.0,280.38
261020,2610202,Panelas (PE),26,Pernambuco,0.462,0.22,0.573,0.591,0.61,4148.0,292.91
261030,2610301,Paranatama (PE),26,Pernambuco,0.496,0.384,0.551,0.554,0.569,3328.0,219.63
261040,2610400,Parnamirim (PE),26,Pernambuco,0.355,0.166,0.433,0.465,0.688,2602.0,311.2
261050,2610509,Passira (PE),26,Pernambuco,0.457,0.173,0.541,0.657,0.626,4135.0,293.49
261060,2610608,Paudalho (PE),26,Pernambuco,0.554,0.617,0.49,0.555,0.643,12997.0,262.05
261080,2610806,Pedra (PE),26,Pernambuco,0.515,0.333,0.643,0.57,0.6,4125.0,238.62
261090,2610905,Pesqueira (PE),26,Pernambuco,0.415,0.138,0.538,0.569,0.651,12357.0,340.99
261100,2611002,Petrolândia (PE),26,Pernambuco,0.413,0.172,0.564,0.504,0.652,7999.0,360.49
261130,2611309,Pombos (PE),26,Pernambuco,0.417,0.188,0.479,0.583,0.631,4557.0,304.93
261120,2611200,Poção (PE),26,Pernambuco,0.541,0.428,0.595,0.6,0.561,1987.0,255.72
261140,2611408,Primavera (PE),26,Pernambuco,0.432,0.2,0.536,0.559,0.606,2698.0,293.07
261150,2611507,Quipapá (PE),26,Pernambuco,0.467,0.148,0.675,0.577,0.58,3828.0,233.46
261153,2611533,Quixaba (PE),26,Pernambuco,0.383,0.264,0.41,0.474,0.603,792.0,243.82
261170,2611705,Riacho das Almas (PE),26,Pernambuco,0.388,0.128,0.538,0.499,0.62,2285.0,350.54
261180,2611804,Ribeirão (PE),26,Pernambuco,0.479,0.29,0.508,0.638,0.633,11127.0,306.31
261190,2611903,Rio Formoso (PE),26,Pernambuco,0.435,0.262,0.528,0.514,0.647,4756.0,289.47
261200,2612000,Sairé (PE),26,Pernambuco,0.401,0.138,0.55,0.514,0.588,1642.0,273.42
261210,2612109,Salgadinho (PE),26,Pernambuco,0.566,0.338,0.66,0.701,0.541,2750.0,187.94
261220,2612208,Salgueiro (PE),26,Pernambuco,0.363,0.105,0.457,0.527,0.68,16888.0,375.57
261230,2612307,Saloá (PE),26,Pernambuco,0.437,0.109,0.637,0.566,0.577,2521.0,279.52
261240,2612406,Sanharó (PE),26,Pernambuco,0.391,0.078,0.543,0.552,0.635,3943.0,273.02
261245,2612455,Santa Cruz (PE),26,Pernambuco,0.447,0.254,0.43,0.655,0.633,1431.0,246.64
261247,2612471,Santa Cruz da Baixa Verde (PE),26,Pernambuco,0.297,0.113,0.403,0.375,0.667,1747.0,325.84
261250,2612505,Santa Cruz do Capibaribe (PE),26,Pernambuco,0.334,0.122,0.476,0.404,0.655,22985.0,472.47
261255,2612554,Santa Filomena (PE),26,Pernambuco,0.464,0.187,0.628,0.577,0.559,4513.0,165.05
261270,2612703,Santa Maria do Cambucá (PE),26,Pernambuco,0.492,0.364,0.592,0.521,0.561,3587.0,257.6
261280,2612802,Santa Terezinha (PE),26,Pernambuco,0.465,0.137,0.548,0.709,0.617,1949.0,249.21
261390,2613909,Serra Talhada (PE),26,Pernambuco,0.377,0.217,0.424,0.491,0.673,19884.0,356.78
261400,2614006,Serrita (PE),26,Pernambuco,0.35,0.055,0.47,0.524,0.621,2393.0,263.27
261410,2614105,Sertânia (PE),26,Pernambuco,0.439,0.146,0.54,0.633,0.664,5597.0,401.53
261420,2614204,Sirinhaém (PE),26,Pernambuco,0.434,0.175,0.51,0.618,0.644,7816.0,276.4
261440,2614402,Solidão (PE),26,Pernambuco,0.533,0.402,0.56,0.638,0.604,1217.0,213.53
261450,2614501,Surubim (PE),26,Pernambuco,0.362,0.106,0.485,0.496,0.65,11174.0,341.5
261290,2612901,São Benedito do Sul (PE),26,Pernambuco,0.505,0.219,0.681,0.615,0.598,2530.0,215.72
261300,2613008,São Bento do Una (PE),26,Pernambuco,0.477,0.166,0.697,0.568,0.609,7900.0,354.29
261310,2613107,São Caitano (PE),26,Pernambuco,0.417,0.256,0.497,0.499,0.616,7819.0,308.01
261330,2613305,São Joaquim do Monte (PE),26,Pernambuco,0.485,0.185,0.797,0.474,0.562,3804.0,210.01
261340,2613404,São José da Coroa Grande (PE),26,Pernambuco,0.436,0.238,0.544,0.527,0.637,4937.0,297.62
261350,2613503,São José do Belmonte (PE),26,Pernambuco,0.414,0.147,0.59,0.506,0.65,6099.0,320.28
261360,2613602,São José do Egito (PE),26,Pernambuco,0.35,0.045,0.437,0.568,0.67,6182.0,343.16
261320,2613206,São João (PE),26,Pernambuco,0.558,0.38,0.621,0.675,0.599,3216.0,288.46
261380,2613800,São Vicente Ferrer (PE),26,Pernambuco,0.473,0.097,0.664,0.659,0.58,3464.0,232.04
261460,2614600,Tabira (PE),26,Pernambuco,0.413,0.188,0.525,0.525,0.622,5303.0,285.52
261470,2614709,Tacaimbó (PE),26,Pernambuco,0.426,0.175,0.589,0.514,0.597,1964.0,262.84
261485,2614857,Tamandaré (PE),26,Pernambuco,0.47,0.298,0.526,0.587,0.643,5889.0,305.54
261500,2615003,Taquaritinga do Norte (PE),26,Pernambuco,0.362,0.147,0.522,0.417,0.652,4413.0,381.1
261510,2615102,Terezinha (PE),26,Pernambuco,0.505,0.317,0.615,0.582,0.563,912.0,229.62
261520,2615201,Terra Nova (PE),26,Pernambuco,0.388,0.236,0.46,0.468,0.628,1754.0,240.07
261530,2615300,Timbaúba (PE),26,Pernambuco,0.428,0.227,0.461,0.596,0.633,14187.0,297.23
261540,2615409,Toritama (PE),26,Pernambuco,0.349,0.07,0.597,0.38,0.62,9006.0,421.05
261550,2615508,Tracunhaém (PE),26,Pernambuco,0.452,0.219,0.544,0.591,0.621,4016.0,258.57
261560,2615607,Trindade (PE),26,Pernambuco,0.511,0.357,0.618,0.557,0.627,7967.0,319.8
261570,2615706,Triunfo (PE),26,Pernambuco,0.26,0.061,0.349,0.371,0.704,2411.0,460.87
261580,2615805,Tupanatinga (PE),26,Pernambuco,0.565,0.474,0.677,0.545,0.586,3137.0,273.36
261590,2615904,Tuparetama (PE),26,Pernambuco,0.314,0.015,0.457,0.471,0.676,1833.0,366.96
261600,2616001,Venturosa (PE),26,Pernambuco,0.413,0.066,0.633,0.539,0.613,3201.0,264.72
261610,2616100,Verdejante (PE),26,Pernambuco,0.381,0.193,0.47,0.479,0.684,1062.0,356.9
261618,2616183,Vertente do Lério (PE),26,Pernambuco,0.458,0.343,0.557,0.474,0.575,2006.0,206.35
261620,2616209,Vertentes (PE),26,Pernambuco,0.39,0.28,0.46,0.428,0.604,3735.0,330.91
261630,2616308,Vicência (PE),26,Pernambuco,0.407,0.2,0.453,0.569,0.632,4372.0,269.45
261640,2616407,Vitória de Santo Antão (PE),26,Pernambuco,0.413,0.189,0.507,0.543,0.656,35470.0,354.6
261650,2616506,Xexéu (PE),26,Pernambuco,0.55,0.293,0.731,0.627,0.568,3016.0,240.76
260040,2600401,Água Preta (PE),26,Pernambuco,0.447,0.068,0.559,0.715,0.591,6821.0,211.58
260050,2600500,Águas Belas (PE),26,Pernambuco,0.51,0.326,0.627,0.576,0.577,7104.0,291.35
260875,2608750,Lagoa Grande (PE),26,Pernambuco,0.417,0.197,0.548,0.507,0.651,3989.0,325.83
260980,2609808,Orocó (PE),26,Pernambuco,0.324,0.013,0.487,0.473,0.686,1909.0,283.52
261110,2611101,Petrolina (PE),26,Pernambuco,0.333,0.17,0.409,0.42,0.709,73175.0,498.62
261260,2612604,Santa Maria da Boa Vista (PE),26,Pernambuco,0.341,0.144,0.414,0.465,0.647,6303.0,335.59
260005,2600054,Abreu E Lima (PE),26,Pernambuco,0.43,0.369,0.398,0.521,0.695,28848.0,371.31
260105,2601052,Araçoiaba (PE),26,Pernambuco,0.66,0.846,0.546,0.588,0.598,5557.0,230.13
260290,2602902,Cabo de Santo Agostinho (PE),26,Pernambuco,0.397,0.228,0.462,0.499,0.687,56817.0,412.61
260345,2603454,Camaragibe (PE),26,Pernambuco,0.45,0.465,0.398,0.486,0.68,48318.0,399.8
260680,2606804,Igarassu (PE),26,Pernambuco,0.473,0.484,0.403,0.532,0.673,34267.0,368.25
260760,2607604,Ilha de Itamaracá (PE),26,Pernambuco,0.464,0.357,0.497,0.538,0.67,6211.0,366.15
260720,2607208,Ipojuca (PE),26,Pernambuco,0.364,0.122,0.471,0.498,0.652,21020.0,339.91
260775,2607752,Itapissuma (PE),26,Pernambuco,0.487,0.445,0.423,0.593,0.649,6971.0,267.35
260790,2607901,Jaboatão dos Guararapes (PE),26,Pernambuco,0.454,0.492,0.395,0.475,0.699,203344.0,439.36
260940,2609402,Moreno (PE),26,Pernambuco,0.516,0.509,0.468,0.571,0.664,17427.0,327.15
260960,2609600,Olinda (PE),26,Pernambuco,0.376,0.299,0.353,0.476,0.718,120919.0,516.63
261070,2610707,Paulista (PE),26,Pernambuco,0.422,0.488,0.327,0.452,0.728,93242.0,470.89
261160,2611606,Recife (PE),26,Pernambuco,0.364,0.291,0.354,0.447,0.733,468300.0,669.44
261370,2613701,São Lourenço da Mata (PE),26,Pernambuco,0.517,0.563,0.438,0.55,0.661,32670.0,333.85
220005,2200053,Acauã (PI),22,Piauí,0.424,0.217,0.551,0.505,0.555,924.0,201.2
220010,2200103,Agricolândia (PI),22,Piauí,0.505,0.424,0.514,0.577,0.63,1530.0,256.92
220025,2200251,Alagoinha do Piauí (PI),22,Piauí,0.364,0.051,0.656,0.385,0.626,658.0,268.33
220027,2200277,Alegrete do Piauí (PI),22,Piauí,0.427,0.176,0.594,0.51,0.618,849.0,304.77
220030,2200301,Alto Longá (PI),22,Piauí,0.393,0.309,0.439,0.43,0.679,2626.0,346.32
220050,2200509,Amarante (PI),22,Piauí,0.406,0.355,0.408,0.454,0.671,3888.0,361.42
220070,2200707,Anísio de Abreu (PI),22,Piauí,0.432,0.336,0.44,0.52,0.649,1394.0,238.06
220105,2201051,Assunção do Piauí (PI),22,Piauí,0.56,0.285,0.699,0.698,0.487,1201.0,134.77
220110,2201101,Avelino Lopes (PI),22,Piauí,0.446,0.105,0.589,0.644,0.588,2494.0,252.4
220117,2201176,Barra D'Alcântara (PI),22,Piauí,0.442,0.072,0.626,0.627,0.616,857.0,210.58
220120,2201200,Barras (PI),22,Piauí,0.391,0.219,0.532,0.422,0.654,9303.0,317.41
220140,2201408,Barro Duro (PI),22,Piauí,0.375,0.128,0.492,0.505,0.649,1963.0,321.09
220155,2201556,Bela Vista do Piauí (PI),22,Piauí,0.362,0.013,0.579,0.494,0.555,550.0,166.59
220157,2201572,Belém do Piauí (PI),22,Piauí,0.471,0.184,0.682,0.547,0.616,581.0,235.8
220170,2201705,Bertolínia (PI),22,Piauí,0.495,0.572,0.406,0.508,0.64,1577.0,335.27
220173,2201739,Betânia do Piauí (PI),22,Piauí,0.459,0.358,0.61,0.409,0.574,465.0,204.75
220177,2201770,Boa Hora (PI),22,Piauí,0.585,0.655,0.478,0.621,0.62,605.0,294.51
220180,2201804,Bocaina (PI),22,Piauí,0.327,0.034,0.473,0.474,0.62,1309.0,283.11
220190,2201903,Bom Jesus (PI),22,Piauí,0.33,0.124,0.466,0.399,0.687,6418.0,472.02
220191,2201919,Bom Princípio do Piauí (PI),22,Piauí,0.446,0.286,0.526,0.528,0.606,558.0,372.96
220192,2201929,Bonfim do Piauí (PI),22,Piauí,0.467,0.455,0.51,0.438,0.627,572.0,263.92
220196,2201960,Brasileira (PI),22,Piauí,0.351,0.134,0.534,0.385,0.663,1286.0,343.65
220200,2202000,Buriti dos Lopes (PI),22,Piauí,0.478,0.405,0.548,0.481,0.63,3772.0,282.95
220208,2202083,Cajueiro da Praia (PI),22,Piauí,0.601,0.729,0.6,0.474,0.592,944.0,223.35
220209,2202091,Caldeirão Grande do Piauí (PI),22,Piauí,0.499,0.718,0.301,0.479,0.687,607.0,297.43
220211,2202117,Campo Alegre do Fidalgo (PI),22,Piauí,0.555,0.28,0.654,0.732,0.537,1485.0,206.38
220213,2202133,Campo Grande do Piauí (PI),22,Piauí,0.372,0.387,0.44,0.29,0.632,523.0,288.79
220220,2202208,Campo Maior (PI),22,Piauí,0.331,0.151,0.393,0.449,0.684,14030.0,409.67
220230,2202307,Canto do Buriti (PI),22,Piauí,0.364,0.066,0.589,0.437,0.655,3923.0,319.9
220245,2202455,Capitão Gervásio Oliveira (PI),22,Piauí,0.464,0.216,0.571,0.605,0.575,1272.0,168.85
220240,2202406,Capitão de Campos (PI),22,Piauí,0.416,0.331,0.405,0.512,0.638,2610.0,288.46
220250,2202505,Caracol (PI),22,Piauí,0.503,0.438,0.549,0.522,0.585,1417.0,287.5
220253,2202539,Caraúbas do Piauí (PI),22,Piauí,0.395,0.028,0.705,0.451,0.592,384.0,262.19
220260,2202604,Castelo do Piauí (PI),22,Piauí,0.392,0.14,0.436,0.601,0.624,4324.0,307.19
220265,2202653,Caxingó (PI),22,Piauí,0.452,0.104,0.696,0.556,0.514,1720.0,159.52
220270,2202703,Cocal (PI),22,Piauí,0.537,0.391,0.64,0.581,0.594,4145.0,237.53
220272,2202729,Cocal dos Alves (PI),22,Piauí,0.507,0.556,0.563,0.404,0.519,465.0,192.19
220275,2202752,Colônia do Gurguéia (PI),22,Piauí,0.449,0.394,0.458,0.496,0.647,1855.0,269.86
220277,2202778,Colônia do Piauí (PI),22,Piauí,0.341,0.076,0.499,0.447,0.634,1208.0,283.96
220280,2202802,Conceição do Canindé (PI),22,Piauí,0.361,0.117,0.453,0.512,0.647,854.0,266.63
220290,2202901,Corrente (PI),22,Piauí,0.397,0.344,0.404,0.444,0.668,5722.0,402.49
220310,2203107,Cristino Castro (PI),22,Piauí,0.517,0.489,0.515,0.549,0.618,2827.0,332.48
220320,2203206,Curimatá (PI),22,Piauí,0.36,0.216,0.393,0.47,0.662,2775.0,342.13
220327,2203271,Curral Novo do Piauí (PI),22,Piauí,0.485,0.361,0.56,0.533,0.588,1433.0,202.11
220335,2203354,Dirceu Arcoverde (PI),22,Piauí,0.493,0.284,0.592,0.603,0.641,862.0,327.03
220340,2203404,Dom Expedito Lopes (PI),22,Piauí,0.454,0.431,0.367,0.563,0.649,1057.0,399.97
220345,2203453,Dom Inocêncio (PI),22,Piauí,0.489,0.225,0.572,0.67,0.566,2708.0,172.57
220342,2203420,Domingos Mourão (PI),22,Piauí,0.436,0.137,0.659,0.512,0.567,1296.0,221.76
220350,2203503,Elesbão Veloso (PI),22,Piauí,0.385,0.17,0.478,0.506,0.611,3945.0,284.85
220360,2203602,Eliseu Martins (PI),22,Piauí,0.378,0.162,0.458,0.515,0.624,1481.0,370.15
220370,2203701,Esperantina (PI),22,Piauí,0.399,0.173,0.497,0.526,0.642,8839.0,308.16
220375,2203750,Fartura do Piauí (PI),22,Piauí,0.533,0.416,0.583,0.599,0.565,1905.0,173.12
220390,2203909,Floriano (PI),22,Piauí,0.267,0.13,0.299,0.372,0.721,19388.0,488.57
220415,2204154,Francisco Macedo (PI),22,Piauí,0.312,0.014,0.438,0.485,0.62,440.0,350.43
220420,2204204,Francisco Santos (PI),22,Piauí,0.308,0.094,0.513,0.318,0.71,1115.0,403.48
220430,2204303,Fronteiras (PI),22,Piauí,0.369,0.079,0.495,0.533,0.651,2067.0,414.04
220435,2204352,Geminiano (PI),22,Piauí,0.456,0.089,0.606,0.673,0.557,1744.0,195.16
220450,2204501,Guadalupe (PI),22,Piauí,0.358,0.153,0.5,0.422,0.654,3570.0,397.63
220455,2204550,Guaribas (PI),22,Piauí,0.358,0.088,0.438,0.547,0.59,479.0,281.59
220465,2204659,Ilha Grande (PI),22,Piauí,0.552,0.459,0.586,0.611,0.608,2897.0,222.3
220470,2204709,Inhuma (PI),22,Piauí,0.308,0.062,0.427,0.436,0.683,2715.0,315.24
220480,2204808,Ipiranga do Piauí (PI),22,Piauí,0.349,0.14,0.413,0.495,0.665,2167.0,272.61
220500,2205003,Itainópolis (PI),22,Piauí,0.301,0.105,0.492,0.305,0.632,935.0,308.6
220510,2205102,Itaueira (PI),22,Piauí,0.344,0.138,0.445,0.449,0.644,2389.0,375.47
220515,2205151,Jacobina do Piauí (PI),22,Piauí,0.547,0.398,0.577,0.667,0.527,1524.0,172.52
220520,2205201,Jaicós (PI),22,Piauí,0.35,0.172,0.449,0.43,0.654,3470.0,349.79
220540,2205409,Joaquim Pires (PI),22,Piauí,0.356,0.139,0.537,0.392,0.599,1691.0,280.46
220545,2205458,Joca Marques (PI),22,Piauí,0.483,0.407,0.597,0.445,0.571,603.0,174.35
220551,2205516,Juazeiro do Piauí (PI),22,Piauí,0.336,0.221,0.38,0.408,0.683,539.0,275.09
220553,2205532,Jurema (PI),22,Piauí,0.61,0.595,0.623,0.612,0.554,1582.0,177.4
220557,2205573,Lagoa de São Francisco (PI),22,Piauí,0.502,0.513,0.559,0.435,0.633,507.0,267.99
220556,2205565,Lagoa do Barro do Piauí (PI),22,Piauí,0.733,0.836,0.75,0.611,0.514,1676.0,149.64
220559,2205599,Lagoa do Sítio (PI),22,Piauí,0.445,0.244,0.451,0.641,0.622,638.0,217.63
220580,2205805,Luzilândia (PI),22,Piauí,0.426,0.217,0.488,0.572,0.611,5207.0,294.82
220570,2205706,Luís Correia (PI),22,Piauí,0.511,0.278,0.614,0.642,0.609,4519.0,294.87
220590,2205904,Manoel Emídio (PI),22,Piauí,0.293,0.203,0.351,0.327,0.629,1234.0,227.68
220595,2205953,Marcolândia (PI),22,Piauí,0.47,0.411,0.626,0.372,0.613,2463.0,292.21
220605,2206050,Massapê do Piauí (PI),22,Piauí,0.572,0.47,0.613,0.633,0.539,2219.0,182.92
220610,2206100,Matias Olímpio (PI),22,Piauí,0.49,0.522,0.529,0.418,0.611,1735.0,220.95
220620,2206209,Miguel Alves (PI),22,Piauí,0.569,0.642,0.578,0.487,0.612,4262.0,309.29
220635,2206357,Milton Brandão (PI),22,Piauí,0.477,0.36,0.443,0.629,0.58,540.0,193.95
220650,2206506,Monsenhor Hipólito (PI),22,Piauí,0.354,0.174,0.556,0.332,0.645,1041.0,384.91
220660,2206605,Monte Alegre do Piauí (PI),22,Piauí,0.317,0.129,0.386,0.438,0.673,1231.0,367.49
220667,2206670,Morro do Chapéu do Piauí (PI),22,Piauí,0.47,0.44,0.482,0.487,0.616,856.0,231.03
220669,2206696,Murici dos Portelas (PI),22,Piauí,0.408,0.272,0.6,0.35,0.635,632.0,306.28
220795,2207959,Nova Santa Rita (PI),22,Piauí,0.436,0.179,0.525,0.604,0.559,1377.0,226.96
220690,2206902,Novo Oriente do Piauí (PI),22,Piauí,0.396,0.047,0.483,0.658,0.592,1402.0,272.1
220700,2207009,Oeiras (PI),22,Piauí,0.328,0.193,0.404,0.387,0.698,9558.0,431.16
220710,2207108,Olho D'Água do Piauí (PI),22,Piauí,0.516,0.317,0.577,0.656,0.586,1025.0,197.2
220720,2207207,Padre Marcos (PI),22,Piauí,0.363,0.05,0.414,0.626,0.627,773.0,312.96
220730,2207306,Paes Landim (PI),22,Piauí,0.386,0.018,0.531,0.61,0.62,860.0,238.93
220740,2207405,Palmeira do Piauí (PI),22,Piauí,0.423,0.422,0.415,0.433,0.639,616.0,347.44
220755,2207553,Paquetá (PI),22,Piauí,0.484,0.149,0.69,0.611,0.495,1354.0,183.55
220770,2207702,Parnaíba (PI),22,Piauí,0.387,0.197,0.457,0.508,0.684,44855.0,427.36
220777,2207777,Patos do Piauí (PI),22,Piauí,0.394,0.242,0.435,0.503,0.688,607.0,328.59
220780,2207801,Paulistana (PI),22,Piauí,0.441,0.293,0.487,0.543,0.672,3567.0,407.1
220790,2207900,Pedro Ii (PI),22,Piauí,0.497,0.407,0.548,0.536,0.585,6643.0,303.42
220793,2207934,Pedro Laurentino (PI),22,Piauí,0.311,0.075,0.444,0.413,0.657,270.0,197.6
220800,2208007,Picos (PI),22,Piauí,0.321,0.194,0.37,0.399,0.721,17539.0,538.69
220810,2208106,Pimenteiras (PI),22,Piauí,0.382,0.213,0.462,0.471,0.654,1705.0,336.36
220820,2208205,Pio Ix (PI),22,Piauí,0.337,0.182,0.43,0.4,0.687,1777.0,392.72
220830,2208304,Piracuruca (PI),22,Piauí,0.461,0.283,0.543,0.556,0.633,6747.0,295.2
220840,2208403,Piripiri (PI),22,Piauí,0.361,0.218,0.461,0.404,0.659,16059.0,367.42
220850,2208502,Porto (PI),22,Piauí,0.465,0.353,0.484,0.558,0.598,3171.0,254.33
220865,2208650,Queimada Nova (PI),22,Piauí,0.493,0.108,0.703,0.669,0.483,1764.0,150.25
220870,2208700,Redenção do Gurguéia (PI),22,Piauí,0.545,0.672,0.464,0.499,0.619,2195.0,273.03
220880,2208809,Regeneração (PI),22,Piauí,0.538,0.387,0.552,0.675,0.623,5789.0,270.63
220890,2208908,Ribeiro Gonçalves (PI),22,Piauí,0.355,0.201,0.408,0.457,0.658,1712.0,316.25
220900,2209005,Rio Grande do Piauí (PI),22,Piauí,0.416,0.167,0.538,0.542,0.597,1648.0,253.45
220910,2209104,Santa Cruz do Piauí (PI),22,Piauí,0.332,0.112,0.443,0.441,0.664,1600.0,297.85
220920,2209203,Santa Filomena (PI),22,Piauí,0.522,0.414,0.519,0.632,0.586,1493.0,227.15
220930,2209302,Santa Luz (PI),22,Piauí,0.449,0.22,0.521,0.605,0.636,1156.0,227.34
220937,2209377,Santa Rosa do Piauí (PI),22,Piauí,0.435,0.205,0.555,0.546,0.631,1567.0,266.28
220935,2209351,Santana do Piauí (PI),22,Piauí,0.389,0.117,0.603,0.447,0.565,1560.0,218.95
220940,2209401,Santo Antônio de Lisboa (PI),22,Piauí,0.392,0.242,0.554,0.382,0.64,1143.0,332.98
221062,2210623,Sebastião Barros (PI),22,Piauí,0.477,0.277,0.596,0.558,0.562,1216.0,178.39
221063,2210631,Sebastião Leal (PI),22,Piauí,0.409,0.253,0.45,0.526,0.661,590.0,281.64
221065,2210656,Sigefredo Pacheco (PI),22,Piauí,0.402,0.105,0.498,0.603,0.608,3674.0,192.21
221080,2210805,Simplício Mendes (PI),22,Piauí,0.302,0.075,0.354,0.477,0.658,2778.0,417.02
221070,2210706,Simões (PI),22,Piauí,0.291,0.055,0.422,0.394,0.669,2138.0,319.35
221093,2210938,Sussuapara (PI),22,Piauí,0.436,0.131,0.576,0.602,0.586,1659.0,277.47
220955,2209559,São Braz do Piauí (PI),22,Piauí,0.45,0.408,0.562,0.38,0.627,1440.0,221.69
220965,2209658,São Francisco de Assis do Piauí (PI),22,Piauí,0.495,0.47,0.551,0.464,0.6,372.0,241.05
220970,2209708,São Francisco do Piauí (PI),22,Piauí,0.373,0.25,0.397,0.472,0.649,866.0,346.35
220980,2209807,São Gonçalo do Piauí (PI),22,Piauí,0.345,0.059,0.425,0.551,0.656,1006.0,258.4
221005,2210052,São José do Divino (PI),22,Piauí,0.441,0.226,0.511,0.587,0.621,1018.0,230.74
221020,2210201,São José do Piauí (PI),22,Piauí,0.435,0.073,0.592,0.638,0.551,1611.0,238.74
220985,2209856,São João da Canabrava (PI),22,Piauí,0.258,0.022,0.356,0.397,0.67,427.0,342.37
220987,2209872,São João da Fronteira (PI),22,Piauí,0.506,0.467,0.546,0.504,0.619,935.0,264.66
220990,2209906,São João da Serra (PI),22,Piauí,0.399,0.146,0.471,0.581,0.639,1415.0,277.43
220997,2209971,São João do Arraial (PI),22,Piauí,0.478,0.437,0.567,0.43,0.567,1365.0,189.94
221000,2210003,São João do Piauí (PI),22,Piauí,0.397,0.139,0.486,0.565,0.68,5006.0,365.76
221030,2210300,São Julião (PI),22,Piauí,0.262,0.0,0.391,0.395,0.69,707.0,452.0
221035,2210359,São Lourenço do Piauí (PI),22,Piauí,0.272,0.237,0.335,0.243,0.724,478.0,358.44
221037,2210375,São Luis do Piauí (PI),22,Piauí,0.338,0.097,0.463,0.454,0.582,764.0,200.77
221040,2210409,São Miguel do Tapuio (PI),22,Piauí,0.376,0.098,0.49,0.539,0.624,2480.0,250.04
221050,2210508,São Pedro do Piauí (PI),22,Piauí,0.543,0.494,0.554,0.581,0.607,3337.0,263.06
221060,2210607,São Raimundo Nonato (PI),22,Piauí,0.362,0.328,0.382,0.376,0.712,7933.0,387.56
221120,2211209,Uruçuí (PI),22,Piauí,0.386,0.24,0.455,0.463,0.66,5819.0,395.57
221130,2211308,Valença do Piauí (PI),22,Piauí,0.375,0.156,0.463,0.505,0.67,6353.0,365.91
221150,2211506,Vera Mendes (PI),22,Piauí,0.527,0.248,0.554,0.78,0.547,1072.0,190.6
221160,2211605,Vila Nova do Piauí (PI),22,Piauí,0.409,0.13,0.53,0.568,0.614,899.0,289.53
221135,2211357,Várzea Branca (PI),22,Piauí,0.453,0.247,0.603,0.507,0.573,1858.0,200.58
221140,2211407,Várzea Grande (PI),22,Piauí,0.324,0.055,0.441,0.476,0.62,977.0,272.49
220020,2200202,Água Branca (PI),22,Piauí,0.356,0.18,0.44,0.448,0.666,5820.0,325.82
220040,2200400,Altos (PI),22,Piauí,0.465,0.457,0.455,0.484,0.657,11748.0,315.16
220330,2203305,Demerval Lobão (PI),22,Piauí,0.44,0.359,0.477,0.482,0.632,4434.0,316.98
220550,2205508,José de Freitas (PI),22,Piauí,0.519,0.58,0.465,0.512,0.667,9463.0,321.21
221100,2211001,Teresina (PI),22,Piauí,0.296,0.188,0.322,0.379,0.752,286506.0,624.04
221110,2211100,União (PI),22,Piauí,0.49,0.485,0.5,0.485,0.639,8471.0,288.05
240010,2400109,Acari (RN),24,Rio Grande do Norte,0.283,0.0,0.405,0.444,0.696,2070.0,340.28
240030,2400307,Afonso Bezerra (RN),24,Rio Grande do Norte,0.414,0.055,0.5,0.686,0.644,2109.0,319.81
240050,2400505,Alexandria (RN),24,Rio Grande do Norte,0.381,0.06,0.476,0.608,0.644,2541.0,296.96
240060,2400604,Almino Afonso (RN),24,Rio Grande do Norte,0.334,0.144,0.409,0.45,0.643,964.0,270.95
240070,2400703,Alto do Rodrigues (RN),24,Rio Grande do Norte,0.291,0.036,0.376,0.46,0.686,2535.0,421.29
240080,2400802,Angicos (RN),24,Rio Grande do Norte,0.409,0.098,0.537,0.591,0.636,3374.0,314.96
240090,2400901,Antônio Martins (RN),24,Rio Grande do Norte,0.473,0.229,0.649,0.541,0.587,997.0,273.31
240100,2401008,Apodi (RN),24,Rio Grande do Norte,0.29,0.108,0.341,0.421,0.71,4474.0,410.44
240110,2401107,Areia Branca (RN),24,Rio Grande do Norte,0.305,0.025,0.386,0.504,0.703,6968.0,456.97
240120,2401206,Arês (RN),24,Rio Grande do Norte,0.461,0.286,0.533,0.564,0.642,2897.0,286.73
240130,2401305,Augusto Severo (RN),24,Rio Grande do Norte,0.353,0.123,0.471,0.465,0.691,1357.0,634.93
240020,2400208,Açu (RN),24,Rio Grande do Norte,0.311,0.087,0.386,0.46,0.69,12126.0,431.54
240145,2401453,Baraúna (RN),24,Rio Grande do Norte,0.493,0.248,0.601,0.631,0.609,4850.0,262.77
240150,2401503,Barcelona (RN),24,Rio Grande do Norte,0.401,0.03,0.608,0.566,0.59,514.0,300.53
240140,2401404,Baía Formosa (RN),24,Rio Grande do Norte,0.323,0.024,0.512,0.432,0.637,2366.0,303.76
240160,2401602,Bento Fernandes (RN),24,Rio Grande do Norte,0.34,0.116,0.382,0.521,0.659,761.0,273.64
240165,2401651,Bodó (RN),24,Rio Grande do Norte,0.45,0.257,0.569,0.526,0.637,676.0,247.29
240170,2401701,Bom Jesus (RN),24,Rio Grande do Norte,0.371,0.052,0.503,0.557,0.614,2277.0,275.37
240180,2401800,Brejinho (RN),24,Rio Grande do Norte,0.391,0.177,0.505,0.491,0.603,2681.0,285.63
240200,2402006,Caicó (RN),24,Rio Grande do Norte,0.265,0.048,0.323,0.425,0.712,11455.0,593.61
240185,2401859,Caiçara do Norte (RN),24,Rio Grande do Norte,0.41,0.208,0.545,0.477,0.604,1899.0,278.82
240190,2401909,Caiçara do Rio do Vento (RN),24,Rio Grande do Norte,0.347,0.005,0.534,0.503,0.623,791.0,266.7
240210,2402105,Campo Redondo (RN),24,Rio Grande do Norte,0.335,0.031,0.438,0.535,0.676,1422.0,287.05
240220,2402204,Canguaretama (RN),24,Rio Grande do Norte,0.52,0.369,0.595,0.595,0.615,6562.0,261.42
240230,2402303,Caraúbas (RN),24,Rio Grande do Norte,0.371,0.199,0.427,0.485,0.662,4015.0,344.72
240250,2402501,Carnaubais (RN),24,Rio Grande do Norte,0.342,0.147,0.419,0.46,0.645,1706.0,351.96
240240,2402402,Carnaúba dos Dantas (RN),24,Rio Grande do Norte,0.337,0.09,0.483,0.438,0.647,951.0,339.0
240270,2402709,Cerro Corá (RN),24,Rio Grande do Norte,0.504,0.441,0.522,0.549,0.625,3038.0,266.11
240280,2402808,Coronel Ezequiel (RN),24,Rio Grande do Norte,0.322,0.031,0.512,0.422,0.648,655.0,357.92
240290,2402907,Coronel João Pessoa (RN),24,Rio Grande do Norte,0.479,0.282,0.62,0.536,0.573,1157.0,206.58
240300,2403004,Cruzeta (RN),24,Rio Grande do Norte,0.333,0.04,0.375,0.585,0.674,1641.0,274.73
240310,2403103,Currais Novos (RN),24,Rio Grande do Norte,0.301,0.031,0.407,0.465,0.679,9062.0,388.33
240320,2403202,Doutor Severiano (RN),24,Rio Grande do Norte,0.365,0.149,0.399,0.547,0.657,812.0,303.75
240330,2403301,Encanto (RN),24,Rio Grande do Norte,0.461,0.038,0.663,0.683,0.617,478.0,363.06
240340,2403400,Equador (RN),24,Rio Grande do Norte,0.405,0.129,0.475,0.612,0.631,1141.0,268.03
240350,2403509,Espírito Santo (RN),24,Rio Grande do Norte,0.517,0.281,0.637,0.632,0.596,1490.0,277.8
240370,2403707,Felipe Guerra (RN),24,Rio Grande do Norte,0.32,0.179,0.393,0.389,0.676,1195.0,343.1
240380,2403806,Florânia (RN),24,Rio Grande do Norte,0.335,0.037,0.383,0.585,0.664,1748.0,315.84
240390,2403905,Francisco Dantas (RN),24,Rio Grande do Norte,0.344,0.131,0.433,0.468,0.616,749.0,265.74
240400,2404002,Frutuoso Gomes (RN),24,Rio Grande do Norte,0.362,0.058,0.438,0.592,0.645,827.0,276.29
240410,2404101,Galinhos (RN),24,Rio Grande do Norte,0.375,0.276,0.486,0.364,0.632,325.0,349.13
240420,2404200,Goianinha (RN),24,Rio Grande do Norte,0.412,0.282,0.455,0.499,0.679,4634.0,434.98
240430,2404309,Governador Dix-Sept Rosado (RN),24,Rio Grande do Norte,0.35,0.13,0.451,0.469,0.637,1895.0,304.95
240440,2404408,Grossos (RN),24,Rio Grande do Norte,0.31,0.073,0.403,0.456,0.679,2137.0,396.23
240450,2404507,Guamaré (RN),24,Rio Grande do Norte,0.264,0.008,0.446,0.339,0.698,1248.0,553.97
240460,2404606,Ielmo Marinho (RN),24,Rio Grande do Norte,0.566,0.525,0.604,0.569,0.566,4412.0,199.48
240470,2404705,Ipanguaçu (RN),24,Rio Grande do Norte,0.353,0.1,0.507,0.451,0.677,1815.0,334.7
240480,2404804,Ipueira (RN),24,Rio Grande do Norte,0.25,0.0,0.401,0.348,0.694,404.0,351.52
240485,2404853,Itajá (RN),24,Rio Grande do Norte,0.383,0.219,0.463,0.467,0.655,1913.0,312.3
240490,2404903,Itaú (RN),24,Rio Grande do Norte,0.3,0.063,0.399,0.439,0.643,1183.0,297.37
240510,2405108,Jandaíra (RN),24,Rio Grande do Norte,0.471,0.277,0.536,0.6,0.619,1164.0,256.08
240520,2405207,Janduís (RN),24,Rio Grande do Norte,0.346,0.051,0.499,0.488,0.64,1247.0,275.11
240530,2405306,Januário Cicco (RN),24,Rio Grande do Norte,0.345,0.018,0.602,0.416,0.607,868.0,235.3
240540,2405405,Japi (RN),24,Rio Grande do Norte,0.516,0.532,0.517,0.498,0.613,1245.0,250.38
240560,2405603,Jardim de Piranhas (RN),24,Rio Grande do Norte,0.329,0.039,0.44,0.508,0.614,1912.0,295.68
240570,2405702,Jardim do Seridó (RN),24,Rio Grande do Norte,0.245,0.006,0.287,0.442,0.689,1635.0,435.59
240500,2405009,Jaçanã (RN),24,Rio Grande do Norte,0.538,0.53,0.511,0.573,0.642,1395.0,302.28
240600,2406007,José da Penha (RN),24,Rio Grande do Norte,0.399,0.054,0.542,0.602,0.596,798.0,293.46
240580,2405801,João Câmara (RN),24,Rio Grande do Norte,0.485,0.295,0.516,0.644,0.644,7319.0,363.58
240590,2405900,João Dias (RN),24,Rio Grande do Norte,0.48,0.308,0.646,0.488,0.582,687.0,163.83
240610,2406106,Jucurutu (RN),24,Rio Grande do Norte,0.306,0.069,0.406,0.443,0.646,2866.0,322.2
240615,2406155,Jundiá (RN),24,Rio Grande do Norte,0.368,0.172,0.525,0.406,0.624,1133.0,252.91
240620,2406205,Lagoa D'Anta (RN),24,Rio Grande do Norte,0.385,0.06,0.587,0.508,0.608,1095.0,281.17
240650,2406502,Lagoa Nova (RN),24,Rio Grande do Norte,0.377,0.029,0.558,0.543,0.633,2202.0,277.77
240660,2406601,Lagoa Salgada (RN),24,Rio Grande do Norte,0.379,0.085,0.561,0.491,0.613,1582.0,247.01
240630,2406304,Lagoa de Pedras (RN),24,Rio Grande do Norte,0.319,0.129,0.321,0.506,0.652,662.0,303.97
240640,2406403,Lagoa de Velhos (RN),24,Rio Grande do Norte,0.327,0.108,0.497,0.374,0.61,785.0,266.23
240670,2406700,Lajes (RN),24,Rio Grande do Norte,0.4,0.148,0.497,0.555,0.634,2497.0,293.4
240680,2406809,Lajes Pintadas (RN),24,Rio Grande do Norte,0.32,0.169,0.397,0.394,0.67,890.0,290.87
240690,2406908,Lucrécia (RN),24,Rio Grande do Norte,0.318,0.014,0.483,0.458,0.675,629.0,368.6
240700,2407005,Luís Gomes (RN),24,Rio Grande do Norte,0.385,0.104,0.453,0.598,0.63,2014.0,248.33
240720,2407203,Macau (RN),24,Rio Grande do Norte,0.297,0.093,0.371,0.426,0.701,7721.0,458.21
240730,2407302,Marcelino Vieira (RN),24,Rio Grande do Norte,0.331,0.077,0.48,0.435,0.639,1244.0,323.87
240740,2407401,Martins (RN),24,Rio Grande do Norte,0.411,0.411,0.409,0.412,0.639,1379.0,296.07
240760,2407609,Messias Targino (RN),24,Rio Grande do Norte,0.324,0.218,0.438,0.315,0.647,1162.0,293.48
240770,2407708,Montanhas (RN),24,Rio Grande do Norte,0.447,0.141,0.634,0.565,0.581,2633.0,242.34
240790,2407906,Monte das Gameleiras (RN),24,Rio Grande do Norte,0.276,0.153,0.318,0.358,0.651,319.0,317.85
240800,2408003,Mossoró (RN),24,Rio Grande do Norte,0.266,0.08,0.338,0.382,0.721,66887.0,522.8
240830,2408300,Nova Cruz (RN),24,Rio Grande do Norte,0.425,0.182,0.517,0.576,0.651,6846.0,327.63
240840,2408409,Olho-D'Água do Borges (RN),24,Rio Grande do Norte,0.42,0.186,0.463,0.611,0.605,853.0,266.13
240850,2408508,Ouro Branco (RN),24,Rio Grande do Norte,0.284,0.045,0.467,0.339,0.672,757.0,315.32
240860,2408607,Paraná (RN),24,Rio Grande do Norte,0.471,0.22,0.536,0.656,0.596,942.0,209.7
240880,2408805,Parazinho (RN),24,Rio Grande do Norte,0.479,0.178,0.614,0.646,0.545,1072.0,213.81
240870,2408706,Paraú (RN),24,Rio Grande do Norte,0.378,0.17,0.395,0.568,0.642,1026.0,278.38
240890,2408904,Parelhas (RN),24,Rio Grande do Norte,0.309,0.034,0.409,0.484,0.685,2798.0,349.65
240910,2409100,Passa E Fica (RN),24,Rio Grande do Norte,0.423,0.108,0.541,0.619,0.631,2093.0,262.56
240920,2409209,Passagem (RN),24,Rio Grande do Norte,0.483,0.25,0.543,0.656,0.592,850.0,231.85
240930,2409308,Patu (RN),24,Rio Grande do Norte,0.422,0.252,0.501,0.512,0.605,2474.0,273.69
240940,2409407,Pau dos Ferros (RN),24,Rio Grande do Norte,0.36,0.028,0.521,0.532,0.639,5819.0,394.77
240950,2409506,Pedra Grande (RN),24,Rio Grande do Norte,0.313,0.067,0.501,0.371,0.611,402.0,252.56
240970,2409704,Pedro Avelino (RN),24,Rio Grande do Norte,0.408,0.083,0.527,0.615,0.593,1356.0,293.12
240980,2409803,Pedro Velho (RN),24,Rio Grande do Norte,0.397,0.013,0.544,0.634,0.575,2093.0,342.18
240990,2409902,Pendências (RN),24,Rio Grande do Norte,0.366,0.022,0.547,0.528,0.66,3553.0,376.65
241000,2410009,Pilões (RN),24,Rio Grande do Norte,0.358,0.0,0.462,0.613,0.639,690.0,285.13
241020,2410207,Portalegre (RN),24,Rio Grande do Norte,0.374,0.133,0.421,0.57,0.63,1115.0,302.31
241025,2410256,Porto do Mangue (RN),24,Rio Grande do Norte,0.44,0.233,0.518,0.569,0.653,1007.0,325.37
241010,2410108,Poço Branco (RN),24,Rio Grande do Norte,0.437,0.19,0.619,0.503,0.616,2479.0,261.07
241030,2410306,Presidente Juscelino (RN),24,Rio Grande do Norte,0.452,0.193,0.676,0.487,0.628,1631.0,271.88
241040,2410405,Pureza (RN),24,Rio Grande do Norte,0.361,0.166,0.416,0.5,0.648,1083.0,262.54
241050,2410504,Rafael Fernandes (RN),24,Rio Grande do Norte,0.374,0.04,0.523,0.56,0.58,864.0,241.59
241060,2410603,Rafael Godeiro (RN),24,Rio Grande do Norte,0.512,0.358,0.516,0.662,0.638,511.0,282.2
241070,2410702,Riacho da Cruz (RN),24,Rio Grande do Norte,0.39,0.062,0.473,0.635,0.611,812.0,232.12
241080,2410801,Riacho de Santana (RN),24,Rio Grande do Norte,0.436,0.141,0.534,0.634,0.597,932.0,219.26
241090,2410900,Riachuelo (RN),24,Rio Grande do Norte,0.409,0.088,0.6,0.539,0.615,1585.0,271.21
240895,2408953,Rio do Fogo (RN),24,Rio Grande do Norte,0.433,0.144,0.527,0.628,0.617,1312.0,239.25
241100,2411007,Rodolfo Fernandes (RN),24,Rio Grande do Norte,0.38,0.094,0.482,0.565,0.625,1044.0,260.86
241110,2411106,Ruy Barbosa (RN),24,Rio Grande do Norte,0.29,0.064,0.356,0.45,0.648,688.0,325.96
241120,2411205,Santa Cruz (RN),24,Rio Grande do Norte,0.425,0.152,0.565,0.559,0.659,8889.0,303.75
240933,2409332,Santa Maria (RN),24,Rio Grande do Norte,0.394,0.109,0.538,0.534,0.599,1034.0,266.45
241140,2411403,Santana do Matos (RN),24,Rio Grande do Norte,0.361,0.035,0.468,0.58,0.622,1990.0,296.16
241142,2411429,Santana do Seridó (RN),24,Rio Grande do Norte,0.278,0.0,0.448,0.386,0.701,845.0,350.72
241150,2411502,Santo Antônio (RN),24,Rio Grande do Norte,0.368,0.121,0.49,0.492,0.631,4264.0,355.52
241310,2413102,Senador Elói de Souza (RN),24,Rio Grande do Norte,0.33,0.022,0.467,0.502,0.65,900.0,262.0
241320,2413201,Senador Georgino Avelino (RN),24,Rio Grande do Norte,0.474,0.307,0.574,0.54,0.588,1415.0,226.6
241340,2413409,Serra Negra do Norte (RN),24,Rio Grande do Norte,0.287,0.058,0.476,0.327,0.642,1357.0,313.37
241330,2413300,Serra de São Bento (RN),24,Rio Grande do Norte,0.523,0.323,0.57,0.676,0.633,991.0,318.8
241335,2413359,Serra do Mel (RN),24,Rio Grande do Norte,0.436,0.372,0.452,0.486,0.621,3016.0,239.13
241350,2413508,Serrinha (RN),24,Rio Grande do Norte,0.41,0.412,0.404,0.414,0.696,710.0,359.63
241355,2413557,Serrinha dos Pintos (RN),24,Rio Grande do Norte,0.362,0.076,0.422,0.589,0.624,755.0,223.4
241360,2413607,Severiano Melo (RN),24,Rio Grande do Norte,0.357,0.094,0.449,0.528,0.631,580.0,306.62
241160,2411601,São Bento do Norte (RN),24,Rio Grande do Norte,0.459,0.128,0.601,0.648,0.558,1000.0,182.64
241170,2411700,São Bento do Trairí (RN),24,Rio Grande do Norte,0.262,0.01,0.46,0.315,0.675,602.0,279.2
241180,2411809,São Fernando (RN),24,Rio Grande do Norte,0.374,0.132,0.634,0.357,0.577,497.0,255.29
241190,2411908,São Francisco do Oeste (RN),24,Rio Grande do Norte,0.356,0.031,0.532,0.506,0.632,590.0,306.91
241230,2412302,São José do Campestre (RN),24,Rio Grande do Norte,0.391,0.082,0.568,0.522,0.638,3261.0,282.37
241240,2412401,São José do Seridó (RN),24,Rio Grande do Norte,0.199,0.006,0.347,0.243,0.731,697.0,370.8
241210,2412104,São João do Sabugi (RN),24,Rio Grande do Norte,0.279,0.111,0.366,0.361,0.67,953.0,422.2
241250,2412500,São Miguel (RN),24,Rio Grande do Norte,0.369,0.076,0.563,0.467,0.617,2721.0,269.87
241255,2412559,São Miguel do Gostoso (RN),24,Rio Grande do Norte,0.35,0.011,0.501,0.538,0.66,1111.0,337.97
241260,2412609,São Paulo do Potengi (RN),24,Rio Grande do Norte,0.32,0.059,0.407,0.494,0.669,3647.0,335.39
241270,2412708,São Pedro (RN),24,Rio Grande do Norte,0.362,0.055,0.505,0.527,0.656,1200.0,353.27
241280,2412807,São Rafael (RN),24,Rio Grande do Norte,0.356,0.016,0.5,0.551,0.64,1328.0,300.25
241290,2412906,São Tomé (RN),24,Rio Grande do Norte,0.355,0.026,0.538,0.5,0.647,2026.0,302.78
241300,2413003,São Vicente (RN),24,Rio Grande do Norte,0.344,0.076,0.546,0.41,0.623,891.0,307.96
241370,2413706,Sítio Novo (RN),24,Rio Grande do Norte,0.428,0.207,0.539,0.538,0.625,665.0,253.48
241380,2413805,Taboleiro Grande (RN),24,Rio Grande do Norte,0.372,0.165,0.515,0.437,0.594,396.0,241.19
241390,2413904,Taipu (RN),24,Rio Grande do Norte,0.413,0.206,0.554,0.479,0.592,1386.0,291.31
241400,2414001,Tangará (RN),24,Rio Grande do Norte,0.355,0.056,0.469,0.539,0.648,2957.0,304.14
241410,2414100,Tenente Ananias (RN),24,Rio Grande do Norte,0.423,0.17,0.592,0.506,0.63,1776.0,288.74
241415,2414159,Tenente Laurentino Cruz (RN),24,Rio Grande do Norte,0.388,0.227,0.436,0.5,0.645,1533.0,238.88
241105,2411056,Tibau (RN),24,Rio Grande do Norte,0.288,0.089,0.3,0.476,0.662,861.0,343.36
241420,2414209,Tibau do Sul (RN),24,Rio Grande do Norte,0.303,0.076,0.52,0.313,0.659,2038.0,661.52
241430,2414308,Timbaúba dos Batistas (RN),24,Rio Grande do Norte,0.261,0.009,0.397,0.376,0.642,519.0,314.82
241440,2414407,Touros (RN),24,Rio Grande do Norte,0.29,0.067,0.357,0.447,0.653,2535.0,359.58
241445,2414456,Triunfo Potiguar (RN),24,Rio Grande do Norte,0.328,0.104,0.446,0.434,0.644,575.0,266.76
241450,2414506,Umarizal (RN),24,Rio Grande do Norte,0.419,0.222,0.513,0.523,0.641,2235.0,323.8
241460,2414605,Upanema (RN),24,Rio Grande do Norte,0.328,0.037,0.476,0.47,0.673,1746.0,317.35
241475,2414753,Venha-Ver (RN),24,Rio Grande do Norte,0.565,0.324,0.598,0.772,0.558,784.0,151.92
241500,2415008,Vila Flor (RN),24,Rio Grande do Norte,0.435,0.259,0.47,0.574,0.594,900.0,273.43
241490,2414902,Viçosa (RN),24,Rio Grande do Norte,0.332,0.06,0.409,0.526,0.667,574.0,251.63
241470,2414704,Várzea (RN),24,Rio Grande do Norte,0.344,0.004,0.502,0.525,0.641,1201.0,298.14
240040,2400406,Água Nova (RN),24,Rio Grande do Norte,0.473,0.0,0.582,0.839,0.59,449.0,217.07
240260,2402600,Ceará-Mirim (RN),24,Rio Grande do Norte,0.442,0.394,0.432,0.5,0.674,11504.0,395.87
240360,2403608,Extremoz (RN),24,Rio Grande do Norte,0.382,0.348,0.385,0.413,0.684,5269.0,513.16
240710,2407104,Macaíba (RN),24,Rio Grande do Norte,0.437,0.363,0.434,0.515,0.665,14746.0,391.53
240750,2407500,Maxaranguape (RN),24,Rio Grande do Norte,0.375,0.134,0.376,0.614,0.651,1352.0,310.81
240780,2407807,Monte Alegre (RN),24,Rio Grande do Norte,0.283,0.019,0.347,0.484,0.7,3117.0,391.54
240810,2408102,Natal (RN),24,Rio Grande do Norte,0.333,0.29,0.353,0.355,0.739,228103.0,689.97
240820,2408201,Nísia Floresta (RN),24,Rio Grande do Norte,0.315,0.064,0.462,0.418,0.656,3175.0,335.36
240325,2403251,Parnamirim (RN),24,Rio Grande do Norte,0.316,0.242,0.344,0.363,0.75,51371.0,650.3
241200,2412005,São Gonçalo do Amarante (RN),24,Rio Grande do Norte,0.349,0.174,0.404,0.468,0.666,24233.0,356.49
241220,2412203,São José de Mipibu (RN),24,Rio Grande do Norte,0.39,0.201,0.492,0.477,0.669,5685.0,427.21
241480,2414803,Vera Cruz (RN),24,Rio Grande do Norte,0.482,0.13,0.586,0.729,0.563,1291.0,218.08
280020,2800209,Aquidabã (SE),28,Sergipe,0.375,0.035,0.537,0.551,0.616,4004.0,326.83
280030,2800308,Aracaju (SE),28,Sergipe,0.333,0.308,0.326,0.365,0.771,198748.0,846.0
280040,2800407,Arauá (SE),28,Sergipe,0.364,0.02,0.436,0.635,0.632,1726.0,272.82
280050,2800506,Areia Branca (SE),28,Sergipe,0.381,0.134,0.481,0.529,0.629,2910.0,328.84
280060,2800605,Barra dos Coqueiros (SE),28,Sergipe,0.404,0.174,0.57,0.469,0.66,8666.0,392.44
280067,2800670,Boquim (SE),28,Sergipe,0.386,0.256,0.416,0.486,0.646,6231.0,349.21
280070,2800704,Brejo Grande (SE),28,Sergipe,0.616,0.585,0.656,0.606,0.602,1570.0,234.62
280100,2801009,Campo do Brito (SE),28,Sergipe,0.34,0.188,0.462,0.368,0.679,2570.0,584.87
280110,2801108,Canhoba (SE),28,Sergipe,0.507,0.248,0.684,0.589,0.574,1402.0,218.83
280120,2801207,Canindé de São Francisco (SE),28,Sergipe,0.471,0.254,0.574,0.585,0.608,4960.0,286.14
280130,2801306,Capela (SE),28,Sergipe,0.414,0.21,0.458,0.572,0.668,7777.0,346.34
280140,2801405,Carira (SE),28,Sergipe,0.34,0.091,0.468,0.461,0.641,3385.0,328.14
280150,2801504,Carmópolis (SE),28,Sergipe,0.335,0.001,0.455,0.549,0.647,4060.0,360.81
280160,2801603,Cedro de São João (SE),28,Sergipe,0.393,0.191,0.491,0.499,0.642,1494.0,356.99
280170,2801702,Cristinápolis (SE),28,Sergipe,0.457,0.329,0.537,0.505,0.617,3235.0,300.36
280190,2801900,Cumbe (SE),28,Sergipe,0.376,0.147,0.437,0.543,0.643,792.0,310.69
280210,2802106,Estância (SE),28,Sergipe,0.347,0.116,0.431,0.494,0.669,21861.0,412.54
280220,2802205,Feira Nova (SE),28,Sergipe,0.414,0.034,0.563,0.645,0.612,1365.0,244.45
280230,2802304,Frei Paulo (SE),28,Sergipe,0.309,0.075,0.4,0.452,0.626,2753.0,403.03
280240,2802403,Gararu (SE),28,Sergipe,0.306,0.045,0.467,0.404,0.695,961.0,399.9
280260,2802601,Gracho Cardoso (SE),28,Sergipe,0.393,0.07,0.438,0.669,0.635,780.0,301.56
280270,2802700,Ilha das Flores (SE),28,Sergipe,0.479,0.11,0.605,0.722,0.602,1989.0,183.25
280280,2802809,Indiaroba (SE),28,Sergipe,0.493,0.503,0.435,0.543,0.649,2410.0,285.27
280290,2802908,Itabaiana (SE),28,Sergipe,0.34,0.112,0.476,0.433,0.66,20301.0,411.66
280300,2803005,Itabaianinha (SE),28,Sergipe,0.398,0.122,0.518,0.554,0.613,6430.0,289.97
280310,2803104,Itabi (SE),28,Sergipe,0.469,0.349,0.488,0.568,0.663,867.0,317.42
280320,2803203,Itaporanga D'Ajuda (SE),28,Sergipe,0.527,0.302,0.613,0.665,0.582,4728.0,285.31
280330,2803302,Japaratuba (SE),28,Sergipe,0.366,0.246,0.365,0.487,0.687,3354.0,368.21
280340,2803401,Japoatã (SE),28,Sergipe,0.373,0.09,0.479,0.55,0.606,1590.0,283.82
280350,2803500,Lagarto (SE),28,Sergipe,0.331,0.108,0.427,0.458,0.664,15890.0,419.19
280360,2803609,Laranjeiras (SE),28,Sergipe,0.352,0.125,0.462,0.47,0.661,8777.0,324.99
280370,2803708,Macambira (SE),28,Sergipe,0.337,0.037,0.505,0.468,0.657,1179.0,346.61
280380,2803807,Malhada dos Bois (SE),28,Sergipe,0.294,0.014,0.351,0.517,0.669,655.0,283.42
280390,2803906,Malhador (SE),28,Sergipe,0.332,0.203,0.448,0.344,0.635,1901.0,354.91
280400,2804003,Maruim (SE),28,Sergipe,0.485,0.421,0.514,0.52,0.652,4985.0,352.88
280410,2804102,Moita Bonita (SE),28,Sergipe,0.233,0.002,0.335,0.361,0.686,1261.0,372.52
280420,2804201,Monte Alegre de Sergipe (SE),28,Sergipe,0.374,0.066,0.56,0.497,0.626,3072.0,259.07
280430,2804300,Muribeca (SE),28,Sergipe,0.381,0.243,0.435,0.465,0.671,1259.0,347.11
280440,2804409,Neópolis (SE),28,Sergipe,0.319,0.051,0.415,0.491,0.687,3883.0,376.86
280450,2804508,Nossa Senhora da Glória (SE),28,Sergipe,0.39,0.217,0.473,0.481,0.627,7026.0,375.43
280460,2804607,Nossa Senhora das Dores (SE),28,Sergipe,0.442,0.087,0.627,0.612,0.637,5150.0,307.42
280470,2804706,Nossa Senhora de Lourdes (SE),28,Sergipe,0.362,0.126,0.427,0.531,0.658,1147.0,276.21
280480,2804805,Nossa Senhora do Socorro (SE),28,Sergipe,0.447,0.447,0.435,0.459,0.671,58168.0,353.02
280490,2804904,Pacatuba (SE),28,Sergipe,0.341,0.138,0.365,0.518,0.693,1014.0,394.47
280510,2805109,Pedrinhas (SE),28,Sergipe,0.46,0.337,0.522,0.522,0.619,2494.0,280.37
280520,2805208,Pinhão (SE),28,Sergipe,0.323,0.028,0.498,0.442,0.634,1414.0,321.87
280530,2805307,Pirambu (SE),28,Sergipe,0.309,0.058,0.367,0.501,0.667,1679.0,317.28
280560,2805604,Porto da Folha (SE),28,Sergipe,0.434,0.132,0.614,0.558,0.6,2823.0,227.3
280540,2805406,Poço Redondo (SE),28,Sergipe,0.515,0.346,0.618,0.582,0.604,3259.0,297.13
280550,2805505,Poço Verde (SE),28,Sergipe,0.38,0.076,0.494,0.572,0.593,4016.0,295.06
280570,2805703,Propriá (SE),28,Sergipe,0.337,0.039,0.466,0.505,0.683,8002.0,403.8
280590,2805901,Riachuelo (SE),28,Sergipe,0.4,0.161,0.48,0.56,0.635,3356.0,295.48
280580,2805802,Riachão do Dantas (SE),28,Sergipe,0.331,0.027,0.481,0.484,0.641,2060.0,297.5
280600,2806008,Ribeirópolis (SE),28,Sergipe,0.33,0.13,0.435,0.425,0.654,3457.0,368.64
280610,2806107,Rosário do Catete (SE),28,Sergipe,0.335,0.119,0.42,0.467,0.691,2890.0,375.98
280620,2806206,Salgado (SE),28,Sergipe,0.324,0.107,0.411,0.453,0.672,2671.0,385.36
280630,2806305,Santa Luzia do Itanhy (SE),28,Sergipe,0.494,0.509,0.417,0.556,0.601,1162.0,275.33
280650,2806503,Santa Rosa de Lima (SE),28,Sergipe,0.412,0.229,0.429,0.58,0.64,846.0,236.89
280640,2806404,Santana do São Francisco (SE),28,Sergipe,0.444,0.309,0.465,0.559,0.641,1722.0,281.54
280660,2806602,Santo Amaro das Brotas (SE),28,Sergipe,0.409,0.196,0.426,0.604,0.651,3337.0,358.28
280710,2807105,Simão Dias (SE),28,Sergipe,0.396,0.184,0.46,0.545,0.637,6575.0,317.7
280720,2807204,Siriri (SE),28,Sergipe,0.303,0.099,0.39,0.419,0.677,1189.0,330.84
280670,2806701,São Cristóvão (SE),28,Sergipe,0.433,0.493,0.375,0.429,0.697,26412.0,402.81
280680,2806800,São Domingos (SE),28,Sergipe,0.355,0.186,0.419,0.458,0.637,1954.0,327.04
280700,2807006,São Miguel do Aleixo (SE),28,Sergipe,0.349,0.181,0.425,0.44,0.622,631.0,336.71
280730,2807303,Telha (SE),28,Sergipe,0.368,0.054,0.531,0.519,0.641,983.0,261.67
280740,2807402,Tobias Barreto (SE),28,Sergipe,0.38,0.039,0.517,0.584,0.635,10384.0,371.9
280750,2807501,Tomar do Geru (SE),28,Sergipe,0.331,0.129,0.368,0.496,0.66,1905.0,281.7
280760,2807600,Umbaúba (SE),28,Sergipe,0.389,0.228,0.434,0.504,0.64,5637.0,302.69
120001,1200013,Acrelândia (AC),12,Acre,0.417,0.218,0.522,0.511,0.641,2099.0,335.89
120005,1200054,Assis Brasil (AC),12,Acre,0.334,0.222,0.402,0.378,0.692,1285.0,382.21
120010,1200104,Brasiléia (AC),12,Acre,0.426,0.258,0.558,0.461,0.662,5169.0,388.95
120013,1200138,Bujari (AC),12,Acre,0.398,0.266,0.469,0.458,0.682,1292.0,414.75
120020,1200203,Cruzeiro do Sul (AC),12,Acre,0.411,0.339,0.488,0.405,0.712,19935.0,481.63
120025,1200252,Epitaciolândia (AC),12,Acre,0.363,0.247,0.459,0.383,0.701,4024.0,484.99
120030,1200302,Feijó (AC),12,Acre,0.498,0.39,0.571,0.533,0.66,5437.0,360.97
120032,1200328,Jordão (AC),12,Acre,0.449,0.3,0.533,0.515,0.617,733.0,281.49
120034,1200344,Manoel Urbano (AC),12,Acre,0.481,0.421,0.631,0.392,0.63,2077.0,372.19
120035,1200351,Marechal Thaumaturgo (AC),12,Acre,0.469,0.323,0.53,0.553,0.625,1489.0,262.82
120033,1200336,Mâncio Lima (AC),12,Acre,0.427,0.481,0.472,0.326,0.7,3438.0,357.07
120038,1200385,Plácido de Castro (AC),12,Acre,0.466,0.378,0.571,0.448,0.658,3715.0,358.84
120080,1200807,Porto Acre (AC),12,Acre,0.433,0.209,0.723,0.367,0.524,812.0,232.39
120039,1200393,Porto Walter (AC),12,Acre,0.503,0.592,0.481,0.437,0.663,1094.0,276.87
120040,1200401,Rio Branco (AC),12,Acre,0.343,0.269,0.402,0.358,0.742,112840.0,653.74
120042,1200427,Rodrigues Alves (AC),12,Acre,0.545,0.636,0.479,0.52,0.674,1678.0,292.1
120043,1200435,Santa Rosa do Purus (AC),12,Acre,0.416,0.4,0.5,0.348,0.697,881.0,477.58
120050,1200500,Sena Madureira (AC),12,Acre,0.459,0.342,0.503,0.533,0.663,9903.0,391.79
120045,1200450,Senador Guiomard (AC),12,Acre,0.387,0.278,0.522,0.36,0.669,5068.0,437.59
120060,1200609,Tarauacá (AC),12,Acre,0.467,0.437,0.552,0.412,0.613,6680.0,310.74
120070,1200708,Xapuri (AC),12,Acre,0.382,0.219,0.482,0.445,0.669,4013.0,464.08
160010,1600105,Amapá (AP),16,Amapá,0.471,0.408,0.506,0.5,0.651,2710.0,341.56
160023,1600238,Ferreira Gomes (AP),16,Amapá,0.355,0.19,0.446,0.428,0.675,1745.0,396.22
160027,1600279,Laranjal do Jari (AP),16,Amapá,0.453,0.366,0.527,0.466,0.671,14457.0,390.59
160030,1600303,Macapá (AP),16,Amapá,0.35,0.285,0.391,0.374,0.743,136685.0,646.19
160040,1600402,Mazagão (AP),16,Amapá,0.403,0.364,0.419,0.426,0.674,3209.0,420.57
160015,1600154,Pedra Branca do Amapari (AP),16,Amapá,0.428,0.256,0.518,0.512,0.693,2221.0,489.01
160053,1600535,Porto Grande (AP),16,Amapá,0.397,0.306,0.422,0.464,0.682,3974.0,395.9
160060,1600600,Santana (AP),16,Amapá,0.407,0.287,0.445,0.489,0.701,37926.0,435.27
160070,1600709,Tartarugalzinho (AP),16,Amapá,0.509,0.477,0.606,0.443,0.636,2429.0,302.1
160080,1600808,Vitória do Jari (AP),16,Amapá,0.449,0.356,0.474,0.515,0.633,3859.0,321.85
130002,1300029,Alvarães (AM),13,Amazonas,0.571,0.692,0.575,0.446,0.596,3113.0,199.14
130010,1300102,Anori (AM),13,Amazonas,0.52,0.408,0.579,0.572,0.637,3868.0,279.92
130014,1300144,Apuí (AM),13,Amazonas,0.483,0.361,0.524,0.564,0.69,2833.0,451.58
130030,1300300,Autazes (AM),13,Amazonas,0.456,0.397,0.523,0.448,0.653,3654.0,317.15
130060,1300607,Benjamin Constant (AM),13,Amazonas,0.517,0.478,0.583,0.488,0.624,7901.0,257.68
130063,1300631,Beruri (AM),13,Amazonas,0.576,0.579,0.655,0.494,0.583,3284.0,273.28
130068,1300680,Boa Vista do Ramos (AM),13,Amazonas,0.465,0.54,0.424,0.431,0.654,3207.0,255.54
130070,1300706,Boca do Acre (AM),13,Amazonas,0.565,0.478,0.663,0.553,0.648,6449.0,394.28
130083,1300839,Caapiranga (AM),13,Amazonas,0.496,0.434,0.6,0.455,0.626,1920.0,297.48
130090,1300904,Canutama (AM),13,Amazonas,0.498,0.327,0.578,0.588,0.595,2296.0,224.05
130100,1301001,Carauari (AM),13,Amazonas,0.61,0.691,0.675,0.465,0.602,7291.0,256.18
130110,1301100,Careiro (AM),13,Amazonas,0.384,0.142,0.502,0.509,0.661,3515.0,366.21
130120,1301209,Coari (AM),13,Amazonas,0.446,0.262,0.579,0.497,0.639,19854.0,355.15
130130,1301308,Codajás (AM),13,Amazonas,0.555,0.48,0.6,0.584,0.617,6237.0,262.93
130140,1301407,Eirunepé (AM),13,Amazonas,0.664,0.726,0.638,0.628,0.622,7948.0,262.38
130150,1301506,Envira (AM),13,Amazonas,0.554,0.369,0.619,0.674,0.589,3368.0,255.45
130160,1301605,Fonte Boa (AM),13,Amazonas,0.682,0.839,0.598,0.609,0.609,6214.0,250.12
130165,1301654,Guajará (AM),13,Amazonas,0.474,0.422,0.566,0.432,0.631,2891.0,287.41
130170,1301704,Humaitá (AM),13,Amazonas,0.401,0.074,0.58,0.55,0.64,10683.0,350.99
130180,1301803,Ipixuna (AM),13,Amazonas,0.595,0.52,0.717,0.547,0.628,3269.0,235.11
130210,1302108,Japurá (AM),13,Amazonas,0.504,0.349,0.592,0.569,0.596,1290.0,248.22
130220,1302207,Juruá (AM),13,Amazonas,0.63,0.655,0.673,0.562,0.598,2075.0,284.53
130230,1302306,Jutaí (AM),13,Amazonas,0.72,0.898,0.646,0.616,0.576,4197.0,295.03
130240,1302405,Lábrea (AM),13,Amazonas,0.616,0.618,0.625,0.604,0.585,8269.0,231.43
130255,1302553,Manaquiri (AM),13,Amazonas,0.397,0.209,0.463,0.519,0.694,2922.0,425.03
130270,1302702,Manicoré (AM),13,Amazonas,0.475,0.386,0.522,0.518,0.653,7367.0,375.85
130280,1302801,Maraã (AM),13,Amazonas,0.566,0.483,0.634,0.581,0.57,3267.0,224.79
130290,1302900,Maués (AM),13,Amazonas,0.369,0.22,0.403,0.484,0.672,10455.0,378.39
130310,1303106,Nova Olinda do Norte (AM),13,Amazonas,0.444,0.313,0.517,0.502,0.661,5267.0,339.41
130330,1303304,Novo Aripuanã (AM),13,Amazonas,0.663,0.786,0.582,0.62,0.613,5834.0,241.21
130340,1303403,Parintins (AM),13,Amazonas,0.347,0.244,0.346,0.45,0.706,28980.0,366.79
130350,1303502,Pauini (AM),13,Amazonas,0.669,0.708,0.688,0.61,0.558,3361.0,224.36
130406,1304062,Tabatinga (AM),13,Amazonas,0.496,0.401,0.562,0.526,0.658,14505.0,368.54
130410,1304104,Tapauá (AM),13,Amazonas,0.491,0.35,0.606,0.519,0.61,3738.0,260.5
130420,1304203,Tefé (AM),13,Amazonas,0.459,0.4,0.523,0.454,0.651,20087.0,396.97
130426,1304260,Uarini (AM),13,Amazonas,0.575,0.624,0.631,0.471,0.571,2547.0,248.87
130430,1304302,Urucará (AM),13,Amazonas,0.433,0.387,0.452,0.46,0.671,3989.0,299.98
130440,1304401,Urucurituba (AM),13,Amazonas,0.479,0.396,0.479,0.561,0.633,4209.0,277.6
130115,1301159,Careiro da Várzea (AM),13,Amazonas,0.473,0.353,0.614,0.452,0.58,8919.0,193.38
130185,1301852,Iranduba (AM),13,Amazonas,0.476,0.382,0.599,0.447,0.619,11612.0,311.21
130190,1301902,Itacoatiara (AM),13,Amazonas,0.335,0.115,0.437,0.454,0.678,22913.0,385.25
130250,1302504,Manacapuru (AM),13,Amazonas,0.458,0.265,0.588,0.522,0.643,23720.0,366.27
130260,1302603,Manaus (AM),13,Amazonas,0.414,0.462,0.397,0.384,0.734,652919.0,639.89
130320,1303205,Novo Airão (AM),13,Amazonas,0.41,0.265,0.503,0.462,0.637,3753.0,306.82
130353,1303536,Presidente Figueiredo (AM),13,Amazonas,0.294,0.104,0.455,0.324,0.713,4758.0,433.73
130356,1303569,Rio Preto da Eva (AM),13,Amazonas,0.355,0.087,0.501,0.478,0.652,4450.0,372.49
150010,1500107,Abaetetuba (PA),15,Pará,0.387,0.305,0.413,0.442,0.685,30769.0,362.22
150013,1500131,Abel Figueiredo (PA),15,Pará,0.424,0.304,0.455,0.515,0.655,2109.0,384.98
150020,1500206,Acará (PA),15,Pará,0.479,0.365,0.424,0.647,0.616,5218.0,282.15
150030,1500305,Afuá (PA),15,Pará,0.454,0.307,0.54,0.514,0.621,3669.0,305.85
150040,1500404,Alenquer (PA),15,Pará,0.467,0.461,0.464,0.477,0.639,10992.0,275.87
150050,1500503,Almeirim (PA),15,Pará,0.352,0.187,0.44,0.43,0.692,8197.0,608.91
150060,1500602,Altamira (PA),15,Pará,0.381,0.256,0.5,0.386,0.691,30795.0,435.29
150070,1500701,Anajás (PA),15,Pará,0.497,0.376,0.57,0.544,0.57,3738.0,234.29
150085,1500859,Anapu (PA),15,Pará,0.573,0.637,0.583,0.499,0.6,3659.0,274.75
150095,1500958,Aurora do Pará (PA),15,Pará,0.508,0.197,0.657,0.669,0.611,3011.0,255.98
150110,1501105,Bagre (PA),15,Pará,0.624,0.528,0.72,0.624,0.565,3981.0,215.68
150120,1501204,Baião (PA),15,Pará,0.526,0.627,0.445,0.506,0.658,7515.0,268.19
150130,1501303,Barcarena (PA),15,Pará,0.359,0.209,0.41,0.459,0.674,14718.0,423.16
150145,1501451,Belterra (PA),15,Pará,0.475,0.531,0.428,0.464,0.68,3016.0,333.66
150157,1501576,Bom Jesus do Tocantins (PA),15,Pará,0.499,0.446,0.589,0.462,0.619,3182.0,346.94
150160,1501600,Bonito (PA),15,Pará,0.458,0.331,0.564,0.48,0.631,1546.0,306.32
150170,1501709,Bragança (PA),15,Pará,0.413,0.361,0.457,0.421,0.665,31006.0,357.57
150172,1501725,Brasil Novo (PA),15,Pará,0.38,0.242,0.434,0.466,0.668,2312.0,367.52
150175,1501758,Brejo Grande do Araguaia (PA),15,Pará,0.498,0.518,0.516,0.458,0.649,1685.0,345.07
150178,1501782,Breu Branco (PA),15,Pará,0.5,0.338,0.608,0.555,0.597,11584.0,256.93
150180,1501808,Breves (PA),15,Pará,0.513,0.376,0.566,0.597,0.597,17702.0,271.83
150190,1501907,Bujaru (PA),15,Pará,0.406,0.189,0.441,0.587,0.623,3215.0,235.17
150195,1501956,Cachoeira do Piriá (PA),15,Pará,0.524,0.526,0.571,0.474,0.595,2211.0,237.88
150210,1502103,Cametá (PA),15,Pará,0.39,0.161,0.464,0.544,0.667,19065.0,306.02
150215,1502152,Canaã dos Carajás (PA),15,Pará,0.339,0.176,0.405,0.436,0.711,7434.0,505.37
150220,1502202,Capanema (PA),15,Pará,0.36,0.214,0.382,0.485,0.689,18831.0,381.47
150230,1502301,Capitão Poço (PA),15,Pará,0.427,0.275,0.5,0.507,0.632,8416.0,351.81
150260,1502608,Colares (PA),15,Pará,0.347,0.257,0.31,0.473,0.691,1340.0,308.49
150270,1502707,Conceição do Araguaia (PA),15,Pará,0.321,0.179,0.395,0.39,0.703,11257.0,443.12
150275,1502756,Concórdia do Pará (PA),15,Pará,0.445,0.401,0.5,0.435,0.615,5993.0,332.67
150277,1502772,Curionópolis (PA),15,Pará,0.543,0.573,0.476,0.578,0.652,4729.0,277.28
150280,1502806,Curralinho (PA),15,Pará,0.69,0.884,0.566,0.62,0.585,4475.0,267.96
150285,1502855,Curuá (PA),15,Pará,0.542,0.666,0.425,0.537,0.646,2245.0,223.95
150290,1502905,Curuçá (PA),15,Pará,0.493,0.357,0.457,0.665,0.611,4826.0,260.87
150293,1502939,Dom Eliseu (PA),15,Pará,0.508,0.475,0.519,0.529,0.633,12006.0,302.24
150295,1502954,Eldorado dos Carajás (PA),15,Pará,0.638,0.757,0.587,0.571,0.602,6245.0,309.08
150304,1503044,Floresta do Araguaia (PA),15,Pará,0.578,0.62,0.583,0.53,0.633,3102.0,277.45
150309,1503093,Goianésia do Pará (PA),15,Pará,0.46,0.326,0.642,0.412,0.616,7825.0,333.64
150310,1503101,Gurupá (PA),15,Pará,0.432,0.32,0.567,0.408,0.614,3803.0,292.59
150320,1503200,Igarapé-Açu (PA),15,Pará,0.446,0.324,0.467,0.548,0.665,8494.0,303.5
150330,1503309,Igarapé-Miri (PA),15,Pará,0.512,0.456,0.488,0.591,0.639,9562.0,259.42
150345,1503457,Ipixuna do Pará (PA),15,Pará,0.536,0.451,0.638,0.519,0.594,5085.0,289.39
150350,1503507,Irituia (PA),15,Pará,0.368,0.175,0.468,0.461,0.634,2728.0,332.15
150360,1503606,Itaituba (PA),15,Pará,0.412,0.373,0.426,0.437,0.66,26227.0,374.39
150370,1503705,Itupiranga (PA),15,Pará,0.627,0.616,0.678,0.588,0.59,8011.0,241.63
150380,1503804,Jacundá (PA),15,Pará,0.486,0.387,0.538,0.532,0.661,16973.0,405.61
150390,1503903,Juruti (PA),15,Pará,0.355,0.228,0.394,0.444,0.658,6322.0,352.9
150400,1504000,Limoeiro do Ajuru (PA),15,Pará,0.333,0.256,0.377,0.365,0.658,2223.0,259.94
150410,1504109,Magalhães Barata (PA),15,Pará,0.439,0.356,0.449,0.513,0.641,1414.0,273.58
150420,1504208,Marabá (PA),15,Pará,0.407,0.328,0.471,0.422,0.698,71676.0,510.82
150430,1504307,Maracanã (PA),15,Pará,0.512,0.533,0.445,0.557,0.627,4553.0,295.02
150440,1504406,Marapanim (PA),15,Pará,0.311,0.145,0.352,0.437,0.705,4141.0,306.29
150445,1504455,Medicilândia (PA),15,Pará,0.486,0.38,0.565,0.513,0.648,3288.0,325.48
150450,1504505,Melgaço (PA),15,Pará,0.491,0.398,0.565,0.511,0.583,2061.0,252.0
150460,1504604,Mocajuba (PA),15,Pará,0.469,0.26,0.465,0.682,0.642,6844.0,273.98
150470,1504703,Moju (PA),15,Pará,0.491,0.498,0.519,0.456,0.648,9770.0,466.98
150480,1504802,Monte Alegre (PA),15,Pará,0.454,0.388,0.463,0.51,0.698,9480.0,369.16
150490,1504901,Muaná (PA),15,Pará,0.46,0.196,0.559,0.626,0.593,5849.0,266.46
150405,1504059,Mãe do Rio (PA),15,Pará,0.484,0.33,0.611,0.511,0.61,8918.0,390.8
150495,1504950,Nova Esperança do Piriá (PA),15,Pará,0.554,0.584,0.65,0.428,0.583,3254.0,207.78
150497,1504976,Nova Ipixuna (PA),15,Pará,0.573,0.48,0.641,0.597,0.61,3075.0,282.29
150500,1505007,Nova Timboteua (PA),15,Pará,0.329,0.175,0.375,0.436,0.697,2198.0,345.22
150503,1505031,Novo Progresso (PA),15,Pará,0.331,0.141,0.52,0.331,0.678,4999.0,501.71
150506,1505064,Novo Repartimento (PA),15,Pará,0.46,0.412,0.547,0.422,0.623,10450.0,303.98
150520,1505205,Oeiras do Pará (PA),15,Pará,0.58,0.656,0.47,0.613,0.61,4522.0,328.3
150530,1505304,Oriximiná (PA),15,Pará,0.471,0.398,0.466,0.55,0.661,16719.0,327.58
150543,1505437,Ourilândia do Norte (PA),15,Pará,0.37,0.183,0.557,0.371,0.656,7516.0,470.41
150540,1505403,Ourém (PA),15,Pará,0.443,0.254,0.514,0.561,0.662,3144.0,438.7
150548,1505486,Pacajá (PA),15,Pará,0.58,0.594,0.629,0.517,0.612,5257.0,315.15
150549,1505494,Palestina do Pará (PA),15,Pará,0.589,0.671,0.586,0.51,0.606,1830.0,275.66
150550,1505502,Paragominas (PA),15,Pará,0.414,0.297,0.513,0.432,0.668,29156.0,448.83
150553,1505536,Parauapebas (PA),15,Pará,0.385,0.303,0.432,0.42,0.715,51122.0,528.64
150555,1505551,Pau D'Arco (PA),15,Pará,0.507,0.383,0.578,0.56,0.658,1351.0,319.2
150560,1505601,Peixe-Boi (PA),15,Pará,0.537,0.604,0.457,0.551,0.635,1416.0,295.78
150563,1505635,Piçarra (PA),15,Pará,0.39,0.326,0.466,0.379,0.653,1384.0,376.09
150565,1505650,Placas (PA),15,Pará,0.474,0.359,0.564,0.498,0.649,1737.0,335.71
150570,1505700,Ponta de Pedras (PA),15,Pará,0.455,0.298,0.539,0.529,0.653,4805.0,355.88
150580,1505809,Portel (PA),15,Pará,0.522,0.269,0.612,0.687,0.575,9683.0,290.93
150590,1505908,Porto de Moz (PA),15,Pará,0.63,0.631,0.575,0.686,0.558,5970.0,218.7
150600,1506005,Prainha (PA),15,Pará,0.701,0.979,0.54,0.585,0.632,3703.0,363.55
150610,1506104,Primavera (PA),15,Pará,0.46,0.418,0.465,0.498,0.664,2326.0,395.52
150611,1506112,Quatipuru (PA),15,Pará,0.546,0.399,0.617,0.623,0.588,1917.0,259.54
150613,1506138,Redenção (PA),15,Pará,0.415,0.367,0.489,0.388,0.686,24868.0,455.58
150616,1506161,Rio Maria (PA),15,Pará,0.454,0.377,0.552,0.434,0.672,4621.0,436.69
150618,1506187,Rondon do Pará (PA),15,Pará,0.446,0.208,0.563,0.567,0.635,13128.0,329.68
150619,1506195,Rurópolis (PA),15,Pará,0.457,0.342,0.516,0.512,0.637,5411.0,352.18
150620,1506203,Salinópolis (PA),15,Pará,0.383,0.209,0.482,0.458,0.665,13228.0,365.81
150630,1506302,Salvaterra (PA),15,Pará,0.456,0.513,0.438,0.416,0.657,5307.0,339.17
150640,1506401,Santa Cruz do Arari (PA),15,Pará,0.453,0.222,0.517,0.62,0.588,1755.0,155.26
150655,1506559,Santa Luzia do Pará (PA),15,Pará,0.465,0.32,0.575,0.501,0.632,3476.0,248.02
150658,1506583,Santa Maria das Barreiras (PA),15,Pará,0.492,0.349,0.64,0.486,0.608,2252.0,330.5
150660,1506609,Santa Maria do Pará (PA),15,Pará,0.347,0.173,0.468,0.399,0.65,4940.0,356.84
150670,1506708,Santana do Araguaia (PA),15,Pará,0.397,0.23,0.456,0.507,0.645,10872.0,335.39
150680,1506807,Santarém (PA),15,Pará,0.322,0.217,0.325,0.423,0.728,83410.0,414.78
150700,1507003,Santo Antônio do Tauá (PA),15,Pará,0.517,0.549,0.468,0.534,0.681,5699.0,328.18
150775,1507755,Sapucaia (PA),15,Pará,0.364,0.135,0.555,0.402,0.596,1139.0,335.79
150780,1507805,Senador José Porfírio (PA),15,Pará,0.49,0.337,0.568,0.565,0.576,2679.0,226.39
150790,1507904,Soure (PA),15,Pará,0.398,0.176,0.471,0.547,0.654,8614.0,300.13
150710,1507102,São Caetano de Odivelas (PA),15,Pará,0.366,0.23,0.422,0.445,0.621,2711.0,303.61
150715,1507151,São Domingos do Araguaia (PA),15,Pará,0.494,0.352,0.578,0.551,0.637,5794.0,486.17
150720,1507201,São Domingos do Capim (PA),15,Pará,0.407,0.405,0.316,0.5,0.692,3075.0,394.33
150740,1507409,São Francisco do Pará (PA),15,Pará,0.33,0.151,0.391,0.448,0.69,2092.0,318.48
150730,1507300,São Félix do Xingu (PA),15,Pará,0.422,0.331,0.496,0.44,0.652,16232.0,444.45
150745,1507458,São Geraldo do Araguaia (PA),15,Pará,0.418,0.223,0.484,0.547,0.64,5245.0,347.99
150747,1507474,São João de Pirabas (PA),15,Pará,0.553,0.433,0.616,0.609,0.608,3972.0,262.38
150760,1507607,São Miguel do Guamá (PA),15,Pará,0.466,0.425,0.524,0.449,0.644,14015.0,337.68
150770,1507706,São Sebastião da Boa Vista (PA),15,Pará,0.545,0.67,0.482,0.482,0.65,3644.0,301.14
150795,1507953,Tailândia (PA),15,Pará,0.531,0.393,0.602,0.596,0.606,21127.0,307.75
150796,1507961,Terra Alta (PA),15,Pará,0.535,0.587,0.521,0.496,0.666,1674.0,288.94
150797,1507979,Terra Santa (PA),15,Pará,0.426,0.434,0.39,0.452,0.678,4164.0,343.95
150800,1508001,Tomé-Açu (PA),15,Pará,0.381,0.126,0.521,0.497,0.624,12335.0,316.76
150803,1508035,Tracuateua (PA),15,Pará,0.589,0.737,0.481,0.55,0.599,3225.0,256.03
150805,1508050,Trairão (PA),15,Pará,0.449,0.404,0.509,0.433,0.619,2121.0,301.57
150808,1508084,Tucumã (PA),15,Pará,0.443,0.411,0.458,0.46,0.664,8370.0,461.75
150810,1508100,Tucuruí (PA),15,Pará,0.361,0.179,0.482,0.42,0.664,33300.0,428.38
150812,1508126,Ulianópolis (PA),15,Pará,0.504,0.292,0.71,0.508,0.632,10080.0,383.5
150815,1508159,Uruará (PA),15,Pará,0.456,0.42,0.524,0.424,0.649,8670.0,386.05
150820,1508209,Vigia (PA),15,Pará,0.399,0.268,0.44,0.489,0.653,12429.0,345.22
150830,1508308,Viseu (PA),15,Pará,0.722,0.886,0.641,0.638,0.552,7209.0,169.95
150835,1508357,Vitória do Xingu (PA),15,Pará,0.605,0.778,0.506,0.532,0.621,2533.0,226.27
150840,1508407,Xinguara (PA),15,Pará,0.397,0.338,0.437,0.415,0.675,10642.0,465.53
150034,1500347,Água Azul do Norte (PA),15,Pará,0.461,0.169,0.624,0.591,0.561,7808.0,215.05
150510,1505106,Óbidos (PA),15,Pará,0.475,0.465,0.407,0.553,0.679,9248.0,357.38
150080,1500800,Ananindeua (PA),15,Pará,0.4,0.485,0.335,0.38,0.72,182101.0,506.95
150140,1501402,Belém (PA),15,Pará,0.334,0.301,0.324,0.378,0.744,518723.0,678.43
150150,1501501,Benevides (PA),15,Pará,0.454,0.501,0.383,0.478,0.704,10887.0,410.33
150240,1502400,Castanhal (PA),15,Pará,0.359,0.202,0.418,0.457,0.693,58367.0,443.92
150442,1504422,Marituba (PA),15,Pará,0.483,0.591,0.393,0.464,0.683,41086.0,345.51
150635,1506351,Santa Bárbara do Pará (PA),15,Pará,0.36,0.314,0.317,0.449,0.689,2243.0,325.31
150650,1506500,Santa Isabel do Pará (PA),15,Pará,0.378,0.244,0.409,0.482,0.684,17417.0,386.07
110001,1100015,Alta Floresta D'Oeste (RO),11,Rondônia,0.332,0.207,0.403,0.385,0.7,3835.0,506.98
110037,1100379,Alto Alegre dos Parecis (RO),11,Rondônia,0.356,0.124,0.515,0.43,0.671,1151.0,420.49
110040,1100403,Alto Paraíso (RO),11,Rondônia,0.348,0.167,0.486,0.391,0.688,2453.0,592.99
110034,1100346,Alvorada D'Oeste (RO),11,Rondônia,0.279,0.152,0.372,0.314,0.698,2706.0,451.61
110002,1100023,Ariquemes (RO),11,Rondônia,0.26,0.088,0.386,0.308,0.717,23530.0,570.78
110045,1100452,Buritis (RO),11,Rondônia,0.328,0.199,0.408,0.378,0.679,5612.0,471.65
110003,1100031,Cabixi (RO),11,Rondônia,0.268,0.023,0.431,0.351,0.681,554.0,385.07
110060,1100601,Cacaulândia (RO),11,Rondônia,0.29,0.071,0.495,0.304,0.669,703.0,391.97
110004,1100049,Cacoal (RO),11,Rondônia,0.256,0.14,0.323,0.306,0.741,17911.0,710.23
110070,1100700,Campo Novo de Rondônia (RO),11,Rondônia,0.299,0.155,0.411,0.33,0.75,1172.0,972.88
110080,1100809,Candeias do Jamari (RO),11,Rondônia,0.346,0.246,0.461,0.331,0.66,4596.0,473.1
110090,1100908,Castanheiras (RO),11,Rondônia,0.304,0.084,0.476,0.352,0.676,987.0,403.34
110005,1100056,Cerejeiras (RO),11,Rondônia,0.305,0.133,0.388,0.395,0.688,3629.0,448.41
110092,1100924,Chupinguaia (RO),11,Rondônia,0.303,0.206,0.407,0.296,0.694,1088.0,488.51
110006,1100064,Colorado do Oeste (RO),11,Rondônia,0.316,0.136,0.438,0.373,0.694,3741.0,476.45
110007,1100072,Corumbiara (RO),11,Rondônia,0.328,0.096,0.497,0.392,0.618,2418.0,361.43
110008,1100080,Costa Marques (RO),11,Rondônia,0.434,0.414,0.451,0.437,0.665,2623.0,340.97
110094,1100940,Cujubim (RO),11,Rondônia,0.402,0.23,0.597,0.38,0.649,3743.0,456.98
110009,1100098,Espigão D'Oeste (RO),11,Rondônia,0.29,0.083,0.383,0.402,0.707,5526.0,563.12
110100,1101005,Governador Jorge Teixeira (RO),11,Rondônia,0.287,0.044,0.395,0.423,0.668,804.0,438.58
110010,1100106,Guajará-Mirim (RO),11,Rondônia,0.372,0.327,0.442,0.345,0.686,13086.0,481.65
110110,1101104,Itapuã do Oeste (RO),11,Rondônia,0.432,0.406,0.46,0.431,0.687,1746.0,400.44
110011,1100114,Jaru (RO),11,Rondônia,0.308,0.142,0.409,0.372,0.717,11508.0,544.25
110012,1100122,Ji-Paraná (RO),11,Rondônia,0.289,0.218,0.348,0.301,0.725,30710.0,591.37
110013,1100130,Machadinho D'Oeste (RO),11,Rondônia,0.333,0.084,0.536,0.378,0.683,5085.0,440.51
110120,1101203,Ministro Andreazza (RO),11,Rondônia,0.248,0.005,0.37,0.369,0.676,838.0,432.19
110130,1101302,Mirante da Serra (RO),11,Rondônia,0.396,0.131,0.534,0.524,0.648,1986.0,462.28
110140,1101401,Monte Negro (RO),11,Rondônia,0.277,0.09,0.406,0.337,0.679,2152.0,444.83
110014,1100148,Nova Brasilândia D'Oeste (RO),11,Rondônia,0.315,0.123,0.338,0.484,0.707,2657.0,484.61
110033,1100338,Nova Mamoré (RO),11,Rondônia,0.409,0.354,0.51,0.364,0.646,4225.0,409.37
110143,1101435,Nova União (RO),11,Rondônia,0.36,0.107,0.419,0.553,0.61,2275.0,330.31
110050,1100502,Novo Horizonte do Oeste (RO),11,Rondônia,0.4,0.264,0.485,0.452,0.619,2743.0,302.79
110015,1100155,Ouro Preto do Oeste (RO),11,Rondônia,0.265,0.047,0.326,0.422,0.708,9038.0,519.57
110145,1101450,Parecis (RO),11,Rondônia,0.426,0.132,0.608,0.539,0.604,1148.0,317.8
110018,1100189,Pimenta Bueno (RO),11,Rondônia,0.25,0.053,0.373,0.323,0.729,8153.0,649.18
110146,1101468,Pimenteiras do Oeste (RO),11,Rondônia,0.323,0.182,0.441,0.345,0.71,448.0,444.99
110020,1100205,Porto Velho (RO),11,Rondônia,0.309,0.313,0.357,0.257,0.747,132766.0,794.77
110025,1100254,Presidente Médici (RO),11,Rondônia,0.357,0.249,0.421,0.4,0.691,3841.0,507.66
110147,1101476,Primavera de Rondônia (RO),11,Rondônia,0.34,0.069,0.44,0.51,0.619,949.0,369.78
110026,1100262,Rio Crespo (RO),11,Rondônia,0.396,0.229,0.512,0.448,0.622,843.0,336.21
110028,1100288,Rolim de Moura (RO),11,Rondônia,0.279,0.036,0.414,0.386,0.7,11990.0,550.42
110029,1100296,Santa Luzia D'Oeste (RO),11,Rondônia,0.297,0.224,0.303,0.365,0.708,1362.0,560.86
110150,1101500,Seringueiras (RO),11,Rondônia,0.422,0.246,0.475,0.545,0.641,1198.0,393.32
110148,1101484,São Felipe D'Oeste (RO),11,Rondônia,0.264,0.061,0.346,0.384,0.7,421.0,426.07
110149,1101492,São Francisco do Guaporé (RO),11,Rondônia,0.387,0.196,0.584,0.381,0.673,2557.0,456.88
110032,1100320,São Miguel do Guaporé (RO),11,Rondônia,0.336,0.222,0.423,0.364,0.736,2560.0,714.93
110155,1101559,Teixeirópolis (RO),11,Rondônia,0.251,0.126,0.364,0.264,0.689,492.0,473.3
110160,1101609,Theobroma (RO),11,Rondônia,0.386,0.191,0.443,0.524,0.612,3114.0,342.79
110170,1101708,Urupá (RO),11,Rondônia,0.299,0.072,0.4,0.423,0.679,1518.0,443.5
110175,1101757,Vale do Anari (RO),11,Rondônia,0.251,0.044,0.429,0.28,0.696,1078.0,551.54
110180,1101807,Vale do Paraíso (RO),11,Rondônia,0.273,0.055,0.375,0.388,0.678,714.0,432.15
110030,1100304,Vilhena (RO),11,Rondônia,0.259,0.074,0.348,0.354,0.728,19720.0,575.17
140010,1400100,Boa Vista (RR),14,Roraima,0.274,0.179,0.345,0.296,0.758,98690.0,626.54
140020,1400209,Caracaraí (RR),14,Roraima,0.297,0.075,0.419,0.396,0.691,4190.0,360.63
140023,1400233,Caroebe (RR),14,Roraima,0.338,0.167,0.442,0.405,0.655,1195.0,321.91
140028,1400282,Iracema (RR),14,Roraima,0.333,0.032,0.453,0.514,0.663,1516.0,326.32
140030,1400308,Mucajaí (RR),14,Roraima,0.288,0.043,0.473,0.347,0.704,3558.0,497.13
140047,1400472,Rorainópolis (RR),14,Roraima,0.393,0.283,0.442,0.453,0.672,4207.0,337.79
140050,1400506,São João da Baliza (RR),14,Roraima,0.368,0.127,0.476,0.5,0.701,1796.0,343.27
140060,1400605,São Luiz (RR),14,Roraima,0.308,0.085,0.472,0.368,0.719,1481.0,390.71
170030,1700301,Aguiarnópolis (TO),17,Tocantins,0.376,0.168,0.513,0.446,0.676,1644.0,342.8
170035,1700350,Aliança do Tocantins (TO),17,Tocantins,0.405,0.156,0.494,0.566,0.674,1711.0,304.25
170040,1700400,Almas (TO),17,Tocantins,0.466,0.255,0.616,0.527,0.65,2420.0,325.92
170070,1700707,Alvorada (TO),17,Tocantins,0.264,0.042,0.417,0.332,0.697,2615.0,460.62
170100,1701002,Ananás (TO),17,Tocantins,0.388,0.304,0.452,0.408,0.68,3002.0,364.2
170110,1701101,Aparecida do Rio Negro (TO),17,Tocantins,0.294,0.036,0.431,0.415,0.661,1259.0,288.61
170190,1701903,Araguacema (TO),17,Tocantins,0.3,0.157,0.385,0.36,0.696,1181.0,450.32
170215,1702158,Araguanã (TO),17,Tocantins,0.44,0.167,0.531,0.62,0.627,1242.0,420.95
170220,1702208,Araguatins (TO),17,Tocantins,0.414,0.328,0.504,0.409,0.684,7671.0,401.52
170200,1702000,Araguaçu (TO),17,Tocantins,0.249,0.049,0.285,0.414,0.731,1784.0,424.46
170210,1702109,Araguaína (TO),17,Tocantins,0.268,0.158,0.32,0.326,0.756,50593.0,601.71
170230,1702307,Arapoema (TO),17,Tocantins,0.306,0.1,0.415,0.402,0.686,2032.0,360.6
170255,1702554,Augustinópolis (TO),17,Tocantins,0.412,0.239,0.499,0.498,0.696,5065.0,363.96
170290,1702901,Axixá do Tocantins (TO),17,Tocantins,0.418,0.3,0.488,0.464,0.674,2952.0,320.94
170300,1703008,Babaçulândia (TO),17,Tocantins,0.316,0.076,0.475,0.396,0.702,1934.0,338.72
170307,1703073,Barra do Ouro (TO),17,Tocantins,0.383,0.26,0.461,0.43,0.676,796.0,287.55
170310,1703107,Barrolândia (TO),17,Tocantins,0.312,0.033,0.47,0.432,0.662,1469.0,347.4
170320,1703206,Bernardo Sayão (TO),17,Tocantins,0.335,0.015,0.435,0.556,0.663,747.0,324.64
170360,1703602,Brasilândia do Tocantins (TO),17,Tocantins,0.257,0.067,0.392,0.311,0.727,589.0,496.74
170388,1703883,Carmolândia (TO),17,Tocantins,0.283,0.024,0.376,0.448,0.672,673.0,415.37
170410,1704105,Centenário (TO),17,Tocantins,0.386,0.125,0.362,0.672,0.676,589.0,365.03
170550,1705508,Colinas do Tocantins (TO),17,Tocantins,0.317,0.076,0.444,0.432,0.693,9781.0,489.4
171670,1716703,Colméia (TO),17,Tocantins,0.289,0.066,0.357,0.445,0.704,2027.0,455.23
170600,1706001,Couto Magalhães (TO),17,Tocantins,0.366,0.025,0.544,0.528,0.678,702.0,366.53
170610,1706100,Cristalândia (TO),17,Tocantins,0.353,0.143,0.463,0.453,0.7,2235.0,448.93
170625,1706258,Crixás do Tocantins (TO),17,Tocantins,0.276,0.017,0.422,0.391,0.68,355.0,286.28
170650,1706506,Darcinópolis (TO),17,Tocantins,0.445,0.108,0.675,0.553,0.615,1260.0,269.71
170700,1707009,Dianópolis (TO),17,Tocantins,0.312,0.102,0.414,0.419,0.709,6469.0,471.75
170710,1707108,Divinópolis do Tocantins (TO),17,Tocantins,0.289,0.04,0.436,0.391,0.712,1573.0,604.43
170720,1707207,Dois Irmãos do Tocantins (TO),17,Tocantins,0.336,0.033,0.565,0.409,0.658,1021.0,313.79
170765,1707652,Figueirópolis (TO),17,Tocantins,0.338,0.038,0.502,0.475,0.683,1440.0,434.46
170770,1707702,Filadélfia (TO),17,Tocantins,0.389,0.245,0.459,0.463,0.662,2082.0,322.96
170820,1708205,Formoso do Araguaia (TO),17,Tocantins,0.312,0.175,0.399,0.362,0.707,4634.0,447.41
170825,1708254,Fortaleza do Tabocão (TO),17,Tocantins,0.269,0.004,0.414,0.389,0.69,737.0,345.8
170755,1707553,Fátima (TO),17,Tocantins,0.276,0.038,0.355,0.435,0.729,1178.0,431.73
170830,1708304,Goianorte (TO),17,Tocantins,0.332,0.127,0.501,0.367,0.681,939.0,377.94
170900,1709005,Goiatins (TO),17,Tocantins,0.48,0.485,0.536,0.421,0.645,1831.0,269.09
170930,1709302,Guaraí (TO),17,Tocantins,0.268,0.081,0.352,0.369,0.761,7573.0,630.03
170950,1709500,Gurupi (TO),17,Tocantins,0.244,0.083,0.339,0.309,0.764,25557.0,674.64
171050,1710508,Itacajá (TO),17,Tocantins,0.28,0.14,0.287,0.414,0.701,1539.0,432.99
171070,1710706,Itaguatins (TO),17,Tocantins,0.43,0.349,0.481,0.46,0.658,1345.0,319.38
171150,1711506,Jaú do Tocantins (TO),17,Tocantins,0.37,0.214,0.452,0.445,0.645,1159.0,344.26
171180,1711803,Juarina (TO),17,Tocantins,0.426,0.423,0.533,0.322,0.656,360.0,333.48
171200,1712009,Lajeado (TO),17,Tocantins,0.344,0.14,0.47,0.424,0.697,719.0,520.1
171250,1712504,Marianópolis do Tocantins (TO),17,Tocantins,0.288,0.048,0.457,0.358,0.659,824.0,402.24
171320,1713205,Miracema do Tocantins (TO),17,Tocantins,0.274,0.07,0.359,0.393,0.705,6532.0,505.84
171330,1713304,Miranorte (TO),17,Tocantins,0.298,0.116,0.368,0.409,0.676,3636.0,368.09
171370,1713700,Monte Santo do Tocantins (TO),17,Tocantins,0.364,0.103,0.52,0.468,0.646,624.0,273.14
171420,1714203,Natividade (TO),17,Tocantins,0.36,0.126,0.466,0.488,0.689,2924.0,404.32
171488,1714880,Nova Olinda (TO),17,Tocantins,0.369,0.111,0.552,0.444,0.692,2760.0,352.52
172100,1721000,Palmas (TO),17,Tocantins,0.272,0.291,0.265,0.26,0.788,72604.0,805.51
171570,1715705,Palmeirante (TO),17,Tocantins,0.461,0.424,0.591,0.369,0.679,805.0,312.46
171380,1713809,Palmeiras do Tocantins (TO),17,Tocantins,0.408,0.236,0.425,0.563,0.663,1220.0,341.94
171610,1716109,Paraíso do Tocantins (TO),17,Tocantins,0.233,0.075,0.333,0.289,0.75,13368.0,587.51
171630,1716307,Pau D'Arco (TO),17,Tocantins,0.424,0.312,0.397,0.562,0.7,1059.0,420.59
171650,1716505,Pedro Afonso (TO),17,Tocantins,0.315,0.123,0.364,0.457,0.741,3537.0,567.34
171660,1716604,Peixe (TO),17,Tocantins,0.27,0.047,0.394,0.369,0.733,2146.0,554.48
171665,1716653,Pequizeiro (TO),17,Tocantins,0.353,0.127,0.384,0.548,0.686,833.0,324.83
171700,1717008,Pindorama do Tocantins (TO),17,Tocantins,0.299,0.05,0.457,0.39,0.682,1047.0,365.91
171750,1717503,Pium (TO),17,Tocantins,0.363,0.128,0.517,0.445,0.673,1359.0,417.82
171790,1717909,Ponte Alta do Tocantins (TO),17,Tocantins,0.344,0.019,0.534,0.479,0.657,1822.0,319.35
171820,1718204,Porto Nacional (TO),17,Tocantins,0.251,0.059,0.319,0.375,0.753,15757.0,553.51
171830,1718303,Praia Norte (TO),17,Tocantins,0.531,0.56,0.507,0.527,0.656,1744.0,270.91
171845,1718451,Pugmil (TO),17,Tocantins,0.356,0.02,0.509,0.537,0.674,674.0,360.39
171880,1718808,Sampaio (TO),17,Tocantins,0.504,0.488,0.503,0.52,0.647,1389.0,229.15
171884,1718840,Sandolândia (TO),17,Tocantins,0.406,0.019,0.531,0.667,0.667,536.0,332.21
171886,1718865,Santa Fé do Araguaia (TO),17,Tocantins,0.355,0.106,0.513,0.447,0.629,1632.0,333.48
171888,1718881,Santa Maria do Tocantins (TO),17,Tocantins,0.29,0.022,0.479,0.369,0.683,601.0,358.42
171889,1718899,Santa Rita do Tocantins (TO),17,Tocantins,0.223,0.013,0.319,0.335,0.701,356.0,343.57
171900,1719004,Santa Tereza do Tocantins (TO),17,Tocantins,0.284,0.068,0.395,0.389,0.697,601.0,379.9
172000,1720002,Santa Terezinha do Tocantins (TO),17,Tocantins,0.373,0.201,0.535,0.385,0.683,561.0,310.99
172010,1720101,São Bento do Tocantins (TO),17,Tocantins,0.411,0.387,0.464,0.382,0.659,1009.0,371.65
172020,1720200,São Miguel do Tocantins (TO),17,Tocantins,0.353,0.338,0.341,0.379,0.656,1018.0,493.64
172030,1720309,São Sebastião do Tocantins (TO),17,Tocantins,0.53,0.316,0.626,0.649,0.587,1247.0,222.35
172090,1720903,Taguatinga (TO),17,Tocantins,0.357,0.119,0.466,0.487,0.669,4243.0,423.75
172125,1721257,Tupirama (TO),17,Tocantins,0.236,0.021,0.334,0.354,0.738,323.0,455.59
172208,1722081,Wanderlândia (TO),17,Tocantins,0.297,0.087,0.354,0.451,0.695,2300.0,387.68
172210,1722107,Xambioá (TO),17,Tocantins,0.424,0.199,0.509,0.563,0.668,3581.0,328.03
320010,3200102,Afonso Cláudio (ES),32,Espírito Santo,0.292,0.11,0.411,0.356,0.687,4001.0,432.84
320020,3200201,Alegre (ES),32,Espírito Santo,0.275,0.154,0.302,0.368,0.72,5389.0,574.67
320030,3200300,Alfredo Chaves (ES),32,Espírito Santo,0.28,0.125,0.368,0.346,0.698,2077.0,496.26
320035,3200359,Alto Rio Novo (ES),32,Espírito Santo,0.303,0.106,0.331,0.471,0.667,1349.0,391.57
320040,3200409,Anchieta (ES),32,Espírito Santo,0.242,0.101,0.3,0.325,0.718,5152.0,521.96
320050,3200508,Apiacá (ES),32,Espírito Santo,0.283,0.001,0.404,0.443,0.67,1200.0,431.6
320060,3200607,Aracruz (ES),32,Espírito Santo,0.245,0.035,0.337,0.364,0.739,22611.0,554.57
320070,3200706,Atilio Vivacqua (ES),32,Espírito Santo,0.275,0.0,0.442,0.382,0.712,1612.0,417.8
320080,3200805,Baixo Guandu (ES),32,Espírito Santo,0.349,0.186,0.375,0.486,0.714,6796.0,463.77
320090,3200904,Barra de São Francisco (ES),32,Espírito Santo,0.325,0.12,0.398,0.456,0.699,9155.0,508.89
320100,3201001,Boa Esperança (ES),32,Espírito Santo,0.306,0.077,0.408,0.433,0.68,3382.0,401.33
320110,3201100,Bom Jesus do Norte (ES),32,Espírito Santo,0.253,0.084,0.286,0.391,0.685,2084.0,426.48
320115,3201159,Brejetuba (ES),32,Espírito Santo,0.255,0.02,0.344,0.402,0.726,797.0,463.59
320120,3201209,Cachoeiro de Itapemirim (ES),32,Espírito Santo,0.254,0.037,0.353,0.372,0.719,43966.0,522.81
320140,3201407,Castelo (ES),32,Espírito Santo,0.215,0.006,0.348,0.292,0.685,3810.0,512.94
320150,3201506,Colatina (ES),32,Espírito Santo,0.227,0.036,0.317,0.328,0.731,27722.0,589.17
320160,3201605,Conceição da Barra (ES),32,Espírito Santo,0.376,0.183,0.445,0.498,0.682,8623.0,398.61
320170,3201704,Conceição do Castelo (ES),32,Espírito Santo,0.194,0.007,0.286,0.29,0.716,1436.0,546.53
320180,3201803,Divino de São Lourenço (ES),32,Espírito Santo,0.366,0.002,0.638,0.458,0.573,732.0,271.53
320190,3201902,Domingos Martins (ES),32,Espírito Santo,0.25,0.006,0.339,0.405,0.642,4186.0,414.17
320200,3202009,Dores do Rio Preto (ES),32,Espírito Santo,0.322,0.095,0.48,0.392,0.6,631.0,324.4
320210,3202108,Ecoporanga (ES),32,Espírito Santo,0.29,0.055,0.335,0.48,0.673,5772.0,371.16
320225,3202256,Governador Lindenberg (ES),32,Espírito Santo,0.24,0.015,0.373,0.332,0.701,1059.0,452.93
320230,3202306,Guaçuí (ES),32,Espírito Santo,0.31,0.089,0.441,0.4,0.654,4817.0,388.58
320245,3202454,Ibatiba (ES),32,Espírito Santo,0.344,0.27,0.432,0.329,0.645,2724.0,478.22
320250,3202504,Ibiraçu (ES),32,Espírito Santo,0.242,0.003,0.394,0.33,0.711,2571.0,470.1
320255,3202553,Ibitirama (ES),32,Espírito Santo,0.472,0.238,0.641,0.537,0.582,1819.0,255.47
320260,3202603,Iconha (ES),32,Espírito Santo,0.197,0.003,0.342,0.247,0.755,1206.0,602.61
320265,3202652,Irupi (ES),32,Espírito Santo,0.327,0.053,0.452,0.475,0.611,2157.0,417.02
320270,3202702,Itaguaçu (ES),32,Espírito Santo,0.339,0.206,0.424,0.387,0.705,1991.0,462.21
320280,3202801,Itapemirim (ES),32,Espírito Santo,0.293,0.005,0.442,0.431,0.671,4613.0,394.8
320290,3202900,Itarana (ES),32,Espírito Santo,0.28,0.157,0.343,0.34,0.729,901.0,551.47
320300,3203007,Iúna (ES),32,Espírito Santo,0.325,0.145,0.501,0.327,0.634,3281.0,456.84
320305,3203056,Jaguaré (ES),32,Espírito Santo,0.416,0.105,0.564,0.579,0.66,4769.0,383.75
320310,3203106,Jerônimo Monteiro (ES),32,Espírito Santo,0.338,0.057,0.445,0.511,0.675,2127.0,429.41
320313,3203130,João Neiva (ES),32,Espírito Santo,0.23,0.143,0.273,0.273,0.735,3488.0,661.47
320316,3203163,Laranja da Terra (ES),32,Espírito Santo,0.241,0.0,0.422,0.302,0.695,797.0,408.43
320320,3203205,Linhares (ES),32,Espírito Santo,0.267,0.055,0.389,0.357,0.709,37957.0,555.07
320330,3203304,Mantenópolis (ES),32,Espírito Santo,0.376,0.106,0.476,0.545,0.665,2986.0,443.07
320332,3203320,Marataízes (ES),32,Espírito Santo,0.297,0.112,0.31,0.471,0.695,5614.0,546.41
320334,3203346,Marechal Floriano (ES),32,Espírito Santo,0.209,0.184,0.201,0.242,0.745,1484.0,707.68
320335,3203353,Marilândia (ES),32,Espírito Santo,0.215,0.002,0.382,0.261,0.69,1076.0,447.17
320340,3203403,Mimoso do Sul (ES),32,Espírito Santo,0.292,0.117,0.417,0.34,0.692,3973.0,477.67
320350,3203502,Montanha (ES),32,Espírito Santo,0.364,0.172,0.473,0.448,0.672,4892.0,454.36
320360,3203601,Mucurici (ES),32,Espírito Santo,0.352,0.081,0.441,0.536,0.64,1387.0,347.73
320370,3203700,Muniz Freire (ES),32,Espírito Santo,0.433,0.408,0.473,0.417,0.645,1851.0,458.9
320380,3203809,Muqui (ES),32,Espírito Santo,0.289,0.01,0.358,0.5,0.694,2283.0,432.24
320390,3203908,Nova Venécia (ES),32,Espírito Santo,0.245,0.061,0.316,0.358,0.71,8491.0,499.85
320400,3204005,Pancas (ES),32,Espírito Santo,0.316,0.066,0.416,0.465,0.71,3059.0,487.43
320405,3204054,Pedro Canário (ES),32,Espírito Santo,0.413,0.403,0.416,0.418,0.655,8172.0,403.2
320420,3204203,Piúma (ES),32,Espírito Santo,0.313,0.18,0.38,0.378,0.727,4400.0,557.29
320425,3204252,Ponto Belo (ES),32,Espírito Santo,0.321,0.059,0.412,0.492,0.695,2156.0,427.07
320430,3204302,Presidente Kennedy (ES),32,Espírito Santo,0.343,0.165,0.457,0.408,0.67,3204.0,407.15
320435,3204351,Rio Bananal (ES),32,Espírito Santo,0.271,0.0,0.537,0.276,0.703,1343.0,496.93
320440,3204401,Rio Novo do Sul (ES),32,Espírito Santo,0.274,0.006,0.356,0.459,0.739,1276.0,545.45
320450,3204500,Santa Leopoldina (ES),32,Espírito Santo,0.362,0.101,0.527,0.459,0.644,2211.0,390.28
320455,3204559,Santa Maria de Jetibá (ES),32,Espírito Santo,0.215,0.017,0.27,0.357,0.744,1375.0,693.82
320460,3204609,Santa Teresa (ES),32,Espírito Santo,0.23,0.004,0.446,0.239,0.705,1915.0,636.59
320501,3205010,Sooretama (ES),32,Espírito Santo,0.339,0.109,0.45,0.459,0.667,6111.0,402.03
320465,3204658,São Domingos do Norte (ES),32,Espírito Santo,0.273,0.003,0.451,0.365,0.695,920.0,535.83
320470,3204708,São Gabriel da Palha (ES),32,Espírito Santo,0.239,0.021,0.41,0.287,0.697,6738.0,677.15
320480,3204807,São José do Calçado (ES),32,Espírito Santo,0.32,0.001,0.374,0.585,0.664,2015.0,358.97
320490,3204906,São Mateus (ES),32,Espírito Santo,0.254,0.044,0.329,0.388,0.733,30574.0,596.11
320495,3204955,São Roque do Canaã (ES),32,Espírito Santo,0.291,0.104,0.434,0.334,0.667,1783.0,381.68
320503,3205036,Vargem Alta (ES),32,Espírito Santo,0.278,0.029,0.422,0.385,0.688,1536.0,430.58
320506,3205069,Venda Nova do Imigrante (ES),32,Espírito Santo,0.219,0.002,0.301,0.355,0.717,2691.0,584.21
320515,3205150,Vila Pavão (ES),32,Espírito Santo,0.322,0.031,0.398,0.537,0.659,1805.0,364.56
320517,3205176,Vila Valério (ES),32,Espírito Santo,0.244,0.004,0.327,0.402,0.691,1407.0,511.79
320016,3200169,Água Doce do Norte (ES),32,Espírito Santo,0.311,0.042,0.402,0.49,0.654,2296.0,374.61
320013,3200136,Águia Branca (ES),32,Espírito Santo,0.297,0.02,0.427,0.444,0.67,2851.0,372.63
320130,3201308,Cariacica (ES),32,Espírito Santo,0.402,0.448,0.405,0.353,0.707,113084.0,531.85
320220,3202207,Fundão (ES),32,Espírito Santo,0.34,0.174,0.44,0.407,0.69,4500.0,536.33
320240,3202405,Guarapari (ES),32,Espírito Santo,0.263,0.07,0.373,0.346,0.708,29355.0,639.26
320500,3205002,Serra (ES),32,Espírito Santo,0.367,0.413,0.346,0.342,0.726,138366.0,578.83
320510,3205101,Viana (ES),32,Espírito Santo,0.405,0.472,0.379,0.363,0.689,20783.0,469.9
320520,3205200,Vila Velha (ES),32,Espírito Santo,0.288,0.315,0.296,0.253,0.773,116606.0,844.36
320530,3205309,Vitória (ES),32,Espírito Santo,0.221,0.176,0.237,0.25,0.804,86537.0,1057.66
310010,3100104,Abadia dos Dourados (MG),31,Minas Gerais,0.28,0.012,0.404,0.425,0.644,704.0,442.41
310020,3100203,Abaeté (MG),31,Minas Gerais,0.271,0.016,0.409,0.388,0.662,4289.0,622.4
310030,3100302,Abre Campo (MG),31,Minas Gerais,0.323,0.233,0.391,0.344,0.682,2080.0,429.81
310080,3100807,Aguanil (MG),31,Minas Gerais,0.325,0.008,0.449,0.518,0.596,734.0,456.87
310110,3101102,Aimorés (MG),31,Minas Gerais,0.32,0.067,0.451,0.441,0.699,6073.0,560.02
310120,3101201,Aiuruoca (MG),31,Minas Gerais,0.307,0.11,0.4,0.412,0.615,841.0,342.45
310130,3101300,Alagoa (MG),31,Minas Gerais,0.279,0.0,0.3,0.538,0.595,358.0,301.64
310140,3101409,Albertina (MG),31,Minas Gerais,0.207,0.001,0.332,0.289,0.711,997.0,621.64
310160,3101607,Alfenas (MG),31,Minas Gerais,0.317,0.253,0.321,0.376,0.722,11189.0,519.11
310163,3101631,Alfredo Vasconcelos (MG),31,Minas Gerais,0.298,0.004,0.473,0.417,0.678,873.0,381.92
310170,3101706,Almenara (MG),31,Minas Gerais,0.353,0.03,0.436,0.593,0.648,11667.0,370.72
310180,3101805,Alpercata (MG),31,Minas Gerais,0.343,0.094,0.454,0.48,0.68,1990.0,431.43
310190,3101904,Alpinópolis (MG),31,Minas Gerais,0.259,0.0,0.319,0.458,0.702,2011.0,448.11
310200,3102001,Alterosa (MG),31,Minas Gerais,0.344,0.117,0.504,0.411,0.635,1444.0,379.81
310205,3102050,Alto Caparaó (MG),31,Minas Gerais,0.305,0.09,0.426,0.399,0.639,725.0,427.72
315350,3153509,Alto Jequitibá (MG),31,Minas Gerais,0.388,0.221,0.391,0.552,0.666,719.0,423.06
310210,3102100,Alto Rio Doce (MG),31,Minas Gerais,0.373,0.191,0.448,0.48,0.631,1107.0,311.2
310220,3102209,Alvarenga (MG),31,Minas Gerais,0.328,0.003,0.489,0.493,0.619,609.0,328.96
310230,3102308,Alvinópolis (MG),31,Minas Gerais,0.334,0.177,0.396,0.429,0.675,3755.0,415.64
310150,3101508,Além Paraíba (MG),31,Minas Gerais,0.322,0.235,0.372,0.36,0.685,8533.0,469.45
310250,3102506,Amparo do Serra (MG),31,Minas Gerais,0.415,0.33,0.495,0.42,0.641,825.0,343.51
310260,3102605,Andradas (MG),31,Minas Gerais,0.381,0.4,0.38,0.365,0.687,2638.0,508.49
310280,3102803,Andrelândia (MG),31,Minas Gerais,0.307,0.011,0.439,0.472,0.674,1746.0,393.96
310285,3102852,Angelândia (MG),31,Minas Gerais,0.429,0.271,0.533,0.484,0.613,1475.0,359.55
310290,3102902,Antônio Carlos (MG),31,Minas Gerais,0.304,0.009,0.42,0.483,0.689,1816.0,388.58
310300,3103009,Antônio Dias (MG),31,Minas Gerais,0.486,0.373,0.475,0.61,0.659,1541.0,357.92
310310,3103108,Antônio Prado de Minas (MG),31,Minas Gerais,0.225,0.0,0.293,0.382,0.619,371.0,348.94
310330,3103306,Aracitaba (MG),31,Minas Gerais,0.349,0.0,0.408,0.64,0.642,417.0,270.58
310350,3103504,Araguari (MG),31,Minas Gerais,0.226,0.077,0.31,0.292,0.751,20763.0,625.25
310360,3103603,Arantina (MG),31,Minas Gerais,0.229,0.096,0.291,0.3,0.715,1322.0,398.92
310370,3103702,Araponga (MG),31,Minas Gerais,0.43,0.316,0.558,0.417,0.588,1017.0,304.41
310375,3103751,Araporã (MG),31,Minas Gerais,0.226,0.002,0.37,0.307,0.708,1636.0,475.79
310380,3103801,Arapuá (MG),31,Minas Gerais,0.138,0.005,0.178,0.231,0.751,1046.0,598.98
310400,3104007,Araxá (MG),31,Minas Gerais,0.264,0.231,0.308,0.254,0.745,16656.0,648.82
310340,3103405,Araçuaí (MG),31,Minas Gerais,0.312,0.102,0.402,0.432,0.712,9093.0,477.24
310390,3103900,Araújos (MG),31,Minas Gerais,0.285,0.022,0.525,0.306,0.684,1036.0,515.97
310410,3104106,Arceburgo (MG),31,Minas Gerais,0.313,0.353,0.359,0.227,0.653,1156.0,469.66
310420,3104205,Arcos (MG),31,Minas Gerais,0.201,0.001,0.295,0.309,0.721,6173.0,554.8
310430,3104304,Areado (MG),31,Minas Gerais,0.264,0.007,0.446,0.338,0.684,1574.0,445.6
310440,3104403,Argirita (MG),31,Minas Gerais,0.238,0.0,0.363,0.352,0.633,584.0,334.76
310445,3104452,Aricanduva (MG),31,Minas Gerais,0.355,0.18,0.453,0.431,0.684,592.0,324.35
310450,3104502,Arinos (MG),31,Minas Gerais,0.313,0.12,0.425,0.394,0.673,4110.0,346.49
310460,3104601,Astolfo Dutra (MG),31,Minas Gerais,0.183,0.006,0.325,0.218,0.666,2853.0,466.14
310470,3104700,Ataléia (MG),31,Minas Gerais,0.381,0.121,0.492,0.53,0.652,2868.0,348.99
310050,3100500,Açucena (MG),31,Minas Gerais,0.482,0.534,0.465,0.445,0.638,1850.0,313.79
310490,3104908,Baependi (MG),31,Minas Gerais,0.217,0.007,0.341,0.303,0.701,1790.0,396.71
310510,3105103,Bambuí (MG),31,Minas Gerais,0.291,0.239,0.345,0.287,0.71,3956.0,583.78
310520,3105202,Bandeira (MG),31,Minas Gerais,0.392,0.078,0.525,0.574,0.633,840.0,298.04
310530,3105301,Bandeira do Sul (MG),31,Minas Gerais,0.233,0.0,0.393,0.306,0.704,758.0,496.79
310560,3105608,Barbacena (MG),31,Minas Gerais,0.327,0.297,0.315,0.368,0.721,22095.0,629.46
310570,3105707,Barra Longa (MG),31,Minas Gerais,0.333,0.024,0.351,0.624,0.664,765.0,332.97
310590,3105905,Barroso (MG),31,Minas Gerais,0.267,0.005,0.326,0.469,0.682,4780.0,390.77
310540,3105400,Barão de Cocais (MG),31,Minas Gerais,0.252,0.164,0.293,0.299,0.719,8532.0,483.86
310550,3105509,Barão de Monte Alto (MG),31,Minas Gerais,0.456,0.149,0.449,0.771,0.615,1363.0,296.96
310600,3106002,Bela Vista de Minas (MG),31,Minas Gerais,0.306,0.014,0.356,0.549,0.678,3591.0,397.91
310610,3106101,Belmiro Braga (MG),31,Minas Gerais,0.325,0.092,0.379,0.505,0.64,923.0,331.56
310630,3106309,Belo Oriente (MG),31,Minas Gerais,0.341,0.132,0.415,0.476,0.692,7504.0,421.8
310640,3106408,Belo Vale (MG),31,Minas Gerais,0.2,0.073,0.25,0.276,0.698,883.0,557.45
310650,3106507,Berilo (MG),31,Minas Gerais,0.323,0.273,0.283,0.412,0.695,1530.0,361.38
310665,3106655,Berizal (MG),31,Minas Gerais,0.449,0.129,0.597,0.62,0.606,859.0,253.08
310680,3106804,Bias Fortes (MG),31,Minas Gerais,0.346,0.023,0.589,0.428,0.614,836.0,267.01
310690,3106903,Bicas (MG),31,Minas Gerais,0.278,0.007,0.461,0.366,0.693,2310.0,489.77
310700,3107000,Biquinhas (MG),31,Minas Gerais,0.204,0.006,0.252,0.354,0.682,693.0,532.17
310710,3107109,Boa Esperança (MG),31,Minas Gerais,0.278,0.078,0.392,0.366,0.675,6846.0,450.2
310720,3107208,Bocaina de Minas (MG),31,Minas Gerais,0.41,0.192,0.483,0.553,0.546,557.0,370.15
310730,3107307,Bocaiúva (MG),31,Minas Gerais,0.283,0.065,0.337,0.448,0.718,13330.0,407.34
310740,3107406,Bom Despacho (MG),31,Minas Gerais,0.217,0.067,0.305,0.28,0.735,9123.0,631.49
310750,3107505,Bom Jardim de Minas (MG),31,Minas Gerais,0.329,0.01,0.553,0.423,0.64,778.0,386.13
310760,3107604,Bom Jesus da Penha (MG),31,Minas Gerais,0.228,0.0,0.313,0.371,0.683,410.0,474.23
310770,3107703,Bom Jesus do Amparo (MG),31,Minas Gerais,0.202,0.011,0.303,0.292,0.712,860.0,437.72
310780,3107802,Bom Jesus do Galho (MG),31,Minas Gerais,0.346,0.056,0.466,0.517,0.633,3334.0,319.16
310790,3107901,Bom Repouso (MG),31,Minas Gerais,0.318,0.283,0.358,0.312,0.714,2792.0,518.62
310800,3108008,Bom Sucesso (MG),31,Minas Gerais,0.291,0.22,0.338,0.315,0.678,4159.0,409.29
310810,3108107,Bonfim (MG),31,Minas Gerais,0.24,0.039,0.296,0.385,0.653,590.0,581.27
310820,3108206,Bonfinópolis de Minas (MG),31,Minas Gerais,0.24,0.0,0.348,0.371,0.728,1294.0,456.82
310830,3108305,Borda da Mata (MG),31,Minas Gerais,0.233,0.004,0.375,0.32,0.68,1459.0,421.33
310840,3108404,Botelhos (MG),31,Minas Gerais,0.288,0.112,0.39,0.36,0.674,1781.0,521.11
310850,3108503,Botumirim (MG),31,Minas Gerais,0.419,0.248,0.417,0.592,0.662,1273.0,236.47
310855,3108552,Brasilândia de Minas (MG),31,Minas Gerais,0.343,0.181,0.437,0.411,0.675,4570.0,387.83
310860,3108602,Brasília de Minas (MG),31,Minas Gerais,0.411,0.28,0.43,0.524,0.697,7452.0,374.67
310890,3108909,Brasópolis (MG),31,Minas Gerais,0.319,0.0,0.447,0.511,0.652,1165.0,402.22
310880,3108800,Braúnas (MG),31,Minas Gerais,0.262,0.061,0.311,0.415,0.7,580.0,444.25
310870,3108701,Brás Pires (MG),31,Minas Gerais,0.391,0.409,0.416,0.348,0.673,656.0,340.35
310910,3109105,Bueno Brandão (MG),31,Minas Gerais,0.246,0.145,0.305,0.289,0.706,2873.0,585.68
310920,3109204,Buenópolis (MG),31,Minas Gerais,0.398,0.162,0.49,0.541,0.688,3086.0,443.2
310925,3109253,Bugre (MG),31,Minas Gerais,0.28,0.0,0.501,0.34,0.685,425.0,332.64
310940,3109402,Buritizeiro (MG),31,Minas Gerais,0.519,0.522,0.524,0.51,0.652,9583.0,319.63
310950,3109501,Cabo Verde (MG),31,Minas Gerais,0.25,0.007,0.393,0.349,0.63,1069.0,382.34
310980,3109808,Cachoeira Dourada (MG),31,Minas Gerais,0.188,0.0,0.345,0.219,0.735,670.0,524.34
310960,3109600,Cachoeira da Prata (MG),31,Minas Gerais,0.258,0.001,0.356,0.417,0.727,1103.0,497.17
310970,3109709,Cachoeira de Minas (MG),31,Minas Gerais,0.205,0.0,0.315,0.299,0.733,3478.0,571.94
310270,3102704,Cachoeira de Pajeú (MG),31,Minas Gerais,0.415,0.193,0.481,0.57,0.627,1667.0,301.82
310990,3109907,Caetanópolis (MG),31,Minas Gerais,0.235,0.039,0.23,0.436,0.723,2805.0,512.95
311010,3110103,Caiana (MG),31,Minas Gerais,0.314,0.121,0.492,0.328,0.607,453.0,386.22
311030,3110301,Caldas (MG),31,Minas Gerais,0.438,0.427,0.506,0.383,0.646,1222.0,436.43
311040,3110400,Camacho (MG),31,Minas Gerais,0.224,0.073,0.313,0.286,0.691,1489.0,404.81
311050,3110509,Camanducaia (MG),31,Minas Gerais,0.252,0.006,0.371,0.378,0.674,2247.0,508.97
311070,3110707,Cambuquira (MG),31,Minas Gerais,0.254,0.162,0.293,0.308,0.68,2403.0,478.85
311060,3110608,Cambuí (MG),31,Minas Gerais,0.156,0.0,0.254,0.214,0.762,11363.0,710.29
311090,3110905,Campanha (MG),31,Minas Gerais,0.282,0.11,0.355,0.38,0.672,2382.0,460.08
311100,3111002,Campestre (MG),31,Minas Gerais,0.182,0.002,0.262,0.283,0.741,5446.0,690.15
311110,3111101,Campina Verde (MG),31,Minas Gerais,0.317,0.089,0.473,0.388,0.672,2874.0,564.07
311115,3111150,Campo Azul (MG),31,Minas Gerais,0.337,0.033,0.417,0.562,0.682,581.0,253.47
311120,3111200,Campo Belo (MG),31,Minas Gerais,0.306,0.139,0.388,0.39,0.655,9857.0,463.17
311140,3111408,Campo Florido (MG),31,Minas Gerais,0.319,0.216,0.396,0.345,0.691,1273.0,574.01
311130,3111309,Campo do Meio (MG),31,Minas Gerais,0.391,0.41,0.435,0.329,0.656,2067.0,375.82
311150,3111507,Campos Altos (MG),31,Minas Gerais,0.35,0.404,0.364,0.281,0.67,2599.0,459.96
311160,3111606,Campos Gerais (MG),31,Minas Gerais,0.344,0.259,0.419,0.355,0.664,3859.0,483.09
311190,3111903,Cana Verde (MG),31,Minas Gerais,0.375,0.401,0.438,0.286,0.628,904.0,364.73
311170,3111705,Canaã (MG),31,Minas Gerais,0.291,0.0,0.435,0.438,0.638,533.0,424.54
311200,3112000,Candeias (MG),31,Minas Gerais,0.308,0.251,0.355,0.319,0.674,1929.0,432.67
311205,3112059,Cantagalo (MG),31,Minas Gerais,0.518,0.549,0.514,0.49,0.678,885.0,377.39
311180,3111804,Canápolis (MG),31,Minas Gerais,0.32,0.249,0.354,0.357,0.667,2305.0,460.8
311210,3112109,Caparaó (MG),31,Minas Gerais,0.315,0.015,0.537,0.394,0.592,809.0,307.14
311220,3112208,Capela Nova (MG),31,Minas Gerais,0.357,0.029,0.478,0.564,0.598,822.0,241.8
311230,3112307,Capelinha (MG),31,Minas Gerais,0.329,0.11,0.445,0.433,0.656,9015.0,396.5
311240,3112406,Capetinga (MG),31,Minas Gerais,0.306,0.0,0.496,0.421,0.635,812.0,417.32
311260,3112604,Capinópolis (MG),31,Minas Gerais,0.3,0.12,0.351,0.428,0.706,3473.0,661.17
311265,3112653,Capitão Andrade (MG),31,Minas Gerais,0.397,0.109,0.47,0.61,0.627,1171.0,363.25
311270,3112703,Capitão Enéas (MG),31,Minas Gerais,0.458,0.266,0.487,0.62,0.648,4584.0,257.49
311280,3112802,Capitólio (MG),31,Minas Gerais,0.209,0.01,0.266,0.35,0.687,630.0,581.27
311290,3112901,Caputira (MG),31,Minas Gerais,0.447,0.403,0.472,0.467,0.624,1007.0,315.42
311320,3113206,Carandaí (MG),31,Minas Gerais,0.321,0.147,0.386,0.429,0.662,3988.0,387.58
311330,3113305,Carangola (MG),31,Minas Gerais,0.256,0.003,0.409,0.358,0.678,6150.0,524.76
311340,3113404,Caratinga (MG),31,Minas Gerais,0.286,0.064,0.37,0.425,0.697,19950.0,519.19
311300,3113008,Caraí (MG),31,Minas Gerais,0.409,0.092,0.483,0.651,0.613,2863.0,270.84
311350,3113503,Carbonita (MG),31,Minas Gerais,0.277,0.023,0.352,0.455,0.681,2085.0,358.57
311360,3113602,Careaçu (MG),31,Minas Gerais,0.364,0.246,0.38,0.467,0.641,714.0,411.96
311370,3113701,Carlos Chagas (MG),31,Minas Gerais,0.298,0.028,0.399,0.468,0.683,4817.0,462.08
311390,3113909,Carmo da Cachoeira (MG),31,Minas Gerais,0.313,0.126,0.478,0.336,0.63,2634.0,388.98
311400,3114006,Carmo da Mata (MG),31,Minas Gerais,0.222,0.012,0.328,0.325,0.685,1959.0,460.09
311410,3114105,Carmo de Minas (MG),31,Minas Gerais,0.257,0.018,0.413,0.342,0.607,1862.0,377.31
311420,3114204,Carmo do Cajuru (MG),31,Minas Gerais,0.233,0.11,0.259,0.33,0.678,3213.0,444.4
311430,3114303,Carmo do Paranaíba (MG),31,Minas Gerais,0.286,0.064,0.453,0.34,0.662,4280.0,467.51
311440,3114402,Carmo do Rio Claro (MG),31,Minas Gerais,0.206,0.003,0.374,0.242,0.704,2616.0,463.49
311450,3114501,Carmópolis de Minas (MG),31,Minas Gerais,0.175,0.005,0.268,0.253,0.71,2439.0,647.03
311455,3114550,Carneirinho (MG),31,Minas Gerais,0.19,0.023,0.231,0.315,0.721,1402.0,501.35
311460,3114600,Carrancas (MG),31,Minas Gerais,0.274,0.153,0.336,0.333,0.697,731.0,464.22
311480,3114808,Carvalhos (MG),31,Minas Gerais,0.243,0.024,0.342,0.364,0.708,1251.0,609.83
311470,3114709,Carvalhópolis (MG),31,Minas Gerais,0.18,0.0,0.253,0.287,0.733,1227.0,580.26
311490,3114907,Casa Grande (MG),31,Minas Gerais,0.333,0.036,0.394,0.568,0.64,396.0,299.29
311500,3115003,Cascalho Rico (MG),31,Minas Gerais,0.163,0.008,0.261,0.221,0.733,871.0,703.81
311530,3115300,Cataguases (MG),31,Minas Gerais,0.233,0.035,0.298,0.365,0.7,13416.0,451.78
311535,3115359,Catas Altas (MG),31,Minas Gerais,0.229,0.001,0.34,0.344,0.673,1379.0,504.88
311540,3115409,Catas Altas da Noruega (MG),31,Minas Gerais,0.32,0.023,0.423,0.513,0.654,496.0,337.83
311545,3115458,Catuji (MG),31,Minas Gerais,0.27,0.031,0.423,0.355,0.69,744.0,406.44
311547,3115474,Catuti (MG),31,Minas Gerais,0.401,0.174,0.487,0.542,0.661,1042.0,270.81
311550,3115508,Caxambu (MG),31,Minas Gerais,0.369,0.42,0.32,0.367,0.694,4252.0,543.16
311570,3115706,Central de Minas (MG),31,Minas Gerais,0.382,0.054,0.514,0.578,0.691,1574.0,570.02
311580,3115805,Centralina (MG),31,Minas Gerais,0.306,0.06,0.397,0.46,0.658,2266.0,387.23
311600,3116001,Chalé (MG),31,Minas Gerais,0.331,0.101,0.477,0.414,0.643,1253.0,357.43
311615,3116159,Chapada Gaúcha (MG),31,Minas Gerais,0.431,0.396,0.425,0.472,0.678,1986.0,322.87
311620,3116209,Chiador (MG),31,Minas Gerais,0.263,0.017,0.417,0.355,0.634,698.0,364.9
311590,3115904,Chácara (MG),31,Minas Gerais,0.262,0.0,0.394,0.393,0.563,473.0,294.91
311630,3116308,Cipotânea (MG),31,Minas Gerais,0.447,0.412,0.525,0.404,0.621,478.0,262.11
311640,3116407,Claraval (MG),31,Minas Gerais,0.403,0.4,0.418,0.391,0.686,484.0,411.93
311660,3116605,Cláudio (MG),31,Minas Gerais,0.201,0.009,0.308,0.286,0.697,3680.0,466.76
311670,3116704,Coimbra (MG),31,Minas Gerais,0.301,0.007,0.43,0.465,0.633,1015.0,348.62
311690,3116902,Comendador Gomes (MG),31,Minas Gerais,0.271,0.0,0.58,0.234,0.631,341.0,373.15
311700,3117009,Comercinho (MG),31,Minas Gerais,0.383,0.189,0.415,0.545,0.655,1312.0,319.01
311710,3117108,Conceição da Aparecida (MG),31,Minas Gerais,0.371,0.172,0.433,0.509,0.661,1240.0,436.98
311520,3115201,Conceição da Barra de Minas (MG),31,Minas Gerais,0.289,0.239,0.295,0.332,0.692,717.0,405.04
311730,3117306,Conceição das Alagoas (MG),31,Minas Gerais,0.259,0.008,0.432,0.336,0.673,4036.0,558.68
311720,3117207,Conceição das Pedras (MG),31,Minas Gerais,0.211,0.0,0.401,0.232,0.714,744.0,527.85
311740,3117405,Conceição de Ipanema (MG),31,Minas Gerais,0.363,0.173,0.4,0.516,0.636,1276.0,327.64
311750,3117504,Conceição do Mato Dentro (MG),31,Minas Gerais,0.345,0.173,0.431,0.432,0.677,4695.0,385.87
311760,3117603,Conceição do Pará (MG),31,Minas Gerais,0.238,0.014,0.299,0.402,0.739,535.0,499.47
311770,3117702,Conceição do Rio Verde (MG),31,Minas Gerais,0.362,0.113,0.566,0.409,0.621,2582.0,329.39
311780,3117801,Conceição dos Ouros (MG),31,Minas Gerais,0.214,0.079,0.305,0.256,0.71,4030.0,522.9
311790,3117900,Congonhal (MG),31,Minas Gerais,0.206,0.006,0.368,0.243,0.719,866.0,458.28
311800,3118007,Congonhas (MG),31,Minas Gerais,0.252,0.074,0.319,0.362,0.727,15021.0,551.68
311810,3118106,Congonhas do Norte (MG),31,Minas Gerais,0.476,0.489,0.478,0.461,0.643,1082.0,316.32
311820,3118205,Conquista (MG),31,Minas Gerais,0.347,0.377,0.354,0.31,0.694,931.0,452.39
311830,3118304,Conselheiro Lafaiete (MG),31,Minas Gerais,0.278,0.204,0.309,0.319,0.728,28355.0,557.85
311840,3118403,Conselheiro Pena (MG),31,Minas Gerais,0.294,0.044,0.414,0.424,0.662,5485.0,420.62
311850,3118502,Consolação (MG),31,Minas Gerais,0.209,0.0,0.232,0.395,0.69,485.0,391.47
311870,3118700,Coqueiral (MG),31,Minas Gerais,0.275,0.069,0.373,0.383,0.675,1249.0,404.34
311880,3118809,Coração de Jesus (MG),31,Minas Gerais,0.453,0.367,0.411,0.581,0.688,5413.0,317.93
311900,3119005,Cordislândia (MG),31,Minas Gerais,0.304,0.173,0.443,0.297,0.68,703.0,416.51
311910,3119104,Corinto (MG),31,Minas Gerais,0.351,0.197,0.413,0.442,0.685,7888.0,506.33
311920,3119203,Coroaci (MG),31,Minas Gerais,0.389,0.222,0.505,0.439,0.664,1809.0,338.07
311930,3119302,Coromandel (MG),31,Minas Gerais,0.278,0.041,0.491,0.301,0.66,3380.0,466.44
311940,3119401,Coronel Fabriciano (MG),31,Minas Gerais,0.267,0.098,0.316,0.386,0.728,32095.0,547.38
311950,3119500,Coronel Murta (MG),31,Minas Gerais,0.364,0.216,0.341,0.536,0.656,2143.0,257.74
311960,3119609,Coronel Pacheco (MG),31,Minas Gerais,0.307,0.267,0.322,0.331,0.687,553.0,472.16
311970,3119708,Coronel Xavier Chaves (MG),31,Minas Gerais,0.258,0.0,0.434,0.339,0.613,830.0,344.51
312020,3120201,Cristais (MG),31,Minas Gerais,0.263,0.004,0.447,0.338,0.632,1444.0,454.25
312040,3120409,Cristiano Otoni (MG),31,Minas Gerais,0.352,0.119,0.44,0.498,0.691,1060.0,378.78
312050,3120508,Cristina (MG),31,Minas Gerais,0.311,0.0,0.462,0.472,0.684,860.0,359.95
312015,3120151,Crisólita (MG),31,Minas Gerais,0.416,0.107,0.567,0.574,0.581,1256.0,251.47
312060,3120607,Crucilândia (MG),31,Minas Gerais,0.29,0.006,0.412,0.451,0.632,680.0,379.33
312070,3120706,Cruzeiro da Fortaleza (MG),31,Minas Gerais,0.321,0.207,0.364,0.39,0.684,567.0,447.63
312080,3120805,Cruzília (MG),31,Minas Gerais,0.298,0.053,0.39,0.45,0.65,2304.0,319.19
312083,3120839,Cuparaque (MG),31,Minas Gerais,0.347,0.06,0.432,0.549,0.635,1285.0,359.49
312087,3120870,Curral de Dentro (MG),31,Minas Gerais,0.463,0.215,0.591,0.583,0.62,1974.0,301.7
312090,3120904,Curvelo (MG),31,Minas Gerais,0.281,0.054,0.377,0.414,0.712,25138.0,479.83
311510,3115102,Cássia (MG),31,Minas Gerais,0.245,0.083,0.337,0.314,0.678,2564.0,575.02
311980,3119807,Córrego Danta (MG),31,Minas Gerais,0.274,0.272,0.325,0.225,0.711,1046.0,529.73
311995,3119955,Córrego Fundo (MG),31,Minas Gerais,0.289,0.089,0.4,0.379,0.657,592.0,394.26
312000,3120003,Córrego Novo (MG),31,Minas Gerais,0.359,0.138,0.512,0.428,0.616,657.0,327.75
311990,3119906,Córrego do Bom Jesus (MG),31,Minas Gerais,0.16,0.0,0.248,0.231,0.738,1040.0,587.99
311783,3117836,Cônego Marinho (MG),31,Minas Gerais,0.407,0.355,0.383,0.484,0.689,670.0,316.73
312100,3121001,Datas (MG),31,Minas Gerais,0.353,0.023,0.484,0.55,0.661,1074.0,323.7
312110,3121100,Delfim Moreira (MG),31,Minas Gerais,0.361,0.163,0.531,0.388,0.63,1026.0,334.5
312120,3121209,Delfinópolis (MG),31,Minas Gerais,0.208,0.003,0.327,0.294,0.712,663.0,438.01
312125,3121258,Delta (MG),31,Minas Gerais,0.318,0.003,0.545,0.406,0.641,2037.0,453.18
312130,3121308,Descoberto (MG),31,Minas Gerais,0.25,0.004,0.373,0.372,0.668,833.0,393.68
312140,3121407,Desterro de Entre Rios (MG),31,Minas Gerais,0.414,0.292,0.444,0.507,0.653,469.0,349.06
312150,3121506,Desterro do Melo (MG),31,Minas Gerais,0.304,0.065,0.308,0.54,0.678,714.0,435.9
312160,3121605,Diamantina (MG),31,Minas Gerais,0.281,0.151,0.33,0.361,0.727,14883.0,491.59
312170,3121704,Diogo de Vasconcelos (MG),31,Minas Gerais,0.409,0.065,0.584,0.578,0.57,1355.0,241.43
312200,3122009,Divino (MG),31,Minas Gerais,0.439,0.409,0.517,0.39,0.598,2412.0,398.97
312210,3122108,Divino das Laranjeiras (MG),31,Minas Gerais,0.308,0.094,0.378,0.453,0.66,1320.0,334.54
312220,3122207,Divinolândia de Minas (MG),31,Minas Gerais,0.376,0.179,0.473,0.475,0.654,1936.0,331.86
312190,3121902,Divinésia (MG),31,Minas Gerais,0.278,0.003,0.412,0.419,0.65,558.0,399.62
312230,3122306,Divinópolis (MG),31,Minas Gerais,0.199,0.076,0.264,0.258,0.736,40258.0,616.59
312235,3122355,Divisa Alegre (MG),31,Minas Gerais,0.42,0.115,0.576,0.571,0.628,2210.0,298.51
312240,3122405,Divisa Nova (MG),31,Minas Gerais,0.293,0.05,0.437,0.392,0.642,1043.0,398.65
312245,3122454,Divisópolis (MG),31,Minas Gerais,0.39,0.098,0.501,0.57,0.621,2054.0,275.99
312247,3122470,Dom Bosco (MG),31,Minas Gerais,0.353,0.334,0.321,0.406,0.711,678.0,376.24
312250,3122504,Dom Cavati (MG),31,Minas Gerais,0.284,0.065,0.352,0.436,0.691,1441.0,473.94
312270,3122702,Dom Silvério (MG),31,Minas Gerais,0.249,0.006,0.331,0.41,0.694,1178.0,396.45
312280,3122801,Dom Viçoso (MG),31,Minas Gerais,0.243,0.0,0.319,0.41,0.738,505.0,447.97
312290,3122900,Dona Eusébia (MG),31,Minas Gerais,0.171,0.003,0.262,0.249,0.687,1269.0,463.07
312300,3123007,Dores de Campos (MG),31,Minas Gerais,0.223,0.013,0.355,0.302,0.682,1391.0,468.71
312320,3123205,Dores do Indaiá (MG),31,Minas Gerais,0.297,0.138,0.398,0.354,0.688,2720.0,447.58
312330,3123304,Dores do Turvo (MG),31,Minas Gerais,0.412,0.021,0.577,0.638,0.561,985.0,250.28
312340,3123403,Doresópolis (MG),31,Minas Gerais,0.197,0.003,0.315,0.274,0.711,559.0,468.92
312350,3123502,Douradoquara (MG),31,Minas Gerais,0.188,0.0,0.249,0.314,0.721,605.0,468.01
312352,3123528,Durandé (MG),31,Minas Gerais,0.385,0.098,0.565,0.493,0.661,973.0,381.45
312360,3123601,Elói Mendes (MG),31,Minas Gerais,0.28,0.137,0.356,0.346,0.661,3965.0,441.22
312370,3123700,Engenheiro Caldas (MG),31,Minas Gerais,0.332,0.018,0.45,0.527,0.658,2871.0,377.44
312380,3123809,Engenheiro Navarro (MG),31,Minas Gerais,0.346,0.049,0.502,0.488,0.689,1823.0,308.74
312385,3123858,Entre Folhas (MG),31,Minas Gerais,0.431,0.198,0.51,0.584,0.625,1138.0,358.33
312390,3123908,Entre Rios de Minas (MG),31,Minas Gerais,0.248,0.01,0.331,0.404,0.656,1837.0,428.48
312400,3124005,Ervália (MG),31,Minas Gerais,0.364,0.214,0.541,0.338,0.631,2058.0,396.7
312420,3124203,Espera Feliz (MG),31,Minas Gerais,0.411,0.403,0.423,0.407,0.641,2748.0,466.24
312430,3124302,Espinosa (MG),31,Minas Gerais,0.448,0.209,0.569,0.566,0.669,6083.0,303.16
312440,3124401,Espírito Santo do Dourado (MG),31,Minas Gerais,0.135,0.0,0.249,0.156,0.747,837.0,519.8
312450,3124500,Estiva (MG),31,Minas Gerais,0.206,0.004,0.266,0.348,0.674,824.0,434.34
312460,3124609,Estrela Dalva (MG),31,Minas Gerais,0.346,0.009,0.535,0.493,0.617,643.0,296.13
312470,3124708,Estrela do Indaiá (MG),31,Minas Gerais,0.292,0.027,0.459,0.39,0.665,731.0,402.07
312480,3124807,Estrela do Sul (MG),31,Minas Gerais,0.384,0.412,0.397,0.343,0.668,1343.0,457.89
312490,3124906,Eugenópolis (MG),31,Minas Gerais,0.242,0.003,0.342,0.382,0.667,1746.0,446.43
312500,3125002,Ewbank da Câmara (MG),31,Minas Gerais,0.398,0.4,0.435,0.36,0.651,1120.0,348.46
312510,3125101,Extrema (MG),31,Minas Gerais,0.207,0.014,0.365,0.242,0.694,3618.0,592.63
312520,3125200,Fama (MG),31,Minas Gerais,0.229,0.0,0.388,0.299,0.632,328.0,449.15
312530,3125309,Faria Lemos (MG),31,Minas Gerais,0.235,0.0,0.28,0.427,0.686,642.0,436.72
312560,3125606,Felisburgo (MG),31,Minas Gerais,0.401,0.071,0.519,0.614,0.616,1997.0,293.31
312570,3125705,Felixlândia (MG),31,Minas Gerais,0.333,0.225,0.393,0.381,0.671,4131.0,474.04
312540,3125408,Felício dos Santos (MG),31,Minas Gerais,0.303,0.198,0.349,0.363,0.677,892.0,346.16
312590,3125903,Ferros (MG),31,Minas Gerais,0.499,0.671,0.445,0.381,0.646,1696.0,423.09
312595,3125952,Fervedouro (MG),31,Minas Gerais,0.411,0.12,0.601,0.512,0.62,1379.0,325.4
312610,3126109,Formiga (MG),31,Minas Gerais,0.237,0.077,0.338,0.295,0.707,9689.0,519.41
312620,3126208,Formoso (MG),31,Minas Gerais,0.409,0.203,0.502,0.524,0.666,1956.0,334.15
312630,3126307,Fortaleza de Minas (MG),31,Minas Gerais,0.231,0.0,0.482,0.21,0.671,467.0,483.99
312660,3126604,Francisco Dumont (MG),31,Minas Gerais,0.473,0.268,0.635,0.515,0.614,1206.0,270.55
312670,3126703,Francisco Sá (MG),31,Minas Gerais,0.38,0.166,0.45,0.524,0.681,5353.0,350.15
312690,3126901,Frei Inocêncio (MG),31,Minas Gerais,0.337,0.027,0.469,0.515,0.677,2663.0,369.77
312700,3127008,Fronteira (MG),31,Minas Gerais,0.362,0.116,0.487,0.481,0.665,3207.0,505.06
312705,3127057,Fronteira dos Vales (MG),31,Minas Gerais,0.559,0.454,0.623,0.601,0.617,1016.0,224.17
312707,3127073,Fruta de Leite (MG),31,Minas Gerais,0.527,0.38,0.528,0.673,0.635,746.0,307.0
312710,3127107,Frutal (MG),31,Minas Gerais,0.288,0.14,0.42,0.302,0.674,7711.0,496.25
312720,3127206,Funilândia (MG),31,Minas Gerais,0.285,0.008,0.428,0.418,0.713,700.0,374.42
312730,3127305,Galiléia (MG),31,Minas Gerais,0.365,0.171,0.459,0.466,0.674,1960.0,398.63
312733,3127339,Gameleiras (MG),31,Minas Gerais,0.31,0.162,0.344,0.425,0.708,320.0,301.82
312737,3127370,Goiabeira (MG),31,Minas Gerais,0.391,0.232,0.463,0.478,0.644,859.0,344.27
312738,3127388,Goianá (MG),31,Minas Gerais,0.202,0.002,0.254,0.35,0.701,814.0,494.76
312750,3127503,Gonzaga (MG),31,Minas Gerais,0.345,0.093,0.454,0.488,0.673,1138.0,302.54
312740,3127404,Gonçalves (MG),31,Minas Gerais,0.197,0.0,0.31,0.281,0.747,599.0,764.27
312760,3127602,Gouveia (MG),31,Minas Gerais,0.284,0.042,0.354,0.456,0.701,3285.0,369.07
312770,3127701,Governador Valadares (MG),31,Minas Gerais,0.276,0.063,0.37,0.395,0.713,86140.0,541.64
312790,3127909,Grupiara (MG),31,Minas Gerais,0.211,0.0,0.41,0.224,0.752,571.0,519.35
312780,3127800,Grão Mogol (MG),31,Minas Gerais,0.29,0.034,0.401,0.435,0.676,2050.0,352.55
312800,3128006,Guanhães (MG),31,Minas Gerais,0.32,0.136,0.364,0.461,0.705,8962.0,505.86
312810,3128105,Guapé (MG),31,Minas Gerais,0.189,0.0,0.347,0.221,0.694,1145.0,446.18
312840,3128402,Guarani (MG),31,Minas Gerais,0.336,0.078,0.522,0.41,0.627,1701.0,371.06
312830,3128303,Guaranésia (MG),31,Minas Gerais,0.285,0.078,0.446,0.331,0.676,2687.0,467.16
312850,3128501,Guarará (MG),31,Minas Gerais,0.29,0.0,0.408,0.46,0.638,787.0,347.93
312860,3128600,Guarda-Mor (MG),31,Minas Gerais,0.307,0.115,0.376,0.429,0.714,1192.0,499.33
312870,3128709,Guaxupé (MG),31,Minas Gerais,0.273,0.116,0.385,0.316,0.678,6139.0,459.28
312880,3128808,Guidoval (MG),31,Minas Gerais,0.266,0.088,0.428,0.283,0.668,1249.0,457.91
312890,3128907,Guimarânia (MG),31,Minas Gerais,0.299,0.0,0.511,0.385,0.691,1169.0,469.81
312900,3129004,Guiricema (MG),31,Minas Gerais,0.323,0.014,0.427,0.528,0.603,1258.0,338.2
312910,3129103,Gurinhatã (MG),31,Minas Gerais,0.29,0.014,0.376,0.481,0.7,577.0,626.56
312920,3129202,Heliodora (MG),31,Minas Gerais,0.241,0.0,0.43,0.293,0.607,570.0,328.01
312930,3129301,Iapu (MG),31,Minas Gerais,0.298,0.008,0.45,0.436,0.658,2015.0,361.28
312940,3129400,Ibertioga (MG),31,Minas Gerais,0.375,0.041,0.48,0.603,0.633,838.0,262.27
312960,3129608,Ibiaí (MG),31,Minas Gerais,0.467,0.297,0.543,0.56,0.632,2354.0,248.96
312965,3129657,Ibiracatu (MG),31,Minas Gerais,0.442,0.194,0.464,0.667,0.639,1101.0,259.45
312970,3129707,Ibiraci (MG),31,Minas Gerais,0.274,0.071,0.479,0.273,0.676,1524.0,420.33
312990,3129905,Ibitiúra de Minas (MG),31,Minas Gerais,0.23,0.004,0.449,0.237,0.724,1163.0,507.07
313000,3130002,Ibituruna (MG),31,Minas Gerais,0.257,0.005,0.438,0.327,0.636,652.0,299.0
312950,3129509,Ibiá (MG),31,Minas Gerais,0.196,0.005,0.337,0.246,0.675,3962.0,481.98
313005,3130051,Icaraí de Minas (MG),31,Minas Gerais,0.4,0.178,0.493,0.529,0.693,1104.0,313.22
313020,3130200,Igaratinga (MG),31,Minas Gerais,0.259,0.015,0.406,0.356,0.667,1438.0,512.72
313030,3130309,Iguatama (MG),31,Minas Gerais,0.213,0.018,0.295,0.325,0.696,1639.0,459.24
313040,3130408,Ijaci (MG),31,Minas Gerais,0.281,0.121,0.335,0.386,0.683,1548.0,383.25
313050,3130507,Ilicínea (MG),31,Minas Gerais,0.277,0.12,0.419,0.293,0.649,1635.0,384.91
313055,3130556,Imbé de Minas (MG),31,Minas Gerais,0.241,0.018,0.332,0.373,0.607,584.0,300.72
313060,3130606,Inconfidentes (MG),31,Minas Gerais,0.255,0.009,0.393,0.362,0.653,732.0,397.71
313065,3130655,Indaiabira (MG),31,Minas Gerais,0.385,0.284,0.445,0.426,0.66,988.0,321.3
313070,3130705,Indianópolis (MG),31,Minas Gerais,0.349,0.037,0.626,0.383,0.621,1018.0,368.32
313080,3130804,Ingaí (MG),31,Minas Gerais,0.31,0.019,0.533,0.377,0.659,678.0,379.91
313090,3130903,Inhapim (MG),31,Minas Gerais,0.333,0.144,0.354,0.502,0.67,4027.0,426.82
313100,3131000,Inhaúma (MG),31,Minas Gerais,0.241,0.105,0.289,0.328,0.716,1542.0,408.08
313110,3131109,Inimutaba (MG),31,Minas Gerais,0.301,0.108,0.375,0.42,0.692,1853.0,390.31
313115,3131158,Ipaba (MG),31,Minas Gerais,0.334,0.045,0.458,0.497,0.661,5185.0,372.34
313120,3131208,Ipanema (MG),31,Minas Gerais,0.356,0.076,0.455,0.536,0.655,3849.0,416.11
313130,3131307,Ipatinga (MG),31,Minas Gerais,0.215,0.035,0.293,0.316,0.745,69645.0,651.13
313140,3131406,Ipiaçu (MG),31,Minas Gerais,0.286,0.0,0.319,0.538,0.67,811.0,390.11
313150,3131505,Ipuiúna (MG),31,Minas Gerais,0.391,0.286,0.441,0.448,0.615,1093.0,423.03
313160,3131604,Iraí de Minas (MG),31,Minas Gerais,0.449,0.37,0.546,0.429,0.635,965.0,387.39
313170,3131703,Itabira (MG),31,Minas Gerais,0.249,0.082,0.295,0.369,0.734,36540.0,555.88
313180,3131802,Itabirinha (MG),31,Minas Gerais,0.404,0.194,0.52,0.498,0.651,2780.0,368.55
313190,3131901,Itabirito (MG),31,Minas Gerais,0.214,0.072,0.291,0.279,0.714,11594.0,571.46
313200,3132008,Itacambira (MG),31,Minas Gerais,0.513,0.487,0.548,0.505,0.654,1573.0,272.75
313210,3132107,Itacarambi (MG),31,Minas Gerais,0.387,0.136,0.481,0.544,0.665,5620.0,316.42
313230,3132305,Itaipé (MG),31,Minas Gerais,0.303,0.089,0.411,0.408,0.641,1783.0,389.37
313240,3132404,Itajubá (MG),31,Minas Gerais,0.224,0.061,0.296,0.314,0.73,9420.0,570.44
313250,3132503,Itamarandiba (MG),31,Minas Gerais,0.355,0.147,0.464,0.454,0.678,6940.0,356.19
313260,3132602,Itamarati de Minas (MG),31,Minas Gerais,0.239,0.0,0.418,0.301,0.674,794.0,452.66
313280,3132800,Itambé do Mato Dentro (MG),31,Minas Gerais,0.34,0.301,0.312,0.407,0.697,357.0,327.58
313290,3132909,Itamogi (MG),31,Minas Gerais,0.21,0.0,0.335,0.295,0.68,1119.0,392.88
313300,3133006,Itamonte (MG),31,Minas Gerais,0.32,0.146,0.353,0.46,0.648,1205.0,442.47
313310,3133105,Itanhandu (MG),31,Minas Gerais,0.183,0.0,0.236,0.313,0.705,1149.0,473.32
313320,3133204,Itanhomi (MG),31,Minas Gerais,0.35,0.034,0.56,0.456,0.652,2477.0,415.1
313330,3133303,Itaobim (MG),31,Minas Gerais,0.378,0.103,0.433,0.597,0.64,5815.0,316.8
313340,3133402,Itapagipe (MG),31,Minas Gerais,0.265,0.002,0.364,0.429,0.667,1226.0,542.77
313350,3133501,Itapecerica (MG),31,Minas Gerais,0.207,0.007,0.316,0.299,0.67,2815.0,487.75
313360,3133600,Itapeva (MG),31,Minas Gerais,0.204,0.005,0.322,0.284,0.748,2256.0,638.24
313390,3133907,Itaverava (MG),31,Minas Gerais,0.338,0.213,0.428,0.372,0.658,723.0,371.43
313375,3133758,Itaú de Minas (MG),31,Minas Gerais,0.193,0.0,0.274,0.306,0.772,1683.0,1158.18
313380,3133808,Itaúna (MG),31,Minas Gerais,0.195,0.0,0.277,0.308,0.725,16145.0,594.77
313400,3134004,Itinga (MG),31,Minas Gerais,0.382,0.154,0.443,0.551,0.65,2510.0,283.52
313410,3134103,Itueta (MG),31,Minas Gerais,0.344,0.011,0.536,0.486,0.633,1097.0,358.42
313420,3134202,Ituiutaba (MG),31,Minas Gerais,0.252,0.045,0.401,0.31,0.702,19900.0,601.32
313430,3134301,Itumirim (MG),31,Minas Gerais,0.29,0.009,0.396,0.465,0.701,1215.0,386.75
313440,3134400,Iturama (MG),31,Minas Gerais,0.278,0.185,0.316,0.333,0.705,6965.0,534.14
313450,3134509,Itutinga (MG),31,Minas Gerais,0.271,0.019,0.376,0.418,0.696,711.0,389.65
313470,3134707,Jacinto (MG),31,Minas Gerais,0.469,0.284,0.578,0.545,0.619,3381.0,289.32
313490,3134905,Jacutinga (MG),31,Minas Gerais,0.247,0.0,0.496,0.244,0.659,2517.0,525.04
313480,3134806,Jacuí (MG),31,Minas Gerais,0.203,0.022,0.281,0.306,0.692,480.0,569.87
313510,3135100,Janaúba (MG),31,Minas Gerais,0.32,0.126,0.365,0.47,0.705,22241.0,375.4
313520,3135209,Januária (MG),31,Minas Gerais,0.375,0.274,0.399,0.453,0.697,15562.0,370.79
313530,3135308,Japaraíba (MG),31,Minas Gerais,0.349,0.4,0.292,0.356,0.687,397.0,493.5
313535,3135357,Japonvar (MG),31,Minas Gerais,0.371,0.086,0.517,0.51,0.679,1104.0,317.9
313505,3135050,Jaíba (MG),31,Minas Gerais,0.389,0.302,0.469,0.396,0.664,6460.0,345.54
313540,3135407,Jeceaba (MG),31,Minas Gerais,0.215,0.072,0.313,0.261,0.711,817.0,470.46
313545,3135456,Jenipapo de Minas (MG),31,Minas Gerais,0.29,0.093,0.407,0.37,0.685,1204.0,389.51
313550,3135506,Jequeri (MG),31,Minas Gerais,0.458,0.311,0.515,0.548,0.628,2423.0,335.82
313570,3135704,Jequitibá (MG),31,Minas Gerais,0.371,0.259,0.379,0.475,0.683,712.0,401.26
313580,3135803,Jequitinhonha (MG),31,Minas Gerais,0.395,0.294,0.4,0.492,0.647,6171.0,353.57
313590,3135902,Jesuânia (MG),31,Minas Gerais,0.303,0.199,0.344,0.366,0.647,408.0,325.53
313610,3136108,Joanésia (MG),31,Minas Gerais,0.284,0.084,0.319,0.449,0.708,602.0,503.77
313600,3136009,Joaíma (MG),31,Minas Gerais,0.431,0.094,0.491,0.709,0.616,3829.0,274.66
313650,3136504,Jordânia (MG),31,Minas Gerais,0.394,0.083,0.509,0.59,0.645,2418.0,334.91
313657,3136579,Josenópolis (MG),31,Minas Gerais,0.421,0.157,0.467,0.639,0.646,940.0,278.5
313652,3136520,José Gonçalves de Minas (MG),31,Minas Gerais,0.437,0.343,0.397,0.572,0.652,1619.0,301.1
313655,3136553,José Raydan (MG),31,Minas Gerais,0.29,0.034,0.436,0.399,0.667,600.0,346.26
313620,3136207,João Monlevade (MG),31,Minas Gerais,0.216,0.009,0.294,0.346,0.735,23292.0,572.55
313630,3136306,João Pinheiro (MG),31,Minas Gerais,0.347,0.212,0.402,0.428,0.712,11101.0,503.84
313670,3136702,Juiz de Fora (MG),31,Minas Gerais,0.31,0.305,0.31,0.315,0.719,109433.0,594.09
313680,3136801,Juramento (MG),31,Minas Gerais,0.301,0.031,0.321,0.551,0.679,850.0,305.44
313690,3136900,Juruaia (MG),31,Minas Gerais,0.189,0.0,0.284,0.284,0.747,2363.0,789.54
313695,3136959,Juvenília (MG),31,Minas Gerais,0.473,0.41,0.531,0.476,0.621,1440.0,206.76
313700,3137007,Ladainha (MG),31,Minas Gerais,0.432,0.273,0.527,0.495,0.636,1851.0,383.06
313710,3137106,Lagamar (MG),31,Minas Gerais,0.267,0.132,0.276,0.393,0.727,963.0,608.16
313740,3137403,Lagoa Dourada (MG),31,Minas Gerais,0.319,0.018,0.479,0.459,0.615,1282.0,336.94
313750,3137502,Lagoa Formosa (MG),31,Minas Gerais,0.242,0.008,0.362,0.357,0.694,2731.0,475.1
313753,3137536,Lagoa Grande (MG),31,Minas Gerais,0.344,0.281,0.338,0.413,0.682,1661.0,450.45
313720,3137205,Lagoa da Prata (MG),31,Minas Gerais,0.242,0.088,0.328,0.31,0.714,9744.0,517.23
313770,3137700,Lajinha (MG),31,Minas Gerais,0.338,0.235,0.409,0.371,0.663,3366.0,420.26
313780,3137809,Lambari (MG),31,Minas Gerais,0.341,0.27,0.341,0.412,0.669,2164.0,504.29
313790,3137908,Lamim (MG),31,Minas Gerais,0.475,0.46,0.415,0.549,0.644,913.0,304.12
313800,3138005,Laranjal (MG),31,Minas Gerais,0.208,0.003,0.284,0.338,0.661,736.0,440.57
313810,3138104,Lassance (MG),31,Minas Gerais,0.417,0.199,0.495,0.557,0.649,1595.0,310.92
313820,3138203,Lavras (MG),31,Minas Gerais,0.241,0.175,0.285,0.263,0.733,20095.0,587.64
313830,3138302,Leandro Ferreira (MG),31,Minas Gerais,0.176,0.01,0.339,0.179,0.678,468.0,530.46
313835,3138351,Leme do Prado (MG),31,Minas Gerais,0.184,0.024,0.231,0.296,0.722,667.0,378.53
313840,3138401,Leopoldina (MG),31,Minas Gerais,0.323,0.166,0.384,0.419,0.674,12339.0,387.34
313850,3138500,Liberdade (MG),31,Minas Gerais,0.284,0.007,0.391,0.454,0.62,552.0,311.74
313860,3138609,Lima Duarte (MG),31,Minas Gerais,0.308,0.183,0.338,0.404,0.679,2651.0,430.04
313862,3138625,Limeira do Oeste (MG),31,Minas Gerais,0.246,0.022,0.305,0.41,0.712,1201.0,572.59
313865,3138658,Lontra (MG),31,Minas Gerais,0.343,0.136,0.402,0.49,0.69,1737.0,340.16
313867,3138674,Luisburgo (MG),31,Minas Gerais,0.351,0.127,0.385,0.542,0.663,485.0,451.68
313868,3138682,Luislândia (MG),31,Minas Gerais,0.405,0.187,0.421,0.606,0.696,1104.0,380.37
313870,3138708,Luminárias (MG),31,Minas Gerais,0.326,0.328,0.367,0.283,0.663,701.0,377.29
313880,3138807,Luz (MG),31,Minas Gerais,0.211,0.005,0.368,0.259,0.716,3758.0,519.7
313890,3138906,Machacalis (MG),31,Minas Gerais,0.367,0.052,0.5,0.55,0.648,2093.0,322.7
313900,3139003,Machado (MG),31,Minas Gerais,0.278,0.093,0.392,0.348,0.68,6852.0,451.3
313910,3139102,Madre de Deus de Minas (MG),31,Minas Gerais,0.359,0.025,0.475,0.577,0.661,578.0,281.53
313920,3139201,Malacacheta (MG),31,Minas Gerais,0.483,0.341,0.51,0.598,0.651,4571.0,346.58
313925,3139250,Mamonas (MG),31,Minas Gerais,0.324,0.085,0.413,0.473,0.686,826.0,329.4
313930,3139300,Manga (MG),31,Minas Gerais,0.388,0.132,0.49,0.543,0.668,5451.0,377.83
313940,3139409,Manhuaçu (MG),31,Minas Gerais,0.297,0.16,0.367,0.365,0.678,17222.0,460.33
313950,3139508,Manhumirim (MG),31,Minas Gerais,0.328,0.209,0.361,0.415,0.683,4456.0,443.49
313960,3139607,Mantena (MG),31,Minas Gerais,0.274,0.021,0.399,0.4,0.665,6715.0,435.42
313980,3139805,Mar de Espanha (MG),31,Minas Gerais,0.213,0.016,0.351,0.274,0.652,2252.0,423.47
313970,3139706,Maravilhas (MG),31,Minas Gerais,0.299,0.083,0.422,0.392,0.709,1454.0,413.28
313990,3139904,Maria da Fé (MG),31,Minas Gerais,0.32,0.226,0.351,0.382,0.679,1193.0,320.32
314000,3140001,Mariana (MG),31,Minas Gerais,0.266,0.143,0.305,0.349,0.724,15426.0,561.77
314020,3140209,Maripá de Minas (MG),31,Minas Gerais,0.182,0.0,0.323,0.224,0.693,1151.0,506.7
314040,3140407,Marmelópolis (MG),31,Minas Gerais,0.278,0.255,0.231,0.347,0.71,785.0,459.33
314050,3140506,Martinho Campos (MG),31,Minas Gerais,0.289,0.039,0.375,0.453,0.647,2492.0,453.34
314053,3140530,Martins Soares (MG),31,Minas Gerais,0.293,0.008,0.505,0.367,0.648,750.0,393.06
314055,3140555,Mata Verde (MG),31,Minas Gerais,0.42,0.153,0.608,0.5,0.604,2315.0,262.83
317150,3171501,Mathias Lobato (MG),31,Minas Gerais,0.496,0.225,0.616,0.648,0.601,1314.0,295.3
314080,3140803,Matias Barbosa (MG),31,Minas Gerais,0.378,0.338,0.411,0.385,0.685,3289.0,451.3
314085,3140852,Matias Cardoso (MG),31,Minas Gerais,0.454,0.248,0.504,0.61,0.627,2093.0,272.95
314090,3140902,Matipó (MG),31,Minas Gerais,0.43,0.352,0.515,0.422,0.642,4666.0,349.28
314100,3141009,Mato Verde (MG),31,Minas Gerais,0.349,0.068,0.429,0.55,0.682,2782.0,295.19
314120,3141207,Matutina (MG),31,Minas Gerais,0.187,0.01,0.285,0.267,0.713,384.0,700.67
314130,3141306,Medeiros (MG),31,Minas Gerais,0.392,0.354,0.454,0.366,0.678,618.0,488.33
314140,3141405,Medina (MG),31,Minas Gerais,0.343,0.146,0.436,0.446,0.639,5683.0,381.6
314150,3141504,Mendes Pimentel (MG),31,Minas Gerais,0.342,0.037,0.424,0.564,0.65,1164.0,399.41
314160,3141603,Mercês (MG),31,Minas Gerais,0.389,0.288,0.451,0.428,0.64,1366.0,322.04
314170,3141702,Mesquita (MG),31,Minas Gerais,0.318,0.111,0.371,0.473,0.683,1365.0,393.85
314180,3141801,Minas Novas (MG),31,Minas Gerais,0.337,0.194,0.407,0.411,0.71,4901.0,475.46
314190,3141900,Minduri (MG),31,Minas Gerais,0.414,0.147,0.496,0.6,0.671,1019.0,308.47
314200,3142007,Mirabela (MG),31,Minas Gerais,0.418,0.327,0.445,0.482,0.671,3725.0,300.8
314210,3142106,Miradouro (MG),31,Minas Gerais,0.259,0.002,0.373,0.403,0.653,1208.0,403.42
314225,3142254,Miravânia (MG),31,Minas Gerais,0.411,0.204,0.514,0.515,0.602,1205.0,217.16
314220,3142205,Miraí (MG),31,Minas Gerais,0.257,0.024,0.438,0.309,0.646,2455.0,386.21
314230,3142304,Moeda (MG),31,Minas Gerais,0.285,0.026,0.45,0.379,0.629,1270.0,378.19
314240,3142403,Moema (MG),31,Minas Gerais,0.223,0.005,0.323,0.342,0.697,1259.0,527.23
314260,3142601,Monsenhor Paulo (MG),31,Minas Gerais,0.253,0.103,0.301,0.356,0.711,925.0,460.64
314270,3142700,Montalvânia (MG),31,Minas Gerais,0.378,0.245,0.48,0.409,0.651,3486.0,329.11
314280,3142809,Monte Alegre de Minas (MG),31,Minas Gerais,0.335,0.068,0.537,0.401,0.641,2766.0,421.68
314290,3142908,Monte Azul (MG),31,Minas Gerais,0.31,0.034,0.416,0.479,0.696,3743.0,372.32
314300,3143005,Monte Belo (MG),31,Minas Gerais,0.317,0.003,0.522,0.425,0.646,989.0,405.27
314310,3143104,Monte Carmelo (MG),31,Minas Gerais,0.283,0.051,0.411,0.387,0.69,8193.0,537.92
314315,3143153,Monte Formoso (MG),31,Minas Gerais,0.362,0.007,0.614,0.467,0.639,587.0,308.44
314320,3143203,Monte Santo de Minas (MG),31,Minas Gerais,0.252,0.162,0.324,0.272,0.707,2647.0,495.03
314340,3143401,Monte Sião (MG),31,Minas Gerais,0.236,0.092,0.318,0.299,0.749,8296.0,780.17
314330,3143302,Montes Claros (MG),31,Minas Gerais,0.267,0.128,0.296,0.376,0.754,117547.0,526.02
314345,3143450,Montezuma (MG),31,Minas Gerais,0.337,0.162,0.459,0.391,0.668,872.0,315.59
314350,3143500,Morada Nova de Minas (MG),31,Minas Gerais,0.29,0.141,0.395,0.333,0.696,1592.0,443.25
314380,3143807,Munhoz (MG),31,Minas Gerais,0.448,0.213,0.492,0.638,0.585,591.0,307.35
314390,3143906,Muriaé (MG),31,Minas Gerais,0.264,0.086,0.334,0.374,0.697,21443.0,512.94
314400,3144003,Mutum (MG),31,Minas Gerais,0.316,0.084,0.409,0.456,0.676,4242.0,477.83
314410,3144102,Muzambinho (MG),31,Minas Gerais,0.159,0.004,0.225,0.249,0.762,7977.0,764.66
314430,3144300,Nanuque (MG),31,Minas Gerais,0.346,0.124,0.407,0.508,0.687,13268.0,434.61
314435,3144359,Naque (MG),31,Minas Gerais,0.327,0.06,0.439,0.481,0.68,2279.0,366.85
314437,3144375,Natalândia (MG),31,Minas Gerais,0.38,0.375,0.286,0.479,0.691,772.0,394.82
314440,3144409,Natércia (MG),31,Minas Gerais,0.264,0.261,0.259,0.271,0.756,1403.0,626.11
314450,3144508,Nazareno (MG),31,Minas Gerais,0.264,0.014,0.371,0.406,0.677,1602.0,402.64
314460,3144607,Nepomuceno (MG),31,Minas Gerais,0.3,0.095,0.412,0.393,0.642,4669.0,373.34
314465,3144656,Ninheira (MG),31,Minas Gerais,0.337,0.249,0.397,0.366,0.651,840.0,319.77
314467,3144672,Nova Belém (MG),31,Minas Gerais,0.397,0.142,0.584,0.466,0.58,1167.0,215.88
314470,3144706,Nova Era (MG),31,Minas Gerais,0.325,0.25,0.3,0.426,0.703,5688.0,469.36
314490,3144904,Nova Módica (MG),31,Minas Gerais,0.375,0.007,0.524,0.593,0.647,959.0,358.18
314500,3145000,Nova Ponte (MG),31,Minas Gerais,0.321,0.119,0.534,0.311,0.678,2560.0,514.56
314505,3145059,Nova Porteirinha (MG),31,Minas Gerais,0.393,0.174,0.453,0.553,0.665,1383.0,283.68
314510,3145109,Nova Resende (MG),31,Minas Gerais,0.316,0.048,0.537,0.363,0.628,1075.0,409.16
314520,3145208,Nova Serrana (MG),31,Minas Gerais,0.198,0.003,0.339,0.252,0.713,18314.0,556.74
314530,3145307,Novo Cruzeiro (MG),31,Minas Gerais,0.37,0.182,0.463,0.464,0.649,4172.0,385.86
314535,3145356,Novo Oriente de Minas (MG),31,Minas Gerais,0.462,0.129,0.567,0.69,0.624,1597.0,328.67
314537,3145372,Novorizonte (MG),31,Minas Gerais,0.498,0.632,0.44,0.423,0.654,610.0,357.19
314540,3145406,Olaria (MG),31,Minas Gerais,0.301,0.059,0.432,0.412,0.621,378.0,319.64
314560,3145604,Oliveira (MG),31,Minas Gerais,0.27,0.179,0.337,0.294,0.678,8169.0,471.85
314570,3145703,Oliveira Fortes (MG),31,Minas Gerais,0.354,0.06,0.581,0.422,0.599,193.0,295.5
314550,3145505,Olímpio Noronha (MG),31,Minas Gerais,0.25,0.0,0.351,0.399,0.684,1106.0,424.51
314580,3145802,Onça de Pitangui (MG),31,Minas Gerais,0.286,0.021,0.475,0.361,0.661,783.0,382.05
314587,3145877,Orizânia (MG),31,Minas Gerais,0.406,0.215,0.533,0.47,0.638,628.0,288.71
314590,3145901,Ouro Branco (MG),31,Minas Gerais,0.276,0.263,0.281,0.284,0.756,8696.0,724.89
314600,3146008,Ouro Fino (MG),31,Minas Gerais,0.192,0.0,0.246,0.331,0.693,2457.0,494.76
314610,3146107,Ouro Preto (MG),31,Minas Gerais,0.247,0.158,0.25,0.333,0.733,20169.0,567.62
314620,3146206,Ouro Verde de Minas (MG),31,Minas Gerais,0.425,0.104,0.529,0.644,0.634,1293.0,294.68
314625,3146255,Padre Carvalho (MG),31,Minas Gerais,0.569,0.639,0.597,0.471,0.624,1290.0,273.93
314630,3146305,Padre Paraíso (MG),31,Minas Gerais,0.383,0.122,0.492,0.534,0.624,4412.0,272.77
314655,3146552,Pai Pedro (MG),31,Minas Gerais,0.388,0.126,0.566,0.471,0.679,658.0,255.27
314640,3146404,Paineiras (MG),31,Minas Gerais,0.319,0.067,0.439,0.452,0.67,671.0,421.19
314650,3146503,Pains (MG),31,Minas Gerais,0.223,0.008,0.324,0.336,0.689,1319.0,517.82
314660,3146602,Paiva (MG),31,Minas Gerais,0.194,0.032,0.255,0.296,0.735,626.0,485.9
314670,3146701,Palma (MG),31,Minas Gerais,0.32,0.021,0.409,0.529,0.638,1268.0,328.19
314675,3146750,Palmópolis (MG),31,Minas Gerais,0.472,0.233,0.543,0.64,0.619,1565.0,270.71
314690,3146909,Papagaios (MG),31,Minas Gerais,0.308,0.023,0.482,0.419,0.654,3235.0,338.19
314700,3147006,Paracatu (MG),31,Minas Gerais,0.288,0.184,0.33,0.349,0.738,27795.0,532.79
314720,3147204,Paraguaçu (MG),31,Minas Gerais,0.294,0.189,0.404,0.288,0.686,2592.0,483.6
314730,3147303,Paraisópolis (MG),31,Minas Gerais,0.31,0.211,0.394,0.326,0.683,1527.0,393.95
314740,3147402,Paraopeba (MG),31,Minas Gerais,0.271,0.077,0.319,0.416,0.706,7033.0,476.72
314710,3147105,Pará de Minas (MG),31,Minas Gerais,0.272,0.168,0.343,0.305,0.707,16873.0,526.9
314760,3147600,Passa Quatro (MG),31,Minas Gerais,0.306,0.017,0.393,0.509,0.659,1051.0,369.65
314770,3147709,Passa Tempo (MG),31,Minas Gerais,0.281,0.003,0.384,0.454,0.689,919.0,372.23
314780,3147808,Passa-Vinte (MG),31,Minas Gerais,0.29,0.0,0.369,0.5,0.617,252.0,326.71
314750,3147501,Passabém (MG),31,Minas Gerais,0.239,0.065,0.258,0.395,0.684,389.0,388.78
314790,3147907,Passos (MG),31,Minas Gerais,0.285,0.196,0.345,0.314,0.7,19067.0,533.22
314795,3147956,Patis (MG),31,Minas Gerais,0.26,0.013,0.411,0.356,0.657,928.0,270.3
314800,3148004,Patos de Minas (MG),31,Minas Gerais,0.198,0.036,0.286,0.271,0.743,27367.0,592.05
314810,3148103,Patrocínio (MG),31,Minas Gerais,0.284,0.163,0.365,0.323,0.699,14046.0,487.59
314820,3148202,Patrocínio do Muriaé (MG),31,Minas Gerais,0.278,0.007,0.346,0.482,0.683,1081.0,427.5
314830,3148301,Paula Cândido (MG),31,Minas Gerais,0.27,0.004,0.381,0.425,0.652,1212.0,351.77
314870,3148707,Pedra Azul (MG),31,Minas Gerais,0.396,0.123,0.54,0.525,0.62,8373.0,268.02
314875,3148756,Pedra Bonita (MG),31,Minas Gerais,0.363,0.068,0.512,0.508,0.564,1320.0,213.11
314900,3149002,Pedra Dourada (MG),31,Minas Gerais,0.315,0.004,0.471,0.47,0.617,310.0,381.69
314880,3148806,Pedra do Anta (MG),31,Minas Gerais,0.511,0.419,0.622,0.492,0.598,734.0,316.05
314890,3148905,Pedra do Indaiá (MG),31,Minas Gerais,0.187,0.015,0.252,0.293,0.732,343.0,470.16
314910,3149101,Pedralva (MG),31,Minas Gerais,0.403,0.195,0.523,0.491,0.62,1328.0,315.98
314915,3149150,Pedras de Maria da Cruz (MG),31,Minas Gerais,0.466,0.317,0.513,0.569,0.635,2268.0,261.29
314920,3149200,Pedrinópolis (MG),31,Minas Gerais,0.322,0.408,0.263,0.295,0.755,1463.0,663.31
314940,3149408,Pedro Teixeira (MG),31,Minas Gerais,0.299,0.008,0.457,0.433,0.698,477.0,330.56
314960,3149606,Pequi (MG),31,Minas Gerais,0.265,0.037,0.288,0.469,0.677,690.0,498.58
314970,3149705,Perdigão (MG),31,Minas Gerais,0.206,0.011,0.375,0.233,0.705,1406.0,579.35
314980,3149804,Perdizes (MG),31,Minas Gerais,0.327,0.4,0.335,0.247,0.67,1601.0,510.92
314990,3149903,Perdões (MG),31,Minas Gerais,0.438,0.408,0.482,0.425,0.682,4019.0,385.82
314995,3149952,Periquito (MG),31,Minas Gerais,0.443,0.23,0.525,0.574,0.657,1924.0,307.65
314860,3148608,Peçanha (MG),31,Minas Gerais,0.371,0.173,0.505,0.436,0.677,3268.0,415.28
315015,3150158,Piedade de Caratinga (MG),31,Minas Gerais,0.39,0.061,0.488,0.622,0.596,1263.0,332.71
315020,3150208,Piedade de Ponte Nova (MG),31,Minas Gerais,0.397,0.095,0.576,0.52,0.623,1152.0,325.46
315030,3150307,Piedade do Rio Grande (MG),31,Minas Gerais,0.425,0.417,0.423,0.435,0.661,777.0,362.53
315040,3150406,Piedade dos Gerais (MG),31,Minas Gerais,0.361,0.277,0.409,0.397,0.597,708.0,360.05
315050,3150505,Pimenta (MG),31,Minas Gerais,0.236,0.046,0.309,0.354,0.71,3410.0,584.15
315060,3150604,Piracema (MG),31,Minas Gerais,0.326,0.2,0.476,0.301,0.656,591.0,362.38
315070,3150703,Pirajuba (MG),31,Minas Gerais,0.256,0.0,0.419,0.35,0.669,790.0,601.67
315080,3150802,Piranga (MG),31,Minas Gerais,0.383,0.089,0.499,0.561,0.633,1661.0,384.29
315100,3151008,Piranguinho (MG),31,Minas Gerais,0.231,0.0,0.344,0.35,0.689,916.0,410.23
315090,3150901,Piranguçu (MG),31,Minas Gerais,0.25,0.0,0.369,0.38,0.691,374.0,554.79
315110,3151107,Pirapetinga (MG),31,Minas Gerais,0.244,0.007,0.352,0.374,0.683,1977.0,384.27
315120,3151206,Pirapora (MG),31,Minas Gerais,0.301,0.119,0.347,0.438,0.717,20541.0,458.25
315130,3151305,Piraúba (MG),31,Minas Gerais,0.232,0.011,0.369,0.317,0.686,2281.0,445.18
315140,3151404,Pitangui (MG),31,Minas Gerais,0.251,0.008,0.404,0.341,0.707,4786.0,529.6
315150,3151503,Piumhi (MG),31,Minas Gerais,0.298,0.175,0.404,0.313,0.676,4756.0,463.77
315160,3151602,Planura (MG),31,Minas Gerais,0.353,0.225,0.482,0.351,0.677,2104.0,548.07
315190,3151909,Pocrane (MG),31,Minas Gerais,0.332,0.012,0.476,0.508,0.633,1620.0,348.21
315200,3152006,Pompéu (MG),31,Minas Gerais,0.331,0.139,0.478,0.376,0.658,8144.0,413.26
315210,3152105,Ponte Nova (MG),31,Minas Gerais,0.292,0.148,0.369,0.358,0.688,16954.0,501.5
315213,3152131,Ponto Chique (MG),31,Minas Gerais,0.475,0.277,0.506,0.644,0.618,910.0,230.97
315217,3152170,Ponto dos Volantes (MG),31,Minas Gerais,0.398,0.177,0.417,0.602,0.675,1687.0,339.35
315220,3152204,Porteirinha (MG),31,Minas Gerais,0.342,0.17,0.351,0.504,0.696,6530.0,338.72
315230,3152303,Porto Firme (MG),31,Minas Gerais,0.447,0.194,0.525,0.623,0.641,1315.0,289.6
315240,3152402,Poté (MG),31,Minas Gerais,0.455,0.307,0.469,0.59,0.639,3566.0,294.01
315250,3152501,Pouso Alegre (MG),31,Minas Gerais,0.247,0.179,0.286,0.275,0.738,14848.0,621.88
315260,3152600,Pouso Alto (MG),31,Minas Gerais,0.266,0.025,0.464,0.31,0.677,789.0,612.14
315170,3151701,Poço Fundo (MG),31,Minas Gerais,0.274,0.117,0.396,0.311,0.693,1260.0,531.3
315180,3151800,Poços de Caldas (MG),31,Minas Gerais,0.28,0.313,0.267,0.258,0.728,20836.0,645.04
315270,3152709,Prados (MG),31,Minas Gerais,0.283,0.036,0.384,0.43,0.65,1308.0,371.84
315280,3152808,Prata (MG),31,Minas Gerais,0.264,0.221,0.327,0.244,0.68,4423.0,533.62
315300,3153004,Pratinha (MG),31,Minas Gerais,0.206,0.003,0.289,0.326,0.715,896.0,619.85
315290,3152907,Pratápolis (MG),31,Minas Gerais,0.282,0.104,0.398,0.342,0.7,1265.0,523.41
315310,3153103,Presidente Bernardes (MG),31,Minas Gerais,0.249,0.014,0.414,0.321,0.645,314.0,393.76
315340,3153400,Presidente Olegário (MG),31,Minas Gerais,0.369,0.463,0.286,0.358,0.723,2878.0,466.95
315360,3153608,Prudente de Morais (MG),31,Minas Gerais,0.291,0.013,0.4,0.46,0.712,3298.0,441.86
315370,3153707,Quartel Geral (MG),31,Minas Gerais,0.412,0.253,0.611,0.372,0.624,604.0,370.35
315380,3153806,Queluzito (MG),31,Minas Gerais,0.263,0.0,0.358,0.43,0.656,248.0,383.55
315400,3154002,Raul Soares (MG),31,Minas Gerais,0.282,0.032,0.401,0.412,0.666,4588.0,453.44
315410,3154101,Recreio (MG),31,Minas Gerais,0.35,0.027,0.508,0.516,0.651,2196.0,375.59
315415,3154150,Reduto (MG),31,Minas Gerais,0.462,0.345,0.495,0.546,0.686,970.0,496.19
315420,3154200,Resende Costa (MG),31,Minas Gerais,0.325,0.025,0.499,0.451,0.653,1666.0,429.08
315430,3154309,Resplendor (MG),31,Minas Gerais,0.35,0.028,0.467,0.554,0.656,4029.0,455.74
315440,3154408,Ressaquinha (MG),31,Minas Gerais,0.37,0.244,0.411,0.454,0.698,669.0,385.41
315445,3154457,Riachinho (MG),31,Minas Gerais,0.335,0.093,0.498,0.414,0.659,1548.0,314.98
315450,3154507,Riacho dos Machados (MG),31,Minas Gerais,0.426,0.254,0.518,0.506,0.69,1562.0,307.21
315470,3154705,Ribeirão Vermelho (MG),31,Minas Gerais,0.304,0.389,0.168,0.354,0.733,863.0,511.98
315490,3154903,Rio Casca (MG),31,Minas Gerais,0.351,0.124,0.417,0.51,0.64,4162.0,410.75
315500,3155009,Rio Doce (MG),31,Minas Gerais,0.311,0.0,0.392,0.54,0.707,533.0,443.52
315520,3155207,Rio Espera (MG),31,Minas Gerais,0.539,0.438,0.503,0.676,0.573,1229.0,234.63
315540,3155405,Rio Novo (MG),31,Minas Gerais,0.362,0.188,0.487,0.411,0.649,1576.0,344.09
315550,3155504,Rio Paranaíba (MG),31,Minas Gerais,0.315,0.127,0.36,0.459,0.73,1209.0,704.81
315560,3155603,Rio Pardo de Minas (MG),31,Minas Gerais,0.3,0.103,0.411,0.386,0.717,3793.0,369.61
315570,3155702,Rio Piracicaba (MG),31,Minas Gerais,0.285,0.086,0.311,0.456,0.697,3693.0,460.16
315580,3155801,Rio Pomba (MG),31,Minas Gerais,0.278,0.058,0.414,0.361,0.669,3009.0,445.4
315590,3155900,Rio Preto (MG),31,Minas Gerais,0.263,0.011,0.356,0.423,0.626,987.0,352.87
315600,3156007,Rio Vermelho (MG),31,Minas Gerais,0.409,0.23,0.459,0.539,0.636,2106.0,320.78
315510,3155108,Rio do Prado (MG),31,Minas Gerais,0.379,0.093,0.436,0.608,0.643,1066.0,332.66
315610,3156106,Ritápolis (MG),31,Minas Gerais,0.283,0.025,0.342,0.482,0.666,871.0,372.02
315620,3156205,Rochedo de Minas (MG),31,Minas Gerais,0.382,0.029,0.557,0.559,0.643,417.0,379.0
315630,3156304,Rodeiro (MG),31,Minas Gerais,0.251,0.0,0.558,0.195,0.666,1157.0,450.17
315640,3156403,Romaria (MG),31,Minas Gerais,0.297,0.317,0.353,0.222,0.657,507.0,427.38
315645,3156452,Rosário da Limeira (MG),31,Minas Gerais,0.287,0.201,0.363,0.297,0.633,921.0,401.57
315650,3156502,Rubelita (MG),31,Minas Gerais,0.288,0.067,0.419,0.379,0.647,1107.0,308.76
315680,3156809,Sabinópolis (MG),31,Minas Gerais,0.349,0.161,0.434,0.451,0.653,3901.0,388.74
315690,3156908,Sacramento (MG),31,Minas Gerais,0.192,0.001,0.302,0.273,0.72,3686.0,514.18
315700,3157005,Salinas (MG),31,Minas Gerais,0.275,0.06,0.397,0.367,0.71,10511.0,631.12
315710,3157104,Salto da Divisa (MG),31,Minas Gerais,0.45,0.185,0.5,0.664,0.618,2161.0,307.91
315720,3157203,Santa Bárbara (MG),31,Minas Gerais,0.359,0.243,0.415,0.417,0.707,8114.0,458.81
315725,3157252,Santa Bárbara do Leste (MG),31,Minas Gerais,0.403,0.252,0.523,0.435,0.624,1103.0,403.16
315730,3157302,Santa Bárbara do Tugúrio (MG),31,Minas Gerais,0.27,0.039,0.353,0.418,0.672,581.0,313.25
315733,3157336,Santa Cruz de Minas (MG),31,Minas Gerais,0.276,0.002,0.381,0.445,0.698,1806.0,421.61
315737,3157377,Santa Cruz de Salinas (MG),31,Minas Gerais,0.5,0.36,0.437,0.703,0.597,1351.0,243.69
315740,3157401,Santa Cruz do Escalvado (MG),31,Minas Gerais,0.434,0.354,0.435,0.512,0.66,508.0,382.53
315750,3157500,Santa Efigênia de Minas (MG),31,Minas Gerais,0.392,0.131,0.571,0.474,0.644,1113.0,312.31
315770,3157708,Santa Juliana (MG),31,Minas Gerais,0.342,0.402,0.392,0.231,0.698,1670.0,556.95
315790,3157906,Santa Margarida (MG),31,Minas Gerais,0.365,0.011,0.5,0.584,0.617,2082.0,398.04
315810,3158102,Santa Maria do Salto (MG),31,Minas Gerais,0.389,0.065,0.485,0.618,0.642,1335.0,310.37
315820,3158201,Santa Maria do Suaçuí (MG),31,Minas Gerais,0.408,0.243,0.484,0.498,0.659,4148.0,397.64
315920,3159209,Santa Rita de Caldas (MG),31,Minas Gerais,0.228,0.072,0.282,0.33,0.73,2869.0,659.03
315940,3159407,Santa Rita de Ibitipoca (MG),31,Minas Gerais,0.316,0.024,0.495,0.428,0.609,517.0,286.23
315930,3159308,Santa Rita de Jacutinga (MG),31,Minas Gerais,0.303,0.063,0.355,0.491,0.644,675.0,360.52
315935,3159357,Santa Rita de Minas (MG),31,Minas Gerais,0.382,0.187,0.509,0.45,0.61,1484.0,361.17
315950,3159506,Santa Rita do Itueto (MG),31,Minas Gerais,0.336,0.052,0.523,0.433,0.588,676.0,290.18
315960,3159605,Santa Rita do Sapucaí (MG),31,Minas Gerais,0.27,0.13,0.39,0.29,0.658,4318.0,484.39
315970,3159704,Santa Rosa da Serra (MG),31,Minas Gerais,0.375,0.25,0.482,0.395,0.623,790.0,472.47
315980,3159803,Santa Vitória (MG),31,Minas Gerais,0.281,0.009,0.409,0.425,0.709,3581.0,565.5
315830,3158300,Santana da Vargem (MG),31,Minas Gerais,0.208,0.099,0.276,0.249,0.702,1208.0,456.47
315840,3158409,Santana de Cataguases (MG),31,Minas Gerais,0.31,0.0,0.48,0.451,0.654,624.0,337.01
315860,3158607,Santana do Deserto (MG),31,Minas Gerais,0.318,0.01,0.411,0.535,0.66,1039.0,379.54
315870,3158706,Santana do Garambéu (MG),31,Minas Gerais,0.381,0.277,0.414,0.45,0.696,379.0,470.43
315880,3158805,Santana do Jacaré (MG),31,Minas Gerais,0.379,0.359,0.471,0.306,0.646,1014.0,373.28
315890,3158904,Santana do Manhuaçu (MG),31,Minas Gerais,0.322,0.005,0.527,0.435,0.645,1303.0,365.64
315895,3158953,Santana do Paraíso (MG),31,Minas Gerais,0.381,0.206,0.48,0.458,0.668,8347.0,466.39
315900,3159001,Santana do Riacho (MG),31,Minas Gerais,0.298,0.029,0.474,0.392,0.689,769.0,437.69
315910,3159100,Santana dos Montes (MG),31,Minas Gerais,0.343,0.191,0.347,0.491,0.689,655.0,355.43
315990,3159902,Santo Antônio do Amparo (MG),31,Minas Gerais,0.326,0.135,0.472,0.371,0.672,4599.0,349.32
316000,3160009,Santo Antônio do Aventureiro (MG),31,Minas Gerais,0.262,0.05,0.394,0.341,0.679,478.0,364.91
316010,3160108,Santo Antônio do Grama (MG),31,Minas Gerais,0.387,0.212,0.408,0.54,0.612,1197.0,355.84
316030,3160306,Santo Antônio do Jacinto (MG),31,Minas Gerais,0.411,0.089,0.612,0.531,0.617,2431.0,306.05
316040,3160405,Santo Antônio do Monte (MG),31,Minas Gerais,0.183,0.004,0.348,0.198,0.714,3412.0,516.89
316045,3160454,Santo Antônio do Retiro (MG),31,Minas Gerais,0.332,0.043,0.524,0.431,0.672,503.0,268.08
316050,3160504,Santo Antônio do Rio Abaixo (MG),31,Minas Gerais,0.314,0.013,0.355,0.574,0.685,287.0,300.95
316070,3160702,Santos Dumont (MG),31,Minas Gerais,0.319,0.178,0.356,0.424,0.724,9268.0,463.72
316540,3165404,Sapucaí-Mirim (MG),31,Minas Gerais,0.319,0.0,0.56,0.396,0.612,555.0,340.61
316550,3165503,Sardoá (MG),31,Minas Gerais,0.316,0.046,0.423,0.479,0.688,674.0,396.35
316557,3165578,Senador Amaral (MG),31,Minas Gerais,0.203,0.001,0.265,0.344,0.712,1491.0,425.79
316560,3165602,Senador Cortes (MG),31,Minas Gerais,0.247,0.0,0.42,0.322,0.634,425.0,317.58
316570,3165701,Senador Firmino (MG),31,Minas Gerais,0.298,0.008,0.469,0.416,0.65,738.0,397.74
316580,3165800,Senador José Bento (MG),31,Minas Gerais,0.266,0.151,0.267,0.38,0.708,864.0,484.45
316590,3165909,Senador Modestino Gonçalves (MG),31,Minas Gerais,0.3,0.054,0.356,0.491,0.68,677.0,324.35
316600,3166006,Senhora de Oliveira (MG),31,Minas Gerais,0.436,0.407,0.455,0.444,0.612,773.0,273.32
316610,3166105,Senhora do Porto (MG),31,Minas Gerais,0.431,0.341,0.433,0.519,0.64,522.0,343.58
316620,3166204,Senhora dos Remédios (MG),31,Minas Gerais,0.415,0.231,0.457,0.558,0.632,1847.0,246.36
316630,3166303,Sericita (MG),31,Minas Gerais,0.345,0.113,0.579,0.343,0.627,1185.0,376.25
316640,3166402,Seritinga (MG),31,Minas Gerais,0.205,0.0,0.298,0.317,0.718,737.0,486.28
316680,3166808,Serra do Salitre (MG),31,Minas Gerais,0.33,0.271,0.428,0.293,0.695,1936.0,460.58
316670,3166709,Serra dos Aimorés (MG),31,Minas Gerais,0.402,0.197,0.492,0.517,0.635,2449.0,332.02
316690,3166907,Serrania (MG),31,Minas Gerais,0.331,0.14,0.55,0.304,0.63,1278.0,334.35
316700,3167004,Serranos (MG),31,Minas Gerais,0.257,0.017,0.424,0.328,0.597,281.0,428.55
316695,3166956,Serranópolis de Minas (MG),31,Minas Gerais,0.277,0.097,0.331,0.403,0.707,688.0,347.87
316720,3167202,Sete Lagoas (MG),31,Minas Gerais,0.237,0.113,0.274,0.325,0.753,70416.0,626.79
316555,3165552,Setubinha (MG),31,Minas Gerais,0.54,0.672,0.503,0.446,0.663,1227.0,340.2
316730,3167301,Silveirânia (MG),31,Minas Gerais,0.309,0.012,0.294,0.62,0.667,212.0,359.25
316740,3167400,Silvianópolis (MG),31,Minas Gerais,0.25,0.0,0.438,0.311,0.613,599.0,355.14
316760,3167608,Simonésia (MG),31,Minas Gerais,0.335,0.235,0.389,0.38,0.674,1947.0,429.39
316770,3167707,Sobrália (MG),31,Minas Gerais,0.377,0.112,0.424,0.595,0.634,1294.0,318.1
316780,3167806,Soledade de Minas (MG),31,Minas Gerais,0.345,0.123,0.41,0.5,0.671,518.0,409.56
316080,3160801,São Bento Abade (MG),31,Minas Gerais,0.262,0.075,0.387,0.326,0.662,1347.0,374.94
316090,3160900,São Brás do Suaçuí (MG),31,Minas Gerais,0.366,0.219,0.476,0.402,0.686,941.0,463.52
316095,3160959,São Domingos das Dores (MG),31,Minas Gerais,0.295,0.0,0.509,0.375,0.647,779.0,339.68
316100,3161007,São Domingos do Prata (MG),31,Minas Gerais,0.253,0.076,0.284,0.398,0.677,3366.0,455.24
316110,3161106,São Francisco (MG),31,Minas Gerais,0.374,0.166,0.459,0.497,0.677,13786.0,348.27
316120,3161205,São Francisco de Paula (MG),31,Minas Gerais,0.246,0.022,0.432,0.283,0.646,1178.0,379.54
316130,3161304,São Francisco de Sales (MG),31,Minas Gerais,0.37,0.157,0.317,0.636,0.666,921.0,456.14
316140,3161403,São Francisco do Glória (MG),31,Minas Gerais,0.318,0.109,0.392,0.454,0.658,750.0,445.76
316150,3161502,São Geraldo (MG),31,Minas Gerais,0.297,0.113,0.471,0.308,0.62,2109.0,356.3
316165,3161650,São Geraldo do Baixio (MG),31,Minas Gerais,0.334,0.039,0.549,0.416,0.656,874.0,390.7
316170,3161700,São Gonçalo do Abaeté (MG),31,Minas Gerais,0.265,0.129,0.35,0.315,0.708,979.0,471.26
316180,3161809,São Gonçalo do Pará (MG),31,Minas Gerais,0.259,0.016,0.419,0.341,0.685,1593.0,432.19
316200,3162005,São Gonçalo do Sapucaí (MG),31,Minas Gerais,0.32,0.273,0.4,0.286,0.671,3699.0,442.98
316210,3162104,São Gotardo (MG),31,Minas Gerais,0.321,0.175,0.498,0.291,0.689,6909.0,547.27
316294,3162948,São José da Barra (MG),31,Minas Gerais,0.313,0.231,0.401,0.307,0.693,655.0,675.1
316310,3163102,São José da Varginha (MG),31,Minas Gerais,0.259,0.138,0.287,0.353,0.685,716.0,460.34
316320,3163201,São José do Alegre (MG),31,Minas Gerais,0.282,0.0,0.466,0.379,0.699,504.0,410.64
316330,3163300,São José do Divino (MG),31,Minas Gerais,0.384,0.033,0.491,0.628,0.684,1027.0,339.35
316340,3163409,São José do Goiabal (MG),31,Minas Gerais,0.316,0.207,0.306,0.434,0.676,1324.0,466.31
316350,3163508,São José do Jacuri (MG),31,Minas Gerais,0.371,0.13,0.531,0.452,0.657,723.0,363.4
316360,3163607,São José do Mantimento (MG),31,Minas Gerais,0.396,0.0,0.552,0.634,0.583,388.0,301.95
316220,3162203,São João Batista do Glória (MG),31,Minas Gerais,0.248,0.0,0.42,0.325,0.66,616.0,464.62
316250,3162500,São João Del Rei (MG),31,Minas Gerais,0.225,0.051,0.298,0.325,0.719,17145.0,510.78
316280,3162807,São João Evangelista (MG),31,Minas Gerais,0.329,0.058,0.511,0.419,0.654,3798.0,367.36
316290,3162906,São João Nepomuceno (MG),31,Minas Gerais,0.24,0.0,0.381,0.338,0.659,5154.0,436.99
316225,3162252,São João da Lagoa (MG),31,Minas Gerais,0.418,0.36,0.384,0.509,0.665,924.0,275.67
316230,3162302,São João da Mata (MG),31,Minas Gerais,0.196,0.009,0.302,0.279,0.717,874.0,582.65
316240,3162401,São João da Ponte (MG),31,Minas Gerais,0.46,0.484,0.412,0.484,0.632,3032.0,324.39
316255,3162559,São João do Manhuaçu (MG),31,Minas Gerais,0.262,0.015,0.469,0.301,0.66,1305.0,427.47
316257,3162575,São João do Manteninha (MG),31,Minas Gerais,0.35,0.107,0.37,0.573,0.658,972.0,361.04
316260,3162609,São João do Oriente (MG),31,Minas Gerais,0.411,0.146,0.492,0.596,0.632,1994.0,349.19
316270,3162708,São João do Paraíso (MG),31,Minas Gerais,0.444,0.306,0.505,0.519,0.667,3369.0,314.72
316370,3163706,São Lourenço (MG),31,Minas Gerais,0.217,0.012,0.318,0.322,0.682,6015.0,555.88
316380,3163805,São Miguel do Anta (MG),31,Minas Gerais,0.34,0.07,0.508,0.441,0.619,1133.0,327.01
316390,3163904,São Pedro da União (MG),31,Minas Gerais,0.216,0.003,0.354,0.29,0.705,1360.0,547.58
316410,3164100,São Pedro do Suaçuí (MG),31,Minas Gerais,0.471,0.377,0.475,0.561,0.67,895.0,358.24
316400,3164001,São Pedro dos Ferros (MG),31,Minas Gerais,0.362,0.158,0.431,0.497,0.654,2322.0,332.22
316430,3164308,São Roque de Minas (MG),31,Minas Gerais,0.327,0.008,0.492,0.482,0.667,573.0,470.61
316440,3164407,São Sebastião da Bela Vista (MG),31,Minas Gerais,0.267,0.007,0.519,0.274,0.637,795.0,398.15
316443,3164431,São Sebastião da Vargem Alegre (MG),31,Minas Gerais,0.232,0.012,0.281,0.401,0.695,779.0,491.07
316447,3164472,São Sebastião do Anta (MG),31,Minas Gerais,0.441,0.262,0.539,0.522,0.638,1383.0,317.62
316450,3164506,São Sebastião do Maranhão (MG),31,Minas Gerais,0.386,0.221,0.534,0.404,0.654,1297.0,271.76
316460,3164605,São Sebastião do Oeste (MG),31,Minas Gerais,0.23,0.018,0.362,0.31,0.609,535.0,432.61
316470,3164704,São Sebastião do Paraíso (MG),31,Minas Gerais,0.356,0.401,0.376,0.292,0.694,9327.0,554.47
316480,3164803,São Sebastião do Rio Preto (MG),31,Minas Gerais,0.239,0.091,0.296,0.331,0.685,261.0,456.57
316490,3164902,São Sebastião do Rio Verde (MG),31,Minas Gerais,0.221,0.0,0.32,0.344,0.706,679.0,508.72
316520,3165206,São Thomé das Letras (MG),31,Minas Gerais,0.361,0.335,0.379,0.368,0.683,791.0,350.99
316500,3165008,São Tiago (MG),31,Minas Gerais,0.304,0.16,0.413,0.341,0.641,1674.0,382.22
316510,3165107,São Tomás de Aquino (MG),31,Minas Gerais,0.271,0.136,0.339,0.337,0.673,1227.0,521.97
316530,3165305,São Vicente de Minas (MG),31,Minas Gerais,0.264,0.0,0.409,0.384,0.658,1699.0,337.65
316790,3167905,Tabuleiro (MG),31,Minas Gerais,0.287,0.02,0.431,0.411,0.641,679.0,359.59
316800,3168002,Taiobeiras (MG),31,Minas Gerais,0.33,0.136,0.416,0.439,0.683,7680.0,372.2
316805,3168051,Taparuba (MG),31,Minas Gerais,0.355,0.25,0.457,0.358,0.646,900.0,316.29
316810,3168101,Tapira (MG),31,Minas Gerais,0.301,0.242,0.316,0.346,0.694,521.0,628.95
316820,3168200,Tapiraí (MG),31,Minas Gerais,0.403,0.16,0.635,0.415,0.605,377.0,386.22
316840,3168408,Tarumirim (MG),31,Minas Gerais,0.35,0.037,0.473,0.541,0.642,2485.0,352.7
316850,3168507,Teixeiras (MG),31,Minas Gerais,0.297,0.02,0.353,0.517,0.666,1792.0,424.12
316860,3168606,Teófilo Otoni (MG),31,Minas Gerais,0.324,0.122,0.412,0.437,0.704,40141.0,501.75
316870,3168705,Timóteo (MG),31,Minas Gerais,0.248,0.063,0.285,0.395,0.747,23722.0,614.43
316880,3168804,Tiradentes (MG),31,Minas Gerais,0.174,0.106,0.217,0.2,0.691,1075.0,478.54
316890,3168903,Tiros (MG),31,Minas Gerais,0.324,0.229,0.418,0.326,0.673,808.0,460.1
316900,3169000,Tocantins (MG),31,Minas Gerais,0.217,0.009,0.342,0.3,0.674,3393.0,456.1
316905,3169059,Tocos do Moji (MG),31,Minas Gerais,0.26,0.008,0.311,0.46,0.712,1806.0,481.73
316910,3169109,Toledo (MG),31,Minas Gerais,0.256,0.198,0.335,0.235,0.699,1072.0,510.72
316920,3169208,Tombos (MG),31,Minas Gerais,0.331,0.009,0.449,0.535,0.682,1783.0,445.71
316930,3169307,Três Corações (MG),31,Minas Gerais,0.333,0.162,0.43,0.407,0.698,17025.0,487.06
316935,3169356,Três Marias (MG),31,Minas Gerais,0.302,0.184,0.356,0.366,0.739,9350.0,576.28
316940,3169406,Três Pontas (MG),31,Minas Gerais,0.271,0.103,0.372,0.339,0.697,10918.0,450.06
316950,3169505,Tumiritinga (MG),31,Minas Gerais,0.393,0.162,0.472,0.543,0.62,1586.0,353.62
316960,3169604,Tupaciguara (MG),31,Minas Gerais,0.359,0.116,0.468,0.493,0.681,5249.0,541.85
316970,3169703,Turmalina (MG),31,Minas Gerais,0.278,0.05,0.376,0.408,0.714,3786.0,412.28
316980,3169802,Turvolândia (MG),31,Minas Gerais,0.234,0.0,0.343,0.36,0.631,514.0,471.32
317005,3170057,Ubaporanga (MG),31,Minas Gerais,0.364,0.187,0.449,0.457,0.651,2175.0,336.72
317000,3170008,Ubaí (MG),31,Minas Gerais,0.579,0.509,0.476,0.753,0.652,2165.0,250.45
317010,3170107,Uberaba (MG),31,Minas Gerais,0.238,0.133,0.302,0.279,0.73,52843.0,643.1
317020,3170206,Uberlândia (MG),31,Minas Gerais,0.296,0.372,0.279,0.237,0.754,126469.0,706.03
316990,3169901,Ubá (MG),31,Minas Gerais,0.273,0.071,0.428,0.321,0.683,22050.0,509.44
317043,3170438,União de Minas (MG),31,Minas Gerais,0.329,0.004,0.493,0.491,0.673,630.0,391.7
317052,3170529,Urucuia (MG),31,Minas Gerais,0.34,0.05,0.406,0.565,0.672,2637.0,293.3
317057,3170578,Vargem Alegre (MG),31,Minas Gerais,0.376,0.034,0.548,0.547,0.637,1457.0,419.27
317060,3170602,Vargem Bonita (MG),31,Minas Gerais,0.224,0.005,0.426,0.241,0.665,372.0,400.89
317065,3170651,Vargem Grande do Rio Pardo (MG),31,Minas Gerais,0.416,0.179,0.45,0.619,0.66,687.0,280.15
317070,3170701,Varginha (MG),31,Minas Gerais,0.225,0.061,0.321,0.293,0.735,24614.0,565.28
317075,3170750,Varjão de Minas (MG),31,Minas Gerais,0.362,0.321,0.384,0.38,0.712,1276.0,463.0
317090,3170909,Varzelândia (MG),31,Minas Gerais,0.39,0.325,0.398,0.447,0.667,3074.0,303.26
317100,3171006,Vazante (MG),31,Minas Gerais,0.23,0.005,0.296,0.388,0.723,4815.0,528.76
317107,3171071,Veredinha (MG),31,Minas Gerais,0.4,0.368,0.362,0.471,0.668,1195.0,325.76
317115,3171154,Vermelho Novo (MG),31,Minas Gerais,0.451,0.357,0.557,0.439,0.617,606.0,332.33
317110,3171105,Veríssimo (MG),31,Minas Gerais,0.334,0.028,0.531,0.442,0.628,607.0,443.31
317140,3171402,Vieiras (MG),31,Minas Gerais,0.283,0.013,0.444,0.39,0.66,748.0,310.24
317160,3171600,Virgem da Lapa (MG),31,Minas Gerais,0.399,0.038,0.453,0.706,0.684,2760.0,366.67
317180,3171808,Virginópolis (MG),31,Minas Gerais,0.284,0.166,0.309,0.378,0.678,2093.0,389.93
317190,3171907,Virgolândia (MG),31,Minas Gerais,0.419,0.314,0.44,0.504,0.627,1255.0,314.21
317170,3171709,Virgínia (MG),31,Minas Gerais,0.213,0.0,0.33,0.309,0.731,2105.0,546.49
317200,3172004,Visconde do Rio Branco (MG),31,Minas Gerais,0.261,0.003,0.481,0.299,0.676,8328.0,507.97
317130,3171303,Viçosa (MG),31,Minas Gerais,0.24,0.111,0.29,0.319,0.721,17959.0,579.71
317210,3172103,Volta Grande (MG),31,Minas Gerais,0.346,0.177,0.437,0.424,0.663,1144.0,382.77
317080,3170800,Várzea da Palma (MG),31,Minas Gerais,0.4,0.154,0.518,0.528,0.666,11805.0,364.98
317220,3172202,Wenceslau Braz (MG),31,Minas Gerais,0.306,0.119,0.434,0.366,0.678,1265.0,424.2
310060,3100609,Água Boa (MG),31,Minas Gerais,0.483,0.378,0.55,0.522,0.625,2828.0,338.57
310070,3100708,Água Comprida (MG),31,Minas Gerais,0.245,0.0,0.473,0.263,0.611,361.0,536.55
310090,3100906,Águas Formosas (MG),31,Minas Gerais,0.43,0.155,0.492,0.644,0.655,5039.0,361.28
310100,3101003,Águas Vermelhas (MG),31,Minas Gerais,0.462,0.267,0.633,0.486,0.612,3329.0,290.34
310930,3109303,Buritis (MG),31,Minas Gerais,0.288,0.05,0.399,0.415,0.712,5689.0,510.12
310945,3109451,Cabeceira Grande (MG),31,Minas Gerais,0.365,0.283,0.4,0.411,0.66,1683.0,337.06
317040,3170404,Unaí (MG),31,Minas Gerais,0.264,0.1,0.346,0.347,0.731,17992.0,550.5
310620,3106200,Belo Horizonte (MG),31,Minas Gerais,0.311,0.406,0.27,0.255,0.768,647177.0,878.89
310670,3106705,Betim (MG),31,Minas Gerais,0.355,0.412,0.308,0.345,0.732,123413.0,548.46
310900,3109006,Brumadinho (MG),31,Minas Gerais,0.223,0.178,0.22,0.27,0.725,6908.0,606.32
311000,3110004,Caeté (MG),31,Minas Gerais,0.348,0.341,0.315,0.387,0.709,12072.0,520.82
311250,3112505,Capim Branco (MG),31,Minas Gerais,0.279,0.188,0.318,0.329,0.706,3057.0,469.36
311787,3117876,Confins (MG),31,Minas Gerais,0.189,0.063,0.235,0.27,0.759,2278.0,616.88
311860,3118601,Contagem (MG),31,Minas Gerais,0.331,0.404,0.293,0.297,0.746,182756.0,665.91
312410,3124104,Esmeraldas (MG),31,Minas Gerais,0.429,0.502,0.397,0.39,0.667,19998.0,392.43
312600,3126000,Florestal (MG),31,Minas Gerais,0.236,0.132,0.244,0.333,0.732,1457.0,649.06
312980,3129806,Ibirité (MG),31,Minas Gerais,0.374,0.414,0.358,0.35,0.693,54456.0,445.7
313010,3130101,Igarapé (MG),31,Minas Gerais,0.354,0.233,0.419,0.41,0.69,10184.0,466.43
313220,3132206,Itaguara (MG),31,Minas Gerais,0.211,0.0,0.353,0.28,0.673,1501.0,424.85
313370,3133709,Itatiaiuçu (MG),31,Minas Gerais,0.273,0.105,0.335,0.378,0.682,1643.0,412.47
313460,3134608,Jaboticatubas (MG),31,Minas Gerais,0.335,0.22,0.382,0.401,0.685,4047.0,421.6
313665,3136652,Juatuba (MG),31,Minas Gerais,0.34,0.223,0.375,0.422,0.712,7051.0,455.85
313760,3137601,Lagoa Santa (MG),31,Minas Gerais,0.273,0.162,0.348,0.309,0.737,14347.0,727.22
314070,3140704,Mateus Leme (MG),31,Minas Gerais,0.389,0.319,0.398,0.449,0.665,7063.0,418.74
314110,3141108,Matozinhos (MG),31,Minas Gerais,0.261,0.114,0.294,0.374,0.72,11235.0,511.53
314015,3140159,Mário Campos (MG),31,Minas Gerais,0.391,0.418,0.363,0.391,0.691,3964.0,450.18
314480,3144805,Nova Lima (MG),31,Minas Gerais,0.27,0.351,0.22,0.239,0.749,25486.0,712.43
313660,3136603,Nova União (MG),31,Minas Gerais,0.334,0.029,0.405,0.568,0.677,969.0,394.98
314930,3149309,Pedro Leopoldo (MG),31,Minas Gerais,0.204,0.062,0.265,0.284,0.756,17595.0,614.96
315390,3153905,Raposos (MG),31,Minas Gerais,0.343,0.407,0.289,0.334,0.746,5335.0,774.44
315460,3154606,Ribeirão das Neves (MG),31,Minas Gerais,0.38,0.432,0.378,0.33,0.69,105086.0,444.49
315530,3155306,Rio Manso (MG),31,Minas Gerais,0.308,0.204,0.4,0.321,0.656,986.0,443.93
315670,3156700,Sabará (MG),31,Minas Gerais,0.351,0.43,0.328,0.297,0.735,44460.0,554.89
315780,3157807,Santa Luzia (MG),31,Minas Gerais,0.358,0.419,0.338,0.316,0.706,73686.0,494.49
316553,3165537,Sarzedo (MG),31,Minas Gerais,0.362,0.407,0.321,0.357,0.713,8238.0,542.21
316292,3162922,São Joaquim de Bicas (MG),31,Minas Gerais,0.356,0.138,0.508,0.422,0.664,6149.0,448.31
316295,3162955,São José da Lapa (MG),31,Minas Gerais,0.319,0.348,0.278,0.33,0.72,3714.0,492.19
317120,3171204,Vespasiano (MG),31,Minas Gerais,0.372,0.429,0.369,0.318,0.686,37004.0,494.61
330010,3300100,Angra dos Reis (RJ),33,Rio de Janeiro,0.29,0.15,0.366,0.353,0.706,36122.0,650.75
330015,3300159,Aperibé (RJ),33,Rio de Janeiro,0.325,0.168,0.395,0.413,0.702,1313.0,422.78
330020,3300209,Araruama (RJ),33,Rio de Janeiro,0.32,0.16,0.364,0.436,0.685,28723.0,507.45
330022,3300225,Areal (RJ),33,Rio de Janeiro,0.329,0.206,0.39,0.392,0.639,2373.0,386.87
330023,3300233,Armação dos Búzios (RJ),33,Rio de Janeiro,0.233,0.015,0.374,0.309,0.703,6065.0,596.8
330025,3300258,Arraial do Cabo (RJ),33,Rio de Janeiro,0.255,0.036,0.31,0.419,0.715,5895.0,538.44
330040,3300407,Barra Mansa (RJ),33,Rio de Janeiro,0.266,0.129,0.324,0.346,0.708,43571.0,522.39
330030,3300308,Barra do Piraí (RJ),33,Rio de Janeiro,0.266,0.065,0.319,0.415,0.723,27062.0,573.97
330050,3300506,Bom Jardim (RJ),33,Rio de Janeiro,0.28,0.169,0.392,0.28,0.606,3394.0,409.63
330060,3300605,Bom Jesus do Itabapoana (RJ),33,Rio de Janeiro,0.283,0.059,0.322,0.468,0.706,7038.0,454.53
330070,3300704,Cabo Frio (RJ),33,Rio de Janeiro,0.259,0.033,0.368,0.375,0.704,34738.0,593.37
330090,3300902,Cambuci (RJ),33,Rio de Janeiro,0.257,0.024,0.353,0.393,0.672,2646.0,383.33
330100,3301009,Campos dos Goytacazes (RJ),33,Rio de Janeiro,0.344,0.22,0.379,0.433,0.689,109320.0,492.88
330110,3301108,Cantagalo (RJ),33,Rio de Janeiro,0.281,0.042,0.383,0.419,0.672,5007.0,464.93
330093,3300936,Carapebus (RJ),33,Rio de Janeiro,0.241,0.027,0.305,0.392,0.746,2946.0,640.39
330115,3301157,Cardoso Moreira (RJ),33,Rio de Janeiro,0.352,0.21,0.397,0.45,0.671,1534.0,411.13
330120,3301207,Carmo (RJ),33,Rio de Janeiro,0.289,0.055,0.398,0.415,0.675,3437.0,430.19
330130,3301306,Casimiro de Abreu (RJ),33,Rio de Janeiro,0.248,0.011,0.365,0.37,0.711,7057.0,626.24
330095,3300951,Comendador Levy Gasparian (RJ),33,Rio de Janeiro,0.229,0.002,0.275,0.41,0.686,2242.0,426.73
330140,3301405,Conceição de Macabu (RJ),33,Rio de Janeiro,0.363,0.289,0.404,0.396,0.72,5093.0,506.43
330150,3301504,Cordeiro (RJ),33,Rio de Janeiro,0.248,0.056,0.38,0.308,0.677,4466.0,455.08
330160,3301603,Duas Barras (RJ),33,Rio de Janeiro,0.291,0.013,0.395,0.465,0.636,1563.0,434.05
330180,3301801,Engenheiro Paulo de Frontin (RJ),33,Rio de Janeiro,0.238,0.024,0.289,0.403,0.706,2376.0,436.78
330187,3301876,Iguaba Grande (RJ),33,Rio de Janeiro,0.292,0.152,0.344,0.38,0.74,5518.0,818.68
330205,3302056,Italva (RJ),33,Rio de Janeiro,0.255,0.06,0.333,0.372,0.675,1991.0,491.48
330210,3302106,Itaocara (RJ),33,Rio de Janeiro,0.289,0.038,0.324,0.505,0.677,2968.0,439.26
330220,3302205,Itaperuna (RJ),33,Rio de Janeiro,0.255,0.063,0.312,0.389,0.705,22476.0,532.67
330225,3302254,Itatiaia (RJ),33,Rio de Janeiro,0.319,0.165,0.405,0.388,0.703,6704.0,588.09
330230,3302304,Laje do Muriaé (RJ),33,Rio de Janeiro,0.343,0.12,0.393,0.516,0.663,1753.0,357.5
330240,3302403,Macaé (RJ),33,Rio de Janeiro,0.335,0.38,0.326,0.298,0.741,57390.0,772.88
330245,3302452,Macuco (RJ),33,Rio de Janeiro,0.277,0.009,0.391,0.43,0.658,1219.0,338.7
330260,3302601,Mangaratiba (RJ),33,Rio de Janeiro,0.226,0.008,0.342,0.328,0.748,8832.0,727.08
330280,3302809,Mendes (RJ),33,Rio de Janeiro,0.348,0.284,0.361,0.4,0.726,4611.0,488.46
330290,3302908,Miguel Pereira (RJ),33,Rio de Janeiro,0.276,0.156,0.311,0.36,0.712,5602.0,505.02
330300,3303005,Miracema (RJ),33,Rio de Janeiro,0.306,0.069,0.356,0.493,0.687,7385.0,425.68
330310,3303104,Natividade (RJ),33,Rio de Janeiro,0.306,0.175,0.288,0.454,0.708,3037.0,463.73
330340,3303401,Nova Friburgo (RJ),33,Rio de Janeiro,0.225,0.099,0.335,0.242,0.698,21670.0,597.22
330380,3303807,Paraty (RJ),33,Rio de Janeiro,0.212,0.024,0.316,0.297,0.692,6203.0,582.5
330370,3303708,Paraíba do Sul (RJ),33,Rio de Janeiro,0.305,0.093,0.336,0.485,0.68,9905.0,432.63
330385,3303856,Paty do Alferes (RJ),33,Rio de Janeiro,0.382,0.377,0.36,0.411,0.657,4965.0,397.89
330390,3303906,Petrópolis (RJ),33,Rio de Janeiro,0.314,0.247,0.361,0.333,0.681,51553.0,519.75
330395,3303955,Pinheiral (RJ),33,Rio de Janeiro,0.27,0.005,0.452,0.354,0.685,5456.0,517.06
330400,3304003,Piraí (RJ),33,Rio de Janeiro,0.278,0.059,0.371,0.402,0.686,5494.0,534.39
330410,3304102,Porciúncula (RJ),33,Rio de Janeiro,0.31,0.066,0.396,0.468,0.683,3960.0,483.07
330411,3304110,Porto Real (RJ),33,Rio de Janeiro,0.269,0.019,0.391,0.396,0.689,4719.0,464.55
330412,3304128,Quatis (RJ),33,Rio de Janeiro,0.255,0.001,0.357,0.406,0.673,3197.0,423.49
330415,3304151,Quissamã (RJ),33,Rio de Janeiro,0.293,0.241,0.264,0.374,0.721,3932.0,591.06
330420,3304201,Resende (RJ),33,Rio de Janeiro,0.214,0.026,0.296,0.32,0.736,26159.0,616.94
330440,3304409,Rio Claro (RJ),33,Rio de Janeiro,0.33,0.228,0.41,0.351,0.677,2621.0,480.42
330450,3304508,Rio das Flores (RJ),33,Rio de Janeiro,0.236,0.002,0.407,0.299,0.673,1598.0,416.01
330452,3304524,Rio das Ostras (RJ),33,Rio de Janeiro,0.244,0.113,0.3,0.32,0.743,22920.0,756.35
330460,3304607,Santa Maria Madalena (RJ),33,Rio de Janeiro,0.265,0.09,0.322,0.382,0.655,1548.0,406.76
330470,3304706,Santo Antônio de Pádua (RJ),33,Rio de Janeiro,0.298,0.111,0.349,0.435,0.683,6293.0,485.54
330540,3305406,Sapucaia (RJ),33,Rio de Janeiro,0.277,0.094,0.361,0.376,0.682,3270.0,462.71
330550,3305505,Saquarema (RJ),33,Rio de Janeiro,0.32,0.114,0.416,0.431,0.682,17137.0,527.83
330560,3305604,Silva Jardim (RJ),33,Rio de Janeiro,0.312,0.034,0.414,0.488,0.649,5054.0,397.02
330570,3305703,Sumidouro (RJ),33,Rio de Janeiro,0.28,0.024,0.457,0.359,0.631,953.0,384.95
330480,3304805,São Fidélis (RJ),33,Rio de Janeiro,0.226,0.004,0.338,0.334,0.703,5722.0,514.65
330475,3304755,São Francisco de Itabapoana (RJ),33,Rio de Janeiro,0.374,0.171,0.408,0.542,0.647,4764.0,398.14
330513,3305133,São José de Ubá (RJ),33,Rio de Janeiro,0.258,0.011,0.317,0.447,0.672,745.0,394.79
330515,3305158,São José do Vale do Rio Preto (RJ),33,Rio de Janeiro,0.34,0.006,0.544,0.47,0.611,2695.0,348.53
330500,3305000,São João da Barra (RJ),33,Rio de Janeiro,0.272,0.026,0.342,0.447,0.667,5076.0,503.53
330520,3305208,São Pedro da Aldeia (RJ),33,Rio de Janeiro,0.299,0.147,0.379,0.372,0.694,20734.0,598.99
330530,3305307,São Sebastião do Alto (RJ),33,Rio de Janeiro,0.242,0.003,0.31,0.413,0.682,1145.0,393.46
330580,3305802,Teresópolis (RJ),33,Rio de Janeiro,0.302,0.116,0.409,0.381,0.666,25347.0,494.32
330590,3305901,Trajano de Moraes (RJ),33,Rio de Janeiro,0.262,0.079,0.324,0.382,0.672,1075.0,399.43
330600,3306008,Três Rios (RJ),33,Rio de Janeiro,0.261,0.063,0.357,0.363,0.697,21205.0,483.09
330610,3306107,Valença (RJ),33,Rio de Janeiro,0.262,0.061,0.339,0.386,0.692,15557.0,434.65
330615,3306156,Varre-Sai (RJ),33,Rio de Janeiro,0.276,0.0,0.381,0.446,0.648,1070.0,416.58
330620,3306206,Vassouras (RJ),33,Rio de Janeiro,0.186,0.005,0.241,0.312,0.71,5801.0,517.54
330630,3306305,Volta Redonda (RJ),33,Rio de Janeiro,0.236,0.122,0.284,0.301,0.74,61634.0,659.32
330045,3300456,Belford Roxo (RJ),33,Rio de Janeiro,0.42,0.501,0.363,0.396,0.685,162864.0,449.69
330080,3300803,Cachoeiras de Macacu (RJ),33,Rio de Janeiro,0.316,0.152,0.399,0.398,0.691,13292.0,496.47
330170,3301702,Duque de Caxias (RJ),33,Rio de Janeiro,0.402,0.457,0.364,0.384,0.703,278832.0,526.84
330185,3301850,Guapimirim (RJ),33,Rio de Janeiro,0.377,0.298,0.385,0.447,0.697,14931.0,503.42
330190,3301900,Itaboraí (RJ),33,Rio de Janeiro,0.437,0.496,0.375,0.439,0.68,69177.0,477.14
330200,3302007,Itaguaí (RJ),33,Rio de Janeiro,0.288,0.087,0.357,0.42,0.704,30469.0,537.73
330227,3302270,Japeri (RJ),33,Rio de Janeiro,0.482,0.529,0.471,0.444,0.662,33008.0,385.52
330250,3302502,Magé (RJ),33,Rio de Janeiro,0.427,0.461,0.386,0.433,0.697,68224.0,479.97
330270,3302700,Maricá (RJ),33,Rio de Janeiro,0.376,0.496,0.316,0.316,0.739,27078.0,725.52
330285,3302858,Mesquita (RJ),33,Rio de Janeiro,0.355,0.414,0.28,0.37,0.726,55294.0,559.41
330320,3303203,Nilópolis (RJ),33,Rio de Janeiro,0.333,0.404,0.265,0.33,0.744,46780.0,642.77
330330,3303302,Niterói (RJ),33,Rio de Janeiro,0.291,0.3,0.308,0.265,0.766,91692.0,996.95
330350,3303500,Nova Iguaçu (RJ),33,Rio de Janeiro,0.408,0.453,0.365,0.404,0.702,252701.0,486.04
330360,3303609,Paracambi (RJ),33,Rio de Janeiro,0.247,0.004,0.339,0.398,0.725,10809.0,530.17
330414,3304144,Queimados (RJ),33,Rio de Janeiro,0.42,0.463,0.4,0.397,0.679,45122.0,433.14
330430,3304300,Rio Bonito (RJ),33,Rio de Janeiro,0.234,0.085,0.273,0.344,0.724,11377.0,524.74
330455,3304557,Rio de Janeiro (RJ),33,Rio de Janeiro,0.334,0.41,0.304,0.29,0.754,1571657.0,834.18
330555,3305554,Seropédica (RJ),33,Rio de Janeiro,0.367,0.39,0.327,0.384,0.719,18449.0,529.31
330490,3304904,São Gonçalo (RJ),33,Rio de Janeiro,0.379,0.477,0.306,0.352,0.722,289250.0,567.47
330510,3305109,São João de Meriti (RJ),33,Rio de Janeiro,0.37,0.419,0.329,0.362,0.711,152683.0,527.94
330575,3305752,Tanguá (RJ),33,Rio de Janeiro,0.407,0.292,0.432,0.497,0.653,8750.0,391.18
350010,3500105,Adamantina (SP),35,São Paulo,0.228,0.16,0.256,0.267,0.716,3764.0,580.1
350020,3500204,Adolfo (SP),35,São Paulo,0.286,0.279,0.294,0.284,0.724,1599.0,648.87
350030,3500303,Aguaí (SP),35,São Paulo,0.412,0.349,0.494,0.394,0.636,4592.0,398.08
350070,3500709,Agudos (SP),35,São Paulo,0.272,0.159,0.327,0.331,0.695,5404.0,474.41
350080,3500808,Alfredo Marcondes (SP),35,São Paulo,0.362,0.409,0.272,0.406,0.708,515.0,479.66
350090,3500907,Altair (SP),35,São Paulo,0.238,0.0,0.406,0.309,0.664,621.0,453.4
350100,3501004,Altinópolis (SP),35,São Paulo,0.251,0.169,0.331,0.251,0.695,1859.0,504.0
350110,3501103,Alto Alegre (SP),35,São Paulo,0.241,0.114,0.339,0.27,0.718,1591.0,564.45
350150,3501509,Alvinlândia (SP),35,São Paulo,0.231,0.0,0.318,0.376,0.688,628.0,377.66
350190,3501905,Amparo (SP),35,São Paulo,0.182,0.014,0.332,0.199,0.73,5136.0,628.36
350170,3501707,Américo Brasiliense (SP),35,São Paulo,0.226,0.001,0.311,0.367,0.732,7444.0,539.12
350180,3501806,Américo de Campos (SP),35,São Paulo,0.2,0.0,0.24,0.361,0.71,493.0,476.08
350200,3502002,Analândia (SP),35,São Paulo,0.234,0.0,0.339,0.364,0.742,557.0,1049.04
350210,3502101,Andradina (SP),35,São Paulo,0.223,0.075,0.282,0.311,0.751,9868.0,693.5
350220,3502200,Angatuba (SP),35,São Paulo,0.432,0.379,0.483,0.434,0.699,1996.0,478.37
350230,3502309,Anhembi (SP),35,São Paulo,0.289,0.293,0.278,0.297,0.701,542.0,406.14
350240,3502408,Anhumas (SP),35,São Paulo,0.237,0.0,0.389,0.322,0.711,568.0,372.05
350260,3502606,Aparecida D'Oeste (SP),35,São Paulo,0.23,0.0,0.348,0.343,0.693,483.0,434.29
350270,3502705,Apiaí (SP),35,São Paulo,0.341,0.163,0.42,0.439,0.685,4493.0,382.53
350300,3503000,Aramina (SP),35,São Paulo,0.227,0.006,0.302,0.374,0.695,1116.0,571.82
350310,3503109,Arandu (SP),35,São Paulo,0.268,0.195,0.344,0.265,0.704,861.0,432.44
350320,3503208,Araraquara (SP),35,São Paulo,0.219,0.121,0.242,0.293,0.755,27312.0,620.91
350330,3503307,Araras (SP),35,São Paulo,0.281,0.12,0.353,0.37,0.713,14681.0,537.72
350280,3502804,Araçatuba (SP),35,São Paulo,0.214,0.067,0.277,0.297,0.755,29680.0,638.67
350335,3503356,Arco-Íris (SP),35,São Paulo,0.285,0.28,0.208,0.368,0.754,561.0,529.88
350340,3503406,Arealva (SP),35,São Paulo,0.334,0.275,0.384,0.344,0.741,659.0,467.48
350360,3503604,Areiópolis (SP),35,São Paulo,0.426,0.4,0.497,0.382,0.694,1711.0,496.93
350370,3503703,Ariranha (SP),35,São Paulo,0.38,0.29,0.423,0.428,0.682,1042.0,565.95
350395,3503950,Aspásia (SP),35,São Paulo,0.25,0.0,0.315,0.436,0.706,634.0,474.44
350400,3504008,Assis (SP),35,São Paulo,0.229,0.069,0.274,0.344,0.748,11022.0,572.95
350410,3504107,Atibaia (SP),35,São Paulo,0.321,0.253,0.367,0.341,0.706,14042.0,633.02
350420,3504206,Auriflama (SP),35,São Paulo,0.145,0.006,0.231,0.197,0.726,1538.0,566.67
350440,3504404,Avanhandava (SP),35,São Paulo,0.28,0.141,0.344,0.356,0.698,2236.0,445.43
350450,3504503,Avaré (SP),35,São Paulo,0.277,0.195,0.365,0.271,0.711,9700.0,534.44
350430,3504305,Avaí (SP),35,São Paulo,0.303,0.157,0.377,0.374,0.72,549.0,439.38
350460,3504602,Bady Bassitt (SP),35,São Paulo,0.154,0.0,0.259,0.202,0.71,1514.0,597.68
350510,3505104,Barbosa (SP),35,São Paulo,0.378,0.4,0.401,0.333,0.662,1192.0,452.2
350520,3505203,Bariri (SP),35,São Paulo,0.213,0.002,0.361,0.276,0.678,2885.0,455.6
350530,3505302,Barra Bonita (SP),35,São Paulo,0.156,0.0,0.218,0.251,0.723,4109.0,587.5
350535,3505351,Barra do Chapéu (SP),35,São Paulo,0.398,0.167,0.519,0.508,0.638,1391.0,263.48
350540,3505401,Barra do Turvo (SP),35,São Paulo,0.314,0.0,0.551,0.39,0.677,1022.0,406.2
350550,3505500,Barretos (SP),35,São Paulo,0.251,0.214,0.26,0.28,0.746,19107.0,589.63
350560,3505609,Barrinha (SP),35,São Paulo,0.382,0.401,0.409,0.338,0.701,7579.0,519.32
350500,3505005,Barão de Antonina (SP),35,São Paulo,0.223,0.015,0.276,0.378,0.741,953.0,617.69
350580,3505807,Bastos (SP),35,São Paulo,0.197,0.0,0.255,0.337,0.711,3718.0,475.65
350590,3505906,Batatais (SP),35,São Paulo,0.369,0.375,0.437,0.296,0.715,6411.0,708.5
350600,3506003,Bauru (SP),35,São Paulo,0.257,0.164,0.297,0.312,0.739,46840.0,622.68
350610,3506102,Bebedouro (SP),35,São Paulo,0.216,0.0,0.3,0.35,0.721,9987.0,539.72
350620,3506201,Bento de Abreu (SP),35,São Paulo,0.234,0.0,0.37,0.331,0.742,639.0,551.68
350630,3506300,Bernardino de Campos (SP),35,São Paulo,0.253,0.0,0.318,0.441,0.686,927.0,446.67
350640,3506409,Bilac (SP),35,São Paulo,0.179,0.005,0.353,0.178,0.727,860.0,539.56
350650,3506508,Birigui (SP),35,São Paulo,0.158,0.003,0.258,0.212,0.736,14814.0,559.24
350670,3506706,Boa Esperança do Sul (SP),35,São Paulo,0.39,0.4,0.43,0.341,0.643,2411.0,411.83
350680,3506805,Bocaina (SP),35,São Paulo,0.205,0.008,0.353,0.253,0.709,1064.0,575.82
350690,3506904,Bofete (SP),35,São Paulo,0.376,0.289,0.389,0.45,0.659,1270.0,455.88
350710,3507100,Bom Jesus dos Perdões (SP),35,São Paulo,0.2,0.0,0.325,0.274,0.69,1945.0,513.76
350715,3507159,Bom Sucesso de Itararé (SP),35,São Paulo,0.478,0.4,0.555,0.478,0.611,393.0,297.2
350730,3507308,Boracéia (SP),35,São Paulo,0.358,0.388,0.382,0.305,0.704,465.0,468.82
350740,3507407,Borborema (SP),35,São Paulo,0.27,0.0,0.384,0.427,0.698,1387.0,432.75
350745,3507456,Borebi (SP),35,São Paulo,0.255,0.0,0.379,0.387,0.678,391.0,462.25
350750,3507506,Botucatu (SP),35,São Paulo,0.288,0.229,0.318,0.316,0.732,13041.0,581.13
350760,3507605,Bragança Paulista (SP),35,São Paulo,0.221,0.066,0.275,0.322,0.724,14525.0,582.42
350770,3507704,Braúna (SP),35,São Paulo,0.246,0.0,0.464,0.273,0.66,808.0,521.86
350775,3507753,Brejo Alegre (SP),35,São Paulo,0.164,0.0,0.302,0.191,0.722,493.0,500.5
350780,3507803,Brodowski (SP),35,São Paulo,0.2,0.0,0.328,0.274,0.716,2641.0,563.46
350790,3507902,Brotas (SP),35,São Paulo,0.177,0.01,0.255,0.266,0.727,2604.0,492.2
350800,3508009,Buri (SP),35,São Paulo,0.48,0.417,0.483,0.539,0.63,1712.0,275.18
350810,3508108,Buritama (SP),35,São Paulo,0.292,0.182,0.351,0.344,0.721,2235.0,537.56
350820,3508207,Buritizal (SP),35,São Paulo,0.209,0.007,0.326,0.293,0.675,510.0,510.88
350480,3504800,Bálsamo (SP),35,São Paulo,0.289,0.4,0.281,0.186,0.748,760.0,583.52
350840,3508405,Cabreúva (SP),35,São Paulo,0.362,0.4,0.366,0.32,0.717,6789.0,537.7
350830,3508306,Cabrália Paulista (SP),35,São Paulo,0.383,0.4,0.47,0.279,0.669,553.0,408.07
350870,3508702,Caconde (SP),35,São Paulo,0.337,0.096,0.43,0.485,0.657,2075.0,361.72
350880,3508801,Cafelândia (SP),35,São Paulo,0.386,0.356,0.443,0.36,0.698,2290.0,490.7
350890,3508900,Caiabu (SP),35,São Paulo,0.294,0.254,0.262,0.366,0.728,738.0,498.89
350910,3509106,Caiuá (SP),35,São Paulo,0.259,0.013,0.356,0.409,0.673,1158.0,417.09
350925,3509254,Cajati (SP),35,São Paulo,0.337,0.114,0.45,0.446,0.677,4697.0,387.82
350930,3509304,Cajobi (SP),35,São Paulo,0.375,0.4,0.333,0.392,0.681,1321.0,463.3
350940,3509403,Cajuru (SP),35,São Paulo,0.346,0.163,0.508,0.368,0.68,2883.0,435.91
350945,3509452,Campina do Monte Alegre (SP),35,São Paulo,0.383,0.348,0.319,0.483,0.661,609.0,390.69
350960,3509601,Campo Limpo Paulista (SP),35,São Paulo,0.348,0.407,0.306,0.332,0.747,12577.0,590.72
350980,3509809,Campos Novos Paulista (SP),35,São Paulo,0.463,0.4,0.547,0.443,0.663,652.0,343.32
350990,3509908,Cananéia (SP),35,São Paulo,0.262,0.022,0.445,0.317,0.673,2000.0,433.0
351015,3510153,Canitar (SP),35,São Paulo,0.272,0.044,0.381,0.39,0.674,823.0,400.91
351040,3510401,Capivari (SP),35,São Paulo,0.239,0.013,0.364,0.341,0.691,6735.0,541.19
351020,3510203,Capão Bonito (SP),35,São Paulo,0.392,0.404,0.367,0.404,0.69,4481.0,410.15
351070,3510708,Cardoso (SP),35,São Paulo,0.281,0.013,0.424,0.407,0.687,2173.0,448.68
351080,3510807,Casa Branca (SP),35,São Paulo,0.22,0.006,0.303,0.35,0.696,3960.0,451.55
351100,3511003,Castilho (SP),35,São Paulo,0.302,0.093,0.41,0.402,0.718,2988.0,487.56
351110,3511102,Catanduva (SP),35,São Paulo,0.205,0.062,0.296,0.256,0.736,12900.0,577.78
351120,3511201,Catiguá (SP),35,São Paulo,0.197,0.002,0.304,0.284,0.713,1077.0,697.67
351130,3511300,Cedral (SP),35,São Paulo,0.13,0.005,0.187,0.196,0.789,3184.0,920.03
351140,3511409,Cerqueira César (SP),35,São Paulo,0.235,0.0,0.452,0.254,0.702,1546.0,501.47
351170,3511706,Charqueada (SP),35,São Paulo,0.252,0.009,0.362,0.385,0.68,1779.0,512.18
355720,3557204,Chavantes (SP),35,São Paulo,0.242,0.0,0.389,0.336,0.696,1667.0,452.18
351190,3511904,Clementina (SP),35,São Paulo,0.321,0.248,0.404,0.312,0.691,1227.0,467.06
351200,3512001,Colina (SP),35,São Paulo,0.391,0.343,0.376,0.455,0.699,3258.0,467.33
351210,3512100,Colômbia (SP),35,São Paulo,0.26,0.216,0.27,0.292,0.714,1007.0,483.0
351220,3512209,Conchal (SP),35,São Paulo,0.217,0.0,0.393,0.258,0.67,3594.0,405.99
351230,3512308,Conchas (SP),35,São Paulo,0.23,0.005,0.391,0.293,0.667,1197.0,467.71
351240,3512407,Cordeirópolis (SP),35,São Paulo,0.296,0.0,0.465,0.424,0.698,2282.0,608.11
351250,3512506,Coroados (SP),35,São Paulo,0.262,0.0,0.451,0.335,0.689,695.0,544.3
351260,3512605,Coronel Macedo (SP),35,São Paulo,0.47,0.41,0.391,0.609,0.642,478.0,338.91
351270,3512704,Corumbataí (SP),35,São Paulo,0.239,0.004,0.336,0.377,0.713,478.0,453.91
351290,3512902,Cosmorama (SP),35,São Paulo,0.29,0.225,0.355,0.289,0.683,529.0,436.35
351310,3513108,Cravinhos (SP),35,São Paulo,0.218,0.0,0.414,0.239,0.717,4809.0,564.73
351320,3513207,Cristais Paulista (SP),35,São Paulo,0.164,0.0,0.237,0.254,0.736,951.0,498.59
351330,3513306,Cruzália (SP),35,São Paulo,0.224,0.01,0.233,0.428,0.722,292.0,449.88
351090,3510906,Cássia dos Coqueiros (SP),35,São Paulo,0.31,0.007,0.478,0.444,0.666,348.0,397.43
351000,3510005,Cândido Mota (SP),35,São Paulo,0.337,0.296,0.306,0.409,0.696,3591.0,483.43
351010,3510104,Cândido Rodrigues (SP),35,São Paulo,0.125,0.002,0.202,0.17,0.799,1116.0,910.54
351370,3513702,Descalvado (SP),35,São Paulo,0.298,0.324,0.29,0.281,0.718,3074.0,628.85
351385,3513850,Dirce Reis (SP),35,São Paulo,0.266,0.0,0.32,0.478,0.706,233.0,458.9
351390,3513900,Divinolândia (SP),35,São Paulo,0.303,0.275,0.298,0.336,0.674,1133.0,539.04
351400,3514007,Dobrada (SP),35,São Paulo,0.234,0.0,0.396,0.306,0.694,1749.0,462.77
351410,3514106,Dois Córregos (SP),35,São Paulo,0.368,0.207,0.559,0.338,0.651,3148.0,391.14
351420,3514205,Dolcinópolis (SP),35,São Paulo,0.218,0.13,0.274,0.25,0.745,938.0,634.19
351430,3514304,Dourado (SP),35,São Paulo,0.227,0.198,0.256,0.226,0.752,3909.0,694.57
351440,3514403,Dracena (SP),35,São Paulo,0.205,0.0,0.325,0.289,0.729,5377.0,563.81
351450,3514502,Duartina (SP),35,São Paulo,0.234,0.164,0.285,0.253,0.702,1662.0,486.5
351460,3514601,Dumont (SP),35,São Paulo,0.196,0.0,0.295,0.295,0.713,1055.0,558.8
351470,3514700,Echaporã (SP),35,São Paulo,0.345,0.218,0.353,0.466,0.685,1009.0,423.72
351480,3514809,Eldorado (SP),35,São Paulo,0.289,0.0,0.359,0.509,0.693,1761.0,379.95
351490,3514908,Elias Fausto (SP),35,São Paulo,0.3,0.227,0.393,0.279,0.672,1605.0,454.5
351492,3514924,Elisiário (SP),35,São Paulo,0.201,0.0,0.313,0.29,0.759,1350.0,659.73
351495,3514957,Embaúba (SP),35,São Paulo,0.237,0.011,0.378,0.322,0.706,335.0,555.28
351512,3515129,Emilianópolis (SP),35,São Paulo,0.286,0.098,0.359,0.401,0.734,521.0,487.08
351518,3515186,Espírito Santo do Pinhal (SP),35,São Paulo,0.246,0.0,0.361,0.378,0.702,3696.0,555.0
351519,3515194,Espírito Santo do Turvo (SP),35,São Paulo,0.252,0.0,0.379,0.378,0.65,593.0,402.57
355730,3557303,Estiva Gerbi (SP),35,São Paulo,0.151,0.002,0.204,0.249,0.758,4008.0,730.73
351520,3515202,Estrela D'Oeste (SP),35,São Paulo,0.142,0.002,0.229,0.195,0.758,3439.0,700.8
351530,3515301,Estrela do Norte (SP),35,São Paulo,0.225,0.003,0.264,0.409,0.76,493.0,779.16
351535,3515350,Euclides da Cunha Paulista (SP),35,São Paulo,0.363,0.204,0.413,0.474,0.698,1792.0,426.83
351540,3515400,Fartura (SP),35,São Paulo,0.302,0.333,0.321,0.253,0.685,1107.0,408.55
351560,3515608,Fernando Prestes (SP),35,São Paulo,0.179,0.0,0.277,0.26,0.718,432.0,574.21
351550,3515509,Fernandópolis (SP),35,São Paulo,0.187,0.086,0.221,0.255,0.752,7157.0,649.44
351565,3515657,Fernão (SP),35,São Paulo,0.21,0.0,0.264,0.365,0.694,237.0,413.14
351580,3515806,Flora Rica (SP),35,São Paulo,0.389,0.41,0.338,0.419,0.733,371.0,430.98
351590,3515905,Floreal (SP),35,São Paulo,0.167,0.0,0.266,0.235,0.771,1242.0,696.24
351610,3516101,Florínia (SP),35,São Paulo,0.273,0.0,0.33,0.487,0.704,1292.0,466.77
351600,3516002,Flórida Paulista (SP),35,São Paulo,0.261,0.0,0.414,0.367,0.679,1904.0,484.71
351620,3516200,Franca (SP),35,São Paulo,0.222,0.105,0.292,0.269,0.744,46335.0,579.32
351650,3516507,Gabriel Monteiro (SP),35,São Paulo,0.128,0.001,0.142,0.24,0.796,1122.0,712.93
351670,3516705,Garça (SP),35,São Paulo,0.249,0.111,0.291,0.343,0.733,6830.0,493.85
351680,3516804,Gastão Vidigal (SP),35,São Paulo,0.251,0.006,0.315,0.431,0.724,647.0,523.41
351685,3516853,Gavião Peixoto (SP),35,São Paulo,0.279,0.199,0.366,0.272,0.697,744.0,505.95
351690,3516903,General Salgado (SP),35,São Paulo,0.323,0.274,0.384,0.31,0.719,1484.0,569.65
351700,3517000,Getulina (SP),35,São Paulo,0.288,0.118,0.432,0.315,0.686,1951.0,465.27
351710,3517109,Glicério (SP),35,São Paulo,0.231,0.0,0.453,0.241,0.68,631.0,477.97
351730,3517307,Guaimbê (SP),35,São Paulo,0.372,0.264,0.4,0.452,0.714,1281.0,444.13
351720,3517208,Guaiçara (SP),35,São Paulo,0.224,0.0,0.29,0.383,0.715,2072.0,462.03
351760,3517604,Guapiara (SP),35,São Paulo,0.473,0.409,0.496,0.512,0.655,3694.0,335.5
351750,3517505,Guapiaçu (SP),35,São Paulo,0.226,0.0,0.335,0.343,0.674,2075.0,553.94
351790,3517901,Guaraci (SP),35,São Paulo,0.483,0.401,0.509,0.539,0.702,1508.0,460.14
351800,3518008,Guarani D'Oeste (SP),35,São Paulo,0.245,0.122,0.26,0.355,0.751,897.0,528.51
351810,3518107,Guarantã (SP),35,São Paulo,0.348,0.268,0.347,0.429,0.698,1137.0,585.0
351820,3518206,Guararapes (SP),35,São Paulo,0.24,0.218,0.241,0.261,0.757,5681.0,614.54
351780,3517802,Guaraçaí (SP),35,São Paulo,0.245,0.0,0.343,0.392,0.709,1291.0,440.84
351850,3518503,Guareí (SP),35,São Paulo,0.288,0.018,0.373,0.472,0.626,947.0,410.78
351860,3518602,Guariba (SP),35,São Paulo,0.358,0.223,0.451,0.401,0.683,8567.0,473.38
351770,3517703,Guará (SP),35,São Paulo,0.421,0.372,0.474,0.416,0.684,4825.0,427.73
351885,3518859,Guatapará (SP),35,São Paulo,0.324,0.021,0.437,0.513,0.696,988.0,522.06
351740,3517406,Guaíra (SP),35,São Paulo,0.321,0.223,0.335,0.405,0.707,5930.0,470.19
351890,3518909,Guzolândia (SP),35,São Paulo,0.44,0.4,0.616,0.305,0.689,763.0,394.78
351660,3516606,Gália (SP),35,São Paulo,0.41,0.377,0.422,0.43,0.663,863.0,442.67
351900,3519006,Herculândia (SP),35,São Paulo,0.28,0.007,0.382,0.45,0.689,1846.0,399.49
351910,3519105,Iacanga (SP),35,São Paulo,0.247,0.003,0.37,0.367,0.723,1140.0,541.25
351920,3519204,Iacri (SP),35,São Paulo,0.352,0.322,0.373,0.362,0.689,964.0,467.0
351925,3519253,Iaras (SP),35,São Paulo,0.46,0.358,0.557,0.464,0.649,881.0,308.67
351930,3519303,Ibaté (SP),35,São Paulo,0.403,0.385,0.421,0.403,0.663,5211.0,452.87
351950,3519501,Ibirarema (SP),35,São Paulo,0.265,0.0,0.478,0.317,0.652,648.0,405.01
351940,3519402,Ibirá (SP),35,São Paulo,0.26,0.0,0.434,0.345,0.691,1129.0,466.25
351960,3519600,Ibitinga (SP),35,São Paulo,0.262,0.108,0.42,0.26,0.68,5913.0,524.85
351980,3519808,Icém (SP),35,São Paulo,0.315,0.285,0.337,0.322,0.72,1367.0,553.29
351990,3519907,Iepê (SP),35,São Paulo,0.372,0.159,0.556,0.402,0.679,791.0,471.6
352010,3520103,Igarapava (SP),35,São Paulo,0.372,0.409,0.334,0.373,0.7,6034.0,504.23
352000,3520004,Igaraçu do Tietê (SP),35,São Paulo,0.401,0.405,0.442,0.355,0.685,4000.0,497.69
352030,3520301,Iguape (SP),35,São Paulo,0.295,0.066,0.346,0.472,0.716,4146.0,525.27
352042,3520426,Ilha Comprida (SP),35,São Paulo,0.276,0.085,0.314,0.427,0.697,1810.0,503.12
352044,3520442,Ilha Solteira (SP),35,São Paulo,0.121,0.016,0.14,0.208,0.796,4962.0,779.65
352060,3520608,Indiana (SP),35,São Paulo,0.281,0.0,0.305,0.537,0.733,731.0,450.19
352070,3520707,Indiaporã (SP),35,São Paulo,0.216,0.007,0.273,0.367,0.75,1726.0,627.19
352080,3520806,Inúbia Paulista (SP),35,São Paulo,0.289,0.21,0.252,0.406,0.731,668.0,434.27
352090,3520905,Ipaussu (SP),35,São Paulo,0.277,0.095,0.366,0.368,0.686,1777.0,447.39
352110,3521101,Ipeúna (SP),35,São Paulo,0.206,0.0,0.311,0.307,0.713,887.0,510.97
352115,3521150,Ipiguá (SP),35,São Paulo,0.18,0.0,0.288,0.252,0.732,1359.0,585.53
352120,3521200,Iporanga (SP),35,São Paulo,0.375,0.4,0.27,0.455,0.728,829.0,387.14
352130,3521309,Ipuã (SP),35,São Paulo,0.322,0.103,0.463,0.401,0.692,2798.0,464.87
352140,3521408,Iracemápolis (SP),35,São Paulo,0.287,0.211,0.285,0.365,0.74,2723.0,593.7
352160,3521606,Irapuru (SP),35,São Paulo,0.356,0.271,0.374,0.424,0.699,1283.0,415.18
352150,3521507,Irapuã (SP),35,São Paulo,0.235,0.0,0.42,0.284,0.672,969.0,392.98
352170,3521705,Itaberá (SP),35,São Paulo,0.41,0.231,0.54,0.458,0.631,1386.0,309.61
352190,3521903,Itajobi (SP),35,São Paulo,0.232,0.011,0.451,0.233,0.694,823.0,489.26
352200,3522000,Itaju (SP),35,São Paulo,0.177,0.0,0.296,0.234,0.748,1118.0,629.22
352230,3522307,Itapetininga (SP),35,São Paulo,0.356,0.234,0.426,0.408,0.713,13377.0,483.97
352240,3522406,Itapeva (SP),35,São Paulo,0.287,0.084,0.372,0.406,0.689,8886.0,466.78
352260,3522604,Itapira (SP),35,São Paulo,0.298,0.218,0.359,0.318,0.698,6482.0,544.94
352265,3522653,Itapirapuã Paulista (SP),35,São Paulo,0.514,0.299,0.586,0.656,0.626,811.0,256.05
352280,3522802,Itaporanga (SP),35,São Paulo,0.498,0.407,0.508,0.579,0.657,1144.0,400.43
352300,3523008,Itapura (SP),35,São Paulo,0.255,0.097,0.318,0.349,0.709,915.0,554.26
352290,3522901,Itapuí (SP),35,São Paulo,0.386,0.336,0.488,0.335,0.663,1486.0,481.43
352320,3523206,Itararé (SP),35,São Paulo,0.366,0.144,0.464,0.489,0.657,4457.0,381.4
352330,3523305,Itariri (SP),35,São Paulo,0.341,0.12,0.415,0.489,0.69,2098.0,353.53
352350,3523503,Itatinga (SP),35,São Paulo,0.371,0.185,0.432,0.496,0.676,2292.0,444.58
352180,3521804,Itaí (SP),35,São Paulo,0.449,0.409,0.483,0.455,0.673,2470.0,454.62
352215,3522158,Itaóca (SP),35,São Paulo,0.274,0.032,0.34,0.451,0.716,552.0,387.95
352360,3523602,Itirapina (SP),35,São Paulo,0.393,0.4,0.437,0.342,0.711,1862.0,492.33
352370,3523701,Itirapuã (SP),35,São Paulo,0.239,0.0,0.386,0.329,0.674,973.0,371.3
352380,3523800,Itobi (SP),35,São Paulo,0.253,0.118,0.338,0.303,0.684,1061.0,431.84
352400,3524006,Itupeva (SP),35,São Paulo,0.176,0.0,0.29,0.238,0.74,6355.0,602.69
352410,3524105,Ituverava (SP),35,São Paulo,0.333,0.4,0.29,0.31,0.726,5825.0,617.15
352270,3522703,Itápolis (SP),35,São Paulo,0.343,0.4,0.417,0.211,0.671,3585.0,491.65
352420,3524204,Jaborandi (SP),35,São Paulo,0.263,0.0,0.398,0.392,0.69,1169.0,386.02
352430,3524303,Jaboticabal (SP),35,São Paulo,0.265,0.167,0.288,0.342,0.709,9466.0,536.98
352450,3524501,Jaci (SP),35,São Paulo,0.173,0.0,0.217,0.301,0.718,605.0,515.29
352460,3524600,Jacupiranga (SP),35,São Paulo,0.212,0.002,0.295,0.337,0.749,1546.0,533.77
352480,3524808,Jales (SP),35,São Paulo,0.278,0.263,0.273,0.299,0.713,4564.0,588.11
352510,3525102,Jardinópolis (SP),35,São Paulo,0.259,0.0,0.444,0.333,0.683,5623.0,497.37
352520,3525201,Jarinu (SP),35,São Paulo,0.342,0.305,0.352,0.368,0.725,3402.0,522.63
352530,3525300,Jaú (SP),35,São Paulo,0.201,0.002,0.323,0.278,0.705,13341.0,615.93
352540,3525409,Jeriquara (SP),35,São Paulo,0.305,0.0,0.562,0.354,0.648,544.0,368.14
352550,3525508,Joanópolis (SP),35,São Paulo,0.248,0.032,0.361,0.352,0.664,786.0,462.58
352570,3525706,José Bonifácio (SP),35,São Paulo,0.21,0.0,0.311,0.319,0.732,3251.0,603.92
352560,3525607,João Ramalho (SP),35,São Paulo,0.419,0.355,0.498,0.405,0.685,686.0,401.8
352590,3525904,Jundiaí (SP),35,São Paulo,0.219,0.112,0.286,0.259,0.754,39484.0,738.93
352600,3526001,Junqueirópolis (SP),35,São Paulo,0.226,0.131,0.28,0.268,0.723,2688.0,524.33
352610,3526100,Juquiá (SP),35,São Paulo,0.319,0.14,0.366,0.451,0.713,2819.0,434.95
352580,3525805,Júlio Mesquita (SP),35,São Paulo,0.265,0.097,0.338,0.36,0.687,1140.0,396.71
352640,3526407,Laranjal Paulista (SP),35,São Paulo,0.229,0.018,0.395,0.273,0.664,2844.0,496.2
352650,3526506,Lavínia (SP),35,São Paulo,0.223,0.003,0.269,0.397,0.711,890.0,502.29
352670,3526704,Leme (SP),35,São Paulo,0.38,0.363,0.448,0.328,0.674,12357.0,434.38
352680,3526803,Lençóis Paulista (SP),35,São Paulo,0.225,0.0,0.329,0.346,0.726,8655.0,576.15
352690,3526902,Limeira (SP),35,São Paulo,0.232,0.09,0.296,0.309,0.723,35877.0,598.23
352700,3527009,Lindóia (SP),35,São Paulo,0.293,0.303,0.393,0.183,0.709,679.0,531.93
352710,3527108,Lins (SP),35,São Paulo,0.239,0.12,0.299,0.296,0.736,12635.0,590.25
352725,3527256,Lourdes (SP),35,São Paulo,0.155,0.0,0.214,0.251,0.716,307.0,496.72
352730,3527306,Louveira (SP),35,São Paulo,0.181,0.0,0.318,0.225,0.762,5657.0,701.23
352750,3527504,Lucianópolis (SP),35,São Paulo,0.301,0.4,0.319,0.184,0.707,316.0,521.76
352740,3527405,Lucélia (SP),35,São Paulo,0.27,0.067,0.333,0.409,0.696,2504.0,460.67
352770,3527702,Luiziânia (SP),35,São Paulo,0.377,0.303,0.528,0.3,0.678,1281.0,442.7
352780,3527801,Lupércio (SP),35,São Paulo,0.291,0.107,0.446,0.32,0.68,866.0,396.2
352790,3527900,Lutécia (SP),35,São Paulo,0.247,0.0,0.418,0.323,0.711,562.0,448.06
352760,3527603,Luís Antônio (SP),35,São Paulo,0.343,0.099,0.486,0.445,0.707,1989.0,479.44
352800,3528007,Macatuba (SP),35,São Paulo,0.376,0.4,0.392,0.335,0.693,2756.0,493.42
352810,3528106,Macaubal (SP),35,São Paulo,0.172,0.003,0.247,0.267,0.753,3376.0,714.93
352820,3528205,Macedônia (SP),35,São Paulo,0.31,0.402,0.25,0.277,0.727,1410.0,568.09
352830,3528304,Magda (SP),35,São Paulo,0.178,0.0,0.254,0.28,0.768,1297.0,780.76
352860,3528601,Manduri (SP),35,São Paulo,0.267,0.256,0.267,0.279,0.76,3914.0,762.02
352870,3528700,Marabá Paulista (SP),35,São Paulo,0.352,0.144,0.382,0.529,0.694,561.0,388.38
352880,3528809,Maracaí (SP),35,São Paulo,0.218,0.003,0.291,0.36,0.747,2000.0,472.01
352885,3528858,Marapoama (SP),35,São Paulo,0.171,0.0,0.221,0.29,0.768,1077.0,815.07
352910,3529104,Marinópolis (SP),35,São Paulo,0.174,0.0,0.278,0.243,0.718,294.0,359.21
352890,3528908,Mariápolis (SP),35,São Paulo,0.253,0.0,0.39,0.368,0.657,518.0,437.33
352920,3529203,Martinópolis (SP),35,São Paulo,0.355,0.215,0.405,0.443,0.695,3678.0,467.76
352900,3529005,Marília (SP),35,São Paulo,0.268,0.188,0.279,0.337,0.744,34406.0,563.26
352930,3529302,Matão (SP),35,São Paulo,0.302,0.312,0.32,0.274,0.749,11773.0,778.11
352950,3529500,Mendonça (SP),35,São Paulo,0.194,0.004,0.3,0.278,0.712,480.0,546.97
352960,3529609,Meridiano (SP),35,São Paulo,0.163,0.003,0.174,0.314,0.76,1398.0,720.08
352965,3529658,Mesópolis (SP),35,São Paulo,0.234,0.0,0.384,0.318,0.653,299.0,380.94
352970,3529708,Miguelópolis (SP),35,São Paulo,0.414,0.229,0.447,0.565,0.681,3718.0,439.54
352980,3529807,Mineiros do Tietê (SP),35,São Paulo,0.225,0.004,0.408,0.263,0.671,1713.0,510.91
353000,3530003,Mira Estrela (SP),35,São Paulo,0.197,0.0,0.222,0.37,0.751,958.0,646.91
352990,3529906,Miracatu (SP),35,São Paulo,0.345,0.206,0.406,0.423,0.718,2433.0,414.42
353010,3530102,Mirandópolis (SP),35,São Paulo,0.258,0.004,0.391,0.379,0.701,3916.0,511.39
353020,3530201,Mirante do Paranapanema (SP),35,São Paulo,0.351,0.392,0.282,0.38,0.711,2232.0,465.49
353030,3530300,Mirassol (SP),35,São Paulo,0.266,0.185,0.314,0.299,0.737,6126.0,561.15
353040,3530409,Mirassolândia (SP),35,São Paulo,0.288,0.005,0.382,0.476,0.762,532.0,540.26
353050,3530508,Mococa (SP),35,São Paulo,0.285,0.31,0.221,0.324,0.727,8030.0,585.35
353070,3530706,Mogi Guaçu (SP),35,São Paulo,0.297,0.207,0.321,0.364,0.722,12338.0,537.99
353080,3530805,Moji Mirim (SP),35,São Paulo,0.276,0.158,0.325,0.345,0.715,8575.0,607.45
353090,3530904,Mombuca (SP),35,São Paulo,0.47,0.4,0.498,0.512,0.647,463.0,423.63
353120,3531209,Monte Alegre do Sul (SP),35,São Paulo,0.198,0.022,0.331,0.24,0.71,665.0,498.28
353130,3531308,Monte Alto (SP),35,São Paulo,0.298,0.407,0.229,0.259,0.727,5423.0,568.61
353140,3531407,Monte Aprazível (SP),35,São Paulo,0.252,0.32,0.239,0.197,0.787,10023.0,850.89
353150,3531506,Monte Azul Paulista (SP),35,São Paulo,0.287,0.163,0.282,0.416,0.692,2216.0,505.44
353160,3531605,Monte Castelo (SP),35,São Paulo,0.216,0.0,0.361,0.287,0.716,600.0,453.9
353100,3531001,Monções (SP),35,São Paulo,0.191,0.003,0.187,0.382,0.771,890.0,637.93
353190,3531902,Morro Agudo (SP),35,São Paulo,0.301,0.099,0.424,0.381,0.68,6982.0,480.81
353200,3532009,Morungaba (SP),35,São Paulo,0.308,0.412,0.338,0.174,0.707,1520.0,600.0
353205,3532058,Motuca (SP),35,São Paulo,0.263,0.0,0.423,0.368,0.707,595.0,505.0
353210,3532108,Murutinga do Sul (SP),35,São Paulo,0.23,0.013,0.341,0.336,0.68,717.0,462.61
353215,3532157,Nantes (SP),35,São Paulo,0.199,0.0,0.37,0.226,0.706,608.0,456.9
353220,3532207,Narandiba (SP),35,São Paulo,0.352,0.4,0.261,0.395,0.724,806.0,419.01
353240,3532405,Nazaré Paulista (SP),35,São Paulo,0.367,0.188,0.432,0.48,0.662,1767.0,470.0
353250,3532504,Neves Paulista (SP),35,São Paulo,0.138,0.001,0.245,0.167,0.776,4008.0,791.79
353260,3532603,Nhandeara (SP),35,São Paulo,0.215,0.21,0.2,0.237,0.772,4491.0,875.76
353270,3532702,Nipoã (SP),35,São Paulo,0.252,0.0,0.274,0.483,0.684,700.0,506.2
353280,3532801,Nova Aliança (SP),35,São Paulo,0.222,0.118,0.269,0.279,0.759,2478.0,690.46
353282,3532827,Nova Campina (SP),35,São Paulo,0.488,0.284,0.549,0.631,0.604,971.0,266.95
353284,3532843,Nova Canaã Paulista (SP),35,São Paulo,0.208,0.018,0.204,0.401,0.699,345.0,459.78
353286,3532868,Nova Castilho (SP),35,São Paulo,0.137,0.0,0.174,0.237,0.732,155.0,497.3
353290,3532900,Nova Europa (SP),35,São Paulo,0.3,0.211,0.425,0.263,0.698,1590.0,516.29
353300,3533007,Nova Granada (SP),35,São Paulo,0.376,0.406,0.34,0.383,0.706,3053.0,504.23
353310,3533106,Nova Guataporanga (SP),35,São Paulo,0.321,0.244,0.219,0.5,0.685,254.0,560.4
353320,3533205,Nova Independência (SP),35,São Paulo,0.163,0.003,0.253,0.232,0.724,512.0,476.73
353330,3533304,Nova Luzitânia (SP),35,São Paulo,0.196,0.0,0.373,0.215,0.745,651.0,546.93
353325,3533254,Novais (SP),35,São Paulo,0.376,0.402,0.358,0.369,0.686,938.0,503.77
353350,3533502,Novo Horizonte (SP),35,São Paulo,0.321,0.112,0.475,0.376,0.699,3640.0,498.16
353360,3533601,Nuporanga (SP),35,São Paulo,0.211,0.0,0.339,0.294,0.684,672.0,481.87
353370,3533700,Ocauçu (SP),35,São Paulo,0.245,0.0,0.36,0.375,0.675,657.0,397.44
353390,3533908,Olímpia (SP),35,São Paulo,0.215,0.001,0.333,0.311,0.714,6800.0,513.23
353400,3534005,Onda Verde (SP),35,São Paulo,0.242,0.0,0.315,0.41,0.709,672.0,496.69
353410,3534104,Oriente (SP),35,São Paulo,0.289,0.123,0.372,0.374,0.753,1215.0,515.89
353420,3534203,Orindiúva (SP),35,São Paulo,0.174,0.0,0.222,0.299,0.77,1087.0,589.91
353430,3534302,Orlândia (SP),35,São Paulo,0.264,0.101,0.361,0.328,0.727,7308.0,600.44
353450,3534500,Oscar Bressane (SP),35,São Paulo,0.239,0.0,0.329,0.387,0.71,424.0,467.87
353460,3534609,Osvaldo Cruz (SP),35,São Paulo,0.206,0.0,0.293,0.324,0.725,4306.0,539.3
353470,3534708,Ourinhos (SP),35,São Paulo,0.284,0.137,0.349,0.366,0.725,14027.0,553.12
353480,3534807,Ouro Verde (SP),35,São Paulo,0.421,0.309,0.524,0.43,0.663,1846.0,404.69
353475,3534757,Ouroeste (SP),35,São Paulo,0.292,0.209,0.249,0.417,0.739,1401.0,549.14
353490,3534906,Pacaembu (SP),35,São Paulo,0.333,0.21,0.393,0.395,0.696,1769.0,500.33
353500,3535002,Palestina (SP),35,São Paulo,0.412,0.405,0.503,0.328,0.672,1167.0,512.63
353510,3535101,Palmares Paulista (SP),35,São Paulo,0.303,0.204,0.418,0.287,0.721,2238.0,542.22
353520,3535200,Palmeira D'Oeste (SP),35,São Paulo,0.215,0.148,0.269,0.228,0.7,1079.0,446.81
353530,3535309,Palmital (SP),35,São Paulo,0.265,0.234,0.259,0.301,0.709,1766.0,499.3
353540,3535408,Panorama (SP),35,São Paulo,0.289,0.011,0.455,0.401,0.698,3033.0,462.65
353550,3535507,Paraguaçu Paulista (SP),35,São Paulo,0.365,0.403,0.309,0.382,0.716,6657.0,481.02
353580,3535804,Paranapanema (SP),35,São Paulo,0.33,0.19,0.426,0.373,0.675,1938.0,432.45
353590,3535903,Paranapuã (SP),35,São Paulo,0.246,0.003,0.373,0.362,0.675,559.0,443.49
353600,3536000,Parapuã (SP),35,São Paulo,0.255,0.002,0.336,0.427,0.705,1509.0,410.4
353570,3535705,Paraíso (SP),35,São Paulo,0.209,0.0,0.354,0.272,0.716,553.0,566.94
353610,3536109,Pardinho (SP),35,São Paulo,0.23,0.0,0.3,0.391,0.684,578.0,477.71
353620,3536208,Pariquera-Açu (SP),35,São Paulo,0.25,0.008,0.425,0.318,0.716,2497.0,439.27
353625,3536257,Parisi (SP),35,São Paulo,0.145,0.002,0.244,0.19,0.719,809.0,602.22
353630,3536307,Patrocínio Paulista (SP),35,São Paulo,0.32,0.2,0.376,0.383,0.713,1905.0,464.79
353640,3536406,Paulicéia (SP),35,São Paulo,0.325,0.0,0.509,0.466,0.652,1113.0,451.49
353657,3536570,Paulistânia (SP),35,São Paulo,0.186,0.004,0.265,0.29,0.742,583.0,571.39
353660,3536604,Paulo de Faria (SP),35,São Paulo,0.338,0.201,0.314,0.498,0.669,1952.0,407.59
353670,3536703,Pederneiras (SP),35,São Paulo,0.4,0.41,0.399,0.392,0.697,6121.0,531.68
353680,3536802,Pedra Bela (SP),35,São Paulo,0.257,0.029,0.438,0.305,0.669,516.0,375.56
353690,3536901,Pedranópolis (SP),35,São Paulo,0.195,0.0,0.291,0.294,0.765,798.0,588.83
353700,3537008,Pedregulho (SP),35,São Paulo,0.289,0.236,0.397,0.236,0.673,2178.0,428.4
353715,3537156,Pedrinhas Paulista (SP),35,São Paulo,0.12,0.007,0.185,0.169,0.788,1261.0,730.98
353720,3537206,Pedro de Toledo (SP),35,São Paulo,0.279,0.007,0.375,0.457,0.695,1646.0,360.38
353730,3537305,Penápolis (SP),35,São Paulo,0.243,0.105,0.323,0.301,0.705,7880.0,554.27
353740,3537404,Pereira Barreto (SP),35,São Paulo,0.276,0.106,0.356,0.366,0.727,5439.0,519.32
353750,3537503,Pereiras (SP),35,São Paulo,0.174,0.009,0.258,0.256,0.744,2506.0,693.34
353770,3537701,Piacatu (SP),35,São Paulo,0.419,0.4,0.509,0.347,0.675,836.0,412.98
353810,3538105,Pindorama (SP),35,São Paulo,0.409,0.404,0.477,0.346,0.687,1553.0,527.63
353820,3538204,Pinhalzinho (SP),35,São Paulo,0.376,0.416,0.404,0.31,0.671,1375.0,441.51
353830,3538303,Piquerobi (SP),35,São Paulo,0.302,0.01,0.504,0.393,0.682,730.0,417.46
353860,3538600,Piracaia (SP),35,São Paulo,0.29,0.063,0.441,0.366,0.678,2913.0,457.79
353870,3538709,Piracicaba (SP),35,São Paulo,0.286,0.243,0.32,0.295,0.725,47167.0,622.9
353880,3538808,Piraju (SP),35,São Paulo,0.225,0.163,0.236,0.276,0.769,13285.0,815.38
353890,3538907,Pirajuí (SP),35,São Paulo,0.335,0.247,0.355,0.402,0.692,2776.0,477.53
353900,3539004,Pirangi (SP),35,São Paulo,0.194,0.0,0.297,0.286,0.769,4729.0,750.71
353920,3539202,Pirapozinho (SP),35,São Paulo,0.336,0.315,0.32,0.372,0.738,5309.0,490.95
353930,3539301,Pirassununga (SP),35,São Paulo,0.266,0.283,0.25,0.266,0.743,7889.0,611.65
353940,3539400,Piratininga (SP),35,São Paulo,0.147,0.009,0.218,0.215,0.739,1317.0,576.1
353950,3539509,Pitangueiras (SP),35,São Paulo,0.318,0.132,0.43,0.39,0.694,7813.0,470.66
353960,3539608,Planalto (SP),35,São Paulo,0.286,0.005,0.35,0.504,0.679,504.0,403.83
353970,3539707,Platina (SP),35,São Paulo,0.339,0.162,0.397,0.459,0.678,458.0,402.1
353990,3539905,Poloni (SP),35,São Paulo,0.171,0.002,0.25,0.261,0.774,2447.0,799.23
354000,3540002,Pompéia (SP),35,São Paulo,0.165,0.0,0.24,0.257,0.748,3605.0,591.8
354010,3540101,Pongaí (SP),35,São Paulo,0.181,0.002,0.247,0.294,0.756,1430.0,683.12
354020,3540200,Pontal (SP),35,São Paulo,0.437,0.39,0.517,0.403,0.683,9864.0,516.99
354025,3540259,Pontalinda (SP),35,São Paulo,0.4,0.4,0.469,0.332,0.634,724.0,390.42
354030,3540309,Pontes Gestal (SP),35,São Paulo,0.186,0.0,0.335,0.223,0.742,1061.0,638.17
354040,3540408,Populina (SP),35,São Paulo,0.29,0.14,0.463,0.266,0.699,687.0,558.97
354050,3540507,Porangaba (SP),35,São Paulo,0.331,0.082,0.534,0.377,0.601,985.0,385.52
354070,3540705,Porto Ferreira (SP),35,São Paulo,0.336,0.334,0.372,0.302,0.686,7521.0,501.48
354080,3540804,Potirendaba (SP),35,São Paulo,0.205,0.0,0.287,0.329,0.691,1383.0,497.54
354090,3540903,Pradópolis (SP),35,São Paulo,0.204,0.0,0.332,0.279,0.708,2760.0,547.95
354105,3541059,Pratânia (SP),35,São Paulo,0.256,0.0,0.458,0.31,0.673,574.0,444.96
354110,3541109,Presidente Alves (SP),35,São Paulo,0.231,0.0,0.345,0.348,0.711,607.0,524.18
354120,3541208,Presidente Bernardes (SP),35,São Paulo,0.222,0.006,0.248,0.412,0.727,1528.0,480.59
354130,3541307,Presidente Epitácio (SP),35,São Paulo,0.291,0.112,0.306,0.455,0.737,9446.0,535.32
354140,3541406,Presidente Prudente (SP),35,São Paulo,0.228,0.148,0.259,0.276,0.753,32847.0,589.49
354150,3541505,Presidente Venceslau (SP),35,São Paulo,0.22,0.0,0.307,0.354,0.718,6567.0,527.81
354160,3541604,Promissão (SP),35,São Paulo,0.254,0.005,0.364,0.393,0.701,5327.0,533.83
354165,3541653,Quadra (SP),35,São Paulo,0.2,0.002,0.328,0.269,0.687,1529.0,602.16
354170,3541703,Quatá (SP),35,São Paulo,0.376,0.292,0.402,0.433,0.714,2524.0,497.9
354180,3541802,Queiroz (SP),35,São Paulo,0.353,0.284,0.374,0.4,0.672,651.0,421.5
354200,3542008,Quintana (SP),35,São Paulo,0.245,0.0,0.342,0.393,0.737,1241.0,473.76
354210,3542107,Rafard (SP),35,São Paulo,0.321,0.4,0.279,0.285,0.723,1045.0,525.36
354220,3542206,Rancharia (SP),35,São Paulo,0.237,0.002,0.375,0.333,0.696,4691.0,479.51
354240,3542404,Regente Feijó (SP),35,São Paulo,0.208,0.001,0.233,0.389,0.736,2837.0,502.44
354250,3542503,Reginópolis (SP),35,São Paulo,0.243,0.289,0.268,0.173,0.776,2190.0,736.52
354260,3542602,Registro (SP),35,São Paulo,0.292,0.108,0.343,0.426,0.709,8179.0,459.89
354270,3542701,Restinga (SP),35,São Paulo,0.309,0.0,0.45,0.476,0.704,1028.0,454.12
354280,3542800,Ribeira (SP),35,São Paulo,0.265,0.014,0.355,0.425,0.685,648.0,309.96
354290,3542909,Ribeirão Bonito (SP),35,São Paulo,0.378,0.404,0.423,0.306,0.671,2321.0,447.79
354300,3543006,Ribeirão Branco (SP),35,São Paulo,0.481,0.395,0.484,0.565,0.645,1323.0,253.67
354310,3543105,Ribeirão Corrente (SP),35,São Paulo,0.291,0.18,0.433,0.262,0.711,748.0,440.32
354325,3543253,Ribeirão Grande (SP),35,São Paulo,0.311,0.061,0.416,0.457,0.658,727.0,382.64
354340,3543402,Ribeirão Preto (SP),35,São Paulo,0.319,0.404,0.307,0.247,0.748,88574.0,699.8
354320,3543204,Ribeirão do Sul (SP),35,São Paulo,0.19,0.004,0.323,0.242,0.794,420.0,1976.43
354323,3543238,Ribeirão dos Índios (SP),35,São Paulo,0.357,0.312,0.335,0.422,0.689,374.0,384.49
354360,3543600,Rifaina (SP),35,São Paulo,0.251,0.004,0.427,0.322,0.713,485.0,549.23
354370,3543709,Rincão (SP),35,São Paulo,0.335,0.404,0.314,0.287,0.705,1752.0,448.5
354380,3543808,Rinópolis (SP),35,São Paulo,0.406,0.402,0.481,0.336,0.67,1452.0,415.43
354390,3543907,Rio Claro (SP),35,São Paulo,0.208,0.083,0.287,0.252,0.74,22026.0,591.97
354400,3544004,Rio das Pedras (SP),35,São Paulo,0.296,0.236,0.284,0.368,0.73,4895.0,530.49
354420,3544202,Riolândia (SP),35,São Paulo,0.453,0.335,0.509,0.514,0.672,1866.0,389.28
354350,3543501,Riversul (SP),35,São Paulo,0.45,0.162,0.574,0.613,0.589,709.0,252.84
354425,3544251,Rosana (SP),35,São Paulo,0.308,0.285,0.293,0.347,0.756,3728.0,602.49
354450,3544509,Rubinéia (SP),35,São Paulo,0.155,0.0,0.185,0.281,0.764,1200.0,653.82
354440,3544400,Rubiácea (SP),35,São Paulo,0.214,0.0,0.365,0.278,0.709,620.0,496.63
354460,3544608,Sabino (SP),35,São Paulo,0.378,0.4,0.365,0.37,0.698,800.0,477.24
354470,3544707,Sagres (SP),35,São Paulo,0.188,0.0,0.248,0.317,0.71,444.0,429.47
354480,3544806,Sales (SP),35,São Paulo,0.329,0.396,0.298,0.294,0.75,2402.0,616.09
354490,3544905,Sales Oliveira (SP),35,São Paulo,0.225,0.0,0.231,0.444,0.709,1115.0,515.06
354510,3545100,Salmourão (SP),35,São Paulo,0.333,0.086,0.499,0.413,0.671,1005.0,395.75
354515,3545159,Saltinho (SP),35,São Paulo,0.181,0.0,0.347,0.195,0.703,407.0,581.52
354540,3545407,Salto Grande (SP),35,São Paulo,0.445,0.346,0.484,0.505,0.641,1310.0,330.59
354550,3545506,Sandovalina (SP),35,São Paulo,0.257,0.0,0.36,0.412,0.718,721.0,447.82
354560,3545605,Santa Adélia (SP),35,São Paulo,0.274,0.028,0.419,0.374,0.695,1703.0,564.79
354570,3545704,Santa Albertina (SP),35,São Paulo,0.2,0.0,0.279,0.32,0.692,773.0,476.73
354610,3546108,Santa Clara D'Oeste (SP),35,São Paulo,0.183,0.0,0.258,0.292,0.69,240.0,437.03
354620,3546207,Santa Cruz da Conceição (SP),35,São Paulo,0.153,0.0,0.251,0.208,0.824,1391.0,1325.49
354625,3546256,Santa Cruz da Esperança (SP),35,São Paulo,0.423,0.406,0.37,0.492,0.721,288.0,466.34
354630,3546306,Santa Cruz das Palmeiras (SP),35,São Paulo,0.267,0.0,0.457,0.345,0.706,5599.0,830.86
354640,3546405,Santa Cruz do Rio Pardo (SP),35,São Paulo,0.225,0.001,0.419,0.254,0.674,4210.0,463.71
354650,3546504,Santa Ernestina (SP),35,São Paulo,0.293,0.276,0.262,0.341,0.724,1159.0,511.6
354660,3546603,Santa Fé do Sul (SP),35,São Paulo,0.201,0.0,0.283,0.318,0.77,3317.0,726.46
354670,3546702,Santa Gertrudes (SP),35,São Paulo,0.213,0.002,0.341,0.297,0.716,3514.0,602.92
354690,3546900,Santa Lúcia (SP),35,São Paulo,0.388,0.402,0.345,0.417,0.702,1504.0,454.3
354700,3547007,Santa Maria da Serra (SP),35,São Paulo,0.301,0.0,0.438,0.465,0.657,894.0,446.32
354710,3547106,Santa Mercedes (SP),35,São Paulo,0.196,0.003,0.251,0.335,0.729,649.0,478.94
354740,3547403,Santa Rita D'Oeste (SP),35,São Paulo,0.144,0.0,0.185,0.247,0.772,913.0,670.53
354750,3547502,Santa Rita do Passa Quatro (SP),35,São Paulo,0.283,0.017,0.388,0.443,0.715,2562.0,540.92
354760,3547601,Santa Rosa de Viterbo (SP),35,São Paulo,0.272,0.147,0.294,0.377,0.736,4007.0,588.21
354765,3547650,Santa Salete (SP),35,São Paulo,0.191,0.0,0.21,0.363,0.771,704.0,669.08
354720,3547205,Santana da Ponte Pensa (SP),35,São Paulo,0.105,0.0,0.186,0.13,0.797,556.0,890.38
354770,3547700,Santo Anastácio (SP),35,São Paulo,0.301,0.152,0.42,0.329,0.708,3424.0,441.66
354790,3547908,Santo Antônio da Alegria (SP),35,São Paulo,0.238,0.003,0.417,0.295,0.665,728.0,417.05
354805,3548054,Santo Antônio do Aracanguá (SP),35,São Paulo,0.305,0.4,0.242,0.272,0.774,1410.0,601.42
354810,3548104,Santo Antônio do Jardim (SP),35,São Paulo,0.277,0.0,0.397,0.434,0.649,622.0,521.73
354830,3548302,Santo Expedito (SP),35,São Paulo,0.291,0.132,0.277,0.465,0.702,603.0,371.75
354840,3548401,Santópolis do Aguapeí (SP),35,São Paulo,0.362,0.362,0.323,0.401,0.699,951.0,464.32
355120,3551207,Sarutaiá (SP),35,São Paulo,0.29,0.0,0.482,0.388,0.675,476.0,500.85
355130,3551306,Sebastianópolis do Sul (SP),35,São Paulo,0.189,0.0,0.175,0.391,0.777,1178.0,810.2
355140,3551405,Serra Azul (SP),35,São Paulo,0.347,0.415,0.318,0.308,0.692,1388.0,490.4
355160,3551603,Serra Negra (SP),35,São Paulo,0.205,0.004,0.362,0.248,0.68,2535.0,531.19
355150,3551504,Serrana (SP),35,São Paulo,0.28,0.211,0.397,0.232,0.696,9116.0,553.74
355170,3551702,Sertãozinho (SP),35,São Paulo,0.29,0.283,0.299,0.287,0.724,21804.0,676.12
355180,3551801,Sete Barras (SP),35,São Paulo,0.415,0.123,0.634,0.488,0.657,1612.0,361.68
355190,3551900,Severínia (SP),35,São Paulo,0.308,0.287,0.376,0.261,0.689,2997.0,492.78
355210,3552106,Socorro (SP),35,São Paulo,0.253,0.088,0.318,0.353,0.682,2213.0,527.28
355230,3552304,Sud Mennucci (SP),35,São Paulo,0.241,0.0,0.428,0.295,0.727,1341.0,529.64
355255,3552551,Suzanápolis (SP),35,São Paulo,0.275,0.022,0.423,0.381,0.709,856.0,481.96
354890,3548906,São Carlos (SP),35,São Paulo,0.272,0.25,0.285,0.281,0.751,27809.0,624.91
354900,3549003,São Francisco (SP),35,São Paulo,0.327,0.375,0.342,0.264,0.718,1081.0,511.72
354940,3549409,São Joaquim da Barra (SP),35,São Paulo,0.216,0.0,0.333,0.314,0.72,8684.0,566.34
354950,3549508,São José da Bela Vista (SP),35,São Paulo,0.308,0.072,0.467,0.386,0.654,1461.0,319.33
354970,3549706,São José do Rio Pardo (SP),35,São Paulo,0.24,0.002,0.363,0.355,0.707,6182.0,471.24
354980,3549805,São José do Rio Preto (SP),35,São Paulo,0.273,0.33,0.269,0.218,0.758,41956.0,755.41
354910,3549102,São João da Boa Vista (SP),35,São Paulo,0.234,0.126,0.256,0.321,0.751,7699.0,627.31
354920,3549201,São João das Duas Pontes (SP),35,São Paulo,0.141,0.0,0.211,0.211,0.738,994.0,520.55
354925,3549250,São João de Iracema (SP),35,São Paulo,0.28,0.24,0.28,0.32,0.716,333.0,435.85
354930,3549300,São João do Pau D'Alho (SP),35,São Paulo,0.142,0.0,0.252,0.174,0.757,865.0,660.85
355010,3550100,São Manuel (SP),35,São Paulo,0.336,0.419,0.316,0.274,0.716,5557.0,523.23
355040,3550407,São Pedro (SP),35,São Paulo,0.254,0.023,0.459,0.281,0.707,2687.0,627.66
355050,3550506,São Pedro do Turvo (SP),35,São Paulo,0.223,0.0,0.379,0.29,0.662,710.0,363.14
355080,3550803,São Sebastião da Grama (SP),35,São Paulo,0.263,0.011,0.474,0.304,0.615,1650.0,398.6
355090,3550902,São Simão (SP),35,São Paulo,0.235,0.002,0.323,0.38,0.726,1893.0,488.86
355260,3552601,Tabapuã (SP),35,São Paulo,0.209,0.0,0.33,0.299,0.696,1260.0,495.84
355270,3552700,Tabatinga (SP),35,São Paulo,0.248,0.003,0.465,0.276,0.67,1802.0,444.62
355290,3552908,Taciba (SP),35,São Paulo,0.343,0.407,0.297,0.325,0.698,1096.0,420.47
355300,3553005,Taguaí (SP),35,São Paulo,0.213,0.096,0.341,0.201,0.722,3932.0,602.88
355310,3553104,Taiaçu (SP),35,São Paulo,0.391,0.401,0.407,0.363,0.672,691.0,416.63
355320,3553203,Taiúva (SP),35,São Paulo,0.296,0.265,0.342,0.279,0.717,545.0,500.8
355330,3553302,Tambaú (SP),35,São Paulo,0.331,0.216,0.378,0.399,0.679,3400.0,471.14
355340,3553401,Tanabi (SP),35,São Paulo,0.244,0.0,0.388,0.345,0.718,2705.0,510.09
355360,3553609,Tapiratiba (SP),35,São Paulo,0.323,0.265,0.321,0.382,0.699,1690.0,504.58
355365,3553658,Taquaral (SP),35,São Paulo,0.261,0.277,0.267,0.24,0.758,1299.0,773.79
355370,3553708,Taquaritinga (SP),35,São Paulo,0.372,0.401,0.385,0.329,0.691,8157.0,457.89
355380,3553807,Taquarituba (SP),35,São Paulo,0.387,0.279,0.481,0.4,0.648,2505.0,434.27
355385,3553856,Taquarivaí (SP),35,São Paulo,0.353,0.015,0.608,0.436,0.623,466.0,290.1
355390,3553906,Tarabai (SP),35,São Paulo,0.4,0.38,0.365,0.456,0.7,1424.0,451.93
355395,3553955,Tarumã (SP),35,São Paulo,0.247,0.0,0.337,0.405,0.701,2463.0,473.3
355420,3554201,Tejupá (SP),35,São Paulo,0.341,0.0,0.598,0.426,0.61,390.0,336.84
355430,3554300,Teodoro Sampaio (SP),35,São Paulo,0.291,0.001,0.401,0.469,0.729,4540.0,540.86
355440,3554409,Terra Roxa (SP),35,São Paulo,0.379,0.4,0.472,0.266,0.703,1237.0,524.2
355460,3554607,Timburi (SP),35,São Paulo,0.273,0.23,0.29,0.299,0.734,965.0,659.78
355465,3554656,Torre de Pedra (SP),35,São Paulo,0.338,0.419,0.364,0.232,0.73,722.0,577.19
355470,3554706,Torrinha (SP),35,São Paulo,0.197,0.001,0.323,0.267,0.761,3968.0,770.32
355475,3554755,Trabiju (SP),35,São Paulo,0.367,0.309,0.467,0.324,0.677,269.0,392.64
355490,3554904,Três Fronteiras (SP),35,São Paulo,0.175,0.0,0.264,0.262,0.736,635.0,600.61
355495,3554953,Tuiuti (SP),35,São Paulo,0.274,0.085,0.368,0.367,0.652,603.0,432.28
355510,3555109,Tupi Paulista (SP),35,São Paulo,0.192,0.003,0.203,0.369,0.736,1308.0,533.93
355500,3555000,Tupã (SP),35,São Paulo,0.326,0.21,0.387,0.381,0.716,9415.0,503.18
355520,3555208,Turiúba (SP),35,São Paulo,0.119,0.0,0.133,0.224,0.771,775.0,687.35
355530,3555307,Turmalina (SP),35,São Paulo,0.18,0.0,0.303,0.237,0.759,720.0,702.54
355535,3555356,Ubarana (SP),35,São Paulo,0.329,0.226,0.404,0.357,0.679,784.0,463.42
355550,3555505,Ubirajara (SP),35,São Paulo,0.263,0.003,0.481,0.304,0.667,504.0,450.41
355560,3555604,Uchoa (SP),35,São Paulo,0.329,0.4,0.333,0.254,0.681,1040.0,468.56
355570,3555703,União Paulista (SP),35,São Paulo,0.22,0.0,0.368,0.294,0.704,213.0,449.35
355590,3555901,Uru (SP),35,São Paulo,0.145,0.0,0.259,0.177,0.732,539.0,570.15
355600,3556008,Urupês (SP),35,São Paulo,0.269,0.339,0.266,0.202,0.759,5750.0,798.21
355580,3555802,Urânia (SP),35,São Paulo,0.232,0.0,0.282,0.414,0.709,989.0,553.54
355610,3556107,Valentim Gentil (SP),35,São Paulo,0.167,0.0,0.264,0.237,0.733,1502.0,549.22
355630,3556305,Valparaíso (SP),35,São Paulo,0.353,0.303,0.406,0.349,0.714,4975.0,531.93
355635,3556354,Vargem (SP),35,São Paulo,0.249,0.026,0.367,0.354,0.714,484.0,489.78
355640,3556404,Vargem Grande do Sul (SP),35,São Paulo,0.395,0.409,0.446,0.33,0.672,5331.0,477.11
355660,3556602,Vera Cruz (SP),35,São Paulo,0.201,0.003,0.248,0.352,0.704,1749.0,475.81
355680,3556800,Viradouro (SP),35,São Paulo,0.249,0.0,0.343,0.403,0.698,2748.0,518.48
355690,3556909,Vista Alegre do Alto (SP),35,São Paulo,0.206,0.0,0.339,0.279,0.705,1069.0,538.34
355695,3556958,Vitória Brasil (SP),35,São Paulo,0.189,0.0,0.277,0.291,0.692,261.0,412.71
355710,3557105,Votuporanga (SP),35,São Paulo,0.195,0.003,0.273,0.308,0.735,8685.0,618.73
355650,3556503,Várzea Paulista (SP),35,São Paulo,0.333,0.401,0.317,0.282,0.734,18989.0,596.89
355715,3557154,Zacarias (SP),35,São Paulo,0.178,0.0,0.259,0.276,0.711,408.0,448.59
350040,3500402,Águas da Prata (SP),35,São Paulo,0.209,0.002,0.28,0.344,0.704,816.0,530.16
350050,3500501,Águas de Lindóia (SP),35,São Paulo,0.208,0.002,0.392,0.231,0.726,1127.0,520.12
350055,3500550,Águas de Santa Bárbara (SP),35,São Paulo,0.247,0.025,0.479,0.238,0.712,665.0,508.26
350060,3500600,Águas de São Pedro (SP),35,São Paulo,0.105,0.0,0.15,0.163,0.874,1445.0,1753.19
350120,3501202,Álvares Florence (SP),35,São Paulo,0.179,0.002,0.269,0.267,0.758,1305.0,633.97
350130,3501301,Álvares Machado (SP),35,São Paulo,0.321,0.209,0.382,0.374,0.715,4268.0,443.73
350140,3501400,Álvaro de Carvalho (SP),35,São Paulo,0.3,0.234,0.369,0.296,0.698,817.0,485.46
353380,3533809,Óleo (SP),35,São Paulo,0.186,0.0,0.272,0.286,0.75,909.0,635.23
350635,3506359,Bertioga (SP),35,São Paulo,0.249,0.047,0.422,0.279,0.713,11657.0,539.85
351350,3513504,Cubatão (SP),35,São Paulo,0.355,0.335,0.353,0.377,0.724,33141.0,563.41
351870,3518701,Guarujá (SP),35,São Paulo,0.341,0.297,0.357,0.368,0.724,74666.0,548.61
352210,3522109,Itanhaém (SP),35,São Paulo,0.272,0.11,0.346,0.36,0.726,16216.0,508.44
353110,3531100,Mongaguá (SP),35,São Paulo,0.265,0.128,0.333,0.333,0.729,8693.0,499.27
353760,3537602,Peruíbe (SP),35,São Paulo,0.269,0.015,0.385,0.407,0.71,12025.0,517.31
354100,3541000,Praia Grande (SP),35,São Paulo,0.384,0.404,0.36,0.389,0.729,54739.0,588.59
354850,3548500,Santos (SP),35,São Paulo,0.247,0.222,0.248,0.271,0.773,59223.0,869.69
355100,3551009,São Vicente (SP),35,São Paulo,0.349,0.409,0.31,0.329,0.74,77721.0,605.2
350160,3501608,Americana (SP),35,São Paulo,0.172,0.056,0.226,0.235,0.751,20928.0,703.47
350380,3503802,Artur Nogueira (SP),35,São Paulo,0.313,0.254,0.368,0.318,0.731,6970.0,578.61
350950,3509502,Campinas (SP),35,São Paulo,0.332,0.406,0.313,0.276,0.748,168566.0,706.54
351280,3512803,Cosmópolis (SP),35,São Paulo,0.253,0.123,0.281,0.354,0.733,10741.0,633.03
351515,3515152,Engenheiro Coelho (SP),35,São Paulo,0.426,0.403,0.468,0.406,0.675,2790.0,474.12
351905,3519055,Holambra (SP),35,São Paulo,0.191,0.033,0.369,0.169,0.694,1537.0,605.63
351907,3519071,Hortolândia (SP),35,São Paulo,0.346,0.414,0.295,0.329,0.741,43126.0,572.86
352050,3520509,Indaiatuba (SP),35,São Paulo,0.177,0.002,0.273,0.256,0.755,28576.0,737.93
352340,3523404,Itatiba (SP),35,São Paulo,0.187,0.001,0.297,0.264,0.733,11785.0,654.5
352470,3524709,Jaguariúna (SP),35,São Paulo,0.187,0.0,0.262,0.298,0.749,5535.0,690.25
353180,3531803,Monte Mor (SP),35,São Paulo,0.385,0.411,0.369,0.375,0.699,10010.0,495.47
353340,3533403,Nova Odessa (SP),35,São Paulo,0.304,0.401,0.259,0.251,0.762,6917.0,679.94
353650,3536505,Paulínia (SP),35,São Paulo,0.3,0.262,0.327,0.312,0.756,13844.0,789.41
353710,3537107,Pedreira (SP),35,São Paulo,0.17,0.002,0.26,0.248,0.728,5490.0,547.83
354580,3545803,Santa Bárbara D'Oeste (SP),35,São Paulo,0.255,0.195,0.302,0.267,0.749,23814.0,665.55
354800,3548005,Santo Antônio de Posse (SP),35,São Paulo,0.227,0.092,0.324,0.266,0.664,2860.0,465.52
355240,3552403,Sumaré (SP),35,São Paulo,0.339,0.394,0.295,0.329,0.733,47438.0,604.18
355620,3556206,Valinhos (SP),35,São Paulo,0.16,0.003,0.274,0.203,0.75,9372.0,739.91
355670,3556701,Vinhedo (SP),35,São Paulo,0.167,0.007,0.308,0.187,0.77,7710.0,796.13
350075,3500758,Alambari (SP),35,São Paulo,0.246,0.0,0.36,0.376,0.691,481.0,398.26
350115,3501152,Alumínio (SP),35,São Paulo,0.309,0.403,0.204,0.318,0.77,2789.0,675.08
350275,3502754,Araçariguama (SP),35,São Paulo,0.278,0.087,0.379,0.366,0.683,3414.0,508.31
350290,3502903,Araçoiaba da Serra (SP),35,São Paulo,0.255,0.055,0.384,0.326,0.718,3203.0,532.63
350700,3507001,Boituva (SP),35,São Paulo,0.222,0.008,0.327,0.331,0.738,6311.0,599.47
351030,3510302,Capela do Alto (SP),35,São Paulo,0.376,0.23,0.456,0.44,0.661,1756.0,428.22
351150,3511508,Cerquilho (SP),35,São Paulo,0.145,0.0,0.254,0.182,0.75,3841.0,672.98
351160,3511607,Cesário Lange (SP),35,São Paulo,0.44,0.4,0.476,0.444,0.656,1100.0,502.33
351970,3519709,Ibiúna (SP),35,São Paulo,0.229,0.008,0.35,0.329,0.738,3284.0,529.32
352100,3521002,Iperó (SP),35,São Paulo,0.232,0.003,0.364,0.331,0.724,2854.0,490.99
352390,3523909,Itu (SP),35,São Paulo,0.23,0.07,0.344,0.277,0.735,20442.0,650.19
352585,3525854,Jumirim (SP),35,São Paulo,0.136,0.0,0.222,0.188,0.682,219.0,466.68
352840,3528403,Mairinque (SP),35,São Paulo,0.329,0.307,0.294,0.387,0.739,6313.0,587.35
353780,3537800,Piedade (SP),35,São Paulo,0.294,0.023,0.42,0.439,0.669,5066.0,428.19
353790,3537909,Pilar do Sul (SP),35,São Paulo,0.285,0.0,0.409,0.444,0.666,2619.0,452.13
354060,3540606,Porto Feliz (SP),35,São Paulo,0.269,0.169,0.293,0.345,0.713,4853.0,510.21
354520,3545209,Salto (SP),35,São Paulo,0.265,0.197,0.287,0.311,0.745,15556.0,605.22
354530,3545308,Salto de Pirapora (SP),35,São Paulo,0.436,0.405,0.379,0.526,0.682,4841.0,445.81
355110,3551108,Sarapuí (SP),35,São Paulo,0.231,0.0,0.298,0.395,0.727,1098.0,499.64
355220,3552205,Sorocaba (SP),35,São Paulo,0.335,0.403,0.279,0.322,0.753,70192.0,642.1
355020,3550209,São Miguel Arcanjo (SP),35,São Paulo,0.315,0.02,0.496,0.428,0.668,2670.0,444.54
355060,3550605,São Roque (SP),35,São Paulo,0.317,0.366,0.277,0.309,0.718,10937.0,604.34
355350,3553500,Tapiraí (SP),35,São Paulo,0.364,0.085,0.437,0.569,0.664,893.0,391.92
355400,3554003,Tatuí (SP),35,São Paulo,0.227,0.003,0.328,0.35,0.72,9439.0,556.52
355450,3554508,Tietê (SP),35,São Paulo,0.235,0.0,0.423,0.281,0.721,3728.0,569.14
355700,3557006,Votorantim (SP),35,São Paulo,0.289,0.185,0.321,0.362,0.746,11529.0,548.95
350390,3503901,Arujá (SP),35,São Paulo,0.272,0.157,0.302,0.357,0.739,15137.0,553.33
350570,3505708,Barueri (SP),35,São Paulo,0.341,0.404,0.29,0.329,0.736,55535.0,591.92
350660,3506607,Biritiba-Mirim (SP),35,São Paulo,0.341,0.132,0.423,0.47,0.681,3707.0,417.25
350900,3509007,Caieiras (SP),35,São Paulo,0.332,0.365,0.315,0.315,0.766,16643.0,587.27
350920,3509205,Cajamar (SP),35,São Paulo,0.281,0.172,0.334,0.338,0.722,14053.0,564.52
351060,3510609,Carapicuíba (SP),35,São Paulo,0.348,0.411,0.314,0.318,0.735,90343.0,575.34
351300,3513009,Cotia (SP),35,São Paulo,0.342,0.401,0.33,0.294,0.741,40868.0,608.3
351380,3513801,Diadema (SP),35,São Paulo,0.341,0.405,0.305,0.312,0.745,97351.0,587.89
351500,3515004,Embu (SP),35,São Paulo,0.353,0.408,0.329,0.323,0.728,66802.0,513.78
351510,3515103,Embu-Guaçu (SP),35,São Paulo,0.4,0.455,0.368,0.378,0.728,13487.0,473.21
351570,3515707,Ferraz de Vasconcelos (SP),35,São Paulo,0.341,0.403,0.296,0.324,0.737,41772.0,504.7
351630,3516309,Francisco Morato (SP),35,São Paulo,0.394,0.43,0.384,0.368,0.702,43872.0,442.96
351640,3516408,Franco da Rocha (SP),35,São Paulo,0.366,0.422,0.332,0.344,0.72,28116.0,509.83
351830,3518305,Guararema (SP),35,São Paulo,0.263,0.079,0.394,0.316,0.718,3290.0,513.87
351880,3518800,Guarulhos (SP),35,São Paulo,0.365,0.408,0.324,0.363,0.739,274930.0,595.18
352220,3522208,Itapecerica da Serra (SP),35,São Paulo,0.372,0.429,0.367,0.319,0.723,37964.0,490.21
352250,3522505,Itapevi (SP),35,São Paulo,0.377,0.417,0.356,0.359,0.716,53936.0,477.1
352310,3523107,Itaquaquecetuba (SP),35,São Paulo,0.41,0.418,0.393,0.418,0.704,91122.0,438.3
352500,3525003,Jandira (SP),35,São Paulo,0.333,0.411,0.291,0.296,0.738,26215.0,593.29
352620,3526209,Juquitiba (SP),35,São Paulo,0.384,0.356,0.337,0.459,0.715,3734.0,505.61
352850,3528502,Mairiporã (SP),35,São Paulo,0.285,0.292,0.289,0.273,0.728,11232.0,538.0
352940,3529401,Mauá (SP),35,São Paulo,0.364,0.405,0.31,0.379,0.74,88718.0,568.78
353060,3530607,Mogi das Cruzes (SP),35,São Paulo,0.325,0.315,0.306,0.354,0.742,60162.0,564.1
353440,3534401,Osasco (SP),35,São Paulo,0.354,0.418,0.333,0.311,0.741,136263.0,652.61
353910,3539103,Pirapora do Bom Jesus (SP),35,São Paulo,0.367,0.392,0.373,0.337,0.719,4311.0,538.38
353980,3539806,Poá (SP),35,São Paulo,0.329,0.402,0.269,0.315,0.764,24110.0,557.45
354330,3543303,Ribeirão Pires (SP),35,São Paulo,0.322,0.418,0.232,0.314,0.773,19224.0,691.02
354410,3544103,Rio Grande da Serra (SP),35,São Paulo,0.337,0.407,0.283,0.32,0.752,11634.0,494.13
354500,3545001,Salesópolis (SP),35,São Paulo,0.309,0.188,0.348,0.39,0.66,1296.0,389.88
354680,3546801,Santa Isabel (SP),35,São Paulo,0.256,0.098,0.286,0.383,0.732,5716.0,508.36
354730,3547304,Santana de Parnaíba (SP),35,São Paulo,0.331,0.334,0.328,0.329,0.725,21601.0,567.92
354780,3547809,Santo André (SP),35,São Paulo,0.331,0.405,0.286,0.302,0.763,93783.0,722.78
355250,3552502,Suzano (SP),35,São Paulo,0.383,0.415,0.323,0.411,0.735,57182.0,491.69
354870,3548708,São Bernardo do Campo (SP),35,São Paulo,0.329,0.406,0.272,0.31,0.767,126272.0,763.78
354880,3548807,São Caetano do Sul (SP),35,São Paulo,0.141,0.0,0.199,0.224,0.797,9855.0,1209.2
354995,3549953,São Lourenço da Serra (SP),35,São Paulo,0.302,0.136,0.322,0.447,0.732,2218.0,521.41
355030,3550308,São Paulo (SP),35,São Paulo,0.339,0.408,0.31,0.298,0.744,2105551.0,704.8
355280,3552809,Taboão da Serra (SP),35,São Paulo,0.321,0.405,0.284,0.273,0.748,62108.0,627.55
355645,3556453,Vargem Grande Paulista (SP),35,São Paulo,0.279,0.287,0.268,0.282,0.736,7774.0,563.36
350250,3502507,Aparecida (SP),35,São Paulo,0.24,0.072,0.312,0.335,0.713,5154.0,535.93
350315,3503158,Arapeí (SP),35,São Paulo,0.245,0.0,0.341,0.394,0.693,395.0,359.91
350350,3503505,Areias (SP),35,São Paulo,0.28,0.013,0.49,0.338,0.693,567.0,318.17
350490,3504909,Bananal (SP),35,São Paulo,0.264,0.0,0.436,0.357,0.691,1884.0,402.26
350860,3508603,Cachoeira Paulista (SP),35,São Paulo,0.196,0.002,0.256,0.331,0.73,3753.0,551.82
350970,3509700,Campos do Jordão (SP),35,São Paulo,0.319,0.384,0.334,0.239,0.713,4190.0,526.11
350995,3509957,Canas (SP),35,São Paulo,0.257,0.0,0.344,0.427,0.679,899.0,349.94
351050,3510500,Caraguatatuba (SP),35,São Paulo,0.238,0.071,0.306,0.337,0.725,15029.0,571.37
350850,3508504,Caçapava (SP),35,São Paulo,0.216,0.004,0.311,0.332,0.741,9744.0,613.75
351340,3513405,Cruzeiro (SP),35,São Paulo,0.269,0.004,0.347,0.456,0.735,10035.0,480.79
351360,3513603,Cunha (SP),35,São Paulo,0.306,0.007,0.423,0.486,0.639,3013.0,331.54
351840,3518404,Guaratinguetá (SP),35,São Paulo,0.196,0.039,0.277,0.274,0.75,15813.0,563.49
352020,3520202,Igaratá (SP),35,São Paulo,0.307,0.104,0.374,0.443,0.682,1145.0,408.28
352040,3520400,Ilhabela (SP),35,São Paulo,0.256,0.074,0.361,0.332,0.746,6698.0,557.77
352440,3524402,Jacareí (SP),35,São Paulo,0.263,0.158,0.293,0.339,0.74,29593.0,615.22
352490,3524907,Jambeiro (SP),35,São Paulo,0.201,0.0,0.389,0.215,0.676,585.0,430.57
352630,3526308,Lagoinha (SP),35,São Paulo,0.272,0.003,0.372,0.441,0.717,1570.0,509.99
352660,3526605,Lavrinhas (SP),35,São Paulo,0.269,0.003,0.348,0.456,0.709,921.0,327.32
352720,3527207,Lorena (SP),35,São Paulo,0.243,0.042,0.297,0.39,0.725,14033.0,533.01
353170,3531704,Monteiro Lobato (SP),35,São Paulo,0.291,0.0,0.446,0.426,0.626,539.0,378.83
353230,3532306,Natividade da Serra (SP),35,São Paulo,0.421,0.213,0.527,0.522,0.603,708.0,336.21
353560,3535606,Paraibuna (SP),35,São Paulo,0.305,0.023,0.422,0.469,0.678,1738.0,509.41
353800,3538006,Pindamonhangaba (SP),35,São Paulo,0.256,0.121,0.26,0.386,0.737,23825.0,563.63
353850,3538501,Piquete (SP),35,São Paulo,0.276,0.093,0.29,0.445,0.736,2547.0,515.33
354075,3540754,Potim (SP),35,São Paulo,0.238,0.0,0.335,0.379,0.695,2668.0,439.95
354190,3541901,Queluz (SP),35,São Paulo,0.349,0.166,0.401,0.48,0.708,1902.0,400.18
354230,3542305,Redenção da Serra (SP),35,São Paulo,0.329,0.15,0.378,0.459,0.702,1106.0,465.04
354430,3544301,Roseira (SP),35,São Paulo,0.273,0.003,0.422,0.392,0.73,1748.0,489.98
354600,3546009,Santa Branca (SP),35,São Paulo,0.304,0.061,0.499,0.352,0.692,1633.0,444.26
354820,3548203,Santo Antônio do Pinhal (SP),35,São Paulo,0.31,0.01,0.488,0.433,0.611,494.0,357.44
355200,3552007,Silveiras (SP),35,São Paulo,0.264,0.0,0.398,0.394,0.678,473.0,353.8
354860,3548609,São Bento do Sapucaí (SP),35,São Paulo,0.269,0.188,0.314,0.306,0.798,2580.0,951.47
354960,3549607,São José do Barreiro (SP),35,São Paulo,0.393,0.013,0.587,0.579,0.616,673.0,282.67
354990,3549904,São José dos Campos (SP),35,São Paulo,0.249,0.164,0.295,0.289,0.767,77475.0,738.43
355000,3550001,São Luís do Paraitinga (SP),35,São Paulo,0.23,0.002,0.296,0.391,0.744,3136.0,615.8
355070,3550704,São Sebastião (SP),35,São Paulo,0.255,0.127,0.343,0.295,0.737,15876.0,583.27
355410,3554102,Taubaté (SP),35,São Paulo,0.257,0.153,0.287,0.33,0.742,29699.0,636.86
355480,3554805,Tremembé (SP),35,São Paulo,0.265,0.028,0.421,0.348,0.716,3871.0,564.59
355540,3555406,Ubatuba (SP),35,São Paulo,0.295,0.221,0.347,0.317,0.716,14824.0,491.84
410010,4100103,Abatiá (PR),41,Paraná,0.337,0.128,0.466,0.419,0.666,784.0,429.91
410045,4100459,Altamira do Paraná (PR),41,Paraná,0.374,0.302,0.371,0.449,0.704,500.0,531.96
410060,4100608,Alto Paraná (PR),41,Paraná,0.345,0.299,0.438,0.298,0.666,2340.0,425.29
410070,4100707,Alto Piquiri (PR),41,Paraná,0.377,0.256,0.552,0.324,0.651,2105.0,417.49
410050,4100509,Altônia (PR),41,Paraná,0.238,0.002,0.415,0.298,0.703,2485.0,517.41
410080,4100806,Alvorada do Sul (PR),41,Paraná,0.267,0.199,0.287,0.314,0.687,1509.0,446.63
410090,4100905,Amaporã (PR),41,Paraná,0.375,0.403,0.406,0.315,0.68,1329.0,374.82
410100,4101002,Ampére (PR),41,Paraná,0.296,0.008,0.53,0.35,0.688,1326.0,479.01
410105,4101051,Anahy (PR),41,Paraná,0.278,0.0,0.405,0.43,0.684,475.0,372.71
410110,4101101,Andirá (PR),41,Paraná,0.268,0.154,0.293,0.358,0.692,2759.0,430.9
410120,4101200,Antonina (PR),41,Paraná,0.378,0.071,0.47,0.594,0.668,2416.0,515.43
410130,4101309,Antônio Olinto (PR),41,Paraná,0.411,0.081,0.415,0.736,0.636,866.0,314.93
410140,4101408,Apucarana (PR),41,Paraná,0.329,0.315,0.391,0.281,0.69,18145.0,542.58
410150,4101507,Arapongas (PR),41,Paraná,0.192,0.008,0.337,0.23,0.712,11482.0,600.35
410160,4101606,Arapoti (PR),41,Paraná,0.426,0.414,0.431,0.433,0.693,3585.0,449.88
410165,4101655,Arapuã (PR),41,Paraná,0.341,0.057,0.431,0.536,0.616,626.0,285.17
410170,4101705,Araruna (PR),41,Paraná,0.272,0.009,0.334,0.473,0.701,1760.0,490.33
410185,4101853,Ariranha do Ivaí (PR),41,Paraná,0.309,0.131,0.316,0.482,0.691,1224.0,421.53
410190,4101903,Assaí (PR),41,Paraná,0.342,0.171,0.422,0.434,0.694,2548.0,418.84
410200,4102000,Assis Chateaubriand (PR),41,Paraná,0.256,0.117,0.294,0.358,0.693,4981.0,468.11
410210,4102109,Astorga (PR),41,Paraná,0.333,0.403,0.32,0.277,0.706,3671.0,474.14
410220,4102208,Atalaia (PR),41,Paraná,0.281,0.305,0.231,0.306,0.702,564.0,462.52
410240,4102406,Bandeirantes (PR),41,Paraná,0.305,0.142,0.395,0.376,0.7,5401.0,501.92
410250,4102505,Barbosa Ferraz (PR),41,Paraná,0.428,0.432,0.464,0.387,0.691,2200.0,409.33
410270,4102703,Barra do Jacaré (PR),41,Paraná,0.153,0.038,0.187,0.235,0.779,924.0,572.57
410260,4102604,Barracão (PR),41,Paraná,0.32,0.036,0.48,0.445,0.66,1084.0,532.41
410275,4102752,Bela Vista da Caroba (PR),41,Paraná,0.346,0.055,0.472,0.511,0.616,660.0,356.81
410280,4102802,Bela Vista do Paraíso (PR),41,Paraná,0.394,0.406,0.462,0.313,0.651,2731.0,463.95
410290,4102901,Bituruna (PR),41,Paraná,0.331,0.007,0.558,0.427,0.626,1500.0,327.38
410300,4103008,Boa Esperança (PR),41,Paraná,0.263,0.099,0.32,0.371,0.688,857.0,398.56
410302,4103024,Boa Esperança do Iguaçu (PR),41,Paraná,0.389,0.411,0.313,0.444,0.698,1362.0,491.58
410304,4103040,Boa Ventura de São Roque (PR),41,Paraná,0.399,0.107,0.526,0.565,0.567,971.0,288.43
410305,4103057,Boa Vista da Aparecida (PR),41,Paraná,0.359,0.156,0.492,0.429,0.616,741.0,377.81
410315,4103156,Bom Jesus do Sul (PR),41,Paraná,0.377,0.427,0.263,0.44,0.667,546.0,359.83
410320,4103206,Bom Sucesso (PR),41,Paraná,0.43,0.407,0.575,0.309,0.656,1272.0,447.34
410322,4103222,Bom Sucesso do Sul (PR),41,Paraná,0.173,0.003,0.327,0.189,0.772,829.0,786.6
410330,4103305,Borrazópolis (PR),41,Paraná,0.257,0.004,0.255,0.513,0.678,1153.0,484.12
410335,4103354,Braganey (PR),41,Paraná,0.269,0.003,0.409,0.396,0.675,529.0,457.57
410337,4103370,Brasilândia do Sul (PR),41,Paraná,0.373,0.195,0.441,0.482,0.678,588.0,517.98
410340,4103404,Cafeara (PR),41,Paraná,0.171,0.0,0.225,0.289,0.719,1076.0,593.51
410345,4103453,Cafelândia (PR),41,Paraná,0.175,0.007,0.297,0.222,0.727,1924.0,547.75
410347,4103479,Cafezal do Sul (PR),41,Paraná,0.372,0.33,0.437,0.35,0.697,729.0,464.96
410350,4103503,Califórnia (PR),41,Paraná,0.274,0.166,0.333,0.324,0.739,923.0,1022.32
410360,4103602,Cambará (PR),41,Paraná,0.366,0.298,0.348,0.451,0.697,3047.0,402.35
410380,4103800,Cambira (PR),41,Paraná,0.279,0.017,0.456,0.363,0.698,770.0,500.66
410370,4103701,Cambé (PR),41,Paraná,0.258,0.158,0.336,0.281,0.695,15477.0,535.36
410390,4103909,Campina da Lagoa (PR),41,Paraná,0.413,0.383,0.475,0.381,0.685,2302.0,424.15
410395,4103958,Campina do Simão (PR),41,Paraná,0.508,0.503,0.415,0.607,0.543,344.0,248.54
410405,4104055,Campo Bonito (PR),41,Paraná,0.499,0.426,0.428,0.645,0.603,550.0,332.63
410430,4104303,Campo Mourão (PR),41,Paraná,0.241,0.146,0.301,0.275,0.721,13124.0,616.2
410442,4104428,Candói (PR),41,Paraná,0.356,0.038,0.506,0.524,0.63,1493.0,416.67
410445,4104451,Cantagalo (PR),41,Paraná,0.432,0.111,0.592,0.592,0.579,1967.0,277.41
410450,4104501,Capanema (PR),41,Paraná,0.216,0.024,0.347,0.275,0.703,1045.0,575.05
410460,4104600,Capitão Leônidas Marques (PR),41,Paraná,0.355,0.004,0.523,0.537,0.653,1487.0,440.94
410465,4104659,Carambeí (PR),41,Paraná,0.254,0.004,0.438,0.319,0.679,1809.0,466.27
410470,4104709,Carlópolis (PR),41,Paraná,0.188,0.047,0.226,0.291,0.751,4748.0,642.62
410480,4104808,Cascavel (PR),41,Paraná,0.318,0.316,0.359,0.279,0.735,38052.0,612.18
410490,4104907,Castro (PR),41,Paraná,0.312,0.112,0.433,0.391,0.68,7457.0,428.1
410500,4105003,Catanduvas (PR),41,Paraná,0.347,0.04,0.56,0.44,0.674,1020.0,399.25
410510,4105102,Centenário do Sul (PR),41,Paraná,0.388,0.308,0.501,0.356,0.652,2045.0,433.4
410540,4105409,Chopinzinho (PR),41,Paraná,0.231,0.015,0.358,0.319,0.711,1977.0,495.27
410550,4105508,Cianorte (PR),41,Paraná,0.164,0.016,0.243,0.233,0.741,7612.0,631.57
410560,4105607,Cidade Gaúcha (PR),41,Paraná,0.304,0.205,0.427,0.281,0.703,2217.0,492.0
410570,4105706,Clevelândia (PR),41,Paraná,0.4,0.064,0.656,0.481,0.63,2806.0,369.47
410590,4105904,Colorado (PR),41,Paraná,0.225,0.007,0.361,0.308,0.711,4155.0,630.72
410600,4106001,Congonhinhas (PR),41,Paraná,0.4,0.019,0.592,0.59,0.654,709.0,389.71
410610,4106100,Conselheiro Mairinck (PR),41,Paraná,0.34,0.168,0.342,0.51,0.701,573.0,471.3
410630,4106308,Corbélia (PR),41,Paraná,0.305,0.113,0.492,0.312,0.668,1541.0,397.99
410640,4106407,Cornélio Procópio (PR),41,Paraná,0.251,0.197,0.246,0.309,0.733,6143.0,555.21
410645,4106456,Coronel Domingos Soares (PR),41,Paraná,0.487,0.364,0.572,0.525,0.578,1286.0,246.96
410650,4106506,Coronel Vivida (PR),41,Paraná,0.354,0.307,0.333,0.422,0.711,2124.0,558.76
410655,4106555,Corumbataí do Sul (PR),41,Paraná,0.424,0.4,0.378,0.494,0.633,656.0,388.22
410680,4106803,Cruz Machado (PR),41,Paraná,0.402,0.133,0.494,0.579,0.538,1008.0,280.71
410657,4106571,Cruzeiro do Iguaçu (PR),41,Paraná,0.288,0.009,0.408,0.447,0.653,544.0,391.62
410660,4106605,Cruzeiro do Oeste (PR),41,Paraná,0.306,0.148,0.444,0.324,0.697,3950.0,481.82
410670,4106704,Cruzeiro do Sul (PR),41,Paraná,0.341,0.238,0.505,0.282,0.708,811.0,466.59
410685,4106852,Cruzmaltina (PR),41,Paraná,0.195,0.013,0.228,0.345,0.719,758.0,482.44
410700,4107009,Curiúva (PR),41,Paraná,0.396,0.174,0.541,0.472,0.636,1522.0,387.72
410440,4104402,Cândido de Abreu (PR),41,Paraná,0.477,0.356,0.52,0.554,0.594,2072.0,279.88
410530,4105300,Céu Azul (PR),41,Paraná,0.257,0.019,0.351,0.4,0.681,1148.0,458.46
410715,4107157,Diamante D'Oeste (PR),41,Paraná,0.403,0.279,0.486,0.444,0.63,488.0,448.25
410710,4107108,Diamante do Norte (PR),41,Paraná,0.395,0.402,0.413,0.37,0.703,1265.0,474.85
410712,4107124,Diamante do Sul (PR),41,Paraná,0.419,0.148,0.624,0.485,0.572,561.0,293.46
410720,4107207,Dois Vizinhos (PR),41,Paraná,0.249,0.004,0.345,0.399,0.73,3504.0,570.07
410725,4107256,Douradina (PR),41,Paraná,0.185,0.0,0.19,0.364,0.716,880.0,542.65
410730,4107306,Doutor Camargo (PR),41,Paraná,0.212,0.0,0.343,0.292,0.716,690.0,464.23
410750,4107504,Engenheiro Beltrão (PR),41,Paraná,0.313,0.303,0.324,0.311,0.679,2481.0,450.34
410753,4107538,Entre Rios do Oeste (PR),41,Paraná,0.154,0.0,0.208,0.255,0.779,1341.0,944.94
410740,4107405,Enéas Marques (PR),41,Paraná,0.258,0.044,0.374,0.356,0.654,473.0,452.45
410752,4107520,Esperança Nova (PR),41,Paraná,0.233,0.003,0.328,0.368,0.674,397.0,446.27
410754,4107546,Espigão Alto do Iguaçu (PR),41,Paraná,0.339,0.032,0.517,0.469,0.614,760.0,301.04
410755,4107553,Farol (PR),41,Paraná,0.292,0.0,0.429,0.448,0.727,405.0,510.36
410760,4107603,Faxinal (PR),41,Paraná,0.377,0.179,0.56,0.391,0.663,1643.0,474.87
410773,4107736,Fernandes Pinheiro (PR),41,Paraná,0.334,0.015,0.556,0.432,0.633,397.0,315.67
410775,4107751,Figueira (PR),41,Paraná,0.342,0.2,0.533,0.291,0.613,1186.0,496.58
410785,4107850,Flor da Serra do Sul (PR),41,Paraná,0.357,0.048,0.486,0.536,0.61,637.0,348.35
410780,4107801,Floraí (PR),41,Paraná,0.226,0.017,0.403,0.26,0.665,529.0,520.77
410790,4107900,Floresta (PR),41,Paraná,0.276,0.053,0.365,0.411,0.695,949.0,478.69
410800,4108007,Florestópolis (PR),41,Paraná,0.338,0.4,0.354,0.26,0.695,2625.0,514.23
410810,4108106,Flórida (PR),41,Paraná,0.204,0.011,0.345,0.256,0.699,468.0,473.71
410820,4108205,Formosa do Oeste (PR),41,Paraná,0.375,0.4,0.378,0.346,0.66,670.0,445.08
410830,4108304,Foz do Iguaçu (PR),41,Paraná,0.307,0.175,0.375,0.371,0.693,45537.0,564.69
410845,4108452,Foz do Jordão (PR),41,Paraná,0.411,0.159,0.567,0.506,0.613,931.0,392.47
410832,4108320,Francisco Alves (PR),41,Paraná,0.28,0.013,0.457,0.371,0.633,1088.0,405.01
410840,4108403,Francisco Beltrão (PR),41,Paraná,0.219,0.062,0.361,0.234,0.734,7794.0,597.21
410770,4107702,Fênix (PR),41,Paraná,0.396,0.286,0.425,0.478,0.701,1006.0,382.88
410850,4108502,General Carneiro (PR),41,Paraná,0.457,0.247,0.598,0.524,0.626,1831.0,323.92
410855,4108551,Godoy Moreira (PR),41,Paraná,0.247,0.148,0.253,0.342,0.679,377.0,404.44
410860,4108601,Goioerê (PR),41,Paraná,0.254,0.008,0.376,0.378,0.708,5933.0,512.2
410865,4108650,Goioxim (PR),41,Paraná,0.499,0.351,0.525,0.62,0.615,1735.0,239.88
410870,4108700,Grandes Rios (PR),41,Paraná,0.337,0.185,0.358,0.468,0.623,678.0,401.87
410890,4108908,Guairaçá (PR),41,Paraná,0.364,0.275,0.471,0.348,0.643,1129.0,463.41
410895,4108957,Guamiranga (PR),41,Paraná,0.27,0.028,0.479,0.304,0.63,409.0,364.9
410900,4109005,Guapirama (PR),41,Paraná,0.284,0.13,0.377,0.346,0.724,1488.0,508.86
410910,4109104,Guaporema (PR),41,Paraná,0.244,0.0,0.397,0.334,0.682,499.0,422.87
410920,4109203,Guaraci (PR),41,Paraná,0.244,0.005,0.339,0.388,0.677,1002.0,492.8
410930,4109302,Guaraniaçu (PR),41,Paraná,0.357,0.166,0.489,0.417,0.633,1201.0,406.52
410940,4109401,Guarapuava (PR),41,Paraná,0.326,0.143,0.454,0.381,0.671,21278.0,459.13
410950,4109500,Guaraqueçaba (PR),41,Paraná,0.418,0.258,0.455,0.541,0.657,432.0,364.96
410960,4109609,Guaratuba (PR),41,Paraná,0.239,0.022,0.376,0.32,0.671,3411.0,487.64
410880,4108809,Guaíra (PR),41,Paraná,0.347,0.034,0.517,0.49,0.692,5394.0,615.21
410965,4109658,Honório Serpa (PR),41,Paraná,0.311,0.033,0.363,0.537,0.692,445.0,438.19
410970,4109708,Ibaiti (PR),41,Paraná,0.339,0.121,0.441,0.455,0.683,3342.0,474.08
410975,4109757,Ibema (PR),41,Paraná,0.508,0.432,0.532,0.561,0.61,892.0,328.17
410980,4109807,Ibiporã (PR),41,Paraná,0.238,0.009,0.389,0.317,0.685,5912.0,490.38
410990,4109906,Icaraíma (PR),41,Paraná,0.3,0.011,0.488,0.402,0.668,1306.0,443.62
411000,4110003,Iguaraçu (PR),41,Paraná,0.226,0.006,0.435,0.236,0.717,720.0,521.53
411005,4110052,Iguatu (PR),41,Paraná,0.353,0.139,0.436,0.483,0.669,371.0,427.22
411007,4110078,Imbaú (PR),41,Paraná,0.457,0.417,0.524,0.431,0.573,917.0,350.09
411010,4110102,Imbituva (PR),41,Paraná,0.355,0.036,0.579,0.449,0.589,2474.0,412.06
411030,4110300,Inajá (PR),41,Paraná,0.333,0.184,0.439,0.376,0.699,784.0,489.31
411040,4110409,Indianópolis (PR),41,Paraná,0.153,0.007,0.258,0.195,0.706,689.0,506.68
411020,4110201,Inácio Martins (PR),41,Paraná,0.43,0.26,0.574,0.455,0.589,1335.0,318.7
411050,4110508,Ipiranga (PR),41,Paraná,0.301,0.019,0.397,0.486,0.645,725.0,351.7
411060,4110607,Iporã (PR),41,Paraná,0.382,0.411,0.386,0.349,0.661,2623.0,469.02
411065,4110656,Iracema do Oeste (PR),41,Paraná,0.211,0.016,0.264,0.352,0.719,998.0,544.83
411070,4110706,Irati (PR),41,Paraná,0.424,0.419,0.441,0.413,0.675,4104.0,437.36
411080,4110805,Iretama (PR),41,Paraná,0.347,0.18,0.458,0.402,0.634,1377.0,615.01
411090,4110904,Itaguajé (PR),41,Paraná,0.311,0.313,0.315,0.305,0.689,988.0,464.58
411095,4110953,Itaipulândia (PR),41,Paraná,0.262,0.106,0.367,0.313,0.666,882.0,453.6
411100,4111001,Itambaracá (PR),41,Paraná,0.365,0.247,0.426,0.421,0.646,850.0,398.69
411110,4111100,Itambé (PR),41,Paraná,0.163,0.004,0.255,0.23,0.716,1113.0,482.1
411120,4111209,Itapejara D'Oeste (PR),41,Paraná,0.258,0.005,0.423,0.347,0.706,990.0,618.86
411130,4111308,Itaúna do Sul (PR),41,Paraná,0.321,0.249,0.384,0.331,0.684,697.0,453.21
411150,4111506,Ivaiporã (PR),41,Paraná,0.399,0.42,0.378,0.398,0.689,4881.0,539.93
411160,4111605,Ivatuba (PR),41,Paraná,0.334,0.4,0.376,0.225,0.687,455.0,447.92
411155,4111555,Ivaté (PR),41,Paraná,0.313,0.288,0.34,0.311,0.698,1147.0,493.94
411140,4111407,Ivaí (PR),41,Paraná,0.382,0.165,0.544,0.438,0.604,1217.0,332.34
411170,4111704,Jaboti (PR),41,Paraná,0.246,0.05,0.376,0.313,0.737,1534.0,614.73
411180,4111803,Jacarezinho (PR),41,Paraná,0.289,0.157,0.431,0.279,0.695,6125.0,477.97
411190,4111902,Jaguapitã (PR),41,Paraná,0.309,0.3,0.33,0.298,0.691,1991.0,524.11
411200,4112009,Jaguariaíva (PR),41,Paraná,0.343,0.151,0.5,0.379,0.714,4254.0,497.43
411210,4112108,Jandaia do Sul (PR),41,Paraná,0.214,0.003,0.364,0.274,0.717,2311.0,603.45
411220,4112207,Janiópolis (PR),41,Paraná,0.273,0.097,0.384,0.339,0.677,940.0,400.23
411230,4112306,Japira (PR),41,Paraná,0.438,0.291,0.477,0.545,0.665,699.0,388.53
411240,4112405,Japurá (PR),41,Paraná,0.191,0.0,0.294,0.28,0.73,3782.0,621.31
411250,4112504,Jardim Alegre (PR),41,Paraná,0.28,0.003,0.428,0.41,0.667,1541.0,412.75
411260,4112603,Jardim Olinda (PR),41,Paraná,0.182,0.0,0.268,0.279,0.707,405.0,461.27
411270,4112702,Jataizinho (PR),41,Paraná,0.37,0.322,0.408,0.381,0.674,2150.0,400.16
411275,4112751,Jesuítas (PR),41,Paraná,0.292,0.155,0.385,0.334,0.66,1565.0,476.8
411280,4112801,Joaquim Távora (PR),41,Paraná,0.332,0.322,0.418,0.256,0.661,1037.0,425.91
411290,4112900,Jundiaí do Sul (PR),41,Paraná,0.347,0.253,0.346,0.441,0.613,554.0,361.09
411295,4112959,Juranda (PR),41,Paraná,0.399,0.417,0.375,0.405,0.678,1308.0,432.67
411300,4113007,Jussara (PR),41,Paraná,0.207,0.0,0.397,0.223,0.686,1032.0,520.75
411310,4113106,Kaloré (PR),41,Paraná,0.248,0.001,0.29,0.452,0.744,1589.0,555.3
411325,4113254,Laranjal (PR),41,Paraná,0.438,0.054,0.72,0.54,0.605,429.0,315.93
411330,4113304,Laranjeiras do Sul (PR),41,Paraná,0.434,0.345,0.459,0.496,0.634,3795.0,360.75
411340,4113403,Leópolis (PR),41,Paraná,0.347,0.381,0.24,0.42,0.7,442.0,424.17
411342,4113429,Lidianópolis (PR),41,Paraná,0.262,0.102,0.384,0.301,0.675,833.0,401.41
411345,4113452,Lindoeste (PR),41,Paraná,0.343,0.007,0.535,0.487,0.67,493.0,445.02
411350,4113502,Loanda (PR),41,Paraná,0.233,0.005,0.393,0.301,0.717,4317.0,492.24
411360,4113601,Lobato (PR),41,Paraná,0.141,0.002,0.242,0.18,0.729,662.0,631.98
411370,4113700,Londrina (PR),41,Paraná,0.335,0.402,0.336,0.267,0.728,63663.0,636.11
411373,4113734,Luiziana (PR),41,Paraná,0.413,0.166,0.544,0.529,0.677,1233.0,409.15
411375,4113759,Lunardelli (PR),41,Paraná,0.35,0.004,0.546,0.502,0.649,565.0,383.8
411380,4113809,Lupionópolis (PR),41,Paraná,0.272,0.115,0.356,0.345,0.68,913.0,457.15
411390,4113908,Mallet (PR),41,Paraná,0.184,0.011,0.245,0.297,0.766,3840.0,604.2
411400,4114005,Mamborê (PR),41,Paraná,0.272,0.002,0.422,0.392,0.712,1625.0,475.14
411420,4114203,Mandaguari (PR),41,Paraná,0.254,0.184,0.287,0.293,0.707,4919.0,538.1
411410,4114104,Mandaguaçu (PR),41,Paraná,0.196,0.004,0.328,0.257,0.696,3067.0,557.28
411435,4114351,Manfrinópolis (PR),41,Paraná,0.345,0.122,0.442,0.471,0.605,463.0,351.93
411440,4114401,Mangueirinha (PR),41,Paraná,0.239,0.01,0.392,0.315,0.682,1722.0,425.82
411450,4114500,Manoel Ribas (PR),41,Paraná,0.364,0.064,0.493,0.537,0.651,1048.0,437.94
411460,4114609,Marechal Cândido Rondon (PR),41,Paraná,0.232,0.0,0.367,0.33,0.708,3775.0,624.82
411470,4114708,Maria Helena (PR),41,Paraná,0.382,0.215,0.571,0.36,0.669,1029.0,431.06
411480,4114807,Marialva (PR),41,Paraná,0.354,0.402,0.391,0.269,0.665,3555.0,541.68
411500,4115002,Marilena (PR),41,Paraná,0.386,0.406,0.374,0.378,0.701,1240.0,423.98
411510,4115101,Mariluz (PR),41,Paraná,0.436,0.414,0.513,0.381,0.625,2106.0,351.69
411490,4114906,Marilândia do Sul (PR),41,Paraná,0.248,0.02,0.449,0.274,0.651,1120.0,429.49
411520,4115200,Maringá (PR),41,Paraná,0.165,0.084,0.21,0.202,0.769,43874.0,769.67
411535,4115358,Maripá (PR),41,Paraná,0.156,0.0,0.185,0.283,0.686,379.0,542.14
411530,4115309,Mariópolis (PR),41,Paraná,0.33,0.033,0.5,0.457,0.637,846.0,406.38
411540,4115408,Marmeleiro (PR),41,Paraná,0.287,0.054,0.423,0.383,0.706,1362.0,586.57
411545,4115457,Marquinho (PR),41,Paraná,0.396,0.205,0.471,0.512,0.555,880.0,283.8
411550,4115507,Marumbi (PR),41,Paraná,0.253,0.0,0.452,0.307,0.645,550.0,443.74
411560,4115606,Matelândia (PR),41,Paraná,0.275,0.006,0.491,0.327,0.654,1470.0,382.35
411570,4115705,Matinhos (PR),41,Paraná,0.248,0.13,0.29,0.324,0.714,4347.0,583.82
411573,4115739,Mato Rico (PR),41,Paraná,0.419,0.075,0.613,0.57,0.627,614.0,261.93
411575,4115754,Mauá da Serra (PR),41,Paraná,0.305,0.013,0.555,0.347,0.648,1094.0,393.43
411580,4115804,Medianeira (PR),41,Paraná,0.182,0.003,0.312,0.231,0.712,4511.0,568.59
411585,4115853,Mercedes (PR),41,Paraná,0.13,0.003,0.141,0.246,0.777,1240.0,720.55
411590,4115903,Mirador (PR),41,Paraná,0.254,0.021,0.421,0.319,0.686,481.0,404.94
411600,4116000,Miraselva (PR),41,Paraná,0.281,0.4,0.173,0.27,0.715,322.0,546.37
411605,4116059,Missal (PR),41,Paraná,0.202,0.107,0.278,0.22,0.738,2760.0,718.38
411610,4116109,Moreira Sales (PR),41,Paraná,0.454,0.407,0.572,0.384,0.649,2469.0,417.51
411620,4116208,Morretes (PR),41,Paraná,0.217,0.013,0.374,0.264,0.702,1213.0,549.15
411630,4116307,Munhoz de Melo (PR),41,Paraná,0.213,0.025,0.236,0.379,0.688,613.0,517.24
411640,4116406,Nossa Senhora das Graças (PR),41,Paraná,0.275,0.226,0.362,0.236,0.687,741.0,509.95
411650,4116505,Nova Aliança do Ivaí (PR),41,Paraná,0.255,0.02,0.362,0.381,0.694,323.0,478.85
411660,4116604,Nova América da Colina (PR),41,Paraná,0.274,0.02,0.482,0.321,0.684,453.0,439.28
411670,4116703,Nova Aurora (PR),41,Paraná,0.361,0.195,0.531,0.358,0.679,1508.0,452.42
411680,4116802,Nova Cantu (PR),41,Paraná,0.278,0.105,0.363,0.365,0.66,685.0,366.87
411690,4116901,Nova Esperança (PR),41,Paraná,0.43,0.413,0.473,0.405,0.67,4295.0,466.42
411695,4116950,Nova Esperança do Sudoeste (PR),41,Paraná,0.318,0.064,0.437,0.453,0.706,570.0,547.33
411700,4117008,Nova Fátima (PR),41,Paraná,0.418,0.387,0.451,0.416,0.651,1600.0,410.58
411705,4117057,Nova Laranjeiras (PR),41,Paraná,0.541,0.533,0.524,0.567,0.606,1331.0,256.8
411710,4117107,Nova Londrina (PR),41,Paraná,0.299,0.247,0.304,0.344,0.723,2923.0,506.06
411720,4117206,Nova Olímpia (PR),41,Paraná,0.356,0.402,0.373,0.294,0.693,1010.0,490.3
411725,4117255,Nova Prata do Iguaçu (PR),41,Paraná,0.351,0.281,0.363,0.408,0.684,1171.0,478.23
411721,4117214,Nova Santa Bárbara (PR),41,Paraná,0.278,0.0,0.478,0.355,0.658,729.0,448.38
411722,4117222,Nova Santa Rosa (PR),41,Paraná,0.424,0.4,0.494,0.379,0.663,396.0,427.22
411727,4117271,Nova Tebas (PR),41,Paraná,0.356,0.108,0.485,0.475,0.603,1358.0,314.43
411729,4117297,Novo Itacolomi (PR),41,Paraná,0.124,0.006,0.169,0.198,0.738,763.0,588.63
411730,4117305,Ortigueira (PR),41,Paraná,0.551,0.45,0.606,0.597,0.574,2440.0,325.13
411740,4117404,Ourizona (PR),41,Paraná,0.202,0.0,0.316,0.288,0.672,655.0,479.89
411745,4117453,Ouro Verde do Oeste (PR),41,Paraná,0.275,0.139,0.339,0.349,0.701,992.0,513.76
411750,4117503,Paiçandu (PR),41,Paraná,0.326,0.343,0.339,0.295,0.695,7660.0,534.16
411760,4117602,Palmas (PR),41,Paraná,0.444,0.148,0.721,0.463,0.573,8188.0,357.11
411770,4117701,Palmeira (PR),41,Paraná,0.301,0.037,0.48,0.385,0.694,2515.0,496.27
411780,4117800,Palmital (PR),41,Paraná,0.416,0.122,0.494,0.633,0.577,1456.0,313.6
411790,4117909,Palotina (PR),41,Paraná,0.223,0.0,0.356,0.313,0.667,3799.0,501.17
411810,4118105,Paranacity (PR),41,Paraná,0.225,0.082,0.32,0.274,0.706,2555.0,448.77
411820,4118204,Paranaguá (PR),41,Paraná,0.244,0.047,0.347,0.338,0.723,21881.0,571.56
411840,4118402,Paranavaí (PR),41,Paraná,0.219,0.044,0.308,0.304,0.726,14715.0,576.26
411800,4118006,Paraíso do Norte (PR),41,Paraná,0.253,0.137,0.404,0.218,0.711,2207.0,548.57
411845,4118451,Pato Bragado (PR),41,Paraná,0.184,0.002,0.225,0.325,0.768,1561.0,698.61
411850,4118501,Pato Branco (PR),41,Paraná,0.303,0.199,0.389,0.322,0.72,7829.0,571.55
411860,4118600,Paula Freitas (PR),41,Paraná,0.26,0.217,0.222,0.34,0.736,1368.0,599.04
411870,4118709,Paulo Frontin (PR),41,Paraná,0.461,0.456,0.447,0.479,0.635,284.0,334.74
411880,4118808,Peabiru (PR),41,Paraná,0.315,0.095,0.443,0.407,0.68,1732.0,474.96
411885,4118857,Perobal (PR),41,Paraná,0.239,0.0,0.338,0.378,0.684,514.0,442.31
411925,4119251,Pinhal de São Bento (PR),41,Paraná,0.281,0.068,0.292,0.482,0.655,386.0,428.87
411920,4119202,Pinhalão (PR),41,Paraná,0.229,0.007,0.405,0.276,0.655,746.0,449.44
411930,4119301,Pinhão (PR),41,Paraná,0.252,0.128,0.315,0.314,0.706,2607.0,467.3
411940,4119400,Piraí do Sul (PR),41,Paraná,0.501,0.429,0.507,0.567,0.639,1651.0,395.71
411960,4119608,Pitanga (PR),41,Paraná,0.348,0.122,0.4,0.521,0.664,2512.0,406.5
411965,4119657,Pitangueiras (PR),41,Paraná,0.336,0.4,0.318,0.29,0.674,439.0,412.8
411970,4119707,Planaltina do Paraná (PR),41,Paraná,0.463,0.406,0.493,0.49,0.68,646.0,427.96
411980,4119806,Planalto (PR),41,Paraná,0.171,0.012,0.212,0.289,0.768,3207.0,757.72
411990,4119905,Ponta Grossa (PR),41,Paraná,0.358,0.297,0.411,0.367,0.703,31063.0,525.36
411995,4119954,Pontal do Paraná (PR),41,Paraná,0.238,0.077,0.339,0.298,0.702,3175.0,560.25
412000,4120002,Porecatu (PR),41,Paraná,0.174,0.0,0.235,0.287,0.743,2731.0,617.77
412010,4120101,Porto Amazonas (PR),41,Paraná,0.24,0.0,0.36,0.359,0.653,715.0,478.62
412015,4120150,Porto Barreiro (PR),41,Paraná,0.502,0.495,0.371,0.64,0.615,434.0,349.52
412020,4120200,Porto Rico (PR),41,Paraná,0.297,0.22,0.29,0.382,0.709,622.0,428.06
412030,4120309,Porto Vitória (PR),41,Paraná,0.32,0.02,0.502,0.438,0.621,518.0,400.62
412033,4120333,Prado Ferreira (PR),41,Paraná,0.225,0.004,0.327,0.343,0.706,517.0,617.83
412035,4120358,Pranchita (PR),41,Paraná,0.325,0.017,0.499,0.459,0.67,616.0,568.6
412040,4120408,Presidente Castelo Branco (PR),41,Paraná,0.176,0.0,0.278,0.251,0.685,820.0,491.19
412050,4120507,Primeiro de Maio (PR),41,Paraná,0.302,0.105,0.463,0.338,0.68,1796.0,424.45
412060,4120606,Prudentópolis (PR),41,Paraná,0.371,0.006,0.603,0.505,0.652,2303.0,395.23
411890,4118907,Pérola (PR),41,Paraná,0.162,0.003,0.26,0.222,0.657,1331.0,521.94
411900,4119004,Pérola D'Oeste (PR),41,Paraná,0.321,0.045,0.41,0.509,0.67,612.0,407.61
412065,4120655,Quarto Centenário (PR),41,Paraná,0.432,0.4,0.481,0.414,0.652,709.0,412.79
412070,4120705,Quatiguá (PR),41,Paraná,0.41,0.319,0.45,0.462,0.668,623.0,443.59
412085,4120853,Quatro Pontes (PR),41,Paraná,0.11,0.013,0.157,0.159,0.795,1290.0,890.48
412090,4120903,Quedas do Iguaçu (PR),41,Paraná,0.361,0.152,0.531,0.4,0.664,3249.0,532.39
412100,4121000,Querência do Norte (PR),41,Paraná,0.355,0.264,0.375,0.425,0.678,1786.0,435.48
412110,4121109,Quinta do Sol (PR),41,Paraná,0.409,0.405,0.459,0.364,0.69,950.0,511.47
412125,4121257,Ramilândia (PR),41,Paraná,0.301,0.0,0.457,0.447,0.618,405.0,363.94
412130,4121307,Rancho Alegre (PR),41,Paraná,0.418,0.408,0.395,0.45,0.65,608.0,384.23
412135,4121356,Rancho Alegre D'Oeste (PR),41,Paraná,0.406,0.404,0.481,0.333,0.676,626.0,381.16
412140,4121406,Realeza (PR),41,Paraná,0.282,0.212,0.347,0.288,0.643,1231.0,459.59
412150,4121505,Rebouças (PR),41,Paraná,0.372,0.023,0.473,0.622,0.658,1005.0,348.25
412160,4121604,Renascença (PR),41,Paraná,0.362,0.052,0.536,0.497,0.639,987.0,394.79
412170,4121703,Reserva (PR),41,Paraná,0.397,0.059,0.617,0.515,0.568,4390.0,324.81
412175,4121752,Reserva do Iguaçu (PR),41,Paraná,0.374,0.04,0.59,0.492,0.624,892.0,358.63
412180,4121802,Ribeirão Claro (PR),41,Paraná,0.183,0.0,0.249,0.3,0.667,843.0,407.71
412190,4121901,Ribeirão do Pinhal (PR),41,Paraná,0.417,0.421,0.484,0.346,0.655,1680.0,447.81
412200,4122008,Rio Azul (PR),41,Paraná,0.494,0.251,0.642,0.588,0.621,869.0,503.31
412210,4122107,Rio Bom (PR),41,Paraná,0.26,0.004,0.384,0.393,0.679,455.0,386.55
412215,4122156,Rio Bonito do Iguaçu (PR),41,Paraná,0.333,0.065,0.49,0.444,0.622,2155.0,297.34
412217,4122172,Rio Branco do Ivaí (PR),41,Paraná,0.401,0.187,0.511,0.507,0.622,831.0,283.59
412240,4122404,Rolândia (PR),41,Paraná,0.24,0.126,0.327,0.267,0.718,7851.0,584.46
412250,4122503,Roncador (PR),41,Paraná,0.321,0.186,0.385,0.393,0.633,1448.0,353.97
412260,4122602,Rondon (PR),41,Paraná,0.24,0.0,0.428,0.294,0.676,1223.0,547.21
412265,4122651,Rosário do Ivaí (PR),41,Paraná,0.346,0.078,0.446,0.513,0.659,949.0,391.87
412270,4122701,Sabáudia (PR),41,Paraná,0.181,0.011,0.195,0.336,0.72,718.0,464.65
412280,4122800,Salgado Filho (PR),41,Paraná,0.327,0.04,0.569,0.373,0.613,327.0,354.75
412290,4122909,Salto do Itararé (PR),41,Paraná,0.319,0.264,0.324,0.37,0.666,584.0,421.55
412300,4123006,Salto do Lontra (PR),41,Paraná,0.332,0.035,0.567,0.394,0.613,1028.0,412.88
412310,4123105,Santa Amélia (PR),41,Paraná,0.249,0.0,0.351,0.397,0.689,1454.0,478.42
412320,4123204,Santa Cecília do Pavão (PR),41,Paraná,0.406,0.316,0.496,0.406,0.691,618.0,417.71
412330,4123303,Santa Cruz de Monte Castelo (PR),41,Paraná,0.332,0.239,0.425,0.332,0.713,1554.0,470.33
412340,4123402,Santa Fé (PR),41,Paraná,0.206,0.017,0.347,0.253,0.699,1554.0,608.96
412350,4123501,Santa Helena (PR),41,Paraná,0.232,0.0,0.396,0.3,0.659,1457.0,436.4
412360,4123600,Santa Inês (PR),41,Paraná,0.217,0.0,0.288,0.364,0.723,257.0,497.22
412370,4123709,Santa Isabel do Ivaí (PR),41,Paraná,0.33,0.314,0.302,0.374,0.697,1494.0,468.35
412380,4123808,Santa Izabel do Oeste (PR),41,Paraná,0.38,0.009,0.624,0.506,0.655,1343.0,371.79
412382,4123824,Santa Lúcia (PR),41,Paraná,0.327,0.145,0.45,0.386,0.62,382.0,535.9
412385,4123857,Santa Maria do Oeste (PR),41,Paraná,0.503,0.329,0.549,0.63,0.59,2323.0,261.33
412390,4123907,Santa Mariana (PR),41,Paraná,0.255,0.006,0.331,0.428,0.647,1488.0,487.49
412395,4123956,Santa Mônica (PR),41,Paraná,0.26,0.153,0.397,0.23,0.717,453.0,475.14
412402,4124020,Santa Tereza do Oeste (PR),41,Paraná,0.39,0.403,0.514,0.253,0.674,1484.0,512.34
412405,4124053,Santa Terezinha de Itaipu (PR),41,Paraná,0.251,0.002,0.421,0.331,0.667,2931.0,470.36
412400,4124004,Santana do Itararé (PR),41,Paraná,0.286,0.0,0.458,0.4,0.605,467.0,402.04
412410,4124103,Santo Antônio da Platina (PR),41,Paraná,0.334,0.164,0.52,0.318,0.656,5157.0,436.1
412420,4124202,Santo Antônio do Caiuá (PR),41,Paraná,0.256,0.222,0.286,0.261,0.671,745.0,407.55
412430,4124301,Santo Antônio do Paraíso (PR),41,Paraná,0.42,0.4,0.455,0.406,0.697,259.0,560.66
412440,4124400,Santo Antônio do Sudoeste (PR),41,Paraná,0.331,0.036,0.499,0.456,0.641,2473.0,490.63
412450,4124509,Santo Inácio (PR),41,Paraná,0.247,0.0,0.334,0.407,0.696,940.0,557.0
412620,4126207,Sapopema (PR),41,Paraná,0.381,0.29,0.444,0.409,0.647,467.0,410.22
412625,4126256,Sarandi (PR),41,Paraná,0.311,0.268,0.357,0.307,0.677,18206.0,495.07
412627,4126272,Saudade do Iguaçu (PR),41,Paraná,0.342,0.144,0.392,0.491,0.678,675.0,362.81
412630,4126306,Sengés (PR),41,Paraná,0.477,0.439,0.475,0.518,0.659,2275.0,363.14
412635,4126355,Serranópolis do Iguaçu (PR),41,Paraná,0.175,0.004,0.215,0.308,0.773,1218.0,934.69
412640,4126405,Sertaneja (PR),41,Paraná,0.274,0.061,0.351,0.41,0.706,772.0,500.19
412650,4126504,Sertanópolis (PR),41,Paraná,0.242,0.143,0.308,0.276,0.7,1844.0,489.03
412660,4126603,Siqueira Campos (PR),41,Paraná,0.289,0.216,0.332,0.321,0.665,1362.0,425.63
412665,4126652,Sulina (PR),41,Paraná,0.244,0.011,0.385,0.335,0.734,710.0,668.28
412460,4124608,São Carlos do Ivaí (PR),41,Paraná,0.39,0.413,0.428,0.33,0.674,1126.0,539.7
412470,4124707,São Jerônimo da Serra (PR),41,Paraná,0.407,0.012,0.519,0.691,0.652,916.0,354.5
412520,4125209,São Jorge D'Oeste (PR),41,Paraná,0.269,0.016,0.462,0.328,0.667,845.0,402.26
412530,4125308,São Jorge do Ivaí (PR),41,Paraná,0.266,0.155,0.375,0.266,0.68,623.0,556.69
412535,4125357,São Jorge do Patrocínio (PR),41,Paraná,0.301,0.0,0.545,0.358,0.638,819.0,452.9
412540,4125407,São José da Boa Vista (PR),41,Paraná,0.427,0.329,0.502,0.45,0.631,630.0,332.34
412545,4125456,São José das Palmeiras (PR),41,Paraná,0.301,0.193,0.295,0.414,0.701,600.0,362.1
412480,4124806,São João (PR),41,Paraná,0.385,0.279,0.455,0.423,0.677,983.0,460.25
412490,4124905,São João do Caiuá (PR),41,Paraná,0.419,0.405,0.427,0.425,0.652,1438.0,410.66
412500,4125001,São João do Ivaí (PR),41,Paraná,0.371,0.279,0.478,0.357,0.683,1932.0,453.44
412510,4125100,São João do Triunfo (PR),41,Paraná,0.406,0.108,0.634,0.475,0.579,1276.0,321.53
412555,4125555,São Manoel do Paraná (PR),41,Paraná,0.123,0.0,0.126,0.242,0.708,357.0,544.54
412560,4125605,São Mateus do Sul (PR),41,Paraná,0.39,0.433,0.378,0.358,0.71,2264.0,607.17
412570,4125704,São Miguel do Iguaçu (PR),41,Paraná,0.263,0.0,0.37,0.417,0.684,1833.0,496.6
412575,4125753,São Pedro do Iguaçu (PR),41,Paraná,0.418,0.377,0.463,0.414,0.647,872.0,390.16
412580,4125803,São Pedro do Ivaí (PR),41,Paraná,0.386,0.293,0.501,0.366,0.656,1481.0,439.72
412590,4125902,São Pedro do Paraná (PR),41,Paraná,0.226,0.0,0.399,0.279,0.672,458.0,446.58
412600,4126009,São Sebastião da Amoreira (PR),41,Paraná,0.36,0.245,0.395,0.439,0.679,1510.0,417.86
412610,4126108,São Tomé (PR),41,Paraná,0.183,0.0,0.34,0.209,0.693,756.0,499.71
412667,4126678,Tamarana (PR),41,Paraná,0.339,0.078,0.492,0.446,0.633,1613.0,317.35
412670,4126702,Tamboara (PR),41,Paraná,0.228,0.027,0.299,0.358,0.69,600.0,419.83
412680,4126801,Tapejara (PR),41,Paraná,0.268,0.003,0.456,0.344,0.691,2855.0,519.17
412690,4126900,Tapira (PR),41,Paraná,0.348,0.266,0.38,0.397,0.661,772.0,428.8
412700,4127007,Teixeira Soares (PR),41,Paraná,0.35,0.031,0.545,0.472,0.586,1317.0,310.83
412710,4127106,Telêmaco Borba (PR),41,Paraná,0.299,0.005,0.451,0.441,0.677,9703.0,509.0
412720,4127205,Terra Boa (PR),41,Paraná,0.222,0.0,0.38,0.285,0.708,2638.0,511.93
412730,4127304,Terra Rica (PR),41,Paraná,0.239,0.141,0.3,0.276,0.71,2883.0,528.1
412740,4127403,Terra Roxa (PR),41,Paraná,0.264,0.072,0.355,0.365,0.668,2089.0,523.21
412750,4127502,Tibagi (PR),41,Paraná,0.327,0.0,0.562,0.418,0.649,1738.0,427.33
412770,4127700,Toledo (PR),41,Paraná,0.205,0.013,0.349,0.254,0.722,17086.0,600.01
412780,4127809,Tomazina (PR),41,Paraná,0.303,0.106,0.416,0.388,0.632,1233.0,338.76
412785,4127858,Três Barras do Paraná (PR),41,Paraná,0.376,0.007,0.627,0.494,0.634,887.0,357.92
412790,4127908,Tuneiras do Oeste (PR),41,Paraná,0.375,0.343,0.397,0.384,0.698,1218.0,443.84
412795,4127957,Tupãssi (PR),41,Paraná,0.28,0.078,0.341,0.42,0.655,938.0,416.28
412796,4127965,Turvo (PR),41,Paraná,0.52,0.491,0.592,0.477,0.634,1702.0,380.14
412800,4128005,Ubiratã (PR),41,Paraná,0.354,0.203,0.467,0.393,0.704,3221.0,496.9
412810,4128104,Umuarama (PR),41,Paraná,0.248,0.155,0.286,0.303,0.72,15929.0,548.54
412830,4128302,Uniflor (PR),41,Paraná,0.189,0.022,0.365,0.182,0.707,461.0,518.87
412820,4128203,União da Vitória (PR),41,Paraná,0.344,0.237,0.459,0.335,0.679,6020.0,415.71
412840,4128401,Uraí (PR),41,Paraná,0.332,0.106,0.481,0.407,0.657,1510.0,379.41
412853,4128534,Ventania (PR),41,Paraná,0.318,0.01,0.452,0.492,0.655,882.0,339.84
412855,4128559,Vera Cruz do Oeste (PR),41,Paraná,0.331,0.0,0.466,0.526,0.678,1527.0,463.92
412860,4128609,Verê (PR),41,Paraná,0.172,0.005,0.19,0.32,0.741,1680.0,689.8
412865,4128658,Virmond (PR),41,Paraná,0.404,0.4,0.339,0.472,0.748,965.0,715.78
412870,4128708,Vitorino (PR),41,Paraná,0.44,0.425,0.526,0.369,0.57,407.0,423.44
412850,4128500,Wenceslau Braz (PR),41,Paraná,0.431,0.299,0.478,0.514,0.637,1982.0,371.56
412880,4128807,Xambrê (PR),41,Paraná,0.39,0.413,0.351,0.406,0.702,1329.0,561.19
410115,4101150,Ângulo (PR),41,Paraná,0.362,0.302,0.387,0.395,0.662,516.0,444.49
410020,4100202,Adrianópolis (PR),41,Paraná,0.274,0.005,0.322,0.497,0.721,421.0,602.73
410030,4100301,Agudos do Sul (PR),41,Paraná,0.362,0.212,0.46,0.414,0.636,1027.0,377.38
410040,4100400,Almirante Tamandaré (PR),41,Paraná,0.37,0.408,0.463,0.24,0.675,17104.0,532.11
410180,4101804,Araucária (PR),41,Paraná,0.334,0.403,0.324,0.275,0.735,16739.0,796.8
410230,4102307,Balsa Nova (PR),41,Paraná,0.287,0.034,0.432,0.394,0.688,755.0,536.18
410310,4103107,Bocaiúva do Sul (PR),41,Paraná,0.218,0.0,0.306,0.349,0.623,716.0,468.64
410400,4104006,Campina Grande do Sul (PR),41,Paraná,0.321,0.4,0.337,0.227,0.695,4854.0,543.95
410420,4104204,Campo Largo (PR),41,Paraná,0.281,0.195,0.361,0.288,0.715,9025.0,532.76
410425,4104253,Campo Magro (PR),41,Paraná,0.349,0.408,0.394,0.244,0.695,3169.0,502.7
410410,4104105,Campo do Tenente (PR),41,Paraná,0.466,0.374,0.598,0.425,0.654,832.0,395.71
410520,4105201,Cerro Azul (PR),41,Paraná,0.408,0.069,0.675,0.479,0.532,2921.0,290.9
410580,4105805,Colombo (PR),41,Paraná,0.35,0.403,0.391,0.256,0.709,35385.0,586.3
410620,4106209,Contenda (PR),41,Paraná,0.389,0.443,0.391,0.334,0.635,1317.0,393.28
410690,4106902,Curitiba (PR),41,Paraná,0.297,0.403,0.268,0.221,0.766,169052.0,889.5
412863,4128633,Doutor Ulysses (PR),41,Paraná,0.393,0.079,0.615,0.484,0.512,912.0,245.49
410765,4107652,Fazenda Rio Grande (PR),41,Paraná,0.351,0.41,0.338,0.304,0.693,12273.0,508.0
411125,4111258,Itaperuçu (PR),41,Paraná,0.452,0.409,0.575,0.371,0.639,3100.0,428.51
411320,4113205,Lapa (PR),41,Paraná,0.368,0.36,0.404,0.34,0.678,3551.0,464.27
411430,4114302,Mandirituba (PR),41,Paraná,0.441,0.372,0.448,0.504,0.622,2787.0,373.57
411915,4119152,Pinhais (PR),41,Paraná,0.272,0.327,0.262,0.228,0.731,17049.0,681.01
411950,4119509,Piraquara (PR),41,Paraná,0.353,0.405,0.368,0.285,0.72,6153.0,524.5
411910,4119103,Piên (PR),41,Paraná,0.326,0.386,0.346,0.247,0.735,2243.0,555.89
412080,4120804,Quatro Barras (PR),41,Paraná,0.31,0.411,0.262,0.256,0.744,2095.0,573.41
412120,4121208,Quitandinha (PR),41,Paraná,0.322,0.0,0.369,0.597,0.71,418.0,433.69
412220,4122206,Rio Branco do Sul (PR),41,Paraná,0.372,0.413,0.459,0.242,0.661,3845.0,444.21
412230,4122305,Rio Negro (PR),41,Paraná,0.223,0.024,0.353,0.293,0.722,2412.0,523.74
412550,4125506,São José dos Pinhais (PR),41,Paraná,0.285,0.289,0.332,0.233,0.72,31245.0,626.27
412760,4127601,Tijucas do Sul (PR),41,Paraná,0.342,0.044,0.546,0.435,0.573,1761.0,349.81
412788,4127882,Tunas do Paraná (PR),41,Paraná,0.322,0.013,0.57,0.383,0.605,494.0,317.91
430003,4300034,Aceguá (RS),43,Rio Grande do Sul,0.529,0.349,0.688,0.549,0.624,534.0,406.81
430010,4300109,Agudo (RS),43,Rio Grande do Sul,0.427,0.28,0.502,0.499,0.592,1010.0,356.38
430020,4300208,Ajuricaba (RS),43,Rio Grande do Sul,0.329,0.031,0.455,0.501,0.64,464.0,414.83
430030,4300307,Alecrim (RS),43,Rio Grande do Sul,0.378,0.047,0.576,0.511,0.616,600.0,428.96
430040,4300406,Alegrete (RS),43,Rio Grande do Sul,0.241,0.011,0.329,0.382,0.715,10206.0,494.91
430045,4300455,Alegria (RS),43,Rio Grande do Sul,0.154,0.002,0.251,0.209,0.764,833.0,647.84
430047,4300471,Almirante Tamandaré do Sul (RS),43,Rio Grande do Sul,0.137,0.0,0.214,0.197,0.795,441.0,822.88
430050,4300505,Alpestre (RS),43,Rio Grande do Sul,0.289,0.115,0.315,0.438,0.696,3898.0,612.04
430055,4300554,Alto Alegre (RS),43,Rio Grande do Sul,0.221,0.046,0.227,0.389,0.757,904.0,868.8
430057,4300570,Alto Feliz (RS),43,Rio Grande do Sul,0.114,0.0,0.17,0.172,0.752,1417.0,799.96
430063,4300638,Amaral Ferrador (RS),43,Rio Grande do Sul,0.354,0.031,0.66,0.372,0.544,575.0,243.82
430064,4300646,Ametista do Sul (RS),43,Rio Grande do Sul,0.414,0.355,0.564,0.323,0.607,1008.0,390.95
430066,4300661,André da Rocha (RS),43,Rio Grande do Sul,0.291,0.273,0.212,0.387,0.791,255.0,979.97
430070,4300703,Anta Gorda (RS),43,Rio Grande do Sul,0.15,0.003,0.214,0.234,0.795,1248.0,880.9
430080,4300802,Antônio Prado (RS),43,Rio Grande do Sul,0.225,0.0,0.321,0.355,0.701,794.0,488.37
430085,4300851,Arambaré (RS),43,Rio Grande do Sul,0.268,0.005,0.422,0.375,0.73,1477.0,644.45
430090,4300901,Aratiba (RS),43,Rio Grande do Sul,0.152,0.019,0.237,0.2,0.813,1690.0,979.48
430130,4301305,Arroio Grande (RS),43,Rio Grande do Sul,0.289,0.002,0.466,0.399,0.664,1378.0,355.34
430100,4301008,Arroio do Meio (RS),43,Rio Grande do Sul,0.186,0.014,0.337,0.207,0.714,506.0,474.16
430107,4301073,Arroio do Padre (RS),43,Rio Grande do Sul,0.248,0.07,0.342,0.331,0.678,1316.0,789.07
430105,4301057,Arroio do Sal (RS),43,Rio Grande do Sul,0.231,0.009,0.289,0.394,0.713,402.0,568.94
430120,4301206,Arroio do Tigre (RS),43,Rio Grande do Sul,0.331,0.048,0.52,0.425,0.574,655.0,277.53
430140,4301404,Arvorezinha (RS),43,Rio Grande do Sul,0.163,0.02,0.258,0.21,0.749,3209.0,717.95
430150,4301503,Augusto Pestana (RS),43,Rio Grande do Sul,0.202,0.01,0.37,0.227,0.647,359.0,540.91
430160,4301602,Bagé (RS),43,Rio Grande do Sul,0.299,0.037,0.443,0.416,0.684,11347.0,477.78
430163,4301636,Balneário Pinhal (RS),43,Rio Grande do Sul,0.242,0.118,0.268,0.341,0.705,5460.0,634.81
430195,4301958,Barra Funda (RS),43,Rio Grande do Sul,0.126,0.01,0.181,0.188,0.767,763.0,689.47
430185,4301859,Barra do Guarita (RS),43,Rio Grande do Sul,0.179,0.01,0.292,0.234,0.791,706.0,801.39
430187,4301875,Barra do Quaraí (RS),43,Rio Grande do Sul,0.276,0.007,0.378,0.443,0.631,516.0,278.53
430190,4301909,Barra do Ribeiro (RS),43,Rio Grande do Sul,0.251,0.103,0.297,0.353,0.688,4772.0,600.53
430192,4301925,Barra do Rio Azul (RS),43,Rio Grande do Sul,0.348,0.4,0.249,0.394,0.729,954.0,633.78
430180,4301800,Barracão (RS),43,Rio Grande do Sul,0.265,0.312,0.247,0.238,0.744,1553.0,843.75
430200,4302006,Barros Cassal (RS),43,Rio Grande do Sul,0.333,0.036,0.562,0.4,0.579,1355.0,406.34
430165,4301651,Barão (RS),43,Rio Grande do Sul,0.111,0.001,0.198,0.135,0.792,1496.0,974.56
430170,4301701,Barão de Cotegipe (RS),43,Rio Grande do Sul,0.33,0.011,0.58,0.398,0.592,391.0,530.83
430175,4301750,Barão do Triunfo (RS),43,Rio Grande do Sul,0.304,0.109,0.436,0.369,0.63,3277.0,456.77
430205,4302055,Benjamin Constant do Sul (RS),43,Rio Grande do Sul,0.345,0.12,0.49,0.425,0.617,1112.0,340.69
430210,4302105,Bento Gonçalves (RS),43,Rio Grande do Sul,0.175,0.005,0.357,0.164,0.726,5883.0,708.75
430215,4302154,Boa Vista das Missões (RS),43,Rio Grande do Sul,0.234,0.017,0.393,0.293,0.724,459.0,540.37
430220,4302204,Boa Vista do Buricá (RS),43,Rio Grande do Sul,0.088,0.005,0.134,0.125,0.794,2203.0,859.33
430222,4302220,Boa Vista do Cadeado (RS),43,Rio Grande do Sul,0.247,0.072,0.37,0.298,0.708,1184.0,588.96
430223,4302238,Boa Vista do Incra (RS),43,Rio Grande do Sul,0.286,0.173,0.3,0.385,0.744,1182.0,598.67
430225,4302253,Boa Vista do Sul (RS),43,Rio Grande do Sul,0.175,0.07,0.201,0.255,0.731,1307.0,913.91
430230,4302303,Bom Jesus (RS),43,Rio Grande do Sul,0.429,0.362,0.443,0.483,0.615,1478.0,325.11
430235,4302352,Bom Princípio (RS),43,Rio Grande do Sul,0.12,0.006,0.182,0.173,0.776,4537.0,863.09
430237,4302378,Bom Progresso (RS),43,Rio Grande do Sul,0.183,0.023,0.27,0.256,0.761,609.0,621.05
430240,4302402,Bom Retiro do Sul (RS),43,Rio Grande do Sul,0.104,0.001,0.171,0.141,0.778,4688.0,750.34
430245,4302451,Boqueirão do Leão (RS),43,Rio Grande do Sul,0.306,0.01,0.524,0.385,0.618,871.0,451.16
430250,4302501,Bossoroca (RS),43,Rio Grande do Sul,0.229,0.025,0.276,0.385,0.709,447.0,387.32
430258,4302584,Bozano (RS),43,Rio Grande do Sul,0.205,0.013,0.248,0.354,0.773,1100.0,982.92
430260,4302600,Braga (RS),43,Rio Grande do Sul,0.298,0.1,0.37,0.425,0.701,1169.0,512.91
430265,4302659,Brochier (RS),43,Rio Grande do Sul,0.109,0.007,0.223,0.098,0.745,1165.0,797.09
430270,4302709,Butiá (RS),43,Rio Grande do Sul,0.288,0.003,0.415,0.445,0.705,9878.0,578.12
430290,4302907,Cacequi (RS),43,Rio Grande do Sul,0.307,0.107,0.411,0.403,0.644,1241.0,385.88
430300,4303004,Cachoeira do Sul (RS),43,Rio Grande do Sul,0.375,0.235,0.422,0.469,0.659,6164.0,445.27
430320,4303202,Cacique Doble (RS),43,Rio Grande do Sul,0.189,0.004,0.335,0.229,0.715,843.0,767.16
430330,4303301,Caibaté (RS),43,Rio Grande do Sul,0.37,0.265,0.413,0.431,0.611,575.0,369.85
430340,4303400,Caiçara (RS),43,Rio Grande do Sul,0.247,0.06,0.31,0.371,0.718,2486.0,719.09
430350,4303509,Camaquã (RS),43,Rio Grande do Sul,0.263,0.01,0.411,0.37,0.68,2885.0,467.37
430355,4303558,Camargo (RS),43,Rio Grande do Sul,0.186,0.0,0.378,0.18,0.744,1301.0,885.51
430360,4303608,Cambará do Sul (RS),43,Rio Grande do Sul,0.301,0.013,0.414,0.476,0.693,610.0,476.03
430367,4303673,Campestre da Serra (RS),43,Rio Grande do Sul,0.144,0.015,0.26,0.157,0.743,615.0,709.05
430370,4303707,Campina das Missões (RS),43,Rio Grande do Sul,0.121,0.0,0.171,0.191,0.783,1142.0,811.19
430380,4303806,Campinas do Sul (RS),43,Rio Grande do Sul,0.382,0.012,0.602,0.532,0.595,359.0,392.63
430400,4304002,Campo Novo (RS),43,Rio Grande do Sul,0.228,0.037,0.35,0.298,0.714,2130.0,582.96
430410,4304101,Campos Borges (RS),43,Rio Grande do Sul,0.206,0.182,0.175,0.262,0.758,1038.0,654.02
430420,4304200,Candelária (RS),43,Rio Grande do Sul,0.199,0.087,0.295,0.217,0.738,8287.0,723.05
430435,4304358,Candiota (RS),43,Rio Grande do Sul,0.263,0.054,0.428,0.307,0.617,1131.0,402.02
430440,4304408,Canela (RS),43,Rio Grande do Sul,0.295,0.275,0.363,0.247,0.686,2589.0,507.52
430450,4304507,Canguçu (RS),43,Rio Grande do Sul,0.203,0.004,0.277,0.328,0.744,10485.0,694.46
430461,4304614,Canudos do Vale (RS),43,Rio Grande do Sul,0.227,0.012,0.319,0.35,0.726,848.0,812.45
430469,4304697,Capitão (RS),43,Rio Grande do Sul,0.116,0.031,0.157,0.161,0.765,589.0,740.7
430467,4304671,Capivari do Sul (RS),43,Rio Grande do Sul,0.168,0.0,0.248,0.258,0.796,1654.0,1153.89
430462,4304622,Capão Bonito do Sul (RS),43,Rio Grande do Sul,0.238,0.004,0.409,0.301,0.66,234.0,386.47
430463,4304630,Capão da Canoa (RS),43,Rio Grande do Sul,0.333,0.005,0.575,0.419,0.683,2135.0,531.56
430465,4304655,Capão do Cipó (RS),43,Rio Grande do Sul,0.358,0.204,0.394,0.477,0.676,1476.0,407.66
430466,4304663,Capão do Leão (RS),43,Rio Grande do Sul,0.311,0.018,0.503,0.412,0.622,1871.0,360.12
430470,4304705,Carazinho (RS),43,Rio Grande do Sul,0.361,0.359,0.378,0.347,0.73,3666.0,527.07
430471,4304713,Caraá (RS),43,Rio Grande do Sul,0.234,0.004,0.395,0.304,0.728,547.0,652.54
430480,4304804,Carlos Barbosa (RS),43,Rio Grande do Sul,0.124,0.004,0.175,0.194,0.824,12530.0,1555.18
430485,4304853,Carlos Gomes (RS),43,Rio Grande do Sul,0.259,0.096,0.267,0.414,0.747,773.0,799.68
430490,4304903,Casca (RS),43,Rio Grande do Sul,0.113,0.007,0.163,0.169,0.816,2678.0,1023.73
430495,4304952,Caseiros (RS),43,Rio Grande do Sul,0.225,0.0,0.355,0.32,0.734,767.0,640.46
430500,4305009,Catuípe (RS),43,Rio Grande do Sul,0.211,0.015,0.292,0.325,0.755,3122.0,758.2
430510,4305108,Caxias do Sul (RS),43,Rio Grande do Sul,0.216,0.037,0.354,0.257,0.716,34420.0,716.2
430280,4302808,Caçapava do Sul (RS),43,Rio Grande do Sul,0.398,0.019,0.477,0.698,0.617,2909.0,351.49
430511,4305116,Centenário (RS),43,Rio Grande do Sul,0.209,0.029,0.275,0.323,0.701,1424.0,599.22
430512,4305124,Cerrito (RS),43,Rio Grande do Sul,0.405,0.153,0.624,0.438,0.612,447.0,291.41
430513,4305132,Cerro Branco (RS),43,Rio Grande do Sul,0.235,0.006,0.474,0.224,0.552,323.0,332.09
430515,4305157,Cerro Grande (RS),43,Rio Grande do Sul,0.316,0.069,0.411,0.468,0.682,1208.0,537.4
430517,4305173,Cerro Grande do Sul (RS),43,Rio Grande do Sul,0.315,0.036,0.587,0.323,0.56,824.0,387.12
430520,4305207,Cerro Largo (RS),43,Rio Grande do Sul,0.314,0.044,0.388,0.511,0.691,1201.0,467.68
430530,4305306,Chapada (RS),43,Rio Grande do Sul,0.141,0.007,0.207,0.208,0.786,2940.0,823.65
430537,4305371,Charrua (RS),43,Rio Grande do Sul,0.64,0.673,0.732,0.514,0.605,1743.0,611.55
430540,4305405,Chiapetta (RS),43,Rio Grande do Sul,0.298,0.253,0.356,0.284,0.688,419.0,402.43
430544,4305447,Chuvisca (RS),43,Rio Grande do Sul,0.27,0.012,0.424,0.376,0.62,2341.0,471.99
430543,4305439,Chuí (RS),43,Rio Grande do Sul,0.205,0.048,0.305,0.263,0.735,2905.0,519.46
430545,4305454,Cidreira (RS),43,Rio Grande do Sul,0.218,0.0,0.341,0.313,0.736,981.0,813.09
430550,4305504,Ciríaco (RS),43,Rio Grande do Sul,0.342,0.205,0.339,0.48,0.712,493.0,744.88
430558,4305587,Colinas (RS),43,Rio Grande do Sul,0.12,0.0,0.155,0.206,0.812,565.0,1262.33
430560,4305603,Colorado (RS),43,Rio Grande do Sul,0.183,0.008,0.245,0.296,0.778,985.0,800.88
430570,4305702,Condor (RS),43,Rio Grande do Sul,0.286,0.0,0.469,0.389,0.662,482.0,389.64
430580,4305801,Constantina (RS),43,Rio Grande do Sul,0.207,0.027,0.316,0.278,0.769,3368.0,744.07
430583,4305835,Coqueiro Baixo (RS),43,Rio Grande do Sul,0.17,0.0,0.242,0.268,0.7,737.0,638.41
430585,4305850,Coqueiros do Sul (RS),43,Rio Grande do Sul,0.201,0.024,0.233,0.347,0.758,1202.0,1062.95
430587,4305871,Coronel Barros (RS),43,Rio Grande do Sul,0.18,0.004,0.242,0.296,0.746,1240.0,1125.88
430590,4305900,Coronel Bicaco (RS),43,Rio Grande do Sul,0.404,0.094,0.599,0.517,0.582,676.0,309.65
430593,4305934,Coronel Pilar (RS),43,Rio Grande do Sul,0.233,0.012,0.303,0.382,0.731,831.0,905.39
430595,4305959,Cotiporã (RS),43,Rio Grande do Sul,0.111,0.006,0.147,0.181,0.786,1020.0,896.31
430597,4305975,Coxilha (RS),43,Rio Grande do Sul,0.201,0.0,0.379,0.224,0.682,908.0,508.7
430600,4306007,Crissiumal (RS),43,Rio Grande do Sul,0.115,0.008,0.178,0.159,0.779,3259.0,784.74
430605,4306056,Cristal (RS),43,Rio Grande do Sul,0.339,0.027,0.545,0.443,0.546,542.0,324.1
430607,4306072,Cristal do Sul (RS),43,Rio Grande do Sul,0.41,0.41,0.361,0.461,0.672,1385.0,450.0
430610,4306106,Cruz Alta (RS),43,Rio Grande do Sul,0.252,0.028,0.34,0.388,0.661,4379.0,432.62
430613,4306130,Cruzaltense (RS),43,Rio Grande do Sul,0.223,0.022,0.27,0.378,0.731,1040.0,712.42
430620,4306205,Cruzeiro do Sul (RS),43,Rio Grande do Sul,0.217,0.26,0.243,0.147,0.743,3790.0,811.53
430430,4304309,Cândido Godói (RS),43,Rio Grande do Sul,0.137,0.083,0.151,0.178,0.829,944.0,986.45
430630,4306304,David Canabarro (RS),43,Rio Grande do Sul,0.15,0.002,0.237,0.21,0.82,972.0,1034.53
430632,4306320,Derrubadas (RS),43,Rio Grande do Sul,0.145,0.0,0.287,0.148,0.754,475.0,559.96
430635,4306353,Dezesseis de Novembro (RS),43,Rio Grande do Sul,0.307,0.005,0.363,0.552,0.663,1397.0,398.47
430637,4306379,Dilermando de Aguiar (RS),43,Rio Grande do Sul,0.273,0.009,0.457,0.354,0.639,1485.0,472.65
430642,4306429,Dois Irmãos das Missões (RS),43,Rio Grande do Sul,0.404,0.08,0.636,0.495,0.618,346.0,307.6
430645,4306452,Dois Lajeados (RS),43,Rio Grande do Sul,0.179,0.0,0.185,0.353,0.777,1625.0,979.12
430650,4306502,Dom Feliciano (RS),43,Rio Grande do Sul,0.386,0.014,0.69,0.454,0.526,1187.0,244.83
430660,4306601,Dom Pedrito (RS),43,Rio Grande do Sul,0.295,0.013,0.454,0.418,0.644,4148.0,371.2
430655,4306551,Dom Pedro de Alcântara (RS),43,Rio Grande do Sul,0.197,0.033,0.388,0.169,0.749,373.0,730.87
430670,4306700,Dona Francisca (RS),43,Rio Grande do Sul,0.164,0.019,0.25,0.225,0.754,1105.0,809.55
430673,4306734,Doutor Maurício Cardoso (RS),43,Rio Grande do Sul,0.214,0.013,0.312,0.316,0.763,1338.0,742.5
430675,4306759,Doutor Ricardo (RS),43,Rio Grande do Sul,0.134,0.029,0.187,0.186,0.781,365.0,889.25
430680,4306809,Encantado (RS),43,Rio Grande do Sul,0.127,0.001,0.203,0.176,0.784,9273.0,952.83
430690,4306908,Encruzilhada do Sul (RS),43,Rio Grande do Sul,0.279,0.099,0.355,0.382,0.689,8859.0,541.72
430692,4306924,Engenho Velho (RS),43,Rio Grande do Sul,0.165,0.031,0.238,0.226,0.79,317.0,1008.55
430695,4306957,Entre Rios do Sul (RS),43,Rio Grande do Sul,0.315,0.33,0.358,0.257,0.709,1083.0,604.64
430693,4306932,Entre-Ijuís (RS),43,Rio Grande do Sul,0.202,0.014,0.356,0.235,0.701,2562.0,623.42
430697,4306973,Erebango (RS),43,Rio Grande do Sul,0.247,0.186,0.285,0.268,0.726,994.0,599.24
430700,4307005,Erechim (RS),43,Rio Grande do Sul,0.275,0.141,0.414,0.269,0.685,6414.0,554.85
430705,4307054,Ernestina (RS),43,Rio Grande do Sul,0.154,0.139,0.148,0.174,0.741,849.0,654.1
430720,4307203,Erval Grande (RS),43,Rio Grande do Sul,0.378,0.404,0.402,0.328,0.703,1359.0,835.83
430730,4307302,Erval Seco (RS),43,Rio Grande do Sul,0.367,0.088,0.572,0.441,0.626,993.0,360.41
430740,4307401,Esmeralda (RS),43,Rio Grande do Sul,0.364,0.012,0.535,0.545,0.596,402.0,343.83
430745,4307450,Esperança do Sul (RS),43,Rio Grande do Sul,0.3,0.086,0.342,0.473,0.665,1622.0,513.5
430750,4307500,Espumoso (RS),43,Rio Grande do Sul,0.184,0.075,0.251,0.226,0.779,5757.0,910.02
430755,4307559,Estação (RS),43,Rio Grande do Sul,0.428,0.408,0.442,0.433,0.656,385.0,449.92
430780,4307807,Estrela (RS),43,Rio Grande do Sul,0.313,0.387,0.277,0.275,0.698,1484.0,552.56
430781,4307815,Estrela Velha (RS),43,Rio Grande do Sul,0.119,0.015,0.19,0.153,0.783,595.0,801.8
430783,4307831,Eugênio de Castro (RS),43,Rio Grande do Sul,0.21,0.011,0.375,0.242,0.734,766.0,656.15
430786,4307864,Fagundes Varela (RS),43,Rio Grande do Sul,0.172,0.0,0.216,0.301,0.763,1279.0,970.99
430790,4307906,Farroupilha (RS),43,Rio Grande do Sul,0.156,0.007,0.291,0.169,0.739,3620.0,662.28
430800,4308003,Faxinal do Soturno (RS),43,Rio Grande do Sul,0.213,0.021,0.341,0.277,0.648,626.0,467.89
430805,4308052,Faxinalzinho (RS),43,Rio Grande do Sul,0.238,0.015,0.399,0.299,0.711,638.0,445.61
430807,4308078,Fazenda Vilanova (RS),43,Rio Grande do Sul,0.189,0.002,0.362,0.202,0.708,1014.0,556.7
430810,4308102,Feliz (RS),43,Rio Grande do Sul,0.107,0.002,0.21,0.109,0.776,4746.0,914.37
430820,4308201,Flores da Cunha (RS),43,Rio Grande do Sul,0.166,0.002,0.263,0.232,0.78,10564.0,1065.27
430825,4308250,Floriano Peixoto (RS),43,Rio Grande do Sul,0.201,0.002,0.294,0.308,0.663,937.0,635.64
430830,4308300,Fontoura Xavier (RS),43,Rio Grande do Sul,0.38,0.063,0.569,0.508,0.613,1359.0,380.04
430840,4308409,Formigueiro (RS),43,Rio Grande do Sul,0.334,0.139,0.458,0.406,0.597,730.0,341.63
430843,4308433,Forquetinha (RS),43,Rio Grande do Sul,0.168,0.003,0.235,0.266,0.684,1214.0,829.28
430845,4308458,Fortaleza dos Valos (RS),43,Rio Grande do Sul,0.155,0.006,0.218,0.24,0.799,1560.0,1073.02
430850,4308508,Frederico Westphalen (RS),43,Rio Grande do Sul,0.153,0.007,0.214,0.239,0.784,12098.0,954.52
430860,4308607,Garibaldi (RS),43,Rio Grande do Sul,0.119,0.004,0.204,0.15,0.82,13830.0,1447.63
430865,4308656,Garruchos (RS),43,Rio Grande do Sul,0.215,0.0,0.377,0.268,0.754,547.0,657.63
430870,4308706,Gaurama (RS),43,Rio Grande do Sul,0.135,0.011,0.21,0.185,0.767,1817.0,722.8
430880,4308805,General Câmara (RS),43,Rio Grande do Sul,0.303,0.209,0.35,0.35,0.755,2565.0,713.95
430885,4308854,Gentil (RS),43,Rio Grande do Sul,0.212,0.099,0.306,0.233,0.739,351.0,685.41
430890,4308904,Getúlio Vargas (RS),43,Rio Grande do Sul,0.372,0.304,0.376,0.435,0.594,1135.0,451.57
430900,4309001,Giruá (RS),43,Rio Grande do Sul,0.253,0.015,0.437,0.305,0.663,1353.0,501.25
430910,4309100,Gramado (RS),43,Rio Grande do Sul,0.119,0.0,0.22,0.138,0.803,15040.0,1068.75
430915,4309159,Gramado Xavier (RS),43,Rio Grande do Sul,0.282,0.006,0.36,0.48,0.582,470.0,382.17
430912,4309126,Gramado dos Loureiros (RS),43,Rio Grande do Sul,0.277,0.0,0.552,0.279,0.634,226.0,427.93
430925,4309258,Guabiju (RS),43,Rio Grande do Sul,0.202,0.0,0.436,0.17,0.567,98.0,381.65
430940,4309407,Guaporé (RS),43,Rio Grande do Sul,0.217,0.0,0.458,0.194,0.649,1584.0,558.94
430950,4309506,Guarani das Missões (RS),43,Rio Grande do Sul,0.193,0.009,0.231,0.34,0.759,2683.0,692.33
430955,4309555,Harmonia (RS),43,Rio Grande do Sul,0.1,0.0,0.173,0.127,0.793,1223.0,894.4
430710,4307104,Herval (RS),43,Rio Grande do Sul,0.426,0.196,0.461,0.623,0.592,669.0,323.63
430957,4309571,Herveiras (RS),43,Rio Grande do Sul,0.297,0.112,0.512,0.267,0.639,1411.0,509.11
430960,4309605,Horizontina (RS),43,Rio Grande do Sul,0.223,0.0,0.29,0.378,0.724,982.0,858.02
430965,4309654,Hulha Negra (RS),43,Rio Grande do Sul,0.265,0.023,0.334,0.439,0.675,395.0,460.66
430970,4309704,Humaitá (RS),43,Rio Grande do Sul,0.264,0.015,0.34,0.436,0.68,440.0,507.21
430975,4309753,Ibarama (RS),43,Rio Grande do Sul,0.262,0.009,0.438,0.34,0.676,2141.0,571.99
430980,4309803,Ibiaçá (RS),43,Rio Grande do Sul,0.157,0.041,0.224,0.205,0.737,1487.0,864.76
430990,4309902,Ibiraiaras (RS),43,Rio Grande do Sul,0.189,0.001,0.246,0.321,0.769,1943.0,750.57
430995,4309951,Ibirapuitã (RS),43,Rio Grande do Sul,0.258,0.045,0.375,0.356,0.58,350.0,452.02
431000,4310009,Ibirubá (RS),43,Rio Grande do Sul,0.256,0.0,0.289,0.478,0.676,1288.0,590.55
431020,4310207,Ijuí (RS),43,Rio Grande do Sul,0.298,0.099,0.396,0.4,0.677,6481.0,493.51
431030,4310306,Ilópolis (RS),43,Rio Grande do Sul,0.451,0.407,0.459,0.486,0.658,346.0,393.44
431033,4310330,Imbé (RS),43,Rio Grande do Sul,0.223,0.0,0.35,0.318,0.69,843.0,610.86
431036,4310363,Imigrante (RS),43,Rio Grande do Sul,0.066,0.0,0.101,0.098,0.771,772.0,1012.66
431040,4310405,Independência (RS),43,Rio Grande do Sul,0.293,0.042,0.472,0.366,0.608,416.0,496.06
431041,4310413,Inhacorá (RS),43,Rio Grande do Sul,0.366,0.165,0.523,0.409,0.677,246.0,352.35
431046,4310462,Ipiranga do Sul (RS),43,Rio Grande do Sul,0.126,0.0,0.163,0.214,0.825,345.0,1435.25
431043,4310439,Ipê (RS),43,Rio Grande do Sul,0.34,0.252,0.373,0.394,0.668,416.0,500.44
431050,4310504,Iraí (RS),43,Rio Grande do Sul,0.24,0.079,0.333,0.308,0.744,2278.0,633.55
431053,4310538,Itaara (RS),43,Rio Grande do Sul,0.245,0.095,0.353,0.286,0.769,1985.0,792.48
431055,4310553,Itacurubi (RS),43,Rio Grande do Sul,0.178,0.0,0.337,0.196,0.755,621.0,526.44
431057,4310579,Itapuca (RS),43,Rio Grande do Sul,0.363,0.421,0.327,0.34,0.671,1111.0,654.26
431060,4310603,Itaqui (RS),43,Rio Grande do Sul,0.282,0.027,0.443,0.377,0.672,4588.0,404.21
431065,4310652,Itati (RS),43,Rio Grande do Sul,0.247,0.115,0.336,0.289,0.676,1244.0,596.74
431070,4310702,Itatiba do Sul (RS),43,Rio Grande do Sul,0.291,0.284,0.354,0.233,0.759,861.0,740.29
431075,4310751,Ivorá (RS),43,Rio Grande do Sul,0.142,0.0,0.239,0.188,0.727,396.0,848.11
431085,4310850,Jaboticaba (RS),43,Rio Grande do Sul,0.368,0.051,0.417,0.636,0.576,468.0,240.53
431087,4310876,Jacuizinho (RS),43,Rio Grande do Sul,0.311,0.011,0.414,0.51,0.666,1224.0,773.05
431090,4310900,Jacutinga (RS),43,Rio Grande do Sul,0.194,0.031,0.252,0.3,0.74,1335.0,666.65
431110,4311106,Jaguari (RS),43,Rio Grande do Sul,0.157,0.012,0.235,0.223,0.768,3399.0,862.95
431100,4311007,Jaguarão (RS),43,Rio Grande do Sul,0.27,0.082,0.399,0.329,0.727,13543.0,643.96
431112,4311122,Jaquirana (RS),43,Rio Grande do Sul,0.397,0.004,0.665,0.523,0.575,569.0,267.24
431113,4311130,Jari (RS),43,Rio Grande do Sul,0.344,0.111,0.398,0.523,0.64,1691.0,408.25
431115,4311155,Jóia (RS),43,Rio Grande do Sul,0.149,0.0,0.284,0.164,0.748,1073.0,603.23
431120,4311205,Júlio de Castilhos (RS),43,Rio Grande do Sul,0.336,0.02,0.439,0.547,0.643,1594.0,385.75
431123,4311239,Lagoa Bonita do Sul (RS),43,Rio Grande do Sul,0.287,0.085,0.441,0.334,0.696,1259.0,589.72
431130,4311304,Lagoa Vermelha (RS),43,Rio Grande do Sul,0.282,0.019,0.415,0.41,0.651,2195.0,390.26
431127,4311270,Lagoa dos Três Cantos (RS),43,Rio Grande do Sul,0.093,0.006,0.087,0.187,0.819,421.0,788.1
431125,4311254,Lagoão (RS),43,Rio Grande do Sul,0.423,0.249,0.658,0.364,0.602,505.0,353.1
431140,4311403,Lajeado (RS),43,Rio Grande do Sul,0.196,0.0,0.374,0.214,0.67,3935.0,564.57
431142,4311429,Lajeado do Bugre (RS),43,Rio Grande do Sul,0.306,0.247,0.4,0.272,0.679,383.0,457.41
431150,4311502,Lavras do Sul (RS),43,Rio Grande do Sul,0.218,0.032,0.316,0.306,0.727,2518.0,584.59
431160,4311601,Liberato Salzano (RS),43,Rio Grande do Sul,0.245,0.01,0.426,0.297,0.638,585.0,356.86
431162,4311627,Lindolfo Collor (RS),43,Rio Grande do Sul,0.231,0.273,0.251,0.17,0.741,2085.0,693.33
431164,4311643,Linha Nova (RS),43,Rio Grande do Sul,0.103,0.034,0.149,0.127,0.76,816.0,845.52
431170,4311700,Machadinho (RS),43,Rio Grande do Sul,0.344,0.377,0.369,0.286,0.72,1727.0,736.06
431173,4311734,Mampituba (RS),43,Rio Grande do Sul,0.263,0.048,0.459,0.283,0.657,1452.0,467.36
431175,4311759,Manoel Viana (RS),43,Rio Grande do Sul,0.434,0.297,0.614,0.392,0.622,420.0,335.46
431177,4311775,Maquiné (RS),43,Rio Grande do Sul,0.181,0.0,0.34,0.201,0.748,1058.0,730.84
431179,4311791,Maratá (RS),43,Rio Grande do Sul,0.231,0.291,0.222,0.18,0.728,1255.0,759.78
431180,4311809,Marau (RS),43,Rio Grande do Sul,0.215,0.0,0.384,0.26,0.698,1978.0,586.57
431190,4311908,Marcelino Ramos (RS),43,Rio Grande do Sul,0.173,0.007,0.255,0.258,0.765,1412.0,851.82
431198,4311981,Mariana Pimentel (RS),43,Rio Grande do Sul,0.225,0.007,0.366,0.302,0.714,1798.0,632.06
431200,4312005,Mariano Moro (RS),43,Rio Grande do Sul,0.279,0.296,0.301,0.239,0.753,577.0,661.33
431205,4312054,Marques de Souza (RS),43,Rio Grande do Sul,0.221,0.019,0.392,0.251,0.712,2029.0,843.53
431210,4312104,Mata (RS),43,Rio Grande do Sul,0.244,0.1,0.286,0.347,0.715,1360.0,567.29
431213,4312138,Mato Castelhano (RS),43,Rio Grande do Sul,0.208,0.138,0.309,0.177,0.734,1178.0,884.07
431215,4312153,Mato Leitão (RS),43,Rio Grande do Sul,0.109,0.019,0.161,0.147,0.779,834.0,806.82
431217,4312179,Mato Queimado (RS),43,Rio Grande do Sul,0.271,0.053,0.341,0.42,0.726,897.0,631.43
431220,4312203,Maximiliano de Almeida (RS),43,Rio Grande do Sul,0.5,0.454,0.586,0.459,0.581,502.0,352.4
431171,4311718,Maçambará (RS),43,Rio Grande do Sul,0.318,0.164,0.35,0.439,0.629,499.0,377.03
431225,4312252,Minas do Leão (RS),43,Rio Grande do Sul,0.252,0.004,0.413,0.339,0.695,3731.0,800.42
431230,4312302,Miraguaí (RS),43,Rio Grande do Sul,0.252,0.043,0.326,0.388,0.642,428.0,341.02
431235,4312351,Montauri (RS),43,Rio Grande do Sul,0.17,0.016,0.166,0.329,0.767,748.0,1100.67
431237,4312377,Monte Alegre dos Campos (RS),43,Rio Grande do Sul,0.312,0.121,0.438,0.376,0.654,1441.0,489.53
431238,4312385,Monte Belo do Sul (RS),43,Rio Grande do Sul,0.149,0.021,0.232,0.196,0.765,1325.0,848.87
431242,4312427,Mormaço (RS),43,Rio Grande do Sul,0.322,0.364,0.288,0.313,0.701,1353.0,793.09
431244,4312443,Morrinhos do Sul (RS),43,Rio Grande do Sul,0.214,0.199,0.222,0.219,0.749,667.0,858.79
431245,4312450,Morro Redondo (RS),43,Rio Grande do Sul,0.257,0.151,0.265,0.355,0.735,1391.0,801.9
431247,4312476,Morro Reuter (RS),43,Rio Grande do Sul,0.119,0.001,0.196,0.159,0.774,2431.0,782.43
431250,4312500,Mostardas (RS),43,Rio Grande do Sul,0.284,0.033,0.399,0.419,0.623,1274.0,403.15
431261,4312617,Muitos Capões (RS),43,Rio Grande do Sul,0.349,0.02,0.496,0.53,0.603,291.0,302.81
431262,4312625,Muliterno (RS),43,Rio Grande do Sul,0.363,0.345,0.334,0.41,0.703,890.0,770.59
431260,4312609,Muçum (RS),43,Rio Grande do Sul,0.129,0.009,0.213,0.165,0.774,2124.0,884.36
431267,4312674,Nicolau Vergueiro (RS),43,Rio Grande do Sul,0.233,0.057,0.296,0.346,0.819,328.0,1358.47
431270,4312708,Nonoai (RS),43,Rio Grande do Sul,0.296,0.027,0.486,0.375,0.619,963.0,412.47
431275,4312757,Nova Alvorada (RS),43,Rio Grande do Sul,0.192,0.003,0.245,0.328,0.757,1584.0,897.8
431280,4312807,Nova Araçá (RS),43,Rio Grande do Sul,0.118,0.0,0.17,0.183,0.806,1493.0,1031.91
431290,4312906,Nova Bassano (RS),43,Rio Grande do Sul,0.141,0.011,0.236,0.176,0.778,2751.0,1031.91
431295,4312955,Nova Boa Vista (RS),43,Rio Grande do Sul,0.126,0.0,0.156,0.223,0.78,979.0,893.28
431300,4313003,Nova Bréscia (RS),43,Rio Grande do Sul,0.185,0.0,0.224,0.331,0.81,1555.0,1453.68
431301,4313011,Nova Candelária (RS),43,Rio Grande do Sul,0.138,0.004,0.182,0.227,0.779,1346.0,1178.71
431303,4313037,Nova Esperança do Sul (RS),43,Rio Grande do Sul,0.149,0.0,0.215,0.233,0.758,1853.0,737.17
431310,4313102,Nova Palma (RS),43,Rio Grande do Sul,0.096,0.001,0.182,0.104,0.802,1584.0,949.88
431320,4313201,Nova Petrópolis (RS),43,Rio Grande do Sul,0.111,0.004,0.186,0.143,0.806,7283.0,1106.17
431330,4313300,Nova Prata (RS),43,Rio Grande do Sul,0.115,0.001,0.213,0.13,0.799,9506.0,1037.9
431308,4313086,Nova Pádua (RS),43,Rio Grande do Sul,0.157,0.007,0.193,0.272,0.775,1192.0,900.86
431333,4313334,Nova Ramada (RS),43,Rio Grande do Sul,0.169,0.02,0.18,0.308,0.78,357.0,854.91
431335,4313359,Nova Roma do Sul (RS),43,Rio Grande do Sul,0.314,0.406,0.199,0.336,0.786,795.0,1059.49
431349,4313490,Novo Barreiro (RS),43,Rio Grande do Sul,0.353,0.096,0.433,0.532,0.692,522.0,758.26
431339,4313391,Novo Cabrais (RS),43,Rio Grande do Sul,0.253,0.019,0.401,0.34,0.682,1909.0,595.15
431342,4313425,Novo Machado (RS),43,Rio Grande do Sul,0.217,0.006,0.293,0.352,0.707,814.0,584.41
431344,4313441,Novo Tiradentes (RS),43,Rio Grande do Sul,0.382,0.416,0.364,0.366,0.688,1086.0,552.32
431346,4313466,Novo Xingu (RS),43,Rio Grande do Sul,0.183,0.005,0.222,0.32,0.778,896.0,799.43
431265,4312658,Não-Me-Toque (RS),43,Rio Grande do Sul,0.207,0.0,0.332,0.288,0.659,984.0,584.6
431350,4313508,Osório (RS),43,Rio Grande do Sul,0.18,0.045,0.269,0.227,0.778,19667.0,1024.91
431360,4313607,Paim Filho (RS),43,Rio Grande do Sul,0.172,0.003,0.249,0.264,0.706,1170.0,663.03
431365,4313656,Palmares do Sul (RS),43,Rio Grande do Sul,0.262,0.08,0.325,0.382,0.732,4949.0,796.34
431370,4313706,Palmeira das Missões (RS),43,Rio Grande do Sul,0.347,0.055,0.47,0.516,0.671,3370.0,455.7
431380,4313805,Palmitinho (RS),43,Rio Grande do Sul,0.158,0.035,0.227,0.214,0.787,1724.0,789.26
431390,4313904,Panambi (RS),43,Rio Grande do Sul,0.203,0.025,0.293,0.291,0.688,2664.0,537.62
431395,4313953,Pantano Grande (RS),43,Rio Grande do Sul,0.244,0.014,0.353,0.366,0.687,4236.0,577.07
431400,4314001,Paraí (RS),43,Rio Grande do Sul,0.2,0.233,0.153,0.213,0.816,1914.0,1082.64
431402,4314027,Paraíso do Sul (RS),43,Rio Grande do Sul,0.179,0.028,0.255,0.254,0.719,1459.0,656.24
431403,4314035,Pareci Novo (RS),43,Rio Grande do Sul,0.145,0.0,0.21,0.226,0.768,1727.0,809.95
431406,4314068,Passa Sete (RS),43,Rio Grande do Sul,0.378,0.054,0.645,0.435,0.536,306.0,329.23
431410,4314100,Passo Fundo (RS),43,Rio Grande do Sul,0.285,0.174,0.407,0.275,0.702,14883.0,624.35
431407,4314076,Passo do Sobrado (RS),43,Rio Grande do Sul,0.159,0.0,0.264,0.213,0.796,774.0,1099.77
431413,4314134,Paulo Bento (RS),43,Rio Grande do Sul,0.199,0.001,0.314,0.28,0.721,1070.0,781.89
431415,4314159,Paverama (RS),43,Rio Grande do Sul,0.165,0.01,0.27,0.214,0.712,2077.0,644.56
431417,4314175,Pedras Altas (RS),43,Rio Grande do Sul,0.429,0.215,0.512,0.558,0.655,1051.0,461.86
431420,4314209,Pedro Osório (RS),43,Rio Grande do Sul,0.28,0.008,0.391,0.441,0.699,3763.0,601.38
431430,4314308,Pejuçara (RS),43,Rio Grande do Sul,0.176,0.002,0.324,0.202,0.754,1360.0,678.74
431440,4314407,Pelotas (RS),43,Rio Grande do Sul,0.31,0.091,0.452,0.387,0.66,30790.0,498.07
431442,4314423,Picada Café (RS),43,Rio Grande do Sul,0.104,0.004,0.19,0.12,0.79,2291.0,814.15
431445,4314456,Pinhal (RS),43,Rio Grande do Sul,0.35,0.4,0.285,0.364,0.681,308.0,430.35
431447,4314472,Pinhal Grande (RS),43,Rio Grande do Sul,0.283,0.382,0.254,0.213,0.748,965.0,615.92
431446,4314464,Pinhal da Serra (RS),43,Rio Grande do Sul,0.303,0.006,0.554,0.349,0.63,250.0,303.4
431449,4314498,Pinheirinho do Vale (RS),43,Rio Grande do Sul,0.489,0.524,0.44,0.504,0.642,360.0,354.55
431450,4314506,Pinheiro Machado (RS),43,Rio Grande do Sul,0.288,0.074,0.459,0.331,0.663,1566.0,430.66
431455,4314555,Pirapó (RS),43,Rio Grande do Sul,0.337,0.021,0.472,0.517,0.61,415.0,317.45
431460,4314605,Piratini (RS),43,Rio Grande do Sul,0.368,0.028,0.536,0.541,0.593,2078.0,338.61
431470,4314704,Planalto (RS),43,Rio Grande do Sul,0.296,0.289,0.318,0.279,0.737,3116.0,635.4
431478,4314787,Ponte Preta (RS),43,Rio Grande do Sul,0.215,0.063,0.215,0.367,0.737,826.0,727.6
431477,4314779,Pontão (RS),43,Rio Grande do Sul,0.317,0.313,0.397,0.242,0.708,267.0,543.71
431500,4315008,Porto Lucena (RS),43,Rio Grande do Sul,0.171,0.019,0.284,0.211,0.747,1220.0,729.51
431505,4315057,Porto Mauá (RS),43,Rio Grande do Sul,0.297,0.156,0.269,0.467,0.7,1278.0,540.03
431507,4315073,Porto Vera Cruz (RS),43,Rio Grande do Sul,0.185,0.007,0.281,0.267,0.697,916.0,479.95
431510,4315107,Porto Xavier (RS),43,Rio Grande do Sul,0.268,0.035,0.437,0.332,0.631,1717.0,421.78
431513,4315131,Pouso Novo (RS),43,Rio Grande do Sul,0.191,0.017,0.321,0.235,0.724,922.0,912.35
431475,4314753,Poço das Antas (RS),43,Rio Grande do Sul,0.114,0.0,0.252,0.089,0.774,443.0,817.16
431514,4315149,Presidente Lucena (RS),43,Rio Grande do Sul,0.119,0.005,0.202,0.15,0.76,1174.0,735.88
431515,4315156,Progresso (RS),43,Rio Grande do Sul,0.144,0.015,0.232,0.183,0.781,983.0,825.58
431517,4315172,Protásio Alves (RS),43,Rio Grande do Sul,0.236,0.118,0.311,0.279,0.742,921.0,955.12
431520,4315206,Putinga (RS),43,Rio Grande do Sul,0.295,0.406,0.195,0.283,0.783,812.0,829.43
431530,4315305,Quaraí (RS),43,Rio Grande do Sul,0.262,0.001,0.413,0.371,0.697,11069.0,482.15
431531,4315313,Quatro Irmãos (RS),43,Rio Grande do Sul,0.442,0.409,0.472,0.446,0.646,185.0,293.58
431532,4315321,Quevedos (RS),43,Rio Grande do Sul,0.26,0.041,0.421,0.317,0.685,1263.0,480.95
431535,4315354,Quinze de Novembro (RS),43,Rio Grande do Sul,0.098,0.005,0.133,0.156,0.775,1015.0,812.96
431540,4315404,Redentora (RS),43,Rio Grande do Sul,0.314,0.091,0.399,0.453,0.731,1533.0,622.32
431545,4315453,Relvado (RS),43,Rio Grande do Sul,0.197,0.029,0.277,0.285,0.736,1084.0,946.26
431550,4315503,Restinga Seca (RS),43,Rio Grande do Sul,0.287,0.011,0.421,0.428,0.578,1523.0,361.2
431560,4315602,Rio Grande (RS),43,Rio Grande do Sul,0.334,0.255,0.392,0.354,0.681,19667.0,555.84
431570,4315701,Rio Pardo (RS),43,Rio Grande do Sul,0.294,0.193,0.409,0.281,0.688,2031.0,435.36
431555,4315552,Rio dos Índios (RS),43,Rio Grande do Sul,0.472,0.413,0.48,0.524,0.559,307.0,254.49
431575,4315750,Riozinho (RS),43,Rio Grande do Sul,0.149,0.0,0.281,0.165,0.701,1408.0,673.34
431580,4315800,Roca Sales (RS),43,Rio Grande do Sul,0.116,0.003,0.199,0.145,0.743,3390.0,874.3
431590,4315909,Rodeio Bonito (RS),43,Rio Grande do Sul,0.22,0.155,0.237,0.268,0.782,2207.0,812.6
431595,4315958,Rolador (RS),43,Rio Grande do Sul,0.289,0.093,0.325,0.45,0.703,1228.0,539.09
431610,4316105,Ronda Alta (RS),43,Rio Grande do Sul,0.353,0.409,0.347,0.303,0.648,867.0,547.02
431620,4316204,Rondinha (RS),43,Rio Grande do Sul,0.198,0.0,0.24,0.353,0.773,1209.0,810.58
431630,4316303,Roque Gonzales (RS),43,Rio Grande do Sul,0.296,0.016,0.383,0.489,0.646,1024.0,421.25
431640,4316402,Rosário do Sul (RS),43,Rio Grande do Sul,0.316,0.054,0.487,0.406,0.62,4202.0,373.48
431642,4316428,Sagrada Família (RS),43,Rio Grande do Sul,0.287,0.061,0.327,0.473,0.691,1256.0,504.76
431643,4316436,Saldanha Marinho (RS),43,Rio Grande do Sul,0.15,0.0,0.166,0.285,0.759,1027.0,713.01
431645,4316451,Salto do Jacuí (RS),43,Rio Grande do Sul,0.331,0.067,0.424,0.504,0.634,908.0,376.61
431647,4316477,Salvador das Missões (RS),43,Rio Grande do Sul,0.127,0.012,0.177,0.191,0.764,1292.0,643.88
431650,4316501,Salvador do Sul (RS),43,Rio Grande do Sul,0.095,0.0,0.156,0.13,0.789,2054.0,989.09
431660,4316600,Sananduva (RS),43,Rio Grande do Sul,0.16,0.01,0.249,0.221,0.77,5513.0,913.66
431710,4317103,Sant'Ana do Livramento (RS),43,Rio Grande do Sul,0.259,0.038,0.342,0.399,0.688,7820.0,448.51
431670,4316709,Santa Bárbara do Sul (RS),43,Rio Grande do Sul,0.186,0.005,0.285,0.267,0.744,3590.0,736.95
431673,4316733,Santa Cecília do Sul (RS),43,Rio Grande do Sul,0.183,0.0,0.317,0.231,0.626,122.0,753.07
431675,4316758,Santa Clara do Sul (RS),43,Rio Grande do Sul,0.087,0.003,0.169,0.088,0.811,1479.0,931.38
431680,4316808,Santa Cruz do Sul (RS),43,Rio Grande do Sul,0.251,0.163,0.333,0.259,0.671,7618.0,533.63
431697,4316972,Santa Margarida do Sul (RS),43,Rio Grande do Sul,0.167,0.024,0.326,0.151,0.717,267.0,604.97
431690,4316907,Santa Maria (RS),43,Rio Grande do Sul,0.281,0.167,0.366,0.31,0.712,20327.0,607.44
431695,4316956,Santa Maria do Herval (RS),43,Rio Grande do Sul,0.297,0.43,0.325,0.137,0.683,2148.0,716.73
431720,4317202,Santa Rosa (RS),43,Rio Grande do Sul,0.247,0.004,0.347,0.389,0.683,4054.0,479.66
431725,4317251,Santa Tereza (RS),43,Rio Grande do Sul,0.187,0.005,0.157,0.397,0.741,831.0,904.26
431730,4317301,Santa Vitória do Palmar (RS),43,Rio Grande do Sul,0.358,0.291,0.396,0.387,0.67,2280.0,390.88
431700,4317004,Santana da Boa Vista (RS),43,Rio Grande do Sul,0.235,0.002,0.374,0.33,0.719,1947.0,501.0
431740,4317400,Santiago (RS),43,Rio Grande do Sul,0.229,0.003,0.409,0.276,0.69,3507.0,517.83
431770,4317707,Santo Antônio das Missões (RS),43,Rio Grande do Sul,0.375,0.184,0.41,0.532,0.63,996.0,416.67
431755,4317558,Santo Antônio do Palma (RS),43,Rio Grande do Sul,0.139,0.007,0.133,0.277,0.827,342.0,1082.47
431775,4317756,Santo Antônio do Planalto (RS),43,Rio Grande do Sul,0.138,0.002,0.178,0.233,0.752,655.0,634.95
431780,4317806,Santo Augusto (RS),43,Rio Grande do Sul,0.373,0.123,0.43,0.567,0.62,1151.0,438.24
431790,4317905,Santo Cristo (RS),43,Rio Grande do Sul,0.126,0.002,0.182,0.194,0.781,3985.0,872.28
431795,4317954,Santo Expedito do Sul (RS),43,Rio Grande do Sul,0.26,0.065,0.219,0.497,0.737,1222.0,556.56
431750,4317509,Santo Ângelo (RS),43,Rio Grande do Sul,0.249,0.032,0.397,0.316,0.692,6261.0,553.76
432010,4320107,Sarandi (RS),43,Rio Grande do Sul,0.231,0.011,0.464,0.22,0.696,2094.0,517.05
432020,4320206,Seberi (RS),43,Rio Grande do Sul,0.238,0.032,0.273,0.408,0.749,3144.0,720.78
432023,4320230,Sede Nova (RS),43,Rio Grande do Sul,0.202,0.008,0.285,0.313,0.697,810.0,774.89
432026,4320263,Segredo (RS),43,Rio Grande do Sul,0.362,0.046,0.649,0.391,0.589,917.0,348.15
432030,4320305,Selbach (RS),43,Rio Grande do Sul,0.29,0.38,0.224,0.267,0.779,1797.0,775.44
432032,4320321,Senador Salgado Filho (RS),43,Rio Grande do Sul,0.227,0.056,0.299,0.327,0.721,1407.0,626.75
432035,4320354,Sentinela do Sul (RS),43,Rio Grande do Sul,0.296,0.018,0.431,0.439,0.613,449.0,323.08
432040,4320404,Serafina Corrêa (RS),43,Rio Grande do Sul,0.121,0.004,0.188,0.171,0.784,6114.0,865.26
432050,4320503,Sertão (RS),43,Rio Grande do Sul,0.427,0.416,0.443,0.424,0.631,541.0,377.34
432055,4320552,Sertão Santana (RS),43,Rio Grande do Sul,0.165,0.015,0.256,0.224,0.75,674.0,762.75
432057,4320578,Sete de Setembro (RS),43,Rio Grande do Sul,0.285,0.009,0.322,0.523,0.692,1042.0,552.31
432060,4320602,Severiano de Almeida (RS),43,Rio Grande do Sul,0.124,0.033,0.15,0.188,0.807,731.0,945.98
432065,4320651,Silveira Martins (RS),43,Rio Grande do Sul,0.182,0.004,0.322,0.22,0.782,573.0,726.87
432067,4320677,Sinimbu (RS),43,Rio Grande do Sul,0.272,0.045,0.485,0.286,0.64,4851.0,607.58
432070,4320701,Sobradinho (RS),43,Rio Grande do Sul,0.327,0.004,0.536,0.44,0.633,1238.0,321.45
432080,4320800,Soledade (RS),43,Rio Grande do Sul,0.343,0.104,0.525,0.401,0.639,2259.0,398.12
431800,4318002,São Borja (RS),43,Rio Grande do Sul,0.298,0.012,0.45,0.431,0.681,5377.0,430.56
431805,4318051,São Domingos do Sul (RS),43,Rio Grande do Sul,0.131,0.002,0.178,0.215,0.815,912.0,1122.57
431810,4318101,São Francisco de Assis (RS),43,Rio Grande do Sul,0.347,0.031,0.503,0.508,0.591,1143.0,363.09
431820,4318200,São Francisco de Paula (RS),43,Rio Grande do Sul,0.318,0.036,0.605,0.314,0.638,1846.0,438.05
431830,4318309,São Gabriel (RS),43,Rio Grande do Sul,0.355,0.125,0.463,0.478,0.649,5137.0,383.79
431844,4318440,São Jorge (RS),43,Rio Grande do Sul,0.153,0.0,0.167,0.292,0.786,752.0,728.9
431845,4318457,São José das Missões (RS),43,Rio Grande do Sul,0.27,0.075,0.353,0.383,0.672,1343.0,453.1
431846,4318465,São José do Herval (RS),43,Rio Grande do Sul,0.299,0.404,0.261,0.232,0.792,423.0,922.12
431848,4318481,São José do Hortêncio (RS),43,Rio Grande do Sul,0.111,0.003,0.243,0.087,0.751,1308.0,697.1
431849,4318499,São José do Inhacorá (RS),43,Rio Grande do Sul,0.112,0.003,0.115,0.219,0.803,426.0,822.86
431850,4318507,São José do Norte (RS),43,Rio Grande do Sul,0.383,0.261,0.518,0.369,0.6,2959.0,387.71
431860,4318606,São José do Ouro (RS),43,Rio Grande do Sul,0.21,0.091,0.272,0.265,0.778,2318.0,1006.76
431861,4318614,São José do Sul (RS),43,Rio Grande do Sul,0.164,0.013,0.339,0.14,0.757,370.0,985.17
431862,4318622,São José dos Ausentes (RS),43,Rio Grande do Sul,0.389,0.076,0.602,0.488,0.611,351.0,285.23
431842,4318424,São João da Urtiga (RS),43,Rio Grande do Sul,0.183,0.008,0.266,0.276,0.752,1171.0,693.45
431843,4318432,São João do Polêsine (RS),43,Rio Grande do Sul,0.187,0.002,0.215,0.342,0.754,1363.0,754.35
431880,4318804,São Lourenço do Sul (RS),43,Rio Grande do Sul,0.474,0.489,0.49,0.444,0.624,2070.0,414.35
431890,4318903,São Luiz Gonzaga (RS),43,Rio Grande do Sul,0.321,0.146,0.398,0.419,0.691,3031.0,473.09
431900,4319000,São Marcos (RS),43,Rio Grande do Sul,0.146,0.001,0.279,0.158,0.789,9016.0,961.71
431910,4319109,São Martinho (RS),43,Rio Grande do Sul,0.174,0.004,0.259,0.258,0.76,1818.0,783.43
431912,4319125,São Martinho da Serra (RS),43,Rio Grande do Sul,0.268,0.228,0.254,0.322,0.711,471.0,527.52
431915,4319158,São Miguel das Missões (RS),43,Rio Grande do Sul,0.339,0.034,0.488,0.496,0.625,834.0,543.23
431920,4319208,São Nicolau (RS),43,Rio Grande do Sul,0.375,0.064,0.465,0.595,0.634,708.0,400.33
431930,4319307,São Paulo das Missões (RS),43,Rio Grande do Sul,0.272,0.014,0.482,0.318,0.621,582.0,383.52
431935,4319356,São Pedro da Serra (RS),43,Rio Grande do Sul,0.165,0.315,0.11,0.071,0.801,726.0,909.35
431936,4319364,São Pedro das Missões (RS),43,Rio Grande do Sul,0.208,0.012,0.313,0.298,0.728,282.0,514.51
431937,4319372,São Pedro do Butiá (RS),43,Rio Grande do Sul,0.108,0.007,0.2,0.116,0.822,628.0,935.49
431940,4319406,São Pedro do Sul (RS),43,Rio Grande do Sul,0.345,0.023,0.526,0.488,0.621,1045.0,394.12
431960,4319604,São Sepé (RS),43,Rio Grande do Sul,0.316,0.043,0.535,0.371,0.634,2197.0,366.96
431970,4319703,São Valentim (RS),43,Rio Grande do Sul,0.205,0.025,0.324,0.267,0.783,907.0,884.79
431971,4319711,São Valentim do Sul (RS),43,Rio Grande do Sul,0.149,0.003,0.226,0.219,0.762,1056.0,915.89
431975,4319752,São Vendelino (RS),43,Rio Grande do Sul,0.097,0.005,0.151,0.135,0.783,671.0,816.02
431980,4319802,São Vicente do Sul (RS),43,Rio Grande do Sul,0.406,0.159,0.574,0.484,0.636,966.0,340.53
432045,4320453,Sério (RS),43,Rio Grande do Sul,0.254,0.008,0.327,0.427,0.669,1091.0,620.84
432085,4320859,Tabaí (RS),43,Rio Grande do Sul,0.166,0.0,0.255,0.243,0.753,644.0,697.94
432090,4320909,Tapejara (RS),43,Rio Grande do Sul,0.2,0.002,0.336,0.262,0.694,1425.0,525.28
432100,4321006,Tapera (RS),43,Rio Grande do Sul,0.154,0.006,0.25,0.205,0.766,4559.0,793.26
432110,4321105,Tapes (RS),43,Rio Grande do Sul,0.318,0.006,0.511,0.436,0.629,1467.0,368.33
432130,4321303,Taquari (RS),43,Rio Grande do Sul,0.251,0.221,0.28,0.253,0.761,11349.0,808.68
432132,4321329,Taquaruçu do Sul (RS),43,Rio Grande do Sul,0.237,0.049,0.304,0.358,0.758,1449.0,927.56
432135,4321352,Tavares (RS),43,Rio Grande do Sul,0.261,0.157,0.423,0.204,0.677,1642.0,584.73
432140,4321402,Tenente Portela (RS),43,Rio Grande do Sul,0.381,0.234,0.484,0.424,0.637,1048.0,428.82
432143,4321436,Terra de Areia (RS),43,Rio Grande do Sul,0.175,0.013,0.256,0.254,0.741,2652.0,746.26
432145,4321451,Teutônia (RS),43,Rio Grande do Sul,0.103,0.0,0.161,0.148,0.772,11802.0,866.72
432146,4321469,Tio Hugo (RS),43,Rio Grande do Sul,0.212,0.031,0.29,0.315,0.785,604.0,693.64
432147,4321477,Tiradentes do Sul (RS),43,Rio Grande do Sul,0.36,0.121,0.572,0.388,0.6,415.0,436.19
432149,4321493,Toropi (RS),43,Rio Grande do Sul,0.255,0.009,0.33,0.426,0.702,1391.0,538.06
432150,4321501,Torres (RS),43,Rio Grande do Sul,0.172,0.022,0.261,0.233,0.776,17195.0,876.37
432160,4321600,Tramandaí (RS),43,Rio Grande do Sul,0.287,0.035,0.489,0.336,0.695,2313.0,584.16
432162,4321626,Travesseiro (RS),43,Rio Grande do Sul,0.137,0.0,0.151,0.26,0.728,446.0,780.41
432195,4321956,Trindade do Sul (RS),43,Rio Grande do Sul,0.479,0.457,0.504,0.476,0.646,721.0,394.43
432163,4321634,Três Arroios (RS),43,Rio Grande do Sul,0.141,0.007,0.133,0.283,0.796,1427.0,1325.08
432166,4321667,Três Cachoeiras (RS),43,Rio Grande do Sul,0.177,0.026,0.251,0.253,0.755,3746.0,767.11
432170,4321709,Três Coroas (RS),43,Rio Grande do Sul,0.161,0.003,0.288,0.191,0.718,10384.0,799.18
432183,4321832,Três Forquilhas (RS),43,Rio Grande do Sul,0.288,0.092,0.425,0.348,0.682,1402.0,482.61
432185,4321857,Três Palmeiras (RS),43,Rio Grande do Sul,0.244,0.191,0.244,0.298,0.763,1073.0,916.53
432190,4321907,Três Passos (RS),43,Rio Grande do Sul,0.151,0.013,0.224,0.214,0.79,9867.0,845.93
432180,4321808,Três de Maio (RS),43,Rio Grande do Sul,0.182,0.015,0.245,0.286,0.689,1501.0,463.64
432210,4322103,Tucunduva (RS),43,Rio Grande do Sul,0.177,0.003,0.254,0.273,0.777,2136.0,888.31
432215,4322152,Tunas (RS),43,Rio Grande do Sul,0.54,0.378,0.596,0.645,0.614,395.0,277.29
432218,4322186,Tupanci do Sul (RS),43,Rio Grande do Sul,0.239,0.003,0.29,0.423,0.705,757.0,592.96
432220,4322202,Tupanciretã (RS),43,Rio Grande do Sul,0.278,0.178,0.35,0.306,0.735,9425.0,763.49
432225,4322251,Tupandi (RS),43,Rio Grande do Sul,0.115,0.006,0.213,0.124,0.765,1310.0,790.61
432230,4322301,Tuparendi (RS),43,Rio Grande do Sul,0.161,0.008,0.241,0.234,0.754,2815.0,777.05
432232,4322327,Turuçu (RS),43,Rio Grande do Sul,0.253,0.006,0.384,0.37,0.652,766.0,468.48
432234,4322343,Ubiretama (RS),43,Rio Grande do Sul,0.269,0.113,0.319,0.376,0.752,252.0,577.84
432237,4322376,Unistalda (RS),43,Rio Grande do Sul,0.314,0.181,0.403,0.358,0.593,172.0,410.9
432240,4322400,Uruguaiana (RS),43,Rio Grande do Sul,0.3,0.047,0.416,0.438,0.687,14757.0,417.13
432250,4322509,Vacaria (RS),43,Rio Grande do Sul,0.321,0.238,0.405,0.319,0.664,7498.0,468.97
432254,4322541,Vale Real (RS),43,Rio Grande do Sul,0.274,0.408,0.232,0.184,0.758,2293.0,804.4
432252,4322525,Vale Verde (RS),43,Rio Grande do Sul,0.251,0.138,0.326,0.288,0.654,1601.0,474.89
432253,4322533,Vale do Sol (RS),43,Rio Grande do Sul,0.223,0.026,0.342,0.302,0.636,5480.0,569.02
432255,4322558,Vanini (RS),43,Rio Grande do Sul,0.132,0.0,0.18,0.214,0.773,516.0,674.34
432260,4322608,Venâncio Aires (RS),43,Rio Grande do Sul,0.199,0.013,0.39,0.196,0.654,2563.0,564.51
432270,4322707,Vera Cruz (RS),43,Rio Grande do Sul,0.144,0.007,0.225,0.2,0.776,6935.0,902.36
432280,4322806,Veranópolis (RS),43,Rio Grande do Sul,0.128,0.001,0.186,0.197,0.805,10249.0,1113.34
432285,4322855,Vespasiano Correa (RS),43,Rio Grande do Sul,0.16,0.0,0.19,0.291,0.728,950.0,892.07
432290,4322905,Viadutos (RS),43,Rio Grande do Sul,0.315,0.406,0.362,0.177,0.723,1402.0,728.77
432310,4323101,Vicente Dutra (RS),43,Rio Grande do Sul,0.547,0.554,0.497,0.588,0.599,441.0,378.19
432320,4323200,Victor Graeff (RS),43,Rio Grande do Sul,0.15,0.006,0.122,0.322,0.791,680.0,820.42
432330,4323309,Vila Flores (RS),43,Rio Grande do Sul,0.092,0.0,0.154,0.121,0.802,681.0,831.8
432335,4323358,Vila Lângaro (RS),43,Rio Grande do Sul,0.329,0.263,0.289,0.436,0.7,1029.0,859.11
432340,4323408,Vila Maria (RS),43,Rio Grande do Sul,0.154,0.0,0.255,0.207,0.782,1143.0,817.78
432345,4323457,Vila Nova do Sul (RS),43,Rio Grande do Sul,0.201,0.006,0.353,0.244,0.725,1138.0,513.05
432350,4323507,Vista Alegre (RS),43,Rio Grande do Sul,0.185,0.006,0.21,0.337,0.814,623.0,1169.91
432360,4323606,Vista Alegre do Prata (RS),43,Rio Grande do Sul,0.237,0.033,0.388,0.291,0.763,750.0,1183.85
432370,4323705,Vista Gaúcha (RS),43,Rio Grande do Sul,0.258,0.403,0.144,0.227,0.87,516.0,1663.68
432375,4323754,Vitória das Missões (RS),43,Rio Grande do Sul,0.288,0.049,0.336,0.478,0.651,1691.0,469.49
432377,4323770,Westfalia (RS),43,Rio Grande do Sul,0.096,0.005,0.158,0.125,0.767,1387.0,1167.33
432380,4323804,Xangri-Lá (RS),43,Rio Grande do Sul,0.175,0.014,0.336,0.176,0.75,6210.0,768.16
430005,4300059,Água Santa (RS),43,Rio Grande do Sul,0.172,0.005,0.23,0.281,0.815,764.0,1380.71
430155,4301552,Áurea (RS),43,Rio Grande do Sul,0.347,0.4,0.35,0.289,0.747,802.0,759.19
430060,4300604,Alvorada (RS),43,Rio Grande do Sul,0.376,0.412,0.423,0.295,0.669,25851.0,488.75
430087,4300877,Araricá (RS),43,Rio Grande do Sul,0.189,0.03,0.301,0.235,0.679,1985.0,613.04
430110,4301107,Arroio dos Ratos (RS),43,Rio Grande do Sul,0.311,0.016,0.45,0.468,0.654,1089.0,407.38
430310,4303103,Cachoeirinha (RS),43,Rio Grande do Sul,0.28,0.305,0.322,0.215,0.699,7302.0,603.66
430390,4303905,Campo Bom (RS),43,Rio Grande do Sul,0.179,0.0,0.34,0.196,0.677,2973.0,544.94
430460,4304606,Canoas (RS),43,Rio Grande do Sul,0.287,0.206,0.374,0.282,0.685,22791.0,609.48
430468,4304689,Capela de Santana (RS),43,Rio Grande do Sul,0.346,0.402,0.355,0.281,0.69,3494.0,520.55
430535,4305355,Charqueadas (RS),43,Rio Grande do Sul,0.201,0.089,0.255,0.259,0.76,15508.0,737.45
430640,4306403,Dois Irmãos (RS),43,Rio Grande do Sul,0.191,0.27,0.203,0.1,0.772,13772.0,903.52
430676,4306767,Eldorado do Sul (RS),43,Rio Grande do Sul,0.368,0.371,0.403,0.329,0.684,2855.0,510.16
430770,4307708,Esteio (RS),43,Rio Grande do Sul,0.264,0.235,0.287,0.271,0.737,5457.0,682.78
430760,4307609,Estância Velha (RS),43,Rio Grande do Sul,0.385,0.406,0.373,0.377,0.663,2167.0,594.21
430905,4309050,Glorinha (RS),43,Rio Grande do Sul,0.377,0.438,0.414,0.28,0.683,403.0,528.66
430920,4309209,Gravataí (RS),43,Rio Grande do Sul,0.35,0.373,0.372,0.305,0.698,18715.0,514.0
430930,4309308,Guaíba (RS),43,Rio Grande do Sul,0.36,0.404,0.353,0.323,0.679,7636.0,539.6
431010,4310108,Igrejinha (RS),43,Rio Grande do Sul,0.154,0.0,0.297,0.164,0.718,15476.0,793.0
431080,4310801,Ivoti (RS),43,Rio Grande do Sul,0.152,0.142,0.191,0.123,0.813,9217.0,1053.85
431240,4312401,Montenegro (RS),43,Rio Grande do Sul,0.341,0.21,0.426,0.388,0.651,3354.0,471.61
431306,4313060,Nova Hartz (RS),43,Rio Grande do Sul,0.184,0.0,0.351,0.202,0.646,1083.0,510.11
431337,4313375,Nova Santa Rita (RS),43,Rio Grande do Sul,0.346,0.415,0.337,0.288,0.712,9716.0,681.77
431340,4313409,Novo Hamburgo (RS),43,Rio Grande do Sul,0.228,0.083,0.341,0.259,0.678,10697.0,547.1
431405,4314050,Parobé (RS),43,Rio Grande do Sul,0.21,0.011,0.393,0.226,0.667,2869.0,540.96
431490,4314902,Porto Alegre (RS),43,Rio Grande do Sul,0.319,0.349,0.347,0.26,0.713,144569.0,763.47
431480,4314803,Portão (RS),43,Rio Grande do Sul,0.348,0.004,0.594,0.445,0.636,1536.0,496.54
431600,4316006,Rolante (RS),43,Rio Grande do Sul,0.189,0.009,0.324,0.232,0.721,7726.0,693.0
431760,4317608,Santo Antônio da Patrulha (RS),43,Rio Grande do Sul,0.181,0.068,0.266,0.209,0.749,14410.0,681.76
431990,4319901,Sapiranga (RS),43,Rio Grande do Sul,0.194,0.0,0.355,0.229,0.651,5192.0,483.73
432000,4320008,Sapucaia do Sul (RS),43,Rio Grande do Sul,0.246,0.004,0.36,0.373,0.69,8221.0,528.54
431840,4318408,São Jerônimo (RS),43,Rio Grande do Sul,0.212,0.024,0.32,0.293,0.735,8768.0,900.7
431870,4318705,São Leopoldo (RS),43,Rio Grande do Sul,0.323,0.214,0.407,0.348,0.675,13928.0,568.92
431950,4319505,São Sebastião do Caí (RS),43,Rio Grande do Sul,0.159,0.007,0.258,0.213,0.752,9102.0,772.46
432120,4321204,Taquara (RS),43,Rio Grande do Sul,0.256,0.0,0.491,0.278,0.623,3254.0,578.74
432200,4322004,Triunfo (RS),43,Rio Grande do Sul,0.218,0.083,0.32,0.25,0.755,8529.0,735.76
432300,4323002,Viamão (RS),43,Rio Grande do Sul,0.374,0.411,0.408,0.302,0.674,28692.0,498.98
420005,4200051,Abdon Batista (SC),42,Santa Catarina,0.298,0.255,0.324,0.315,0.706,1271.0,476.08
420010,4200101,Abelardo Luz (SC),42,Santa Catarina,0.347,0.059,0.533,0.448,0.649,1338.0,476.74
420020,4200200,Agrolândia (SC),42,Santa Catarina,0.155,0.004,0.231,0.23,0.759,3005.0,814.78
420030,4200309,Agronômica (SC),42,Santa Catarina,0.142,0.017,0.257,0.151,0.755,927.0,815.77
420070,4200705,Alfredo Wagner (SC),42,Santa Catarina,0.162,0.033,0.281,0.173,0.753,1483.0,833.51
420075,4200754,Alto Bela Vista (SC),42,Santa Catarina,0.304,0.408,0.238,0.267,0.759,1000.0,778.8
420080,4200804,Anchieta (SC),42,Santa Catarina,0.365,0.023,0.463,0.609,0.629,743.0,362.25
420090,4200903,Angelina (SC),42,Santa Catarina,0.08,0.0,0.154,0.087,0.81,582.0,909.55
420100,4201000,Anita Garibaldi (SC),42,Santa Catarina,0.382,0.278,0.431,0.437,0.62,1493.0,373.4
420110,4201109,Anitápolis (SC),42,Santa Catarina,0.131,0.0,0.189,0.204,0.759,666.0,903.53
420125,4201257,Apiúna (SC),42,Santa Catarina,0.167,0.017,0.281,0.202,0.767,2191.0,951.05
420127,4201273,Arabutã (SC),42,Santa Catarina,0.275,0.382,0.156,0.288,0.789,683.0,850.23
420130,4201307,Araquari (SC),42,Santa Catarina,0.344,0.411,0.36,0.261,0.691,2522.0,506.75
420140,4201406,Araranguá (SC),42,Santa Catarina,0.283,0.201,0.45,0.197,0.703,2230.0,645.39
420150,4201505,Armazém (SC),42,Santa Catarina,0.135,0.007,0.165,0.233,0.786,2472.0,817.54
420160,4201604,Arroio Trinta (SC),42,Santa Catarina,0.096,0.001,0.115,0.173,0.779,1226.0,986.12
420165,4201653,Arvoredo (SC),42,Santa Catarina,0.239,0.009,0.327,0.383,0.727,1031.0,688.4
420170,4201703,Ascurra (SC),42,Santa Catarina,0.124,0.001,0.239,0.132,0.732,3274.0,781.44
420180,4201802,Atalanta (SC),42,Santa Catarina,0.121,0.011,0.251,0.101,0.774,714.0,868.64
420190,4201901,Aurora (SC),42,Santa Catarina,0.147,0.01,0.247,0.183,0.789,994.0,942.08
420195,4201950,Balneário Arroio do Silva (SC),42,Santa Catarina,0.22,0.082,0.256,0.323,0.757,4752.0,847.55
420205,4202057,Balneário Barra do Sul (SC),42,Santa Catarina,0.23,0.111,0.303,0.274,0.727,4055.0,677.69
420200,4202008,Balneário Camboriú (SC),42,Santa Catarina,0.163,0.0,0.269,0.221,0.77,6790.0,947.49
420207,4202073,Balneário Gaivota (SC),42,Santa Catarina,0.198,0.004,0.311,0.279,0.753,3239.0,785.69
421280,4212809,Balneário Piçarras (SC),42,Santa Catarina,0.231,0.185,0.224,0.285,0.72,1134.0,551.11
420208,4202081,Bandeirante (SC),42,Santa Catarina,0.266,0.07,0.357,0.372,0.614,258.0,328.2
420209,4202099,Barra Bonita (SC),42,Santa Catarina,0.378,0.044,0.544,0.546,0.612,214.0,334.71
420210,4202107,Barra Velha (SC),42,Santa Catarina,0.26,0.015,0.448,0.316,0.683,1704.0,534.72
420213,4202131,Bela Vista do Toldo (SC),42,Santa Catarina,0.529,0.743,0.45,0.393,0.598,617.0,279.42
420215,4202156,Belmonte (SC),42,Santa Catarina,0.297,0.24,0.407,0.245,0.717,631.0,607.96
420220,4202206,Benedito Novo (SC),42,Santa Catarina,0.193,0.276,0.174,0.128,0.755,2902.0,760.08
420240,4202404,Blumenau (SC),42,Santa Catarina,0.212,0.211,0.274,0.151,0.754,13368.0,824.69
420243,4202438,Bocaina do Sul (SC),42,Santa Catarina,0.522,0.457,0.661,0.447,0.576,394.0,315.26
420250,4202503,Bom Jardim da Serra (SC),42,Santa Catarina,0.386,0.259,0.526,0.373,0.647,516.0,406.95
420253,4202537,Bom Jesus (SC),42,Santa Catarina,0.49,0.567,0.432,0.472,0.671,373.0,537.25
420257,4202578,Bom Jesus do Oeste (SC),42,Santa Catarina,0.127,0.0,0.19,0.191,0.76,333.0,767.67
420260,4202602,Bom Retiro (SC),42,Santa Catarina,0.44,0.292,0.578,0.449,0.614,857.0,413.06
420245,4202453,Bombinhas (SC),42,Santa Catarina,0.337,0.4,0.32,0.292,0.752,1281.0,595.32
420270,4202701,Botuverá (SC),42,Santa Catarina,0.185,0.0,0.292,0.263,0.741,2190.0,798.18
420280,4202800,Braço do Norte (SC),42,Santa Catarina,0.137,0.058,0.193,0.16,0.78,11774.0,785.39
420285,4202859,Braço do Trombudo (SC),42,Santa Catarina,0.08,0.0,0.116,0.124,0.822,920.0,985.68
420287,4202875,Brunópolis (SC),42,Santa Catarina,0.281,0.006,0.453,0.383,0.66,1398.0,430.61
420290,4202909,Brusque (SC),42,Santa Catarina,0.168,0.006,0.331,0.167,0.758,6176.0,781.37
420310,4203105,Caibi (SC),42,Santa Catarina,0.319,0.006,0.595,0.356,0.619,393.0,401.66
420315,4203154,Calmon (SC),42,Santa Catarina,0.329,0.032,0.542,0.414,0.619,560.0,333.52
420320,4203204,Camboriú (SC),42,Santa Catarina,0.215,0.004,0.454,0.188,0.652,4024.0,559.34
420330,4203303,Campo Alegre (SC),42,Santa Catarina,0.284,0.009,0.523,0.321,0.65,912.0,367.92
420340,4203402,Campo Belo do Sul (SC),42,Santa Catarina,0.243,0.0,0.421,0.309,0.666,789.0,538.83
420350,4203501,Campo Erê (SC),42,Santa Catarina,0.353,0.049,0.603,0.407,0.625,1061.0,416.68
420360,4203600,Campos Novos (SC),42,Santa Catarina,0.261,0.009,0.405,0.369,0.682,3242.0,479.91
420370,4203709,Canelinha (SC),42,Santa Catarina,0.24,0.204,0.324,0.191,0.711,3344.0,731.01
420380,4203808,Canoinhas (SC),42,Santa Catarina,0.268,0.022,0.355,0.428,0.68,3704.0,449.26
420390,4203907,Capinzal (SC),42,Santa Catarina,0.18,0.0,0.31,0.228,0.684,1843.0,581.05
420395,4203956,Capivari de Baixo (SC),42,Santa Catarina,0.152,0.001,0.242,0.214,0.772,10238.0,722.78
420325,4203253,Capão Alto (SC),42,Santa Catarina,0.373,0.406,0.311,0.402,0.683,481.0,432.53
420400,4204004,Catanduvas (SC),42,Santa Catarina,0.426,0.314,0.632,0.333,0.684,1364.0,503.75
420410,4204103,Caxambu do Sul (SC),42,Santa Catarina,0.301,0.008,0.502,0.392,0.646,1095.0,587.97
420300,4203006,Caçador (SC),42,Santa Catarina,0.276,0.039,0.452,0.338,0.662,9918.0,465.47
420415,4204152,Celso Ramos (SC),42,Santa Catarina,0.184,0.0,0.26,0.29,0.73,1376.0,462.05
420417,4204178,Cerro Negro (SC),42,Santa Catarina,0.384,0.108,0.581,0.462,0.559,755.0,272.07
420419,4204194,Chapadão do Lageado (SC),42,Santa Catarina,0.216,0.027,0.253,0.367,0.72,1337.0,560.0
420420,4204202,Chapecó (SC),42,Santa Catarina,0.257,0.186,0.308,0.278,0.735,19047.0,661.52
420425,4204251,Cocal do Sul (SC),42,Santa Catarina,0.14,0.007,0.182,0.232,0.78,6418.0,841.97
420430,4204301,Concórdia (SC),42,Santa Catarina,0.215,0.003,0.357,0.286,0.761,3691.0,628.03
420435,4204350,Cordilheira Alta (SC),42,Santa Catarina,0.146,0.08,0.167,0.192,0.798,716.0,800.7
420440,4204400,Coronel Freitas (SC),42,Santa Catarina,0.332,0.091,0.607,0.298,0.629,778.0,383.21
420445,4204459,Coronel Martins (SC),42,Santa Catarina,0.235,0.028,0.288,0.389,0.694,1196.0,496.15
420455,4204558,Correia Pinto (SC),42,Santa Catarina,0.403,0.417,0.336,0.456,0.68,1788.0,503.5
420450,4204509,Corupá (SC),42,Santa Catarina,0.137,0.026,0.217,0.169,0.799,5370.0,902.33
420460,4204608,Criciúma (SC),42,Santa Catarina,0.197,0.064,0.303,0.224,0.732,12130.0,652.38
420470,4204707,Cunha Porã (SC),42,Santa Catarina,0.201,0.214,0.175,0.214,0.767,3381.0,800.68
420475,4204756,Cunhataí (SC),42,Santa Catarina,0.209,0.028,0.281,0.318,0.757,878.0,981.18
420480,4204806,Curitibanos (SC),42,Santa Catarina,0.288,0.032,0.481,0.349,0.644,4964.0,392.25
420490,4204905,Descanso (SC),42,Santa Catarina,0.187,0.043,0.198,0.32,0.785,2188.0,792.0
420500,4205001,Dionísio Cerqueira (SC),42,Santa Catarina,0.36,0.06,0.552,0.468,0.623,1683.0,386.61
420510,4205100,Dona Emma (SC),42,Santa Catarina,0.158,0.005,0.191,0.279,0.789,912.0,1133.6
420515,4205159,Doutor Pedrinho (SC),42,Santa Catarina,0.142,0.011,0.29,0.124,0.749,1038.0,805.02
420517,4205175,Entre Rios (SC),42,Santa Catarina,0.483,0.693,0.48,0.276,0.628,373.0,356.88
420519,4205191,Ermo (SC),42,Santa Catarina,0.226,0.004,0.344,0.329,0.742,984.0,651.25
420520,4205209,Erval Velho (SC),42,Santa Catarina,0.297,0.039,0.443,0.41,0.602,397.0,372.66
420530,4205308,Faxinal dos Guedes (SC),42,Santa Catarina,0.369,0.403,0.495,0.209,0.711,979.0,561.44
420535,4205357,Flor do Sertão (SC),42,Santa Catarina,0.238,0.024,0.324,0.367,0.733,761.0,738.61
420543,4205431,Formosa do Sul (SC),42,Santa Catarina,0.176,0.0,0.376,0.153,0.714,540.0,596.46
420545,4205456,Forquilhinha (SC),42,Santa Catarina,0.145,0.008,0.24,0.188,0.777,9213.0,846.73
420550,4205506,Fraiburgo (SC),42,Santa Catarina,0.276,0.016,0.427,0.386,0.687,4465.0,516.14
420555,4205555,Frei Rogério (SC),42,Santa Catarina,0.357,0.203,0.427,0.441,0.594,382.0,277.13
420560,4205605,Galvão (SC),42,Santa Catarina,0.432,0.062,0.643,0.592,0.634,483.0,346.44
420570,4205704,Garopaba (SC),42,Santa Catarina,0.141,0.001,0.213,0.208,0.774,7668.0,812.24
420580,4205803,Garuva (SC),42,Santa Catarina,0.232,0.021,0.388,0.288,0.699,1168.0,511.05
420590,4205902,Gaspar (SC),42,Santa Catarina,0.215,0.0,0.457,0.188,0.718,2742.0,716.6
420620,4206207,Gravatal (SC),42,Santa Catarina,0.097,0.002,0.174,0.115,0.799,2283.0,974.77
420610,4206108,Grão Pará (SC),42,Santa Catarina,0.173,0.006,0.28,0.233,0.762,1510.0,743.98
420630,4206306,Guabiruba (SC),42,Santa Catarina,0.398,0.424,0.365,0.406,0.682,821.0,560.65
420640,4206405,Guaraciaba (SC),42,Santa Catarina,0.182,0.038,0.187,0.321,0.771,2533.0,876.05
420650,4206504,Guaramirim (SC),42,Santa Catarina,0.214,0.088,0.326,0.227,0.745,2027.0,660.79
420660,4206603,Guarujá do Sul (SC),42,Santa Catarina,0.176,0.011,0.236,0.28,0.765,1397.0,838.8
420665,4206652,Guatambú (SC),42,Santa Catarina,0.361,0.292,0.412,0.38,0.665,642.0,400.23
420670,4206702,Herval D'Oeste (SC),42,Santa Catarina,0.253,0.083,0.382,0.293,0.705,2758.0,578.21
420675,4206751,Ibiam (SC),42,Santa Catarina,0.149,0.015,0.199,0.233,0.777,354.0,1008.58
420680,4206801,Ibicaré (SC),42,Santa Catarina,0.169,0.0,0.256,0.25,0.765,771.0,869.74
420690,4206900,Ibirama (SC),42,Santa Catarina,0.127,0.006,0.25,0.124,0.763,7436.0,859.78
420710,4207106,Ilhota (SC),42,Santa Catarina,0.42,0.532,0.454,0.274,0.681,785.0,800.32
420720,4207205,Imaruí (SC),42,Santa Catarina,0.211,0.053,0.27,0.309,0.728,2031.0,671.93
420730,4207304,Imbituba (SC),42,Santa Catarina,0.188,0.078,0.253,0.234,0.764,20365.0,768.77
420740,4207403,Imbuia (SC),42,Santa Catarina,0.128,0.023,0.2,0.163,0.76,1275.0,796.99
420750,4207502,Indaial (SC),42,Santa Catarina,0.151,0.0,0.33,0.123,0.727,2777.0,652.59
420757,4207577,Iomerê (SC),42,Santa Catarina,0.088,0.0,0.143,0.12,0.82,473.0,875.39
420760,4207601,Ipira (SC),42,Santa Catarina,0.121,0.001,0.156,0.205,0.777,1297.0,888.52
420765,4207650,Iporã do Oeste (SC),42,Santa Catarina,0.16,0.015,0.171,0.295,0.812,2093.0,910.85
420768,4207684,Ipuaçu (SC),42,Santa Catarina,0.281,0.092,0.51,0.241,0.627,379.0,331.24
420770,4207700,Ipumirim (SC),42,Santa Catarina,0.242,0.013,0.395,0.317,0.615,279.0,381.66
420775,4207759,Iraceminha (SC),42,Santa Catarina,0.485,0.43,0.538,0.486,0.613,372.0,363.82
420780,4207809,Irani (SC),42,Santa Catarina,0.366,0.415,0.395,0.287,0.705,940.0,507.83
420785,4207858,Irati (SC),42,Santa Catarina,0.355,0.202,0.426,0.438,0.627,228.0,356.13
420790,4207908,Irineópolis (SC),42,Santa Catarina,0.415,0.213,0.638,0.392,0.636,1146.0,442.94
420810,4208104,Itaiópolis (SC),42,Santa Catarina,0.295,0.058,0.372,0.455,0.66,1857.0,514.32
420820,4208203,Itajaí (SC),42,Santa Catarina,0.188,0.001,0.309,0.253,0.749,12444.0,690.82
420830,4208302,Itapema (SC),42,Santa Catarina,0.167,0.0,0.312,0.189,0.732,3230.0,620.76
420840,4208401,Itapiranga (SC),42,Santa Catarina,0.066,0.004,0.103,0.092,0.818,3848.0,862.76
420845,4208450,Itapoá (SC),42,Santa Catarina,0.311,0.211,0.421,0.3,0.731,1579.0,633.61
420850,4208500,Ituporanga (SC),42,Santa Catarina,0.279,0.038,0.428,0.372,0.668,1157.0,446.93
420800,4208005,Itá (SC),42,Santa Catarina,0.236,0.0,0.379,0.329,0.681,405.0,566.35
420700,4207007,Içara (SC),42,Santa Catarina,0.331,0.07,0.538,0.385,0.67,2252.0,503.37
420860,4208609,Jaborá (SC),42,Santa Catarina,0.279,0.197,0.271,0.368,0.744,2028.0,833.84
420870,4208708,Jacinto Machado (SC),42,Santa Catarina,0.215,0.181,0.25,0.214,0.769,2647.0,763.1
420880,4208807,Jaguaruna (SC),42,Santa Catarina,0.342,0.394,0.436,0.198,0.712,947.0,540.62
420890,4208906,Jaraguá do Sul (SC),42,Santa Catarina,0.202,0.23,0.266,0.111,0.767,8219.0,757.33
420895,4208955,Jardinópolis (SC),42,Santa Catarina,0.127,0.008,0.17,0.202,0.743,407.0,572.17
420900,4209003,Joaçaba (SC),42,Santa Catarina,0.189,0.005,0.352,0.21,0.726,2357.0,642.91
420910,4209102,Joinville (SC),42,Santa Catarina,0.273,0.304,0.311,0.205,0.739,33141.0,718.95
420915,4209151,José Boiteux (SC),42,Santa Catarina,0.162,0.0,0.274,0.212,0.769,814.0,753.01
420917,4209177,Jupiá (SC),42,Santa Catarina,0.247,0.067,0.344,0.329,0.729,532.0,578.24
420920,4209201,Lacerdópolis (SC),42,Santa Catarina,0.134,0.003,0.189,0.21,0.793,602.0,800.08
420930,4209300,Lages (SC),42,Santa Catarina,0.365,0.312,0.409,0.375,0.695,20293.0,499.56
420940,4209409,Laguna (SC),42,Santa Catarina,0.166,0.012,0.198,0.288,0.712,2331.0,564.69
420945,4209458,Lajeado Grande (SC),42,Santa Catarina,0.227,0.006,0.359,0.316,0.759,342.0,744.05
420950,4209508,Laurentino (SC),42,Santa Catarina,0.106,0.01,0.203,0.105,0.782,2229.0,882.05
420960,4209607,Lauro Muller (SC),42,Santa Catarina,0.185,0.01,0.287,0.257,0.753,5619.0,670.16
420970,4209706,Lebon Régis (SC),42,Santa Catarina,0.5,0.343,0.623,0.535,0.584,1596.0,310.64
420980,4209805,Leoberto Leal (SC),42,Santa Catarina,0.302,0.009,0.393,0.504,0.681,1611.0,761.06
420985,4209854,Lindóia do Sul (SC),42,Santa Catarina,0.178,0.003,0.281,0.249,0.731,2249.0,791.6
420990,4209904,Lontras (SC),42,Santa Catarina,0.188,0.18,0.226,0.158,0.729,3568.0,807.35
421000,4210001,Luiz Alves (SC),42,Santa Catarina,0.279,0.0,0.575,0.262,0.642,609.0,527.09
421003,4210035,Luzerna (SC),42,Santa Catarina,0.08,0.001,0.114,0.124,0.818,2215.0,1058.63
421005,4210050,Macieira (SC),42,Santa Catarina,0.304,0.0,0.644,0.266,0.609,193.0,375.6
421010,4210100,Mafra (SC),42,Santa Catarina,0.253,0.021,0.425,0.313,0.721,2679.0,494.26
421020,4210209,Major Gercino (SC),42,Santa Catarina,0.168,0.022,0.278,0.203,0.779,612.0,1126.91
421030,4210308,Major Vieira (SC),42,Santa Catarina,0.313,0.053,0.493,0.393,0.594,638.0,342.65
421040,4210407,Maracajá (SC),42,Santa Catarina,0.158,0.006,0.242,0.226,0.794,2124.0,1037.76
421050,4210506,Maravilha (SC),42,Santa Catarina,0.16,0.007,0.226,0.249,0.79,9284.0,906.83
421055,4210555,Marema (SC),42,Santa Catarina,0.161,0.0,0.302,0.182,0.749,378.0,731.44
421060,4210605,Massaranduba (SC),42,Santa Catarina,0.118,0.013,0.195,0.145,0.81,3809.0,948.33
421070,4210704,Matos Costa (SC),42,Santa Catarina,0.503,0.077,0.657,0.775,0.576,445.0,268.33
421080,4210803,Meleiro (SC),42,Santa Catarina,0.13,0.004,0.209,0.178,0.78,1889.0,812.94
421085,4210852,Mirim Doce (SC),42,Santa Catarina,0.18,0.0,0.32,0.222,0.72,609.0,514.92
421090,4210902,Modelo (SC),42,Santa Catarina,0.145,0.021,0.215,0.2,0.76,1975.0,845.37
421100,4211009,Mondaí (SC),42,Santa Catarina,0.161,0.006,0.252,0.226,0.776,3014.0,766.26
421105,4211058,Monte Carlo (SC),42,Santa Catarina,0.485,0.4,0.548,0.507,0.586,1365.0,328.15
421110,4211108,Monte Castelo (SC),42,Santa Catarina,0.405,0.183,0.598,0.432,0.632,1101.0,385.2
421125,4211256,Morro Grande (SC),42,Santa Catarina,0.191,0.01,0.312,0.252,0.692,1377.0,793.75
421120,4211207,Morro da Fumaça (SC),42,Santa Catarina,0.171,0.009,0.307,0.198,0.755,6954.0,757.34
421130,4211306,Navegantes (SC),42,Santa Catarina,0.274,0.142,0.429,0.251,0.69,5877.0,566.43
421140,4211405,Nova Erechim (SC),42,Santa Catarina,0.194,0.015,0.332,0.236,0.779,1562.0,850.86
421145,4211454,Nova Itaberaba (SC),42,Santa Catarina,0.308,0.086,0.567,0.272,0.657,349.0,543.32
421150,4211504,Nova Trento (SC),42,Santa Catarina,0.129,0.013,0.231,0.142,0.769,4567.0,887.17
421160,4211603,Nova Veneza (SC),42,Santa Catarina,0.212,0.011,0.373,0.253,0.665,706.0,446.43
421165,4211652,Novo Horizonte (SC),42,Santa Catarina,0.252,0.106,0.326,0.323,0.704,1300.0,620.42
421170,4211702,Orleans (SC),42,Santa Catarina,0.179,0.028,0.269,0.239,0.78,8204.0,900.91
421175,4211751,Otacílio Costa (SC),42,Santa Catarina,0.23,0.0,0.404,0.286,0.705,2013.0,553.71
421180,4211801,Ouro (SC),42,Santa Catarina,0.185,0.0,0.345,0.21,0.686,413.0,564.13
421185,4211850,Ouro Verde (SC),42,Santa Catarina,0.342,0.121,0.577,0.327,0.628,372.0,403.98
421187,4211876,Paial (SC),42,Santa Catarina,0.355,0.431,0.302,0.333,0.726,824.0,652.29
421189,4211892,Painel (SC),42,Santa Catarina,0.231,0.0,0.497,0.196,0.689,199.0,376.76
421200,4212007,Palma Sola (SC),42,Santa Catarina,0.454,0.173,0.493,0.694,0.618,1028.0,490.27
421205,4212056,Palmeira (SC),42,Santa Catarina,0.395,0.294,0.316,0.575,0.652,314.0,408.28
421210,4212106,Palmitos (SC),42,Santa Catarina,0.283,0.062,0.403,0.384,0.677,1111.0,605.43
421220,4212205,Papanduva (SC),42,Santa Catarina,0.238,0.03,0.337,0.346,0.686,1087.0,536.51
421223,4212239,Paraíso (SC),42,Santa Catarina,0.423,0.199,0.638,0.431,0.587,368.0,351.65
421225,4212254,Passo de Torres (SC),42,Santa Catarina,0.225,0.03,0.311,0.333,0.728,2934.0,605.68
421227,4212270,Passos Maia (SC),42,Santa Catarina,0.355,0.16,0.455,0.45,0.617,804.0,317.02
421230,4212304,Paulo Lopes (SC),42,Santa Catarina,0.196,0.008,0.308,0.273,0.736,2397.0,672.13
421240,4212403,Pedras Grandes (SC),42,Santa Catarina,0.086,0.002,0.085,0.172,0.769,645.0,770.11
421250,4212502,Penha (SC),42,Santa Catarina,0.187,0.096,0.24,0.225,0.752,11601.0,793.61
421260,4212601,Peritiba (SC),42,Santa Catarina,0.132,0.003,0.13,0.262,0.787,761.0,864.28
421270,4212700,Petrolândia (SC),42,Santa Catarina,0.256,0.413,0.175,0.18,0.776,1103.0,845.07
421290,4212908,Pinhalzinho (SC),42,Santa Catarina,0.22,0.003,0.36,0.297,0.712,1053.0,573.26
421300,4213005,Pinheiro Preto (SC),42,Santa Catarina,0.142,0.0,0.239,0.186,0.805,834.0,1091.97
421310,4213104,Piratuba (SC),42,Santa Catarina,0.096,0.032,0.119,0.137,0.819,1490.0,919.36
421315,4213153,Planalto Alegre (SC),42,Santa Catarina,0.24,0.029,0.327,0.363,0.75,1271.0,747.06
421320,4213203,Pomerode (SC),42,Santa Catarina,0.114,0.005,0.183,0.153,0.782,11935.0,1021.23
421330,4213302,Ponte Alta (SC),42,Santa Catarina,0.326,0.004,0.516,0.458,0.658,625.0,394.33
421335,4213351,Ponte Alta do Norte (SC),42,Santa Catarina,0.358,0.0,0.533,0.542,0.613,603.0,327.54
421340,4213401,Ponte Serrada (SC),42,Santa Catarina,0.311,0.221,0.352,0.361,0.663,1309.0,460.11
421350,4213500,Porto Belo (SC),42,Santa Catarina,0.145,0.005,0.242,0.186,0.767,7647.0,851.38
421360,4213609,Porto União (SC),42,Santa Catarina,0.301,0.072,0.407,0.423,0.698,2615.0,538.09
421370,4213708,Pouso Redondo (SC),42,Santa Catarina,0.217,0.014,0.376,0.261,0.663,941.0,530.85
421380,4213807,Praia Grande (SC),42,Santa Catarina,0.168,0.002,0.264,0.238,0.76,2193.0,678.01
421390,4213906,Presidente Castello Branco (SC),42,Santa Catarina,0.19,0.009,0.205,0.357,0.764,844.0,1210.7
421400,4214003,Presidente Getúlio (SC),42,Santa Catarina,0.261,0.402,0.218,0.164,0.768,5395.0,914.94
421410,4214102,Presidente Nereu (SC),42,Santa Catarina,0.17,0.0,0.159,0.351,0.805,414.0,1288.19
421415,4214151,Princesa (SC),42,Santa Catarina,0.213,0.013,0.215,0.412,0.728,1337.0,634.35
421420,4214201,Quilombo (SC),42,Santa Catarina,0.312,0.045,0.509,0.38,0.679,993.0,469.31
421430,4214300,Rancho Queimado (SC),42,Santa Catarina,0.2,0.007,0.284,0.308,0.759,1350.0,803.11
421490,4214904,Rio Fortuna (SC),42,Santa Catarina,0.111,0.0,0.127,0.204,0.82,776.0,1050.11
421500,4215000,Rio Negrinho (SC),42,Santa Catarina,0.358,0.413,0.388,0.274,0.706,3548.0,486.23
421505,4215059,Rio Rufino (SC),42,Santa Catarina,0.327,0.0,0.387,0.595,0.596,374.0,303.12
421440,4214409,Rio das Antas (SC),42,Santa Catarina,0.194,0.005,0.41,0.166,0.677,423.0,471.16
421450,4214508,Rio do Campo (SC),42,Santa Catarina,0.139,0.0,0.186,0.232,0.797,1322.0,1195.14
421460,4214607,Rio do Oeste (SC),42,Santa Catarina,0.153,0.0,0.257,0.203,0.771,1746.0,979.62
421480,4214805,Rio do Sul (SC),42,Santa Catarina,0.15,0.0,0.225,0.224,0.728,2889.0,711.3
421470,4214706,Rio dos Cedros (SC),42,Santa Catarina,0.121,0.002,0.223,0.138,0.784,2554.0,953.08
421507,4215075,Riqueza (SC),42,Santa Catarina,0.307,0.007,0.483,0.432,0.652,433.0,403.27
421510,4215109,Rodeio (SC),42,Santa Catarina,0.118,0.01,0.174,0.17,0.774,4721.0,986.15
421520,4215208,Romelândia (SC),42,Santa Catarina,0.332,0.208,0.456,0.334,0.658,590.0,616.41
421530,4215307,Salete (SC),42,Santa Catarina,0.148,0.006,0.215,0.223,0.793,2483.0,846.99
421535,4215356,Saltinho (SC),42,Santa Catarina,0.511,0.412,0.558,0.565,0.57,633.0,284.85
421540,4215406,Salto Veloso (SC),42,Santa Catarina,0.28,0.0,0.437,0.402,0.654,343.0,460.79
421545,4215455,Sangão (SC),42,Santa Catarina,0.207,0.021,0.37,0.231,0.731,2432.0,802.1
421550,4215505,Santa Cecília (SC),42,Santa Catarina,0.365,0.122,0.519,0.452,0.662,2058.0,435.62
421555,4215554,Santa Helena (SC),42,Santa Catarina,0.277,0.067,0.304,0.462,0.631,161.0,410.01
421560,4215604,Santa Rosa de Lima (SC),42,Santa Catarina,0.174,0.003,0.178,0.342,0.763,973.0,712.27
421565,4215653,Santa Rosa do Sul (SC),42,Santa Catarina,0.129,0.002,0.222,0.163,0.751,1939.0,680.36
421567,4215679,Santa Terezinha (SC),42,Santa Catarina,0.371,0.028,0.59,0.496,0.591,651.0,260.61
421568,4215687,Santa Terezinha do Progresso (SC),42,Santa Catarina,0.291,0.012,0.383,0.478,0.68,1403.0,581.04
421569,4215695,Santiago do Sul (SC),42,Santa Catarina,0.148,0.0,0.216,0.227,0.783,313.0,714.86
421730,4217303,Saudades (SC),42,Santa Catarina,0.079,0.007,0.103,0.126,0.797,2552.0,747.7
421740,4217402,Schroeder (SC),42,Santa Catarina,0.13,0.024,0.19,0.177,0.742,993.0,560.35
421750,4217501,Seara (SC),42,Santa Catarina,0.184,0.032,0.357,0.162,0.703,1059.0,564.88
421755,4217550,Serra Alta (SC),42,Santa Catarina,0.185,0.014,0.262,0.278,0.805,928.0,981.88
421760,4217600,Siderópolis (SC),42,Santa Catarina,0.179,0.019,0.277,0.242,0.727,921.0,536.08
421770,4217709,Sombrio (SC),42,Santa Catarina,0.179,0.022,0.246,0.269,0.741,10179.0,790.92
421775,4217758,Sul Brasil (SC),42,Santa Catarina,0.321,0.433,0.393,0.136,0.77,497.0,711.84
421580,4215802,São Bento do Sul (SC),42,Santa Catarina,0.194,0.0,0.327,0.256,0.713,4757.0,549.44
421575,4215752,São Bernardino (SC),42,Santa Catarina,0.359,0.241,0.41,0.427,0.683,1270.0,448.28
421590,4215901,São Bonifácio (SC),42,Santa Catarina,0.198,0.0,0.196,0.398,0.73,1457.0,731.45
421600,4216008,São Carlos (SC),42,Santa Catarina,0.202,0.198,0.223,0.185,0.794,3520.0,942.19
421605,4216057,São Cristovão do Sul (SC),42,Santa Catarina,0.497,0.404,0.59,0.498,0.646,607.0,349.7
421610,4216107,São Domingos (SC),42,Santa Catarina,0.329,0.07,0.532,0.384,0.652,1036.0,408.52
421620,4216206,São Francisco do Sul (SC),42,Santa Catarina,0.252,0.014,0.322,0.419,0.729,3388.0,640.05
421650,4216503,São Joaquim (SC),42,Santa Catarina,0.238,0.008,0.381,0.325,0.65,2807.0,416.96
421670,4216701,São José do Cedro (SC),42,Santa Catarina,0.341,0.068,0.396,0.558,0.646,840.0,438.76
421680,4216800,São José do Cerrito (SC),42,Santa Catarina,0.318,0.049,0.475,0.43,0.605,1029.0,311.45
421630,4216305,São João Batista (SC),42,Santa Catarina,0.177,0.008,0.312,0.211,0.75,11643.0,789.38
421635,4216354,São João do Itaperiú (SC),42,Santa Catarina,0.174,0.006,0.283,0.234,0.735,1645.0,677.71
421625,4216255,São João do Oeste (SC),42,Santa Catarina,0.127,0.006,0.162,0.213,0.804,1083.0,994.43
421640,4216404,São João do Sul (SC),42,Santa Catarina,0.144,0.0,0.22,0.213,0.789,817.0,736.45
421690,4216909,São Lourenço do Oeste (SC),42,Santa Catarina,0.446,0.353,0.512,0.474,0.638,1661.0,530.95
421700,4217006,São Ludgero (SC),42,Santa Catarina,0.167,0.027,0.237,0.238,0.778,4813.0,872.33
421710,4217105,São Martinho (SC),42,Santa Catarina,0.169,0.002,0.241,0.265,0.753,1549.0,887.03
421715,4217154,São Miguel da Boa Vista (SC),42,Santa Catarina,0.227,0.037,0.277,0.368,0.735,925.0,776.32
421720,4217204,São Miguel do Oeste (SC),42,Santa Catarina,0.243,0.007,0.335,0.389,0.723,2808.0,563.16
421780,4217808,Taió (SC),42,Santa Catarina,0.226,0.365,0.159,0.153,0.78,5082.0,873.29
421790,4217907,Tangará (SC),42,Santa Catarina,0.202,0.015,0.303,0.29,0.68,851.0,639.95
421795,4217956,Tigrinhos (SC),42,Santa Catarina,0.209,0.014,0.263,0.349,0.725,855.0,607.59
421800,4218004,Tijucas (SC),42,Santa Catarina,0.222,0.0,0.469,0.198,0.7,1695.0,515.85
421810,4218103,Timbé do Sul (SC),42,Santa Catarina,0.19,0.0,0.233,0.338,0.621,315.0,488.03
421820,4218202,Timbó (SC),42,Santa Catarina,0.097,0.005,0.177,0.109,0.798,17332.0,1226.97
421825,4218251,Timbó Grande (SC),42,Santa Catarina,0.32,0.026,0.514,0.418,0.633,776.0,347.94
421835,4218350,Treviso (SC),42,Santa Catarina,0.116,0.004,0.16,0.184,0.803,914.0,847.58
421850,4218509,Treze Tílias (SC),42,Santa Catarina,0.26,0.003,0.486,0.292,0.679,646.0,595.37
421840,4218400,Treze de Maio (SC),42,Santa Catarina,0.163,0.048,0.274,0.167,0.74,1752.0,695.9
421860,4218608,Trombudo Central (SC),42,Santa Catarina,0.184,0.0,0.345,0.208,0.732,442.0,527.95
421830,4218301,Três Barras (SC),42,Santa Catarina,0.361,0.155,0.464,0.463,0.656,2478.0,386.59
421870,4218707,Tubarão (SC),42,Santa Catarina,0.153,0.034,0.244,0.18,0.752,4205.0,695.68
421875,4218756,Tunápolis (SC),42,Santa Catarina,0.128,0.0,0.195,0.189,0.78,728.0,750.84
421880,4218806,Turvo (SC),42,Santa Catarina,0.145,0.014,0.207,0.214,0.766,4090.0,837.98
421885,4218855,União do Oeste (SC),42,Santa Catarina,0.322,0.403,0.315,0.249,0.724,560.0,582.11
421890,4218905,Urubici (SC),42,Santa Catarina,0.292,0.0,0.458,0.418,0.613,1351.0,448.19
421895,4218954,Urupema (SC),42,Santa Catarina,0.309,0.28,0.41,0.238,0.732,623.0,580.55
421900,4219002,Urussanga (SC),42,Santa Catarina,0.104,0.003,0.169,0.141,0.812,5925.0,1012.08
421915,4219150,Vargem (SC),42,Santa Catarina,0.204,0.06,0.265,0.287,0.726,456.0,574.14
421917,4219176,Vargem Bonita (SC),42,Santa Catarina,0.431,0.384,0.517,0.393,0.649,495.0,367.83
421910,4219101,Vargeão (SC),42,Santa Catarina,0.179,0.0,0.278,0.258,0.735,934.0,724.35
421920,4219200,Vidal Ramos (SC),42,Santa Catarina,0.207,0.009,0.34,0.272,0.724,3032.0,726.23
421930,4219309,Videira (SC),42,Santa Catarina,0.222,0.0,0.364,0.303,0.7,3924.0,637.44
421935,4219358,Vitor Meireles (SC),42,Santa Catarina,0.362,0.293,0.376,0.416,0.685,2437.0,585.84
421940,4219408,Witmarsum (SC),42,Santa Catarina,0.173,0.011,0.23,0.28,0.727,1773.0,797.26
421950,4219507,Xanxerê (SC),42,Santa Catarina,0.23,0.022,0.336,0.333,0.71,4482.0,530.01
421960,4219606,Xavantina (SC),42,Santa Catarina,0.365,0.402,0.339,0.353,0.744,1982.0,971.19
421970,4219705,Xaxim (SC),42,Santa Catarina,0.319,0.027,0.507,0.424,0.685,2226.0,459.81
421985,4219853,Zortéa (SC),42,Santa Catarina,0.216,0.0,0.281,0.365,0.741,381.0,634.05
420040,4200408,Água Doce (SC),42,Santa Catarina,0.412,0.212,0.528,0.495,0.651,492.0,446.05
420055,4200556,Águas Frias (SC),42,Santa Catarina,0.165,0.021,0.207,0.268,0.764,1145.0,753.49
420050,4200507,Águas de Chapecó (SC),42,Santa Catarina,0.376,0.281,0.394,0.454,0.685,489.0,442.98
420120,4201208,Antônio Carlos (SC),42,Santa Catarina,0.096,0.012,0.182,0.093,0.792,1197.0,884.76
420230,4202305,Biguaçu (SC),42,Santa Catarina,0.253,0.256,0.35,0.153,0.731,4215.0,609.08
420540,4205407,Florianópolis (SC),42,Santa Catarina,0.237,0.257,0.273,0.182,0.76,29095.0,877.25
420600,4206009,Governador Celso Ramos (SC),42,Santa Catarina,0.308,0.408,0.266,0.248,0.747,5998.0,762.72
421190,4211900,Palhoça (SC),42,Santa Catarina,0.259,0.163,0.382,0.231,0.706,9528.0,661.04
421570,4215703,Santo Amaro da Imperatriz (SC),42,Santa Catarina,0.236,0.309,0.204,0.195,0.791,7458.0,898.69
421660,4216602,São José (SC),42,Santa Catarina,0.242,0.234,0.325,0.167,0.756,14659.0,797.05
421725,4217253,São Pedro de Alcântara (SC),42,Santa Catarina,0.096,0.014,0.151,0.125,0.778,1256.0,821.44
420060,4200606,Águas Mornas (SC),42,Santa Catarina,0.28,0.401,0.265,0.173,0.771,1154.0,760.2
520082,5200829,Amaralina (GO),52,Goiás,0.309,0.0,0.384,0.544,0.702,494.0,449.3
520120,5201207,Anhanguera (GO),52,Goiás,0.12,0.009,0.19,0.16,0.777,478.0,726.58
520145,5201454,Aparecida do Rio Doce (GO),52,Goiás,0.293,0.004,0.363,0.511,0.705,638.0,555.47
520235,5202353,Arenópolis (GO),52,Goiás,0.276,0.0,0.308,0.521,0.734,598.0,506.35
520260,5202601,Aurilândia (GO),52,Goiás,0.332,0.178,0.331,0.487,0.701,885.0,452.89
520357,5203575,Bonópolis (GO),52,Goiás,0.263,0.005,0.516,0.269,0.678,442.0,421.44
520396,5203962,Buritinópolis (GO),52,Goiás,0.263,0.038,0.293,0.458,0.784,713.0,872.78
520530,5205307,Cavalcante (GO),52,Goiás,0.329,0.044,0.416,0.527,0.65,1873.0,326.25
520552,5205521,Colinas do Sul (GO),52,Goiás,0.289,0.057,0.334,0.475,0.71,995.0,389.37
520570,5205703,Córrego do Ouro (GO),52,Goiás,0.213,0.003,0.305,0.331,0.721,718.0,539.3
520670,5206701,Damianópolis (GO),52,Goiás,0.247,0.0,0.374,0.367,0.724,677.0,435.68
520945,5209457,Guarinos (GO),52,Goiás,0.322,0.008,0.464,0.495,0.643,407.0,280.34
520960,5209606,Heitoraí (GO),52,Goiás,0.254,0.007,0.465,0.291,0.703,762.0,452.99
521015,5210158,Ipiranga de Goiás (GO),52,Goiás,0.195,0.011,0.292,0.28,0.741,304.0,432.06
521030,5210307,Israelândia (GO),52,Goiás,0.299,0.031,0.392,0.475,0.736,729.0,464.76
521200,5212006,Jaupaci (GO),52,Goiás,0.23,0.032,0.323,0.335,0.721,608.0,483.73
521205,5212055,Jesúpolis (GO),52,Goiás,0.297,0.011,0.482,0.396,0.672,665.0,390.26
521225,5212253,Lagoa Santa (GO),52,Goiás,0.21,0.016,0.278,0.337,0.706,317.0,498.16
521260,5212600,Mairipotaba (GO),52,Goiás,0.235,0.053,0.332,0.32,0.749,416.0,452.43
521487,5214879,Nova Iguaçu de Goiás (GO),52,Goiás,0.302,0.0,0.426,0.479,0.676,698.0,366.85
521490,5214903,Nova Roma (GO),52,Goiás,0.225,0.0,0.288,0.388,0.709,607.0,386.82
521525,5215256,Novo Planalto (GO),52,Goiás,0.343,0.082,0.482,0.465,0.721,939.0,427.77
521645,5216452,Perolândia (GO),52,Goiás,0.272,0.006,0.397,0.413,0.676,501.0,575.64
521690,5216908,Pilar de Goiás (GO),52,Goiás,0.264,0.03,0.431,0.332,0.713,772.0,479.7
521870,5218706,Rianápolis (GO),52,Goiás,0.236,0.008,0.424,0.276,0.693,1236.0,529.03
521945,5219456,Santa Rita do Novo Destino (GO),52,Goiás,0.312,0.046,0.514,0.377,0.624,956.0,379.89
522070,5220702,Sítio D'Abadia (GO),52,Goiás,0.242,0.04,0.28,0.405,0.681,349.0,397.89
522108,5221080,Teresina de Goiás (GO),52,Goiás,0.339,0.027,0.485,0.504,0.7,799.0,404.1
522155,5221551,Turvelândia (GO),52,Goiás,0.348,0.195,0.432,0.416,0.714,1063.0,479.21
522157,5221577,Uirapuru (GO),52,Goiás,0.252,0.0,0.382,0.374,0.663,557.0,461.25
521305,5213053,Mimoso de Goiás (GO),52,Goiás,0.311,0.037,0.41,0.485,0.665,914.0,421.39
522220,5222203,Vila Boa (GO),52,Goiás,0.336,0.016,0.515,0.479,0.655,1317.0,307.87
510010,5100102,Acorizal (MT),51,Mato Grosso,0.316,0.04,0.418,0.49,0.688,1059.0,329.64
510050,5100508,Alto Paraguai (MT),51,Mato Grosso,0.359,0.359,0.373,0.344,0.712,2614.0,394.69
510100,5101001,Araguaiana (MT),51,Mato Grosso,0.267,0.055,0.349,0.397,0.711,718.0,445.53
510120,5101209,Araguainha (MT),51,Mato Grosso,0.216,0.012,0.319,0.318,0.704,262.0,469.09
510260,5102603,Campinápolis (MT),51,Mato Grosso,0.303,0.144,0.34,0.426,0.693,2343.0,622.32
510360,5103601,Dom Aquino (MT),51,Mato Grosso,0.23,0.036,0.326,0.328,0.708,2414.0,538.14
510385,5103858,Gaúcha do Norte (MT),51,Mato Grosso,0.241,0.131,0.336,0.258,0.768,1027.0,758.81
510490,5104906,Jangada (MT),51,Mato Grosso,0.282,0.036,0.424,0.387,0.688,1222.0,364.08
510617,5106174,Nova Nazaré (MT),51,Mato Grosso,0.276,0.029,0.422,0.378,0.746,553.0,503.62
510645,5106455,Planalto da Serra (MT),51,Mato Grosso,0.335,0.012,0.542,0.453,0.686,706.0,350.14
510685,5106851,Porto Estrela (MT),51,Mato Grosso,0.252,0.005,0.391,0.358,0.685,459.0,375.25
510715,5107156,Reserva do Cabaçal (MT),51,Mato Grosso,0.247,0.048,0.323,0.369,0.697,768.0,410.17
510757,5107578,Rondolândia (MT),51,Mato Grosso,0.303,0.127,0.396,0.386,0.667,810.0,402.97
510726,5107263,Santo Afonso (MT),51,Mato Grosso,0.274,0.104,0.358,0.358,0.717,870.0,441.11
510788,5107883,Serra Nova Dourada (MT),51,Mato Grosso,0.261,0.022,0.352,0.41,0.717,284.0,515.41
510785,5107859,São Félix do Araguaia (MT),51,Mato Grosso,0.297,0.207,0.355,0.33,0.698,2293.0,503.41
510729,5107297,São José do Povo (MT),51,Mato Grosso,0.266,0.076,0.322,0.401,0.688,554.0,471.45
510740,5107404,São Pedro da Cipa (MT),51,Mato Grosso,0.446,0.437,0.468,0.434,0.677,1203.0,446.83
510810,5108105,Tesouro (MT),51,Mato Grosso,0.352,0.142,0.436,0.476,0.703,867.0,346.27
510610,5106109,Nossa Senhora do Livramento (MT),51,Mato Grosso,0.324,0.204,0.313,0.453,0.69,1641.0,391.38
510780,5107800,Santo Antônio do Leverger (MT),51,Mato Grosso,0.228,0.094,0.267,0.322,0.724,2863.0,489.12
270620,2706208,Palestina (AL),27,Alagoas,0.417,0.123,0.563,0.564,0.621,1367.0,190.53
270642,2706422,Pariconha (AL),27,Alagoas,0.293,0.078,0.448,0.353,0.635,727.0,326.71
270700,2707008,Pindoba (AL),27,Alagoas,0.331,0.067,0.436,0.489,0.61,589.0,224.56
290060,2900603,Aiquara (BA),29,Bahia,0.4,0.192,0.391,0.618,0.651,1116.0,291.65
290080,2900801,Alcobaça (BA),29,Bahia,0.376,0.109,0.503,0.517,0.659,4440.0,406.01
290110,2901106,Amélia Rodrigues (BA),29,Bahia,0.348,0.151,0.376,0.516,0.677,9236.0,329.87
290150,2901502,Anguera (BA),29,Bahia,0.347,0.082,0.431,0.528,0.642,1963.0,291.1
290170,2901700,Antônio Cardoso (BA),29,Bahia,0.29,0.128,0.373,0.369,0.63,1428.0,300.31
290220,2902203,Aramari (BA),29,Bahia,0.466,0.397,0.518,0.484,0.646,2331.0,355.19
290230,2902302,Aratuípe (BA),29,Bahia,0.413,0.256,0.449,0.535,0.655,2441.0,322.11
290205,2902054,Araças (BA),29,Bahia,0.408,0.138,0.516,0.571,0.615,2596.0,259.49
290310,2903102,Barra do Rocha (BA),29,Bahia,0.411,0.062,0.552,0.618,0.645,1578.0,291.25
290330,2903300,Barro Preto (BA),29,Bahia,0.498,0.322,0.503,0.668,0.658,2287.0,286.13
290340,2903409,Belmonte (BA),29,Bahia,0.531,0.277,0.527,0.788,0.633,4796.0,291.93
290470,2904704,Buerarema (BA),29,Bahia,0.436,0.086,0.627,0.595,0.628,6413.0,304.24
290485,2904852,Cabaceiras do Paraguaçu (BA),29,Bahia,0.463,0.348,0.491,0.55,0.649,2041.0,256.32
290490,2904902,Cachoeira (BA),29,Bahia,0.336,0.101,0.332,0.574,0.701,7544.0,419.68
290540,2905404,Cairu (BA),29,Bahia,0.388,0.188,0.385,0.592,0.641,3494.0,247.93
290640,2906402,Candeal (BA),29,Bahia,0.37,0.213,0.328,0.57,0.655,1476.0,268.87
290690,2906907,Caravelas (BA),29,Bahia,0.404,0.254,0.434,0.524,0.658,4559.0,485.84
290700,2907004,Cardeal da Silva (BA),29,Bahia,0.444,0.255,0.461,0.616,0.591,1253.0,259.03
290730,2907301,Castro Alves (BA),29,Bahia,0.359,0.106,0.426,0.545,0.649,7166.0,327.04
290740,2907400,Catolândia (BA),29,Bahia,0.431,0.333,0.525,0.435,0.577,887.0,238.44
290510,2905107,Caém (BA),29,Bahia,0.405,0.149,0.507,0.559,0.599,1600.0,274.66
290800,2908002,Coaraci (BA),29,Bahia,0.404,0.024,0.566,0.623,0.638,7958.0,324.72
290820,2908200,Conceição da Feira (BA),29,Bahia,0.339,0.019,0.406,0.591,0.677,6266.0,383.05
290830,2908309,Conceição do Almeida (BA),29,Bahia,0.416,0.182,0.449,0.615,0.67,3671.0,365.04
290850,2908507,Conceição do Jacuípe (BA),29,Bahia,0.351,0.171,0.327,0.555,0.691,10955.0,378.06
290860,2908606,Conde (BA),29,Bahia,0.45,0.269,0.461,0.619,0.661,5157.0,344.53
290890,2908903,Coração de Maria (BA),29,Bahia,0.417,0.389,0.359,0.503,0.664,4362.0,327.86
290960,2909604,Crisópolis (BA),29,Bahia,0.46,0.228,0.581,0.57,0.588,3050.0,332.27
291020,2910206,Dom Macedo Costa (BA),29,Bahia,0.318,0.033,0.429,0.492,0.692,728.0,382.93
291030,2910305,Elísio Medrado (BA),29,Bahia,0.284,0.051,0.418,0.385,0.681,1142.0,373.36
291110,2911105,Formosa do Rio Preto (BA),29,Bahia,0.386,0.242,0.406,0.511,0.673,5463.0,322.09
291150,2911501,Gongogi (BA),29,Bahia,0.439,0.088,0.572,0.657,0.59,2356.0,230.88
291160,2911600,Governador Mangabeira (BA),29,Bahia,0.275,0.034,0.338,0.453,0.749,3366.0,382.03
291180,2911808,Guaratinga (BA),29,Bahia,0.39,0.061,0.484,0.626,0.608,3996.0,295.33
291190,2911907,Iaçu (BA),29,Bahia,0.462,0.224,0.504,0.657,0.62,8708.0,344.38
291270,2912707,Ibirapitanga (BA),29,Bahia,0.576,0.398,0.605,0.724,0.608,2662.0,267.43
291290,2912905,Ibirataia (BA),29,Bahia,0.41,0.035,0.536,0.66,0.596,6666.0,269.26
291320,2913200,Ibotirama (BA),29,Bahia,0.315,0.027,0.471,0.448,0.684,7643.0,367.63
291450,2914505,Irará (BA),29,Bahia,0.304,0.139,0.343,0.43,0.65,5256.0,368.28
291490,2914901,Itacaré (BA),29,Bahia,0.392,0.121,0.563,0.493,0.611,5777.0,317.5
291570,2915700,Itamari (BA),29,Bahia,0.473,0.316,0.545,0.558,0.627,2422.0,304.12
291580,2915809,Itambé (BA),29,Bahia,0.397,0.254,0.479,0.458,0.603,7460.0,300.48
291590,2915908,Itanagra (BA),29,Bahia,0.36,0.141,0.429,0.51,0.644,1034.0,287.49
291660,2916609,Itapitanga (BA),29,Bahia,0.414,0.004,0.565,0.673,0.614,3164.0,232.07
291620,2916203,Itapé (BA),29,Bahia,0.421,0.02,0.612,0.633,0.617,2902.0,298.5
291780,2917805,Jaguaripe (BA),29,Bahia,0.454,0.36,0.468,0.533,0.604,2483.0,214.46
291790,2917904,Jandaíra (BA),29,Bahia,0.425,0.234,0.485,0.557,0.598,2689.0,206.86
291845,2918456,Jucuruçu (BA),29,Bahia,0.296,0.026,0.392,0.47,0.655,904.0,299.1
291870,2918704,Lafaiete Coutinho (BA),29,Bahia,0.49,0.227,0.587,0.655,0.65,803.0,280.32
291880,2918803,Laje (BA),29,Bahia,0.326,0.146,0.436,0.397,0.651,2535.0,321.17
291900,2919009,Lajedinho (BA),29,Bahia,0.385,0.197,0.39,0.568,0.645,494.0,247.76
291890,2918902,Lajedão (BA),29,Bahia,0.432,0.13,0.526,0.64,0.649,839.0,367.35
291910,2919108,Lamarão (BA),29,Bahia,0.505,0.478,0.615,0.421,0.626,901.0,259.9
291930,2919306,Lençóis (BA),29,Bahia,0.356,0.095,0.493,0.479,0.664,3538.0,375.98
292020,2920205,Malhada (BA),29,Bahia,0.368,0.141,0.471,0.493,0.641,2800.0,260.33
292045,2920452,Mansidão (BA),29,Bahia,0.433,0.499,0.325,0.475,0.7,2033.0,259.91
292070,2920700,Maraú (BA),29,Bahia,0.308,0.096,0.465,0.363,0.707,1562.0,510.96
292080,2920809,Marcionílio Souza (BA),29,Bahia,0.454,0.166,0.541,0.657,0.619,2345.0,245.9
292220,2922201,Muniz Ferreira (BA),29,Bahia,0.368,0.087,0.506,0.511,0.676,1500.0,304.02
292230,2922300,Muritiba (BA),29,Bahia,0.286,0.01,0.353,0.494,0.697,8332.0,436.36
292240,2922409,Mutuípe (BA),29,Bahia,0.36,0.046,0.399,0.636,0.693,3871.0,570.0
292250,2922508,Nazaré (BA),29,Bahia,0.366,0.17,0.406,0.523,0.672,9945.0,375.03
292260,2922607,Nilo Peçanha (BA),29,Bahia,0.42,0.096,0.581,0.584,0.609,1204.0,271.81
292270,2922706,Nova Canaã (BA),29,Bahia,0.506,0.184,0.708,0.626,0.526,5873.0,227.97
292330,2923308,Ouriçangas (BA),29,Bahia,0.328,0.051,0.433,0.501,0.686,1184.0,360.81
292350,2923506,Palmeiras (BA),29,Bahia,0.314,0.09,0.462,0.389,0.672,2097.0,360.33
292360,2923605,Paramirim (BA),29,Bahia,0.294,0.025,0.375,0.483,0.682,3243.0,463.32
292410,2924108,Pedrão (BA),29,Bahia,0.412,0.197,0.523,0.516,0.64,822.0,314.52
292465,2924652,Pintadas (BA),29,Bahia,0.379,0.178,0.475,0.483,0.677,2357.0,329.4
292467,2924678,Piraí do Norte (BA),29,Bahia,0.426,0.194,0.561,0.523,0.58,1521.0,268.64
292490,2924900,Planaltino (BA),29,Bahia,0.543,0.612,0.551,0.466,0.627,1390.0,281.93
292550,2925501,Prado (BA),29,Bahia,0.346,0.077,0.513,0.447,0.657,6006.0,359.47
292595,2925956,Rafael Jambeiro (BA),29,Bahia,0.535,0.291,0.568,0.747,0.578,9376.0,219.74
292620,2926202,Riachão das Neves (BA),29,Bahia,0.424,0.178,0.492,0.603,0.634,4355.0,241.69
292730,2927309,Salinas da Margarida (BA),29,Bahia,0.401,0.385,0.302,0.517,0.705,2790.0,339.92
292750,2927507,Santa Bárbara (BA),29,Bahia,0.42,0.346,0.306,0.609,0.647,3881.0,304.86
292850,2928505,Santa Teresinha (BA),29,Bahia,0.525,0.294,0.556,0.725,0.592,3858.0,220.14
292830,2928307,Santanópolis (BA),29,Bahia,0.491,0.41,0.458,0.604,0.621,4093.0,271.35
292975,2929750,Saubara (BA),29,Bahia,0.402,0.284,0.364,0.559,0.655,5005.0,259.62
293040,2930402,Serra Preta (BA),29,Bahia,0.474,0.206,0.497,0.72,0.643,3037.0,264.32
292910,2929107,São Felipe (BA),29,Bahia,0.341,0.157,0.4,0.467,0.688,3920.0,281.25
292900,2929008,São Félix (BA),29,Bahia,0.307,0.098,0.328,0.495,0.697,4362.0,340.21
292930,2929305,São Gonçalo dos Campos (BA),29,Bahia,0.322,0.1,0.355,0.51,0.702,7947.0,506.53
292935,2929354,São José da Vitória (BA),29,Bahia,0.493,0.235,0.587,0.659,0.569,2204.0,227.11
292940,2929404,São Miguel das Matas (BA),29,Bahia,0.416,0.26,0.502,0.486,0.666,1275.0,339.72
293110,2931103,Tanquinho (BA),29,Bahia,0.353,0.155,0.464,0.441,0.654,2635.0,271.85
293140,2931400,Teodoro Sampaio (BA),29,Bahia,0.481,0.228,0.555,0.66,0.629,3020.0,266.25
293160,2931608,Teolândia (BA),29,Bahia,0.448,0.21,0.639,0.497,0.636,1997.0,281.9
293170,2931707,Terra Nova (BA),29,Bahia,0.344,0.101,0.401,0.528,0.642,5473.0,301.89
293220,2932200,Ubaitaba (BA),29,Bahia,0.371,0.115,0.502,0.494,0.634,7631.0,341.0
293230,2932309,Ubatã (BA),29,Bahia,0.46,0.152,0.581,0.647,0.632,7631.0,307.46
293210,2932101,Ubaíra (BA),29,Bahia,0.477,0.405,0.451,0.576,0.637,3309.0,319.2
293250,2932507,Una (BA),29,Bahia,0.421,0.101,0.529,0.634,0.62,6810.0,322.46
293270,2932705,Uruçuca (BA),29,Bahia,0.396,0.069,0.514,0.607,0.651,6588.0,340.23
293317,2933174,Varzedo (BA),29,Bahia,0.487,0.262,0.646,0.553,0.618,1407.0,327.08
293340,2933406,Wagner (BA),29,Bahia,0.42,0.381,0.41,0.469,0.642,2804.0,300.08
293350,2933505,Wenceslau Guimarães (BA),29,Bahia,0.467,0.315,0.569,0.515,0.625,3303.0,299.78
290040,2900405,Água Fria (BA),29,Bahia,0.386,0.162,0.491,0.504,0.652,2628.0,307.94
291610,2916104,Itaparica (BA),29,Bahia,0.416,0.335,0.373,0.541,0.671,9465.0,354.62
291992,2919926,Madre de Deus (BA),29,Bahia,0.266,0.045,0.324,0.429,0.721,7625.0,477.12
292100,2921005,Mata de São João (BA),29,Bahia,0.347,0.194,0.365,0.481,0.685,13039.0,391.59
292920,2929206,São Francisco do Conde (BA),29,Bahia,0.377,0.171,0.448,0.513,0.69,12969.0,429.31
292950,2929503,São Sebastião do Passé (BA),29,Bahia,0.436,0.385,0.385,0.537,0.7,15010.0,412.86
293320,2933208,Vera Cruz (BA),29,Bahia,0.384,0.289,0.377,0.486,0.653,15674.0,376.97
230880,2308807,Moraújo (CE),23,Ceará,0.392,0.184,0.417,0.577,0.652,1365.0,212.14
210010,2100105,Afonso Cunha (MA),21,Maranhão,0.497,0.414,0.511,0.567,0.603,1380.0,209.53
210030,2100303,Aldeias Altas (MA),21,Maranhão,0.675,0.716,0.691,0.618,0.588,5497.0,206.54
210050,2100501,Alto Parnaíba (MA),21,Maranhão,0.447,0.322,0.497,0.523,0.668,2974.0,422.94
210135,2101350,Bacurituba (MA),21,Maranhão,0.527,0.533,0.505,0.544,0.623,621.0,244.27
210180,2101806,Benedito Leite (MA),21,Maranhão,0.522,0.481,0.445,0.64,0.614,1055.0,207.17
210203,2102036,Bom Jesus das Selvas (MA),21,Maranhão,0.458,0.234,0.576,0.565,0.635,5756.0,280.06
210240,2102408,Cajapió (MA),21,Maranhão,0.575,0.47,0.57,0.685,0.646,1544.0,186.72
210275,2102754,Capinzal do Norte (MA),21,Maranhão,0.49,0.353,0.551,0.567,0.619,2066.0,252.04
210310,2103109,Cedral (MA),21,Maranhão,0.337,0.197,0.316,0.497,0.695,806.0,265.5
210312,2103125,Central do Maranhão (MA),21,Maranhão,0.686,1.0,0.428,0.631,0.657,1671.0,197.2
210390,2103901,Duque Bacelar (MA),21,Maranhão,0.521,0.382,0.55,0.63,0.614,2309.0,218.99
210450,2104503,Governador Archer (MA),21,Maranhão,0.497,0.417,0.509,0.565,0.613,2699.0,267.59
210510,2105104,Icatu (MA),21,Maranhão,0.707,1.0,0.501,0.618,0.63,3544.0,238.46
210565,2105658,Junco do Maranhão (MA),21,Maranhão,0.52,0.611,0.536,0.412,0.619,1135.0,251.89
210640,2106409,Mata Roma (MA),21,Maranhão,0.441,0.365,0.487,0.471,0.638,3071.0,199.16
210650,2106508,Matinha (MA),21,Maranhão,0.409,0.443,0.384,0.401,0.727,3586.0,364.78
210660,2106607,Matões (MA),21,Maranhão,0.6,0.732,0.534,0.535,0.607,5743.0,250.62
210680,2106805,Mirinzal (MA),21,Maranhão,0.629,0.96,0.434,0.492,0.662,3932.0,256.02
210730,2107308,Nova Iorque (MA),21,Maranhão,0.442,0.342,0.491,0.492,0.644,1187.0,277.7
210745,2107456,Olinda Nova do Maranhão (MA),21,Maranhão,0.6,0.753,0.46,0.586,0.636,2448.0,199.44
210825,2108256,Pedro do Rosário (MA),21,Maranhão,0.75,0.979,0.602,0.67,0.618,2720.0,218.94
210920,2109205,Presidente Juscelino (MA),21,Maranhão,0.54,0.664,0.424,0.534,0.662,1821.0,197.61
210930,2109304,Presidente Vargas (MA),21,Maranhão,0.501,0.759,0.348,0.397,0.677,2102.0,217.34
210970,2109700,Sambaíba (MA),21,Maranhão,0.607,0.729,0.501,0.592,0.638,1240.0,258.06
211178,2111789,Serrano do Maranhão (MA),21,Maranhão,0.613,0.74,0.503,0.595,0.599,1959.0,165.47
211195,2111953,Sucupira do Riachão (MA),21,Maranhão,0.562,0.688,0.589,0.41,0.596,1160.0,246.19
211170,2111706,São Vicente Ferrer (MA),21,Maranhão,0.565,0.783,0.498,0.416,0.715,2352.0,314.45
211227,2112274,Tufilândia (MA),21,Maranhão,0.752,1.0,0.579,0.676,0.594,1114.0,202.7
210020,2100204,Alcântara (MA),21,Maranhão,0.373,0.285,0.382,0.451,0.655,2626.0,315.58
250135,2501351,Assunção (PB),25,Paraíba,0.415,0.266,0.465,0.514,0.661,885.0,358.51
250530,2505303,Curral Velho (PB),25,Paraíba,0.383,0.18,0.351,0.617,0.643,470.0,292.82
250905,2509057,Marcação (PB),25,Paraíba,0.515,0.575,0.541,0.431,0.578,436.0,272.35
250937,2509370,Mato Grosso (PB),25,Paraíba,0.432,0.057,0.572,0.667,0.633,414.0,299.94
251274,2512747,Riachão (PB),25,Paraíba,0.411,0.159,0.65,0.425,0.591,810.0,234.06
251365,2513653,Santarém (PB),25,Paraíba,0.35,0.145,0.468,0.439,0.668,953.0,260.97
251570,2515708,Serra Grande (PB),25,Paraíba,0.393,0.207,0.471,0.499,0.657,675.0,276.37
251396,2513968,São Domingos (PB),25,Paraíba,0.441,0.189,0.521,0.614,0.571,895.0,240.11
251398,2513984,São Francisco (PB),25,Paraíba,0.375,0.155,0.459,0.51,0.593,872.0,219.49
251520,2515203,São Sebastião do Umbuzeiro (PB),25,Paraíba,0.377,0.009,0.515,0.607,0.631,716.0,293.31
251710,2517100,Várzea (PB),25,Paraíba,0.182,0.0,0.235,0.31,0.728,959.0,395.66
260160,2601607,Belém do São Francisco (PE),26,Pernambuco,0.354,0.288,0.344,0.431,0.667,4553.0,324.94
260545,2605459,Fernando de Noronha (PE),26,Pernambuco,0.095,0.002,0.182,0.1,0.797,798.0,854.93
260740,2607406,Itacuruba (PE),26,Pernambuco,0.406,0.178,0.51,0.53,0.661,1348.0,274.32
261480,2614808,Tacaratu (PE),26,Pernambuco,0.464,0.311,0.598,0.482,0.624,3257.0,230.63
220045,2200459,Alvorada do Gurguéia (PI),22,Piauí,0.378,0.31,0.33,0.494,0.684,692.0,292.17
220060,2200608,Angical do Piauí (PI),22,Piauí,0.359,0.181,0.367,0.53,0.674,1991.0,359.85
220080,2200806,Antônio Almeida (PI),22,Piauí,0.337,0.097,0.322,0.593,0.681,875.0,331.41
220090,2200905,Aroazes (PI),22,Piauí,0.429,0.214,0.474,0.599,0.635,1405.0,309.16
220095,2200954,Aroeiras do Itaim (PI),22,Piauí,0.407,0.014,0.521,0.686,0.545,838.0,178.5
220100,2201002,Arraial (PI),22,Piauí,0.396,0.281,0.38,0.525,0.632,1118.0,249.52
220115,2201150,Baixa Grande do Ribeiro (PI),22,Piauí,0.435,0.156,0.516,0.631,0.63,2378.0,276.47
220130,2201309,Barreiras do Piauí (PI),22,Piauí,0.453,0.47,0.367,0.521,0.632,783.0,283.24
220150,2201507,Batalha (PI),22,Piauí,0.476,0.333,0.478,0.616,0.619,4122.0,286.88
220160,2201606,Beneditinos (PI),22,Piauí,0.356,0.097,0.464,0.507,0.623,2647.0,330.7
220194,2201945,Boqueirão do Piauí (PI),22,Piauí,0.393,0.374,0.427,0.377,0.645,1180.0,300.09
220198,2201988,Brejo do Piauí (PI),22,Piauí,0.453,0.033,0.623,0.703,0.621,583.0,256.04
220202,2202026,Buriti dos Montes (PI),22,Piauí,0.429,0.262,0.498,0.526,0.583,3055.0,194.69
220205,2202059,Cabeceiras do Piauí (PI),22,Piauí,0.414,0.162,0.58,0.499,0.602,4080.0,223.16
220207,2202075,Cajazeiras do Piauí (PI),22,Piauí,0.427,0.265,0.439,0.576,0.595,1441.0,198.68
220210,2202109,Campinas do Piauí (PI),22,Piauí,0.285,0.1,0.377,0.379,0.657,828.0,299.47
220217,2202174,Campo Largo do Piauí (PI),22,Piauí,0.564,0.649,0.376,0.666,0.602,561.0,205.2
220225,2202251,Canavieira (PI),22,Piauí,0.498,0.352,0.56,0.582,0.61,731.0,182.99
220255,2202554,Caridade do Piauí (PI),22,Piauí,0.461,0.331,0.41,0.641,0.601,608.0,292.82
220271,2202711,Cocal de Telha (PI),22,Piauí,0.459,0.341,0.473,0.563,0.591,1162.0,284.09
220273,2202737,Coivaras (PI),22,Piauí,0.491,0.421,0.476,0.577,0.661,506.0,308.26
220285,2202851,Coronel José Dias (PI),22,Piauí,0.354,0.28,0.341,0.441,0.66,508.0,287.18
220300,2203008,Cristalândia do Piauí (PI),22,Piauí,0.397,0.267,0.452,0.47,0.653,1205.0,304.82
220323,2203230,Currais (PI),22,Piauí,0.547,0.459,0.573,0.609,0.559,1879.0,166.44
220325,2203255,Curralinhos (PI),22,Piauí,0.547,0.449,0.543,0.65,0.62,596.0,229.7
220380,2203800,Flores do Piauí (PI),22,Piauí,0.332,0.038,0.498,0.461,0.672,745.0,306.41
220385,2203859,Floresta do Piauí (PI),22,Piauí,0.395,0.194,0.509,0.482,0.567,910.0,216.69
220400,2204006,Francinópolis (PI),22,Piauí,0.483,0.171,0.592,0.686,0.618,1436.0,214.49
220410,2204105,Francisco Ayres (PI),22,Piauí,0.295,0.026,0.397,0.463,0.666,843.0,325.09
220440,2204402,Gilbués (PI),22,Piauí,0.461,0.448,0.447,0.49,0.641,2548.0,393.32
220460,2204600,Hugo Napoleão (PI),22,Piauí,0.461,0.248,0.502,0.632,0.613,1123.0,206.66
220490,2204907,Isaías Coelho (PI),22,Piauí,0.394,0.226,0.54,0.417,0.759,767.0,2526.34
220525,2205250,Jardim do Mulato (PI),22,Piauí,0.38,0.204,0.451,0.484,0.626,1743.0,224.99
220527,2205276,Jatobá do Piauí (PI),22,Piauí,0.378,0.263,0.517,0.354,0.657,379.0,265.26
220530,2205300,Jerumenha (PI),22,Piauí,0.427,0.354,0.371,0.556,0.659,993.0,304.64
220535,2205359,João Costa (PI),22,Piauí,0.502,0.472,0.48,0.553,0.579,948.0,186.11
220552,2205524,Júlio Borges (PI),22,Piauí,0.369,0.277,0.343,0.487,0.646,760.0,204.94
220555,2205557,Lagoa Alegre (PI),22,Piauí,0.445,0.397,0.506,0.431,0.601,1251.0,294.84
220558,2205581,Lagoa do Piauí (PI),22,Piauí,0.348,0.116,0.449,0.479,0.657,721.0,283.34
220554,2205540,Lagoinha do Piauí (PI),22,Piauí,0.374,0.191,0.586,0.346,0.644,608.0,348.33
220560,2205607,Landri Sales (PI),22,Piauí,0.426,0.293,0.463,0.521,0.644,1640.0,315.65
220585,2205854,Madeiro (PI),22,Piauí,0.482,0.399,0.541,0.507,0.593,1302.0,179.44
220600,2206001,Marcos Parente (PI),22,Piauí,0.417,0.154,0.506,0.59,0.656,1589.0,295.2
220630,2206308,Miguel Leão (PI),22,Piauí,0.416,0.517,0.396,0.336,0.673,361.0,382.59
220640,2206407,Monsenhor Gil (PI),22,Piauí,0.436,0.352,0.394,0.561,0.662,2268.0,327.56
220665,2206654,Morro Cabeça no Tempo (PI),22,Piauí,0.33,0.092,0.466,0.433,0.584,582.0,200.91
220670,2206704,Nazaré do Piauí (PI),22,Piauí,0.428,0.399,0.388,0.497,0.652,1573.0,267.33
220672,2206720,Nazária (PI),22,Piauí,0.637,0.692,0.58,0.639,0.664,675.0,287.29
220675,2206753,Nossa Senhora de Nazaré (PI),22,Piauí,0.342,0.218,0.351,0.458,0.684,569.0,298.9
220680,2206803,Nossa Senhora dos Remédios (PI),22,Piauí,0.44,0.376,0.466,0.478,0.607,1566.0,230.33
220695,2206951,Novo Santo Antônio (PI),22,Piauí,0.369,0.042,0.604,0.462,0.557,1074.0,225.01
220735,2207355,Pajeú do Piauí (PI),22,Piauí,0.424,0.089,0.519,0.662,0.583,1275.0,243.59
220750,2207504,Palmeirais (PI),22,Piauí,0.591,0.542,0.549,0.68,0.591,2336.0,231.23
220760,2207603,Parnaguá (PI),22,Piauí,0.552,0.564,0.495,0.598,0.628,2090.0,267.42
220775,2207751,Passagem Franca do Piauí (PI),22,Piauí,0.395,0.209,0.503,0.471,0.615,1019.0,361.81
220779,2207793,Pau D'Arco do Piauí (PI),22,Piauí,0.561,0.469,0.633,0.58,0.541,1501.0,158.55
220785,2207850,Pavussu (PI),22,Piauí,0.345,0.041,0.431,0.563,0.594,642.0,233.4
220855,2208551,Porto Alegre do Piauí (PI),22,Piauí,0.375,0.316,0.41,0.4,0.622,738.0,252.36
220860,2208601,Prata do Piauí (PI),22,Piauí,0.532,0.364,0.527,0.706,0.582,1024.0,215.17
220885,2208858,Riacho Frio (PI),22,Piauí,0.36,0.053,0.418,0.609,0.611,910.0,210.2
220887,2208874,Ribeira do Piauí (PI),22,Piauí,0.483,0.137,0.636,0.675,0.528,1660.0,169.06
220915,2209153,Santa Cruz dos Milagres (PI),22,Piauí,0.379,0.101,0.553,0.482,0.639,972.0,240.76
220945,2209450,Santo Antônio dos Milagres (PI),22,Piauí,0.411,0.441,0.431,0.362,0.635,317.0,233.04
220950,2209500,Santo Inácio do Piauí (PI),22,Piauí,0.307,0.067,0.484,0.371,0.669,854.0,301.79
221090,2210904,Socorro do Piauí (PI),22,Piauí,0.315,0.091,0.383,0.472,0.665,739.0,291.98
220960,2209609,São Félix do Piauí (PI),22,Piauí,0.259,0.026,0.361,0.389,0.685,641.0,360.99
220975,2209757,São Gonçalo do Gurguéia (PI),22,Piauí,0.353,0.079,0.455,0.526,0.633,504.0,245.7
221010,2210102,São José do Peixe (PI),22,Piauí,0.37,0.097,0.445,0.568,0.651,772.0,261.3
220995,2209955,São João da Varjota (PI),22,Piauí,0.366,0.299,0.348,0.451,0.652,633.0,313.48
221038,2210383,São Miguel da Baixa Grande (PI),22,Piauí,0.347,0.114,0.433,0.495,0.621,509.0,275.15
221039,2210391,São Miguel do Fidalgo (PI),22,Piauí,0.333,0.106,0.46,0.434,0.652,469.0,300.18
221095,2210953,Tamboril do Piauí (PI),22,Piauí,0.428,0.311,0.435,0.539,0.586,598.0,202.3
221097,2210979,Tanque do Piauí (PI),22,Piauí,0.434,0.364,0.526,0.412,0.656,522.0,279.2
221170,2211704,Wall Ferraz (PI),22,Piauí,0.317,0.055,0.347,0.55,0.648,421.0,278.53
240375,2403756,Fernando Pedroza (RN),24,Rio Grande do Norte,0.49,0.254,0.551,0.665,0.628,851.0,264.42
240550,2405504,Jardim de Angicos (RN),24,Rio Grande do Norte,0.496,0.431,0.63,0.427,0.58,1126.0,235.46
240725,2407252,Major Sales (RN),24,Rio Grande do Norte,0.387,0.019,0.53,0.612,0.618,864.0,237.55
240960,2409605,Pedra Preta (RN),24,Rio Grande do Norte,0.59,0.631,0.676,0.463,0.554,897.0,183.97
280010,2800100,Amparo de São Francisco (SE),28,Sergipe,0.399,0.111,0.527,0.56,0.657,694.0,288.51
280200,2802007,Divina Pastora (SE),28,Sergipe,0.323,0.23,0.379,0.36,0.697,818.0,324.21
280250,2802502,General Maynard (SE),28,Sergipe,0.295,0.026,0.343,0.516,0.714,824.0,428.17
280445,2804458,Nossa Senhora Aparecida (SE),28,Sergipe,0.25,0.004,0.368,0.379,0.658,1352.0,341.98
280500,2805000,Pedra Mole (SE),28,Sergipe,0.43,0.254,0.491,0.546,0.63,1239.0,310.48
280690,2806909,São Francisco (SE),28,Sergipe,0.417,0.2,0.571,0.48,0.599,990.0,269.36
120017,1200179,Capixaba (AC),12,Acre,0.398,0.148,0.611,0.435,0.621,1649.0,356.99
160020,1600204,Calçoene (AP),16,Amapá,0.501,0.443,0.541,0.519,0.68,2686.0,398.56
160021,1600212,Cutias (AP),16,Amapá,0.374,0.23,0.401,0.491,0.703,1019.0,390.88
160025,1600253,Itaubal (AP),16,Amapá,0.558,0.311,0.549,0.814,0.611,690.0,256.51
160050,1600501,Oiapoque (AP),16,Amapá,0.41,0.415,0.391,0.424,0.717,5028.0,674.79
160055,1600550,Pracuúba (AP),16,Amapá,0.509,0.737,0.481,0.308,0.681,753.0,290.52
160005,1600055,Serra do Navio (AP),16,Amapá,0.282,0.066,0.367,0.412,0.751,881.0,525.58
130006,1300060,Amaturá (AM),13,Amazonas,0.398,0.27,0.372,0.552,0.696,2088.0,274.37
130008,1300086,Anamã (AM),13,Amazonas,0.347,0.201,0.446,0.393,0.658,1812.0,293.83
130020,1300201,Atalaia do Norte (AM),13,Amazonas,0.644,0.629,0.656,0.647,0.569,2518.0,223.63
130040,1300409,Barcelos (AM),13,Amazonas,0.396,0.191,0.573,0.424,0.65,3593.0,398.02
130050,1300508,Barreirinha (AM),13,Amazonas,0.434,0.44,0.366,0.495,0.644,4881.0,191.56
130080,1300805,Borba (AM),13,Amazonas,0.425,0.298,0.455,0.521,0.659,5715.0,292.87
130195,1301951,Itamarati (AM),13,Amazonas,0.628,0.724,0.632,0.527,0.526,1748.0,191.83
130200,1302009,Itapiranga (AM),13,Amazonas,0.383,0.263,0.375,0.511,0.688,2404.0,391.11
130300,1303007,Nhamundá (AM),13,Amazonas,0.383,0.162,0.443,0.546,0.68,3077.0,329.07
130360,1303601,Santa Isabel do Rio Negro (AM),13,Amazonas,0.52,0.468,0.582,0.509,0.657,1836.0,286.75
130370,1303700,Santo Antônio do Içá (AM),13,Amazonas,0.687,0.876,0.571,0.613,0.591,4968.0,209.48
130400,1304005,Silves (AM),13,Amazonas,0.442,0.342,0.474,0.511,0.708,1639.0,258.96
130380,1303809,São Gabriel da Cachoeira (AM),13,Amazonas,0.45,0.507,0.448,0.395,0.714,2643.0,611.28
130390,1303908,São Paulo de Olivença (AM),13,Amazonas,0.639,1.0,0.424,0.492,0.617,5231.0,230.03
130395,1303957,São Sebastião do Uatumã (AM),13,Amazonas,0.393,0.26,0.467,0.452,0.647,2339.0,334.13
130423,1304237,Tonantins (AM),13,Amazonas,0.57,0.757,0.511,0.442,0.63,3624.0,256.21
150090,1500909,Augusto Corrêa (PA),15,Pará,0.663,0.775,0.588,0.627,0.564,7972.0,200.37
150100,1501006,Aveiro (PA),15,Pará,0.743,0.978,0.559,0.693,0.582,5440.0,156.89
150125,1501253,Bannach (PA),15,Pará,0.434,0.271,0.446,0.586,0.626,411.0,414.24
150200,1502004,Cachoeira do Arari (PA),15,Pará,0.48,0.317,0.499,0.623,0.622,3065.0,282.46
150250,1502509,Chaves (PA),15,Pará,0.709,0.606,0.776,0.744,0.462,8514.0,178.33
150276,1502764,Cumaru do Norte (PA),15,Pará,0.494,0.404,0.58,0.497,0.649,966.0,386.7
150300,1503002,Faro (PA),15,Pará,0.503,0.607,0.487,0.414,0.624,2359.0,217.66
150307,1503077,Garrafão do Norte (PA),15,Pará,0.595,0.77,0.508,0.506,0.616,3378.0,299.59
150340,1503408,Inhangapi (PA),15,Pará,0.414,0.295,0.514,0.434,0.649,1182.0,339.51
150375,1503754,Jacareacanga (PA),15,Pará,0.463,0.389,0.628,0.37,0.621,1505.0,305.67
150690,1506906,Santarém Novo (PA),15,Pará,0.352,0.253,0.42,0.384,0.672,732.0,307.5
150746,1507466,São João da Ponta (PA),15,Pará,0.263,0.009,0.331,0.449,0.666,528.0,228.82
150750,1507508,São João do Araguaia (PA),15,Pará,0.635,0.745,0.608,0.553,0.564,4909.0,194.57
140005,1400050,Alto Alegre (RR),14,Roraima,0.347,0.246,0.393,0.403,0.695,1761.0,399.71
140002,1400027,Amajari (RR),14,Roraima,0.481,0.312,0.507,0.624,0.617,1561.0,189.83
140015,1400159,Bonfim (RR),14,Roraima,0.485,0.509,0.478,0.467,0.708,1369.0,419.13
140017,1400175,Cantá (RR),14,Roraima,0.297,0.012,0.434,0.444,0.703,925.0,348.33
140040,1400407,Normandia (RR),14,Roraima,0.336,0.341,0.388,0.279,0.723,741.0,518.87
140045,1400456,Pacaraima (RR),14,Roraima,0.192,0.043,0.232,0.301,0.764,1381.0,621.3
140070,1400704,Uiramutã (RR),14,Roraima,0.398,0.187,0.443,0.564,0.643,413.0,315.2
170025,1700251,Abreulândia (TO),17,Tocantins,0.292,0.059,0.331,0.486,0.708,523.0,395.28
170105,1701051,Angico (TO),17,Tocantins,0.286,0.116,0.329,0.411,0.693,766.0,314.25
170130,1701309,Aragominas (TO),17,Tocantins,0.341,0.08,0.416,0.526,0.694,815.0,402.85
170240,1702406,Arraias (TO),17,Tocantins,0.335,0.137,0.383,0.483,0.684,3438.0,419.76
170270,1702703,Aurora do Tocantins (TO),17,Tocantins,0.369,0.16,0.512,0.434,0.685,1001.0,363.96
170305,1703057,Bandeirantes do Tocantins (TO),17,Tocantins,0.373,0.141,0.516,0.461,0.651,1016.0,244.04
170330,1703305,Bom Jesus do Tocantins (TO),17,Tocantins,0.394,0.215,0.476,0.49,0.705,1048.0,470.99
170370,1703701,Brejinho de Nazaré (TO),17,Tocantins,0.377,0.136,0.491,0.504,0.699,1887.0,366.17
170380,1703800,Buriti do Tocantins (TO),17,Tocantins,0.504,0.421,0.521,0.569,0.66,2871.0,301.06
170382,1703826,Cachoeirinha (TO),17,Tocantins,0.435,0.419,0.529,0.357,0.672,663.0,240.27
170384,1703842,Campos Lindos (TO),17,Tocantins,0.496,0.337,0.645,0.507,0.595,2068.0,337.05
170386,1703867,Cariri do Tocantins (TO),17,Tocantins,0.283,0.037,0.355,0.457,0.711,793.0,396.96
170389,1703891,Carrasco Bonito (TO),17,Tocantins,0.584,0.501,0.624,0.628,0.642,780.0,247.51
170390,1703909,Caseara (TO),17,Tocantins,0.284,0.073,0.393,0.386,0.68,1182.0,422.47
170510,1705102,Chapada da Natividade (TO),17,Tocantins,0.38,0.0,0.537,0.603,0.645,748.0,307.01
170460,1704600,Chapada de Areia (TO),17,Tocantins,0.23,0.011,0.367,0.312,0.638,249.0,317.37
170555,1705557,Combinado (TO),17,Tocantins,0.327,0.134,0.388,0.46,0.698,1471.0,355.15
170560,1705607,Conceição do Tocantins (TO),17,Tocantins,0.336,0.173,0.392,0.443,0.663,1193.0,327.11
170730,1707306,Dueré (TO),17,Tocantins,0.335,0.042,0.518,0.444,0.698,1122.0,341.7
170740,1707405,Esperantina (TO),17,Tocantins,0.579,0.442,0.594,0.7,0.616,1919.0,196.22
170980,1709807,Ipueiras (TO),17,Tocantins,0.315,0.06,0.362,0.523,0.632,427.0,279.71
171090,1710904,Itapiratins (TO),17,Tocantins,0.359,0.142,0.456,0.478,0.678,608.0,398.54
171110,1711100,Itaporã do Tocantins (TO),17,Tocantins,0.402,0.288,0.531,0.387,0.673,574.0,357.38
171190,1711902,Lagoa da Confusão (TO),17,Tocantins,0.367,0.219,0.474,0.409,0.689,2334.0,404.26
171195,1711951,Lagoa do Tocantins (TO),17,Tocantins,0.353,0.068,0.524,0.466,0.625,1043.0,250.8
171215,1712157,Lavandeira (TO),17,Tocantins,0.299,0.071,0.393,0.433,0.698,376.0,266.13
171240,1712405,Lizarda (TO),17,Tocantins,0.516,0.528,0.572,0.449,0.602,1060.0,246.56
171245,1712454,Luzinópolis (TO),17,Tocantins,0.387,0.301,0.346,0.513,0.687,604.0,270.2
171270,1712702,Mateiros (TO),17,Tocantins,0.371,0.037,0.59,0.487,0.632,589.0,270.33
171280,1712801,Maurilândia do Tocantins (TO),17,Tocantins,0.408,0.368,0.484,0.371,0.658,754.0,242.08
171360,1713601,Monte do Carmo (TO),17,Tocantins,0.296,0.089,0.37,0.43,0.709,1307.0,410.27
171395,1713957,Muricilândia (TO),17,Tocantins,0.509,0.293,0.659,0.574,0.643,655.0,270.57
171430,1714302,Nazaré (TO),17,Tocantins,0.408,0.099,0.543,0.583,0.65,793.0,300.38
171500,1715002,Nova Rosalândia (TO),17,Tocantins,0.326,0.217,0.313,0.449,0.709,952.0,301.74
171510,1715101,Novo Acordo (TO),17,Tocantins,0.357,0.059,0.483,0.53,0.647,1285.0,376.34
171515,1715150,Novo Alegre (TO),17,Tocantins,0.23,0.012,0.265,0.414,0.754,648.0,448.17
171525,1715259,Novo Jardim (TO),17,Tocantins,0.372,0.031,0.503,0.583,0.622,745.0,232.14
171550,1715507,Oliveira de Fátima (TO),17,Tocantins,0.278,0.037,0.481,0.318,0.695,299.0,281.44
171575,1715754,Palmeirópolis (TO),17,Tocantins,0.311,0.03,0.423,0.48,0.696,2208.0,424.96
171620,1716208,Paranã (TO),17,Tocantins,0.386,0.149,0.46,0.549,0.692,2089.0,363.24
171720,1717206,Piraquê (TO),17,Tocantins,0.232,0.007,0.307,0.382,0.696,466.0,329.42
171780,1717800,Ponte Alta do Bom Jesus (TO),17,Tocantins,0.406,0.328,0.465,0.426,0.672,980.0,331.35
171800,1718006,Porto Alegre do Tocantins (TO),17,Tocantins,0.27,0.012,0.372,0.426,0.699,824.0,285.53
171840,1718402,Presidente Kennedy (TO),17,Tocantins,0.336,0.055,0.462,0.492,0.691,1282.0,353.81
171850,1718501,Recursolândia (TO),17,Tocantins,0.43,0.072,0.664,0.555,0.586,765.0,239.48
171855,1718550,Riachinho (TO),17,Tocantins,0.331,0.102,0.509,0.381,0.64,739.0,201.48
171875,1718758,Rio Sono (TO),17,Tocantins,0.289,0.029,0.377,0.46,0.715,1037.0,394.15
171865,1718659,Rio da Conceição (TO),17,Tocantins,0.408,0.284,0.429,0.513,0.646,641.0,222.37
171870,1718709,Rio dos Bois (TO),17,Tocantins,0.296,0.046,0.377,0.465,0.684,361.0,403.85
171890,1718907,Santa Rosa do Tocantins (TO),17,Tocantins,0.371,0.221,0.429,0.463,0.647,1293.0,268.71
172065,1720655,Silvanópolis (TO),17,Tocantins,0.432,0.358,0.452,0.487,0.701,1708.0,415.09
172085,1720853,Sucupira (TO),17,Tocantins,0.281,0.126,0.289,0.429,0.724,406.0,364.97
172015,1720150,São Félix do Tocantins (TO),17,Tocantins,0.364,0.163,0.465,0.465,0.585,367.0,258.88
172025,1720259,São Salvador do Tocantins (TO),17,Tocantins,0.38,0.203,0.524,0.412,0.62,1184.0,259.91
172049,1720499,São Valério (TO),17,Tocantins,0.244,0.077,0.346,0.311,0.686,1074.0,321.69
172080,1720804,Sítio Novo do Tocantins (TO),17,Tocantins,0.512,0.564,0.478,0.495,0.674,1737.0,300.34
172093,1720937,Taipas do Tocantins (TO),17,Tocantins,0.42,0.045,0.603,0.613,0.637,663.0,251.27
172097,1720978,Talismã (TO),17,Tocantins,0.292,0.116,0.378,0.384,0.704,500.0,488.52
172120,1721208,Tocantinópolis (TO),17,Tocantins,0.377,0.171,0.438,0.522,0.719,7174.0,430.33
172110,1721109,Tocantínia (TO),17,Tocantins,0.361,0.266,0.294,0.522,0.68,1032.0,404.5
172130,1721307,Tupiratins (TO),17,Tocantins,0.338,0.006,0.485,0.522,0.695,422.0,388.95
320410,3204104,Pinheiros (ES),32,Espírito Santo,0.324,0.091,0.492,0.388,0.669,6863.0,404.16
310040,3100401,Acaiaca (MG),31,Minas Gerais,0.356,0.001,0.422,0.646,0.641,1089.0,329.56
310240,3102407,Alvorada de Minas (MG),31,Minas Gerais,0.374,0.106,0.436,0.58,0.659,650.0,375.58
310320,3103207,Araçaí (MG),31,Minas Gerais,0.228,0.016,0.316,0.353,0.701,702.0,431.72
310480,3104809,Augusto de Lima (MG),31,Minas Gerais,0.362,0.037,0.416,0.634,0.675,1152.0,368.55
310660,3106606,Bertópolis (MG),31,Minas Gerais,0.338,0.044,0.456,0.513,0.643,1033.0,313.01
310825,3108255,Bonito de Minas (MG),31,Minas Gerais,0.558,0.321,0.669,0.684,0.541,3971.0,175.95
311020,3110202,Cajuri (MG),31,Minas Gerais,0.352,0.192,0.439,0.426,0.617,688.0,308.35
311080,3110806,Campanário (MG),31,Minas Gerais,0.346,0.016,0.458,0.564,0.635,1141.0,350.54
311310,3113107,Caranaíba (MG),31,Minas Gerais,0.414,0.278,0.466,0.497,0.629,1021.0,260.6
311380,3113800,Carmésia (MG),31,Minas Gerais,0.176,0.012,0.208,0.307,0.664,449.0,361.28
311560,3115607,Cedro do Abaeté (MG),31,Minas Gerais,0.336,0.035,0.369,0.604,0.657,282.0,377.52
311610,3116100,Chapada do Norte (MG),31,Minas Gerais,0.314,0.204,0.364,0.375,0.674,2536.0,344.74
311650,3116506,Claro dos Poções (MG),31,Minas Gerais,0.318,0.167,0.374,0.412,0.721,1945.0,310.64
311680,3116803,Coluna (MG),31,Minas Gerais,0.348,0.069,0.5,0.475,0.652,1551.0,364.21
311890,3118908,Cordisburgo (MG),31,Minas Gerais,0.267,0.12,0.356,0.324,0.691,2232.0,412.76
312010,3120102,Couto de Magalhães de Minas (MG),31,Minas Gerais,0.357,0.054,0.443,0.574,0.691,1499.0,326.5
312030,3120300,Cristália (MG),31,Minas Gerais,0.44,0.217,0.529,0.576,0.634,1317.0,243.6
312180,3121803,Dionísio (MG),31,Minas Gerais,0.361,0.225,0.372,0.485,0.696,2760.0,410.31
312260,3122603,Dom Joaquim (MG),31,Minas Gerais,0.324,0.179,0.361,0.433,0.669,1157.0,421.35
312310,3123106,Dores de Guanhães (MG),31,Minas Gerais,0.374,0.241,0.522,0.36,0.627,1937.0,303.03
312580,3125804,Fernandes Tourinho (MG),31,Minas Gerais,0.294,0.051,0.389,0.441,0.657,680.0,341.34
312640,3126406,Fortuna de Minas (MG),31,Minas Gerais,0.227,0.005,0.284,0.393,0.709,642.0,381.63
312650,3126505,Francisco Badaró (MG),31,Minas Gerais,0.353,0.306,0.357,0.395,0.712,1329.0,398.47
312675,3126752,Franciscópolis (MG),31,Minas Gerais,0.377,0.027,0.565,0.54,0.666,1057.0,338.54
312680,3126802,Frei Gaspar (MG),31,Minas Gerais,0.294,0.061,0.362,0.458,0.651,783.0,312.19
312695,3126950,Frei Lagonegro (MG),31,Minas Gerais,0.394,0.229,0.493,0.459,0.579,1274.0,196.65
312735,3127354,Glaucilândia (MG),31,Minas Gerais,0.5,0.536,0.379,0.586,0.69,1187.0,278.7
312820,3128204,Guaraciaba (MG),31,Minas Gerais,0.347,0.096,0.456,0.487,0.629,3779.0,323.53
312825,3128253,Guaraciama (MG),31,Minas Gerais,0.353,0.295,0.384,0.381,0.731,1274.0,335.49
313270,3132701,Itambacuri (MG),31,Minas Gerais,0.361,0.058,0.449,0.575,0.682,6272.0,393.96
313500,3135001,Jaguaraçu (MG),31,Minas Gerais,0.264,0.0,0.434,0.358,0.695,754.0,406.5
313507,3135076,Jampruca (MG),31,Minas Gerais,0.375,0.173,0.476,0.475,0.64,1311.0,353.62
313560,3135605,Jequitaí (MG),31,Minas Gerais,0.415,0.345,0.459,0.441,0.687,2100.0,340.48
313640,3136405,Joaquim Felício (MG),31,Minas Gerais,0.312,0.153,0.444,0.339,0.677,1072.0,538.62
313730,3137304,Lagoa dos Patos (MG),31,Minas Gerais,0.391,0.143,0.439,0.592,0.663,1146.0,276.35
314010,3140100,Marilac (MG),31,Minas Gerais,0.359,0.123,0.484,0.471,0.624,1467.0,330.19
314030,3140308,Marliéria (MG),31,Minas Gerais,0.301,0.022,0.418,0.462,0.662,1020.0,351.15
314060,3140605,Materlândia (MG),31,Minas Gerais,0.456,0.311,0.476,0.581,0.641,865.0,303.68
314250,3142502,Monjolos (MG),31,Minas Gerais,0.359,0.138,0.362,0.576,0.707,587.0,342.02
314360,3143609,Morro da Garça (MG),31,Minas Gerais,0.314,0.204,0.288,0.449,0.668,633.0,361.15
314370,3143708,Morro do Pilar (MG),31,Minas Gerais,0.412,0.167,0.541,0.529,0.643,1057.0,320.15
314420,3144201,Nacip Raydan (MG),31,Minas Gerais,0.396,0.085,0.66,0.443,0.594,790.0,399.34
314545,3145455,Olhos-D'Água (MG),31,Minas Gerais,0.309,0.172,0.407,0.348,0.671,1041.0,323.73
314585,3145851,Oratórios (MG),31,Minas Gerais,0.314,0.099,0.462,0.382,0.643,1235.0,360.9
314840,3148400,Paulistas (MG),31,Minas Gerais,0.283,0.059,0.369,0.422,0.692,1092.0,388.53
314850,3148509,Pavão (MG),31,Minas Gerais,0.39,0.086,0.484,0.6,0.655,1913.0,310.25
314950,3149507,Pequeri (MG),31,Minas Gerais,0.215,0.004,0.377,0.263,0.665,751.0,522.86
315000,3150000,Pescador (MG),31,Minas Gerais,0.349,0.023,0.42,0.603,0.674,1387.0,315.61
315010,3150109,Piau (MG),31,Minas Gerais,0.369,0.192,0.45,0.464,0.605,619.0,347.49
315053,3150539,Pingo-D'Água (MG),31,Minas Gerais,0.382,0.098,0.505,0.544,0.647,1682.0,318.57
315057,3150570,Pintópolis (MG),31,Minas Gerais,0.382,0.267,0.446,0.432,0.672,1125.0,319.83
315320,3153202,Presidente Juscelino (MG),31,Minas Gerais,0.215,0.008,0.252,0.385,0.695,749.0,352.5
315330,3153301,Presidente Kubitschek (MG),31,Minas Gerais,0.356,0.002,0.614,0.452,0.641,828.0,296.52
315660,3156601,Rubim (MG),31,Minas Gerais,0.419,0.122,0.465,0.669,0.62,2764.0,293.18
315727,3157278,Santa Bárbara do Monte Verde (MG),31,Minas Gerais,0.413,0.256,0.596,0.388,0.623,430.0,349.21
315760,3157609,Santa Fé de Minas (MG),31,Minas Gerais,0.562,0.422,0.57,0.695,0.655,973.0,257.19
315765,3157658,Santa Helena de Minas (MG),31,Minas Gerais,0.422,0.181,0.51,0.575,0.643,1459.0,253.64
315800,3158003,Santa Maria de Itabira (MG),31,Minas Gerais,0.315,0.145,0.387,0.415,0.677,2242.0,368.01
315850,3158508,Santana de Pirapama (MG),31,Minas Gerais,0.24,0.017,0.386,0.317,0.685,1288.0,387.34
316020,3160207,Santo Antônio do Itambé (MG),31,Minas Gerais,0.25,0.014,0.427,0.31,0.671,560.0,274.84
316060,3160603,Santo Hipólito (MG),31,Minas Gerais,0.441,0.341,0.49,0.491,0.67,1006.0,317.92
316556,3165560,Sem-Peixe (MG),31,Minas Gerais,0.461,0.479,0.371,0.533,0.658,979.0,371.52
316650,3166501,Serra Azul de Minas (MG),31,Minas Gerais,0.372,0.203,0.536,0.377,0.644,773.0,301.04
316660,3166600,Serra da Saudade (MG),31,Minas Gerais,0.14,0.0,0.186,0.234,0.706,233.0,454.72
316710,3167103,Serro (MG),31,Minas Gerais,0.365,0.174,0.415,0.505,0.673,5278.0,468.16
316750,3167509,Simão Pereira (MG),31,Minas Gerais,0.411,0.347,0.368,0.517,0.677,478.0,458.0
316105,3161056,São Félix de Minas (MG),31,Minas Gerais,0.352,0.035,0.493,0.528,0.645,663.0,314.21
316160,3161601,São Geraldo da Piedade (MG),31,Minas Gerais,0.294,0.113,0.297,0.472,0.659,419.0,348.56
316190,3161908,São Gonçalo do Rio Abaixo (MG),31,Minas Gerais,0.273,0.067,0.488,0.263,0.687,1757.0,410.44
312550,3125507,São Gonçalo do Rio Preto (MG),31,Minas Gerais,0.323,0.241,0.294,0.433,0.668,744.0,308.54
316300,3163003,São José da Safira (MG),31,Minas Gerais,0.503,0.485,0.543,0.482,0.628,1224.0,333.3
316245,3162450,São João das Missões (MG),31,Minas Gerais,0.422,0.408,0.459,0.4,0.696,870.0,315.45
316265,3162658,São João do Pacuí (MG),31,Minas Gerais,0.487,0.472,0.409,0.579,0.632,820.0,281.3
316420,3164209,São Romão (MG),31,Minas Gerais,0.353,0.15,0.432,0.478,0.669,2564.0,280.63
317030,3170305,Umburatiba (MG),31,Minas Gerais,0.316,0.011,0.441,0.496,0.671,542.0,301.01
317047,3170479,Uruana de Minas (MG),31,Minas Gerais,0.277,0.005,0.352,0.474,0.673,721.0,316.14
317050,3170503,Urucânia (MG),31,Minas Gerais,0.399,0.219,0.485,0.494,0.625,3123.0,345.99
317103,3171030,Verdelândia (MG),31,Minas Gerais,0.608,0.56,0.629,0.636,0.596,1845.0,218.84
310500,3105004,Baldim (MG),31,Minas Gerais,0.401,0.242,0.448,0.514,0.69,1853.0,379.2
315480,3154804,Rio Acima (MG),31,Minas Gerais,0.378,0.413,0.355,0.365,0.672,2907.0,521.61
316830,3168309,Taquaraçu de Minas (MG),31,Minas Gerais,0.283,0.083,0.361,0.404,0.684,551.0,431.68
350470,3504701,Balbinos (SP),35,São Paulo,0.207,0.0,0.224,0.397,0.743,700.0,538.73
350720,3507209,Borá (SP),35,São Paulo,0.159,0.0,0.261,0.217,0.761,307.0,613.92
354085,3540853,Pracinha (SP),35,São Paulo,0.359,0.307,0.277,0.494,0.702,703.0,445.53
412862,4128625,Alto Paraíso (PR),41,Paraná,0.317,0.006,0.467,0.478,0.663,559.0,522.37
411830,4118303,Paranapoema (PR),41,Paraná,0.375,0.4,0.314,0.412,0.697,841.0,470.07
431973,4319737,São Valério do Sul (RS),43,Rio Grande do Sul,0.449,0.43,0.396,0.52,0.622,1272.0,497.19
432235,4322350,União da Serra (RS),43,Rio Grande do Sul,0.171,0.014,0.205,0.294,0.733,1487.0,1068.08
