cnes,ibge,cod_curso,modulo,cbo,papel,bracos_cnes_curso,braco_cnes,tratado,elegivel,n_cnes_propostos,n_vagas_imediatas,n_propostas_nao_priorizadas,cointervencao_cirurgica_muni,uf,regiao
0000485,261160,1,anestesiologia,225151,principal,imediata_pura,imediata_pura,1,True,1,3,0,True,PE,NORDESTE
0003859,292740,1,anestesiologia,225151,principal,imediata_pura,imediata_pura,1,True,1,1,0,False,BA,NORDESTE
0012513,330330,1,anestesiologia,225151,principal,nao_priorizada_pura,nao_priorizada_pura,0,True,1,0,1,True,RJ,SUDESTE
0012556,330330,1,anestesiologia,225151,principal,nao_priorizada_pura,nao_priorizada_pura,0,True,1,0,3,True,RJ,SUDESTE
0220337,250400,1,anestesiologia,225151,principal,nao_priorizada_pura,nao_priorizada_pura,0,True,1,0,2,True,PB,NORDESTE
2005050,270030,1,anestesiologia,225151,principal,nao_priorizada_pura,nao_priorizada_pura,0,True,1,0,3,False,AL,NORDESTE
2006197,270430,1,anestesiologia,225151,principal,nao_priorizada_pura,nao_priorizada_pura,0,True,1,0,3,True,AL,NORDESTE
2009250,270430,1,anestesiologia,225151,principal,nao_priorizada_pura,nao_priorizada_pura,0,True,1,0,3,True,AL,NORDESTE
2010631,270630,1,anestesiologia,225151,principal,nao_priorizada_pura,nao_priorizada_pura,0,True,1,0,3,False,AL,NORDESTE
2011166,270690,1,anestesiologia,225151,principal,nao_priorizada_pura,nao_priorizada_pura,0,True,1,0,3,False,AL,NORDESTE
2012677,130260,1,anestesiologia,225151,principal,imediata_pura,imediata_pura,1,True,1,1,0,True,AM,NORTE
2013258,130250,1,anestesiologia,225151,principal,imediata_pura,imediata_pura,1,True,1,3,0,True,AM,NORTE
2016397,130140,1,anestesiologia,225151,principal,nao_priorizada_pura,nao_priorizada_pura,0,True,1,0,1,False,AM,NORTE
2016923,130190,1,anestesiologia,225151,principal,nao_priorizada_pura,nao_priorizada_pura,0,True,1,0,3,False,AM,NORTE
2017016,130170,1,anestesiologia,225151,principal,nao_priorizada_pura,nao_priorizada_pura,0,True,1,0,2,False,AM,NORTE
2017318,130260,1,anestesiologia,225151,principal,imediata_pura,imediata_pura,1,True,1,1,0,True,AM,NORTE
2017431,130260,1,anestesiologia,225151,principal,imediata_pura,imediata_pura,1,True,1,1,0,True,AM,NORTE
2017644,130260,1,anestesiologia,225151,principal,imediata_pura,imediata_pura,1,True,1,1,0,True,AM,NORTE
2017768,130002,1,anestesiologia,225151,principal,imediata_pura,imediata_pura,1,True,1,3,0,False,AM,NORTE
2018136,130120,1,anestesiologia,225151,principal,imediata_pura,imediata_pura,1,True,1,3,0,True,AM,NORTE
2019604,130330,1,anestesiologia,225151,principal,nao_priorizada_pura,nao_priorizada_pura,0,True,1,0,1,True,AM,NORTE
2020068,160030,1,anestesiologia,225151,principal,imediata_pura,imediata_pura,1,True,1,3,0,True,AP,NORTE
2023474,352470,1,anestesiologia,225151,principal,nao_priorizada_pura,nao_priorizada_pura,0,True,1,0,3,False,SP,SUDESTE
2026805,351860,1,anestesiologia,225151,principal,nao_priorizada_pura,nao_priorizada_pura,0,True,1,0,3,False,SP,SUDESTE
2027356,354870,1,anestesiologia,225151,principal,nao_priorizada_pura,nao_priorizada_pura,0,True,1,0,3,True,SP,SUDESTE
2040069,351880,1,anestesiologia,225151,principal,nao_priorizada_pura,nao_priorizada_pura,0,True,1,0,3,False,SP,SUDESTE
2040573,352050,1,anestesiologia,225151,principal,nao_priorizada_pura,nao_priorizada_pura,0,True,1,0,2,True,SP,SUDESTE
2058308,353340,1,anestesiologia,225151,principal,nao_priorizada_pura,nao_priorizada_pura,0,True,1,0,1,False,SP,SUDESTE
2078139,354150,1,anestesiologia,225151,principal,nao_priorizada_pura,nao_priorizada_pura,0,True,1,0,3,False,SP,SUDESTE
2078414,351740,1,anestesiologia,225151,principal,imediata_pura,imediata_pura,1,True,1,1,0,True,SP,SUDESTE
2078538,352400,1,anestesiologia,225151,principal,nao_priorizada_pura,nao_priorizada_pura,0,True,1,0,3,False,SP,SUDESTE
2079836,352270,1,anestesiologia,225151,principal,nao_priorizada_pura,nao_priorizada_pura,0,True,1,0,3,False,SP,SUDESTE
2080028,351380,1,anestesiologia,225151,principal,nao_priorizada_pura,nao_priorizada_pura,0,True,1,0,3,False,SP,SUDESTE
2080427,351880,1,anestesiologia,225151,principal,nao_priorizada_pura,nao_priorizada_pura,0,True,1,0,3,False,SP,SUDESTE
2080478,353700,1,anestesiologia,225151,principal,nao_priorizada_pura,nao_priorizada_pura,0,True,1,0,3,False,SP,SUDESTE
2081253,350330,1,anestesiologia,225151,principal,nao_priorizada_pura,nao_priorizada_pura,0,True,1,0,3,False,SP,SUDESTE
2082098,350270,1,anestesiologia,225151,principal,nao_priorizada_pura,nao_priorizada_pura,0,True,1,0,1,False,SP,SUDESTE
2082349,352940,1,anestesiologia,225151,principal,nao_priorizada_pura,nao_priorizada_pura,0,True,1,0,1,False,SP,SUDESTE
2082586,353460,1,anestesiologia,225151,principal,nao_priorizada_pura,nao_priorizada_pura,0,True,1,0,2,False,SP,SUDESTE
2082632,350530,1,anestesiologia,225151,principal,imediata_pura,imediata_pura,1,True,1,1,0,False,SP,SUDESTE
2082691,350210,1,anestesiologia,225151,principal,nao_priorizada_pura,nao_priorizada_pura,0,True,1,0,1,False,SP,SUDESTE
2083116,352900,1,anestesiologia,225151,principal,nao_priorizada_pura,nao_priorizada_pura,0,True,1,0,1,False,SP,SUDESTE
2083272,350635,1,anestesiologia,225151,principal,nao_priorizada_pura,nao_priorizada_pura,0,True,1,0,1,False,SP,SUDESTE
2084171,355170,1,anestesiologia,225151,principal,nao_priorizada_pura,nao_priorizada_pura,0,True,1,0,3,False,SP,SUDESTE
2084228,354910,1,anestesiologia,225151,principal,nao_priorizada_pura,nao_priorizada_pura,0,True,1,0,3,False,SP,SUDESTE
2084422,355040,1,anestesiologia,225151,principal,nao_priorizada_pura,nao_priorizada_pura,0,True,1,0,3,False,SP,SUDESTE
2085194,352440,1,anestesiologia,225151,principal,nao_priorizada_pura,nao_priorizada_pura,0,True,1,0,3,True,SP,SUDESTE
2087103,352690,1,anestesiologia,225151,principal,nao_priorizada_pura,nao_priorizada_pura,0,True,1,0,1,False,SP,SUDESTE
2088525,352970,1,anestesiologia,225151,principal,nao_priorizada_pura,nao_priorizada_pura,0,True,1,0,3,False,SP,SUDESTE
2096412,352440,1,anestesiologia,225151,principal,nao_priorizada_pura,nao_priorizada_pura,0,True,1,0,3,True,SP,SUDESTE
2098369,316800,1,anestesiologia,225151,principal,nao_priorizada_pura,nao_priorizada_pura,0,True,1,0,2,False,MG,SUDESTE
2098539,312710,1,anestesiologia,225151,principal,nao_priorizada_pura,nao_priorizada_pura,0,True,1,0,3,False,MG,SUDESTE
2100681,316210,1,anestesiologia,225151,principal,nao_priorizada_pura,nao_priorizada_pura,0,True,1,0,1,False,MG,SUDESTE
2100754,314700,1,anestesiologia,225151,principal,imediata_pura,imediata_pura,1,True,1,3,0,False,MG,SUDESTE
2109034,315690,1,anestesiologia,225151,principal,imediata_pura,imediata_pura,1,True,1,3,0,False,MG,SUDESTE
2109867,316720,1,anestesiologia,225151,principal,nao_priorizada_pura,nao_priorizada_pura,0,True,1,0,2,True,MG,SUDESTE
2118513,311340,1,anestesiologia,225151,principal,nao_priorizada_pura,nao_priorizada_pura,0,True,1,0,1,False,MG,SUDESTE
2119463,315560,1,anestesiologia,225151,principal,nao_priorizada_pura,nao_priorizada_pura,0,True,1,0,3,False,MG,SUDESTE
2119471,310730,1,anestesiologia,225151,principal,nao_priorizada_pura,nao_priorizada_pura,0,True,1,0,3,False,MG,SUDESTE
2119528,315120,1,anestesiologia,225151,principal,nao_priorizada_pura,nao_priorizada_pura,0,True,1,0,3,False,MG,SUDESTE
2122650,313840,1,anestesiologia,225151,principal,nao_priorizada_pura,nao_priorizada_pura,0,True,1,0,3,False,MG,SUDESTE
2134268,314180,1,anestesiologia,225151,principal,nao_priorizada_pura,nao_priorizada_pura,0,True,1,0,3,False,MG,SUDESTE
2134276,310340,1,anestesiologia,225151,principal,nao_priorizada_pura,nao_priorizada_pura,0,True,1,0,2,False,MG,SUDESTE
2135132,312160,1,anestesiologia,225151,principal,imediata_pura,imediata_pura,1,True,1,3,0,True,MG,SUDESTE
2135930,313250,1,anestesiologia,225151,principal,imediata_pura,imediata_pura,1,True,1,3,0,False,MG,SUDESTE
2139030,314140,1,anestesiologia,225151,principal,nao_priorizada_pura,nao_priorizada_pura,0,True,1,0,2,False,MG,SUDESTE
2139049,314870,1,anestesiologia,225151,principal,nao_priorizada_pura,nao_priorizada_pura,0,True,1,0,1,False,MG,SUDESTE
2139146,312560,1,anestesiologia,225151,principal,nao_priorizada_pura,nao_priorizada_pura,0,True,1,0,1,False,MG,SUDESTE
2140063,314200,1,anestesiologia,225151,principal,imediata_pura,imediata_pura,1,True,1,3,0,False,MG,SUDESTE
2140217,316870,1,anestesiologia,225151,principal,nao_priorizada_pura,nao_priorizada_pura,0,True,1,0,1,False,MG,SUDESTE
2143895,313350,1,anestesiologia,225151,principal,nao_priorizada_pura,nao_priorizada_pura,0,True,1,0,3,False,MG,SUDESTE
2148293,312090,1,anestesiologia,225151,principal,nao_priorizada_pura,nao_priorizada_pura,0,True,1,0,2,True,MG,SUDESTE
2149419,315580,1,anestesiologia,225151,principal,nao_priorizada_pura,nao_priorizada_pura,0,True,1,0,1,False,MG,SUDESTE
2165058,317010,1,anestesiologia,225151,principal,imediata_pura,imediata_pura,1,True,1,3,0,True,MG,SUDESTE
2167727,315170,1,anestesiologia,225151,principal,nao_priorizada_pura,nao_priorizada_pura,0,True,1,0,1,True,MG,SUDESTE
2191164,311860,1,anestesiologia,225151,principal,nao_priorizada_pura,nao_priorizada_pura,0,True,1,0,3,False,MG,SUDESTE
2195585,317010,1,anestesiologia,225151,principal,imediata_pura,imediata_pura,1,True,1,3,0,True,MG,SUDESTE
2200473,311860,1,anestesiologia,225151,principal,nao_priorizada_pura,nao_priorizada_pura,0,True,1,0,3,False,MG,SUDESTE
2201542,313440,1,anestesiologia,225151,principal,nao_priorizada_pura,nao_priorizada_pura,0,True,1,0,3,False,MG,SUDESTE
2205866,312780,1,anestesiologia,225151,principal,nao_priorizada_pura,nao_priorizada_pura,0,True,1,0,1,False,MG,SUDESTE
2205904,311880,1,anestesiologia,225151,principal,nao_priorizada_pura,nao_priorizada_pura,0,True,1,0,2,False,MG,SUDESTE
2205998,313930,1,anestesiologia,225151,principal,nao_priorizada_pura,nao_priorizada_pura,0,True,1,0,1,False,MG,SUDESTE
2206064,314710,1,anestesiologia,225151,principal,nao_priorizada_pura,nao_priorizada_pura,0,True,1,0,3,False,MG,SUDESTE
2206595,317010,1,anestesiologia,225151,principal,imediata_pura,imediata_pura,1,True,1,3,0,True,MG,SUDESTE
2211262,314430,1,anestesiologia,225151,principal,nao_priorizada_pura,nao_priorizada_pura,0,True,1,0,3,False,MG,SUDESTE
2218690,313170,1,anestesiologia,225151,principal,nao_priorizada_pura,nao_priorizada_pura,0,True,1,0,3,True,MG,SUDESTE
2228602,430850,1,anestesiologia,225151,principal,nao_priorizada_pura,nao_priorizada_pura,0,True,1,0,1,False,RS,SUL
2228610,432020,1,anestesiologia,225151,principal,nao_priorizada_pura,nao_priorizada_pura,0,True,1,0,1,False,RS,SUL
2232073,430390,1,anestesiologia,225151,principal,nao_priorizada_pura,nao_priorizada_pura,0,True,1,0,1,False,RS,SUL
2232146,431340,1,anestesiologia,225151,principal,nao_priorizada_pura,nao_priorizada_pura,0,True,1,0,3,False,RS,SUL
2232162,432000,1,anestesiologia,225151,principal,nao_priorizada_pura,nao_priorizada_pura,0,True,1,0,3,False,RS,SUL
2232995,431560,1,anestesiologia,225151,principal,nao_priorizada_pura,nao_priorizada_pura,0,True,1,0,3,True,RS,SUL
2235609,430440,1,anestesiologia,225151,principal,nao_priorizada_pura,nao_priorizada_pura,0,True,1,0,2,False,RS,SUL
2236362,430420,1,anestesiologia,225151,principal,nao_priorizada_pura,nao_priorizada_pura,0,True,1,0,3,False,RS,SUL
2248220,431710,1,anestesiologia,225151,principal,imediata_pura,imediata_pura,1,True,1,2,0,False,RS,SUL
2252694,431440,1,anestesiologia,225151,principal,nao_priorizada_pura,nao_priorizada_pura,0,True,1,0,3,True,RS,SUL
2253046,431440,1,anestesiologia,225151,principal,nao_priorizada_pura,nao_priorizada_pura,0,True,1,0,3,True,RS,SUL
2254611,431720,1,anestesiologia,225151,principal,nao_priorizada_pura,nao_priorizada_pura,0,True,1,0,3,False,RS,SUL
2262274,430470,1,anestesiologia,225151,principal,imediata_pura,imediata_pura,1,True,1,2,0,False,RS,SUL
2267209,330415,1,anestesiologia,225151,principal,nao_priorizada_pura,nao_priorizada_pura,0,True,1,0,3,False,RJ,SUDESTE
2267454,330015,1,anestesiologia,225151,principal,imediata_pura,imediata_pura,1,True,1,3,0,False,RJ,SUDESTE
2268922,330190,1,anestesiologia,225151,principal,nao_priorizada_pura,nao_priorizada_pura,0,True,1,0,3,False,RJ,SUDESTE
2269341,330455,1,anestesiologia,225151,principal,nao_priorizada_pura,nao_priorizada_pura,0,True,1,0,3,False,RJ,SUDESTE
2269392,330455,1,anestesiologia,225151,principal,nao_priorizada_pura,nao_priorizada_pura,0,True,1,0,3,False,RJ,SUDESTE
2269481,330455,1,anestesiologia,225151,principal,nao_priorizada_pura,nao_priorizada_pura,0,True,1,0,3,False,RJ,SUDESTE
2269783,330455,1,anestesiologia,225151,principal,nao_priorizada_pura,nao_priorizada_pura,0,True,1,0,3,False,RJ,SUDESTE
2269945,330455,1,anestesiologia,225151,principal,nao_priorizada_pura,nao_priorizada_pura,0,True,1,0,3,False,RJ,SUDESTE
2270056,330455,1,anestesiologia,225151,principal,nao_priorizada_pura,nao_priorizada_pura,0,True,1,0,3,False,RJ,SUDESTE
2270269,330455,1,anestesiologia,225151,principal,nao_priorizada_pura,nao_priorizada_pura,0,True,1,0,3,False,RJ,SUDESTE
2270390,330455,1,anestesiologia,225151,principal,nao_priorizada_pura,nao_priorizada_pura,0,True,1,0,3,False,RJ,SUDESTE
2270609,330455,1,anestesiologia,225151,principal,nao_priorizada_pura,nao_priorizada_pura,0,True,1,0,3,False,RJ,SUDESTE
2270714,330455,1,anestesiologia,225151,principal,nao_priorizada_pura,nao_priorizada_pura,0,True,1,0,3,False,RJ,SUDESTE
2273748,330620,1,anestesiologia,225151,principal,nao_priorizada_pura,nao_priorizada_pura,0,True,1,0,3,True,RJ,SUDESTE
2275562,330390,1,anestesiologia,225151,principal,nao_priorizada_pura,nao_priorizada_pura,0,True,1,0,3,False,RJ,SUDESTE
2277174,330180,1,anestesiologia,225151,principal,nao_priorizada_pura,nao_priorizada_pura,0,True,1,0,1,False,RJ,SUDESTE
2280051,330040,1,anestesiologia,225151,principal,nao_priorizada_pura,nao_priorizada_pura,0,True,1,0,2,True,RJ,SUDESTE
2280248,330455,1,anestesiologia,225151,principal,nao_priorizada_pura,nao_priorizada_pura,0,True,1,0,3,False,RJ,SUDESTE
2280396,330130,1,anestesiologia,225151,principal,nao_priorizada_pura,nao_priorizada_pura,0,True,1,0,3,False,RJ,SUDESTE
2280868,330010,1,anestesiologia,225151,principal,nao_priorizada_pura,nao_priorizada_pura,0,True,1,0,3,False,RJ,SUDESTE
2283239,330290,1,anestesiologia,225151,principal,nao_priorizada_pura,nao_priorizada_pura,0,True,1,0,3,False,RJ,SUDESTE
2283794,330090,1,anestesiologia,225151,principal,imediata_pura,imediata_pura,1,True,1,3,0,False,RJ,SUDESTE
2285932,330300,1,anestesiologia,225151,principal,imediata_pura,imediata_pura,1,True,1,3,0,False,RJ,SUDESTE
2287250,330100,1,anestesiologia,225151,principal,nao_priorizada_pura,nao_priorizada_pura,0,True,1,0,3,True,RJ,SUDESTE
2287382,330100,1,anestesiologia,225151,principal,nao_priorizada_pura,nao_priorizada_pura,0,True,1,0,3,True,RJ,SUDESTE
2287447,330100,1,anestesiologia,225151,principal,nao_priorizada_pura,nao_priorizada_pura,0,True,1,0,3,True,RJ,SUDESTE
2287579,330100,1,anestesiologia,225151,principal,nao_priorizada_pura,nao_priorizada_pura,0,True,1,0,3,True,RJ,SUDESTE
2287919,330030,1,anestesiologia,225151,principal,nao_priorizada_pura,nao_priorizada_pura,0,True,1,0,1,False,RJ,SUDESTE
2287927,330030,1,anestesiologia,225151,principal,nao_priorizada_pura,nao_priorizada_pura,0,True,1,0,1,False,RJ,SUDESTE
2288109,330260,1,anestesiologia,225151,principal,nao_priorizada_pura,nao_priorizada_pura,0,True,1,0,3,False,RJ,SUDESTE
2290227,330170,1,anestesiologia,225151,principal,nao_priorizada_pura,nao_priorizada_pura,0,True,1,0,3,False,RJ,SUDESTE
2291266,330455,1,anestesiologia,225151,principal,nao_priorizada_pura,nao_priorizada_pura,0,True,1,0,3,False,RJ,SUDESTE
2292084,330490,1,anestesiologia,225151,principal,nao_priorizada_pura,nao_priorizada_pura,0,True,1,0,1,False,RJ,SUDESTE
2292270,330515,1,anestesiologia,225151,principal,nao_priorizada_pura,nao_priorizada_pura,0,True,1,0,3,False,RJ,SUDESTE
2293862,330320,1,anestesiologia,225151,principal,nao_priorizada_pura,nao_priorizada_pura,0,True,1,0,3,False,RJ,SUDESTE
2295407,330455,1,anestesiologia,225151,principal,nao_priorizada_pura,nao_priorizada_pura,0,True,1,0,3,False,RJ,SUDESTE
2296241,330430,1,anestesiologia,225151,principal,nao_priorizada_pura,nao_priorizada_pura,0,True,1,0,3,False,RJ,SUDESTE
2297590,330490,1,anestesiologia,225151,principal,nao_priorizada_pura,nao_priorizada_pura,0,True,1,0,1,False,RJ,SUDESTE
2298120,330455,1,anestesiologia,225151,principal,nao_priorizada_pura,nao_priorizada_pura,0,True,1,0,3,False,RJ,SUDESTE
2298317,330100,1,anestesiologia,225151,principal,nao_priorizada_pura,nao_priorizada_pura,0,True,1,0,3,True,RJ,SUDESTE
2301601,292250,1,anestesiologia,225151,principal,nao_priorizada_pura,nao_priorizada_pura,0,True,1,0,1,False,BA,NORDESTE
2301830,420300,1,anestesiologia,225151,principal,nao_priorizada_pura,nao_priorizada_pura,0,True,1,0,3,False,SC,SUL
2302101,420480,1,anestesiologia,225151,principal,nao_priorizada_pura,nao_priorizada_pura,0,True,1,0,3,False,SC,SUL
2302500,421930,1,anestesiologia,225151,principal,nao_priorizada_pura,nao_priorizada_pura,0,True,1,0,3,False,SC,SUL
2305534,421080,1,anestesiologia,225151,principal,nao_priorizada_pura,nao_priorizada_pura,0,True,1,0,3,False,SC,SUL
2315343,261000,1,anestesiologia,225151,principal,nao_priorizada_pura,nao_priorizada_pura,0,True,1,0,3,False,PE,NORDESTE
2315386,220830,1,anestesiologia,225151,principal,nao_priorizada_pura,nao_priorizada_pura,0,True,1,0,3,False,PI,NORDESTE
2319454,260790,1,anestesiologia,225151,principal,imediata_pura,imediata_pura,1,True,1,3,0,False,PE,NORDESTE
2323249,221100,1,anestesiologia,225151,principal,imediata_pura,imediata_pura,1,True,1,3,0,True,PI,NORDESTE
2323397,221100,1,anestesiologia,225151,principal,imediata_pura,imediata_pura,1,True,1,3,0,True,PI,NORDESTE
2323478,221100,1,anestesiologia,225151,principal,imediata_pura,imediata_pura,1,True,1,3,0,True,PI,NORDESTE
2323583,220370,1,anestesiologia,225151,principal,nao_priorizada_pura,nao_priorizada_pura,0,True,1,0,3,False,PI,NORDESTE
2323915,220120,1,anestesiologia,225151,principal,nao_priorizada_pura,nao_priorizada_pura,0,True,1,0,1,False,PI,NORDESTE
2324288,220580,1,anestesiologia,225151,principal,nao_priorizada_pura,nao_priorizada_pura,0,True,1,0,3,False,PI,NORDESTE
2328992,150270,1,anestesiologia,225151,principal,imediata_pura,imediata_pura,1,True,1,3,0,False,PA,NORTE
2330830,150060,1,anestesiologia,225151,principal,imediata_pura,imediata_pura,1,True,1,3,0,False,PA,NORTE
2331098,150360,1,anestesiologia,225151,principal,imediata_pura,imediata_pura,1,True,1,2,0,True,PA,NORTE
2337576,520540,1,anestesiologia,225151,principal,nao_priorizada_pura,nao_priorizada_pura,0,True,1,0,1,False,GO,CENTRO-OESTE
2338351,520870,1,anestesiologia,225151,principal,imediata_pura,imediata_pura,1,True,1,3,0,False,GO,CENTRO-OESTE
2338386,520870,1,anestesiologia,225151,principal,imediata_pura,imediata_pura,1,True,1,3,0,False,GO,CENTRO-OESTE
2338564,520870,1,anestesiologia,225151,principal,imediata_pura,imediata_pura,1,True,1,3,0,False,GO,CENTRO-OESTE
2344882,260960,1,anestesiologia,225151,principal,imediata_pura,imediata_pura,1,True,1,3,0,False,PE,NORDESTE
2356287,261220,1,anestesiologia,225151,principal,nao_priorizada_pura,nao_priorizada_pura,0,True,1,0,3,False,PE,NORDESTE
2361027,500793,1,anestesiologia,225151,principal,nao_priorizada_pura,nao_priorizada_pura,0,True,1,0,1,False,MS,CENTRO-OESTE
2362856,250400,1,anestesiologia,225151,principal,nao_priorizada_pura,nao_priorizada_pura,0,True,1,0,3,True,PB,NORDESTE
2364824,220350,1,anestesiologia,225151,principal,nao_priorizada_pura,nao_priorizada_pura,0,True,1,0,3,False,PI,NORDESTE
2365146,220390,1,anestesiologia,225151,principal,imediata_pura,imediata_pura,1,True,1,3,0,False,PI,NORDESTE
2370816,500790,1,anestesiologia,225151,principal,imediata_pura,imediata_pura,1,True,1,2,0,False,MS,CENTRO-OESTE
2371065,500230,1,anestesiologia,225151,principal,imediata_pura,imediata_pura,1,True,1,1,0,False,MS,CENTRO-OESTE
2371243,500620,1,anestesiologia,225151,principal,nao_priorizada_pura,nao_priorizada_pura,0,True,1,0,1,False,MS,CENTRO-OESTE
2372967,230110,1,anestesiologia,225151,principal,nao_priorizada_pura,nao_priorizada_pura,0,True,1,0,3,False,CE,NORDESTE
2373009,230110,1,anestesiologia,225151,principal,nao_priorizada_pura,nao_priorizada_pura,0,True,1,0,2,False,CE,NORDESTE
2374064,230690,1,anestesiologia,225151,principal,nao_priorizada_pura,nao_priorizada_pura,0,True,1,0,3,False,CE,NORDESTE
2374749,240830,1,anestesiologia,225151,principal,nao_priorizada_pura,nao_priorizada_pura,0,True,1,0,1,False,RN,NORDESTE
2376091,500240,1,anestesiologia,225151,principal,imediata_pura,imediata_pura,1,True,1,1,0,False,MS,CENTRO-OESTE
2376474,500220,1,anestesiologia,225151,principal,nao_priorizada_pura,nao_priorizada_pura,0,True,1,0,1,False,MS,CENTRO-OESTE
2376598,500085,1,anestesiologia,225151,principal,nao_priorizada_pura,nao_priorizada_pura,0,True,1,0,1,False,MS,CENTRO-OESTE
2377616,421780,1,anestesiologia,225151,principal,nao_priorizada_pura,nao_priorizada_pura,0,True,1,0,1,False,SC,SUL
2377829,420850,1,anestesiologia,225151,principal,nao_priorizada_pura,nao_priorizada_pura,0,True,1,0,3,False,SC,SUL
2378809,421670,1,anestesiologia,225151,principal,nao_priorizada_pura,nao_priorizada_pura,0,True,1,0,3,False,SC,SUL
2379333,421010,1,anestesiologia,225151,principal,nao_priorizada_pura,nao_priorizada_pura,0,True,1,0,3,False,SC,SUL
2379341,421010,1,anestesiologia,225151,principal,nao_priorizada_pura,nao_priorizada_pura,0,True,1,0,3,False,SC,SUL
2379767,420360,1,anestesiologia,225151,principal,nao_priorizada_pura,nao_priorizada_pura,0,True,1,0,3,False,SC,SUL
2380331,420390,1,anestesiologia,225151,principal,nao_priorizada_pura,nao_priorizada_pura,0,True,1,0,3,False,SC,SUL
2385880,420730,1,anestesiologia,225151,principal,nao_priorizada_pura,nao_priorizada_pura,0,True,1,0,3,False,SC,SUL
2387581,290650,1,anestesiologia,225151,principal,imediata_pura,imediata_pura,1,True,1,1,0,False,BA,NORDESTE
2388057,290570,1,anestesiologia,225151,principal,nao_priorizada_pura,nao_priorizada_pura,0,True,1,0,3,True,BA,NORDESTE
2392410,510320,1,anestesiologia,225151,principal,imediata_pura,imediata_pura,1,True,1,1,0,False,MT,CENTRO-OESTE
2395037,510250,1,anestesiologia,225151,principal,imediata_pura,imediata_pura,1,True,1,3,0,False,MT,CENTRO-OESTE
2395509,510628,1,anestesiologia,225151,principal,imediata_pura,imediata_pura,1,True,1,1,0,False,MT,CENTRO-OESTE
2402076,293330,1,anestesiologia,225151,principal,imediata_pura,imediata_pura,1,True,1,1,0,True,BA,NORDESTE
2402564,293330,1,anestesiologia,225151,principal,imediata_pura,imediata_pura,1,True,1,1,0,True,BA,NORDESTE
2402874,320010,1,anestesiologia,225151,principal,nao_priorizada_pura,nao_priorizada_pura,0,True,1,0,1,False,ES,SUDESTE
2408570,240810,1,anestesiologia,225151,principal,imediata_pura,imediata_pura,1,True,1,3,0,False,RN,NORDESTE
2409208,240810,1,anestesiologia,225151,principal,imediata_pura,imediata_pura,1,True,1,3,0,False,RN,NORDESTE
2410834,420010,1,anestesiologia,225151,principal,nao_priorizada_pura,nao_priorizada_pura,0,True,1,0,3,False,SC,SUL
2411393,421950,1,anestesiologia,225151,principal,nao_priorizada_pura,nao_priorizada_pura,0,True,1,0,3,False,SC,SUL
2411415,421970,1,anestesiologia,225151,principal,nao_priorizada_pura,nao_priorizada_pura,0,True,1,0,3,False,SC,SUL
2412381,291120,1,anestesiologia,225151,principal,nao_priorizada_pura,nao_priorizada_pura,0,True,1,0,3,False,BA,NORDESTE
2420015,420700,1,anestesiologia,225151,principal,nao_priorizada_pura,nao_priorizada_pura,0,True,1,0,3,False,SC,SUL
2421518,280350,1,anestesiologia,225151,principal,nao_priorizada_pura,nao_priorizada_pura,0,True,1,0,3,False,SE,NORDESTE
2423529,280210,1,anestesiologia,225151,principal,nao_priorizada_pura,nao_priorizada_pura,0,True,1,0,3,False,SE,NORDESTE
2423936,291700,1,anestesiologia,225151,principal,nao_priorizada_pura,nao_priorizada_pura,0,True,1,0,3,False,BA,NORDESTE
2426579,231290,1,anestesiologia,225151,principal,nao_priorizada_pura,nao_priorizada_pura,0,True,1,0,3,False,CE,NORDESTE
2427427,261160,1,anestesiologia,225151,principal,imediata_pura,imediata_pura,1,True,1,3,0,True,PE,NORDESTE
2428393,261000,1,anestesiologia,225151,principal,nao_priorizada_pura,nao_priorizada_pura,0,True,1,0,3,False,PE,NORDESTE
2430711,261110,1,anestesiologia,225151,principal,imediata_pura,imediata_pura,1,True,1,3,0,False,PE,NORDESTE
2432048,261370,1,anestesiologia,225151,principal,imediata_pura,imediata_pura,1,True,1,3,0,False,PE,NORDESTE
2436450,420910,1,anestesiologia,225151,principal,nao_priorizada_pura,nao_priorizada_pura,0,True,1,0,3,False,SC,SUL
2436477,420910,1,anestesiologia,225151,principal,nao_priorizada_pura,nao_priorizada_pura,0,True,1,0,3,False,SC,SUL
2437139,520450,1,anestesiologia,225151,principal,imediata_pura,imediata_pura,1,True,1,1,0,False,GO,CENTRO-OESTE
2442477,521800,1,anestesiologia,225151,principal,nao_priorizada_pura,nao_priorizada_pura,0,True,1,0,1,False,GO,CENTRO-OESTE
2456672,210530,1,anestesiologia,225151,principal,imediata_pura,imediata_pura,1,True,1,3,0,False,MA,NORDESTE
2463016,210005,1,anestesiologia,225151,principal,nao_priorizada_pura,nao_priorizada_pura,0,True,1,0,3,False,MA,NORDESTE
2465469,211400,1,anestesiologia,225151,principal,nao_priorizada_pura,nao_priorizada_pura,0,True,1,0,3,False,MA,NORDESTE
2465787,320520,1,anestesiologia,225151,principal,nao_priorizada_pura,nao_priorizada_pura,0,True,1,0,2,False,ES,SUDESTE
2468972,170255,1,anestesiologia,225151,principal,nao_priorizada_pura,nao_priorizada_pura,0,True,1,0,3,False,TO,NORTE
2469499,170220,1,anestesiologia,225151,principal,nao_priorizada_pura,nao_priorizada_pura,0,True,1,0,1,False,TO,NORTE
2471663,510629,1,anestesiologia,225151,principal,imediata_pura,imediata_pura,1,True,1,3,0,False,MT,CENTRO-OESTE
2473577,240710,1,anestesiologia,225151,principal,imediata_pura,imediata_pura,1,True,1,3,0,False,RN,NORDESTE
2476487,240310,1,anestesiologia,225151,principal,nao_priorizada_pura,nao_priorizada_pura,0,True,1,0,3,False,RN,NORDESTE
2481073,230410,1,anestesiologia,225151,principal,nao_priorizada_pura,nao_priorizada_pura,0,True,1,0,3,False,CE,NORDESTE
2485729,320120,1,anestesiologia,225151,principal,nao_priorizada_pura,nao_priorizada_pura,0,True,1,0,3,False,ES,SUDESTE
2487438,290070,1,anestesiologia,225151,principal,nao_priorizada_pura,nao_priorizada_pura,0,True,1,0,3,True,BA,NORDESTE
2487616,291950,1,anestesiologia,225151,principal,nao_priorizada_pura,nao_priorizada_pura,0,True,1,0,1,False,BA,NORDESTE
2491249,420380,1,anestesiologia,225151,principal,nao_priorizada_pura,nao_priorizada_pura,0,True,1,0,1,False,SC,SUL
2491710,421870,1,anestesiologia,225151,principal,nao_priorizada_pura,nao_priorizada_pura,0,True,1,0,3,True,SC,SUL
2494442,320520,1,anestesiologia,225151,principal,nao_priorizada_pura,nao_priorizada_pura,0,True,1,0,3,False,ES,SUDESTE
2495015,510340,1,anestesiologia,225151,principal,imediata_pura,imediata_pura,1,True,1,3,0,True,MT,CENTRO-OESTE
2495228,110028,1,anestesiologia,225151,principal,imediata_pura,imediata_pura,1,True,1,3,0,False,RO,NORTE
2496046,110004,1,anestesiologia,225151,principal,imediata_pura,imediata_pura,1,True,1,3,0,True,RO,NORTE
2496534,110018,1,anestesiologia,225151,principal,imediata_pura,imediata_pura,1,True,1,3,0,False,RO,NORTE
2504332,420930,1,anestesiologia,225151,principal,nao_priorizada_pura,nao_priorizada_pura,0,True,1,0,3,True,SC,SUL
2504502,250370,1,anestesiologia,225151,principal,nao_priorizada_pura,nao_priorizada_pura,0,True,1,0,3,False,PB,NORDESTE
2504537,251620,1,anestesiologia,225151,principal,nao_priorizada_pura,nao_priorizada_pura,0,True,1,0,2,True,PB,NORDESTE
2506858,520870,1,anestesiologia,225151,principal,imediata_pura,imediata_pura,1,True,1,3,0,False,GO,CENTRO-OESTE
2513838,421320,1,anestesiologia,225151,principal,nao_priorizada_pura,nao_priorizada_pura,0,True,1,0,3,False,SC,SUL
2520524,291840,1,anestesiologia,225151,principal,imediata_pura,imediata_pura,1,True,1,3,0,False,BA,NORDESTE
2521792,421580,1,anestesiologia,225151,principal,nao_priorizada_pura,nao_priorizada_pura,0,True,1,0,2,False,SC,SUL
2522411,420290,1,anestesiologia,225151,principal,nao_priorizada_pura,nao_priorizada_pura,0,True,1,0,3,False,SC,SUL
2522691,420820,1,anestesiologia,225151,principal,nao_priorizada_pura,nao_priorizada_pura,0,True,1,0,3,False,SC,SUL
2525933,293290,1,anestesiologia,225151,principal,nao_priorizada_pura,nao_priorizada_pura,0,True,1,0,3,False,BA,NORDESTE
2527693,231310,1,anestesiologia,225151,principal,nao_priorizada_pura,nao_priorizada_pura,0,True,1,0,3,False,CE,NORDESTE
2527707,230760,1,anestesiologia,225151,principal,nao_priorizada_pura,nao_priorizada_pura,0,True,1,0,3,False,CE,NORDESTE
2533057,291980,1,anestesiologia,225151,principal,nao_priorizada_pura,nao_priorizada_pura,0,True,1,0,3,False,BA,NORDESTE
2534460,510250,1,anestesiologia,225151,principal,imediata_pura,imediata_pura,1,True,1,3,0,False,MT,CENTRO-OESTE
2534789,521460,1,anestesiologia,225151,principal,imediata_pura,imediata_pura,1,True,1,1,0,False,GO,CENTRO-OESTE
2536838,500460,1,anestesiologia,225151,principal,imediata_pura,imediata_pura,1,True,1,1,0,False,MS,CENTRO-OESTE
2536935,500710,1,anestesiologia,225151,principal,imediata_pura,imediata_pura,1,True,1,1,0,False,MS,CENTRO-OESTE
2537192,421820,1,anestesiologia,225151,principal,nao_priorizada_pura,nao_priorizada_pura,0,True,1,0,3,False,SC,SUL
2537788,420420,1,anestesiologia,225151,principal,nao_priorizada_pura,nao_priorizada_pura,0,True,1,0,3,True,SC,SUL
2537826,421290,1,anestesiologia,225151,principal,nao_priorizada_pura,nao_priorizada_pura,0,True,1,0,3,False,SC,SUL
2538180,421050,1,anestesiologia,225151,principal,nao_priorizada_pura,nao_priorizada_pura,0,True,1,0,3,False,SC,SUL
2538571,421600,1,anestesiologia,225151,principal,nao_priorizada_pura,nao_priorizada_pura,0,True,1,0,3,False,SC,SUL
2543044,421360,1,anestesiologia,225151,principal,nao_priorizada_pura,nao_priorizada_pura,0,True,1,0,3,False,SC,SUL
2552930,110004,1,anestesiologia,225151,principal,imediata_pura,imediata_pura,1,True,1,3,0,True,RO,NORTE
2553155,421690,1,anestesiologia,225151,principal,nao_priorizada_pura,nao_priorizada_pura,0,True,1,0,3,False,SC,SUL
2555840,421170,1,anestesiologia,225151,principal,nao_priorizada_pura,nao_priorizada_pura,0,True,1,0,1,False,SC,SUL
2558017,420940,1,anestesiologia,225151,principal,nao_priorizada_pura,nao_priorizada_pura,0,True,1,0,3,False,SC,SUL
2558289,500500,1,anestesiologia,225151,principal,nao_priorizada_pura,nao_priorizada_pura,0,True,1,0,1,False,MS,CENTRO-OESTE
2558459,500060,1,anestesiologia,225151,principal,imediata_pura,imediata_pura,1,True,1,2,0,False,MS,CENTRO-OESTE
2558610,500380,1,anestesiologia,225151,principal,imediata_pura,imediata_pura,1,True,1,3,0,False,MS,CENTRO-OESTE
2560771,420900,1,anestesiologia,225151,principal,nao_priorizada_pura,nao_priorizada_pura,0,True,1,0,3,True,SC,SUL
2560852,231340,1,anestesiologia,225151,principal,nao_priorizada_pura,nao_priorizada_pura,0,True,1,0,1,False,CE,NORDESTE
2561328,231360,1,anestesiologia,225151,principal,nao_priorizada_pura,nao_priorizada_pura,0,True,1,0,1,False,CE,NORDESTE
2561336,230530,1,anestesiologia,225151,principal,nao_priorizada_pura,nao_priorizada_pura,0,True,1,0,2,False,CE,NORDESTE
2587335,411520,1,anestesiologia,225151,principal,nao_priorizada_pura,nao_priorizada_pura,0,True,1,0,1,True,PR,SUL
2594277,420460,1,anestesiologia,225151,principal,nao_priorizada_pura,nao_priorizada_pura,0,True,1,0,3,True,SC,SUL
2595265,411440,1,anestesiologia,225151,principal,nao_priorizada_pura,nao_priorizada_pura,0,True,1,0,1,False,PR,SUL
2600331,251130,1,anestesiologia,225151,principal,nao_priorizada_pura,nao_priorizada_pura,0,True,1,0,3,False,PB,NORDESTE
2602083,291610,1,anestesiologia,225151,principal,imediata_pura,imediata_pura,1,True,1,3,0,False,BA,NORDESTE
2613379,251600,1,anestesiologia,225151,principal,nao_priorizada_pura,nao_priorizada_pura,0,True,1,0,3,False,PB,NORDESTE
2613476,250370,1,anestesiologia,225151,principal,nao_priorizada_pura,nao_priorizada_pura,0,True,1,0,3,False,PB,NORDESTE
2627418,292100,1,anestesiologia,225151,principal,nao_priorizada_pura,nao_priorizada_pura,0,True,1,0,2,False,BA,NORDESTE
2639262,260110,1,anestesiologia,225151,principal,nao_priorizada_pura,nao_priorizada_pura,0,True,1,0,3,False,PE,NORDESTE
2651505,500450,1,anestesiologia,225151,principal,imediata_pura,imediata_pura,1,True,1,1,0,False,MS,CENTRO-OESTE
2651610,500660,1,anestesiologia,225151,principal,imediata_pura,imediata_pura,1,True,1,1,0,False,MS,CENTRO-OESTE
2652099,420530,1,anestesiologia,225151,principal,nao_priorizada_pura,nao_priorizada_pura,0,True,1,0,3,False,SC,SUL
2655411,510340,1,anestesiologia,225151,principal,imediata_pura,imediata_pura,1,True,1,3,0,True,MT,CENTRO-OESTE
2655802,510263,1,anestesiologia,225151,principal,nao_priorizada_pura,nao_priorizada_pura,0,True,1,0,3,False,MT,CENTRO-OESTE
2658372,420500,1,anestesiologia,225151,principal,nao_priorizada_pura,nao_priorizada_pura,0,True,1,0,1,False,SC,SUL
2659069,290320,1,anestesiologia,225151,principal,imediata_pura,imediata_pura,1,True,1,3,0,False,BA,NORDESTE
2659417,500110,1,anestesiologia,225151,principal,nao_priorizada_pura,nao_priorizada_pura,0,True,1,0,2,False,MS,CENTRO-OESTE
2664984,421210,1,anestesiologia,225151,principal,nao_priorizada_pura,nao_priorizada_pura,0,True,1,0,3,False,SC,SUL
2665883,420280,1,anestesiologia,225151,principal,nao_priorizada_pura,nao_priorizada_pura,0,True,1,0,3,False,SC,SUL
2672839,421770,1,anestesiologia,225151,principal,nao_priorizada_pura,nao_priorizada_pura,0,True,1,0,3,False,SC,SUL
2676060,250400,1,anestesiologia,225151,principal,nao_priorizada_pura,nao_priorizada_pura,0,True,1,0,3,True,PB,NORDESTE
2679477,110001,1,anestesiologia,225151,principal,imediata_pura,imediata_pura,1,True,1,3,0,False,RO,NORTE
2679647,221100,1,anestesiologia,225151,principal,imediata_pura,imediata_pura,1,True,1,2,0,True,PI,NORDESTE
2691515,420140,1,anestesiologia,225151,principal,nao_priorizada_pura,nao_priorizada_pura,0,True,1,0,3,False,SC,SUL
2691884,420690,1,anestesiologia,225151,principal,nao_priorizada_pura,nao_priorizada_pura,0,True,1,0,3,False,SC,SUL
2695839,230930,1,anestesiologia,225151,principal,nao_priorizada_pura,nao_priorizada_pura,0,True,1,0,3,False,CE,NORDESTE
2702983,260600,1,anestesiologia,225151,principal,nao_priorizada_pura,nao_priorizada_pura,0,True,1,0,3,False,PE,NORDESTE
2704587,330380,1,anestesiologia,225151,principal,nao_priorizada_pura,nao_priorizada_pura,0,True,1,0,1,False,RJ,SUDESTE
2710498,500570,1,anestesiologia,225151,principal,imediata_pura,imediata_pura,1,True,1,1,0,False,MS,CENTRO-OESTE
2710935,500370,1,anestesiologia,225151,principal,imediata_pura,imediata_pura,1,True,1,3,0,True,MS,CENTRO-OESTE
2711613,261160,1,anestesiologia,225151,principal,imediata_pura,imediata_pura,1,True,1,3,0,True,PE,NORDESTE
2711885,260620,1,anestesiologia,225151,principal,nao_priorizada_pura,nao_priorizada_pura,0,True,1,0,3,False,PE,NORDESTE
2711958,260950,1,anestesiologia,225151,principal,nao_priorizada_pura,nao_priorizada_pura,0,True,1,0,3,False,PE,NORDESTE
2712008,261640,1,anestesiologia,225151,principal,imediata_pura,imediata_pura,1,True,1,3,0,False,PE,NORDESTE
2712032,260890,1,anestesiologia,225151,principal,nao_priorizada_pura,nao_priorizada_pura,0,True,1,0,3,False,PE,NORDESTE
2712040,260990,1,anestesiologia,225151,principal,nao_priorizada_pura,nao_priorizada_pura,0,True,1,0,3,False,PE,NORDESTE
2726971,221100,1,anestesiologia,225151,principal,imediata_pura,imediata_pura,1,True,1,3,0,True,PI,NORDESTE
2726998,221100,1,anestesiologia,225151,principal,imediata_pura,imediata_pura,1,True,1,3,0,True,PI,NORDESTE
2733676,410550,1,anestesiologia,225151,principal,nao_priorizada_pura,nao_priorizada_pura,0,True,1,0,3,False,PR,SUL
2735989,410550,1,anestesiologia,225151,principal,nao_priorizada_pura,nao_priorizada_pura,0,True,1,0,3,False,PR,SUL
2743469,411520,1,anestesiologia,225151,principal,nao_priorizada_pura,nao_priorizada_pura,0,True,1,0,1,True,PR,SUL
2743477,411520,1,anestesiologia,225151,principal,nao_priorizada_pura,nao_priorizada_pura,0,True,1,0,3,True,PR,SUL
2749149,355330,1,anestesiologia,225151,principal,nao_priorizada_pura,nao_priorizada_pura,0,True,1,0,1,False,SP,SUDESTE
2749319,355410,1,anestesiologia,225151,principal,nao_priorizada_pura,nao_priorizada_pura,0,True,1,0,1,False,SP,SUDESTE
2751011,352920,1,anestesiologia,225151,principal,nao_priorizada_pura,nao_priorizada_pura,0,True,1,0,3,False,SP,SUDESTE
2756951,500830,1,anestesiologia,225151,principal,imediata_pura,imediata_pura,1,True,1,3,0,False,MS,CENTRO-OESTE
2757710,251140,1,anestesiologia,225151,principal,nao_priorizada_pura,nao_priorizada_pura,0,True,1,0,3,False,PB,NORDESTE
2758164,420460,1,anestesiologia,225151,principal,nao_priorizada_pura,nao_priorizada_pura,0,True,1,0,3,True,SC,SUL
2760924,317040,1,anestesiologia,225151,principal,imediata_pura,imediata_pura,1,True,1,3,0,False,MG,SUDESTE
2760940,312670,1,anestesiologia,225151,principal,nao_priorizada_pura,nao_priorizada_pura,0,True,1,0,3,False,MG,SUDESTE
2761041,317070,1,anestesiologia,225151,principal,nao_priorizada_pura,nao_priorizada_pura,0,True,1,0,3,False,MG,SUDESTE
2761203,312160,1,anestesiologia,225151,principal,imediata_pura,imediata_pura,1,True,1,3,0,True,MG,SUDESTE
2765640,170930,1,anestesiologia,225151,principal,nao_priorizada_pura,nao_priorizada_pura,0,True,1,0,3,False,TO,NORTE
2765667,170550,1,anestesiologia,225151,principal,nao_priorizada_pura,nao_priorizada_pura,0,True,1,0,1,False,TO,NORTE
2772310,353870,1,anestesiologia,225151,principal,nao_priorizada_pura,nao_priorizada_pura,0,True,1,0,3,False,SP,SUDESTE
2776006,315150,1,anestesiologia,225151,principal,nao_priorizada_pura,nao_priorizada_pura,0,True,1,0,1,False,MG,SUDESTE
2777746,220840,1,anestesiologia,225151,principal,nao_priorizada_pura,nao_priorizada_pura,0,True,1,0,3,True,PI,NORDESTE
2777789,221130,1,anestesiologia,225151,principal,nao_priorizada_pura,nao_priorizada_pura,0,True,1,0,3,False,PI,NORDESTE
2781700,410050,1,anestesiologia,225151,principal,nao_priorizada_pura,nao_priorizada_pura,0,True,1,0,1,False,PR,SUL
2784602,352050,1,anestesiologia,225151,principal,nao_priorizada_pura,nao_priorizada_pura,0,True,1,0,3,True,SP,SUDESTE
2791676,350520,1,anestesiologia,225151,principal,imediata_pura,imediata_pura,1,True,1,1,0,False,SP,SUDESTE
2792451,170240,1,anestesiologia,225151,principal,nao_priorizada_pura,nao_priorizada_pura,0,True,1,0,3,False,TO,NORTE
2795299,316270,1,anestesiologia,225151,principal,nao_priorizada_pura,nao_priorizada_pura,0,True,1,0,1,False,MG,SUDESTE
2795655,510792,1,anestesiologia,225151,principal,imediata_pura,imediata_pura,1,True,1,3,0,True,MT,CENTRO-OESTE
2796112,316935,1,anestesiologia,225151,principal,nao_priorizada_pura,nao_priorizada_pura,0,True,1,0,3,False,MG,SUDESTE
2796562,316070,1,anestesiologia,225151,principal,nao_priorizada_pura,nao_priorizada_pura,0,True,1,0,3,False,MG,SUDESTE
2796619,316290,1,anestesiologia,225151,principal,nao_priorizada_pura,nao_priorizada_pura,0,True,1,0,3,False,MG,SUDESTE
2798662,330350,1,anestesiologia,225151,principal,nao_priorizada_pura,nao_priorizada_pura,0,True,1,0,3,False,RJ,SUDESTE
2800950,240260,1,anestesiologia,225151,principal,nao_priorizada_pura,nao_priorizada_pura,0,True,1,0,1,False,RN,NORDESTE
2801914,293050,1,anestesiologia,225151,principal,nao_priorizada_pura,nao_priorizada_pura,0,True,1,0,1,False,BA,NORDESTE
2802023,291920,1,anestesiologia,225151,principal,imediata_pura,imediata_pura,1,True,1,3,0,False,BA,NORDESTE
2802090,292530,1,anestesiologia,225151,principal,nao_priorizada_pura,nao_priorizada_pura,0,True,1,0,3,False,BA,NORDESTE
2802783,261160,1,anestesiologia,225151,principal,imediata_pura,imediata_pura,1,True,1,3,0,True,PE,NORDESTE
2804042,290630,1,anestesiologia,225151,principal,nao_priorizada_pura,nao_priorizada_pura,0,True,1,0,1,False,BA,NORDESTE
3021378,355100,1,anestesiologia,225151,principal,nao_priorizada_pura,nao_priorizada_pura,0,True,1,0,3,False,SP,SUDESTE
3151794,130260,1,anestesiologia,225151,principal,imediata_pura,imediata_pura,1,True,1,1,0,True,AM,NORTE
3210243,130340,1,anestesiologia,225151,principal,nao_priorizada_pura,nao_priorizada_pura,0,True,1,0,1,False,AM,NORTE
3285391,221100,1,anestesiologia,225151,principal,imediata_pura,imediata_pura,1,True,1,3,0,True,PI,NORDESTE
3654826,170210,1,anestesiologia,225151,principal,imediata_pura,imediata_pura,1,True,1,3,0,False,TO,NORTE
3663051,170210,1,anestesiologia,225151,principal,imediata_pura,imediata_pura,1,True,1,1,0,False,TO,NORTE
3819590,431130,1,anestesiologia,225151,principal,nao_priorizada_pura,nao_priorizada_pura,0,True,1,0,1,False,RS,SUL
3821978,290570,1,anestesiologia,225151,principal,nao_priorizada_pura,nao_priorizada_pura,0,True,1,0,3,True,BA,NORDESTE
3956369,292740,1,anestesiologia,225151,principal,imediata_pura,imediata_pura,1,True,1,3,0,False,BA,NORDESTE
3972925,290320,1,anestesiologia,225151,principal,imediata_pura,imediata_pura,1,True,1,3,0,False,BA,NORDESTE
3983730,261160,1,anestesiologia,225151,principal,imediata_pura,imediata_pura,1,True,1,3,0,True,PE,NORDESTE
4001303,110020,1,anestesiologia,225151,principal,imediata_pura,imediata_pura,1,True,1,3,0,True,RO,NORTE
4014111,241120,1,anestesiologia,225151,principal,nao_priorizada_pura,nao_priorizada_pura,0,True,1,0,3,False,RN,NORDESTE
4014138,241120,1,anestesiologia,225151,principal,nao_priorizada_pura,nao_priorizada_pura,0,True,1,0,1,False,RN,NORDESTE
4028155,291840,1,anestesiologia,225151,principal,imediata_pura,imediata_pura,1,True,1,3,0,False,BA,NORDESTE
4028759,292150,1,anestesiologia,225151,principal,nao_priorizada_pura,nao_priorizada_pura,0,True,1,0,3,False,BA,NORDESTE
4029607,292360,1,anestesiologia,225151,principal,nao_priorizada_pura,nao_priorizada_pura,0,True,1,0,3,False,BA,NORDESTE
4044916,320530,1,anestesiologia,225151,principal,nao_priorizada_pura,nao_priorizada_pura,0,True,1,0,1,False,ES,SUDESTE
4068823,500720,1,anestesiologia,225151,principal,imediata_pura,imediata_pura,1,True,1,1,0,False,MS,CENTRO-OESTE
4089189,330550,1,anestesiologia,225151,principal,nao_priorizada_pura,nao_priorizada_pura,0,True,1,0,3,True,RJ,SUDESTE
4394445,270030,1,anestesiologia,225151,principal,nao_priorizada_pura,nao_priorizada_pura,0,True,1,0,3,False,AL,NORDESTE
4412710,270430,1,anestesiologia,225151,principal,nao_priorizada_pura,nao_priorizada_pura,0,True,1,0,3,True,AL,NORDESTE
4446321,292740,1,anestesiologia,225151,principal,imediata_pura,imediata_pura,1,True,1,3,0,False,BA,NORDESTE
4607767,291955,1,anestesiologia,225151,principal,imediata_pura,imediata_pura,1,True,1,1,0,False,BA,NORDESTE
4736346,290070,1,anestesiologia,225151,principal,nao_priorizada_pura,nao_priorizada_pura,0,True,1,0,3,True,BA,NORDESTE
5018110,230580,1,anestesiologia,225151,principal,nao_priorizada_pura,nao_priorizada_pura,0,True,1,0,3,False,CE,NORDESTE
5061989,410830,1,anestesiologia,225151,principal,nao_priorizada_pura,nao_priorizada_pura,0,True,1,0,3,False,PR,SUL
5200105,351880,1,anestesiologia,225151,principal,nao_priorizada_pura,nao_priorizada_pura,0,True,1,0,3,False,SP,SUDESTE
5356067,260790,1,anestesiologia,225151,principal,imediata_pura,imediata_pura,1,True,1,3,0,False,PE,NORDESTE
5366828,350410,1,anestesiologia,225151,principal,nao_priorizada_pura,nao_priorizada_pura,0,True,1,0,1,False,SP,SUDESTE
5384117,432140,1,anestesiologia,225151,principal,nao_priorizada_pura,nao_priorizada_pura,0,True,1,0,1,False,RS,SUL
5412447,330240,1,anestesiologia,225151,principal,nao_priorizada_pura,nao_priorizada_pura,0,True,1,0,3,False,RJ,SUDESTE
5498465,150613,1,anestesiologia,225151,principal,imediata_pura,imediata_pura,1,True,1,2,0,False,PA,NORTE
5597501,150060,1,anestesiologia,225151,principal,imediata_pura,imediata_pura,1,True,1,3,0,False,PA,NORTE
5616298,270800,1,anestesiologia,225151,principal,nao_priorizada_pura,nao_priorizada_pura,0,True,1,0,3,True,AL,NORDESTE
5717256,330455,1,anestesiologia,225151,principal,nao_priorizada_pura,nao_priorizada_pura,0,True,1,0,3,False,RJ,SUDESTE
5749018,420840,1,anestesiologia,225151,principal,nao_priorizada_pura,nao_priorizada_pura,0,True,1,0,3,False,SC,SUL
5828856,221100,1,anestesiologia,225151,principal,imediata_pura,imediata_pura,1,True,1,3,0,True,PI,NORDESTE
5844843,311730,1,anestesiologia,225151,principal,imediata_pura,imediata_pura,1,True,1,3,0,False,MG,SUDESTE
5860490,352900,1,anestesiologia,225151,principal,nao_priorizada_pura,nao_priorizada_pura,0,True,1,0,3,False,SP,SUDESTE
5878640,330040,1,anestesiologia,225151,principal,nao_priorizada_pura,nao_priorizada_pura,0,True,1,0,3,True,RJ,SUDESTE
5903394,330070,1,anestesiologia,225151,principal,nao_priorizada_pura,nao_priorizada_pura,0,True,1,0,3,False,RJ,SUDESTE
6042414,261110,1,anestesiologia,225151,principal,imediata_pura,imediata_pura,1,True,1,1,0,False,PE,NORDESTE
6048692,420910,1,anestesiologia,225151,principal,nao_priorizada_pura,nao_priorizada_pura,0,True,1,0,3,False,SC,SUL
6069134,330452,1,anestesiologia,225151,principal,nao_priorizada_pura,nao_priorizada_pura,0,True,1,0,3,False,RJ,SUDESTE
6095666,350570,1,anestesiologia,225151,principal,nao_priorizada_pura,nao_priorizada_pura,0,True,1,0,3,False,SP,SUDESTE
6200702,330023,1,anestesiologia,225151,principal,nao_priorizada_pura,nao_priorizada_pura,0,True,1,0,3,False,RJ,SUDESTE
6426190,500330,1,anestesiologia,225151,principal,nao_priorizada_pura,nao_priorizada_pura,0,True,1,0,3,False,MS,CENTRO-OESTE
6431569,261070,1,anestesiologia,225151,principal,imediata_pura,imediata_pura,1,True,1,3,0,False,PE,NORDESTE
6559379,260290,1,anestesiologia,225151,principal,imediata_pura,imediata_pura,1,True,1,3,0,False,PE,NORDESTE
6599877,110004,1,anestesiologia,225151,principal,imediata_pura,imediata_pura,1,True,1,2,0,True,RO,NORTE
6683134,421720,1,anestesiologia,225151,principal,nao_priorizada_pura,nao_priorizada_pura,0,True,1,0,3,True,SC,SUL
6697054,311340,1,anestesiologia,225151,principal,nao_priorizada_pura,nao_priorizada_pura,0,True,1,0,1,False,MG,SUDESTE
6823351,320140,1,anestesiologia,225151,principal,nao_priorizada_pura,nao_priorizada_pura,0,True,1,0,3,False,ES,SUDESTE
6848710,231290,1,anestesiologia,225151,principal,nao_priorizada_pura,nao_priorizada_pura,0,True,1,0,3,False,CE,NORDESTE
6853781,510840,1,anestesiologia,225151,principal,imediata_pura,imediata_pura,1,True,1,2,0,False,MT,CENTRO-OESTE
6854729,420200,1,anestesiologia,225151,principal,nao_priorizada_pura,nao_priorizada_pura,0,True,1,0,3,False,SC,SUL
6908268,261160,1,anestesiologia,225151,principal,imediata_pura,imediata_pura,1,True,1,3,0,True,PE,NORDESTE
6922902,210120,1,anestesiologia,225151,principal,nao_priorizada_pura,nao_priorizada_pura,0,True,1,0,1,False,MA,NORDESTE
6995462,330455,1,anestesiologia,225151,principal,nao_priorizada_pura,nao_priorizada_pura,0,True,1,0,3,False,RJ,SUDESTE
7041624,330455,1,anestesiologia,225151,principal,nao_priorizada_pura,nao_priorizada_pura,0,True,1,0,3,False,RJ,SUDESTE
7042671,270730,1,anestesiologia,225151,principal,nao_priorizada_pura,nao_priorizada_pura,0,True,1,0,3,False,AL,NORDESTE
7068336,110020,1,anestesiologia,225151,principal,imediata_pura,imediata_pura,1,True,1,3,0,True,RO,NORTE
7082886,311940,1,anestesiologia,225151,principal,nao_priorizada_pura,nao_priorizada_pura,0,True,1,0,1,False,MG,SUDESTE
7105088,421620,1,anestesiologia,225151,principal,nao_priorizada_pura,nao_priorizada_pura,0,True,1,0,3,False,SC,SUL
7257406,320500,1,anestesiologia,225151,principal,nao_priorizada_pura,nao_priorizada_pura,0,True,1,0,3,False,ES,SUDESTE
7274351,420550,1,anestesiologia,225151,principal,nao_priorizada_pura,nao_priorizada_pura,0,True,1,0,3,False,SC,SUL
7286082,420420,1,anestesiologia,225151,principal,nao_priorizada_pura,nao_priorizada_pura,0,True,1,0,3,True,SC,SUL
7349270,510340,1,anestesiologia,225151,principal,imediata_pura,imediata_pura,1,True,1,3,0,True,MT,CENTRO-OESTE
7354746,330010,1,anestesiologia,225151,principal,nao_priorizada_pura,nao_priorizada_pura,0,True,1,0,3,False,RJ,SUDESTE
7366108,314330,1,anestesiologia,225151,principal,imediata_pura,imediata_pura,1,True,1,2,0,False,MG,SUDESTE
7373465,354870,1,anestesiologia,225151,principal,nao_priorizada_pura,nao_priorizada_pura,0,True,1,0,3,True,SP,SUDESTE
7557523,320240,1,anestesiologia,225151,principal,nao_priorizada_pura,nao_priorizada_pura,0,True,1,0,3,False,ES,SUDESTE
7621442,320530,1,anestesiologia,225151,principal,nao_priorizada_pura,nao_priorizada_pura,0,True,1,0,3,False,ES,SUDESTE
7666772,250890,1,anestesiologia,225151,principal,nao_priorizada_pura,nao_priorizada_pura,0,True,1,0,2,False,PB,NORDESTE
7753470,270930,1,anestesiologia,225151,principal,nao_priorizada_pura,nao_priorizada_pura,0,True,1,0,3,False,AL,NORDESTE
7958838,261160,1,anestesiologia,225151,principal,imediata_pura,imediata_pura,1,True,1,3,0,True,PE,NORDESTE
9031103,150172,1,anestesiologia,225151,principal,imediata_pura,imediata_pura,1,True,1,1,0,False,PA,NORTE
9141839,317010,1,anestesiologia,225151,principal,imediata_pura,imediata_pura,1,True,1,3,0,True,MG,SUDESTE
9209352,510340,1,anestesiologia,225151,principal,imediata_pura,imediata_pura,1,True,1,3,0,True,MT,CENTRO-OESTE
9461493,150130,1,anestesiologia,225151,principal,nao_priorizada_pura,nao_priorizada_pura,0,True,1,0,3,False,PA,NORTE
9491619,330150,1,anestesiologia,225151,principal,nao_priorizada_pura,nao_priorizada_pura,0,True,1,0,1,False,RJ,SUDESTE
9543856,420290,1,anestesiologia,225151,principal,nao_priorizada_pura,nao_priorizada_pura,0,True,1,0,3,False,SC,SUL
9681752,310350,1,anestesiologia,225151,principal,imediata_pura,imediata_pura,1,True,1,2,0,False,MG,SUDESTE
9923837,270430,1,anestesiologia,225151,principal,nao_priorizada_pura,nao_priorizada_pura,0,True,1,0,3,True,AL,NORDESTE
2010631,270630,2,cirurgia_geral_cbo_exclusivo,225225,sensibilidade,nao_priorizada_pura,nao_priorizada_pura,0,True,1,0,3,False,AL,NORDESTE
2012030,130260,2,cirurgia_geral_cbo_exclusivo,225225,sensibilidade,imediata_pura,imediata_pura,1,True,1,1,0,False,AM,NORTE
2012677,130260,2,cirurgia_geral_cbo_exclusivo,225225,sensibilidade,imediata_pura,imediata_pura,1,True,1,1,0,False,AM,NORTE
2012804,130423,2,cirurgia_geral_cbo_exclusivo,225225,sensibilidade,nao_priorizada_pura,nao_priorizada_pura,0,True,1,0,3,False,AM,NORTE
2013258,130250,2,cirurgia_geral_cbo_exclusivo,225225,sensibilidade,imediata_pura,imediata_pura,1,True,1,3,0,False,AM,NORTE
2013282,130014,2,cirurgia_geral_cbo_exclusivo,225225,sensibilidade,imediata_pura,imediata_pura,1,True,1,3,0,False,AM,NORTE
2013614,130180,2,cirurgia_geral_cbo_exclusivo,225225,sensibilidade,nao_priorizada_pura,nao_priorizada_pura,0,True,1,0,1,False,AM,NORTE
2014688,130270,2,cirurgia_geral_cbo_exclusivo,225225,sensibilidade,imediata_pura,imediata_pura,1,True,1,3,0,False,AM,NORTE
2015242,130040,2,cirurgia_geral_cbo_exclusivo,225225,sensibilidade,imediata_pura,imediata_pura,1,True,1,1,0,False,AM,NORTE
2016397,130140,2,cirurgia_geral_cbo_exclusivo,225225,sensibilidade,nao_priorizada_pura,nao_priorizada_pura,0,True,1,0,1,False,AM,NORTE
2016923,130190,2,cirurgia_geral_cbo_exclusivo,225225,sensibilidade,nao_priorizada_pura,nao_priorizada_pura,0,True,1,0,3,False,AM,NORTE
2017644,130260,2,cirurgia_geral_cbo_exclusivo,225225,sensibilidade,imediata_pura,imediata_pura,1,True,1,1,0,False,AM,NORTE
2017652,130110,2,cirurgia_geral_cbo_exclusivo,225225,sensibilidade,imediata_pura,imediata_pura,1,True,1,1,0,False,AM,NORTE
2017717,130160,2,cirurgia_geral_cbo_exclusivo,225225,sensibilidade,nao_priorizada_pura,nao_priorizada_pura,0,True,1,0,3,False,AM,NORTE
2018071,130260,2,cirurgia_geral_cbo_exclusivo,225225,sensibilidade,imediata_pura,imediata_pura,1,True,1,1,0,False,AM,NORTE
2018128,130390,2,cirurgia_geral_cbo_exclusivo,225225,sensibilidade,nao_priorizada_pura,nao_priorizada_pura,0,True,1,0,1,False,AM,NORTE
2018136,130120,2,cirurgia_geral_cbo_exclusivo,225225,sensibilidade,imediata_pura,imediata_pura,1,True,1,3,0,False,AM,NORTE
2019604,130330,2,cirurgia_geral_cbo_exclusivo,225225,sensibilidade,imediata_pura,imediata_pura,1,True,1,1,0,False,AM,NORTE
2023474,352470,2,cirurgia_geral_cbo_exclusivo,225225,sensibilidade,nao_priorizada_pura,nao_priorizada_pura,0,True,1,0,1,False,SP,SUDESTE
2040573,352050,2,cirurgia_geral_cbo_exclusivo,225225,sensibilidade,nao_priorizada_pura,nao_priorizada_pura,0,True,1,0,3,False,SP,SUDESTE
2058308,353340,2,cirurgia_geral_cbo_exclusivo,225225,sensibilidade,nao_priorizada_pura,nao_priorizada_pura,0,True,1,0,1,False,SP,SUDESTE
2078139,354150,2,cirurgia_geral_cbo_exclusivo,225225,sensibilidade,nao_priorizada_pura,nao_priorizada_pura,0,True,1,0,3,False,SP,SUDESTE
2078155,351880,2,cirurgia_geral_cbo_exclusivo,225225,sensibilidade,nao_priorizada_pura,nao_priorizada_pura,0,True,1,0,3,False,SP,SUDESTE
2078414,351740,2,cirurgia_geral_cbo_exclusivo,225225,sensibilidade,imediata_pura,imediata_pura,1,True,1,1,0,False,SP,SUDESTE
2079437,352880,2,cirurgia_geral_cbo_exclusivo,225225,sensibilidade,nao_priorizada_pura,nao_priorizada_pura,0,True,1,0,2,False,SP,SUDESTE
2079836,352270,2,cirurgia_geral_cbo_exclusivo,225225,sensibilidade,nao_priorizada_pura,nao_priorizada_pura,0,True,1,0,3,False,SP,SUDESTE
2079976,352640,2,cirurgia_geral_cbo_exclusivo,225225,sensibilidade,nao_priorizada_pura,nao_priorizada_pura,0,True,1,0,1,False,SP,SUDESTE
2080478,353700,2,cirurgia_geral_cbo_exclusivo,225225,sensibilidade,nao_priorizada_pura,nao_priorizada_pura,0,True,1,0,3,False,SP,SUDESTE
2080842,351000,2,cirurgia_geral_cbo_exclusivo,225225,sensibilidade,nao_priorizada_pura,nao_priorizada_pura,0,True,1,0,3,False,SP,SUDESTE
2082098,350270,2,cirurgia_geral_cbo_exclusivo,225225,sensibilidade,nao_priorizada_pura,nao_priorizada_pura,0,True,1,0,1,False,SP,SUDESTE
2082306,351080,2,cirurgia_geral_cbo_exclusivo,225225,sensibilidade,nao_priorizada_pura,nao_priorizada_pura,0,True,1,0,3,False,SP,SUDESTE
2082349,352940,2,cirurgia_geral_cbo_exclusivo,225225,sensibilidade,nao_priorizada_pura,nao_priorizada_pura,0,True,1,0,2,False,SP,SUDESTE
2082519,353550,2,cirurgia_geral_cbo_exclusivo,225225,sensibilidade,nao_priorizada_pura,nao_priorizada_pura,0,True,1,0,1,False,SP,SUDESTE
2082527,350320,2,cirurgia_geral_cbo_exclusivo,225225,sensibilidade,nao_priorizada_pura,nao_priorizada_pura,0,True,1,0,1,False,SP,SUDESTE
2082586,353460,2,cirurgia_geral_cbo_exclusivo,225225,sensibilidade,nao_priorizada_pura,nao_priorizada_pura,0,True,1,0,2,False,SP,SUDESTE
2082632,350530,2,cirurgia_geral_cbo_exclusivo,225225,sensibilidade,nao_priorizada_pura,nao_priorizada_pura,0,True,1,0,1,False,SP,SUDESTE
2082691,350210,2,cirurgia_geral_cbo_exclusivo,225225,sensibilidade,nao_priorizada_pura,nao_priorizada_pura,0,True,1,0,1,False,SP,SUDESTE
2082861,351880,2,cirurgia_geral_cbo_exclusivo,225225,sensibilidade,nao_priorizada_pura,nao_priorizada_pura,0,True,1,0,3,False,SP,SUDESTE
2083272,350635,2,cirurgia_geral_cbo_exclusivo,225225,sensibilidade,nao_priorizada_pura,nao_priorizada_pura,0,True,1,0,1,False,SP,SUDESTE
2084171,355170,2,cirurgia_geral_cbo_exclusivo,225225,sensibilidade,nao_priorizada_pura,nao_priorizada_pura,0,True,1,0,3,False,SP,SUDESTE
2084422,355040,2,cirurgia_geral_cbo_exclusivo,225225,sensibilidade,nao_priorizada_pura,nao_priorizada_pura,0,True,1,0,3,False,SP,SUDESTE
2087103,352690,2,cirurgia_geral_cbo_exclusivo,225225,sensibilidade,nao_priorizada_pura,nao_priorizada_pura,0,True,1,0,1,False,SP,SUDESTE
2087715,351907,2,cirurgia_geral_cbo_exclusivo,225225,sensibilidade,nao_priorizada_pura,nao_priorizada_pura,0,True,1,0,3,False,SP,SUDESTE
2088525,352970,2,cirurgia_geral_cbo_exclusivo,225225,sensibilidade,nao_priorizada_pura,nao_priorizada_pura,0,True,1,0,1,False,SP,SUDESTE
2098369,316800,2,cirurgia_geral_cbo_exclusivo,225225,sensibilidade,nao_priorizada_pura,nao_priorizada_pura,0,True,1,0,2,False,MG,SUDESTE
2098407,311320,2,cirurgia_geral_cbo_exclusivo,225225,sensibilidade,nao_priorizada_pura,nao_priorizada_pura,0,True,1,0,1,False,MG,SUDESTE
2098539,312710,2,cirurgia_geral_cbo_exclusivo,225225,sensibilidade,nao_priorizada_pura,nao_priorizada_pura,0,True,1,0,3,False,MG,SUDESTE
2100681,316210,2,cirurgia_geral_cbo_exclusivo,225225,sensibilidade,nao_priorizada_pura,nao_priorizada_pura,0,True,1,0,1,False,MG,SUDESTE
2103257,314860,2,cirurgia_geral_cbo_exclusivo,225225,sensibilidade,nao_priorizada_pura,nao_priorizada_pura,0,True,1,0,3,False,MG,SUDESTE
2105365,312430,2,cirurgia_geral_cbo_exclusivo,225225,sensibilidade,nao_priorizada_pura,nao_priorizada_pura,0,True,1,0,3,False,MG,SUDESTE
2111624,313670,2,cirurgia_geral_cbo_exclusivo,225225,sensibilidade,nao_priorizada_pura,nao_priorizada_pura,0,True,1,0,3,False,MG,SUDESTE
2118513,311340,2,cirurgia_geral_cbo_exclusivo,225225,sensibilidade,nao_priorizada_pura,nao_priorizada_pura,0,True,1,0,1,False,MG,SUDESTE
2119404,314290,2,cirurgia_geral_cbo_exclusivo,225225,sensibilidade,nao_priorizada_pura,nao_priorizada_pura,0,True,1,0,1,False,MG,SUDESTE
2119420,310860,2,cirurgia_geral_cbo_exclusivo,225225,sensibilidade,nao_priorizada_pura,nao_priorizada_pura,0,True,1,0,3,False,MG,SUDESTE
2119447,316240,2,cirurgia_geral_cbo_exclusivo,225225,sensibilidade,nao_priorizada_pura,nao_priorizada_pura,0,True,1,0,1,False,MG,SUDESTE
2119463,315560,2,cirurgia_geral_cbo_exclusivo,225225,sensibilidade,nao_priorizada_pura,nao_priorizada_pura,0,True,1,0,3,False,MG,SUDESTE
2119501,317052,2,cirurgia_geral_cbo_exclusivo,225225,sensibilidade,nao_priorizada_pura,nao_priorizada_pura,0,True,1,0,3,False,MG,SUDESTE
2120542,313760,2,cirurgia_geral_cbo_exclusivo,225225,sensibilidade,nao_priorizada_pura,nao_priorizada_pura,0,True,1,0,1,False,MG,SUDESTE
2122650,313840,2,cirurgia_geral_cbo_exclusivo,225225,sensibilidade,nao_priorizada_pura,nao_priorizada_pura,0,True,1,0,3,False,MG,SUDESTE
2127911,314600,2,cirurgia_geral_cbo_exclusivo,225225,sensibilidade,nao_priorizada_pura,nao_priorizada_pura,0,True,1,0,1,False,MG,SUDESTE
2134276,310340,2,cirurgia_geral_cbo_exclusivo,225225,sensibilidade,nao_priorizada_pura,nao_priorizada_pura,0,True,1,0,2,False,MG,SUDESTE
2139030,314140,2,cirurgia_geral_cbo_exclusivo,225225,sensibilidade,nao_priorizada_pura,nao_priorizada_pura,0,True,1,0,1,False,MG,SUDESTE
2139626,315420,2,cirurgia_geral_cbo_exclusivo,225225,sensibilidade,nao_priorizada_pura,nao_priorizada_pura,0,True,1,0,1,False,MG,SUDESTE
2140217,316870,2,cirurgia_geral_cbo_exclusivo,225225,sensibilidade,nao_priorizada_pura,nao_priorizada_pura,0,True,1,0,1,False,MG,SUDESTE
2149419,315580,2,cirurgia_geral_cbo_exclusivo,225225,sensibilidade,nao_priorizada_pura,nao_priorizada_pura,0,True,1,0,1,False,MG,SUDESTE
2164620,310400,2,cirurgia_geral_cbo_exclusivo,225225,sensibilidade,nao_priorizada_pura,nao_priorizada_pura,0,True,1,0,3,False,MG,SUDESTE
2179172,311300,2,cirurgia_geral_cbo_exclusivo,225225,sensibilidade,nao_priorizada_pura,nao_priorizada_pura,0,True,1,0,3,False,MG,SUDESTE
2180766,310400,2,cirurgia_geral_cbo_exclusivo,225225,sensibilidade,nao_priorizada_pura,nao_priorizada_pura,0,True,1,0,3,False,MG,SUDESTE
2183803,310090,2,cirurgia_geral_cbo_exclusivo,225225,sensibilidade,nao_priorizada_pura,nao_priorizada_pura,0,True,1,0,3,False,MG,SUDESTE
2200473,311860,2,cirurgia_geral_cbo_exclusivo,225225,sensibilidade,nao_priorizada_pura,nao_priorizada_pura,0,True,1,0,3,False,MG,SUDESTE
2201542,313440,2,cirurgia_geral_cbo_exclusivo,225225,sensibilidade,nao_priorizada_pura,nao_priorizada_pura,0,True,1,0,1,False,MG,SUDESTE
2205971,315220,2,cirurgia_geral_cbo_exclusivo,225225,sensibilidade,nao_priorizada_pura,nao_priorizada_pura,0,True,1,0,1,False,MG,SUDESTE
2206064,314710,2,cirurgia_geral_cbo_exclusivo,225225,sensibilidade,nao_priorizada_pura,nao_priorizada_pura,0,True,1,0,3,False,MG,SUDESTE
2208083,314630,2,cirurgia_geral_cbo_exclusivo,225225,sensibilidade,nao_priorizada_pura,nao_priorizada_pura,0,True,1,0,1,False,MG,SUDESTE
2211262,314430,2,cirurgia_geral_cbo_exclusivo,225225,sensibilidade,nao_priorizada_pura,nao_priorizada_pura,0,True,1,0,3,False,MG,SUDESTE
2215586,313170,2,cirurgia_geral_cbo_exclusivo,225225,sensibilidade,nao_priorizada_pura,nao_priorizada_pura,0,True,1,0,3,False,MG,SUDESTE
2218690,313170,2,cirurgia_geral_cbo_exclusivo,225225,sensibilidade,nao_priorizada_pura,nao_priorizada_pura,0,True,1,0,3,False,MG,SUDESTE
2218798,313670,2,cirurgia_geral_cbo_exclusivo,225225,sensibilidade,nao_priorizada_pura,nao_priorizada_pura,0,True,1,0,3,False,MG,SUDESTE
2221772,313670,2,cirurgia_geral_cbo_exclusivo,225225,sensibilidade,nao_priorizada_pura,nao_priorizada_pura,0,True,1,0,1,False,MG,SUDESTE
2228610,432020,2,cirurgia_geral_cbo_exclusivo,225225,sensibilidade,nao_priorizada_pura,nao_priorizada_pura,0,True,1,0,2,False,RS,SUL
2232073,430390,2,cirurgia_geral_cbo_exclusivo,225225,sensibilidade,nao_priorizada_pura,nao_priorizada_pura,0,True,1,0,1,False,RS,SUL
2232146,431340,2,cirurgia_geral_cbo_exclusivo,225225,sensibilidade,nao_priorizada_pura,nao_priorizada_pura,0,True,1,0,3,False,RS,SUL
2232162,432000,2,cirurgia_geral_cbo_exclusivo,225225,sensibilidade,nao_priorizada_pura,nao_priorizada_pura,0,True,1,0,3,False,RS,SUL
2236362,430420,2,cirurgia_geral_cbo_exclusivo,225225,sensibilidade,nao_priorizada_pura,nao_priorizada_pura,0,True,1,0,3,False,RS,SUL
2252694,431440,2,cirurgia_geral_cbo_exclusivo,225225,sensibilidade,nao_priorizada_pura,nao_priorizada_pura,0,True,1,0,3,False,RS,SUL
2253046,431440,2,cirurgia_geral_cbo_exclusivo,225225,sensibilidade,nao_priorizada_pura,nao_priorizada_pura,0,True,1,0,3,False,RS,SUL
2253054,431440,2,cirurgia_geral_cbo_exclusivo,225225,sensibilidade,nao_priorizada_pura,nao_priorizada_pura,0,True,1,0,3,False,RS,SUL
2254611,431720,2,cirurgia_geral_cbo_exclusivo,225225,sensibilidade,nao_priorizada_pura,nao_priorizada_pura,0,True,1,0,3,False,RS,SUL
2260050,432040,2,cirurgia_geral_cbo_exclusivo,225225,sensibilidade,nao_priorizada_pura,nao_priorizada_pura,0,True,1,0,1,False,RS,SUL
2260069,430900,2,cirurgia_geral_cbo_exclusivo,225225,sensibilidade,nao_priorizada_pura,nao_priorizada_pura,0,True,1,0,1,False,RS,SUL
2267209,330415,2,cirurgia_geral_cbo_exclusivo,225225,sensibilidade,nao_priorizada_pura,nao_priorizada_pura,0,True,1,0,3,False,RJ,SUDESTE
2267454,330015,2,cirurgia_geral_cbo_exclusivo,225225,sensibilidade,nao_priorizada_pura,nao_priorizada_pura,0,True,1,0,3,False,RJ,SUDESTE
2269384,330455,2,cirurgia_geral_cbo_exclusivo,225225,sensibilidade,nao_priorizada_pura,nao_priorizada_pura,0,True,1,0,3,False,RJ,SUDESTE
2269392,330455,2,cirurgia_geral_cbo_exclusivo,225225,sensibilidade,nao_priorizada_pura,nao_priorizada_pura,0,True,1,0,3,False,RJ,SUDESTE
2269481,330455,2,cirurgia_geral_cbo_exclusivo,225225,sensibilidade,nao_priorizada_pura,nao_priorizada_pura,0,True,1,0,3,False,RJ,SUDESTE
2269783,330455,2,cirurgia_geral_cbo_exclusivo,225225,sensibilidade,nao_priorizada_pura,nao_priorizada_pura,0,True,1,0,3,False,RJ,SUDESTE
2270269,330455,2,cirurgia_geral_cbo_exclusivo,225225,sensibilidade,nao_priorizada_pura,nao_priorizada_pura,0,True,1,0,3,False,RJ,SUDESTE
2270609,330455,2,cirurgia_geral_cbo_exclusivo,225225,sensibilidade,nao_priorizada_pura,nao_priorizada_pura,0,True,1,0,3,False,RJ,SUDESTE
2272784,330340,2,cirurgia_geral_cbo_exclusivo,225225,sensibilidade,nao_priorizada_pura,nao_priorizada_pura,0,True,1,0,3,False,RJ,SUDESTE
2273748,330620,2,cirurgia_geral_cbo_exclusivo,225225,sensibilidade,nao_priorizada_pura,nao_priorizada_pura,0,True,1,0,3,False,RJ,SUDESTE
2275562,330390,2,cirurgia_geral_cbo_exclusivo,225225,sensibilidade,nao_priorizada_pura,nao_priorizada_pura,0,True,1,0,3,False,RJ,SUDESTE
2277174,330180,2,cirurgia_geral_cbo_exclusivo,225225,sensibilidade,nao_priorizada_pura,nao_priorizada_pura,0,True,1,0,1,False,RJ,SUDESTE
2278286,330070,2,cirurgia_geral_cbo_exclusivo,225225,sensibilidade,nao_priorizada_pura,nao_priorizada_pura,0,True,1,0,3,False,RJ,SUDESTE
2278332,330250,2,cirurgia_geral_cbo_exclusivo,225225,sensibilidade,nao_priorizada_pura,nao_priorizada_pura,0,True,1,0,1,False,RJ,SUDESTE
2280051,330040,2,cirurgia_geral_cbo_exclusivo,225225,sensibilidade,nao_priorizada_pura,nao_priorizada_pura,0,True,1,0,3,False,RJ,SUDESTE
2280183,330455,2,cirurgia_geral_cbo_exclusivo,225225,sensibilidade,nao_priorizada_pura,nao_priorizada_pura,0,True,1,0,3,False,RJ,SUDESTE
2280396,330130,2,cirurgia_geral_cbo_exclusivo,225225,sensibilidade,nao_priorizada_pura,nao_priorizada_pura,0,True,1,0,3,False,RJ,SUDESTE
2281384,330010,2,cirurgia_geral_cbo_exclusivo,225225,sensibilidade,nao_priorizada_pura,nao_priorizada_pura,0,True,1,0,3,False,RJ,SUDESTE
2283239,330290,2,cirurgia_geral_cbo_exclusivo,225225,sensibilidade,nao_priorizada_pura,nao_priorizada_pura,0,True,1,0,3,False,RJ,SUDESTE
2283395,330070,2,cirurgia_geral_cbo_exclusivo,225225,sensibilidade,nao_priorizada_pura,nao_priorizada_pura,0,True,1,0,3,False,RJ,SUDESTE
2283794,330090,2,cirurgia_geral_cbo_exclusivo,225225,sensibilidade,nao_priorizada_pura,nao_priorizada_pura,0,True,1,0,3,False,RJ,SUDESTE
2285932,330300,2,cirurgia_geral_cbo_exclusivo,225225,sensibilidade,nao_priorizada_pura,nao_priorizada_pura,0,True,1,0,3,False,RJ,SUDESTE
2287250,330100,2,cirurgia_geral_cbo_exclusivo,225225,sensibilidade,nao_priorizada_pura,nao_priorizada_pura,0,True,1,0,3,False,RJ,SUDESTE
2287382,330100,2,cirurgia_geral_cbo_exclusivo,225225,sensibilidade,nao_priorizada_pura,nao_priorizada_pura,0,True,1,0,3,False,RJ,SUDESTE
2287447,330100,2,cirurgia_geral_cbo_exclusivo,225225,sensibilidade,nao_priorizada_pura,nao_priorizada_pura,0,True,1,0,3,False,RJ,SUDESTE
2287579,330100,2,cirurgia_geral_cbo_exclusivo,225225,sensibilidade,nao_priorizada_pura,nao_priorizada_pura,0,True,1,0,3,False,RJ,SUDESTE
2287919,330030,2,cirurgia_geral_cbo_exclusivo,225225,sensibilidade,nao_priorizada_pura,nao_priorizada_pura,0,True,1,0,1,False,RJ,SUDESTE
2288109,330260,2,cirurgia_geral_cbo_exclusivo,225225,sensibilidade,nao_priorizada_pura,nao_priorizada_pura,0,True,1,0,3,False,RJ,SUDESTE
2288893,330420,2,cirurgia_geral_cbo_exclusivo,225225,sensibilidade,nao_priorizada_pura,nao_priorizada_pura,0,True,1,0,3,False,RJ,SUDESTE
2290227,330170,2,cirurgia_geral_cbo_exclusivo,225225,sensibilidade,nao_priorizada_pura,nao_priorizada_pura,0,True,1,0,3,False,RJ,SUDESTE
2291266,330455,2,cirurgia_geral_cbo_exclusivo,225225,sensibilidade,nao_priorizada_pura,nao_priorizada_pura,0,True,1,0,3,False,RJ,SUDESTE
2292270,330515,2,cirurgia_geral_cbo_exclusivo,225225,sensibilidade,nao_priorizada_pura,nao_priorizada_pura,0,True,1,0,3,False,RJ,SUDESTE
2295407,330455,2,cirurgia_geral_cbo_exclusivo,225225,sensibilidade,nao_priorizada_pura,nao_priorizada_pura,0,True,1,0,3,False,RJ,SUDESTE
2295423,330455,2,cirurgia_geral_cbo_exclusivo,225225,sensibilidade,nao_priorizada_pura,nao_priorizada_pura,0,True,1,0,3,False,RJ,SUDESTE
2296306,330455,2,cirurgia_geral_cbo_exclusivo,225225,sensibilidade,nao_priorizada_pura,nao_priorizada_pura,0,True,1,0,3,False,RJ,SUDESTE
2298120,330455,2,cirurgia_geral_cbo_exclusivo,225225,sensibilidade,nao_priorizada_pura,nao_priorizada_pura,0,True,1,0,3,False,RJ,SUDESTE
2298317,330100,2,cirurgia_geral_cbo_exclusivo,225225,sensibilidade,nao_priorizada_pura,nao_priorizada_pura,0,True,1,0,3,False,RJ,SUDESTE
2300486,421175,2,cirurgia_geral_cbo_exclusivo,225225,sensibilidade,nao_priorizada_pura,nao_priorizada_pura,0,True,1,0,3,False,SC,SUL
2300516,421650,2,cirurgia_geral_cbo_exclusivo,225225,sensibilidade,nao_priorizada_pura,nao_priorizada_pura,0,True,1,0,3,False,SC,SUL
2303167,420830,2,cirurgia_geral_cbo_exclusivo,225225,sensibilidade,nao_priorizada_pura,nao_priorizada_pura,0,True,1,0,1,False,SC,SUL
2305097,421880,2,cirurgia_geral_cbo_exclusivo,225225,sensibilidade,nao_priorizada_pura,nao_priorizada_pura,0,True,1,0,3,False,SC,SUL
2305534,421080,2,cirurgia_geral_cbo_exclusivo,225225,sensibilidade,nao_priorizada_pura,nao_priorizada_pura,0,True,1,0,3,False,SC,SUL
2307154,210900,2,cirurgia_geral_cbo_exclusivo,225225,sensibilidade,nao_priorizada_pura,nao_priorizada_pura,0,True,1,0,3,False,MA,NORDESTE
2315343,261000,2,cirurgia_geral_cbo_exclusivo,225225,sensibilidade,nao_priorizada_pura,nao_priorizada_pura,0,True,1,0,3,False,PE,NORDESTE
2317397,150330,2,cirurgia_geral_cbo_exclusivo,225225,sensibilidade,imediata_pura,imediata_pura,1,True,1,3,0,False,PA,NORTE
2323559,220790,2,cirurgia_geral_cbo_exclusivo,225225,sensibilidade,nao_priorizada_pura,nao_priorizada_pura,0,True,1,0,1,False,PI,NORDESTE
2323583,220370,2,cirurgia_geral_cbo_exclusivo,225225,sensibilidade,nao_priorizada_pura,nao_priorizada_pura,0,True,1,0,3,False,PI,NORDESTE
2323915,220120,2,cirurgia_geral_cbo_exclusivo,225225,sensibilidade,nao_priorizada_pura,nao_priorizada_pura,0,True,1,0,1,False,PI,NORDESTE
2324288,220580,2,cirurgia_geral_cbo_exclusivo,225225,sensibilidade,nao_priorizada_pura,nao_priorizada_pura,0,True,1,0,3,False,PI,NORDESTE
2328046,231330,2,cirurgia_geral_cbo_exclusivo,225225,sensibilidade,nao_priorizada_pura,nao_priorizada_pura,0,True,1,0,3,False,CE,NORDESTE
2328380,231140,2,cirurgia_geral_cbo_exclusivo,225225,sensibilidade,nao_priorizada_pura,nao_priorizada_pura,0,True,1,0,3,False,CE,NORDESTE
2331098,150360,2,cirurgia_geral_cbo_exclusivo,225225,sensibilidade,imediata_pura,imediata_pura,1,True,1,1,0,False,PA,NORTE
2356287,261220,2,cirurgia_geral_cbo_exclusivo,225225,sensibilidade,nao_priorizada_pura,nao_priorizada_pura,0,True,1,0,3,False,PE,NORDESTE
2364891,220680,2,cirurgia_geral_cbo_exclusivo,225225,sensibilidade,nao_priorizada_pura,nao_priorizada_pura,0,True,1,0,1,False,PI,NORDESTE
2365154,220770,2,cirurgia_geral_cbo_exclusivo,225225,sensibilidade,nao_priorizada_pura,nao_priorizada_pura,0,True,1,0,3,False,PI,NORDESTE
2370344,172120,2,cirurgia_geral_cbo_exclusivo,225225,sensibilidade,nao_priorizada_pura,nao_priorizada_pura,0,True,1,0,1,False,TO,NORTE
2370492,172080,2,cirurgia_geral_cbo_exclusivo,225225,sensibilidade,nao_priorizada_pura,nao_priorizada_pura,0,True,1,0,1,False,TO,NORTE
2371243,500620,2,cirurgia_geral_cbo_exclusivo,225225,sensibilidade,nao_priorizada_pura,nao_priorizada_pura,0,True,1,0,1,False,MS,CENTRO-OESTE
2374749,240830,2,cirurgia_geral_cbo_exclusivo,225225,sensibilidade,nao_priorizada_pura,nao_priorizada_pura,0,True,1,0,1,False,RN,NORDESTE
2375109,240980,2,cirurgia_geral_cbo_exclusivo,225225,sensibilidade,nao_priorizada_pura,nao_priorizada_pura,0,True,1,0,2,False,RN,NORDESTE
2376474,500220,2,cirurgia_geral_cbo_exclusivo,225225,sensibilidade,nao_priorizada_pura,nao_priorizada_pura,0,True,1,0,1,False,MS,CENTRO-OESTE
2377330,421400,2,cirurgia_geral_cbo_exclusivo,225225,sensibilidade,nao_priorizada_pura,nao_priorizada_pura,0,True,1,0,3,False,SC,SUL
2377829,420850,2,cirurgia_geral_cbo_exclusivo,225225,sensibilidade,nao_priorizada_pura,nao_priorizada_pura,0,True,1,0,3,False,SC,SUL
2378108,421100,2,cirurgia_geral_cbo_exclusivo,225225,sensibilidade,nao_priorizada_pura,nao_priorizada_pura,0,True,1,0,3,False,SC,SUL
2378116,420640,2,cirurgia_geral_cbo_exclusivo,225225,sensibilidade,nao_priorizada_pura,nao_priorizada_pura,0,True,1,0,3,False,SC,SUL
2378140,421875,2,cirurgia_geral_cbo_exclusivo,225225,sensibilidade,nao_priorizada_pura,nao_priorizada_pura,0,True,1,0,3,False,SC,SUL
2378167,421625,2,cirurgia_geral_cbo_exclusivo,225225,sensibilidade,nao_priorizada_pura,nao_priorizada_pura,0,True,1,0,3,False,SC,SUL
2378183,420765,2,cirurgia_geral_cbo_exclusivo,225225,sensibilidade,nao_priorizada_pura,nao_priorizada_pura,0,True,1,0,3,False,SC,SUL
2378809,421670,2,cirurgia_geral_cbo_exclusivo,225225,sensibilidade,nao_priorizada_pura,nao_priorizada_pura,0,True,1,0,3,False,SC,SUL
2378876,420490,2,cirurgia_geral_cbo_exclusivo,225225,sensibilidade,nao_priorizada_pura,nao_priorizada_pura,0,True,1,0,3,False,SC,SUL
2379333,421010,2,cirurgia_geral_cbo_exclusivo,225225,sensibilidade,nao_priorizada_pura,nao_priorizada_pura,0,True,1,0,3,False,SC,SUL
2379767,420360,2,cirurgia_geral_cbo_exclusivo,225225,sensibilidade,nao_priorizada_pura,nao_priorizada_pura,0,True,1,0,3,False,SC,SUL
2380331,420390,2,cirurgia_geral_cbo_exclusivo,225225,sensibilidade,nao_priorizada_pura,nao_priorizada_pura,0,True,1,0,3,False,SC,SUL
2381303,240060,2,cirurgia_geral_cbo_exclusivo,225225,sensibilidade,imediata_pura,imediata_pura,1,True,1,1,0,False,RN,NORDESTE
2402874,320010,2,cirurgia_geral_cbo_exclusivo,225225,sensibilidade,nao_priorizada_pura,nao_priorizada_pura,0,True,1,0,1,False,ES,SUDESTE
2407574,240050,2,cirurgia_geral_cbo_exclusivo,225225,sensibilidade,imediata_pura,imediata_pura,1,True,1,1,0,False,RN,NORDESTE
2410834,420010,2,cirurgia_geral_cbo_exclusivo,225225,sensibilidade,nao_priorizada_pura,nao_priorizada_pura,0,True,1,0,3,False,SC,SUL
2411245,421910,2,cirurgia_geral_cbo_exclusivo,225225,sensibilidade,nao_priorizada_pura,nao_priorizada_pura,0,True,1,0,1,False,SC,SUL
2411393,421950,2,cirurgia_geral_cbo_exclusivo,225225,sensibilidade,nao_priorizada_pura,nao_priorizada_pura,0,True,1,0,3,False,SC,SUL
2411415,421970,2,cirurgia_geral_cbo_exclusivo,225225,sensibilidade,nao_priorizada_pura,nao_priorizada_pura,0,True,1,0,3,False,SC,SUL
2412381,291120,2,cirurgia_geral_cbo_exclusivo,225225,sensibilidade,nao_priorizada_pura,nao_priorizada_pura,0,True,1,0,3,False,BA,NORDESTE
2413469,291350,2,cirurgia_geral_cbo_exclusivo,225225,sensibilidade,nao_priorizada_pura,nao_priorizada_pura,0,True,1,0,3,False,BA,NORDESTE
2414864,230860,2,cirurgia_geral_cbo_exclusivo,225225,sensibilidade,nao_priorizada_pura,nao_priorizada_pura,0,True,1,0,3,False,CE,NORDESTE
2417456,291680,2,cirurgia_geral_cbo_exclusivo,225225,sensibilidade,nao_priorizada_pura,nao_priorizada_pura,0,True,1,0,3,False,BA,NORDESTE
2418304,420090,2,cirurgia_geral_cbo_exclusivo,225225,sensibilidade,nao_priorizada_pura,nao_priorizada_pura,0,True,1,0,3,False,SC,SUL
2418967,421630,2,cirurgia_geral_cbo_exclusivo,225225,sensibilidade,nao_priorizada_pura,nao_priorizada_pura,0,True,1,0,3,False,SC,SUL
2420015,420700,2,cirurgia_geral_cbo_exclusivo,225225,sensibilidade,nao_priorizada_pura,nao_priorizada_pura,0,True,1,0,3,False,SC,SUL
2423936,291700,2,cirurgia_geral_cbo_exclusivo,225225,sensibilidade,nao_priorizada_pura,nao_priorizada_pura,0,True,1,0,3,False,BA,NORDESTE
2426579,231290,2,cirurgia_geral_cbo_exclusivo,225225,sensibilidade,nao_priorizada_pura,nao_priorizada_pura,0,True,1,0,3,False,CE,NORDESTE
2428385,260010,2,cirurgia_geral_cbo_exclusivo,225225,sensibilidade,nao_priorizada_pura,nao_priorizada_pura,0,True,1,0,3,False,PE,NORDESTE
2428393,261000,2,cirurgia_geral_cbo_exclusivo,225225,sensibilidade,nao_priorizada_pura,nao_priorizada_pura,0,True,1,0,3,False,PE,NORDESTE
2436450,420910,2,cirurgia_geral_cbo_exclusivo,225225,sensibilidade,nao_priorizada_pura,nao_priorizada_pura,0,True,1,0,3,False,SC,SUL
2447886,320020,2,cirurgia_geral_cbo_exclusivo,225225,sensibilidade,nao_priorizada_pura,nao_priorizada_pura,0,True,1,0,1,False,ES,SUDESTE
2451565,211060,2,cirurgia_geral_cbo_exclusivo,225225,sensibilidade,nao_priorizada_pura,nao_priorizada_pura,0,True,1,0,3,False,MA,NORDESTE
2456672,210530,2,cirurgia_geral_cbo_exclusivo,225225,sensibilidade,nao_priorizada_pura,nao_priorizada_pura,0,True,1,0,3,False,MA,NORDESTE
2457121,210467,2,cirurgia_geral_cbo_exclusivo,225225,sensibilidade,nao_priorizada_pura,nao_priorizada_pura,0,True,1,0,3,False,MA,NORDESTE
2462095,210500,2,cirurgia_geral_cbo_exclusivo,225225,sensibilidade,nao_priorizada_pura,nao_priorizada_pura,0,True,1,0,1,False,MA,NORDESTE
2468972,170255,2,cirurgia_geral_cbo_exclusivo,225225,sensibilidade,nao_priorizada_pura,nao_priorizada_pura,0,True,1,0,1,False,TO,NORTE
2479028,230240,2,cirurgia_geral_cbo_exclusivo,225225,sensibilidade,nao_priorizada_pura,nao_priorizada_pura,0,True,1,0,3,False,CE,NORDESTE
2479478,230610,2,cirurgia_geral_cbo_exclusivo,225225,sensibilidade,nao_priorizada_pura,nao_priorizada_pura,0,True,1,0,1,False,CE,NORDESTE
2481073,230410,2,cirurgia_geral_cbo_exclusivo,225225,sensibilidade,nao_priorizada_pura,nao_priorizada_pura,0,True,1,0,3,False,CE,NORDESTE
2485729,320120,2,cirurgia_geral_cbo_exclusivo,225225,sensibilidade,nao_priorizada_pura,nao_priorizada_pura,0,True,1,0,3,False,ES,SUDESTE
2487438,290070,2,cirurgia_geral_cbo_exclusivo,225225,sensibilidade,nao_priorizada_pura,nao_priorizada_pura,0,True,1,0,3,False,BA,NORDESTE
2493330,292950,2,cirurgia_geral_cbo_exclusivo,225225,sensibilidade,imediata_pura,imediata_pura,1,True,1,3,0,False,BA,NORDESTE
2493888,110020,2,cirurgia_geral_cbo_exclusivo,225225,sensibilidade,imediata_pura,imediata_pura,1,True,1,3,0,False,RO,NORTE
2495015,510340,2,cirurgia_geral_cbo_exclusivo,225225,sensibilidade,imediata_pura,imediata_pura,1,True,1,3,0,False,MT,CENTRO-OESTE
2495228,110028,2,cirurgia_geral_cbo_exclusivo,225225,sensibilidade,nao_priorizada_pura,nao_priorizada_pura,0,True,1,0,3,False,RO,NORTE
2495279,110012,2,cirurgia_geral_cbo_exclusivo,225225,sensibilidade,imediata_pura,imediata_pura,1,True,1,2,0,False,RO,NORTE
2499029,230380,2,cirurgia_geral_cbo_exclusivo,225225,sensibilidade,nao_priorizada_pura,nao_priorizada_pura,0,True,1,0,1,False,CE,NORDESTE
2499037,230950,2,cirurgia_geral_cbo_exclusivo,225225,sensibilidade,nao_priorizada_pura,nao_priorizada_pura,0,True,1,0,3,False,CE,NORDESTE
2504316,420930,2,cirurgia_geral_cbo_exclusivo,225225,sensibilidade,nao_priorizada_pura,nao_priorizada_pura,0,True,1,0,3,False,SC,SUL
2504332,420930,2,cirurgia_geral_cbo_exclusivo,225225,sensibilidade,nao_priorizada_pura,nao_priorizada_pura,0,True,1,0,3,False,SC,SUL
2504502,250370,2,cirurgia_geral_cbo_exclusivo,225225,sensibilidade,nao_priorizada_pura,nao_priorizada_pura,0,True,1,0,3,False,PB,NORDESTE
2504537,251620,2,cirurgia_geral_cbo_exclusivo,225225,sensibilidade,nao_priorizada_pura,nao_priorizada_pura,0,True,1,0,1,False,PB,NORDESTE
2513838,421320,2,cirurgia_geral_cbo_exclusivo,225225,sensibilidade,nao_priorizada_pura,nao_priorizada_pura,0,True,1,0,3,False,SC,SUL
2514729,230170,2,cirurgia_geral_cbo_exclusivo,225225,sensibilidade,nao_priorizada_pura,nao_priorizada_pura,0,True,1,0,3,False,CE,NORDESTE
2522411,420290,2,cirurgia_geral_cbo_exclusivo,225225,sensibilidade,nao_priorizada_pura,nao_priorizada_pura,0,True,1,0,3,False,SC,SUL
2522489,420290,2,cirurgia_geral_cbo_exclusivo,225225,sensibilidade,nao_priorizada_pura,nao_priorizada_pura,0,True,1,0,3,False,SC,SUL
2522691,420820,2,cirurgia_geral_cbo_exclusivo,225225,sensibilidade,nao_priorizada_pura,nao_priorizada_pura,0,True,1,0,3,False,SC,SUL
2525933,293290,2,cirurgia_geral_cbo_exclusivo,225225,sensibilidade,nao_priorizada_pura,nao_priorizada_pura,0,True,1,0,3,False,BA,NORDESTE
2527413,230280,2,cirurgia_geral_cbo_exclusivo,225225,sensibilidade,nao_priorizada_pura,nao_priorizada_pura,0,True,1,0,3,False,CE,NORDESTE
2530031,210200,2,cirurgia_geral_cbo_exclusivo,225225,sensibilidade,nao_priorizada_pura,nao_priorizada_pura,0,True,1,0,3,False,MA,NORDESTE
2537192,421820,2,cirurgia_geral_cbo_exclusivo,225225,sensibilidade,nao_priorizada_pura,nao_priorizada_pura,0,True,1,0,3,False,SC,SUL
2537788,420420,2,cirurgia_geral_cbo_exclusivo,225225,sensibilidade,nao_priorizada_pura,nao_priorizada_pura,0,True,1,0,3,False,SC,SUL
2537826,421290,2,cirurgia_geral_cbo_exclusivo,225225,sensibilidade,nao_priorizada_pura,nao_priorizada_pura,0,True,1,0,3,False,SC,SUL
2537958,420440,2,cirurgia_geral_cbo_exclusivo,225225,sensibilidade,nao_priorizada_pura,nao_priorizada_pura,0,True,1,0,3,False,SC,SUL
2538148,421140,2,cirurgia_geral_cbo_exclusivo,225225,sensibilidade,nao_priorizada_pura,nao_priorizada_pura,0,True,1,0,3,False,SC,SUL
2538180,421050,2,cirurgia_geral_cbo_exclusivo,225225,sensibilidade,nao_priorizada_pura,nao_priorizada_pura,0,True,1,0,3,False,SC,SUL
2538229,421730,2,cirurgia_geral_cbo_exclusivo,225225,sensibilidade,nao_priorizada_pura,nao_priorizada_pura,0,True,1,0,3,False,SC,SUL
2543044,421360,2,cirurgia_geral_cbo_exclusivo,225225,sensibilidade,nao_priorizada_pura,nao_priorizada_pura,0,True,1,0,3,False,SC,SUL
2553155,421690,2,cirurgia_geral_cbo_exclusivo,225225,sensibilidade,nao_priorizada_pura,nao_priorizada_pura,0,True,1,0,3,False,SC,SUL
2555646,421660,2,cirurgia_geral_cbo_exclusivo,225225,sensibilidade,nao_priorizada_pura,nao_priorizada_pura,0,True,1,0,3,False,SC,SUL
2555840,421170,2,cirurgia_geral_cbo_exclusivo,225225,sensibilidade,nao_priorizada_pura,nao_priorizada_pura,0,True,1,0,1,False,SC,SUL
2558289,500500,2,cirurgia_geral_cbo_exclusivo,225225,sensibilidade,nao_priorizada_pura,nao_priorizada_pura,0,True,1,0,1,False,MS,CENTRO-OESTE
2560771,420900,2,cirurgia_geral_cbo_exclusivo,225225,sensibilidade,nao_priorizada_pura,nao_priorizada_pura,0,True,1,0,3,False,SC,SUL
2560828,230810,2,cirurgia_geral_cbo_exclusivo,225225,sensibilidade,nao_priorizada_pura,nao_priorizada_pura,0,True,1,0,3,False,CE,NORDESTE
2560852,231340,2,cirurgia_geral_cbo_exclusivo,225225,sensibilidade,nao_priorizada_pura,nao_priorizada_pura,0,True,1,0,1,False,CE,NORDESTE
2561026,231030,2,cirurgia_geral_cbo_exclusivo,225225,sensibilidade,nao_priorizada_pura,nao_priorizada_pura,0,True,1,0,3,False,CE,NORDESTE
2561336,230530,2,cirurgia_geral_cbo_exclusivo,225225,sensibilidade,nao_priorizada_pura,nao_priorizada_pura,0,True,1,0,3,False,CE,NORDESTE
2562499,230730,2,cirurgia_geral_cbo_exclusivo,225225,sensibilidade,nao_priorizada_pura,nao_priorizada_pura,0,True,1,0,1,False,CE,NORDESTE
2564238,230190,2,cirurgia_geral_cbo_exclusivo,225225,sensibilidade,nao_priorizada_pura,nao_priorizada_pura,0,True,1,0,3,False,CE,NORDESTE
2587335,411520,2,cirurgia_geral_cbo_exclusivo,225225,sensibilidade,nao_priorizada_pura,nao_priorizada_pura,0,True,1,0,1,False,PR,SUL
2595265,411440,2,cirurgia_geral_cbo_exclusivo,225225,sensibilidade,nao_priorizada_pura,nao_priorizada_pura,0,True,1,0,1,False,PR,SUL
2596792,421590,2,cirurgia_geral_cbo_exclusivo,225225,sensibilidade,nao_priorizada_pura,nao_priorizada_pura,0,True,1,0,3,False,SC,SUL
2598183,290840,2,cirurgia_geral_cbo_exclusivo,225225,sensibilidade,nao_priorizada_pura,nao_priorizada_pura,0,True,1,0,3,False,BA,NORDESTE
2600331,251130,2,cirurgia_geral_cbo_exclusivo,225225,sensibilidade,nao_priorizada_pura,nao_priorizada_pura,0,True,1,0,3,False,PB,NORDESTE
2611309,230540,2,cirurgia_geral_cbo_exclusivo,225225,sensibilidade,nao_priorizada_pura,nao_priorizada_pura,0,True,1,0,3,False,CE,NORDESTE
2611864,251630,2,cirurgia_geral_cbo_exclusivo,225225,sensibilidade,nao_priorizada_pura,nao_priorizada_pura,0,True,1,0,3,False,PB,NORDESTE
2613379,251600,2,cirurgia_geral_cbo_exclusivo,225225,sensibilidade,nao_priorizada_pura,nao_priorizada_pura,0,True,1,0,3,False,PB,NORDESTE
2613476,250370,2,cirurgia_geral_cbo_exclusivo,225225,sensibilidade,nao_priorizada_pura,nao_priorizada_pura,0,True,1,0,2,False,PB,NORDESTE
2620006,150805,2,cirurgia_geral_cbo_exclusivo,225225,sensibilidade,imediata_pura,imediata_pura,1,True,1,1,0,False,PA,NORTE
2626659,421800,2,cirurgia_geral_cbo_exclusivo,225225,sensibilidade,nao_priorizada_pura,nao_priorizada_pura,0,True,1,0,3,False,SC,SUL
2639262,260110,2,cirurgia_geral_cbo_exclusivo,225225,sensibilidade,nao_priorizada_pura,nao_priorizada_pura,0,True,1,0,3,False,PE,NORDESTE
2652099,420530,2,cirurgia_geral_cbo_exclusivo,225225,sensibilidade,nao_priorizada_pura,nao_priorizada_pura,0,True,1,0,3,False,SC,SUL
2655411,510340,2,cirurgia_geral_cbo_exclusivo,225225,sensibilidade,imediata_pura,imediata_pura,1,True,1,3,0,False,MT,CENTRO-OESTE
2658372,420500,2,cirurgia_geral_cbo_exclusivo,225225,sensibilidade,nao_priorizada_pura,nao_priorizada_pura,0,True,1,0,1,False,SC,SUL
2659417,500110,2,cirurgia_geral_cbo_exclusivo,225225,sensibilidade,nao_priorizada_pura,nao_priorizada_pura,0,True,1,0,1,False,MS,CENTRO-OESTE
2662914,420930,2,cirurgia_geral_cbo_exclusivo,225225,sensibilidade,nao_priorizada_pura,nao_priorizada_pura,0,True,1,0,1,False,SC,SUL
2664984,421210,2,cirurgia_geral_cbo_exclusivo,225225,sensibilidade,nao_priorizada_pura,nao_priorizada_pura,0,True,1,0,3,False,SC,SUL
2664992,420330,2,cirurgia_geral_cbo_exclusivo,225225,sensibilidade,nao_priorizada_pura,nao_priorizada_pura,0,True,1,0,3,False,SC,SUL
2665085,420260,2,cirurgia_geral_cbo_exclusivo,225225,sensibilidade,nao_priorizada_pura,nao_priorizada_pura,0,True,1,0,3,False,SC,SUL
2672839,421770,2,cirurgia_geral_cbo_exclusivo,225225,sensibilidade,nao_priorizada_pura,nao_priorizada_pura,0,True,1,0,3,False,SC,SUL
2675536,230550,2,cirurgia_geral_cbo_exclusivo,225225,sensibilidade,nao_priorizada_pura,nao_priorizada_pura,0,True,1,0,3,False,CE,NORDESTE
2675560,230550,2,cirurgia_geral_cbo_exclusivo,225225,sensibilidade,nao_priorizada_pura,nao_priorizada_pura,0,True,1,0,3,False,CE,NORDESTE
2679477,110001,2,cirurgia_geral_cbo_exclusivo,225225,sensibilidade,nao_priorizada_pura,nao_priorizada_pura,0,True,1,0,3,False,RO,NORTE
2689863,421260,2,cirurgia_geral_cbo_exclusivo,225225,sensibilidade,nao_priorizada_pura,nao_priorizada_pura,0,True,1,0,3,False,SC,SUL
2691469,421250,2,cirurgia_geral_cbo_exclusivo,225225,sensibilidade,nao_priorizada_pura,nao_priorizada_pura,0,True,1,0,3,False,SC,SUL
2691477,420340,2,cirurgia_geral_cbo_exclusivo,225225,sensibilidade,nao_priorizada_pura,nao_priorizada_pura,0,True,1,0,3,False,SC,SUL
2691493,420127,2,cirurgia_geral_cbo_exclusivo,225225,sensibilidade,nao_priorizada_pura,nao_priorizada_pura,0,True,1,0,3,False,SC,SUL
2691515,420140,2,cirurgia_geral_cbo_exclusivo,225225,sensibilidade,nao_priorizada_pura,nao_priorizada_pura,0,True,1,0,3,False,SC,SUL
2691558,421160,2,cirurgia_geral_cbo_exclusivo,225225,sensibilidade,nao_priorizada_pura,nao_priorizada_pura,0,True,1,0,3,False,SC,SUL
2691566,420800,2,cirurgia_geral_cbo_exclusivo,225225,sensibilidade,nao_priorizada_pura,nao_priorizada_pura,0,True,1,0,3,False,SC,SUL
2691841,420540,2,cirurgia_geral_cbo_exclusivo,225225,sensibilidade,nao_priorizada_pura,nao_priorizada_pura,0,True,1,0,3,False,SC,SUL
2691884,420690,2,cirurgia_geral_cbo_exclusivo,225225,sensibilidade,nao_priorizada_pura,nao_priorizada_pura,0,True,1,0,3,False,SC,SUL
2695138,500110,2,cirurgia_geral_cbo_exclusivo,225225,sensibilidade,nao_priorizada_pura,nao_priorizada_pura,0,True,1,0,2,False,MS,CENTRO-OESTE
2695839,230930,2,cirurgia_geral_cbo_exclusivo,225225,sensibilidade,nao_priorizada_pura,nao_priorizada_pura,0,True,1,0,3,False,CE,NORDESTE
2704587,330380,2,cirurgia_geral_cbo_exclusivo,225225,sensibilidade,nao_priorizada_pura,nao_priorizada_pura,0,True,1,0,1,False,RJ,SUDESTE
2708892,130150,2,cirurgia_geral_cbo_exclusivo,225225,sensibilidade,nao_priorizada_pura,nao_priorizada_pura,0,True,1,0,1,False,AM,NORTE
2711885,260620,2,cirurgia_geral_cbo_exclusivo,225225,sensibilidade,nao_priorizada_pura,nao_priorizada_pura,0,True,1,0,3,False,PE,NORDESTE
2712024,260540,2,cirurgia_geral_cbo_exclusivo,225225,sensibilidade,nao_priorizada_pura,nao_priorizada_pura,0,True,1,0,1,False,PE,NORDESTE
2712032,260890,2,cirurgia_geral_cbo_exclusivo,225225,sensibilidade,nao_priorizada_pura,nao_priorizada_pura,0,True,1,0,3,False,PE,NORDESTE
2712040,260990,2,cirurgia_geral_cbo_exclusivo,225225,sensibilidade,nao_priorizada_pura,nao_priorizada_pura,0,True,1,0,3,False,PE,NORDESTE
2730650,410370,2,cirurgia_geral_cbo_exclusivo,225225,sensibilidade,nao_priorizada_pura,nao_priorizada_pura,0,True,1,0,3,False,PR,SUL
2733676,410550,2,cirurgia_geral_cbo_exclusivo,225225,sensibilidade,nao_priorizada_pura,nao_priorizada_pura,0,True,1,0,3,False,PR,SUL
2735989,410550,2,cirurgia_geral_cbo_exclusivo,225225,sensibilidade,nao_priorizada_pura,nao_priorizada_pura,0,True,1,0,3,False,PR,SUL
2743469,411520,2,cirurgia_geral_cbo_exclusivo,225225,sensibilidade,nao_priorizada_pura,nao_priorizada_pura,0,True,1,0,1,False,PR,SUL
2743477,411520,2,cirurgia_geral_cbo_exclusivo,225225,sensibilidade,nao_priorizada_pura,nao_priorizada_pura,0,True,1,0,3,False,PR,SUL
2757710,251140,2,cirurgia_geral_cbo_exclusivo,225225,sensibilidade,nao_priorizada_pura,nao_priorizada_pura,0,True,1,0,3,False,PB,NORDESTE
2758164,420460,2,cirurgia_geral_cbo_exclusivo,225225,sensibilidade,nao_priorizada_pura,nao_priorizada_pura,0,True,1,0,3,False,SC,SUL
2761041,317070,2,cirurgia_geral_cbo_exclusivo,225225,sensibilidade,nao_priorizada_pura,nao_priorizada_pura,0,True,1,0,3,False,MG,SUDESTE
2761092,317070,2,cirurgia_geral_cbo_exclusivo,225225,sensibilidade,nao_priorizada_pura,nao_priorizada_pura,0,True,1,0,3,False,MG,SUDESTE
2761114,310190,2,cirurgia_geral_cbo_exclusivo,225225,sensibilidade,nao_priorizada_pura,nao_priorizada_pura,0,True,1,0,2,False,MG,SUDESTE
2775999,314790,2,cirurgia_geral_cbo_exclusivo,225225,sensibilidade,nao_priorizada_pura,nao_priorizada_pura,0,True,1,0,1,False,MG,SUDESTE
2776006,315150,2,cirurgia_geral_cbo_exclusivo,225225,sensibilidade,nao_priorizada_pura,nao_priorizada_pura,0,True,1,0,1,False,MG,SUDESTE
2777649,221060,2,cirurgia_geral_cbo_exclusivo,225225,sensibilidade,nao_priorizada_pura,nao_priorizada_pura,0,True,1,0,3,False,PI,NORDESTE
2777746,220840,2,cirurgia_geral_cbo_exclusivo,225225,sensibilidade,nao_priorizada_pura,nao_priorizada_pura,0,True,1,0,2,False,PI,NORDESTE
2777754,220220,2,cirurgia_geral_cbo_exclusivo,225225,sensibilidade,nao_priorizada_pura,nao_priorizada_pura,0,True,1,0,3,False,PI,NORDESTE
2777762,220700,2,cirurgia_geral_cbo_exclusivo,225225,sensibilidade,nao_priorizada_pura,nao_priorizada_pura,0,True,1,0,3,False,PI,NORDESTE
2777789,221130,2,cirurgia_geral_cbo_exclusivo,225225,sensibilidade,nao_priorizada_pura,nao_priorizada_pura,0,True,1,0,3,False,PI,NORDESTE
2778831,421150,2,cirurgia_geral_cbo_exclusivo,225225,sensibilidade,nao_priorizada_pura,nao_priorizada_pura,0,True,1,0,1,False,SC,SUL
2781700,410050,2,cirurgia_geral_cbo_exclusivo,225225,sensibilidade,nao_priorizada_pura,nao_priorizada_pura,0,True,1,0,1,False,PR,SUL
2784602,352050,2,cirurgia_geral_cbo_exclusivo,225225,sensibilidade,nao_priorizada_pura,nao_priorizada_pura,0,True,1,0,3,False,SP,SUDESTE
2791676,350520,2,cirurgia_geral_cbo_exclusivo,225225,sensibilidade,nao_priorizada_pura,nao_priorizada_pura,0,True,1,0,1,False,SP,SUDESTE
2792451,170240,2,cirurgia_geral_cbo_exclusivo,225225,sensibilidade,nao_priorizada_pura,nao_priorizada_pura,0,True,1,0,3,False,TO,NORTE
2795299,316270,2,cirurgia_geral_cbo_exclusivo,225225,sensibilidade,nao_priorizada_pura,nao_priorizada_pura,0,True,1,0,1,False,MG,SUDESTE
2795655,510792,2,cirurgia_geral_cbo_exclusivo,225225,sensibilidade,imediata_pura,imediata_pura,1,True,1,3,0,False,MT,CENTRO-OESTE
2796562,316070,2,cirurgia_geral_cbo_exclusivo,225225,sensibilidade,nao_priorizada_pura,nao_priorizada_pura,0,True,1,0,3,False,MG,SUDESTE
2798662,330350,2,cirurgia_geral_cbo_exclusivo,225225,sensibilidade,nao_priorizada_pura,nao_priorizada_pura,0,True,1,0,3,False,RJ,SUDESTE
2802090,292530,2,cirurgia_geral_cbo_exclusivo,225225,sensibilidade,nao_priorizada_pura,nao_priorizada_pura,0,True,1,0,3,False,BA,NORDESTE
2807092,110020,2,cirurgia_geral_cbo_exclusivo,225225,sensibilidade,imediata_pura,imediata_pura,1,True,1,3,0,False,RO,NORTE
2808609,110011,2,cirurgia_geral_cbo_exclusivo,225225,sensibilidade,imediata_pura,imediata_pura,1,True,1,3,0,False,RO,NORTE
3002187,330100,2,cirurgia_geral_cbo_exclusivo,225225,sensibilidade,nao_priorizada_pura,nao_priorizada_pura,0,True,1,0,3,False,RJ,SUDESTE
3015408,270030,2,cirurgia_geral_cbo_exclusivo,225225,sensibilidade,nao_priorizada_pura,nao_priorizada_pura,0,True,1,0,1,False,AL,NORDESTE
3021114,231290,2,cirurgia_geral_cbo_exclusivo,225225,sensibilidade,nao_priorizada_pura,nao_priorizada_pura,0,True,1,0,3,False,CE,NORDESTE
3021378,355100,2,cirurgia_geral_cbo_exclusivo,225225,sensibilidade,nao_priorizada_pura,nao_priorizada_pura,0,True,1,0,3,False,SP,SUDESTE
3039250,420900,2,cirurgia_geral_cbo_exclusivo,225225,sensibilidade,nao_priorizada_pura,nao_priorizada_pura,0,True,1,0,3,False,SC,SUL
3040119,330470,2,cirurgia_geral_cbo_exclusivo,225225,sensibilidade,nao_priorizada_pura,nao_priorizada_pura,0,True,1,0,3,False,RJ,SUDESTE
3157245,420540,2,cirurgia_geral_cbo_exclusivo,225225,sensibilidade,nao_priorizada_pura,nao_priorizada_pura,0,True,1,0,3,False,SC,SUL
3210243,130340,2,cirurgia_geral_cbo_exclusivo,225225,sensibilidade,nao_priorizada_pura,nao_priorizada_pura,0,True,1,0,1,False,AM,NORTE
3698548,310560,2,cirurgia_geral_cbo_exclusivo,225225,sensibilidade,nao_priorizada_pura,nao_priorizada_pura,0,True,1,0,3,False,MG,SUDESTE
3759148,230830,2,cirurgia_geral_cbo_exclusivo,225225,sensibilidade,nao_priorizada_pura,nao_priorizada_pura,0,True,1,0,1,False,CE,NORDESTE
3774554,354520,2,cirurgia_geral_cbo_exclusivo,225225,sensibilidade,nao_priorizada_pura,nao_priorizada_pura,0,True,1,0,2,False,SP,SUDESTE
3819590,431130,2,cirurgia_geral_cbo_exclusivo,225225,sensibilidade,nao_priorizada_pura,nao_priorizada_pura,0,True,1,0,1,False,RS,SUL
4001303,110020,2,cirurgia_geral_cbo_exclusivo,225225,sensibilidade,imediata_pura,imediata_pura,1,True,1,3,0,False,RO,NORTE
4009444,220770,2,cirurgia_geral_cbo_exclusivo,225225,sensibilidade,nao_priorizada_pura,nao_priorizada_pura,0,True,1,0,1,False,PI,NORDESTE
4014111,241120,2,cirurgia_geral_cbo_exclusivo,225225,sensibilidade,nao_priorizada_pura,nao_priorizada_pura,0,True,1,0,3,False,RN,NORDESTE
4014138,241120,2,cirurgia_geral_cbo_exclusivo,225225,sensibilidade,nao_priorizada_pura,nao_priorizada_pura,0,True,1,0,2,False,RN,NORDESTE
4026896,291460,2,cirurgia_geral_cbo_exclusivo,225225,sensibilidade,nao_priorizada_pura,nao_priorizada_pura,0,True,1,0,2,False,BA,NORDESTE
4044916,320530,2,cirurgia_geral_cbo_exclusivo,225225,sensibilidade,nao_priorizada_pura,nao_priorizada_pura,0,True,1,0,1,False,ES,SUDESTE
4089189,330550,2,cirurgia_geral_cbo_exclusivo,225225,sensibilidade,nao_priorizada_pura,nao_priorizada_pura,0,True,1,0,3,False,RJ,SUDESTE
4394445,270030,2,cirurgia_geral_cbo_exclusivo,225225,sensibilidade,nao_priorizada_pura,nao_priorizada_pura,0,True,1,0,3,False,AL,NORDESTE
4527372,230020,2,cirurgia_geral_cbo_exclusivo,225225,sensibilidade,nao_priorizada_pura,nao_priorizada_pura,0,True,1,0,3,False,CE,NORDESTE
4564812,420540,2,cirurgia_geral_cbo_exclusivo,225225,sensibilidade,nao_priorizada_pura,nao_priorizada_pura,0,True,1,0,3,False,SC,SUL
4623207,420540,2,cirurgia_geral_cbo_exclusivo,225225,sensibilidade,nao_priorizada_pura,nao_priorizada_pura,0,True,1,0,3,False,SC,SUL
5018110,230580,2,cirurgia_geral_cbo_exclusivo,225225,sensibilidade,nao_priorizada_pura,nao_priorizada_pura,0,True,1,0,3,False,CE,NORDESTE
5200105,351880,2,cirurgia_geral_cbo_exclusivo,225225,sensibilidade,nao_priorizada_pura,nao_priorizada_pura,0,True,1,0,3,False,SP,SUDESTE
5326389,110010,2,cirurgia_geral_cbo_exclusivo,225225,sensibilidade,imediata_pura,imediata_pura,1,True,1,3,0,False,RO,NORTE
5384117,432140,2,cirurgia_geral_cbo_exclusivo,225225,sensibilidade,nao_priorizada_pura,nao_priorizada_pura,0,True,1,0,1,False,RS,SUL
5412447,330240,2,cirurgia_geral_cbo_exclusivo,225225,sensibilidade,nao_priorizada_pura,nao_priorizada_pura,0,True,1,0,3,False,RJ,SUDESTE
5616298,270800,2,cirurgia_geral_cbo_exclusivo,225225,sensibilidade,imediata_pura,imediata_pura,1,True,1,3,0,False,AL,NORDESTE
5717256,330455,2,cirurgia_geral_cbo_exclusivo,225225,sensibilidade,nao_priorizada_pura,nao_priorizada_pura,0,True,1,0,3,False,RJ,SUDESTE
5749018,420840,2,cirurgia_geral_cbo_exclusivo,225225,sensibilidade,nao_priorizada_pura,nao_priorizada_pura,0,True,1,0,3,False,SC,SUL
5860490,352900,2,cirurgia_geral_cbo_exclusivo,225225,sensibilidade,nao_priorizada_pura,nao_priorizada_pura,0,True,1,0,3,False,SP,SUDESTE
5878640,330040,2,cirurgia_geral_cbo_exclusivo,225225,sensibilidade,nao_priorizada_pura,nao_priorizada_pura,0,True,1,0,3,False,RJ,SUDESTE
6007317,330170,2,cirurgia_geral_cbo_exclusivo,225225,sensibilidade,nao_priorizada_pura,nao_priorizada_pura,0,True,1,0,3,False,RJ,SUDESTE
6069134,330452,2,cirurgia_geral_cbo_exclusivo,225225,sensibilidade,nao_priorizada_pura,nao_priorizada_pura,0,True,1,0,3,False,RJ,SUDESTE
6085423,510790,2,cirurgia_geral_cbo_exclusivo,225225,sensibilidade,imediata_pura,imediata_pura,1,True,1,3,0,False,MT,CENTRO-OESTE
6095666,350570,2,cirurgia_geral_cbo_exclusivo,225225,sensibilidade,nao_priorizada_pura,nao_priorizada_pura,0,True,1,0,3,False,SP,SUDESTE
6200702,330023,2,cirurgia_geral_cbo_exclusivo,225225,sensibilidade,nao_priorizada_pura,nao_priorizada_pura,0,True,1,0,3,False,RJ,SUDESTE
6273874,421470,2,cirurgia_geral_cbo_exclusivo,225225,sensibilidade,nao_priorizada_pura,nao_priorizada_pura,0,True,1,0,3,False,SC,SUL
6277578,521640,2,cirurgia_geral_cbo_exclusivo,225225,sensibilidade,nao_priorizada_pura,nao_priorizada_pura,0,True,1,0,1,False,GO,CENTRO-OESTE
6568343,280350,2,cirurgia_geral_cbo_exclusivo,225225,sensibilidade,nao_priorizada_pura,nao_priorizada_pura,0,True,1,0,1,False,SE,NORDESTE
6683134,421720,2,cirurgia_geral_cbo_exclusivo,225225,sensibilidade,nao_priorizada_pura,nao_priorizada_pura,0,True,1,0,3,False,SC,SUL
6697054,311340,2,cirurgia_geral_cbo_exclusivo,225225,sensibilidade,nao_priorizada_pura,nao_priorizada_pura,0,True,1,0,1,False,MG,SUDESTE
6779522,230730,2,cirurgia_geral_cbo_exclusivo,225225,sensibilidade,nao_priorizada_pura,nao_priorizada_pura,0,True,1,0,3,False,CE,NORDESTE
6848710,231290,2,cirurgia_geral_cbo_exclusivo,225225,sensibilidade,nao_priorizada_pura,nao_priorizada_pura,0,True,1,0,3,False,CE,NORDESTE
6854729,420200,2,cirurgia_geral_cbo_exclusivo,225225,sensibilidade,nao_priorizada_pura,nao_priorizada_pura,0,True,1,0,3,False,SC,SUL
6995462,330455,2,cirurgia_geral_cbo_exclusivo,225225,sensibilidade,nao_priorizada_pura,nao_priorizada_pura,0,True,1,0,3,False,RJ,SUDESTE
7042671,270730,2,cirurgia_geral_cbo_exclusivo,225225,sensibilidade,nao_priorizada_pura,nao_priorizada_pura,0,True,1,0,1,False,AL,NORDESTE
7061021,231140,2,cirurgia_geral_cbo_exclusivo,225225,sensibilidade,nao_priorizada_pura,nao_priorizada_pura,0,True,1,0,3,False,CE,NORDESTE
7068336,110020,2,cirurgia_geral_cbo_exclusivo,225225,sensibilidade,imediata_pura,imediata_pura,1,True,1,3,0,False,RO,NORTE
7082886,311940,2,cirurgia_geral_cbo_exclusivo,225225,sensibilidade,nao_priorizada_pura,nao_priorizada_pura,0,True,1,0,1,False,MG,SUDESTE
7105088,421620,2,cirurgia_geral_cbo_exclusivo,225225,sensibilidade,nao_priorizada_pura,nao_priorizada_pura,0,True,1,0,3,False,SC,SUL
7166494,330455,2,cirurgia_geral_cbo_exclusivo,225225,sensibilidade,nao_priorizada_pura,nao_priorizada_pura,0,True,1,0,3,False,RJ,SUDESTE
7349270,510340,2,cirurgia_geral_cbo_exclusivo,225225,sensibilidade,imediata_pura,imediata_pura,1,True,1,3,0,False,MT,CENTRO-OESTE
7354746,330010,2,cirurgia_geral_cbo_exclusivo,225225,sensibilidade,nao_priorizada_pura,nao_priorizada_pura,0,True,1,0,3,False,RJ,SUDESTE
7373465,354870,2,cirurgia_geral_cbo_exclusivo,225225,sensibilidade,nao_priorizada_pura,nao_priorizada_pura,0,True,1,0,3,False,SP,SUDESTE
7473702,353060,2,cirurgia_geral_cbo_exclusivo,225225,sensibilidade,nao_priorizada_pura,nao_priorizada_pura,0,True,1,0,1,False,SP,SUDESTE
7486596,420230,2,cirurgia_geral_cbo_exclusivo,225225,sensibilidade,nao_priorizada_pura,nao_priorizada_pura,0,True,1,0,3,False,SC,SUL
7557523,320240,2,cirurgia_geral_cbo_exclusivo,225225,sensibilidade,nao_priorizada_pura,nao_priorizada_pura,0,True,1,0,3,False,ES,SUDESTE
7603274,352170,2,cirurgia_geral_cbo_exclusivo,225225,sensibilidade,nao_priorizada_pura,nao_priorizada_pura,0,True,1,0,3,False,SP,SUDESTE
7655703,330240,2,cirurgia_geral_cbo_exclusivo,225225,sensibilidade,nao_priorizada_pura,nao_priorizada_pura,0,True,1,0,3,False,RJ,SUDESTE
7753470,270930,2,cirurgia_geral_cbo_exclusivo,225225,sensibilidade,nao_priorizada_pura,nao_priorizada_pura,0,True,1,0,1,False,AL,NORDESTE
8015899,220770,2,cirurgia_geral_cbo_exclusivo,225225,sensibilidade,nao_priorizada_pura,nao_priorizada_pura,0,True,1,0,3,False,PI,NORDESTE
9209352,510340,2,cirurgia_geral_cbo_exclusivo,225225,sensibilidade,imediata_pura,imediata_pura,1,True,1,3,0,False,MT,CENTRO-OESTE
9491619,330150,2,cirurgia_geral_cbo_exclusivo,225225,sensibilidade,nao_priorizada_pura,nao_priorizada_pura,0,True,1,0,1,False,RJ,SUDESTE
9543856,420290,2,cirurgia_geral_cbo_exclusivo,225225,sensibilidade,nao_priorizada_pura,nao_priorizada_pura,0,True,1,0,3,False,SC,SUL
9685871,150220,2,cirurgia_geral_cbo_exclusivo,225225,sensibilidade,nao_priorizada_pura,nao_priorizada_pura,0,True,1,0,3,False,PA,NORTE
9841903,510340,2,cirurgia_geral_cbo_exclusivo,225225,sensibilidade,imediata_pura,imediata_pura,1,True,1,1,0,False,MT,CENTRO-OESTE
9847227,314310,2,cirurgia_geral_cbo_exclusivo,225225,sensibilidade,nao_priorizada_pura,nao_priorizada_pura,0,True,1,0,3,False,MG,SUDESTE
0000434,261160,12,oncologia_clinica,225121,generalizacao,imediata_pura,imediata_pura,1,True,1,1,0,False,PE,NORDESTE
0003778,292740,12,oncologia_clinica,225121,generalizacao,nao_priorizada_pura,nao_priorizada_pura,0,True,1,0,2,False,BA,NORDESTE
0003921,292740,12,oncologia_clinica,225121,generalizacao,nao_priorizada_pura,nao_priorizada_pura,0,True,1,0,3,False,BA,NORDESTE
0009776,500270,12,oncologia_clinica,225121,generalizacao,nao_priorizada_pura,nao_priorizada_pura,0,True,1,0,2,False,MS,CENTRO-OESTE
0011738,320530,12,oncologia_clinica,225121,generalizacao,imediata_pura,imediata_pura,1,True,1,1,0,False,ES,SUDESTE
0015644,410690,12,oncologia_clinica,225121,generalizacao,imediata_pura,imediata_pura,1,True,1,1,0,False,PR,SUL
0220027,150240,12,oncologia_clinica,225121,generalizacao,nao_priorizada_pura,nao_priorizada_pura,0,True,1,0,3,False,PA,NORTE
2012677,130260,12,oncologia_clinica,225121,generalizacao,nao_priorizada_pura,nao_priorizada_pura,0,True,1,0,1,False,AM,NORTE
2020645,160030,12,oncologia_clinica,225121,generalizacao,nao_priorizada_pura,nao_priorizada_pura,0,True,1,0,3,False,AP,NORTE
2082527,350320,12,oncologia_clinica,225121,generalizacao,imediata_pura,imediata_pura,1,True,1,1,0,False,SP,SUDESTE
2083116,352900,12,oncologia_clinica,225121,generalizacao,nao_priorizada_pura,nao_priorizada_pura,0,True,1,0,1,False,SP,SUDESTE
2085194,352440,12,oncologia_clinica,225121,generalizacao,nao_priorizada_pura,nao_priorizada_pura,0,True,1,0,3,False,SP,SUDESTE
2148293,312090,12,oncologia_clinica,225121,generalizacao,nao_priorizada_pura,nao_priorizada_pura,0,True,1,0,2,False,MG,SUDESTE
2153025,313670,12,oncologia_clinica,225121,generalizacao,nao_priorizada_pura,nao_priorizada_pura,0,True,1,0,1,False,MG,SUDESTE
2165058,317010,12,oncologia_clinica,225121,generalizacao,imediata_pura,imediata_pura,1,True,1,1,0,False,MG,SUDESTE
2200457,310620,12,oncologia_clinica,225121,generalizacao,nao_priorizada_pura,nao_priorizada_pura,0,True,1,0,3,False,MG,SUDESTE
2206528,316720,12,oncologia_clinica,225121,generalizacao,nao_priorizada_pura,nao_priorizada_pura,0,True,1,0,2,False,MG,SUDESTE
2254611,431720,12,oncologia_clinica,225121,generalizacao,nao_priorizada_pura,nao_priorizada_pura,0,True,1,0,3,False,RS,SUL
2262274,430470,12,oncologia_clinica,225121,generalizacao,imediata_pura,imediata_pura,1,True,1,1,0,False,RS,SUL
2278286,330070,12,oncologia_clinica,225121,generalizacao,nao_priorizada_pura,nao_priorizada_pura,0,True,1,0,3,False,RJ,SUDESTE
2280051,330040,12,oncologia_clinica,225121,generalizacao,nao_priorizada_pura,nao_priorizada_pura,0,True,1,0,3,False,RJ,SUDESTE
2296241,330430,12,oncologia_clinica,225121,generalizacao,nao_priorizada_pura,nao_priorizada_pura,0,True,1,0,2,False,RJ,SUDESTE
2315793,250400,12,oncologia_clinica,225121,generalizacao,nao_priorizada_pura,nao_priorizada_pura,0,True,1,0,3,False,PB,NORDESTE
2375109,240980,12,oncologia_clinica,225121,generalizacao,nao_priorizada_pura,nao_priorizada_pura,0,True,1,0,1,False,RN,NORDESTE
2402076,293330,12,oncologia_clinica,225121,generalizacao,imediata_pura,imediata_pura,1,True,1,1,0,False,BA,NORDESTE
2427419,260410,12,oncologia_clinica,225121,generalizacao,nao_priorizada_pura,nao_priorizada_pura,0,True,1,0,3,False,PE,NORDESTE
2480646,230250,12,oncologia_clinica,225121,generalizacao,imediata_pura,imediata_pura,1,True,1,1,0,False,CE,NORDESTE
2491710,421870,12,oncologia_clinica,225121,generalizacao,nao_priorizada_pura,nao_priorizada_pura,0,True,1,0,3,False,SC,SUL
2547821,320120,12,oncologia_clinica,225121,generalizacao,nao_priorizada_pura,nao_priorizada_pura,0,True,1,0,1,False,ES,SUDESTE
2560771,420900,12,oncologia_clinica,225121,generalizacao,nao_priorizada_pura,nao_priorizada_pura,0,True,1,0,3,False,SC,SUL
2564211,230190,12,oncologia_clinica,225121,generalizacao,imediata_pura,imediata_pura,1,True,1,1,0,False,CE,NORDESTE
2611686,230440,12,oncologia_clinica,225121,generalizacao,imediata_pura,imediata_pura,1,True,1,1,0,False,CE,NORDESTE
2651394,230440,12,oncologia_clinica,225121,generalizacao,imediata_pura,imediata_pura,1,True,1,1,0,False,CE,NORDESTE
2695324,310620,12,oncologia_clinica,225121,generalizacao,nao_priorizada_pura,nao_priorizada_pura,0,True,1,0,3,False,MG,SUDESTE
2708779,355220,12,oncologia_clinica,225121,generalizacao,nao_priorizada_pura,nao_priorizada_pura,0,True,1,0,1,False,SP,SUDESTE
2743469,411520,12,oncologia_clinica,225121,generalizacao,nao_priorizada_pura,nao_priorizada_pura,0,True,1,0,1,False,PR,SUL
2761092,317070,12,oncologia_clinica,225121,generalizacao,nao_priorizada_pura,nao_priorizada_pura,0,True,1,0,3,False,MG,SUDESTE
2772280,291480,12,oncologia_clinica,225121,generalizacao,nao_priorizada_pura,nao_priorizada_pura,0,True,1,0,3,False,BA,NORDESTE
2775999,314790,12,oncologia_clinica,225121,generalizacao,nao_priorizada_pura,nao_priorizada_pura,0,True,1,0,1,False,MG,SUDESTE
2802112,291360,12,oncologia_clinica,225121,generalizacao,nao_priorizada_pura,nao_priorizada_pura,0,True,1,0,3,False,BA,NORDESTE
3675580,240800,12,oncologia_clinica,225121,generalizacao,nao_priorizada_pura,nao_priorizada_pura,0,True,1,0,1,False,RN,NORDESTE
3972925,290320,12,oncologia_clinica,225121,generalizacao,nao_priorizada_pura,nao_priorizada_pura,0,True,1,0,3,False,BA,NORDESTE
4009444,220770,12,oncologia_clinica,225121,generalizacao,nao_priorizada_pura,nao_priorizada_pura,0,True,1,0,3,False,PI,NORDESTE
4026896,291460,12,oncologia_clinica,225121,generalizacao,nao_priorizada_pura,nao_priorizada_pura,0,True,1,0,2,False,BA,NORDESTE
4028155,291840,12,oncologia_clinica,225121,generalizacao,nao_priorizada_pura,nao_priorizada_pura,0,True,1,0,3,False,BA,NORDESTE
5860490,352900,12,oncologia_clinica,225121,generalizacao,nao_priorizada_pura,nao_priorizada_pura,0,True,1,0,3,False,SP,SUDESTE
6201059,500370,12,oncologia_clinica,225121,generalizacao,nao_priorizada_pura,nao_priorizada_pura,0,True,1,0,3,False,MS,CENTRO-OESTE
7061021,231140,12,oncologia_clinica,225121,generalizacao,nao_priorizada_pura,nao_priorizada_pura,0,True,1,0,3,False,CE,NORDESTE
7068336,110020,12,oncologia_clinica,225121,generalizacao,nao_priorizada_pura,nao_priorizada_pura,0,True,1,0,3,False,RO,NORTE
7292031,241010,12,oncologia_clinica,225121,generalizacao,imediata_pura,imediata_pura,1,True,1,1,0,False,RN,NORDESTE
7498810,260410,12,oncologia_clinica,225121,generalizacao,nao_priorizada_pura,nao_priorizada_pura,0,True,1,0,3,False,PE,NORDESTE
0008036,353440,24,medicina_intensiva,225150,generalizacao,nao_priorizada_pura,nao_priorizada_pura,0,True,1,0,1,False,SP,SUDESTE
0012556,330330,24,medicina_intensiva,225150,generalizacao,nao_priorizada_pura,nao_priorizada_pura,0,True,1,0,3,False,RJ,SUDESTE
0105317,330330,24,medicina_intensiva,225150,generalizacao,nao_priorizada_pura,nao_priorizada_pura,0,True,1,0,3,False,RJ,SUDESTE
2012030,130260,24,medicina_intensiva,225150,generalizacao,imediata_pura,imediata_pura,1,True,1,1,0,False,AM,NORTE
2012677,130260,24,medicina_intensiva,225150,generalizacao,imediata_pura,imediata_pura,1,True,1,1,0,False,AM,NORTE
2013606,130260,24,medicina_intensiva,225150,generalizacao,imediata_pura,imediata_pura,1,True,1,1,0,False,AM,NORTE
2023474,352470,24,medicina_intensiva,225150,generalizacao,nao_priorizada_pura,nao_priorizada_pura,0,True,1,0,2,False,SP,SUDESTE
2025361,354870,24,medicina_intensiva,225150,generalizacao,nao_priorizada_pura,nao_priorizada_pura,0,True,1,0,3,False,SP,SUDESTE
2027356,354870,24,medicina_intensiva,225150,generalizacao,nao_priorizada_pura,nao_priorizada_pura,0,True,1,0,3,False,SP,SUDESTE
2069776,354870,24,medicina_intensiva,225150,generalizacao,nao_priorizada_pura,nao_priorizada_pura,0,True,1,0,3,False,SP,SUDESTE
2078139,354150,24,medicina_intensiva,225150,generalizacao,nao_priorizada_pura,nao_priorizada_pura,0,True,1,0,3,False,SP,SUDESTE
2082349,352940,24,medicina_intensiva,225150,generalizacao,nao_priorizada_pura,nao_priorizada_pura,0,True,1,0,2,False,SP,SUDESTE
2085194,352440,24,medicina_intensiva,225150,generalizacao,nao_priorizada_pura,nao_priorizada_pura,0,True,1,0,3,False,SP,SUDESTE
2140217,316870,24,medicina_intensiva,225150,generalizacao,nao_priorizada_pura,nao_priorizada_pura,0,True,1,0,1,False,MG,SUDESTE
2145960,310350,24,medicina_intensiva,225150,generalizacao,nao_priorizada_pura,nao_priorizada_pura,0,True,1,0,1,False,MG,SUDESTE
2206064,314710,24,medicina_intensiva,225150,generalizacao,nao_priorizada_pura,nao_priorizada_pura,0,True,1,0,3,False,MG,SUDESTE
2215586,313170,24,medicina_intensiva,225150,generalizacao,nao_priorizada_pura,nao_priorizada_pura,0,True,1,0,3,False,MG,SUDESTE
2218690,313170,24,medicina_intensiva,225150,generalizacao,nao_priorizada_pura,nao_priorizada_pura,0,True,1,0,3,False,MG,SUDESTE
2221772,313670,24,medicina_intensiva,225150,generalizacao,nao_priorizada_pura,nao_priorizada_pura,0,True,1,0,1,False,MG,SUDESTE
2232049,430920,24,medicina_intensiva,225150,generalizacao,nao_priorizada_pura,nao_priorizada_pura,0,True,1,0,3,False,RS,SUL
2232146,431340,24,medicina_intensiva,225150,generalizacao,nao_priorizada_pura,nao_priorizada_pura,0,True,1,0,3,False,RS,SUL
2232162,432000,24,medicina_intensiva,225150,generalizacao,nao_priorizada_pura,nao_priorizada_pura,0,True,1,0,3,False,RS,SUL
2252694,431440,24,medicina_intensiva,225150,generalizacao,nao_priorizada_pura,nao_priorizada_pura,0,True,1,0,3,False,RS,SUL
2253046,431440,24,medicina_intensiva,225150,generalizacao,nao_priorizada_pura,nao_priorizada_pura,0,True,1,0,3,False,RS,SUL
2253054,431440,24,medicina_intensiva,225150,generalizacao,nao_priorizada_pura,nao_priorizada_pura,0,True,1,0,3,False,RS,SUL
2267209,330415,24,medicina_intensiva,225150,generalizacao,nao_priorizada_pura,nao_priorizada_pura,0,True,1,0,3,False,RJ,SUDESTE
2268922,330190,24,medicina_intensiva,225150,generalizacao,nao_priorizada_pura,nao_priorizada_pura,0,True,1,0,3,False,RJ,SUDESTE
2269341,330455,24,medicina_intensiva,225150,generalizacao,nao_priorizada_pura,nao_priorizada_pura,0,True,1,0,3,False,RJ,SUDESTE
2269384,330455,24,medicina_intensiva,225150,generalizacao,nao_priorizada_pura,nao_priorizada_pura,0,True,1,0,3,False,RJ,SUDESTE
2269783,330455,24,medicina_intensiva,225150,generalizacao,nao_priorizada_pura,nao_priorizada_pura,0,True,1,0,3,False,RJ,SUDESTE
2270609,330455,24,medicina_intensiva,225150,generalizacao,nao_priorizada_pura,nao_priorizada_pura,0,True,1,0,3,False,RJ,SUDESTE
2270714,330455,24,medicina_intensiva,225150,generalizacao,nao_priorizada_pura,nao_priorizada_pura,0,True,1,0,3,False,RJ,SUDESTE
2272784,330340,24,medicina_intensiva,225150,generalizacao,nao_priorizada_pura,nao_priorizada_pura,0,True,1,0,3,False,RJ,SUDESTE
2273748,330620,24,medicina_intensiva,225150,generalizacao,nao_priorizada_pura,nao_priorizada_pura,0,True,1,0,3,False,RJ,SUDESTE
2274299,330550,24,medicina_intensiva,225150,generalizacao,nao_priorizada_pura,nao_priorizada_pura,0,True,1,0,3,False,RJ,SUDESTE
2275562,330390,24,medicina_intensiva,225150,generalizacao,nao_priorizada_pura,nao_priorizada_pura,0,True,1,0,3,False,RJ,SUDESTE
2278855,330220,24,medicina_intensiva,225150,generalizacao,nao_priorizada_pura,nao_priorizada_pura,0,True,1,0,3,False,RJ,SUDESTE
2280183,330455,24,medicina_intensiva,225150,generalizacao,nao_priorizada_pura,nao_priorizada_pura,0,True,1,0,3,False,RJ,SUDESTE
2283395,330070,24,medicina_intensiva,225150,generalizacao,nao_priorizada_pura,nao_priorizada_pura,0,True,1,0,3,False,RJ,SUDESTE
2287382,330100,24,medicina_intensiva,225150,generalizacao,nao_priorizada_pura,nao_priorizada_pura,0,True,1,0,3,False,RJ,SUDESTE
2287579,330100,24,medicina_intensiva,225150,generalizacao,nao_priorizada_pura,nao_priorizada_pura,0,True,1,0,3,False,RJ,SUDESTE
2287919,330030,24,medicina_intensiva,225150,generalizacao,nao_priorizada_pura,nao_priorizada_pura,0,True,1,0,1,False,RJ,SUDESTE
2288885,330420,24,medicina_intensiva,225150,generalizacao,nao_priorizada_pura,nao_priorizada_pura,0,True,1,0,3,False,RJ,SUDESTE
2295423,330455,24,medicina_intensiva,225150,generalizacao,nao_priorizada_pura,nao_priorizada_pura,0,True,1,0,3,False,RJ,SUDESTE
2296241,330430,24,medicina_intensiva,225150,generalizacao,nao_priorizada_pura,nao_priorizada_pura,0,True,1,0,2,False,RJ,SUDESTE
2296306,330455,24,medicina_intensiva,225150,generalizacao,nao_priorizada_pura,nao_priorizada_pura,0,True,1,0,3,False,RJ,SUDESTE
2298120,330455,24,medicina_intensiva,225150,generalizacao,nao_priorizada_pura,nao_priorizada_pura,0,True,1,0,3,False,RJ,SUDESTE
2298317,330100,24,medicina_intensiva,225150,generalizacao,nao_priorizada_pura,nao_priorizada_pura,0,True,1,0,3,False,RJ,SUDESTE
2371243,500620,24,medicina_intensiva,225150,generalizacao,nao_priorizada_pura,nao_priorizada_pura,0,True,1,0,1,False,MS,CENTRO-OESTE
2375826,500325,24,medicina_intensiva,225150,generalizacao,nao_priorizada_pura,nao_priorizada_pura,0,True,1,0,3,False,MS,CENTRO-OESTE
2388057,290570,24,medicina_intensiva,225150,generalizacao,nao_priorizada_pura,nao_priorizada_pura,0,True,1,0,2,False,BA,NORDESTE
2402076,293330,24,medicina_intensiva,225150,generalizacao,imediata_pura,imediata_pura,1,True,1,1,0,False,BA,NORDESTE
2411393,421950,24,medicina_intensiva,225150,generalizacao,nao_priorizada_pura,nao_priorizada_pura,0,True,1,0,3,False,SC,SUL
2420015,420700,24,medicina_intensiva,225150,generalizacao,nao_priorizada_pura,nao_priorizada_pura,0,True,1,0,3,False,SC,SUL
2428393,261000,24,medicina_intensiva,225150,generalizacao,nao_priorizada_pura,nao_priorizada_pura,0,True,1,0,3,False,PE,NORDESTE
2436450,420910,24,medicina_intensiva,225150,generalizacao,nao_priorizada_pura,nao_priorizada_pura,0,True,1,0,3,False,SC,SUL
2463016,210005,24,medicina_intensiva,225150,generalizacao,nao_priorizada_pura,nao_priorizada_pura,0,True,1,0,3,False,MA,NORDESTE
2470748,291750,24,medicina_intensiva,225150,generalizacao,nao_priorizada_pura,nao_priorizada_pura,0,True,1,0,1,False,BA,NORDESTE
2487438,290070,24,medicina_intensiva,225150,generalizacao,nao_priorizada_pura,nao_priorizada_pura,0,True,1,0,1,False,BA,NORDESTE
2495228,110028,24,medicina_intensiva,225150,generalizacao,nao_priorizada_pura,nao_priorizada_pura,0,True,1,0,3,False,RO,NORTE
2522411,420290,24,medicina_intensiva,225150,generalizacao,nao_priorizada_pura,nao_priorizada_pura,0,True,1,0,3,False,SC,SUL
2522691,420820,24,medicina_intensiva,225150,generalizacao,nao_priorizada_pura,nao_priorizada_pura,0,True,1,0,3,False,SC,SUL
2537192,421820,24,medicina_intensiva,225150,generalizacao,nao_priorizada_pura,nao_priorizada_pura,0,True,1,0,3,False,SC,SUL
2560852,231340,24,medicina_intensiva,225150,generalizacao,nao_priorizada_pura,nao_priorizada_pura,0,True,1,0,1,False,CE,NORDESTE
2691515,420140,24,medicina_intensiva,225150,generalizacao,nao_priorizada_pura,nao_priorizada_pura,0,True,1,0,3,False,SC,SUL
2758164,420460,24,medicina_intensiva,225150,generalizacao,nao_priorizada_pura,nao_priorizada_pura,0,True,1,0,3,False,SC,SUL
2772310,353870,24,medicina_intensiva,225150,generalizacao,nao_priorizada_pura,nao_priorizada_pura,0,True,1,0,3,False,SP,SUDESTE
2798662,330350,24,medicina_intensiva,225150,generalizacao,nao_priorizada_pura,nao_priorizada_pura,0,True,1,0,3,False,RJ,SUDESTE
2945622,500830,24,medicina_intensiva,225150,generalizacao,imediata_pura,imediata_pura,1,True,1,1,0,False,MS,CENTRO-OESTE
3021114,231290,24,medicina_intensiva,225150,generalizacao,nao_priorizada_pura,nao_priorizada_pura,0,True,1,0,3,False,CE,NORDESTE
3956369,292740,24,medicina_intensiva,225150,generalizacao,imediata_pura,imediata_pura,1,True,1,1,0,False,BA,NORDESTE
3972925,290320,24,medicina_intensiva,225150,generalizacao,nao_priorizada_pura,nao_priorizada_pura,0,True,1,0,1,False,BA,NORDESTE
4089189,330550,24,medicina_intensiva,225150,generalizacao,nao_priorizada_pura,nao_priorizada_pura,0,True,1,0,3,False,RJ,SUDESTE
5061989,410830,24,medicina_intensiva,225150,generalizacao,nao_priorizada_pura,nao_priorizada_pura,0,True,1,0,3,False,PR,SUL
5292190,230550,24,medicina_intensiva,225150,generalizacao,nao_priorizada_pura,nao_priorizada_pura,0,True,1,0,3,False,CE,NORDESTE
5366828,350410,24,medicina_intensiva,225150,generalizacao,nao_priorizada_pura,nao_priorizada_pura,0,True,1,0,1,False,SP,SUDESTE
5412447,330240,24,medicina_intensiva,225150,generalizacao,nao_priorizada_pura,nao_priorizada_pura,0,True,1,0,3,False,RJ,SUDESTE
5860490,352900,24,medicina_intensiva,225150,generalizacao,nao_priorizada_pura,nao_priorizada_pura,0,True,1,0,3,False,SP,SUDESTE
6069134,330452,24,medicina_intensiva,225150,generalizacao,nao_priorizada_pura,nao_priorizada_pura,0,True,1,0,3,False,RJ,SUDESTE
6095666,350570,24,medicina_intensiva,225150,generalizacao,nao_priorizada_pura,nao_priorizada_pura,0,True,1,0,3,False,SP,SUDESTE
6426190,500330,24,medicina_intensiva,225150,generalizacao,nao_priorizada_pura,nao_priorizada_pura,0,True,1,0,1,False,MS,CENTRO-OESTE
6854729,420200,24,medicina_intensiva,225150,generalizacao,nao_priorizada_pura,nao_priorizada_pura,0,True,1,0,3,False,SC,SUL
7082886,311940,24,medicina_intensiva,225150,generalizacao,nao_priorizada_pura,nao_priorizada_pura,0,True,1,0,1,False,MG,SUDESTE
7354746,330010,24,medicina_intensiva,225150,generalizacao,nao_priorizada_pura,nao_priorizada_pura,0,True,1,0,3,False,RJ,SUDESTE
7373465,354870,24,medicina_intensiva,225150,generalizacao,nao_priorizada_pura,nao_priorizada_pura,0,True,1,0,3,False,SP,SUDESTE
7612036,330452,24,medicina_intensiva,225150,generalizacao,nao_priorizada_pura,nao_priorizada_pura,0,True,1,0,3,False,RJ,SUDESTE
9613374,210320,24,medicina_intensiva,225150,generalizacao,nao_priorizada_pura,nao_priorizada_pura,0,True,1,0,3,False,MA,NORDESTE
9681752,310350,24,medicina_intensiva,225150,generalizacao,nao_priorizada_pura,nao_priorizada_pura,0,True,1,0,1,False,MG,SUDESTE
9847227,314310,24,medicina_intensiva,225150,generalizacao,nao_priorizada_pura,nao_priorizada_pura,0,True,1,0,3,False,MG,SUDESTE
