arquivo,source_url,uf,competencia,size_bytes,sha256,adquirido_em_utc,linhas_lidas,linhas_aih_inicial,linhas_aih_continuidade,linhas_ident_outro,linhas_grupo04_vigente_inicial,linhas_grupo04_eletiva_inicial,linhas_grupo04_urgencia_inicial,linhas_cnes_alvo,linhas_ocorrencia_muni_alvo,linhas_residencia_muni_alvo,datas_internacao_invalidas,datas_saida_invalidas,data_internacao_min,data_internacao_max,data_saida_min,data_saida_max,status
RDAC2406.dbc,ftp://ftp.datasus.gov.br/dissemin/publicos/SIHSUS/200801_/Dados/RDAC2406.dbc,AC,202406,334783.0,038de312ca1560d6f532125c8b74a8ef4b5d980fdf3299040e283707168400ee,2026-08-31T03:09:56.141871+00:00,4675.0,4675.0,0.0,0.0,2140.0,1512.0,628.0,0.0,0.0,50.0,0.0,0.0,2023-12-26,2024-06-29,2024-01-04,2024-06-30,SUCCESS
RDAL2406.dbc,ftp://ftp.datasus.gov.br/dissemin/publicos/SIHSUS/200801_/Dados/RDAL2406.dbc,AL,202406,1109307.0,50f7c202d15d5ef0011bc782ef02a38885a42bec5d647bb8319449b4a5a0cccd,2026-08-31T03:10:17.421675+00:00,15277.0,14915.0,362.0,0.0,7717.0,2962.0,4622.0,5531.0,12074.0,6605.0,0.0,0.0,2008-01-01,2024-06-30,2024-01-03,2024-06-30,SUCCESS
RDAM2406.dbc,ftp://ftp.datasus.gov.br/dissemin/publicos/SIHSUS/200801_/Dados/RDAM2406.dbc,AM,202406,1308336.0,b80b1a340831627b89e95ac8dff053c1d75ace07f429d6f425b1e201448210b3,2026-08-31T03:10:59.981271+00:00,18921.0,18921.0,0.0,0.0,6806.0,3187.0,3619.0,4644.0,13644.0,12633.0,0.0,0.0,2023-12-09,2024-06-30,2024-01-02,2024-06-30,SUCCESS
RDAP2406.dbc,ftp://ftp.datasus.gov.br/dissemin/publicos/SIHSUS/200801_/Dados/RDAP2406.dbc,AP,202406,306410.0,96ec1b651012b78a26138de16a6b81e32bb06ec1a3f3600c6060a834a105cd75,2026-08-31T03:11:58.080876+00:00,4652.0,4652.0,0.0,0.0,2132.0,1058.0,1074.0,1197.0,3865.0,3196.0,0.0,0.0,2024-02-26,2024-06-30,2024-03-03,2024-06-30,SUCCESS
RDBA2406.dbc,ftp://ftp.datasus.gov.br/dissemin/publicos/SIHSUS/200801_/Dados/RDBA2406.dbc,BA,202406,5443527.0,f4eacca1b289accc7fdccbfc85224b42f7997028b10c73ec3f6dce66b1c0b0b5,2026-08-31T03:12:20.833619+00:00,75098.0,74788.0,310.0,0.0,32402.0,16784.0,15458.0,20270.0,44234.0,32277.0,0.0,0.0,2008-01-01,2024-06-30,2024-01-01,2024-06-30,SUCCESS
RDCE2406.dbc,ftp://ftp.datasus.gov.br/dissemin/publicos/SIHSUS/200801_/Dados/RDCE2406.dbc,CE,202406,3679139.0,eec01df18576ca6f53a2606e0438218061c1612d3c848e31d0715ccd613eb717,2026-08-31T03:15:06.667119+00:00,50792.0,50383.0,409.0,0.0,20169.0,8181.0,11456.0,24353.0,40299.0,31179.0,0.0,0.0,2019-02-19,2024-06-30,2024-01-04,2024-06-30,SUCCESS
RDDF2406.dbc,ftp://ftp.datasus.gov.br/dissemin/publicos/SIHSUS/200801_/Dados/RDDF2406.dbc,DF,202406,1643985.0,d73a42527b3b67b0aaaed6852a29b1be2d5b702ad0239b6846efe63f0b0c0726,2026-08-31T03:17:04.875073+00:00,20812.0,20714.0,98.0,0.0,6874.0,1813.0,5028.0,4020.0,20812.0,16405.0,0.0,0.0,2020-08-04,2024-06-30,2024-02-23,2024-06-30,SUCCESS
RDES2406.dbc,ftp://ftp.datasus.gov.br/dissemin/publicos/SIHSUS/200801_/Dados/RDES2406.dbc,ES,202406,1999390.0,d939f77f28be7cae3cb25bb69bfe22c694848a8dbca610d86265a684d50ea5c9,2026-08-31T03:17:33.969266+00:00,25921.0,25857.0,64.0,0.0,11993.0,5431.0,6295.0,7315.0,17476.0,10966.0,0.0,0.0,2023-12-01,2024-06-30,2024-02-02,2024-06-30,SUCCESS
RDGO2406.dbc,ftp://ftp.datasus.gov.br/dissemin/publicos/SIHSUS/200801_/Dados/RDGO2406.dbc,GO,202406,2750499.0,618c339cbf5e6ac663a0b22dc282aaf9eb3fb3b2cbd6bfaf753ab416642e6f03,2026-08-31T03:18:32.383976+00:00,38105.0,37454.0,651.0,0.0,16621.0,6910.0,9711.0,4339.0,17159.0,10920.0,0.0,0.0,2008-01-01,2024-06-30,2024-01-01,2024-06-30,SUCCESS
RDMA2406.dbc,ftp://ftp.datasus.gov.br/dissemin/publicos/SIHSUS/200801_/Dados/RDMA2406.dbc,MA,202406,2839291.0,db3f9095feb8951278a0260190e677d455c3da369f3eb76e91e68d50dcf89825,2026-08-31T03:19:58.266554+00:00,42491.0,42098.0,393.0,0.0,16461.0,7045.0,9376.0,2379.0,5579.0,4425.0,0.0,0.0,2015-01-16,2024-06-30,2024-01-05,2024-06-30,SUCCESS
RDMG2406.dbc,ftp://ftp.datasus.gov.br/dissemin/publicos/SIHSUS/200801_/Dados/RDMG2406.dbc,MG,202406,9870312.0,d7ca7fae642d427a515e2caae3b29817b2b9e94fe0b53c355e048990206686d4,2026-08-31T03:21:25.696207+00:00,128533.0,127979.0,554.0,0.0,54049.0,26595.0,27224.0,35854.0,64026.0,45432.0,0.0,0.0,2011-01-27,2024-06-30,2024-01-01,2024-06-30,SUCCESS
RDMS2406.dbc,ftp://ftp.datasus.gov.br/dissemin/publicos/SIHSUS/200801_/Dados/RDMS2406.dbc,MS,202406,1377648.0,462a73ddf501cbe3b426292340f4803c589734a6a872cc117b2d09ceb9702907,2026-08-31T03:25:31.033694+00:00,18252.0,18115.0,137.0,0.0,7841.0,2997.0,4844.0,5574.0,7325.0,6938.0,0.0,0.0,2021-03-01,2024-06-30,2024-01-02,2024-06-30,SUCCESS
RDMT2406.dbc,ftp://ftp.datasus.gov.br/dissemin/publicos/SIHSUS/200801_/Dados/RDMT2406.dbc,MT,202406,1564173.0,6d5f21d7e69f7cab9899a1c4ec57a5400d03475d801aae72a5424df610e7c90d,2026-08-31T03:27:16.822253+00:00,21086.0,20924.0,162.0,0.0,9609.0,3819.0,5772.0,5540.0,10853.0,7787.0,0.0,0.0,2023-11-08,2024-06-30,2024-01-04,2024-06-30,SUCCESS
RDPA2406.dbc,ftp://ftp.datasus.gov.br/dissemin/publicos/SIHSUS/200801_/Dados/RDPA2406.dbc,PA,202406,3198579.0,e26eefa7d90ec6dc91f499b513fa784d06a4066d4f9b4b525836b8b6e27488e1,2026-08-31T03:28:33.034913+00:00,46571.0,46571.0,0.0,0.0,20154.0,8115.0,12015.0,8540.0,19496.0,13937.0,0.0,0.0,2023-12-26,2024-06-30,2024-02-04,2024-06-30,SUCCESS
RDPB2406.dbc,ftp://ftp.datasus.gov.br/dissemin/publicos/SIHSUS/200801_/Dados/RDPB2406.dbc,PB,202406,1651372.0,f30b7ef7c46a9121f90faebf5a538bcce151987d6b60d220ed2349972f36c528,2026-08-31T03:30:07.618995+00:00,21942.0,21760.0,182.0,0.0,10944.0,6135.0,4808.0,9414.0,17351.0,9215.0,0.0,0.0,2023-11-27,2024-06-30,2024-01-18,2024-06-30,SUCCESS
RDPE2406.dbc,ftp://ftp.datasus.gov.br/dissemin/publicos/SIHSUS/200801_/Dados/RDPE2406.dbc,PE,202406,4081514.0,66777834e9a906043067ca00bd67e3fda90368b9305a61246cf7fd25d17f40fb,2026-08-31T03:30:38.757170+00:00,55884.0,55616.0,268.0,0.0,23325.0,12116.0,11085.0,22738.0,49987.0,31388.0,0.0,0.0,2013-06-28,2024-06-30,2024-02-06,2024-06-30,SUCCESS
RDPI2406.dbc,ftp://ftp.datasus.gov.br/dissemin/publicos/SIHSUS/200801_/Dados/RDPI2406.dbc,PI,202406,1333399.0,bce6a2817327c2638b60d8ed44f75a9a40a56826bb809ef23a2d769f6741029a,2026-08-31T03:31:44.859125+00:00,17875.0,17764.0,111.0,0.0,7025.0,2564.0,4460.0,12009.0,14872.0,8406.0,0.0,0.0,2010-10-26,2024-06-30,2024-02-09,2024-06-30,SUCCESS
RDPR2406.dbc,ftp://ftp.datasus.gov.br/dissemin/publicos/SIHSUS/200801_/Dados/RDPR2406.dbc,PR,202406,6549424.0,edf235d8a0bb835645d521269527cf6df341cae0b98174d352076dfcaa3a5ab0,2026-08-31T03:32:14.089573+00:00,87591.0,86241.0,1350.0,0.0,38222.0,21144.0,16808.0,4608.0,7453.0,6063.0,0.0,0.0,2015-04-18,2024-06-30,2024-01-02,2024-06-30,SUCCESS
RDRJ2406.dbc,ftp://ftp.datasus.gov.br/dissemin/publicos/SIHSUS/200801_/Dados/RDRJ2406.dbc,RJ,202406,5907008.0,02d6ba0cbe3db570f676c08df29f4c18a8c8c6a3be30cd554142b8cac5aef104,2026-08-31T03:33:51.668705+00:00,77251.0,76618.0,633.0,0.0,35312.0,19301.0,15854.0,30479.0,58687.0,53841.0,0.0,0.0,2012-03-16,2024-06-30,2024-01-01,2024-06-30,SUCCESS
RDRN2406.dbc,ftp://ftp.datasus.gov.br/dissemin/publicos/SIHSUS/200801_/Dados/RDRN2406.dbc,RN,202406,1379436.0,ff136e72eb7405168a182f5200bfc4fd43e8d2c8e496db4b74114ebba3beb978,2026-08-31T03:35:59.199318+00:00,18716.0,18657.0,59.0,0.0,9729.0,5447.0,3734.0,8382.0,15211.0,8547.0,0.0,0.0,2012-06-27,2024-06-30,2024-01-03,2024-06-30,SUCCESS
RDRO2406.dbc,ftp://ftp.datasus.gov.br/dissemin/publicos/SIHSUS/200801_/Dados/RDRO2406.dbc,RO,202406,828761.0,1c9a16d0df6a10364807686a12adfe7ddf2712479a151ce1636354c256a358ae,2026-08-31T03:36:50.583367+00:00,11640.0,11640.0,0.0,0.0,4287.0,2097.0,2164.0,6993.0,9740.0,8322.0,0.0,0.0,2023-05-21,2024-06-30,2024-02-21,2024-06-30,SUCCESS
RDRR2406.dbc,ftp://ftp.datasus.gov.br/dissemin/publicos/SIHSUS/200801_/Dados/RDRR2406.dbc,RR,202406,226367.0,a80c343222e3d451bc742388c3110c91d1765b0d0c961331be42489a7a53b8b1,2026-08-31T03:37:30.465530+00:00,2996.0,2996.0,0.0,0.0,927.0,284.0,643.0,10.0,10.0,45.0,0.0,0.0,2023-11-23,2024-06-29,2024-03-01,2024-06-30,SUCCESS
RDRS2406.dbc,ftp://ftp.datasus.gov.br/dissemin/publicos/SIHSUS/200801_/Dados/RDRS2406.dbc,RS,202406,5377015.0,76f0f9b1ece0a4473f441b69b593d562f874ab9dab32fdcbbb0f64adb8ba4017,2026-08-31T03:37:46.980154+00:00,69944.0,69536.0,408.0,0.0,28646.0,14066.0,14475.0,8532.0,10845.0,10180.0,0.0,0.0,2020-10-05,2024-06-30,2024-01-04,2024-06-30,SUCCESS
RDSC2406.dbc,ftp://ftp.datasus.gov.br/dissemin/publicos/SIHSUS/200801_/Dados/RDSC2406.dbc,SC,202406,4305490.0,f54dc8ec418ad925f10e0bacd33da73d646ecdd13f5aefe7ef298991e04379bb,2026-08-31T03:40:23.867080+00:00,54373.0,54217.0,156.0,0.0,26723.0,14648.0,11986.0,31777.0,38629.0,27685.0,0.0,0.0,2015-06-04,2024-06-30,2024-01-04,2024-06-30,SUCCESS
RDSE2406.dbc,ftp://ftp.datasus.gov.br/dissemin/publicos/SIHSUS/200801_/Dados/RDSE2406.dbc,SE,202406,746861.0,994aaa1cd92cf005ce2138660e612116e636053e80b42973623f1aebe36ccc68,2026-08-31T03:42:42.344969+00:00,9962.0,9890.0,72.0,0.0,4619.0,2542.0,2077.0,785.0,1748.0,864.0,0.0,0.0,2019-01-07,2024-06-29,2024-02-09,2024-06-30,SUCCESS
RDSP2406.dbc,ftp://ftp.datasus.gov.br/dissemin/publicos/SIHSUS/200801_/Dados/RDSP2406.dbc,SP,202406,18718079.0,fd882153b64c31c3d82e62b9bc2efafbc81923e8bb5c891d9634b35dd0fae590,2026-08-31T03:43:15.302847+00:00,240552.0,236023.0,4529.0,0.0,106848.0,62299.0,42808.0,22228.0,36944.0,38177.0,0.0,0.0,2008-01-01,2024-06-30,2024-01-01,2024-06-30,SUCCESS
RDTO2406.dbc,ftp://ftp.datasus.gov.br/dissemin/publicos/SIHSUS/200801_/Dados/RDTO2406.dbc,TO,202406,665964.0,9785c4501428e01213bc7c400e0d2468311563606c7a467ee2f2db4d0e6b493c,2026-08-31T03:51:06.891640+00:00,8978.0,8976.0,2.0,0.0,4232.0,1516.0,2716.0,1842.0,3517.0,2207.0,0.0,0.0,2024-01-04,2024-06-30,2024-01-05,2024-06-30,SUCCESS
RDAC2407.dbc,ftp://ftp.datasus.gov.br/dissemin/publicos/SIHSUS/200801_/Dados/RDAC2407.dbc,AC,202407,423121.0,87cde34b3cea7837ff8b39b219d3f398bc7f3a4696584fdb0de3a611672f3088,2026-08-31T03:09:56.141871+00:00,5830.0,5830.0,0.0,0.0,2515.0,1611.0,904.0,0.0,0.0,57.0,0.0,0.0,2023-12-28,2024-07-30,2024-02-07,2024-07-31,SUCCESS
RDAL2407.dbc,ftp://ftp.datasus.gov.br/dissemin/publicos/SIHSUS/200801_/Dados/RDAL2407.dbc,AL,202407,1114063.0,e4c4b70efefbe942371eb670077581da37436f64bebdcf5f462ae1cbda247276,2026-08-31T03:10:17.748133+00:00,15294.0,14931.0,363.0,0.0,7805.0,3064.0,4602.0,5411.0,12161.0,6569.0,0.0,0.0,2008-01-01,2024-07-31,2024-02-05,2024-07-31,SUCCESS
RDAM2407.dbc,ftp://ftp.datasus.gov.br/dissemin/publicos/SIHSUS/200801_/Dados/RDAM2407.dbc,AM,202407,1327483.0,5e0136fadcc4a22b2a4261a9bd56fdc3be547eda1f3e4e95853886ef48f17c96,2026-08-31T03:11:00.046126+00:00,19286.0,19286.0,0.0,0.0,7127.0,3370.0,3757.0,4707.0,13685.0,12637.0,0.0,0.0,2024-01-02,2024-07-31,2024-02-01,2024-07-31,SUCCESS
RDAP2407.dbc,ftp://ftp.datasus.gov.br/dissemin/publicos/SIHSUS/200801_/Dados/RDAP2407.dbc,AP,202407,325869.0,ed6e7a4590d867b7a155f2f268d9671efdb13dece1c532d79b5f52225e630fe4,2026-08-31T03:11:58.107087+00:00,4936.0,4936.0,0.0,0.0,2085.0,1126.0,959.0,1216.0,4046.0,3334.0,0.0,0.0,2024-02-29,2024-07-30,2024-04-05,2024-07-31,SUCCESS
RDBA2407.dbc,ftp://ftp.datasus.gov.br/dissemin/publicos/SIHSUS/200801_/Dados/RDBA2407.dbc,BA,202407,6032841.0,fbdc155985d9924a6d165a491c2917b9d2aef9c6b14ba8d399d136b79d728d60,2026-08-31T03:12:21.146640+00:00,83058.0,82723.0,335.0,0.0,36836.0,18868.0,17826.0,22740.0,50029.0,36148.0,0.0,0.0,2008-01-01,2024-07-31,2024-02-01,2024-07-31,SUCCESS
RDCE2407.dbc,ftp://ftp.datasus.gov.br/dissemin/publicos/SIHSUS/200801_/Dados/RDCE2407.dbc,CE,202407,3759635.0,ea684d40c09b8303b9aa906ac8d4fe65e7595a4a5fdefa10eb31db71e2ee8f07,2026-08-31T03:15:06.703952+00:00,51572.0,51174.0,398.0,0.0,21918.0,8884.0,12497.0,25018.0,41309.0,31821.0,0.0,0.0,2019-02-19,2024-07-31,2024-02-25,2024-07-31,SUCCESS
RDDF2407.dbc,ftp://ftp.datasus.gov.br/dissemin/publicos/SIHSUS/200801_/Dados/RDDF2407.dbc,DF,202407,1696887.0,712d436421f4f37df145c1c8c08b67130775eea0fa82cc51ab445db1f92143d1,2026-08-31T03:17:04.889904+00:00,21550.0,21470.0,80.0,0.0,7304.0,2029.0,5245.0,4616.0,21550.0,17141.0,0.0,0.0,2020-08-04,2024-07-31,2024-03-01,2024-07-31,SUCCESS
RDES2407.dbc,ftp://ftp.datasus.gov.br/dissemin/publicos/SIHSUS/200801_/Dados/RDES2407.dbc,ES,202407,2051555.0,edc82ce3f381eaee2a721a621bbed75b37d5a3512ba3ec2bf0573dbc909c69df,2026-08-31T03:17:34.014411+00:00,27057.0,26996.0,61.0,0.0,12909.0,5619.0,7012.0,7644.0,17991.0,11373.0,0.0,0.0,2023-12-01,2024-07-31,2024-03-01,2024-07-31,SUCCESS
RDGO2407.dbc,ftp://ftp.datasus.gov.br/dissemin/publicos/SIHSUS/200801_/Dados/RDGO2407.dbc,GO,202407,2902340.0,c10e99801b3b72b1131f3b74279164f27eaae102653ee73586cf4d0ef32fabdb,2026-08-31T03:18:32.387005+00:00,39119.0,38329.0,790.0,0.0,17847.0,7636.0,10211.0,5103.0,19514.0,11940.0,0.0,0.0,2008-01-01,2024-07-31,2024-02-01,2024-07-31,SUCCESS
RDMA2407.dbc,ftp://ftp.datasus.gov.br/dissemin/publicos/SIHSUS/200801_/Dados/RDMA2407.dbc,MA,202407,2882409.0,11e31dddadd9832837aac3907e18a3c59fc8c5daaa93ca176fb29f5f621b86e0,2026-08-31T03:19:58.294934+00:00,43112.0,42728.0,384.0,0.0,17495.0,7552.0,9872.0,2401.0,5431.0,4455.0,0.0,0.0,2015-01-16,2024-07-31,2024-02-06,2024-07-31,SUCCESS
RDMG2407.dbc,ftp://ftp.datasus.gov.br/dissemin/publicos/SIHSUS/200801_/Dados/RDMG2407.dbc,MG,202407,10177827.0,a67074a022488ef4c76d0681a43fd1d842d0f19376b3c625e5c79b915189324c,2026-08-31T03:21:25.712241+00:00,132337.0,131723.0,614.0,0.0,57150.0,28689.0,28223.0,36986.0,66401.0,46847.0,0.0,0.0,2011-01-27,2024-07-31,2024-02-01,2024-07-31,SUCCESS
RDMS2407.dbc,ftp://ftp.datasus.gov.br/dissemin/publicos/SIHSUS/200801_/Dados/RDMS2407.dbc,MS,202407,1379620.0,72686406dadca3b7913c2135f91057d04e0fd057da53218080ff047eaf234182,2026-08-31T03:26:10.047477+00:00,18031.0,17866.0,165.0,0.0,7817.0,2914.0,4903.0,5337.0,6907.0,6858.0,0.0,0.0,2021-03-01,2024-07-31,2024-02-01,2024-07-31,SUCCESS
RDMT2407.dbc,ftp://ftp.datasus.gov.br/dissemin/publicos/SIHSUS/200801_/Dados/RDMT2407.dbc,MT,202407,1662153.0,e05e529d5c64cb9f74db8061fff7a72a6c4c2d699b97ba935e93e12446aceb31,2026-08-31T03:27:26.627771+00:00,22351.0,22189.0,162.0,0.0,10504.0,4112.0,6382.0,5938.0,11691.0,8471.0,0.0,0.0,2023-08-31,2024-07-31,2024-02-01,2024-07-31,SUCCESS
RDPA2407.dbc,ftp://ftp.datasus.gov.br/dissemin/publicos/SIHSUS/200801_/Dados/RDPA2407.dbc,PA,202407,3186393.0,4c627204f49372f33e948af4022f77f05234a9026c7fa77684a65d203b2f3902,2026-08-31T03:28:33.095889+00:00,46082.0,46082.0,0.0,0.0,19969.0,7688.0,12263.0,8383.0,19818.0,13819.0,0.0,0.0,2024-01-17,2024-07-31,2024-02-03,2024-07-31,SUCCESS
RDPB2407.dbc,ftp://ftp.datasus.gov.br/dissemin/publicos/SIHSUS/200801_/Dados/RDPB2407.dbc,PB,202407,1726277.0,951a9fb016363706ddf5f72bc29996f61734c61728e9759efdb8466c0f852048,2026-08-31T03:30:07.627738+00:00,22983.0,22830.0,153.0,0.0,11680.0,6348.0,5329.0,9929.0,18294.0,9756.0,0.0,0.0,2023-12-12,2024-07-31,2024-03-01,2024-07-31,SUCCESS
RDPE2407.dbc,ftp://ftp.datasus.gov.br/dissemin/publicos/SIHSUS/200801_/Dados/RDPE2407.dbc,PE,202407,4282602.0,3f3515bba2c9c875d00a1597f36664fe02ce4463497133e948288980439c2f78,2026-08-31T03:30:41.702824+00:00,58769.0,58551.0,218.0,0.0,24501.0,12953.0,11389.0,23622.0,53031.0,33086.0,0.0,0.0,2013-06-28,2024-07-31,2024-02-26,2024-07-31,SUCCESS
RDPI2407.dbc,ftp://ftp.datasus.gov.br/dissemin/publicos/SIHSUS/200801_/Dados/RDPI2407.dbc,PI,202407,1382053.0,a0b5316b18ba900bee2bc62a2a7681f4dd68a63e2dfec2a763636341190bfede,2026-08-31T03:31:44.932391+00:00,18549.0,18404.0,145.0,0.0,7562.0,2972.0,4589.0,13009.0,15684.0,8924.0,0.0,0.0,2010-10-26,2024-07-31,2024-03-06,2024-07-31,SUCCESS
RDPR2407.dbc,ftp://ftp.datasus.gov.br/dissemin/publicos/SIHSUS/200801_/Dados/RDPR2407.dbc,PR,202407,6724920.0,e205d4d4a0e5e0051b9dff022a8dd38b5e82584a5d93acf645223d8601e5a5c4,2026-08-31T03:32:14.089573+00:00,88618.0,87225.0,1393.0,0.0,40514.0,22476.0,17824.0,4664.0,7658.0,6144.0,0.0,0.0,2015-04-18,2024-07-31,2024-02-01,2024-07-31,SUCCESS
RDRJ2407.dbc,ftp://ftp.datasus.gov.br/dissemin/publicos/SIHSUS/200801_/Dados/RDRJ2407.dbc,RJ,202407,6108548.0,9adda65235c26c0b7b3eb4db49b9145f0d5e3115c104f33b546aeb3a3965eaf3,2026-08-31T03:33:52.095252+00:00,78751.0,78077.0,674.0,0.0,36003.0,19127.0,16721.0,30501.0,59673.0,54467.0,0.0,0.0,2012-03-16,2024-07-31,2024-02-06,2024-07-31,SUCCESS
RDRN2407.dbc,ftp://ftp.datasus.gov.br/dissemin/publicos/SIHSUS/200801_/Dados/RDRN2407.dbc,RN,202407,1424224.0,8163809c84968868a0ea7ccf8f6319585c69796ff10a907f0763987583d35e2a,2026-08-31T03:35:59.891860+00:00,19293.0,19238.0,55.0,0.0,10319.0,5970.0,3794.0,8553.0,15518.0,8771.0,0.0,0.0,2012-06-27,2024-07-31,2024-02-17,2024-07-31,SUCCESS
RDRO2407.dbc,ftp://ftp.datasus.gov.br/dissemin/publicos/SIHSUS/200801_/Dados/RDRO2407.dbc,RO,202407,863246.0,48594cbcab1b6df7026e08793e74bf2f92aa9fe2e13202faba6216bff9d5283b,2026-08-31T03:36:58.088384+00:00,12124.0,12124.0,0.0,0.0,4294.0,2129.0,2140.0,7264.0,10194.0,8621.0,0.0,0.0,2023-06-01,2024-07-31,2024-04-01,2024-07-31,SUCCESS
RDRR2407.dbc,ftp://ftp.datasus.gov.br/dissemin/publicos/SIHSUS/200801_/Dados/RDRR2407.dbc,RR,202407,203323.0,b70e812c5138ef6e5f61306014265eb2f7a640c7ab036fc33e98764dc6d2e4f8,2026-08-31T03:37:31.397849+00:00,2637.0,2637.0,0.0,0.0,749.0,255.0,494.0,0.0,0.0,28.0,0.0,0.0,2023-12-27,2024-07-29,2024-04-01,2024-07-31,SUCCESS
RDRS2407.dbc,ftp://ftp.datasus.gov.br/dissemin/publicos/SIHSUS/200801_/Dados/RDRS2407.dbc,RS,202407,5473293.0,8df7f237c8651197e3ffeaa9e0751f1e7a61d038902852568a908c98d7e30a7f,2026-08-31T03:37:46.984648+00:00,70523.0,70085.0,438.0,0.0,29575.0,15340.0,14126.0,9599.0,12095.0,11672.0,0.0,0.0,2020-10-05,2024-07-31,2024-02-08,2024-07-31,SUCCESS
RDSC2407.dbc,ftp://ftp.datasus.gov.br/dissemin/publicos/SIHSUS/200801_/Dados/RDSC2407.dbc,SC,202407,4500538.0,9b02f6819fd54b0a3135b3990547e897e8205ba41627b081552eb6a9387082af,2026-08-31T03:40:24.059731+00:00,57004.0,56834.0,170.0,0.0,29466.0,16870.0,12541.0,34004.0,40995.0,28925.0,0.0,0.0,2015-06-04,2024-07-31,2024-02-01,2024-07-31,SUCCESS
RDSE2407.dbc,ftp://ftp.datasus.gov.br/dissemin/publicos/SIHSUS/200801_/Dados/RDSE2407.dbc,SE,202407,799547.0,790a04da89081f976d2054b03d36d78e3d128e04481f03965b36bfe0e1abe3a0,2026-08-31T03:42:42.362773+00:00,10903.0,10830.0,73.0,0.0,4917.0,2582.0,2335.0,735.0,1910.0,987.0,0.0,0.0,2019-01-07,2024-07-31,2024-03-04,2024-07-31,SUCCESS
RDSP2407.dbc,ftp://ftp.datasus.gov.br/dissemin/publicos/SIHSUS/200801_/Dados/RDSP2407.dbc,SP,202407,18940801.0,730b77b2730c1d02bf9e7affe04c04992bbcea7eb693c08847b9100cad41152a,2026-08-31T03:43:15.402892+00:00,241470.0,236927.0,4543.0,0.0,108734.0,63375.0,43546.0,23099.0,37313.0,38844.0,0.0,0.0,2008-01-01,2024-07-31,2024-02-01,2024-07-31,SUCCESS
RDTO2407.dbc,ftp://ftp.datasus.gov.br/dissemin/publicos/SIHSUS/200801_/Dados/RDTO2407.dbc,TO,202407,662917.0,ad102e623aabc6c801cdace02189292f2083610f1f4f8946878d67eb23b078ef,2026-08-31T03:51:06.933871+00:00,8841.0,8840.0,1.0,0.0,3806.0,1157.0,2649.0,2095.0,3788.0,2262.0,0.0,0.0,2024-03-03,2024-07-31,2024-04-01,2024-07-31,SUCCESS
RDAC2408.dbc,ftp://ftp.datasus.gov.br/dissemin/publicos/SIHSUS/200801_/Dados/RDAC2408.dbc,AC,202408,346250.0,767e395d9cc0803aeedf238da5336c1b86b82d0d33da386ba9b452a4cb4886a9,2026-08-31T03:09:56.141871+00:00,4712.0,4712.0,0.0,0.0,1997.0,1240.0,757.0,0.0,0.0,65.0,0.0,0.0,2024-04-01,2024-08-31,2024-04-09,2024-08-31,SUCCESS
RDAL2408.dbc,ftp://ftp.datasus.gov.br/dissemin/publicos/SIHSUS/200801_/Dados/RDAL2408.dbc,AL,202408,1106167.0,176d06e737ab11929a022daf9b89def1009e912d40c68d02f4fec674e741f2f5,2026-08-31T03:10:17.764459+00:00,15290.0,14945.0,345.0,0.0,8155.0,3539.0,4487.0,5373.0,12025.0,6723.0,0.0,0.0,2008-01-01,2024-08-31,2024-03-07,2024-08-31,SUCCESS
RDAM2408.dbc,ftp://ftp.datasus.gov.br/dissemin/publicos/SIHSUS/200801_/Dados/RDAM2408.dbc,AM,202408,1292304.0,1f3a09504c6170ffdbb08a21da72d9d4fd1f530a9b6b782e9d5f49d358f50695,2026-08-31T03:11:00.113209+00:00,18733.0,18733.0,0.0,0.0,7054.0,2922.0,4131.0,4670.0,12807.0,11821.0,0.0,0.0,2024-02-02,2024-08-31,2024-03-04,2024-08-31,SUCCESS
RDAP2408.dbc,ftp://ftp.datasus.gov.br/dissemin/publicos/SIHSUS/200801_/Dados/RDAP2408.dbc,AP,202408,321792.0,db5b6037e29a21d9920908b6ebeab31cffbee8efb4903bead0f8705ffb3585cd,2026-08-31T03:12:03.204119+00:00,4838.0,4838.0,0.0,0.0,2218.0,1229.0,989.0,1166.0,3986.0,3218.0,0.0,0.0,2024-04-08,2024-08-31,2024-05-03,2024-08-31,SUCCESS
RDBA2408.dbc,ftp://ftp.datasus.gov.br/dissemin/publicos/SIHSUS/200801_/Dados/RDBA2408.dbc,BA,202408,6058359.0,18ed23b7ce0dbba21de03ef2b5f1d2567523d909512901243888c784e4e8b477,2026-08-31T03:12:22.940328+00:00,83622.0,83324.0,298.0,0.0,38603.0,20476.0,17957.0,22044.0,50759.0,36314.0,0.0,0.0,2008-01-01,2024-08-31,2024-03-02,2024-08-31,SUCCESS
RDCE2408.dbc,ftp://ftp.datasus.gov.br/dissemin/publicos/SIHSUS/200801_/Dados/RDCE2408.dbc,CE,202408,3763218.0,aa2f2e0813c02ebdede70e0daf7ba9b4cac57b195ae96bec31dbcf433f840b1d,2026-08-31T03:15:06.736303+00:00,51288.0,50892.0,396.0,0.0,22216.0,9292.0,12376.0,25004.0,41063.0,31238.0,0.0,0.0,2019-02-19,2024-08-31,2024-03-10,2024-08-31,SUCCESS
RDDF2408.dbc,ftp://ftp.datasus.gov.br/dissemin/publicos/SIHSUS/200801_/Dados/RDDF2408.dbc,DF,202408,1690674.0,fd8e7ec16ba9bd0a57fb3633c3e9ea5902be184d071c2015dee4dd01715cda5a,2026-08-31T03:17:07.116958+00:00,21218.0,21136.0,82.0,0.0,7370.0,2438.0,4911.0,4642.0,21218.0,16751.0,0.0,0.0,2020-08-04,2024-08-31,2024-05-01,2024-08-31,SUCCESS
RDES2408.dbc,ftp://ftp.datasus.gov.br/dissemin/publicos/SIHSUS/200801_/Dados/RDES2408.dbc,ES,202408,1984648.0,bd57d3ebe29d75dc028ed71e86805fcea4a6a85a51111b54784165fe2db44f37,2026-08-31T03:17:34.038622+00:00,25649.0,25594.0,55.0,0.0,12281.0,5560.0,6435.0,7321.0,17260.0,10674.0,0.0,0.0,2023-11-09,2024-08-31,2024-04-09,2024-08-31,SUCCESS
RDGO2408.dbc,ftp://ftp.datasus.gov.br/dissemin/publicos/SIHSUS/200801_/Dados/RDGO2408.dbc,GO,202408,2831733.0,04a59146a34b3f6f0fd4385cf5ccd3074e5356e41c7fbea629908a381b6bd473,2026-08-31T03:18:42.955978+00:00,38165.0,37278.0,887.0,0.0,17610.0,7648.0,9962.0,4938.0,19496.0,11738.0,0.0,0.0,2008-01-01,2024-08-31,2024-03-01,2024-08-31,SUCCESS
RDMA2408.dbc,ftp://ftp.datasus.gov.br/dissemin/publicos/SIHSUS/200801_/Dados/RDMA2408.dbc,MA,202408,2852973.0,b2a6a7f3e4cbf911398140cc923b4f5d08cb3f96bc0dbb03bf641a0f2cc5692c,2026-08-31T03:20:10.930071+00:00,42839.0,42449.0,390.0,0.0,17619.0,7659.0,9940.0,2222.0,5204.0,4215.0,0.0,0.0,2015-01-16,2024-08-31,2024-04-05,2024-08-31,SUCCESS
RDMG2408.dbc,ftp://ftp.datasus.gov.br/dissemin/publicos/SIHSUS/200801_/Dados/RDMG2408.dbc,MG,202408,10370439.0,5bd38dc7e96138b9ae2e40428e96dfcdc8192d0a2e1c6d7d47b2767a46a369dd,2026-08-31T03:21:32.970912+00:00,134161.0,133542.0,619.0,0.0,59610.0,30874.0,28450.0,36666.0,67317.0,47144.0,0.0,0.0,2011-01-27,2024-08-31,2024-03-01,2024-08-31,SUCCESS
RDMS2408.dbc,ftp://ftp.datasus.gov.br/dissemin/publicos/SIHSUS/200801_/Dados/RDMS2408.dbc,MS,202408,1430087.0,6faf0675a3367bc0911cd645452d24b6c7547ffeb9362deeaee693375f6959b6,2026-08-31T03:26:20.499346+00:00,18740.0,18610.0,130.0,0.0,8858.0,3475.0,5383.0,5433.0,7067.0,6927.0,0.0,0.0,2021-03-01,2024-08-31,2024-03-05,2024-08-31,SUCCESS
RDMT2408.dbc,ftp://ftp.datasus.gov.br/dissemin/publicos/SIHSUS/200801_/Dados/RDMT2408.dbc,MT,202408,1648086.0,bf680da417b358e6e5e821e19cdf50569715e34adc71ecafa3f407cc685284c2,2026-08-31T03:27:26.723493+00:00,22196.0,22034.0,162.0,0.0,10542.0,3996.0,6544.0,5969.0,11593.0,8378.0,0.0,0.0,2023-08-31,2024-08-31,2024-03-01,2024-08-31,SUCCESS
RDPA2408.dbc,ftp://ftp.datasus.gov.br/dissemin/publicos/SIHSUS/200801_/Dados/RDPA2408.dbc,PA,202408,3187830.0,155edb4e3aab6b038400bc4c804ecd8fa815d130ac37a912a4368cd6e3dc2a4d,2026-08-31T03:28:34.565146+00:00,46227.0,46227.0,0.0,0.0,20178.0,7973.0,12201.0,8560.0,20026.0,14113.0,0.0,0.0,2024-01-02,2024-08-31,2024-03-22,2024-08-31,SUCCESS
RDPB2408.dbc,ftp://ftp.datasus.gov.br/dissemin/publicos/SIHSUS/200801_/Dados/RDPB2408.dbc,PB,202408,1746025.0,014498c8145974f76d8689f0cd4f3e648f77fc19dedb2e3cde048606fb55d9c7,2026-08-31T03:30:14.136032+00:00,23044.0,22833.0,211.0,0.0,11681.0,6298.0,5376.0,9795.0,18326.0,9988.0,0.0,0.0,2024-01-14,2024-08-31,2024-04-03,2024-08-31,SUCCESS
RDPE2408.dbc,ftp://ftp.datasus.gov.br/dissemin/publicos/SIHSUS/200801_/Dados/RDPE2408.dbc,PE,202408,4363901.0,1b83f82a1af41f064ddcb1795128b40d370a2e5792459bce3a680ee7cb0e2988,2026-08-31T03:30:43.634469+00:00,59288.0,59057.0,231.0,0.0,26169.0,14434.0,11644.0,23158.0,52881.0,32880.0,0.0,0.0,2013-06-28,2024-08-31,2024-04-04,2024-08-31,SUCCESS
RDPI2408.dbc,ftp://ftp.datasus.gov.br/dissemin/publicos/SIHSUS/200801_/Dados/RDPI2408.dbc,PI,202408,1413168.0,d51fb269ec8b3deff3eef99c88419dd3e972df85723f132e3a27add93bbfcf4c,2026-08-31T03:31:45.002122+00:00,18884.0,18769.0,115.0,0.0,8063.0,3064.0,4999.0,12991.0,15915.0,8958.0,0.0,0.0,2010-10-26,2024-08-31,2024-03-14,2024-08-31,SUCCESS
RDPR2408.dbc,ftp://ftp.datasus.gov.br/dissemin/publicos/SIHSUS/200801_/Dados/RDPR2408.dbc,PR,202408,6937458.0,e7d1b248afced374ebaeec45a46a03cb33333668a02b2659990cca6e6edcea4f,2026-08-31T03:32:14.193105+00:00,91493.0,90131.0,1362.0,0.0,41989.0,23730.0,18000.0,5087.0,8313.0,6752.0,0.0,0.0,2015-04-18,2024-08-31,2024-03-01,2024-08-31,SUCCESS
RDRJ2408.dbc,ftp://ftp.datasus.gov.br/dissemin/publicos/SIHSUS/200801_/Dados/RDRJ2408.dbc,RJ,202408,6050739.0,f1e7a9ab41ea491deb6c2bf2fab8e97b456008ffbc37a7c88e062987ebaf59ea,2026-08-31T03:33:52.126343+00:00,77860.0,77195.0,665.0,0.0,35907.0,19170.0,16577.0,30761.0,59789.0,54663.0,0.0,0.0,2012-03-16,2024-08-31,2024-03-02,2024-08-31,SUCCESS
RDRN2408.dbc,ftp://ftp.datasus.gov.br/dissemin/publicos/SIHSUS/200801_/Dados/RDRN2408.dbc,RN,202408,1455250.0,7b9ec23fe1fa1a358299ab6144ddf7ccf6a26735c982f8d2995817eefe5ed369,2026-08-31T03:35:59.920714+00:00,19768.0,19716.0,52.0,0.0,10484.0,6104.0,3852.0,9170.0,16111.0,9081.0,0.0,0.0,2012-06-27,2024-08-31,2024-04-07,2024-08-31,SUCCESS
RDRO2408.dbc,ftp://ftp.datasus.gov.br/dissemin/publicos/SIHSUS/200801_/Dados/RDRO2408.dbc,RO,202408,842866.0,72b6bcb6949b7394e150d532015e13322d49c4b947effe5e24c6f160f57a1395,2026-08-31T03:36:58.370968+00:00,11769.0,11769.0,0.0,0.0,4501.0,2497.0,1982.0,7089.0,9934.0,8549.0,0.0,0.0,2024-03-03,2024-08-31,2024-05-01,2024-08-31,SUCCESS
RDRR2408.dbc,ftp://ftp.datasus.gov.br/dissemin/publicos/SIHSUS/200801_/Dados/RDRR2408.dbc,RR,202408,237040.0,51f5911e8c761095a12c917bb57213cee4726cb6124178cfe375c569aa68a3c9,2026-08-31T03:37:33.975508+00:00,3127.0,3127.0,0.0,0.0,1032.0,195.0,837.0,114.0,114.0,98.0,0.0,0.0,2024-02-10,2024-08-29,2024-03-18,2024-08-31,SUCCESS
RDRS2408.dbc,ftp://ftp.datasus.gov.br/dissemin/publicos/SIHSUS/200801_/Dados/RDRS2408.dbc,RS,202408,5705036.0,35f252e836066d74b7c9d7274c9503e4636222cd9dc77049573732cddea5236b,2026-08-31T03:37:47.972813+00:00,73447.0,73075.0,372.0,0.0,32096.0,16914.0,15071.0,9726.0,12240.0,11620.0,0.0,0.0,2020-10-05,2024-08-31,2024-03-02,2024-08-31,SUCCESS
RDSC2408.dbc,ftp://ftp.datasus.gov.br/dissemin/publicos/SIHSUS/200801_/Dados/RDSC2408.dbc,SC,202408,4483706.0,e265514be675616694a3e8f771c95f4770fb17ff22a3a50055cffa2a28372f5f,2026-08-31T03:40:24.059731+00:00,57052.0,56867.0,185.0,0.0,29516.0,16774.0,12652.0,33186.0,41067.0,29299.0,0.0,0.0,2015-06-04,2024-08-31,2024-03-01,2024-08-31,SUCCESS
RDSE2408.dbc,ftp://ftp.datasus.gov.br/dissemin/publicos/SIHSUS/200801_/Dados/RDSE2408.dbc,SE,202408,763237.0,76003b07f6b8781550387ee1d13154340e02a43ee49fcdf2a4c8e46998bfa2b3,2026-08-31T03:42:45.128004+00:00,10237.0,10166.0,71.0,0.0,4786.0,2568.0,2218.0,940.0,1958.0,909.0,0.0,0.0,2019-01-07,2024-08-31,2024-04-02,2024-08-31,SUCCESS
RDSP2408.dbc,ftp://ftp.datasus.gov.br/dissemin/publicos/SIHSUS/200801_/Dados/RDSP2408.dbc,SP,202408,19243524.0,7d2b14768c7977b61941a0bed1a809d3e0857e48a9bc30694980ef911c00bafd,2026-08-31T03:43:15.418935+00:00,246085.0,241588.0,4497.0,0.0,113016.0,66657.0,44304.0,23336.0,38260.0,39996.0,0.0,0.0,2008-01-01,2024-08-31,2024-03-01,2024-08-31,SUCCESS
RDTO2408.dbc,ftp://ftp.datasus.gov.br/dissemin/publicos/SIHSUS/200801_/Dados/RDTO2408.dbc,TO,202408,703719.0,9dda13ea5671a25f4d9b05396c58ea8c5d2056915d9e4681811c50e6620bf77b,2026-08-31T03:51:07.540441+00:00,9486.0,9486.0,0.0,0.0,4282.0,1321.0,2961.0,2135.0,4002.0,2439.0,0.0,0.0,2024-03-13,2024-08-31,2024-04-13,2024-08-31,SUCCESS
RDAC2409.dbc,ftp://ftp.datasus.gov.br/dissemin/publicos/SIHSUS/200801_/Dados/RDAC2409.dbc,AC,202409,353421.0,268108f4a02ab8266837780fc104ce813add0f56cf2811a75d75f83fa1564931,2026-08-31T03:09:56.150635+00:00,4896.0,4896.0,0.0,0.0,2328.0,1526.0,802.0,0.0,0.0,52.0,0.0,0.0,2024-01-29,2024-09-29,2024-04-01,2024-09-30,SUCCESS
RDAL2409.dbc,ftp://ftp.datasus.gov.br/dissemin/publicos/SIHSUS/200801_/Dados/RDAL2409.dbc,AL,202409,1075022.0,14cafa768de82568a75445d237272da2365740d5ad005875af1e697a76e449ce,2026-08-31T03:10:18.300845+00:00,14743.0,14393.0,350.0,0.0,7716.0,3333.0,4250.0,5184.0,11583.0,6517.0,0.0,0.0,2008-01-01,2024-09-30,2024-04-23,2024-09-30,SUCCESS
RDAM2409.dbc,ftp://ftp.datasus.gov.br/dissemin/publicos/SIHSUS/200801_/Dados/RDAM2409.dbc,AM,202409,1369731.0,d7a448dc2041b9790f2940c8bacf5a69d8b7b37bd03555b181160b94025f7735,2026-08-31T03:11:08.247527+00:00,19962.0,19962.0,0.0,0.0,8045.0,3870.0,4175.0,5037.0,14164.0,13181.0,0.0,0.0,2024-03-04,2024-09-30,2024-04-03,2024-09-30,SUCCESS
RDAP2409.dbc,ftp://ftp.datasus.gov.br/dissemin/publicos/SIHSUS/200801_/Dados/RDAP2409.dbc,AP,202409,342262.0,a9530ce8259b555ee022f6fcd9456aa253c069cf42b86e129b94e886a43fa421,2026-08-31T03:12:03.536809+00:00,5188.0,5188.0,0.0,0.0,2406.0,1305.0,1101.0,1177.0,4308.0,3575.0,0.0,0.0,2024-04-24,2024-09-30,2024-06-01,2024-09-30,SUCCESS
RDBA2409.dbc,ftp://ftp.datasus.gov.br/dissemin/publicos/SIHSUS/200801_/Dados/RDBA2409.dbc,BA,202409,5801443.0,26fb779c6ff2343d55df8fe4e4572f8deb820a144bd426d04dcf5793fb723747,2026-08-31T03:12:22.981903+00:00,81214.0,80907.0,307.0,0.0,38327.0,20527.0,17560.0,21829.0,49705.0,35875.0,0.0,0.0,2008-01-01,2024-09-30,2024-04-02,2024-09-30,SUCCESS
RDCE2409.dbc,ftp://ftp.datasus.gov.br/dissemin/publicos/SIHSUS/200801_/Dados/RDCE2409.dbc,CE,202409,3653653.0,4fa64a3fff2c432e4eedbed324ac345c6f31943fb80e7d05c193e70b58f99b7e,2026-08-31T03:15:33.097213+00:00,50083.0,49715.0,368.0,0.0,21575.0,9110.0,11944.0,25003.0,40301.0,31158.0,0.0,0.0,2019-02-22,2024-09-30,2024-04-24,2024-09-30,SUCCESS
RDDF2409.dbc,ftp://ftp.datasus.gov.br/dissemin/publicos/SIHSUS/200801_/Dados/RDDF2409.dbc,DF,202409,1556797.0,5735d18e89927a7e94249b92b8b776a151d80e5341d1f0701da552c8cc6f04a1,2026-08-31T03:17:10.926933+00:00,19456.0,19379.0,77.0,0.0,6684.0,1855.0,4771.0,4291.0,19456.0,15242.0,0.0,0.0,2021-12-19,2024-09-30,2024-06-01,2024-09-30,SUCCESS
RDES2409.dbc,ftp://ftp.datasus.gov.br/dissemin/publicos/SIHSUS/200801_/Dados/RDES2409.dbc,ES,202409,2017300.0,ffe37d35336bf4481254a4d0defc8817ba12e8ebbc822b74b167080c7ebc60d1,2026-08-31T03:17:38.620607+00:00,26106.0,26038.0,68.0,0.0,12354.0,5691.0,6376.0,6989.0,17543.0,10985.0,0.0,0.0,2024-03-22,2024-09-30,2024-04-01,2024-09-30,SUCCESS
RDGO2409.dbc,ftp://ftp.datasus.gov.br/dissemin/publicos/SIHSUS/200801_/Dados/RDGO2409.dbc,GO,202409,2793720.0,6eb17bdcd48b7d650670da7d1e29a1e6a5f7ce1f66a4599457ba9ebec3784653,2026-08-31T03:18:43.668923+00:00,38177.0,37306.0,871.0,0.0,17046.0,7410.0,9636.0,4657.0,18310.0,11022.0,0.0,0.0,2008-01-01,2024-09-30,2024-04-01,2024-09-30,SUCCESS
RDMA2409.dbc,ftp://ftp.datasus.gov.br/dissemin/publicos/SIHSUS/200801_/Dados/RDMA2409.dbc,MA,202409,2846839.0,5e20f196ac21a8a7b5beb6d86660f099759863782a87debcb0a4cc8e225c8c8b,2026-08-31T03:20:11.406199+00:00,42368.0,41988.0,380.0,0.0,17843.0,7745.0,10033.0,2418.0,5380.0,4338.0,0.0,0.0,2015-01-16,2024-09-30,2024-06-01,2024-09-30,SUCCESS
RDMG2409.dbc,ftp://ftp.datasus.gov.br/dissemin/publicos/SIHSUS/200801_/Dados/RDMG2409.dbc,MG,202409,10242216.0,badb4e6d1092883f225e4d325439733186e02ffc0959bdcdceccbf4758cdcf94,2026-08-31T03:21:33.033154+00:00,131953.0,131366.0,587.0,0.0,59033.0,30577.0,28171.0,35437.0,64754.0,45523.0,0.0,0.0,2011-01-27,2024-09-30,2024-04-02,2024-09-30,SUCCESS
RDMS2409.dbc,ftp://ftp.datasus.gov.br/dissemin/publicos/SIHSUS/200801_/Dados/RDMS2409.dbc,MS,202409,1448905.0,04a83aab2e92d337977d5507438893cb6820e43020a2660ac38abaa00ce2ad92,2026-08-31T03:26:22.017106+00:00,19012.0,18866.0,146.0,0.0,8659.0,3408.0,5251.0,5685.0,7310.0,7228.0,0.0,0.0,2021-03-01,2024-09-30,2024-04-04,2024-09-30,SUCCESS
RDMT2409.dbc,ftp://ftp.datasus.gov.br/dissemin/publicos/SIHSUS/200801_/Dados/RDMT2409.dbc,MT,202409,1617012.0,94e6ca566ecbaa6f9f229eef24ccb8fbaebfcd41b07eca1f8977c10c4e81cecc,2026-08-31T03:27:27.088780+00:00,21841.0,21678.0,163.0,0.0,10087.0,3988.0,6096.0,5161.0,11256.0,8188.0,0.0,0.0,2024-01-01,2024-09-30,2024-04-01,2024-09-30,SUCCESS
RDPA2409.dbc,ftp://ftp.datasus.gov.br/dissemin/publicos/SIHSUS/200801_/Dados/RDPA2409.dbc,PA,202409,3230220.0,d06ca9b5e1643fab69310ac0ac81ee9af489a34086b033be5f72cfb34bedad40,2026-08-31T03:28:34.724113+00:00,46896.0,46896.0,0.0,0.0,20941.0,8338.0,12549.0,9179.0,20266.0,14214.0,0.0,0.0,2024-01-10,2024-09-30,2024-04-03,2024-09-30,SUCCESS
RDPB2409.dbc,ftp://ftp.datasus.gov.br/dissemin/publicos/SIHSUS/200801_/Dados/RDPB2409.dbc,PB,202409,1723600.0,5d27ae0ef165779983b0b4147a59a932f9af64031ee8406c73e26bcb1860baa5,2026-08-31T03:30:14.188166+00:00,22657.0,22447.0,210.0,0.0,11525.0,6616.0,4904.0,9488.0,17917.0,9839.0,0.0,0.0,2024-01-02,2024-09-30,2024-04-17,2024-09-30,SUCCESS
RDPE2409.dbc,ftp://ftp.datasus.gov.br/dissemin/publicos/SIHSUS/200801_/Dados/RDPE2409.dbc,PE,202409,4189810.0,af6b93de6c40eb148b76da863a98f5a511035d91ee1fee04e3c48b16e22056f0,2026-08-31T03:30:43.639647+00:00,57731.0,57502.0,229.0,0.0,25276.0,14191.0,11023.0,22654.0,51409.0,31888.0,0.0,0.0,2013-06-28,2024-09-30,2024-04-29,2024-09-30,SUCCESS
RDPI2409.dbc,ftp://ftp.datasus.gov.br/dissemin/publicos/SIHSUS/200801_/Dados/RDPI2409.dbc,PI,202409,1408826.0,cff86475525e071ba4232cae5dfc3dfd81e856c3a61a53e2c039e778aec7987b,2026-08-31T03:31:49.975269+00:00,18830.0,18718.0,112.0,0.0,7912.0,3014.0,4898.0,13030.0,15962.0,9140.0,0.0,0.0,2010-10-26,2024-09-30,2024-05-02,2024-09-30,SUCCESS
RDPR2409.dbc,ftp://ftp.datasus.gov.br/dissemin/publicos/SIHSUS/200801_/Dados/RDPR2409.dbc,PR,202409,6925090.0,c06824c4e8fa3193ecf1a2bf80f6d8648d99b076a1fe7c5b4b4bcd69af36489c,2026-08-31T03:32:16.282918+00:00,90904.0,89470.0,1434.0,0.0,40607.0,22959.0,17478.0,4770.0,7827.0,6602.0,0.0,0.0,2015-04-18,2024-09-30,2024-04-01,2024-09-30,SUCCESS
RDRJ2409.dbc,ftp://ftp.datasus.gov.br/dissemin/publicos/SIHSUS/200801_/Dados/RDRJ2409.dbc,RJ,202409,5883504.0,6cae6a370482e58787f18fd6eaeeda322481194f3bb4d333435dad93efe5a47b,2026-08-31T03:33:52.268364+00:00,76250.0,75643.0,607.0,0.0,34613.0,17943.0,16519.0,30277.0,57850.0,53065.0,0.0,0.0,2012-03-16,2024-09-30,2024-04-15,2024-09-30,SUCCESS
RDRN2409.dbc,ftp://ftp.datasus.gov.br/dissemin/publicos/SIHSUS/200801_/Dados/RDRN2409.dbc,RN,202409,1384239.0,37b876f2c7e766af053ea2ed235d9054c489124fcf8048b677498b3b549c1b90,2026-08-31T03:35:59.950907+00:00,18797.0,18749.0,48.0,0.0,10336.0,6025.0,3731.0,8576.0,15374.0,8582.0,0.0,0.0,2012-06-27,2024-09-30,2024-05-01,2024-09-30,SUCCESS
RDRO2409.dbc,ftp://ftp.datasus.gov.br/dissemin/publicos/SIHSUS/200801_/Dados/RDRO2409.dbc,RO,202409,795082.0,38b194052c97d2e0fdb0800e4d3fe13f2881596d423683a0206b3eb64628868e,2026-08-31T03:36:58.557394+00:00,11225.0,11225.0,0.0,0.0,4070.0,2336.0,1720.0,7011.0,9274.0,7879.0,0.0,0.0,2023-12-18,2024-09-30,2024-04-09,2024-09-30,SUCCESS
RDRR2409.dbc,ftp://ftp.datasus.gov.br/dissemin/publicos/SIHSUS/200801_/Dados/RDRR2409.dbc,RR,202409,218845.0,527aa47300522c24a9c85ce0e821b1848a4c9b252f871c460ffd19f3a28643b0,2026-08-31T03:37:34.627541+00:00,2882.0,2882.0,0.0,0.0,953.0,294.0,659.0,263.0,263.0,216.0,0.0,0.0,2023-11-24,2024-09-29,2024-06-01,2024-09-30,SUCCESS
RDRS2409.dbc,ftp://ftp.datasus.gov.br/dissemin/publicos/SIHSUS/200801_/Dados/RDRS2409.dbc,RS,202409,5466760.0,e6c84c4a9c87313b9362d6d799df2c62a41de904d7424186ea5cd847dd905630,2026-08-31T03:37:48.773016+00:00,70325.0,69983.0,342.0,0.0,30529.0,15918.0,14497.0,9430.0,11784.0,11099.0,0.0,0.0,2020-10-05,2024-09-30,2024-04-01,2024-09-30,SUCCESS
RDSC2409.dbc,ftp://ftp.datasus.gov.br/dissemin/publicos/SIHSUS/200801_/Dados/RDSC2409.dbc,SC,202409,4410106.0,d870ba20232cdc55411232a947a12172f57c733f4ce9a83c7eedd620912d06e1,2026-08-31T03:40:45.608655+00:00,56179.0,55979.0,200.0,0.0,29074.0,16414.0,12589.0,32953.0,39443.0,27997.0,0.0,0.0,2015-06-04,2024-09-30,2024-04-05,2024-09-30,SUCCESS
RDSE2409.dbc,ftp://ftp.datasus.gov.br/dissemin/publicos/SIHSUS/200801_/Dados/RDSE2409.dbc,SE,202409,716961.0,b42d299247b04a3f4314024a9c830e30bea9a9fa822ef6ec3cc81cfde478ad58,2026-08-31T03:42:45.449116+00:00,9558.0,9496.0,62.0,0.0,4757.0,2418.0,2339.0,678.0,1290.0,679.0,0.0,0.0,2021-02-10,2024-09-30,2024-06-01,2024-09-30,SUCCESS
RDSP2409.dbc,ftp://ftp.datasus.gov.br/dissemin/publicos/SIHSUS/200801_/Dados/RDSP2409.dbc,SP,202409,19000583.0,6bb6ba4213de2e233c6560a61fa83f3236284515063cac7c38c6bf3e14d54344,2026-08-31T03:43:16.927028+00:00,240093.0,235658.0,4435.0,0.0,110986.0,65294.0,43953.0,22308.0,36299.0,38140.0,0.0,0.0,2008-01-01,2024-09-30,2024-04-01,2024-09-30,SUCCESS
RDTO2409.dbc,ftp://ftp.datasus.gov.br/dissemin/publicos/SIHSUS/200801_/Dados/RDTO2409.dbc,TO,202409,691791.0,7c0d7521feae148b6adf8a1bc6a79c964819a2730b4761a43d9dd0a3dff1cfc6,2026-08-31T03:51:12.231125+00:00,9242.0,9242.0,0.0,0.0,4165.0,1192.0,2973.0,2266.0,4027.0,2340.0,0.0,0.0,2024-04-03,2024-09-30,2024-05-26,2024-09-30,SUCCESS
RDAC2410.dbc,ftp://ftp.datasus.gov.br/dissemin/publicos/SIHSUS/200801_/Dados/RDAC2410.dbc,AC,202410,348885.0,f24a0daae828ac9c3d753c96127338ca9239d42b6c2a147a6fbbe688e86b6329,2026-08-31T03:09:59.567212+00:00,4771.0,4771.0,0.0,0.0,2210.0,1455.0,755.0,0.0,0.0,42.0,0.0,0.0,2024-04-01,2024-10-31,2024-05-24,2024-10-31,SUCCESS
RDAL2410.dbc,ftp://ftp.datasus.gov.br/dissemin/publicos/SIHSUS/200801_/Dados/RDAL2410.dbc,AL,202410,1095533.0,6ff4ff488838efced7e1021d997608a1f6169d6df471874a903ff9c00e4ccf54,2026-08-31T03:10:24.472237+00:00,14983.0,14632.0,351.0,0.0,7740.0,3328.0,4291.0,5581.0,11914.0,6675.0,0.0,0.0,2008-01-01,2024-10-31,2024-05-24,2024-10-31,SUCCESS
RDAM2410.dbc,ftp://ftp.datasus.gov.br/dissemin/publicos/SIHSUS/200801_/Dados/RDAM2410.dbc,AM,202410,1391000.0,a93b90ef99ca570b6385229c68872c1f1666ed74b8f7a9d97bde41d608f68f2b,2026-08-31T03:11:08.616590+00:00,20118.0,20118.0,0.0,0.0,7722.0,3118.0,4604.0,4770.0,14632.0,13440.0,0.0,0.0,2024-04-01,2024-10-31,2024-05-01,2024-10-31,SUCCESS
RDAP2410.dbc,ftp://ftp.datasus.gov.br/dissemin/publicos/SIHSUS/200801_/Dados/RDAP2410.dbc,AP,202410,351267.0,49793c6048e31b412b3f7fb7a873bbb74be392a5ac29969edba98fd98ce7d8ab,2026-08-31T03:12:05.199805+00:00,5230.0,5230.0,0.0,0.0,2387.0,1359.0,1028.0,1214.0,4262.0,3601.0,0.0,0.0,2024-06-03,2024-10-31,2024-07-08,2024-10-31,SUCCESS
RDBA2410.dbc,ftp://ftp.datasus.gov.br/dissemin/publicos/SIHSUS/200801_/Dados/RDBA2410.dbc,BA,202410,5902399.0,1a7fa4005fee8dce4294ee739f9cc2202299cca86eb83227339d9d099a47c01c,2026-08-31T03:12:47.855445+00:00,80604.0,80244.0,360.0,0.0,36311.0,17966.0,18156.0,22116.0,49897.0,35737.0,0.0,0.0,2008-01-01,2024-10-31,2024-05-01,2024-10-31,SUCCESS
RDCE2410.dbc,ftp://ftp.datasus.gov.br/dissemin/publicos/SIHSUS/200801_/Dados/RDCE2410.dbc,CE,202410,3620323.0,c60606e11ba01761c39ec20c8de3366b85c56b4cb92881ab85e27db12e7f171c,2026-08-31T03:15:33.494978+00:00,49551.0,49145.0,406.0,0.0,21124.0,9091.0,11516.0,24526.0,39898.0,30730.0,0.0,0.0,2019-02-22,2024-10-31,2024-05-04,2024-10-31,SUCCESS
RDDF2410.dbc,ftp://ftp.datasus.gov.br/dissemin/publicos/SIHSUS/200801_/Dados/RDDF2410.dbc,DF,202410,1618337.0,44b836217e265683ebe09175b6504e0d10ac10aea543f4142193495692872620,2026-08-31T03:17:11.406302+00:00,20326.0,20247.0,79.0,0.0,6830.0,1804.0,4971.0,4232.0,20326.0,15978.0,0.0,0.0,2024-02-04,2024-10-31,2024-06-27,2024-10-31,SUCCESS
RDES2410.dbc,ftp://ftp.datasus.gov.br/dissemin/publicos/SIHSUS/200801_/Dados/RDES2410.dbc,ES,202410,2148653.0,36a6c8480944e8966207a0a2afe8a49359894c649632e2a693f2964376ab89a5,2026-08-31T03:17:38.796120+00:00,27688.0,27623.0,65.0,0.0,13606.0,6124.0,7226.0,7968.0,18787.0,11370.0,0.0,0.0,2024-01-16,2024-10-31,2024-05-03,2024-10-31,SUCCESS
RDGO2410.dbc,ftp://ftp.datasus.gov.br/dissemin/publicos/SIHSUS/200801_/Dados/RDGO2410.dbc,GO,202410,2811891.0,f1627f0c4cf4ca4e6fbc2da21a106d38d59e06580b437ac7d1eb804c46020ac9,2026-08-31T03:18:43.822344+00:00,38134.0,37277.0,857.0,0.0,17187.0,7324.0,9863.0,4596.0,17732.0,11116.0,0.0,0.0,2008-01-01,2024-10-31,2024-05-01,2024-10-31,SUCCESS
RDMA2410.dbc,ftp://ftp.datasus.gov.br/dissemin/publicos/SIHSUS/200801_/Dados/RDMA2410.dbc,MA,202410,2835334.0,a9e046ed4e74f767238894e67770cabd853113fd7f6dbc4a2577944985e3984e,2026-08-31T03:20:11.832138+00:00,41966.0,41557.0,409.0,0.0,17133.0,7260.0,9822.0,2393.0,5443.0,4374.0,0.0,0.0,2015-01-16,2024-10-31,2024-06-07,2024-10-31,SUCCESS
RDMG2410.dbc,ftp://ftp.datasus.gov.br/dissemin/publicos/SIHSUS/200801_/Dados/RDMG2410.dbc,MG,202410,10349126.0,2e2170738c93070ec48aa2fcd03e427442e042a4a0030988f4c111a3b9ddfb55,2026-08-31T03:22:11.702308+00:00,132844.0,132278.0,566.0,0.0,59519.0,30682.0,28603.0,35872.0,66092.0,46116.0,0.0,0.0,2011-01-27,2024-10-31,2024-05-02,2024-10-31,SUCCESS
RDMS2410.dbc,ftp://ftp.datasus.gov.br/dissemin/publicos/SIHSUS/200801_/Dados/RDMS2410.dbc,MS,202410,1419900.0,caa331059129ed57bf517164c9f48523c561767efb572b45e011e0a335e6b508,2026-08-31T03:26:23.253621+00:00,18558.0,18398.0,160.0,0.0,8429.0,3426.0,5003.0,5556.0,7278.0,6910.0,0.0,0.0,2023-02-27,2024-10-31,2024-05-06,2024-10-31,SUCCESS
RDMT2410.dbc,ftp://ftp.datasus.gov.br/dissemin/publicos/SIHSUS/200801_/Dados/RDMT2410.dbc,MT,202410,1569865.0,6b7f5e0650fd92592837aaa9e2747ae3544b65bc72f7751ce51e2954bcd30e71,2026-08-31T03:27:27.266260+00:00,21016.0,20852.0,164.0,0.0,10324.0,4022.0,6301.0,5731.0,10315.0,7225.0,0.0,0.0,2023-12-31,2024-10-31,2024-05-09,2024-10-31,SUCCESS
RDPA2410.dbc,ftp://ftp.datasus.gov.br/dissemin/publicos/SIHSUS/200801_/Dados/RDPA2410.dbc,PA,202410,3287489.0,328e8192c886e3a8dc2214bda18ea00882bb15657733ecba01a877a97c89e3a5,2026-08-31T03:28:42.728391+00:00,47059.0,47059.0,0.0,0.0,21022.0,8517.0,12475.0,8659.0,20486.0,14483.0,0.0,0.0,2024-02-01,2024-10-31,2024-05-31,2024-10-31,SUCCESS
RDPB2410.dbc,ftp://ftp.datasus.gov.br/dissemin/publicos/SIHSUS/200801_/Dados/RDPB2410.dbc,PB,202410,1687742.0,d44ce7b75a01a19ac0303aea7400beab415ff2e0aecdbb515790a1ad2144f5a7,2026-08-31T03:30:14.288925+00:00,22299.0,22099.0,200.0,0.0,11089.0,6069.0,5017.0,9902.0,17863.0,9796.0,0.0,0.0,2024-04-06,2024-10-31,2024-05-28,2024-10-31,SUCCESS
RDPE2410.dbc,ftp://ftp.datasus.gov.br/dissemin/publicos/SIHSUS/200801_/Dados/RDPE2410.dbc,PE,202410,4285093.0,8f386e29d123684e62fb2ceebb1d89aee1a97d1da9b8748f3f920f21edd004b9,2026-08-31T03:30:48.416141+00:00,58387.0,58101.0,286.0,0.0,25202.0,13935.0,11154.0,23168.0,52687.0,32723.0,0.0,0.0,2013-06-28,2024-10-31,2024-06-24,2024-10-31,SUCCESS
RDPI2410.dbc,ftp://ftp.datasus.gov.br/dissemin/publicos/SIHSUS/200801_/Dados/RDPI2410.dbc,PI,202410,1379054.0,cfcf9effdb517cfecb8f8895382f6c64dfa9176cb1c6b0f2de6e582469b2fe06,2026-08-31T03:31:50.066447+00:00,18375.0,18256.0,119.0,0.0,7614.0,2778.0,4836.0,12969.0,15734.0,8917.0,0.0,0.0,2010-10-26,2024-10-31,2024-06-05,2024-10-31,SUCCESS
RDPR2410.dbc,ftp://ftp.datasus.gov.br/dissemin/publicos/SIHSUS/200801_/Dados/RDPR2410.dbc,PR,202410,7017395.0,a86b1e6fa5ad78e27593a1af1d071532759ba0fb78441afafa985a42cfe23b4b,2026-08-31T03:32:28.029731+00:00,90926.0,89549.0,1377.0,0.0,41744.0,23163.0,18348.0,4826.0,7824.0,6493.0,0.0,0.0,2015-04-18,2024-10-31,2024-05-01,2024-10-31,SUCCESS
RDRJ2410.dbc,ftp://ftp.datasus.gov.br/dissemin/publicos/SIHSUS/200801_/Dados/RDRJ2410.dbc,RJ,202410,5787039.0,ba4a3034a4f29f41d90c10b50dc2163c11228a66178e1dba27de6916b0f43391,2026-08-31T03:34:04.852827+00:00,75164.0,74524.0,640.0,0.0,35477.0,19655.0,15644.0,30817.0,57936.0,52584.0,0.0,0.0,2012-03-16,2024-10-31,2024-05-09,2024-10-31,SUCCESS
RDRN2410.dbc,ftp://ftp.datasus.gov.br/dissemin/publicos/SIHSUS/200801_/Dados/RDRN2410.dbc,RN,202410,1404289.0,0466cd0dfa129c00a9846df48f3e2b15888cd28244bd871cd67f81ed38ac0e00,2026-08-31T03:36:10.035406+00:00,19005.0,18963.0,42.0,0.0,10298.0,5973.0,3807.0,8830.0,15756.0,8858.0,0.0,0.0,2012-06-27,2024-10-31,2024-07-01,2024-10-31,SUCCESS
RDRO2410.dbc,ftp://ftp.datasus.gov.br/dissemin/publicos/SIHSUS/200801_/Dados/RDRO2410.dbc,RO,202410,743262.0,33207006eff77e599d54ed5d8c4fae2f5d194af33fd6f6ddb80b7957feacb587,2026-08-31T03:36:58.827428+00:00,10537.0,10537.0,0.0,0.0,4050.0,2453.0,1563.0,6340.0,8710.0,7420.0,0.0,0.0,2024-02-25,2024-10-31,2024-07-01,2024-10-31,SUCCESS
RDRR2410.dbc,ftp://ftp.datasus.gov.br/dissemin/publicos/SIHSUS/200801_/Dados/RDRR2410.dbc,RR,202410,245227.0,e5e4fc5a6ba488a56a0125941007d47b6ccccbca3f72ac2c076c0cad8b59b7c6,2026-08-31T03:37:35.778785+00:00,3221.0,3221.0,0.0,0.0,1053.0,197.0,856.0,468.0,468.0,338.0,0.0,0.0,2023-10-05,2024-10-29,2024-07-01,2024-10-31,SUCCESS
RDRS2410.dbc,ftp://ftp.datasus.gov.br/dissemin/publicos/SIHSUS/200801_/Dados/RDRS2410.dbc,RS,202410,5820839.0,b547a10828d78e960b5302c68af7d651a1b98a62f4cee62db914c978f00ba235,2026-08-31T03:38:23.067336+00:00,75212.0,74773.0,439.0,0.0,33334.0,18173.0,15051.0,10021.0,12418.0,11915.0,0.0,0.0,2020-10-05,2024-10-31,2024-05-02,2024-10-31,SUCCESS
RDSC2410.dbc,ftp://ftp.datasus.gov.br/dissemin/publicos/SIHSUS/200801_/Dados/RDSC2410.dbc,SC,202410,4738082.0,f3a290f4e3392d60c5614a79d558b5035703dd1c637c14777755449f13589eb2,2026-08-31T03:40:47.527727+00:00,59141.0,58946.0,195.0,0.0,31499.0,18162.0,13246.0,34212.0,41892.0,29590.0,0.0,0.0,2015-06-04,2024-10-31,2024-05-01,2024-10-31,SUCCESS
RDSE2410.dbc,ftp://ftp.datasus.gov.br/dissemin/publicos/SIHSUS/200801_/Dados/RDSE2410.dbc,SE,202410,772311.0,8cc58a20717d596116c675ccb2a67a2e8ef3cce2594d32f2d174903ca79fd988,2026-08-31T03:42:47.141293+00:00,10398.0,10319.0,79.0,0.0,5410.0,2924.0,2486.0,946.0,1906.0,874.0,0.0,0.0,2021-02-10,2024-10-31,2024-06-01,2024-10-31,SUCCESS
RDSP2410.dbc,ftp://ftp.datasus.gov.br/dissemin/publicos/SIHSUS/200801_/Dados/RDSP2410.dbc,SP,202410,19607261.0,0ba3b91146305c04f50f99f9cd175fd52bc7778deed27ea72976263ba34ac826,2026-08-31T03:44:26.904145+00:00,250130.0,245624.0,4506.0,0.0,117990.0,70053.0,45888.0,22526.0,37088.0,39145.0,0.0,0.0,2008-01-01,2024-10-31,2024-05-02,2024-10-31,SUCCESS
RDTO2410.dbc,ftp://ftp.datasus.gov.br/dissemin/publicos/SIHSUS/200801_/Dados/RDTO2410.dbc,TO,202410,678823.0,a83e3a8be969ff1ddfacb4e7db3540d4a9832696b8fc29df5b22efddd537790a,2026-08-31T03:51:12.258714+00:00,8976.0,8976.0,0.0,0.0,4190.0,1278.0,2912.0,2087.0,4014.0,2418.0,0.0,0.0,2024-06-02,2024-10-31,2024-06-27,2024-10-31,SUCCESS
RDAC2411.dbc,ftp://ftp.datasus.gov.br/dissemin/publicos/SIHSUS/200801_/Dados/RDAC2411.dbc,AC,202411,360713.0,76441501df259e0883552eceeed78224db99f1e663f96dd55614e1c6996f8e4d,2026-08-31T03:09:59.821985+00:00,5042.0,5038.0,4.0,0.0,2369.0,1637.0,732.0,0.0,0.0,64.0,0.0,0.0,2024-03-07,2024-11-29,2024-06-04,2024-11-30,SUCCESS
RDAL2411.dbc,ftp://ftp.datasus.gov.br/dissemin/publicos/SIHSUS/200801_/Dados/RDAL2411.dbc,AL,202411,996388.0,18f5e642ef2e8c8f6e68e02b5c5280fbb3e5417e0a4a43e4e30cfb430a3440d4,2026-08-31T03:10:24.570776+00:00,13726.0,13380.0,346.0,0.0,6977.0,3194.0,3692.0,5105.0,10813.0,6186.0,0.0,0.0,2008-01-01,2024-11-30,2024-06-01,2024-11-30,SUCCESS
RDAM2411.dbc,ftp://ftp.datasus.gov.br/dissemin/publicos/SIHSUS/200801_/Dados/RDAM2411.dbc,AM,202411,1272179.0,ea8b754573002b7390a2d9b15515e76dc7e4f0ac8bbdd3c1e33de3bea7a2f0ce,2026-08-31T03:11:08.689315+00:00,18532.0,18532.0,0.0,0.0,7024.0,3247.0,3777.0,4511.0,13416.0,12407.0,0.0,0.0,2024-02-29,2024-11-30,2024-06-01,2024-11-30,SUCCESS
RDAP2411.dbc,ftp://ftp.datasus.gov.br/dissemin/publicos/SIHSUS/200801_/Dados/RDAP2411.dbc,AP,202411,328138.0,13069b35bf6a00e169d3578c9c032c1bbd7a86966804dd032c27ae47a82f67a9,2026-08-31T03:12:05.922285+00:00,5002.0,5002.0,0.0,0.0,2355.0,1270.0,1085.0,1210.0,4094.0,3313.0,0.0,0.0,2024-07-31,2024-11-30,2024-08-02,2024-11-30,SUCCESS
RDBA2411.dbc,ftp://ftp.datasus.gov.br/dissemin/publicos/SIHSUS/200801_/Dados/RDBA2411.dbc,BA,202411,5727832.0,63c604a2efaf3655ec26aa1556ccd16a5100b56c5c55a1792e654e4d63fc1e9e,2026-08-31T03:12:48.510103+00:00,79287.0,78965.0,322.0,0.0,36771.0,18788.0,17747.0,21454.0,48561.0,34588.0,0.0,0.0,2008-01-01,2024-11-30,2024-06-01,2024-11-30,SUCCESS
RDCE2411.dbc,ftp://ftp.datasus.gov.br/dissemin/publicos/SIHSUS/200801_/Dados/RDCE2411.dbc,CE,202411,3430034.0,3cc99a1e059bb511d3f1bea314f084d2be01e3939fc41acd0a33ef6c7f274839,2026-08-31T03:15:34.104929+00:00,46923.0,46531.0,392.0,0.0,20249.0,8678.0,11118.0,23077.0,37982.0,29542.0,0.0,0.0,2019-02-22,2024-11-30,2024-06-11,2024-11-30,SUCCESS
RDDF2411.dbc,ftp://ftp.datasus.gov.br/dissemin/publicos/SIHSUS/200801_/Dados/RDDF2411.dbc,DF,202411,1578339.0,dfc6050aafbef1672ae7cfcf22774bdabae77ba5f48c5760713f603ad13d6f3c,2026-08-31T03:17:11.710031+00:00,19750.0,19646.0,104.0,0.0,6428.0,1628.0,4772.0,4217.0,19750.0,15698.0,0.0,0.0,2021-12-19,2024-11-30,2024-06-13,2024-11-30,SUCCESS
RDES2411.dbc,ftp://ftp.datasus.gov.br/dissemin/publicos/SIHSUS/200801_/Dados/RDES2411.dbc,ES,202411,1932442.0,a14b5ccc6db862143b987c4f37ff30a0e438f7a8a056eba05ef5c337146116ac,2026-08-31T03:17:38.999084+00:00,25292.0,25234.0,58.0,0.0,12394.0,5993.0,6212.0,6950.0,17134.0,10566.0,0.0,0.0,2024-04-22,2024-11-30,2024-06-03,2024-11-30,SUCCESS
RDGO2411.dbc,ftp://ftp.datasus.gov.br/dissemin/publicos/SIHSUS/200801_/Dados/RDGO2411.dbc,GO,202411,2576835.0,660a8363b847839b64ea7ebf6e191cb8834aa1128884dd41977ccb7ea349f129,2026-08-31T03:18:43.929682+00:00,35452.0,34606.0,846.0,0.0,16545.0,6801.0,9744.0,4337.0,17064.0,10676.0,0.0,0.0,2008-01-01,2024-11-30,2024-06-01,2024-11-30,SUCCESS
RDMA2411.dbc,ftp://ftp.datasus.gov.br/dissemin/publicos/SIHSUS/200801_/Dados/RDMA2411.dbc,MA,202411,2796069.0,b28b4ee337ad61234d617360a75c1c962ddcfb3733bff5944b4dfc0af85bfe70,2026-08-31T03:20:11.933095+00:00,41245.0,40869.0,376.0,0.0,16943.0,6787.0,10151.0,2129.0,4924.0,3907.0,0.0,0.0,2015-01-16,2024-11-30,2024-07-14,2024-11-30,SUCCESS
RDMG2411.dbc,ftp://ftp.datasus.gov.br/dissemin/publicos/SIHSUS/200801_/Dados/RDMG2411.dbc,MG,202411,9820384.0,2341875237369ab5168e5f0cd806c77a4bcf96f54f8ad9d012338950321cecf4,2026-08-31T03:22:15.917448+00:00,126661.0,126120.0,541.0,0.0,56722.0,28861.0,27642.0,33967.0,63533.0,44109.0,0.0,0.0,2011-01-27,2024-11-30,2024-06-03,2024-11-30,SUCCESS
RDMS2411.dbc,ftp://ftp.datasus.gov.br/dissemin/publicos/SIHSUS/200801_/Dados/RDMS2411.dbc,MS,202411,1310411.0,62d1223f12dd03cc5db22d52225ecedcaab77051c1ed003de33889b8c1a0aed4,2026-08-31T03:26:29.097162+00:00,17135.0,17042.0,93.0,0.0,8228.0,3389.0,4839.0,5171.0,6757.0,6467.0,0.0,0.0,2023-02-27,2024-11-30,2024-06-04,2024-11-30,SUCCESS
RDMT2411.dbc,ftp://ftp.datasus.gov.br/dissemin/publicos/SIHSUS/200801_/Dados/RDMT2411.dbc,MT,202411,1472433.0,098fc44a852a56947ca60da6b9c60bb948e38248ddea34c4fb7e2fb41d2c1ee8,2026-08-31T03:27:38.718859+00:00,19697.0,19531.0,166.0,0.0,9408.0,3499.0,5908.0,5365.0,10038.0,7093.0,0.0,0.0,2024-01-01,2024-11-30,2024-06-01,2024-11-30,SUCCESS
RDPA2411.dbc,ftp://ftp.datasus.gov.br/dissemin/publicos/SIHSUS/200801_/Dados/RDPA2411.dbc,PA,202411,3194316.0,2ea39283aac7f5a5f89a1a5071d6a25bc41ae4a62394c1c923a51fa6fd3b7fc7,2026-08-31T03:28:42.898650+00:00,45877.0,45877.0,0.0,0.0,20417.0,8630.0,11774.0,8614.0,20009.0,14285.0,0.0,0.0,2024-01-02,2024-11-30,2024-07-03,2024-11-30,SUCCESS
RDPB2411.dbc,ftp://ftp.datasus.gov.br/dissemin/publicos/SIHSUS/200801_/Dados/RDPB2411.dbc,PB,202411,1559375.0,9c69785ece8b30cb1735e3a4849cef05bf6428d322289a3bc56e2e635d62a8a0,2026-08-31T03:30:14.365701+00:00,20561.0,20365.0,196.0,0.0,10101.0,5359.0,4734.0,9038.0,16733.0,9255.0,0.0,0.0,2024-04-29,2024-11-30,2024-06-20,2024-11-30,SUCCESS
RDPE2411.dbc,ftp://ftp.datasus.gov.br/dissemin/publicos/SIHSUS/200801_/Dados/RDPE2411.dbc,PE,202411,3877623.0,9290c7fe4d96fa727ce53bcf053588f63d30deda5905744b110c53fa8092e162,2026-08-31T03:30:49.942811+00:00,53576.0,53269.0,307.0,0.0,23097.0,12278.0,10708.0,21022.0,48460.0,30140.0,0.0,0.0,2013-06-28,2024-11-30,2024-07-25,2024-11-30,SUCCESS
RDPI2411.dbc,ftp://ftp.datasus.gov.br/dissemin/publicos/SIHSUS/200801_/Dados/RDPI2411.dbc,PI,202411,1307537.0,0cca30eecf60b5834453e4ddb14a611c1b8ea4cb0e258311bc42352b45b26315,2026-08-31T03:31:50.116702+00:00,17531.0,17411.0,120.0,0.0,7659.0,2851.0,4808.0,12378.0,14969.0,8581.0,0.0,0.0,2010-10-26,2024-11-30,2024-07-02,2024-11-30,SUCCESS
RDPR2411.dbc,ftp://ftp.datasus.gov.br/dissemin/publicos/SIHSUS/200801_/Dados/RDPR2411.dbc,PR,202411,6571071.0,8afcec9d9f78cdd0970df672f7fb7e8f3a4e8459cbabb7c491046dfdf8c6120a,2026-08-31T03:32:28.276064+00:00,86606.0,85264.0,1342.0,0.0,38993.0,21433.0,17302.0,3996.0,7064.0,5774.0,0.0,0.0,2015-04-18,2024-11-30,2024-06-03,2024-11-30,SUCCESS
RDRJ2411.dbc,ftp://ftp.datasus.gov.br/dissemin/publicos/SIHSUS/200801_/Dados/RDRJ2411.dbc,RJ,202411,5536729.0,9bcd8279622634fab886e0e4af270544d143a7e57d3da9993cfc725abeba6fb0,2026-08-31T03:34:05.661429+00:00,71375.0,70770.0,605.0,0.0,32730.0,17258.0,15337.0,28765.0,54826.0,50052.0,0.0,0.0,2012-03-16,2024-11-30,2024-06-05,2024-11-30,SUCCESS
RDRN2411.dbc,ftp://ftp.datasus.gov.br/dissemin/publicos/SIHSUS/200801_/Dados/RDRN2411.dbc,RN,202411,1334623.0,5b83f7f2080beefb1e9a39d97a25bd973a73886741eccc2ca36fddf3818c2762,2026-08-31T03:36:11.041676+00:00,17887.0,17809.0,78.0,0.0,9638.0,5620.0,3571.0,8430.0,14892.0,8322.0,0.0,0.0,2012-06-27,2024-11-30,2024-07-03,2024-11-30,SUCCESS
RDRO2411.dbc,ftp://ftp.datasus.gov.br/dissemin/publicos/SIHSUS/200801_/Dados/RDRO2411.dbc,RO,202411,803995.0,242ffdad1a00987c3b940f3c37e30845303fadfcf11d836c9c0f127f54c33164,2026-08-31T03:37:04.983124+00:00,11282.0,11282.0,0.0,0.0,4295.0,2367.0,1903.0,6829.0,9391.0,8056.0,0.0,0.0,2024-04-02,2024-11-30,2024-08-01,2024-11-30,SUCCESS
RDRR2411.dbc,ftp://ftp.datasus.gov.br/dissemin/publicos/SIHSUS/200801_/Dados/RDRR2411.dbc,RR,202411,250853.0,41fef7cbb75e9750a70310a4606d98cfe7cb09c4c88deb61e726ea18b3c9ef07,2026-08-31T03:37:36.239233+00:00,3349.0,3349.0,0.0,0.0,967.0,140.0,827.0,358.0,358.0,279.0,0.0,0.0,2024-03-27,2024-11-28,2024-08-01,2024-11-30,SUCCESS
RDRS2411.dbc,ftp://ftp.datasus.gov.br/dissemin/publicos/SIHSUS/200801_/Dados/RDRS2411.dbc,RS,202411,5410675.0,a52a62660655c87d3fe22d35ea1b3c224823e1eb224daea031128a19244e95dd,2026-08-31T03:38:23.135801+00:00,69201.0,68826.0,375.0,0.0,30561.0,15994.0,14456.0,8932.0,11252.0,10737.0,0.0,0.0,2021-04-23,2024-11-30,2024-06-01,2024-11-30,SUCCESS
RDSC2411.dbc,ftp://ftp.datasus.gov.br/dissemin/publicos/SIHSUS/200801_/Dados/RDSC2411.dbc,SC,202411,4247035.0,ef55199c95ead339accacc79c13c0b15e7b2d35923b745a722c55e819d099333,2026-08-31T03:40:47.606471+00:00,53676.0,53507.0,169.0,0.0,28607.0,16497.0,12081.0,30737.0,38035.0,27119.0,0.0,0.0,2015-06-04,2024-11-30,2024-06-01,2024-11-30,SUCCESS
RDSE2411.dbc,ftp://ftp.datasus.gov.br/dissemin/publicos/SIHSUS/200801_/Dados/RDSE2411.dbc,SE,202411,741215.0,48b824594fa4ca2d03dad491251b1510899cd9ea6c4e28f59486e8cf7c3257f9,2026-08-31T03:42:47.300315+00:00,10087.0,10023.0,64.0,0.0,5462.0,2985.0,2477.0,1010.0,2232.0,1068.0,0.0,0.0,2021-02-10,2024-11-29,2024-08-01,2024-11-30,SUCCESS
RDSP2411.dbc,ftp://ftp.datasus.gov.br/dissemin/publicos/SIHSUS/200801_/Dados/RDSP2411.dbc,SP,202411,18349943.0,1a4f9535c99936a7c5b0da37ec6375caafb62c2061db0e26066b63f6c1802773,2026-08-31T03:44:26.912438+00:00,234425.0,229859.0,4566.0,0.0,108116.0,62983.0,43451.0,21202.0,34677.0,36539.0,0.0,0.0,2008-01-01,2024-11-30,2024-06-01,2024-11-30,SUCCESS
RDTO2411.dbc,ftp://ftp.datasus.gov.br/dissemin/publicos/SIHSUS/200801_/Dados/RDTO2411.dbc,TO,202411,578398.0,c4dcada74b64795b8118adaeeb3e5558676e1e0b0962909895907db99439b236,2026-08-31T03:51:12.453265+00:00,7637.0,7636.0,1.0,0.0,3964.0,1068.0,2896.0,1665.0,3544.0,2124.0,0.0,0.0,2024-06-24,2024-11-30,2024-07-10,2024-11-30,SUCCESS
RDAC2412.dbc,ftp://ftp.datasus.gov.br/dissemin/publicos/SIHSUS/200801_/Dados/RDAC2412.dbc,AC,202412,276626.0,85cb08982dc1db04bbf928ad2a1dad50216113fb3db63e22123bbfd34679dcb4,2026-08-31T03:09:59.821985+00:00,3851.0,3828.0,23.0,0.0,1860.0,1247.0,613.0,0.0,0.0,47.0,0.0,0.0,2024-07-03,2024-12-30,2024-07-06,2024-12-31,SUCCESS
RDAL2412.dbc,ftp://ftp.datasus.gov.br/dissemin/publicos/SIHSUS/200801_/Dados/RDAL2412.dbc,AL,202412,1005587.0,101f6cd0d1336d73eabf1e83a70eacc2e714d9571512a68c0cf3b33416ed287e,2026-08-31T03:10:24.629296+00:00,13656.0,13303.0,353.0,0.0,6562.0,2570.0,3868.0,5123.0,10873.0,6217.0,0.0,0.0,2008-01-01,2024-12-31,2024-07-01,2024-12-31,SUCCESS
RDAM2412.dbc,ftp://ftp.datasus.gov.br/dissemin/publicos/SIHSUS/200801_/Dados/RDAM2412.dbc,AM,202412,1164822.0,5329f02c340f88a9ff2a3c459a6b4ad98746e1c59bf90f339adb973531b3992d,2026-08-31T03:11:08.714011+00:00,17037.0,17037.0,0.0,0.0,6294.0,2797.0,3497.0,4795.0,12273.0,11365.0,0.0,0.0,2024-01-18,2024-12-31,2024-08-02,2024-12-31,SUCCESS
RDAP2412.dbc,ftp://ftp.datasus.gov.br/dissemin/publicos/SIHSUS/200801_/Dados/RDAP2412.dbc,AP,202412,293491.0,91a46653ed7c080b295c1edbc299a7b3a2104f3c0349fe0e28a71df07fb42fa2,2026-08-31T03:12:06.714110+00:00,4299.0,4299.0,0.0,0.0,1865.0,916.0,949.0,1090.0,3524.0,2858.0,0.0,0.0,2024-08-28,2024-12-30,2024-09-01,2024-12-31,SUCCESS
RDBA2412.dbc,ftp://ftp.datasus.gov.br/dissemin/publicos/SIHSUS/200801_/Dados/RDBA2412.dbc,BA,202412,5333094.0,3c6c3f6b8635be5d4bbde0bedfeacfd8f0f78a1d0fcabee218da73a7fd5f5dbf,2026-08-31T03:12:49.408946+00:00,73356.0,73001.0,355.0,0.0,34113.0,17122.0,16780.0,20720.0,46225.0,32517.0,0.0,0.0,2008-01-01,2024-12-31,2024-07-01,2024-12-31,SUCCESS
RDCE2412.dbc,ftp://ftp.datasus.gov.br/dissemin/publicos/SIHSUS/200801_/Dados/RDCE2412.dbc,CE,202412,3291966.0,30976a18f90f44232c6b4fdae5d6e3a0af859ebd6ced450ab14dc3088a2eb474,2026-08-31T03:15:34.303202+00:00,44465.0,44087.0,378.0,0.0,18712.0,7032.0,11180.0,22501.0,36790.0,28089.0,0.0,0.0,2019-02-22,2024-12-31,2024-07-22,2024-12-31,SUCCESS
RDDF2412.dbc,ftp://ftp.datasus.gov.br/dissemin/publicos/SIHSUS/200801_/Dados/RDDF2412.dbc,DF,202412,1489086.0,337be9c14890e8c81b3858d88a3b1f7fccb1e1cb60caf5c3f9791e2a24651090,2026-08-31T03:17:11.760044+00:00,18542.0,18478.0,64.0,0.0,6008.0,1466.0,4518.0,4225.0,18542.0,14501.0,0.0,0.0,2024-06-08,2024-12-31,2024-09-01,2024-12-31,SUCCESS
RDES2412.dbc,ftp://ftp.datasus.gov.br/dissemin/publicos/SIHSUS/200801_/Dados/RDES2412.dbc,ES,202412,1977091.0,71acefac537a0b722a1499a6fb3da085cc5422dd2e565a52f55782c5540389f9,2026-08-31T03:17:39.016555+00:00,25526.0,25471.0,55.0,0.0,12038.0,5147.0,6681.0,8150.0,17349.0,10663.0,0.0,0.0,2024-07-01,2024-12-31,2024-08-03,2024-12-31,SUCCESS
RDGO2412.dbc,ftp://ftp.datasus.gov.br/dissemin/publicos/SIHSUS/200801_/Dados/RDGO2412.dbc,GO,202412,2712380.0,637cac5ecf37c629198be080593df81e61d5d42e43fae513328f73ad9c174c6f,2026-08-31T03:18:55.233377+00:00,36504.0,35635.0,869.0,0.0,16989.0,6919.0,10070.0,4521.0,19312.0,11613.0,0.0,0.0,2008-01-01,2024-12-31,2024-07-01,2024-12-31,SUCCESS
RDMA2412.dbc,ftp://ftp.datasus.gov.br/dissemin/publicos/SIHSUS/200801_/Dados/RDMA2412.dbc,MA,202412,2560140.0,d8f5915dc528f0caf15452100d4a4a45f07b7c8a815b20e402d3a33b43221190,2026-08-31T03:20:24.149157+00:00,37278.0,36888.0,390.0,0.0,14641.0,5411.0,9193.0,2104.0,4820.0,3838.0,0.0,0.0,2015-01-16,2024-12-31,2024-08-01,2024-12-31,SUCCESS
RDMG2412.dbc,ftp://ftp.datasus.gov.br/dissemin/publicos/SIHSUS/200801_/Dados/RDMG2412.dbc,MG,202412,9666160.0,fb8f9fd912c1ae6f2e6c4bfe36b89c837b9370632df47f21e8a60a2937b9e30a,2026-08-31T03:22:19.676060+00:00,123002.0,122491.0,511.0,0.0,52961.0,25177.0,27540.0,34303.0,61732.0,42980.0,0.0,0.0,2011-01-27,2024-12-31,2024-07-01,2024-12-31,SUCCESS
RDMS2412.dbc,ftp://ftp.datasus.gov.br/dissemin/publicos/SIHSUS/200801_/Dados/RDMS2412.dbc,MS,202412,1350230.0,629ee6810a027a3908f2b6bcb196c0403354db3f8dbe5bccc67dc843a836f287,2026-08-31T03:26:32.688623+00:00,17814.0,17630.0,184.0,0.0,8305.0,3464.0,4841.0,5094.0,6776.0,6569.0,0.0,0.0,2023-02-27,2024-12-31,2024-07-06,2024-12-31,SUCCESS
RDMT2412.dbc,ftp://ftp.datasus.gov.br/dissemin/publicos/SIHSUS/200801_/Dados/RDMT2412.dbc,MT,202412,1455240.0,f28469fb26242d7b119a13704c7d306945f44b5845f6aba3308aa476c61b03b0,2026-08-31T03:27:39.063505+00:00,19397.0,19224.0,173.0,0.0,8753.0,3102.0,5650.0,4707.0,9572.0,6758.0,0.0,0.0,2023-08-31,2024-12-31,2024-07-29,2024-12-31,SUCCESS
RDPA2412.dbc,ftp://ftp.datasus.gov.br/dissemin/publicos/SIHSUS/200801_/Dados/RDPA2412.dbc,PA,202412,3137042.0,0bcc1850b3935520f80ab02d70e310ccdee5882c0dad12cb781be650e3532e94,2026-08-31T03:28:57.212344+00:00,44746.0,44746.0,0.0,0.0,19945.0,8017.0,11927.0,8925.0,19714.0,14097.0,0.0,0.0,2024-01-25,2024-12-31,2024-08-07,2024-12-31,SUCCESS
RDPB2412.dbc,ftp://ftp.datasus.gov.br/dissemin/publicos/SIHSUS/200801_/Dados/RDPB2412.dbc,PB,202412,1531407.0,e2a87dcf0110103ae48c5c00b531db21ed864d7739228e69cd9e7ab089f54a9a,2026-08-31T03:30:18.895715+00:00,20005.0,19794.0,211.0,0.0,8918.0,4103.0,4812.0,8064.0,15705.0,8979.0,0.0,0.0,2024-06-21,2024-12-31,2024-08-01,2024-12-31,SUCCESS
RDPE2412.dbc,ftp://ftp.datasus.gov.br/dissemin/publicos/SIHSUS/200801_/Dados/RDPE2412.dbc,PE,202412,3959867.0,1c64912c6edadc7f3087e6de0a89ddfe002bbd1661f45c1f5877e37a33fd2743,2026-08-31T03:30:51.402165+00:00,53957.0,53651.0,306.0,0.0,22623.0,11812.0,10650.0,22362.0,49286.0,30260.0,0.0,0.0,2013-06-28,2024-12-31,2024-08-09,2024-12-31,SUCCESS
RDPI2412.dbc,ftp://ftp.datasus.gov.br/dissemin/publicos/SIHSUS/200801_/Dados/RDPI2412.dbc,PI,202412,1338031.0,fe1b0925f03175e0d852fe67537a3d855938f828d545357f2d6c1e96fb0d2339,2026-08-31T03:31:50.319948+00:00,17817.0,17703.0,114.0,0.0,7503.0,2833.0,4670.0,12798.0,15345.0,8622.0,0.0,0.0,2010-10-26,2024-12-31,2024-08-06,2024-12-31,SUCCESS
RDPR2412.dbc,ftp://ftp.datasus.gov.br/dissemin/publicos/SIHSUS/200801_/Dados/RDPR2412.dbc,PR,202412,6134666.0,d3c990dc5cd80eac242b67ef3f2c0c6590a08698bf5ab8080f66659b2cb19fbb,2026-08-31T03:32:28.309705+00:00,80026.0,78630.0,1396.0,0.0,36326.0,19284.0,16797.0,4004.0,6863.0,5590.0,0.0,0.0,2015-04-18,2024-12-31,2024-07-02,2024-12-31,SUCCESS
RDRJ2412.dbc,ftp://ftp.datasus.gov.br/dissemin/publicos/SIHSUS/200801_/Dados/RDRJ2412.dbc,RJ,202412,5358559.0,3e99b25e3bddb4a6deb2242c15cce76d7703600a9974a2df4c039f798bc77aee,2026-08-31T03:34:05.767085+00:00,69189.0,68589.0,600.0,0.0,31387.0,16239.0,15024.0,29333.0,53192.0,48469.0,0.0,0.0,2012-03-16,2024-12-31,2024-07-11,2024-12-31,SUCCESS
RDRN2412.dbc,ftp://ftp.datasus.gov.br/dissemin/publicos/SIHSUS/200801_/Dados/RDRN2412.dbc,RN,202412,1149991.0,bba07cd405c8ddde9782dc36aa2cf76fc33f86f12fdf4db9ce61f6c2ef02f500,2026-08-31T03:36:11.086933+00:00,15236.0,15153.0,83.0,0.0,7912.0,4283.0,3202.0,7257.0,12545.0,7080.0,0.0,0.0,2012-06-27,2024-12-31,2024-08-01,2024-12-31,SUCCESS
RDRO2412.dbc,ftp://ftp.datasus.gov.br/dissemin/publicos/SIHSUS/200801_/Dados/RDRO2412.dbc,RO,202412,698902.0,1093e849375de1fe7350f081722906754c020efcfa2b59be834ad5694754d97e,2026-08-31T03:37:04.986771+00:00,9817.0,9817.0,0.0,0.0,3088.0,1614.0,1471.0,6132.0,8291.0,7091.0,0.0,0.0,2024-02-07,2024-12-31,2024-08-01,2024-12-31,SUCCESS
RDRR2412.dbc,ftp://ftp.datasus.gov.br/dissemin/publicos/SIHSUS/200801_/Dados/RDRR2412.dbc,RR,202412,197546.0,1d65ecc7c082fc1d59b89c3ce9f02b1611614bc7857bc938b0e0098afaa3fc7f,2026-08-31T03:37:36.611986+00:00,2584.0,2584.0,0.0,0.0,789.0,150.0,639.0,209.0,209.0,174.0,0.0,0.0,2024-01-23,2024-12-26,2024-09-01,2024-12-28,SUCCESS
RDRS2412.dbc,ftp://ftp.datasus.gov.br/dissemin/publicos/SIHSUS/200801_/Dados/RDRS2412.dbc,RS,202412,5257046.0,ea647bce9ac11502a7877377e7cbae648368a0aa228726221480b9d5e4ccf7be,2026-08-31T03:38:23.249477+00:00,67246.0,66840.0,406.0,0.0,29619.0,15632.0,13908.0,9072.0,11358.0,10384.0,0.0,0.0,2021-04-23,2024-12-31,2024-07-03,2024-12-31,SUCCESS
RDSC2412.dbc,ftp://ftp.datasus.gov.br/dissemin/publicos/SIHSUS/200801_/Dados/RDSC2412.dbc,SC,202412,4212135.0,775fb47ada70d3d5fe59f0c7e38e3f6895eacd49b3cda7e4e33efb6d229503b9,2026-08-31T03:40:47.656107+00:00,52892.0,52701.0,191.0,0.0,27753.0,15105.0,12513.0,31435.0,38711.0,26824.0,0.0,0.0,2015-06-04,2024-12-31,2024-07-01,2024-12-31,SUCCESS
RDSE2412.dbc,ftp://ftp.datasus.gov.br/dissemin/publicos/SIHSUS/200801_/Dados/RDSE2412.dbc,SE,202412,679907.0,92e234dc00459a684b176c20177e1438d522f072804e785d755fbb9861b48aff,2026-08-31T03:42:47.640693+00:00,9023.0,8958.0,65.0,0.0,4372.0,2251.0,2121.0,718.0,1764.0,917.0,0.0,0.0,2021-02-10,2024-12-30,2024-08-01,2024-12-31,SUCCESS
RDSP2412.dbc,ftp://ftp.datasus.gov.br/dissemin/publicos/SIHSUS/200801_/Dados/RDSP2412.dbc,SP,202412,17825085.0,65f6a33ce42094ad03b2c5624334525ee98dfaf33f2e5cd69b6806107a6291e4,2026-08-31T03:44:27.565236+00:00,225756.0,221343.0,4413.0,0.0,98596.0,53416.0,43503.0,20308.0,32857.0,34687.0,0.0,0.0,2008-01-01,2024-12-31,2024-07-05,2024-12-31,SUCCESS
RDTO2412.dbc,ftp://ftp.datasus.gov.br/dissemin/publicos/SIHSUS/200801_/Dados/RDTO2412.dbc,TO,202412,648267.0,6ebf43cf2bf29d4108dba01379d1c6aa20057e192168c6442f7dcedac5036b23,2026-08-31T03:51:25.139328+00:00,8416.0,8414.0,2.0,0.0,3547.0,920.0,2627.0,2019.0,3843.0,2295.0,0.0,0.0,2024-07-09,2024-12-31,2024-07-15,2024-12-31,SUCCESS
RDAC2501.dbc,ftp://ftp.datasus.gov.br/dissemin/publicos/SIHSUS/200801_/Dados/RDAC2501.dbc,AC,202501,323000.0,1532fb1bf940a6586aad13651fdca7bfce84f12e07d4954141bac4c0c4d2960d,2026-08-31T03:09:59.847046+00:00,4541.0,4537.0,4.0,0.0,2076.0,1367.0,709.0,0.0,0.0,33.0,0.0,0.0,2024-07-29,2025-01-30,2024-08-02,2025-01-31,SUCCESS
RDAL2501.dbc,ftp://ftp.datasus.gov.br/dissemin/publicos/SIHSUS/200801_/Dados/RDAL2501.dbc,AL,202501,997065.0,5d84006fc8075177d4ad976c8abca763652ba1775dd4d7191e4009750c0d9674,2026-08-31T03:10:24.662310+00:00,13473.0,13131.0,342.0,0.0,6216.0,2258.0,3858.0,4902.0,10739.0,6118.0,0.0,0.0,2008-01-01,2025-01-31,2024-08-02,2025-01-31,SUCCESS
RDAM2501.dbc,ftp://ftp.datasus.gov.br/dissemin/publicos/SIHSUS/200801_/Dados/RDAM2501.dbc,AM,202501,1544751.0,26a41528b267512f11e72bebd237e95ee68b38621851da0e012a39b1f8d333e5,2026-08-31T03:11:20.247914+00:00,22037.0,22037.0,0.0,0.0,7845.0,2745.0,5100.0,4937.0,16748.0,15228.0,0.0,0.0,2024-07-13,2025-01-31,2024-08-19,2025-01-31,SUCCESS
RDAP2501.dbc,ftp://ftp.datasus.gov.br/dissemin/publicos/SIHSUS/200801_/Dados/RDAP2501.dbc,AP,202501,294039.0,280edb5d6a9436ca442eadaa3a7f1a8cacda08af71bff3babc75deed6d247baf,2026-08-31T03:12:06.930933+00:00,4219.0,4219.0,0.0,0.0,1684.0,719.0,965.0,1169.0,3361.0,2704.0,0.0,0.0,2024-09-10,2025-01-31,2024-10-03,2025-01-31,SUCCESS
RDBA2501.dbc,ftp://ftp.datasus.gov.br/dissemin/publicos/SIHSUS/200801_/Dados/RDBA2501.dbc,BA,202501,5312678.0,7daa0917190af16bf1704d6b99a169b22d5155158bed9a65ff9dfebbdfaf4079,2026-08-31T03:12:49.534617+00:00,72641.0,72303.0,338.0,0.0,31806.0,14909.0,16724.0,20475.0,45334.0,32229.0,0.0,0.0,2008-01-01,2025-01-31,2024-08-02,2025-01-31,SUCCESS
RDCE2501.dbc,ftp://ftp.datasus.gov.br/dissemin/publicos/SIHSUS/200801_/Dados/RDCE2501.dbc,CE,202501,3400181.0,7cb25c152dc4677005a72164a4b6434d26a66150460cf28b447f3d41ad31a1b4,2026-08-31T03:15:53.471208+00:00,45944.0,45585.0,359.0,0.0,18685.0,6753.0,11418.0,22689.0,37311.0,28735.0,0.0,0.0,2019-02-22,2025-01-31,2024-08-02,2025-01-31,SUCCESS
RDDF2501.dbc,ftp://ftp.datasus.gov.br/dissemin/publicos/SIHSUS/200801_/Dados/RDDF2501.dbc,DF,202501,1672990.0,54f3118f3bc1152b3ff71d0ab187108be1ccf0feb074898de61569564e883b9a,2026-08-31T03:17:12.762269+00:00,20996.0,20927.0,69.0,0.0,6832.0,1482.0,5302.0,4214.0,20996.0,16720.0,0.0,0.0,2024-06-24,2025-01-31,2024-10-01,2025-01-31,SUCCESS
RDES2501.dbc,ftp://ftp.datasus.gov.br/dissemin/publicos/SIHSUS/200801_/Dados/RDES2501.dbc,ES,202501,1987458.0,2964287cba319324e1c5d023a085c30b044abfee6ee45b1443518d51e0a6bc35,2026-08-31T03:17:46.139918+00:00,25860.0,25816.0,44.0,0.0,12424.0,5258.0,6963.0,7838.0,17236.0,10413.0,0.0,0.0,2024-07-01,2025-01-31,2024-08-29,2025-01-31,SUCCESS
RDGO2501.dbc,ftp://ftp.datasus.gov.br/dissemin/publicos/SIHSUS/200801_/Dados/RDGO2501.dbc,GO,202501,2805508.0,741a013bedbd2ffd9ac0963c37d13917b636f7ea7d62db3c07ca287e05a99ab9,2026-08-31T03:18:56.101471+00:00,38096.0,37254.0,842.0,0.0,16530.0,6982.0,9548.0,4557.0,18895.0,11777.0,0.0,0.0,2008-01-01,2025-01-31,2024-08-01,2025-01-31,SUCCESS
RDMA2501.dbc,ftp://ftp.datasus.gov.br/dissemin/publicos/SIHSUS/200801_/Dados/RDMA2501.dbc,MA,202501,2808309.0,0795f7971d8970b2a6866134caaa878e8358367114d95df9e19e22ebf637d52d,2026-08-31T03:20:24.797248+00:00,41684.0,41327.0,357.0,0.0,15242.0,5365.0,9805.0,2362.0,4975.0,3961.0,0.0,0.0,2015-01-16,2025-01-31,2024-09-04,2025-01-31,SUCCESS
RDMG2501.dbc,ftp://ftp.datasus.gov.br/dissemin/publicos/SIHSUS/200801_/Dados/RDMG2501.dbc,MG,202501,9878413.0,aceea22322803640d106cfe7cdbde8f1fa5cf23b66310d8ab7845f947d4ed7e1,2026-08-31T03:22:19.756109+00:00,126429.0,125920.0,509.0,0.0,52234.0,22734.0,29239.0,35549.0,64557.0,45339.0,0.0,0.0,2011-01-27,2025-01-31,2024-08-01,2025-01-31,SUCCESS
RDMS2501.dbc,ftp://ftp.datasus.gov.br/dissemin/publicos/SIHSUS/200801_/Dados/RDMS2501.dbc,MS,202501,1444350.0,29851945d5a180dad53ce71bc5a726f5daf7d8e003815411c49b891a0dbb73e3,2026-08-31T03:26:32.847184+00:00,18667.0,18542.0,125.0,0.0,8201.0,2816.0,5385.0,5199.0,6801.0,6775.0,0.0,0.0,2023-02-27,2025-01-31,2024-08-06,2025-01-31,SUCCESS
RDMT2501.dbc,ftp://ftp.datasus.gov.br/dissemin/publicos/SIHSUS/200801_/Dados/RDMT2501.dbc,MT,202501,1547292.0,0e36d29ce92d7ca87fa2dc5ed891f9f0dc5318f2fd1e616f29eb94994b22056e,2026-08-31T03:27:39.611810+00:00,20561.0,20477.0,84.0,0.0,8952.0,2803.0,6147.0,5611.0,10988.0,7853.0,0.0,0.0,2023-12-31,2025-01-31,2024-08-01,2025-01-31,SUCCESS
RDPA2501.dbc,ftp://ftp.datasus.gov.br/dissemin/publicos/SIHSUS/200801_/Dados/RDPA2501.dbc,PA,202501,3104813.0,71cdeb38ad3c4d4e1bb7ee11335f5ebb45e52d21feea08c74c72e6bf4c66524c,2026-08-31T03:28:58.714878+00:00,44600.0,44600.0,0.0,0.0,19246.0,6949.0,12292.0,8701.0,19457.0,14031.0,0.0,0.0,2024-01-27,2025-01-31,2024-09-06,2025-01-31,SUCCESS
RDPB2501.dbc,ftp://ftp.datasus.gov.br/dissemin/publicos/SIHSUS/200801_/Dados/RDPB2501.dbc,PB,202501,1522063.0,d6206fc1f9e7a286f0a4424d53d588a5c223025b305b166d7004af7b8f342e16,2026-08-31T03:30:18.895715+00:00,20029.0,19849.0,180.0,0.0,9427.0,4797.0,4628.0,8683.0,16158.0,8826.0,0.0,0.0,2024-07-01,2025-01-31,2024-08-17,2025-01-31,SUCCESS
RDPE2501.dbc,ftp://ftp.datasus.gov.br/dissemin/publicos/SIHSUS/200801_/Dados/RDPE2501.dbc,PE,202501,3929369.0,7c928eab4afedb660dbd8b8ec3a6d43653d3dfd34a7f5ceb956b5cc7d4e5c833,2026-08-31T03:30:58.593904+00:00,52811.0,52535.0,276.0,0.0,21650.0,10866.0,10652.0,21724.0,48459.0,29983.0,0.0,0.0,2013-06-28,2025-01-31,2024-08-23,2025-01-31,SUCCESS
RDPI2501.dbc,ftp://ftp.datasus.gov.br/dissemin/publicos/SIHSUS/200801_/Dados/RDPI2501.dbc,PI,202501,1427233.0,23a15dbd798597887923dc3deba01c88493091ed65e73593cc646ad164393e9c,2026-08-31T03:31:54.449899+00:00,19037.0,18920.0,117.0,0.0,8045.0,2591.0,5454.0,13296.0,16378.0,9409.0,0.0,0.0,2010-10-26,2025-01-31,2024-09-03,2025-01-31,SUCCESS
RDPR2501.dbc,ftp://ftp.datasus.gov.br/dissemin/publicos/SIHSUS/200801_/Dados/RDPR2501.dbc,PR,202501,6681810.0,655896fb05b753e4bf15871920ee6fe64555fe56cf0aebc697ca50edc352fe19,2026-08-31T03:32:28.640789+00:00,87482.0,86140.0,1342.0,0.0,37938.0,19541.0,18180.0,4654.0,7717.0,6449.0,0.0,0.0,2015-04-18,2025-01-31,2024-08-02,2025-01-31,SUCCESS
RDRJ2501.dbc,ftp://ftp.datasus.gov.br/dissemin/publicos/SIHSUS/200801_/Dados/RDRJ2501.dbc,RJ,202501,5890232.0,a1d27f4f940cc8dce92e833b8588e38ae15ecd3759f0f3c34cdacb031d72b466,2026-08-31T03:34:05.899135+00:00,75893.0,75295.0,598.0,0.0,32999.0,16811.0,16027.0,30537.0,59430.0,53803.0,0.0,0.0,2012-03-16,2025-01-31,2024-08-09,2025-01-31,SUCCESS
RDRN2501.dbc,ftp://ftp.datasus.gov.br/dissemin/publicos/SIHSUS/200801_/Dados/RDRN2501.dbc,RN,202501,1360945.0,0e839653093ed9888e113ff1e0e17e4ecce2eccb133144d2e62b72c6a7a7e4e0,2026-08-31T03:36:11.176901+00:00,17948.0,17873.0,75.0,0.0,9355.0,5029.0,3822.0,8483.0,15460.0,8369.0,0.0,0.0,2012-06-27,2025-01-31,2024-08-05,2025-01-31,SUCCESS
RDRO2501.dbc,ftp://ftp.datasus.gov.br/dissemin/publicos/SIHSUS/200801_/Dados/RDRO2501.dbc,RO,202501,765535.0,2a92ae4e8cad5bfab9da5c1c76b8922da45ced1ecd676fc656acb7b19ec582e9,2026-08-31T03:37:05.242413+00:00,10637.0,10637.0,0.0,0.0,3480.0,1504.0,1955.0,6380.0,9203.0,7821.0,0.0,0.0,2024-06-30,2025-01-31,2024-10-01,2025-01-31,SUCCESS
RDRR2501.dbc,ftp://ftp.datasus.gov.br/dissemin/publicos/SIHSUS/200801_/Dados/RDRR2501.dbc,RR,202501,276752.0,42301ab93a6ec4fd54ee4198ca0ee4a1e25a89a08b92d7cfac936113fd8ab3d6,2026-08-31T03:37:37.900006+00:00,3882.0,3882.0,0.0,0.0,1140.0,158.0,982.0,337.0,337.0,254.0,0.0,0.0,2024-01-14,2025-01-30,2024-10-01,2025-01-31,SUCCESS
RDRS2501.dbc,ftp://ftp.datasus.gov.br/dissemin/publicos/SIHSUS/200801_/Dados/RDRS2501.dbc,RS,202501,5254835.0,49dee8ac9570ca52af34994111b038915c1fdbed04432921f40f8af320397f5c,2026-08-31T03:38:23.294579+00:00,66998.0,66620.0,378.0,0.0,29332.0,14689.0,14507.0,9025.0,11253.0,10474.0,0.0,0.0,2020-10-05,2025-01-31,2024-08-01,2025-01-31,SUCCESS
RDSC2501.dbc,ftp://ftp.datasus.gov.br/dissemin/publicos/SIHSUS/200801_/Dados/RDSC2501.dbc,SC,202501,4244720.0,00d5831a83bea9d748b9d42e0ffcec892db99db5638c388e355e5b9139ab4810,2026-08-31T03:41:06.668993+00:00,53631.0,53466.0,165.0,0.0,26983.0,13944.0,12827.0,31224.0,38537.0,27377.0,0.0,0.0,2015-06-04,2025-01-31,2024-08-01,2025-01-31,SUCCESS
RDSE2501.dbc,ftp://ftp.datasus.gov.br/dissemin/publicos/SIHSUS/200801_/Dados/RDSE2501.dbc,SE,202501,735130.0,50088d6aed8333bd99c616348a6af9c40874985b7456821319b1463860260a8a,2026-08-31T03:42:48.556911+00:00,9452.0,9385.0,67.0,0.0,4539.0,2238.0,2301.0,775.0,1956.0,1014.0,0.0,0.0,2021-02-10,2025-01-31,2024-08-06,2025-01-31,SUCCESS
RDSP2501.dbc,ftp://ftp.datasus.gov.br/dissemin/publicos/SIHSUS/200801_/Dados/RDSP2501.dbc,SP,202501,18808966.0,33f811186a6a4dfa377cea2b75e739a7b1316c516d8895473af4c3685a095553,2026-08-31T03:44:28.526058+00:00,238144.0,233651.0,4493.0,0.0,104956.0,57448.0,45600.0,21631.0,35077.0,37207.0,0.0,0.0,2008-01-01,2025-01-31,2024-08-02,2025-01-31,SUCCESS
RDTO2501.dbc,ftp://ftp.datasus.gov.br/dissemin/publicos/SIHSUS/200801_/Dados/RDTO2501.dbc,TO,202501,689207.0,a42e850ad9c9b414aec46286cbba64c09645a439c132dde6b8222dd2bce8c549,2026-08-31T03:51:28.634953+00:00,8962.0,8962.0,0.0,0.0,4076.0,1185.0,2891.0,1943.0,3662.0,2270.0,0.0,0.0,2024-06-01,2025-01-30,2024-10-01,2025-01-31,SUCCESS
RDAC2502.dbc,ftp://ftp.datasus.gov.br/dissemin/publicos/SIHSUS/200801_/Dados/RDAC2502.dbc,AC,202502,311602.0,b04c965abcefe7878b5844e2f26c6801c72d9e9960d983267c8c294de98064b2,2026-08-31T03:10:03.139353+00:00,4243.0,4240.0,3.0,0.0,1807.0,1053.0,754.0,0.0,0.0,42.0,0.0,0.0,2024-09-22,2025-02-28,2024-11-01,2025-02-28,SUCCESS
RDAL2502.dbc,ftp://ftp.datasus.gov.br/dissemin/publicos/SIHSUS/200801_/Dados/RDAL2502.dbc,AL,202502,1032316.0,0ac5f1469e00f69a6f98a2d9d13c61fa276f1f1e8e6b3ff9dd3653f6464982b8,2026-08-31T03:10:31.042234+00:00,13863.0,13527.0,336.0,0.0,6631.0,2496.0,4005.0,4895.0,11084.0,6570.0,0.0,0.0,2008-01-01,2025-02-28,2024-09-01,2025-02-28,SUCCESS
RDAM2502.dbc,ftp://ftp.datasus.gov.br/dissemin/publicos/SIHSUS/200801_/Dados/RDAM2502.dbc,AM,202502,1325471.0,aa876d1b3e80ba164a870c944dcf66b2d64a9470e196968fb18feeda5c47c06c,2026-08-31T03:11:20.460250+00:00,18984.0,18984.0,0.0,0.0,7427.0,3228.0,4199.0,4885.0,13965.0,12598.0,0.0,0.0,2024-08-04,2025-02-28,2024-10-15,2025-02-28,SUCCESS
RDAP2502.dbc,ftp://ftp.datasus.gov.br/dissemin/publicos/SIHSUS/200801_/Dados/RDAP2502.dbc,AP,202502,267335.0,89d12c9e123633596eb69b11101f27bed1d82f841011469b38cf8caea5fc695e,2026-08-31T03:12:08.637880+00:00,4023.0,4023.0,0.0,0.0,1960.0,1102.0,858.0,1116.0,3246.0,2669.0,0.0,0.0,2024-10-08,2025-02-28,2024-11-01,2025-02-28,SUCCESS
RDBA2502.dbc,ftp://ftp.datasus.gov.br/dissemin/publicos/SIHSUS/200801_/Dados/RDBA2502.dbc,BA,202502,5463209.0,35d8839d35f318d9d04907b0acfc8b12cc8825cf6a31cd9a1225b9adbb1d9a78,2026-08-31T03:13:14.839459+00:00,75138.0,74828.0,310.0,0.0,34377.0,17015.0,17175.0,21207.0,46774.0,33417.0,0.0,0.0,2008-01-01,2025-02-28,2024-09-01,2025-02-28,SUCCESS
RDCE2502.dbc,ftp://ftp.datasus.gov.br/dissemin/publicos/SIHSUS/200801_/Dados/RDCE2502.dbc,CE,202502,3325523.0,3384bb38759975b60b5f576af547ab7cee63cd7991de17ce09c2c15b699a754f,2026-08-31T03:15:53.877682+00:00,45200.0,44773.0,427.0,0.0,18567.0,7020.0,10920.0,22447.0,36559.0,28327.0,0.0,0.0,2019-02-22,2025-02-28,2024-09-17,2025-02-28,SUCCESS
RDDF2502.dbc,ftp://ftp.datasus.gov.br/dissemin/publicos/SIHSUS/200801_/Dados/RDDF2502.dbc,DF,202502,1561393.0,5f4f64d8e413fb09e6ca5cbbf34d025fd9c32ba7425536c004b52a4e29776afd,2026-08-31T03:17:15.871634+00:00,19383.0,19284.0,99.0,0.0,6746.0,1850.0,4855.0,4066.0,19383.0,15181.0,0.0,0.0,2024-02-04,2025-02-28,2024-11-01,2025-02-28,SUCCESS
RDES2502.dbc,ftp://ftp.datasus.gov.br/dissemin/publicos/SIHSUS/200801_/Dados/RDES2502.dbc,ES,202502,1930009.0,b9885f12b8f07550c668e333f94520d8b3070f65b9d0de242a693cf52d28404b,2026-08-31T03:17:46.151345+00:00,24987.0,24920.0,67.0,0.0,11965.0,5564.0,6138.0,7223.0,15758.0,9767.0,0.0,0.0,2024-09-17,2025-02-28,2024-10-07,2025-02-28,SUCCESS
RDGO2502.dbc,ftp://ftp.datasus.gov.br/dissemin/publicos/SIHSUS/200801_/Dados/RDGO2502.dbc,GO,202502,2763465.0,f50001a296b7a54643de973bee2ef6468eb7332e70855289d7c069d07694f33e,2026-08-31T03:18:56.258980+00:00,37258.0,36384.0,874.0,0.0,16569.0,6956.0,9613.0,4264.0,18653.0,11247.0,0.0,0.0,2008-01-01,2025-02-28,2024-09-01,2025-02-28,SUCCESS
RDMA2502.dbc,ftp://ftp.datasus.gov.br/dissemin/publicos/SIHSUS/200801_/Dados/RDMA2502.dbc,MA,202502,2655985.0,1d7ffe2097b4e2269047a4f81d6be0379af936ad7b7f615df920008a1fc69f20,2026-08-31T03:20:24.873781+00:00,39186.0,38820.0,366.0,0.0,14231.0,5200.0,9018.0,1810.0,4214.0,3374.0,0.0,0.0,2015-01-16,2025-02-28,2024-10-16,2025-02-28,SUCCESS
RDMG2502.dbc,ftp://ftp.datasus.gov.br/dissemin/publicos/SIHSUS/200801_/Dados/RDMG2502.dbc,MG,202502,9492037.0,298e6a83b2eb89e0835c95bc48fee04272e3cde4b3f56fa893987341c9cda3cf,2026-08-31T03:22:36.435465+00:00,122372.0,121811.0,561.0,0.0,52112.0,24693.0,27154.0,34339.0,61667.0,43201.0,0.0,0.0,2011-01-27,2025-02-28,2024-09-01,2025-02-28,SUCCESS
RDMS2502.dbc,ftp://ftp.datasus.gov.br/dissemin/publicos/SIHSUS/200801_/Dados/RDMS2502.dbc,MS,202502,1293261.0,68374fc736af14d55001f4ee730007fc45562cb6cceb457756ab3502b1bb71f9,2026-08-31T03:26:33.002769+00:00,16939.0,16793.0,146.0,0.0,7601.0,3018.0,4583.0,4952.0,6596.0,6380.0,0.0,0.0,2023-02-27,2025-02-28,2024-09-01,2025-02-28,SUCCESS
RDMT2502.dbc,ftp://ftp.datasus.gov.br/dissemin/publicos/SIHSUS/200801_/Dados/RDMT2502.dbc,MT,202502,1542231.0,554de2e458b8d2b634bfe6828d3faf508afa88211296901d6a7273f121fb468b,2026-08-31T03:27:39.663872+00:00,20655.0,20487.0,168.0,0.0,9310.0,3433.0,5877.0,5445.0,10919.0,7903.0,0.0,0.0,2023-12-31,2025-02-28,2024-09-01,2025-02-28,SUCCESS
RDPA2502.dbc,ftp://ftp.datasus.gov.br/dissemin/publicos/SIHSUS/200801_/Dados/RDPA2502.dbc,PA,202502,3042086.0,918f2314b7f9bdfa7af28539197e6ec34ed5bf4d0aaacef618057c2e3a360b05,2026-08-31T03:29:02.872492+00:00,43943.0,43943.0,0.0,0.0,18352.0,6954.0,11393.0,8463.0,18957.0,13774.0,0.0,0.0,2024-08-06,2025-02-28,2024-09-10,2025-02-28,SUCCESS
RDPB2502.dbc,ftp://ftp.datasus.gov.br/dissemin/publicos/SIHSUS/200801_/Dados/RDPB2502.dbc,PB,202502,1476488.0,97259097c71b81c880dcf9459f133e9003139cb45fdc394587b2543122462c14,2026-08-31T03:30:18.940438+00:00,19487.0,19277.0,210.0,0.0,9722.0,5331.0,4389.0,8219.0,15610.0,8507.0,0.0,0.0,2024-07-28,2025-02-28,2024-09-27,2025-02-28,SUCCESS
RDPE2502.dbc,ftp://ftp.datasus.gov.br/dissemin/publicos/SIHSUS/200801_/Dados/RDPE2502.dbc,PE,202502,3768413.0,b6966eb27780371ffdcd01586806a328ed4369a244b4e7385c68d408853d090c,2026-08-31T03:30:59.405623+00:00,50421.0,50058.0,363.0,0.0,21467.0,11205.0,10189.0,20325.0,46208.0,28544.0,0.0,0.0,2013-06-28,2025-02-28,2024-09-09,2025-02-28,SUCCESS
RDPI2502.dbc,ftp://ftp.datasus.gov.br/dissemin/publicos/SIHSUS/200801_/Dados/RDPI2502.dbc,PI,202502,1272783.0,5b89ecb7496c6ea0baf6231c2993c455c5d46ada2b9ea3f178c1b82e4f11753d,2026-08-31T03:31:54.512940+00:00,17055.0,16932.0,123.0,0.0,7039.0,2384.0,4655.0,11698.0,14348.0,8054.0,0.0,0.0,2010-10-26,2025-02-28,2024-10-05,2025-02-28,SUCCESS
RDPR2502.dbc,ftp://ftp.datasus.gov.br/dissemin/publicos/SIHSUS/200801_/Dados/RDPR2502.dbc,PR,202502,6490156.0,25c9a41a3d8b1d3e383e8bfbcffe4224ab86cd2cf6ef153b3aec888a471db707,2026-08-31T03:32:36.310954+00:00,85810.0,84508.0,1302.0,0.0,39114.0,21609.0,17184.0,4586.0,7769.0,6330.0,0.0,0.0,2015-04-18,2025-02-28,2024-09-01,2025-02-28,SUCCESS
RDRJ2502.dbc,ftp://ftp.datasus.gov.br/dissemin/publicos/SIHSUS/200801_/Dados/RDRJ2502.dbc,RJ,202502,5617016.0,fcc904cfbe486f952ebbac587241a08e5c56304551fa49d93671d0ee97d07542,2026-08-31T03:34:11.305477+00:00,71711.0,71097.0,614.0,0.0,31692.0,16046.0,15494.0,28168.0,54730.0,49770.0,0.0,0.0,2012-03-16,2025-02-28,2024-09-03,2025-02-28,SUCCESS
RDRN2502.dbc,ftp://ftp.datasus.gov.br/dissemin/publicos/SIHSUS/200801_/Dados/RDRN2502.dbc,RN,202502,1326772.0,b904e88878e5f536794bcc902dc403922fb31aa4d396b6efbf4e2efb6ef7eadc,2026-08-31T03:36:17.114314+00:00,17891.0,17811.0,80.0,0.0,9475.0,4955.0,3849.0,8856.0,15190.0,8491.0,0.0,0.0,2017-02-14,2025-02-28,2024-09-09,2025-02-28,SUCCESS
RDRO2502.dbc,ftp://ftp.datasus.gov.br/dissemin/publicos/SIHSUS/200801_/Dados/RDRO2502.dbc,RO,202502,731448.0,7eee4f460dcb7e27d069e5e0acc93d43365e5f21619c51da79e77b88dc72aa7c,2026-08-31T03:37:05.649948+00:00,10219.0,10219.0,0.0,0.0,3295.0,1746.0,1530.0,6419.0,8870.0,7593.0,0.0,0.0,2024-05-28,2025-02-28,2024-10-01,2025-02-28,SUCCESS
RDRR2502.dbc,ftp://ftp.datasus.gov.br/dissemin/publicos/SIHSUS/200801_/Dados/RDRR2502.dbc,RR,202502,213813.0,954f5230eb8bc1a8ebecee9af28f8969775849ca6ac315af13a9ba90055f79fc,2026-08-31T03:37:37.945096+00:00,2855.0,2855.0,0.0,0.0,874.0,153.0,721.0,179.0,179.0,144.0,0.0,0.0,2024-07-19,2025-02-26,2024-11-01,2025-02-28,SUCCESS
RDRS2502.dbc,ftp://ftp.datasus.gov.br/dissemin/publicos/SIHSUS/200801_/Dados/RDRS2502.dbc,RS,202502,5191386.0,99f142239a9d077af6a6ef3563178a12302ddc003e94bc9a097751d8509774f8,2026-08-31T03:38:50.463386+00:00,66262.0,65833.0,429.0,0.0,30249.0,15536.0,14626.0,8691.0,10912.0,10387.0,0.0,0.0,2021-04-23,2025-02-28,2024-09-01,2025-02-28,SUCCESS
RDSC2502.dbc,ftp://ftp.datasus.gov.br/dissemin/publicos/SIHSUS/200801_/Dados/RDSC2502.dbc,SC,202502,4213851.0,f540db7903fc5cdee647e369d89c368767f76d2085c81464ce345b6bcb737a46,2026-08-31T03:41:12.406394+00:00,53444.0,53253.0,191.0,0.0,27780.0,15283.0,12325.0,30338.0,38560.0,27436.0,0.0,0.0,2015-06-04,2025-02-28,2024-09-01,2025-02-28,SUCCESS
RDSE2502.dbc,ftp://ftp.datasus.gov.br/dissemin/publicos/SIHSUS/200801_/Dados/RDSE2502.dbc,SE,202502,731007.0,6db8f8bbcc8a3792d9f06da3e8b3f8d3990df217468b1c7d23225aababefb8af,2026-08-31T03:42:53.283063+00:00,9482.0,9418.0,64.0,0.0,4641.0,2230.0,2411.0,730.0,1811.0,971.0,0.0,0.0,2021-02-10,2025-02-27,2024-11-01,2025-02-28,SUCCESS
RDSP2502.dbc,ftp://ftp.datasus.gov.br/dissemin/publicos/SIHSUS/200801_/Dados/RDSP2502.dbc,SP,202502,18002558.0,7d196729e3b5ba3c1fe3d184f3b5f3b73813abe9a0bd28bbd5c669b1437413b7,2026-08-31T03:45:39.114198+00:00,231291.0,226753.0,4538.0,0.0,104743.0,60007.0,42882.0,21152.0,34590.0,36400.0,0.0,0.0,2008-01-01,2025-02-28,2024-09-04,2025-02-28,SUCCESS
RDTO2502.dbc,ftp://ftp.datasus.gov.br/dissemin/publicos/SIHSUS/200801_/Dados/RDTO2502.dbc,TO,202502,681243.0,a8ab21e95af2a736ae3c6f2751e7aa5fbd0722a677e9542b838ee0a83ce3eb7b,2026-08-31T03:51:29.142790+00:00,8872.0,8872.0,0.0,0.0,4194.0,1265.0,2929.0,1933.0,3712.0,2355.0,0.0,0.0,2024-09-30,2025-02-28,2024-10-10,2025-02-28,SUCCESS
RDAC2503.dbc,ftp://ftp.datasus.gov.br/dissemin/publicos/SIHSUS/200801_/Dados/RDAC2503.dbc,AC,202503,379584.0,61ab97d89ebfb5a8c9521886c29ad5bc7804c28e8d28bda2cd68149726d3dac6,2026-08-31T03:10:03.148858+00:00,5348.0,5346.0,2.0,0.0,2449.0,1563.0,886.0,0.0,0.0,47.0,0.0,0.0,2024-07-28,2025-03-30,2024-11-11,2025-03-31,SUCCESS
RDAL2503.dbc,ftp://ftp.datasus.gov.br/dissemin/publicos/SIHSUS/200801_/Dados/RDAL2503.dbc,AL,202503,1058444.0,059eca06ce7b68385cedea9bc076c3276e7f0f0fcba94b272705500e3495e41b,2026-08-31T03:10:31.055354+00:00,14431.0,14106.0,325.0,0.0,6864.0,2399.0,4305.0,5322.0,11449.0,6595.0,0.0,0.0,2008-01-01,2025-03-31,2024-10-01,2025-03-31,SUCCESS
RDAM2503.dbc,ftp://ftp.datasus.gov.br/dissemin/publicos/SIHSUS/200801_/Dados/RDAM2503.dbc,AM,202503,1409069.0,47042c495b12139693bfe62d6b63723c2e5518021c0e8e8e20afb0bcc73d1c79,2026-08-31T03:11:20.592961+00:00,19892.0,19892.0,0.0,0.0,7266.0,2944.0,4322.0,5017.0,14640.0,13233.0,0.0,0.0,2024-09-25,2025-03-31,2024-11-28,2025-03-31,SUCCESS
RDAP2503.dbc,ftp://ftp.datasus.gov.br/dissemin/publicos/SIHSUS/200801_/Dados/RDAP2503.dbc,AP,202503,331978.0,7cb8a79296cd4c0522ea92f57eaea08d3492e4b4a67d35de713d7d7d8be203da,2026-08-31T03:12:08.854551+00:00,5009.0,5009.0,0.0,0.0,2287.0,1168.0,1118.0,1154.0,3935.0,3283.0,0.0,0.0,2024-11-11,2025-03-31,2024-12-01,2025-03-31,SUCCESS
RDBA2503.dbc,ftp://ftp.datasus.gov.br/dissemin/publicos/SIHSUS/200801_/Dados/RDBA2503.dbc,BA,202503,5700415.0,a5af296ed60c85e6282d5a8e24df588367364f533e66a27345b48072336044eb,2026-08-31T03:13:15.034775+00:00,78502.0,78164.0,338.0,0.0,34255.0,16381.0,17682.0,22620.0,49390.0,35393.0,0.0,0.0,2008-01-01,2025-03-31,2024-10-01,2025-03-31,SUCCESS
RDCE2503.dbc,ftp://ftp.datasus.gov.br/dissemin/publicos/SIHSUS/200801_/Dados/RDCE2503.dbc,CE,202503,3532117.0,8cd24ab3583143bb152b3f5d215fc68ba763ec50fd7823acbb6387c8aff51373,2026-08-31T03:15:54.177347+00:00,48114.0,47751.0,363.0,0.0,19551.0,7399.0,11639.0,23102.0,38262.0,29677.0,0.0,0.0,2019-02-22,2025-03-31,2024-10-10,2025-03-31,SUCCESS
RDDF2503.dbc,ftp://ftp.datasus.gov.br/dissemin/publicos/SIHSUS/200801_/Dados/RDDF2503.dbc,DF,202503,1654822.0,a27f771f0422df5d280bf7a9ab12cb4d87405de9dea0e1ed7ac48db306c3e5fd,2026-08-31T03:17:15.905837+00:00,21047.0,20986.0,61.0,0.0,6589.0,1971.0,4594.0,4414.0,21047.0,16395.0,0.0,0.0,2024-08-24,2025-03-31,2024-12-01,2025-03-31,SUCCESS
RDES2503.dbc,ftp://ftp.datasus.gov.br/dissemin/publicos/SIHSUS/200801_/Dados/RDES2503.dbc,ES,202503,2072567.0,6916220311cdb702a1b89c792b1249800574c9c264b2c7e9b202cfee0692377f,2026-08-31T03:17:46.464804+00:00,27148.0,27083.0,65.0,0.0,12607.0,5308.0,7065.0,8777.0,18777.0,11315.0,0.0,0.0,2024-10-02,2025-03-31,2024-10-22,2025-03-31,SUCCESS
RDGO2503.dbc,ftp://ftp.datasus.gov.br/dissemin/publicos/SIHSUS/200801_/Dados/RDGO2503.dbc,GO,202503,2968360.0,4d5a26a7196c9a40500ee9f18763b316904b692d61aaad3390b43bb36d414b27,2026-08-31T03:18:56.318731+00:00,40265.0,39388.0,877.0,0.0,18024.0,7670.0,10354.0,4569.0,19591.0,12230.0,0.0,0.0,2008-01-01,2025-03-31,2024-10-01,2025-03-31,SUCCESS
RDMA2503.dbc,ftp://ftp.datasus.gov.br/dissemin/publicos/SIHSUS/200801_/Dados/RDMA2503.dbc,MA,202503,2795077.0,7535278addccd0decfc3a6d7d16474c346742ea740baab9cd214d5fd2922e2be,2026-08-31T03:20:24.985670+00:00,41505.0,40977.0,528.0,0.0,15257.0,5609.0,9580.0,2342.0,4827.0,3758.0,0.0,0.0,2015-01-16,2025-03-31,2024-12-01,2025-03-31,SUCCESS
RDMG2503.dbc,ftp://ftp.datasus.gov.br/dissemin/publicos/SIHSUS/200801_/Dados/RDMG2503.dbc,MG,202503,9853101.0,983bc92deb5c3c05ef8c7c8e62100d380a0717fd8f5958af26409b8ae7f48b1d,2026-08-31T03:22:38.157073+00:00,127776.0,127206.0,570.0,0.0,52935.0,24178.0,28497.0,35408.0,63227.0,44038.0,0.0,0.0,2011-01-27,2025-03-31,2024-10-01,2025-03-31,SUCCESS
RDMS2503.dbc,ftp://ftp.datasus.gov.br/dissemin/publicos/SIHSUS/200801_/Dados/RDMS2503.dbc,MS,202503,1356294.0,4142305302a96ab7aa973eb4c8cf6a3eb2b46a6e1a4370633a6eb93227bad74b,2026-08-31T03:26:33.804468+00:00,17766.0,17628.0,138.0,0.0,8017.0,3430.0,4587.0,5098.0,6798.0,6553.0,0.0,0.0,2023-02-27,2025-03-31,2024-10-04,2025-03-31,SUCCESS
RDMT2503.dbc,ftp://ftp.datasus.gov.br/dissemin/publicos/SIHSUS/200801_/Dados/RDMT2503.dbc,MT,202503,1739644.0,16d3bc10e24972359889cade100036f070828de054a796eeba97d4aa95d232b2,2026-08-31T03:27:48.624035+00:00,23311.0,23144.0,167.0,0.0,9910.0,3508.0,6402.0,6393.0,12725.0,9290.0,0.0,0.0,2023-12-31,2025-03-31,2024-10-04,2025-03-31,SUCCESS
RDPA2503.dbc,ftp://ftp.datasus.gov.br/dissemin/publicos/SIHSUS/200801_/Dados/RDPA2503.dbc,PA,202503,3281762.0,19ab654dc7807cbf16481f078db3b0e3859cd44d411a47ba2475fbdffa5ef35f,2026-08-31T03:29:02.888320+00:00,47078.0,47078.0,0.0,0.0,19683.0,7862.0,11802.0,8874.0,20494.0,14966.0,0.0,0.0,2024-07-05,2025-03-31,2024-11-11,2025-03-31,SUCCESS
RDPB2503.dbc,ftp://ftp.datasus.gov.br/dissemin/publicos/SIHSUS/200801_/Dados/RDPB2503.dbc,PB,202503,1611397.0,45141b99727ff3dd8e3883a2b8c4b24a2306e74c1138667ca274e717faa78d8e,2026-08-31T03:30:18.947745+00:00,21502.0,21298.0,204.0,0.0,10390.0,5239.0,5144.0,9129.0,17213.0,9327.0,0.0,0.0,2024-08-15,2025-03-31,2024-10-12,2025-03-31,SUCCESS
RDPE2503.dbc,ftp://ftp.datasus.gov.br/dissemin/publicos/SIHSUS/200801_/Dados/RDPE2503.dbc,PE,202503,4006823.0,e7a1fe33fec2012b9cfa52bc9cfaf39372a63e60253610f03a9fdd2dac9cef44,2026-08-31T03:30:59.425644+00:00,53849.0,53532.0,317.0,0.0,22075.0,10624.0,11223.0,22897.0,49360.0,30588.0,0.0,0.0,2013-06-28,2025-03-31,2024-10-09,2025-03-31,SUCCESS
RDPI2503.dbc,ftp://ftp.datasus.gov.br/dissemin/publicos/SIHSUS/200801_/Dados/RDPI2503.dbc,PI,202503,1377960.0,3ede2c7f995c6341e417fa58f40eced7b3a9080080639039899acfeac5bfca0b,2026-08-31T03:31:54.515656+00:00,18468.0,18339.0,129.0,0.0,7723.0,2637.0,5086.0,12971.0,15656.0,9165.0,0.0,0.0,2010-10-26,2025-03-31,2024-11-01,2025-03-31,SUCCESS
RDPR2503.dbc,ftp://ftp.datasus.gov.br/dissemin/publicos/SIHSUS/200801_/Dados/RDPR2503.dbc,PR,202503,6692973.0,bda1dda801fdfff55365504c2d272118f8d44fd0056a20cee3503a8666a36ee8,2026-08-31T03:32:44.246359+00:00,88023.0,86717.0,1306.0,0.0,39837.0,21774.0,17815.0,4555.0,7833.0,6339.0,0.0,0.0,2015-04-18,2025-03-31,2024-10-01,2025-03-31,SUCCESS
RDRJ2503.dbc,ftp://ftp.datasus.gov.br/dissemin/publicos/SIHSUS/200801_/Dados/RDRJ2503.dbc,RJ,202503,5751601.0,f72208529e6d168cfbe802871a6350ed8d936ead3da82e281c50f71ea00aaeb3,2026-08-31T03:34:18.746132+00:00,73809.0,73144.0,665.0,0.0,33384.0,16838.0,16391.0,31018.0,57194.0,51938.0,0.0,0.0,2012-03-16,2025-03-31,2024-10-02,2025-03-31,SUCCESS
RDRN2503.dbc,ftp://ftp.datasus.gov.br/dissemin/publicos/SIHSUS/200801_/Dados/RDRN2503.dbc,RN,202503,1393972.0,4a19997c8a608722fca642c92d4b20a0d7b2869e70fa334394c81e8e0b408736,2026-08-31T03:36:19.842172+00:00,18603.0,18521.0,82.0,0.0,9703.0,5409.0,3543.0,9068.0,15669.0,8887.0,0.0,0.0,2017-02-14,2025-03-31,2024-10-03,2025-03-31,SUCCESS
RDRO2503.dbc,ftp://ftp.datasus.gov.br/dissemin/publicos/SIHSUS/200801_/Dados/RDRO2503.dbc,RO,202503,761844.0,02aed3df4d8bcc5a71edc39ed44f1c50627a594fea2f5534fd2fe03cd46a6a56,2026-08-31T03:37:11.272826+00:00,10762.0,10762.0,0.0,0.0,3514.0,1900.0,1601.0,6448.0,9153.0,7933.0,0.0,0.0,2024-04-07,2025-03-31,2024-12-01,2025-03-31,SUCCESS
RDRR2503.dbc,ftp://ftp.datasus.gov.br/dissemin/publicos/SIHSUS/200801_/Dados/RDRR2503.dbc,RR,202503,258435.0,6e163b2f3989fc7186a8a1a34f5c7163c7b46cb81846bcbd734cd1f98d97b909,2026-08-31T03:37:38.173649+00:00,3459.0,3459.0,0.0,0.0,1067.0,227.0,840.0,331.0,331.0,242.0,0.0,0.0,2024-08-25,2025-03-28,2024-11-02,2025-03-31,SUCCESS
RDRS2503.dbc,ftp://ftp.datasus.gov.br/dissemin/publicos/SIHSUS/200801_/Dados/RDRS2503.dbc,RS,202503,5377816.0,f96d5ef4eec06e0f2588b135a79b7b9491b6a3c298638ccc1ec54054c6c5e028,2026-08-31T03:38:50.841906+00:00,68915.0,68489.0,426.0,0.0,30968.0,15543.0,15336.0,8969.0,11478.0,10680.0,0.0,0.0,2021-04-23,2025-03-31,2024-10-02,2025-03-31,SUCCESS
RDSC2503.dbc,ftp://ftp.datasus.gov.br/dissemin/publicos/SIHSUS/200801_/Dados/RDSC2503.dbc,SC,202503,4336559.0,42031af61bb652b6f3f1c3149ef1d87af60406d65137eda47910ec2750a80c34,2026-08-31T03:41:13.178587+00:00,55023.0,54853.0,170.0,0.0,28510.0,15375.0,13020.0,31780.0,39590.0,28164.0,0.0,0.0,2015-06-04,2025-03-31,2024-10-05,2025-03-31,SUCCESS
RDSE2503.dbc,ftp://ftp.datasus.gov.br/dissemin/publicos/SIHSUS/200801_/Dados/RDSE2503.dbc,SE,202503,773720.0,e233fbac0a0617316432f9808b382378ce4c9fa6d2dbb05aceb61b9af6e5ae2c,2026-08-31T03:42:53.289068+00:00,10435.0,10367.0,68.0,0.0,4817.0,2203.0,2614.0,754.0,1920.0,998.0,0.0,0.0,2021-02-10,2025-03-31,2024-11-19,2025-03-31,SUCCESS
RDSP2503.dbc,ftp://ftp.datasus.gov.br/dissemin/publicos/SIHSUS/200801_/Dados/RDSP2503.dbc,SP,202503,19325238.0,825e89ac7c0a4a36f6f90b82ce440ae1b3cd5574b5d59500faa2cbd03ad485a5,2026-08-31T03:45:39.146720+00:00,245839.0,241402.0,4437.0,0.0,108214.0,60574.0,45856.0,23152.0,37367.0,39023.0,0.0,0.0,2008-01-01,2025-03-31,2024-10-02,2025-03-31,SUCCESS
RDTO2503.dbc,ftp://ftp.datasus.gov.br/dissemin/publicos/SIHSUS/200801_/Dados/RDTO2503.dbc,TO,202503,697579.0,30d30b48b6444f9f7441058bc92e1f01f3490d1e5d36236e6c406e13836afe20,2026-08-31T03:51:39.335849+00:00,9144.0,9144.0,0.0,0.0,3970.0,1064.0,2906.0,2057.0,3979.0,2512.0,0.0,0.0,2024-11-01,2025-03-31,2024-12-01,2025-03-31,SUCCESS
RDAC2504.dbc,ftp://ftp.datasus.gov.br/dissemin/publicos/SIHSUS/200801_/Dados/RDAC2504.dbc,AC,202504,406880.0,b844a9b10a95052614ebefeb603884c560c171f5e4d5be3444c53c5d75e2a88c,2026-08-31T03:10:03.162418+00:00,5887.0,5874.0,13.0,0.0,2854.0,1855.0,999.0,0.0,0.0,50.0,0.0,0.0,2024-10-12,2025-04-30,2024-12-06,2025-04-30,SUCCESS
RDAL2504.dbc,ftp://ftp.datasus.gov.br/dissemin/publicos/SIHSUS/200801_/Dados/RDAL2504.dbc,AL,202504,1055472.0,f2819ae37d7ad211d733cb8acc66311cc739d6937e044ca42ce2bc58cfbe1b41,2026-08-31T03:10:31.105584+00:00,14383.0,14054.0,329.0,0.0,6981.0,2886.0,3942.0,4885.0,11271.0,6481.0,0.0,0.0,2008-01-01,2025-04-30,2024-11-01,2025-04-30,SUCCESS
RDAM2504.dbc,ftp://ftp.datasus.gov.br/dissemin/publicos/SIHSUS/200801_/Dados/RDAM2504.dbc,AM,202504,1403613.0,4e1575b310f203218cc83e2c7c72fa001a13e6bc9f6cedb3a3a0b628ec2b859d,2026-08-31T03:11:20.623560+00:00,20290.0,20290.0,0.0,0.0,7572.0,3133.0,4439.0,4469.0,14553.0,13139.0,0.0,0.0,2024-11-18,2025-04-30,2025-01-01,2025-04-30,SUCCESS
RDAP2504.dbc,ftp://ftp.datasus.gov.br/dissemin/publicos/SIHSUS/200801_/Dados/RDAP2504.dbc,AP,202504,350245.0,353dd11435be39439e58281493d351daa551e4c4b4f84806d6f64200cd33a0fb,2026-08-31T03:12:10.164638+00:00,5258.0,5258.0,0.0,0.0,2264.0,1125.0,1139.0,1265.0,4032.0,3368.0,0.0,0.0,2024-12-01,2025-04-30,2025-01-01,2025-04-30,SUCCESS
RDBA2504.dbc,ftp://ftp.datasus.gov.br/dissemin/publicos/SIHSUS/200801_/Dados/RDBA2504.dbc,BA,202504,5710960.0,4d5001ffb4dbf21491e92cbc9f2014976e453548cbd811162103cee590f62765,2026-08-31T03:13:15.039705+00:00,78674.0,78307.0,367.0,0.0,34405.0,16477.0,17752.0,21512.0,49047.0,35320.0,0.0,0.0,2008-01-01,2025-04-30,2024-11-01,2025-04-30,SUCCESS
RDCE2504.dbc,ftp://ftp.datasus.gov.br/dissemin/publicos/SIHSUS/200801_/Dados/RDCE2504.dbc,CE,202504,3596650.0,dde50b588e335dba3244d08ef18e0b85e2aafffdcd69824757dfcd752c70553d,2026-08-31T03:15:54.276919+00:00,49533.0,49152.0,381.0,0.0,19140.0,7628.0,11128.0,23970.0,39291.0,30554.0,0.0,0.0,2019-02-22,2025-04-30,2024-11-01,2025-04-30,SUCCESS
RDDF2504.dbc,ftp://ftp.datasus.gov.br/dissemin/publicos/SIHSUS/200801_/Dados/RDDF2504.dbc,DF,202504,1605478.0,1aae3819e62c41c33207457bcd7dbf53b5a1a95a3f960d25ba189c25c556b27b,2026-08-31T03:17:16.017265+00:00,20315.0,20241.0,74.0,0.0,6709.0,2170.0,4523.0,4317.0,20315.0,15895.0,0.0,0.0,2024-07-18,2025-04-30,2025-01-01,2025-04-30,SUCCESS
RDES2504.dbc,ftp://ftp.datasus.gov.br/dissemin/publicos/SIHSUS/200801_/Dados/RDES2504.dbc,ES,202504,1828316.0,c18c5489211acb52f2c081d1f49ba068a13139bc1f7dbadbf689be7036568408,2026-08-31T03:17:46.686809+00:00,23758.0,23691.0,67.0,0.0,11355.0,5085.0,6109.0,7520.0,15941.0,9840.0,0.0,0.0,2024-07-01,2025-04-30,2024-12-03,2025-04-30,SUCCESS
RDGO2504.dbc,ftp://ftp.datasus.gov.br/dissemin/publicos/SIHSUS/200801_/Dados/RDGO2504.dbc,GO,202504,2911224.0,5406696cfd8c82063aa3658bc466d929a5019df220fb57b05147575d2f9c3a08,2026-08-31T03:19:07.523391+00:00,39034.0,38162.0,872.0,0.0,17689.0,7897.0,9792.0,5033.0,19622.0,12420.0,0.0,0.0,2008-01-01,2025-04-30,2024-11-01,2025-04-30,SUCCESS
RDMA2504.dbc,ftp://ftp.datasus.gov.br/dissemin/publicos/SIHSUS/200801_/Dados/RDMA2504.dbc,MA,202504,2836675.0,dd131cc05afa7835b39363870ff6750aca0548c0bcf230401afbe2f231d80613,2026-08-31T03:20:35.828017+00:00,42493.0,42083.0,410.0,0.0,15697.0,6718.0,8945.0,2216.0,4895.0,3929.0,0.0,0.0,2015-01-16,2025-04-30,2024-12-06,2025-04-30,SUCCESS
RDMG2504.dbc,ftp://ftp.datasus.gov.br/dissemin/publicos/SIHSUS/200801_/Dados/RDMG2504.dbc,MG,202504,10061374.0,84ed43b84dfd1f06548e9a491b66c34e8e8a3ba48d9b5c28b4696f900f2816d9,2026-08-31T03:22:55.956011+00:00,130850.0,130295.0,555.0,0.0,55938.0,27011.0,28657.0,35740.0,64175.0,44599.0,0.0,0.0,2011-01-27,2025-04-30,2024-11-01,2025-04-30,SUCCESS
RDMS2504.dbc,ftp://ftp.datasus.gov.br/dissemin/publicos/SIHSUS/200801_/Dados/RDMS2504.dbc,MS,202504,1421900.0,9ab15feff296e6f7faba273b52b0f443bff34c409edb32dc7dfc2cfd6990fc09,2026-08-31T03:26:43.374674+00:00,18774.0,18639.0,135.0,0.0,8434.0,3502.0,4932.0,5401.0,7290.0,7067.0,0.0,0.0,2023-02-27,2025-04-30,2024-11-01,2025-04-30,SUCCESS
RDMT2504.dbc,ftp://ftp.datasus.gov.br/dissemin/publicos/SIHSUS/200801_/Dados/RDMT2504.dbc,MT,202504,1633980.0,99f0f288b5be184ffe16702c1a0d99819f5b9a041b4c80e051280bcaa44438ff,2026-08-31T03:27:48.881968+00:00,21906.0,21747.0,159.0,0.0,9441.0,3139.0,6302.0,5556.0,11280.0,8217.0,0.0,0.0,2024-05-31,2025-04-30,2024-11-01,2025-04-30,SUCCESS
RDPA2504.dbc,ftp://ftp.datasus.gov.br/dissemin/publicos/SIHSUS/200801_/Dados/RDPA2504.dbc,PA,202504,3228910.0,6ec62f9f9ded280bf9341e967c2c138bdb548699af2f26ba66738f3be7acffb7,2026-08-31T03:29:13.796471+00:00,46662.0,46662.0,0.0,0.0,19753.0,7576.0,12165.0,8959.0,19461.0,14191.0,0.0,0.0,2024-04-12,2025-04-30,2024-12-03,2025-04-30,SUCCESS
RDPB2504.dbc,ftp://ftp.datasus.gov.br/dissemin/publicos/SIHSUS/200801_/Dados/RDPB2504.dbc,PB,202504,1585533.0,fad80878b4d82431900ff978b50c3135ec96420f6c40f02ce99f78756a3c99e7,2026-08-31T03:30:24.536165+00:00,21058.0,20840.0,218.0,0.0,10143.0,5387.0,4752.0,9020.0,17123.0,9071.0,0.0,0.0,2024-09-14,2025-04-30,2024-11-08,2025-04-30,SUCCESS
RDPE2504.dbc,ftp://ftp.datasus.gov.br/dissemin/publicos/SIHSUS/200801_/Dados/RDPE2504.dbc,PE,202504,4150631.0,bf87e6bb03b9eec33b03e8ce0bf70fe7ed49375c1c2dc93e63c9d9a193039dee,2026-08-31T03:30:59.753566+00:00,56353.0,56014.0,339.0,0.0,23401.0,12093.0,11201.0,22742.0,50936.0,31984.0,0.0,0.0,2013-06-28,2025-04-30,2024-11-29,2025-04-30,SUCCESS
RDPI2504.dbc,ftp://ftp.datasus.gov.br/dissemin/publicos/SIHSUS/200801_/Dados/RDPI2504.dbc,PI,202504,1307865.0,29643f25282f4471df3e3034bb880d17b51e9ddd24c5c837861bd0ed904c52eb,2026-08-31T03:31:54.580318+00:00,17687.0,17558.0,129.0,0.0,7012.0,2445.0,4567.0,11839.0,14822.0,8638.0,0.0,0.0,2010-10-26,2025-04-30,2024-12-01,2025-04-30,SUCCESS
RDPR2504.dbc,ftp://ftp.datasus.gov.br/dissemin/publicos/SIHSUS/200801_/Dados/RDPR2504.dbc,PR,202504,6798319.0,905def539c7cf1af97e149f9f06da2412f8ff0da6f9d843b560a0834b7bf498b,2026-08-31T03:32:44.438094+00:00,91035.0,89707.0,1328.0,0.0,41827.0,23734.0,17873.0,4559.0,8032.0,6801.0,0.0,0.0,2015-04-18,2025-04-30,2024-11-03,2025-04-30,SUCCESS
RDRJ2504.dbc,ftp://ftp.datasus.gov.br/dissemin/publicos/SIHSUS/200801_/Dados/RDRJ2504.dbc,RJ,202504,5713834.0,7fb5fee5865832258940880f559e97e625d6d2a5a4d9f5288d765bd33c558927,2026-08-31T03:34:19.072002+00:00,73206.0,72538.0,668.0,0.0,32668.0,16428.0,16100.0,31033.0,57198.0,52174.0,0.0,0.0,2012-03-16,2025-04-30,2024-11-02,2025-04-30,SUCCESS
RDRN2504.dbc,ftp://ftp.datasus.gov.br/dissemin/publicos/SIHSUS/200801_/Dados/RDRN2504.dbc,RN,202504,1375448.0,b8307f2f849adfea007171d11a693a7ed7d324801e7d01e1c880100cf82ebad3,2026-08-31T03:36:20.133183+00:00,18676.0,18598.0,78.0,0.0,9792.0,5139.0,4079.0,9145.0,15553.0,8531.0,0.0,0.0,2017-02-14,2025-04-30,2024-11-09,2025-04-30,SUCCESS
RDRO2504.dbc,ftp://ftp.datasus.gov.br/dissemin/publicos/SIHSUS/200801_/Dados/RDRO2504.dbc,RO,202504,812586.0,4ec252a3577f7fed218b93a5f70cc9331c5654634020a2c5d2097ab291189bf0,2026-08-31T03:37:11.325306+00:00,11551.0,11551.0,0.0,0.0,3911.0,2202.0,1700.0,7101.0,9754.0,8321.0,0.0,0.0,2024-09-18,2025-04-30,2024-12-05,2025-04-30,SUCCESS
RDRR2504.dbc,ftp://ftp.datasus.gov.br/dissemin/publicos/SIHSUS/200801_/Dados/RDRR2504.dbc,RR,202504,220431.0,6a271fdd856f89596e5cd4e752741c382fa22997ca38ee0dadb8d2e8cab7dd0e,2026-08-31T03:37:38.212917+00:00,2895.0,2895.0,0.0,0.0,797.0,177.0,620.0,151.0,151.0,139.0,0.0,0.0,2024-10-22,2025-04-29,2025-01-01,2025-04-30,SUCCESS
RDRS2504.dbc,ftp://ftp.datasus.gov.br/dissemin/publicos/SIHSUS/200801_/Dados/RDRS2504.dbc,RS,202504,5500369.0,dafacaa41b301b5ad82a0456ed8d1acc7e4cf492aaa69f99d26f1f67f9996b84,2026-08-31T03:38:50.863750+00:00,70578.0,70071.0,507.0,0.0,31355.0,15870.0,15388.0,9089.0,11536.0,10774.0,0.0,0.0,2021-04-23,2025-04-30,2024-11-04,2025-04-30,SUCCESS
RDSC2504.dbc,ftp://ftp.datasus.gov.br/dissemin/publicos/SIHSUS/200801_/Dados/RDSC2504.dbc,SC,202504,4353586.0,b20c24f9bbaca45c5179ea77e57908421f6d00aa0829d75b7ca44d5c92384587,2026-08-31T03:41:13.259008+00:00,55685.0,55503.0,182.0,0.0,28739.0,16337.0,12345.0,32391.0,40054.0,28566.0,0.0,0.0,2015-06-04,2025-04-30,2024-11-05,2025-04-30,SUCCESS
RDSE2504.dbc,ftp://ftp.datasus.gov.br/dissemin/publicos/SIHSUS/200801_/Dados/RDSE2504.dbc,SE,202504,791608.0,83c3d6eb6f6047ec7027bdee74d327294417a8bcb6482b7538b6d469d1758ccf,2026-08-31T03:42:53.427176+00:00,10574.0,10513.0,61.0,0.0,4961.0,2290.0,2671.0,841.0,2026.0,1021.0,0.0,0.0,2021-02-10,2025-04-30,2025-01-01,2025-04-30,SUCCESS
RDSP2504.dbc,ftp://ftp.datasus.gov.br/dissemin/publicos/SIHSUS/200801_/Dados/RDSP2504.dbc,SP,202504,19379940.0,0cba5355c37c5f956144164101f3c30fd6728821435e63153c2d7252db371859,2026-08-31T03:45:39.270043+00:00,244996.0,240437.0,4559.0,0.0,108163.0,62318.0,44091.0,23274.0,37762.0,39633.0,0.0,0.0,2008-01-01,2025-04-30,2024-11-02,2025-04-30,SUCCESS
RDTO2504.dbc,ftp://ftp.datasus.gov.br/dissemin/publicos/SIHSUS/200801_/Dados/RDTO2504.dbc,TO,202504,688853.0,012cb50d4224ad40fbd9a72eca7ac8b2335093a29b11ff6a85a900939458c368,2026-08-31T03:51:39.556205+00:00,9139.0,9139.0,0.0,0.0,3953.0,1181.0,2772.0,1819.0,3728.0,2276.0,0.0,0.0,2024-12-02,2025-04-30,2024-12-15,2025-04-30,SUCCESS
RDAC2505.dbc,ftp://ftp.datasus.gov.br/dissemin/publicos/SIHSUS/200801_/Dados/RDAC2505.dbc,AC,202505,392106.0,fad9bf911fd02559783ae9cfdc24f642e2b3fcf0afdbd2d5baad934d1dacb37a,2026-08-31T03:10:03.179172+00:00,5601.0,5576.0,25.0,0.0,2516.0,1794.0,722.0,0.0,0.0,61.0,0.0,0.0,2024-09-19,2025-05-31,2025-02-02,2025-05-31,SUCCESS
RDAL2505.dbc,ftp://ftp.datasus.gov.br/dissemin/publicos/SIHSUS/200801_/Dados/RDAL2505.dbc,AL,202505,1131255.0,5d738f25f6f380cf2e8dfed00a1b6f19c7874638d28937fab87702ded8770805,2026-08-31T03:10:31.123103+00:00,15373.0,15040.0,333.0,0.0,7416.0,2954.0,4329.0,5387.0,12251.0,6948.0,0.0,0.0,2008-01-01,2025-05-31,2024-12-11,2025-05-31,SUCCESS
RDAM2505.dbc,ftp://ftp.datasus.gov.br/dissemin/publicos/SIHSUS/200801_/Dados/RDAM2505.dbc,AM,202505,1400479.0,a3395c8742ce93f5bd028ba508a424b17bc1444187b135e085f2a094bec306e0,2026-08-31T03:11:29.668012+00:00,20167.0,20167.0,0.0,0.0,7629.0,3315.0,4314.0,4315.0,14473.0,13158.0,0.0,0.0,2024-12-01,2025-05-31,2024-12-04,2025-05-31,SUCCESS
RDAP2505.dbc,ftp://ftp.datasus.gov.br/dissemin/publicos/SIHSUS/200801_/Dados/RDAP2505.dbc,AP,202505,345159.0,26f2ed252690ddff6353b60456bb74a6612f174d80f73229b52400631be49831,2026-08-31T03:12:10.235362+00:00,5246.0,5246.0,0.0,0.0,2528.0,1284.0,1244.0,1252.0,3994.0,3346.0,0.0,0.0,2024-10-30,2025-05-30,2025-02-03,2025-05-31,SUCCESS
RDBA2505.dbc,ftp://ftp.datasus.gov.br/dissemin/publicos/SIHSUS/200801_/Dados/RDBA2505.dbc,BA,202505,6016321.0,c6ab52735629bc4a4a68566a985b76235216c6b8fcc61ad1b36f38e4001407fa,2026-08-31T03:13:15.185696+00:00,82789.0,82459.0,330.0,0.0,36972.0,18229.0,18578.0,23187.0,51207.0,36322.0,0.0,0.0,2008-01-01,2025-05-31,2024-12-01,2025-05-31,SUCCESS
RDCE2505.dbc,ftp://ftp.datasus.gov.br/dissemin/publicos/SIHSUS/200801_/Dados/RDCE2505.dbc,CE,202505,3928946.0,3d81771dba7052e3a09dd0badc04be8acf65950b76632b534a867ea48d14eabc,2026-08-31T03:16:13.843133+00:00,54231.0,53851.0,380.0,0.0,20779.0,8022.0,12234.0,27012.0,43186.0,33557.0,0.0,0.0,2019-02-22,2025-05-31,2024-12-12,2025-05-31,SUCCESS
RDDF2505.dbc,ftp://ftp.datasus.gov.br/dissemin/publicos/SIHSUS/200801_/Dados/RDDF2505.dbc,DF,202505,1681296.0,80b8376c876560e0efebf4875217333cfbd3188798b0075537991ec484058419,2026-08-31T03:17:16.116413+00:00,21895.0,21820.0,75.0,0.0,7437.0,2532.0,4883.0,4619.0,21895.0,17142.0,0.0,0.0,2024-09-01,2025-05-31,2024-12-15,2025-05-31,SUCCESS
RDES2505.dbc,ftp://ftp.datasus.gov.br/dissemin/publicos/SIHSUS/200801_/Dados/RDES2505.dbc,ES,202505,2275925.0,c1fe463e3cc4007a1cc8faca3b6e2a76224d92f6fa4a441e1eb25d0395966f5a,2026-08-31T03:17:59.719945+00:00,29636.0,29571.0,65.0,0.0,14024.0,6093.0,7711.0,8594.0,20982.0,12935.0,0.0,0.0,2024-05-09,2025-05-31,2025-01-09,2025-05-31,SUCCESS
RDGO2505.dbc,ftp://ftp.datasus.gov.br/dissemin/publicos/SIHSUS/200801_/Dados/RDGO2505.dbc,GO,202505,3094221.0,e0bb6f1d0a2694c3ea8baade8fb0b9ffa88be714b9852292f51495181bf0ea51,2026-08-31T03:19:12.460479+00:00,41650.0,40773.0,877.0,0.0,18665.0,8236.0,10429.0,5488.0,20365.0,12919.0,0.0,0.0,2008-01-01,2025-05-31,2024-12-02,2025-05-31,SUCCESS
RDMA2505.dbc,ftp://ftp.datasus.gov.br/dissemin/publicos/SIHSUS/200801_/Dados/RDMA2505.dbc,MA,202505,2987280.0,2352153fadbf5ddd186c8685257bb5439a1324ce54102f18aaac7dd272574f3a,2026-08-31T03:20:37.716167+00:00,44494.0,44091.0,403.0,0.0,16127.0,6573.0,9526.0,2198.0,4964.0,3982.0,0.0,0.0,2015-01-16,2025-05-31,2025-01-15,2025-05-31,SUCCESS
RDMG2505.dbc,ftp://ftp.datasus.gov.br/dissemin/publicos/SIHSUS/200801_/Dados/RDMG2505.dbc,MG,202505,10746927.0,70e4a8219da5c364f58867679020277160a3f36f5710d2be55e6365c159d29e0,2026-08-31T03:22:56.562179+00:00,139441.0,138885.0,556.0,0.0,59850.0,29407.0,30155.0,37360.0,68105.0,47832.0,0.0,0.0,2011-01-27,2025-05-31,2024-12-03,2025-05-31,SUCCESS
RDMS2505.dbc,ftp://ftp.datasus.gov.br/dissemin/publicos/SIHSUS/200801_/Dados/RDMS2505.dbc,MS,202505,1437922.0,1268160b3278cd8550b39511a9499687146fc3049db6fac374f3b55bfc8abcee,2026-08-31T03:26:43.540188+00:00,18744.0,18621.0,123.0,0.0,7925.0,2758.0,5167.0,5351.0,7074.0,6837.0,0.0,0.0,2023-02-27,2025-05-31,2024-12-01,2025-05-31,SUCCESS
RDMT2505.dbc,ftp://ftp.datasus.gov.br/dissemin/publicos/SIHSUS/200801_/Dados/RDMT2505.dbc,MT,202505,1703902.0,775755011e366bdc72fd077a02dc0995aaa2021a33f17ae71c99161e4b15c8eb,2026-08-31T03:27:53.953045+00:00,22989.0,22906.0,83.0,0.0,10299.0,3920.0,6379.0,6074.0,11657.0,8326.0,0.0,0.0,2023-12-31,2025-05-31,2024-12-06,2025-05-31,SUCCESS
RDPA2505.dbc,ftp://ftp.datasus.gov.br/dissemin/publicos/SIHSUS/200801_/Dados/RDPA2505.dbc,PA,202505,3417859.0,0259fe0cc00933bf15207020d97749126b81b3a70d8d1cc44f74e831f312038b,2026-08-31T03:29:15.438390+00:00,49149.0,49149.0,0.0,0.0,20448.0,8329.0,12111.0,9386.0,21353.0,15598.0,0.0,0.0,2024-10-28,2025-05-31,2025-01-03,2025-05-31,SUCCESS
RDPB2505.dbc,ftp://ftp.datasus.gov.br/dissemin/publicos/SIHSUS/200801_/Dados/RDPB2505.dbc,PB,202505,1696345.0,a44c6bd263387e98672d0c712bd1b25950222e7180175708be305139227b2370,2026-08-31T03:30:24.554689+00:00,22266.0,22056.0,210.0,0.0,10796.0,5570.0,5222.0,9455.0,17724.0,9582.0,0.0,0.0,2024-10-27,2025-05-31,2024-12-16,2025-05-31,SUCCESS
RDPE2505.dbc,ftp://ftp.datasus.gov.br/dissemin/publicos/SIHSUS/200801_/Dados/RDPE2505.dbc,PE,202505,4367232.0,c704a633c418cd9fe78ab527fa0c9826cd01104bd1ba58b9f109b88f42546dcf,2026-08-31T03:31:02.461557+00:00,58995.0,58662.0,333.0,0.0,24658.0,12615.0,11944.0,24646.0,53856.0,33728.0,0.0,0.0,2013-06-28,2025-05-31,2025-01-13,2025-05-31,SUCCESS
RDPI2505.dbc,ftp://ftp.datasus.gov.br/dissemin/publicos/SIHSUS/200801_/Dados/RDPI2505.dbc,PI,202505,1434371.0,a2405da3b3d111ede1b282b59d9fe42d925e00b17628fb3eb3bc5d39ed4875f9,2026-08-31T03:31:59.624827+00:00,19217.0,19084.0,133.0,0.0,7680.0,2907.0,4773.0,12865.0,15997.0,9585.0,0.0,0.0,2010-10-26,2025-05-31,2025-01-12,2025-05-31,SUCCESS
RDPR2505.dbc,ftp://ftp.datasus.gov.br/dissemin/publicos/SIHSUS/200801_/Dados/RDPR2505.dbc,PR,202505,7020609.0,0dd64214a1c4863c81cdb3cced7c1d9a591465cb0e41a1afa2758926885b2442,2026-08-31T03:32:45.028484+00:00,93300.0,91961.0,1339.0,0.0,41951.0,24007.0,17732.0,4572.0,8273.0,6824.0,0.0,0.0,2015-04-18,2025-05-31,2024-12-01,2025-05-31,SUCCESS
RDRJ2505.dbc,ftp://ftp.datasus.gov.br/dissemin/publicos/SIHSUS/200801_/Dados/RDRJ2505.dbc,RJ,202505,6126202.0,9f444d2242f86a38620831e197bffd0daec6f01b09d5098e7440f6a192d4fc46,2026-08-31T03:34:19.410229+00:00,78635.0,77976.0,659.0,0.0,35470.0,18616.0,16699.0,31832.0,60016.0,54642.0,0.0,0.0,2012-03-16,2025-05-31,2024-12-06,2025-05-31,SUCCESS
RDRN2505.dbc,ftp://ftp.datasus.gov.br/dissemin/publicos/SIHSUS/200801_/Dados/RDRN2505.dbc,RN,202505,1499983.0,a111ec1d363174e1999cabfb6bb5748f6d19cec4122a6b3dd53a0e76e8dd4750,2026-08-31T03:36:20.231120+00:00,20311.0,20227.0,84.0,0.0,10676.0,5925.0,4177.0,9667.0,16726.0,9227.0,0.0,0.0,2017-02-14,2025-05-31,2024-12-04,2025-05-31,SUCCESS
RDRO2505.dbc,ftp://ftp.datasus.gov.br/dissemin/publicos/SIHSUS/200801_/Dados/RDRO2505.dbc,RO,202505,832186.0,0ea35a92d9f0465166e74b6834562c34f522e4179747c2bd91e0c3c3d58af9e4,2026-08-31T03:37:14.852995+00:00,11824.0,11824.0,0.0,0.0,3897.0,2002.0,1884.0,7166.0,9872.0,8517.0,0.0,0.0,2024-09-06,2025-05-31,2025-01-15,2025-05-31,SUCCESS
RDRR2505.dbc,ftp://ftp.datasus.gov.br/dissemin/publicos/SIHSUS/200801_/Dados/RDRR2505.dbc,RR,202505,216385.0,8ac479b0f7407e2f1b851167b300efa704bcf8aa8d9f691bef63c5c9dcf435ac,2026-08-31T03:37:41.350340+00:00,2898.0,2898.0,0.0,0.0,853.0,176.0,677.0,332.0,332.0,231.0,0.0,0.0,2024-11-06,2025-05-30,2025-02-01,2025-05-31,SUCCESS
RDRS2505.dbc,ftp://ftp.datasus.gov.br/dissemin/publicos/SIHSUS/200801_/Dados/RDRS2505.dbc,RS,202505,5725170.0,e3decb2b47700222507fbeaac046551bfe6b9dedc39f862832f3cd641f44c5cb,2026-08-31T03:38:50.944000+00:00,73411.0,72951.0,460.0,0.0,31950.0,16384.0,15469.0,9803.0,12417.0,11654.0,0.0,0.0,2021-04-23,2025-05-31,2024-12-02,2025-05-31,SUCCESS
RDSC2505.dbc,ftp://ftp.datasus.gov.br/dissemin/publicos/SIHSUS/200801_/Dados/RDSC2505.dbc,SC,202505,4750957.0,3c527bcf4d8a72b3be0214e8d1437fe070cfc9717be7080483e5cb05acde3231,2026-08-31T03:41:20.577177+00:00,60523.0,60351.0,172.0,0.0,31265.0,17656.0,13509.0,34958.0,43142.0,30755.0,0.0,0.0,2015-06-04,2025-05-31,2024-12-01,2025-05-31,SUCCESS
RDSE2505.dbc,ftp://ftp.datasus.gov.br/dissemin/publicos/SIHSUS/200801_/Dados/RDSE2505.dbc,SE,202505,780958.0,a03afc085b2ba5f25c358693ea90a35a760ba7d27073c4a0c42e2d630b98872a,2026-08-31T03:42:53.501949+00:00,10594.0,10531.0,63.0,0.0,5115.0,2649.0,2466.0,867.0,1998.0,992.0,0.0,0.0,2021-02-10,2025-05-30,2025-01-04,2025-05-31,SUCCESS
RDSP2505.dbc,ftp://ftp.datasus.gov.br/dissemin/publicos/SIHSUS/200801_/Dados/RDSP2505.dbc,SP,202505,20447425.0,42f8d710561c97ca6e0bffea294a227fafb0e98a563759e3325e4a3148be328a,2026-08-31T03:45:39.431728+00:00,259070.0,254595.0,4475.0,0.0,116210.0,67034.0,47499.0,24997.0,40322.0,41628.0,0.0,0.0,2008-01-01,2025-05-31,2024-12-08,2025-05-31,SUCCESS
RDTO2505.dbc,ftp://ftp.datasus.gov.br/dissemin/publicos/SIHSUS/200801_/Dados/RDTO2505.dbc,TO,202505,718316.0,b40019e470619f9b69a8182e3a9cee83d52cd31a670cb164f047d66ef53cebfd,2026-08-31T03:51:39.712275+00:00,9527.0,9526.0,1.0,0.0,4167.0,1428.0,2739.0,1700.0,3616.0,2396.0,0.0,0.0,2025-01-02,2025-05-31,2025-02-01,2025-05-31,SUCCESS
RDAC2506.dbc,ftp://ftp.datasus.gov.br/dissemin/publicos/SIHSUS/200801_/Dados/RDAC2506.dbc,AC,202506,423832.0,cbb832e09ba874fe7ca49607bef068231dd3bc8ec64b7d0d4eaaa9692359dd9f,2026-08-31T03:10:06.828618+00:00,5988.0,5972.0,16.0,0.0,2743.0,1746.0,997.0,0.0,0.0,59.0,0.0,0.0,2024-10-02,2025-06-30,2025-01-13,2025-06-30,SUCCESS
RDAL2506.dbc,ftp://ftp.datasus.gov.br/dissemin/publicos/SIHSUS/200801_/Dados/RDAL2506.dbc,AL,202506,1010920.0,6daa51353e3c637d927be6570e26a7066d69ad4f8e5bc564365d9b37f0a167f7,2026-08-31T03:10:38.182971+00:00,13732.0,13397.0,335.0,0.0,6376.0,2677.0,3572.0,5122.0,11088.0,6329.0,0.0,0.0,2008-01-01,2025-06-30,2025-01-02,2025-06-30,SUCCESS
RDAM2506.dbc,ftp://ftp.datasus.gov.br/dissemin/publicos/SIHSUS/200801_/Dados/RDAM2506.dbc,AM,202506,1578600.0,54d92e4cf45f76d49e832d3611bd7dc006c763e55817e3cc4641d3ee968f5411,2026-08-31T03:11:29.987469+00:00,22515.0,22515.0,0.0,0.0,8769.0,3313.0,5456.0,5343.0,16665.0,15231.0,0.0,0.0,2025-01-22,2025-06-30,2025-01-25,2025-06-30,SUCCESS
RDAP2506.dbc,ftp://ftp.datasus.gov.br/dissemin/publicos/SIHSUS/200801_/Dados/RDAP2506.dbc,AP,202506,345774.0,ce48ddcb116eae9122ddb028bde694a9ede1e91b204f416e2164fdd6e9910d56,2026-08-31T03:12:10.972806+00:00,5312.0,5312.0,0.0,0.0,2341.0,1277.0,1064.0,1279.0,3950.0,3266.0,0.0,0.0,2025-01-21,2025-06-30,2025-03-03,2025-06-30,SUCCESS
RDBA2506.dbc,ftp://ftp.datasus.gov.br/dissemin/publicos/SIHSUS/200801_/Dados/RDBA2506.dbc,BA,202506,5774804.0,dda9672074a6813ce72eb136e2cc878a20791c21aa5574bd18871c27ea19e5ca,2026-08-31T03:13:43.892258+00:00,79101.0,78751.0,350.0,0.0,33541.0,15024.0,18359.0,23401.0,49923.0,35906.0,0.0,0.0,2008-01-01,2025-06-30,2025-01-01,2025-06-30,SUCCESS
RDCE2506.dbc,ftp://ftp.datasus.gov.br/dissemin/publicos/SIHSUS/200801_/Dados/RDCE2506.dbc,CE,202506,3657629.0,403136c9dfb71ca6728faa255ee0a1f392a84fe3253996de6dc455dc2cfe2326,2026-08-31T03:16:13.910037+00:00,50393.0,49979.0,414.0,0.0,20047.0,8059.0,11490.0,24025.0,39091.0,30205.0,0.0,0.0,2019-02-22,2025-06-30,2025-01-01,2025-06-30,SUCCESS
RDDF2506.dbc,ftp://ftp.datasus.gov.br/dissemin/publicos/SIHSUS/200801_/Dados/RDDF2506.dbc,DF,202506,1703052.0,434bd87904739e470fc9a82e1ef3a7ceeac8dd26b2c89e4c5f21fc3cfa0954a3,2026-08-31T03:17:19.993073+00:00,21120.0,21036.0,84.0,0.0,6867.0,2349.0,4493.0,4105.0,21120.0,16769.0,0.0,0.0,2024-09-01,2025-06-30,2025-03-01,2025-06-30,SUCCESS
RDES2506.dbc,ftp://ftp.datasus.gov.br/dissemin/publicos/SIHSUS/200801_/Dados/RDES2506.dbc,ES,202506,2144269.0,28da24f74a7406bbc2be73de37882c1173976f83a39e9349ce346ff5740ec404,2026-08-31T03:18:00.301573+00:00,28053.0,27998.0,55.0,0.0,13404.0,6251.0,6889.0,8555.0,19028.0,11628.0,0.0,0.0,2024-11-13,2025-06-30,2025-01-13,2025-06-30,SUCCESS
RDGO2506.dbc,ftp://ftp.datasus.gov.br/dissemin/publicos/SIHSUS/200801_/Dados/RDGO2506.dbc,GO,202506,2920024.0,5e8a78f237451f8748683523ae64e8b717d56058d737e198dbe2b0ce51126b31,2026-08-31T03:19:12.712973+00:00,39560.0,38680.0,880.0,0.0,17810.0,8111.0,9699.0,4922.0,19952.0,12542.0,0.0,0.0,2008-01-01,2025-06-30,2025-01-01,2025-06-30,SUCCESS
RDMA2506.dbc,ftp://ftp.datasus.gov.br/dissemin/publicos/SIHSUS/200801_/Dados/RDMA2506.dbc,MA,202506,2984297.0,37934e030ae9dc8f8b8de535fcec281c1e44b7d23f5a28204e4e67bd98e37a84,2026-08-31T03:20:37.809440+00:00,44136.0,43754.0,382.0,0.0,16493.0,6823.0,9635.0,2792.0,5920.0,4645.0,0.0,0.0,2015-01-16,2025-06-30,2025-02-03,2025-06-30,SUCCESS
RDMG2506.dbc,ftp://ftp.datasus.gov.br/dissemin/publicos/SIHSUS/200801_/Dados/RDMG2506.dbc,MG,202506,10528505.0,ffdcea4846ae1bf86b93c80914ffd1865132261d475cf1f2306da9e43078a3ea,2026-08-31T03:22:58.199689+00:00,136264.0,135730.0,534.0,0.0,56864.0,27865.0,28747.0,37258.0,66910.0,47170.0,0.0,0.0,2011-01-27,2025-06-30,2025-01-03,2025-06-30,SUCCESS
RDMS2506.dbc,ftp://ftp.datasus.gov.br/dissemin/publicos/SIHSUS/200801_/Dados/RDMS2506.dbc,MS,202506,1358058.0,1528c8d3033959a2dccf4de5de0a1ec0350f730a8e4fa1d649af2b03bc35dee4,2026-08-31T03:26:44.079233+00:00,17680.0,17540.0,140.0,0.0,7310.0,2808.0,4502.0,5402.0,7232.0,6850.0,0.0,0.0,2023-02-27,2025-06-30,2025-01-02,2025-06-30,SUCCESS
RDMT2506.dbc,ftp://ftp.datasus.gov.br/dissemin/publicos/SIHSUS/200801_/Dados/RDMT2506.dbc,MT,202506,1734483.0,8d65e3d439cafe94ffc40654c95987c7604522b4c74eb0e41cc532f8b2800db1,2026-08-31T03:27:53.995772+00:00,23317.0,23146.0,171.0,0.0,10101.0,3873.0,6228.0,5135.0,12319.0,9081.0,0.0,0.0,2023-12-31,2025-06-30,2025-01-31,2025-06-30,SUCCESS
RDPA2506.dbc,ftp://ftp.datasus.gov.br/dissemin/publicos/SIHSUS/200801_/Dados/RDPA2506.dbc,PA,202506,3399464.0,333d66e95b3b8e6e74a33489433e301eafa65a5fe671d7a35e17bcfc0b8cffc3,2026-08-31T03:29:18.616247+00:00,48859.0,48859.0,0.0,0.0,20736.0,8812.0,11913.0,9374.0,21408.0,15532.0,0.0,0.0,2024-12-26,2025-06-30,2025-01-28,2025-06-30,SUCCESS
RDPB2506.dbc,ftp://ftp.datasus.gov.br/dissemin/publicos/SIHSUS/200801_/Dados/RDPB2506.dbc,PB,202506,1688223.0,54392635058a951d187b4bae812ee906c0cb09291223983da522582d9dff97f4,2026-08-31T03:30:24.560133+00:00,22325.0,22110.0,215.0,0.0,10233.0,5057.0,5170.0,9120.0,17832.0,9627.0,0.0,0.0,2024-12-17,2025-06-30,2025-02-05,2025-06-30,SUCCESS
RDPE2506.dbc,ftp://ftp.datasus.gov.br/dissemin/publicos/SIHSUS/200801_/Dados/RDPE2506.dbc,PE,202506,4046853.0,72d2724959e7286f56ca83fb09c08647b2d87fac96cd8e1989e023617856cacd,2026-08-31T03:31:09.604669+00:00,55198.0,54899.0,299.0,0.0,22408.0,11755.0,10552.0,23071.0,49693.0,31456.0,0.0,0.0,2013-06-28,2025-06-30,2025-01-16,2025-06-30,SUCCESS
RDPI2506.dbc,ftp://ftp.datasus.gov.br/dissemin/publicos/SIHSUS/200801_/Dados/RDPI2506.dbc,PI,202506,1437822.0,024ea4d929a645145ca6ca1bc0d5bf4885263836b8f9cdfc3b84e5ba42a220eb,2026-08-31T03:31:59.646304+00:00,19293.0,19176.0,117.0,0.0,7976.0,3028.0,4948.0,13299.0,16455.0,9639.0,0.0,0.0,2010-10-26,2025-06-30,2025-02-10,2025-06-30,SUCCESS
RDPR2506.dbc,ftp://ftp.datasus.gov.br/dissemin/publicos/SIHSUS/200801_/Dados/RDPR2506.dbc,PR,202506,7119986.0,d2841dcbcefe3065fe17ada795f775a2e8009f90db45a19b4f61ce3d74318aa5,2026-08-31T03:32:45.255875+00:00,94036.0,92659.0,1377.0,0.0,42464.0,23723.0,18448.0,4861.0,8058.0,6654.0,0.0,0.0,2015-04-18,2025-06-30,2025-01-01,2025-06-30,SUCCESS
RDRJ2506.dbc,ftp://ftp.datasus.gov.br/dissemin/publicos/SIHSUS/200801_/Dados/RDRJ2506.dbc,RJ,202506,6065195.0,59b54bd547a329dcffe33f00f861fee61796aaa785df0d657882e087a103b90f,2026-08-31T03:34:20.939275+00:00,78073.0,77401.0,672.0,0.0,34330.0,17900.0,16284.0,32313.0,60040.0,54576.0,0.0,0.0,2012-03-16,2025-06-30,2025-01-03,2025-06-30,SUCCESS
RDRN2506.dbc,ftp://ftp.datasus.gov.br/dissemin/publicos/SIHSUS/200801_/Dados/RDRN2506.dbc,RN,202506,1423363.0,cf9a506fdc8bc08f665e9bf75fe070c72e574d750d492cc79a5492f9ea8be89c,2026-08-31T03:36:20.915433+00:00,19292.0,19217.0,75.0,0.0,10226.0,5605.0,4075.0,9087.0,15965.0,8933.0,0.0,0.0,2017-02-14,2025-06-30,2025-02-05,2025-06-30,SUCCESS
RDRO2506.dbc,ftp://ftp.datasus.gov.br/dissemin/publicos/SIHSUS/200801_/Dados/RDRO2506.dbc,RO,202506,780174.0,0f60dfb5cd577a89bec2b777cdd067e8e0e33157ba95e66a0535417a296fddf8,2026-08-31T03:37:15.214186+00:00,11235.0,11235.0,0.0,0.0,3576.0,1394.0,2173.0,6982.0,9339.0,8056.0,0.0,0.0,2024-11-22,2025-06-30,2025-02-05,2025-06-30,SUCCESS
RDRR2506.dbc,ftp://ftp.datasus.gov.br/dissemin/publicos/SIHSUS/200801_/Dados/RDRR2506.dbc,RR,202506,219859.0,7321dfe5641ea1930f1a71fd3f23039f9134542c9f901628990b94dca82ae2c0,2026-08-31T03:37:41.428124+00:00,2935.0,2935.0,0.0,0.0,843.0,147.0,696.0,406.0,406.0,309.0,0.0,0.0,2024-11-02,2025-06-30,2025-03-01,2025-06-30,SUCCESS
RDRS2506.dbc,ftp://ftp.datasus.gov.br/dissemin/publicos/SIHSUS/200801_/Dados/RDRS2506.dbc,RS,202506,5565277.0,d19260c10abd739e8976331ec379502291205fdeef575720060186bc8a21ae9c,2026-08-31T03:39:11.812624+00:00,71678.0,71256.0,422.0,0.0,30580.0,15694.0,14801.0,10186.0,12847.0,12192.0,0.0,0.0,2021-04-23,2025-06-30,2025-01-01,2025-06-30,SUCCESS
RDSC2506.dbc,ftp://ftp.datasus.gov.br/dissemin/publicos/SIHSUS/200801_/Dados/RDSC2506.dbc,SC,202506,4501046.0,a52ea9905b6fff2d6abc1410b6fb35fe7f6e85c9dec3aa3c569cf101f694ad31,2026-08-31T03:41:34.572351+00:00,57435.0,57240.0,195.0,0.0,29342.0,16179.0,13059.0,33780.0,41504.0,29115.0,0.0,0.0,2015-06-04,2025-06-30,2025-01-05,2025-06-30,SUCCESS
RDSE2506.dbc,ftp://ftp.datasus.gov.br/dissemin/publicos/SIHSUS/200801_/Dados/RDSE2506.dbc,SE,202506,711399.0,4a7aa73af9aa5bd6bd2cda259e2daabf0b669f25b040101643189e0c98c3b5d1,2026-08-31T03:42:58.715238+00:00,9399.0,9351.0,48.0,0.0,4529.0,2167.0,2362.0,815.0,1873.0,923.0,0.0,0.0,2023-04-04,2025-06-30,2025-02-12,2025-06-30,SUCCESS
RDSP2506.dbc,ftp://ftp.datasus.gov.br/dissemin/publicos/SIHSUS/200801_/Dados/RDSP2506.dbc,SP,202506,19289132.0,8494a0626aaf18b55d1f2e3c6cdabcdd8248900c018833d1f53b3829041418f5,2026-08-31T03:47:01.981024+00:00,245373.0,240714.0,4659.0,0.0,109526.0,63970.0,43908.0,23320.0,36876.0,38647.0,0.0,0.0,2008-01-01,2025-06-30,2025-01-06,2025-06-30,SUCCESS
RDTO2506.dbc,ftp://ftp.datasus.gov.br/dissemin/publicos/SIHSUS/200801_/Dados/RDTO2506.dbc,TO,202506,731296.0,bc1e754181eb8431d2b569d822c7622dcc7f21400bee936290c3d74c367f3c9f,2026-08-31T03:51:45.345743+00:00,9711.0,9711.0,0.0,0.0,4315.0,1482.0,2833.0,2321.0,3954.0,2423.0,0.0,0.0,2025-01-08,2025-06-30,2025-02-02,2025-06-30,SUCCESS
RDAC2507.dbc,ftp://ftp.datasus.gov.br/dissemin/publicos/SIHSUS/200801_/Dados/RDAC2507.dbc,AC,202507,365292.0,167743f1a11fb6a2cea2afd8d00e02c25dab6eb67f290ce08af70fc9609dfd13,2026-08-31T03:10:06.862243+00:00,5122.0,5104.0,18.0,0.0,2453.0,1571.0,882.0,0.0,0.0,38.0,0.0,0.0,2025-02-15,2025-07-31,2025-04-02,2025-07-31,SUCCESS
RDAL2507.dbc,ftp://ftp.datasus.gov.br/dissemin/publicos/SIHSUS/200801_/Dados/RDAL2507.dbc,AL,202507,1281997.0,fd4263e45b1462ae94a8fc79740c86df18039df5b7c21fe8d02d8da4467b4759,2026-08-31T03:10:38.306441+00:00,17324.0,16985.0,339.0,0.0,8458.0,3613.0,4646.0,7197.0,14277.0,8643.0,0.0,0.0,2008-01-01,2025-07-31,2025-02-01,2025-07-31,SUCCESS
RDAM2507.dbc,ftp://ftp.datasus.gov.br/dissemin/publicos/SIHSUS/200801_/Dados/RDAM2507.dbc,AM,202507,1741681.0,6fbeedb25746d80a4a9ad1708b2087571825744b5c7b86d50cbd09174540e629,2026-08-31T03:11:29.987469+00:00,24613.0,24613.0,0.0,0.0,9667.0,3828.0,5839.0,5443.0,18830.0,17246.0,0.0,0.0,2025-02-28,2025-07-31,2025-03-26,2025-07-31,SUCCESS
RDAP2507.dbc,ftp://ftp.datasus.gov.br/dissemin/publicos/SIHSUS/200801_/Dados/RDAP2507.dbc,AP,202507,338439.0,2b7402518fad5582cd9b17a998f4e8192dfc971a63926425da0f83f666f1e8b6,2026-08-31T03:12:11.814788+00:00,5059.0,5059.0,0.0,0.0,2477.0,1443.0,1034.0,1133.0,4050.0,3379.0,0.0,0.0,2025-01-23,2025-07-31,2025-04-01,2025-07-31,SUCCESS
RDBA2507.dbc,ftp://ftp.datasus.gov.br/dissemin/publicos/SIHSUS/200801_/Dados/RDBA2507.dbc,BA,202507,6171920.0,d2b8c30c33c87033bbd1484a36b9a0a63c05405166dbb0237a16dd686c7c02a8,2026-08-31T03:13:44.064273+00:00,84930.0,84590.0,340.0,0.0,37196.0,17668.0,19356.0,24628.0,53212.0,37972.0,0.0,0.0,2008-01-01,2025-07-31,2025-02-01,2025-07-31,SUCCESS
RDCE2507.dbc,ftp://ftp.datasus.gov.br/dissemin/publicos/SIHSUS/200801_/Dados/RDCE2507.dbc,CE,202507,3716478.0,e895236fb89d7685deea39897453dc687e66411081ae4d248b582f217cb1d65a,2026-08-31T03:16:14.120459+00:00,50832.0,50415.0,417.0,0.0,21225.0,8617.0,12104.0,25120.0,40405.0,31543.0,0.0,0.0,2019-02-22,2025-07-31,2025-02-09,2025-07-31,SUCCESS
RDDF2507.dbc,ftp://ftp.datasus.gov.br/dissemin/publicos/SIHSUS/200801_/Dados/RDDF2507.dbc,DF,202507,1706797.0,71fbe4d244b7a222612508af95840d75e6b06ef33937934db2575f749c3c635c,2026-08-31T03:17:20.320538+00:00,21591.0,21519.0,72.0,0.0,6988.0,2330.0,4619.0,4533.0,21591.0,17487.0,0.0,0.0,2024-09-01,2025-07-31,2025-03-10,2025-07-31,SUCCESS
RDES2507.dbc,ftp://ftp.datasus.gov.br/dissemin/publicos/SIHSUS/200801_/Dados/RDES2507.dbc,ES,202507,2114611.0,bd743430e5f030de22d3cc91209f9ec3216443bd201ea0ce4b2e73e475610b09,2026-08-31T03:18:00.323289+00:00,27542.0,27495.0,47.0,0.0,13471.0,6000.0,7222.0,8332.0,18778.0,11681.0,0.0,0.0,2025-02-14,2025-07-31,2025-03-12,2025-07-31,SUCCESS
RDGO2507.dbc,ftp://ftp.datasus.gov.br/dissemin/publicos/SIHSUS/200801_/Dados/RDGO2507.dbc,GO,202507,2982831.0,0b2acecbcba3acb7536c8edab3274acddb204cf3f242cf482b07e51a2c72fcd4,2026-08-31T03:19:12.712973+00:00,39900.0,39027.0,873.0,0.0,18619.0,8518.0,10101.0,4611.0,19978.0,12328.0,0.0,0.0,2008-01-01,2025-07-31,2025-02-04,2025-07-31,SUCCESS
RDMA2507.dbc,ftp://ftp.datasus.gov.br/dissemin/publicos/SIHSUS/200801_/Dados/RDMA2507.dbc,MA,202507,3008305.0,d8c8ccf89fd1e831f9dab19092fbd98d6a7f3c1a7767fc9a0ef7ac5ce871360a,2026-08-31T03:20:37.859868+00:00,44192.0,43818.0,374.0,0.0,16987.0,7614.0,9309.0,2486.0,5611.0,4386.0,0.0,0.0,2015-01-16,2025-07-31,2025-02-17,2025-07-31,SUCCESS
RDMG2507.dbc,ftp://ftp.datasus.gov.br/dissemin/publicos/SIHSUS/200801_/Dados/RDMG2507.dbc,MG,202507,10971201.0,5e1e7b7a7eec7eae4e885eadf87d8f28db6bc43df8c0c7e685af29d4e97b5ffb,2026-08-31T03:22:58.307683+00:00,140907.0,140319.0,588.0,0.0,61097.0,30577.0,30242.0,39310.0,70006.0,48770.0,0.0,0.0,2011-01-27,2025-07-31,2025-02-02,2025-07-31,SUCCESS
RDMS2507.dbc,ftp://ftp.datasus.gov.br/dissemin/publicos/SIHSUS/200801_/Dados/RDMS2507.dbc,MS,202507,1414828.0,397987ba3cd2017c238f8625aec040f7f260214a32bf8418364605a744aa13ea,2026-08-31T03:26:44.340306+00:00,18272.0,18135.0,137.0,0.0,7755.0,2843.0,4912.0,5364.0,7155.0,6874.0,0.0,0.0,2023-02-27,2025-07-31,2025-02-01,2025-07-31,SUCCESS
RDMT2507.dbc,ftp://ftp.datasus.gov.br/dissemin/publicos/SIHSUS/200801_/Dados/RDMT2507.dbc,MT,202507,1631719.0,f968326a5e0689858fa7e8e9d1a106a9eddbea7424403862b2153037ca422aa1,2026-08-31T03:28:00.062796+00:00,21917.0,21737.0,180.0,0.0,9885.0,3904.0,5981.0,5127.0,10974.0,8052.0,0.0,0.0,2024-05-31,2025-07-31,2025-02-10,2025-07-31,SUCCESS
RDPA2507.dbc,ftp://ftp.datasus.gov.br/dissemin/publicos/SIHSUS/200801_/Dados/RDPA2507.dbc,PA,202507,3462258.0,b0e14d34dbb9b933ec8cccf019cb9ca89a1adfa9bdaac6e324e5dc30f06f4a58,2026-08-31T03:29:19.150504+00:00,49639.0,49639.0,0.0,0.0,22044.0,10079.0,11958.0,9687.0,21667.0,15174.0,0.0,0.0,2024-11-11,2025-07-31,2025-02-05,2025-07-31,SUCCESS
RDPB2507.dbc,ftp://ftp.datasus.gov.br/dissemin/publicos/SIHSUS/200801_/Dados/RDPB2507.dbc,PB,202507,1764025.0,5ed347794675b2cd672048aa0fc2a3453ff33020cffe880eafcd0a4208938381,2026-08-31T03:30:24.648370+00:00,22819.0,22607.0,212.0,0.0,10671.0,5437.0,5232.0,8870.0,18066.0,9861.0,0.0,0.0,2024-12-17,2025-07-31,2025-03-02,2025-07-31,SUCCESS
RDPE2507.dbc,ftp://ftp.datasus.gov.br/dissemin/publicos/SIHSUS/200801_/Dados/RDPE2507.dbc,PE,202507,4227191.0,b3add583bc668eac74d921a17744d4c0ddee587e2245142f772e0d33940d62f1,2026-08-31T03:31:10.827959+00:00,57887.0,57532.0,355.0,0.0,24865.0,13426.0,11330.0,23459.0,51762.0,32206.0,0.0,0.0,2013-06-28,2025-07-31,2025-02-28,2025-07-31,SUCCESS
RDPI2507.dbc,ftp://ftp.datasus.gov.br/dissemin/publicos/SIHSUS/200801_/Dados/RDPI2507.dbc,PI,202507,1460850.0,72a539b9e12998258cef1a50478433af1dd90e7038ca3257e60cd1cd9970bbc0,2026-08-31T03:31:59.677230+00:00,19503.0,19376.0,127.0,0.0,8255.0,3095.0,5160.0,13325.0,16632.0,9795.0,0.0,0.0,2010-10-26,2025-07-31,2025-02-14,2025-07-31,SUCCESS
RDPR2507.dbc,ftp://ftp.datasus.gov.br/dissemin/publicos/SIHSUS/200801_/Dados/RDPR2507.dbc,PR,202507,7251140.0,bd6246e235aee8c2eeead89013cd9254c6eeb4ce7d3c5663cfcb61c09dbd6e92,2026-08-31T03:32:56.710042+00:00,95792.0,94369.0,1423.0,0.0,44289.0,25574.0,18436.0,5345.0,9247.0,7517.0,0.0,0.0,2015-04-18,2025-07-31,2025-02-07,2025-07-31,SUCCESS
RDRJ2507.dbc,ftp://ftp.datasus.gov.br/dissemin/publicos/SIHSUS/200801_/Dados/RDRJ2507.dbc,RJ,202507,6282589.0,0a7265ea9143c649e6b233c4149f2641638f8c5f251f7722c25efec5dfbd780b,2026-08-31T03:34:32.868423+00:00,80739.0,80091.0,648.0,0.0,36673.0,20229.0,16265.0,32386.0,62057.0,56361.0,0.0,0.0,2012-03-16,2025-07-31,2025-02-04,2025-07-31,SUCCESS
RDRN2507.dbc,ftp://ftp.datasus.gov.br/dissemin/publicos/SIHSUS/200801_/Dados/RDRN2507.dbc,RN,202507,1494339.0,a64c9a5641a512e559d1db54ddcb40d010286cf8ed2c84f14abf533f8b169b25,2026-08-31T03:36:29.083601+00:00,20225.0,20144.0,81.0,0.0,10660.0,5893.0,4183.0,9255.0,16585.0,9288.0,0.0,0.0,2017-02-14,2025-07-31,2025-02-06,2025-07-31,SUCCESS
RDRO2507.dbc,ftp://ftp.datasus.gov.br/dissemin/publicos/SIHSUS/200801_/Dados/RDRO2507.dbc,RO,202507,886259.0,113a10f3adfee5ac4961ea93e43938194512513f5561993cbb9b135897e1b879,2026-08-31T03:37:17.659239+00:00,12611.0,12611.0,0.0,0.0,4557.0,1975.0,2557.0,7346.0,10665.0,9123.0,0.0,0.0,2025-01-19,2025-07-31,2025-04-01,2025-07-31,SUCCESS
RDRR2507.dbc,ftp://ftp.datasus.gov.br/dissemin/publicos/SIHSUS/200801_/Dados/RDRR2507.dbc,RR,202507,222006.0,eb0ce86109a72514718214d50bcb8cd960102361a4418d8f648a28a93e3365e0,2026-08-31T03:37:41.442035+00:00,3003.0,3003.0,0.0,0.0,851.0,186.0,665.0,202.0,202.0,193.0,0.0,0.0,2024-12-10,2025-07-31,2025-04-01,2025-07-31,SUCCESS
RDRS2507.dbc,ftp://ftp.datasus.gov.br/dissemin/publicos/SIHSUS/200801_/Dados/RDRS2507.dbc,RS,202507,5828250.0,cd44bd090eb042fd60ea128cd79fbd09aef6cbf5d364a15262891147beebf7d0,2026-08-31T03:39:12.434886+00:00,75146.0,74650.0,496.0,0.0,32640.0,17423.0,15166.0,10789.0,13486.0,12306.0,0.0,0.0,2021-04-23,2025-07-31,2025-02-06,2025-07-31,SUCCESS
RDSC2507.dbc,ftp://ftp.datasus.gov.br/dissemin/publicos/SIHSUS/200801_/Dados/RDSC2507.dbc,SC,202507,4768696.0,71adbbc3d0f36322223bca5a087b5120c3f7fa6570969164ae6cb0cc6466cc54,2026-08-31T03:41:35.710227+00:00,60325.0,60154.0,171.0,0.0,31253.0,17471.0,13678.0,34755.0,43353.0,30872.0,0.0,0.0,2015-06-04,2025-07-31,2025-02-06,2025-07-31,SUCCESS
RDSE2507.dbc,ftp://ftp.datasus.gov.br/dissemin/publicos/SIHSUS/200801_/Dados/RDSE2507.dbc,SE,202507,812741.0,e2a547278b6fd4f7b0d2ea544d5d16bef8a544b44d95aab139325073a860abb3,2026-08-31T03:42:58.719013+00:00,10602.0,10547.0,55.0,0.0,4891.0,2283.0,2608.0,696.0,1887.0,1056.0,0.0,0.0,2023-04-04,2025-07-30,2025-03-25,2025-07-31,SUCCESS
RDSP2507.dbc,ftp://ftp.datasus.gov.br/dissemin/publicos/SIHSUS/200801_/Dados/RDSP2507.dbc,SP,202507,20207515.0,f3b821a711075819953b68511d55da0d4d5337810a6294a03c5700617cb4c880,2026-08-31T03:47:02.399089+00:00,254726.0,250198.0,4528.0,0.0,116902.0,68302.0,46678.0,24142.0,39217.0,40522.0,0.0,0.0,2008-01-01,2025-07-31,2025-02-02,2025-07-31,SUCCESS
RDTO2507.dbc,ftp://ftp.datasus.gov.br/dissemin/publicos/SIHSUS/200801_/Dados/RDTO2507.dbc,TO,202507,738155.0,189decaba8781b7d0908bb76e41536edbfd43d0d88d5eb8672b7c80ffbdff0fa,2026-08-31T03:51:45.386021+00:00,9478.0,9478.0,0.0,0.0,4108.0,1373.0,2735.0,2099.0,4242.0,2540.0,0.0,0.0,2025-02-05,2025-07-31,2025-02-06,2025-07-31,SUCCESS
RDAC2508.dbc,ftp://ftp.datasus.gov.br/dissemin/publicos/SIHSUS/200801_/Dados/RDAC2508.dbc,AC,202508,357919.0,75135c23702533b58425745c2b2ae8ad109cfde5a18e5f683fba2adfb0084dc6,2026-08-31T03:10:06.929478+00:00,5091.0,5091.0,0.0,0.0,2525.0,1716.0,809.0,0.0,0.0,35.0,0.0,0.0,2025-02-02,2025-08-31,2025-03-03,2025-08-31,SUCCESS
RDAL2508.dbc,ftp://ftp.datasus.gov.br/dissemin/publicos/SIHSUS/200801_/Dados/RDAL2508.dbc,AL,202508,1121334.0,1a697a8eadaed1ac86c884312071db9ee49dda26feb8b43d282430ed4e73d9de,2026-08-31T03:10:38.435930+00:00,15188.0,14853.0,335.0,0.0,7255.0,3041.0,4098.0,5653.0,11981.0,6986.0,0.0,0.0,2008-01-01,2025-08-31,2025-03-01,2025-08-31,SUCCESS
RDAM2508.dbc,ftp://ftp.datasus.gov.br/dissemin/publicos/SIHSUS/200801_/Dados/RDAM2508.dbc,AM,202508,1728308.0,d6ef1640d781b082379ba5bfe444e4296a83111f9ac361925ddd019936b2520e,2026-08-31T03:11:29.996558+00:00,24408.0,24408.0,0.0,0.0,9364.0,3643.0,5721.0,5228.0,18432.0,16721.0,0.0,0.0,2025-03-12,2025-08-31,2025-03-19,2025-08-31,SUCCESS
RDAP2508.dbc,ftp://ftp.datasus.gov.br/dissemin/publicos/SIHSUS/200801_/Dados/RDAP2508.dbc,AP,202508,326146.0,bda0c8626d45bd308ce1c7324a589bdc74a78e4cb3d7fae4b287df2f733ff7d7,2026-08-31T03:12:13.568379+00:00,4957.0,4957.0,0.0,0.0,2440.0,1429.0,1011.0,965.0,3940.0,3244.0,0.0,0.0,2025-04-02,2025-08-30,2025-05-01,2025-08-31,SUCCESS
RDBA2508.dbc,ftp://ftp.datasus.gov.br/dissemin/publicos/SIHSUS/200801_/Dados/RDBA2508.dbc,BA,202508,6187387.0,a2996ce191a01c368ad1eba91b7b74299db800c9b25822a09e8b4e5e29e46c5f,2026-08-31T03:13:44.124400+00:00,85130.0,84785.0,345.0,0.0,38433.0,18243.0,19977.0,24681.0,53894.0,38281.0,0.0,0.0,2008-01-01,2025-08-31,2025-03-01,2025-08-31,SUCCESS
RDCE2508.dbc,ftp://ftp.datasus.gov.br/dissemin/publicos/SIHSUS/200801_/Dados/RDCE2508.dbc,CE,202508,3678606.0,9a78be44f289d4bc969cb380b0917ef35fcda418e39086ffbc59b129da6d1e66,2026-08-31T03:16:14.213837+00:00,50122.0,49700.0,422.0,0.0,21668.0,9425.0,11815.0,24572.0,40212.0,30944.0,0.0,0.0,2019-02-22,2025-08-31,2025-03-01,2025-08-31,SUCCESS
RDDF2508.dbc,ftp://ftp.datasus.gov.br/dissemin/publicos/SIHSUS/200801_/Dados/RDDF2508.dbc,DF,202508,1617688.0,cfdca57606df1d7c5dc400e99c9876ff4315dd1018e39d3441f5fc71c476ecba,2026-08-31T03:17:20.340240+00:00,20541.0,20462.0,79.0,0.0,6725.0,2251.0,4430.0,4581.0,20541.0,16251.0,0.0,0.0,2024-09-01,2025-08-31,2025-04-13,2025-08-31,SUCCESS
RDES2508.dbc,ftp://ftp.datasus.gov.br/dissemin/publicos/SIHSUS/200801_/Dados/RDES2508.dbc,ES,202508,2124733.0,d785b3172c19a6b7ae8e1fd43a6e99614564ab8506f32e2f1540bccd9eae78b2,2026-08-31T03:18:00.341652+00:00,27626.0,27594.0,32.0,0.0,13499.0,6061.0,7278.0,8382.0,19037.0,11789.0,0.0,0.0,2025-02-22,2025-08-31,2025-04-02,2025-08-31,SUCCESS
RDGO2508.dbc,ftp://ftp.datasus.gov.br/dissemin/publicos/SIHSUS/200801_/Dados/RDGO2508.dbc,GO,202508,2938425.0,74c3deb0cac81d636bd139d97764155037b76418125e5135f580a676b24e73e9,2026-08-31T03:19:13.959460+00:00,39314.0,38432.0,882.0,0.0,18475.0,8368.0,10106.0,4473.0,19828.0,12174.0,0.0,0.0,2008-01-01,2025-08-31,2025-03-01,2025-08-31,SUCCESS
RDMA2508.dbc,ftp://ftp.datasus.gov.br/dissemin/publicos/SIHSUS/200801_/Dados/RDMA2508.dbc,MA,202508,2935895.0,d1a96d168160512bab28c97e961f0bdbaef004185af4d25353ea53ffddbe64e4,2026-08-31T03:20:42.243484+00:00,42849.0,42433.0,416.0,0.0,16881.0,7366.0,9490.0,2492.0,5370.0,4252.0,0.0,0.0,2015-01-16,2025-08-31,2025-03-22,2025-08-31,SUCCESS
RDMG2508.dbc,ftp://ftp.datasus.gov.br/dissemin/publicos/SIHSUS/200801_/Dados/RDMG2508.dbc,MG,202508,10835119.0,08df1db25edb167d77d65067c15ce3c037c9713754eb7a2401c1fc42daaa72b4,2026-08-31T03:23:46.490108+00:00,139123.0,138518.0,605.0,0.0,62969.0,32516.0,30278.0,39390.0,69385.0,48522.0,0.0,0.0,2011-01-27,2025-08-31,2025-03-03,2025-08-31,SUCCESS
RDMS2508.dbc,ftp://ftp.datasus.gov.br/dissemin/publicos/SIHSUS/200801_/Dados/RDMS2508.dbc,MS,202508,1390741.0,33fb549294d58b6c3fce8100be288a8878ceae08b0ddaf9290219b064af97521,2026-08-31T03:26:53.852050+00:00,18088.0,17969.0,119.0,0.0,8092.0,3125.0,4967.0,5755.0,7347.0,6957.0,0.0,0.0,2024-01-06,2025-08-31,2025-03-01,2025-08-31,SUCCESS
RDMT2508.dbc,ftp://ftp.datasus.gov.br/dissemin/publicos/SIHSUS/200801_/Dados/RDMT2508.dbc,MT,202508,1743216.0,cc60eac6a10f7629e4c99841fbf2a440f28f5fe7bbaf4c7ae7ebd9498a201f54,2026-08-31T03:28:00.137415+00:00,23377.0,23205.0,172.0,0.0,11119.0,4362.0,6756.0,5465.0,12549.0,9194.0,0.0,0.0,2024-05-31,2025-08-31,2025-03-01,2025-08-31,SUCCESS
RDPA2508.dbc,ftp://ftp.datasus.gov.br/dissemin/publicos/SIHSUS/200801_/Dados/RDPA2508.dbc,PA,202508,3553650.0,bff39cbed3e58d5fdea52d652c66443de12505c77483db87998683fd688e3e16,2026-08-31T03:29:20.689801+00:00,50660.0,50660.0,0.0,0.0,21970.0,9277.0,12682.0,10106.0,22147.0,15647.0,0.0,0.0,2025-02-23,2025-08-31,2025-04-03,2025-08-31,SUCCESS
RDPB2508.dbc,ftp://ftp.datasus.gov.br/dissemin/publicos/SIHSUS/200801_/Dados/RDPB2508.dbc,PB,202508,1798304.0,5742ae53aa04be3cfb9ab34173172673fdcc533c0055b6c5accf956aaf280aed,2026-08-31T03:30:29.099710+00:00,23200.0,23004.0,196.0,0.0,10604.0,5386.0,5215.0,9521.0,18534.0,9890.0,0.0,0.0,2024-12-17,2025-08-31,2025-03-04,2025-08-31,SUCCESS
RDPE2508.dbc,ftp://ftp.datasus.gov.br/dissemin/publicos/SIHSUS/200801_/Dados/RDPE2508.dbc,PE,202508,4315709.0,ca4385d648422c28880d65b15b2735c8aaa7f0bcebd08059354721c4b2ea5b9c,2026-08-31T03:31:10.962691+00:00,58867.0,58554.0,313.0,0.0,26187.0,14402.0,11687.0,22818.0,52888.0,33213.0,0.0,0.0,2013-06-28,2025-08-31,2025-03-31,2025-08-31,SUCCESS
RDPI2508.dbc,ftp://ftp.datasus.gov.br/dissemin/publicos/SIHSUS/200801_/Dados/RDPI2508.dbc,PI,202508,1429300.0,db8031b1a60e0529ab7d6468b592bb0b21b83af68855bca1849356ca015357bc,2026-08-31T03:31:59.678407+00:00,18952.0,18838.0,114.0,0.0,8106.0,3261.0,4845.0,13035.0,16186.0,9287.0,0.0,0.0,2010-10-26,2025-08-31,2025-05-01,2025-08-31,SUCCESS
RDPR2508.dbc,ftp://ftp.datasus.gov.br/dissemin/publicos/SIHSUS/200801_/Dados/RDPR2508.dbc,PR,202508,7103957.0,186be78d134ec7c49f0584385990058214022cace7961f2b123c2fd1f6987a0d,2026-08-31T03:32:56.715974+00:00,93912.0,92545.0,1367.0,0.0,42707.0,24583.0,17805.0,4671.0,7426.0,6254.0,0.0,0.0,2015-04-18,2025-08-31,2025-03-01,2025-08-31,SUCCESS
RDRJ2508.dbc,ftp://ftp.datasus.gov.br/dissemin/publicos/SIHSUS/200801_/Dados/RDRJ2508.dbc,RJ,202508,6193071.0,539f6bd98d64860695e9ef1f6819c41a279b609792ec27d8db77dd2531817548,2026-08-31T03:34:33.098949+00:00,79180.0,78569.0,611.0,0.0,35853.0,19975.0,15736.0,31626.0,61869.0,56025.0,0.0,0.0,2012-03-16,2025-08-31,2025-03-01,2025-08-31,SUCCESS
RDRN2508.dbc,ftp://ftp.datasus.gov.br/dissemin/publicos/SIHSUS/200801_/Dados/RDRN2508.dbc,RN,202508,1437011.0,98e5b37ab346aefde741cad47594082ffaca1fa5f7c45c67064fc16af4715061,2026-08-31T03:36:29.934981+00:00,19379.0,19300.0,79.0,0.0,10627.0,6295.0,3862.0,8843.0,15848.0,8770.0,0.0,0.0,2017-02-14,2025-08-31,2025-03-07,2025-08-31,SUCCESS
RDRO2508.dbc,ftp://ftp.datasus.gov.br/dissemin/publicos/SIHSUS/200801_/Dados/RDRO2508.dbc,RO,202508,875176.0,48846e677b3c20320b32c1dcbee075ab779cd56fd7ba9a54829be9b34894c877,2026-08-31T03:37:17.706609+00:00,12372.0,12372.0,0.0,0.0,4544.0,2196.0,2335.0,7439.0,10437.0,8966.0,0.0,0.0,2025-01-07,2025-08-31,2025-05-01,2025-08-31,SUCCESS
RDRR2508.dbc,ftp://ftp.datasus.gov.br/dissemin/publicos/SIHSUS/200801_/Dados/RDRR2508.dbc,RR,202508,235300.0,c03a6db730724d36c648afdba21a16de554fd4e17ea22483babd740be6adf826,2026-08-31T03:37:41.446331+00:00,3193.0,3193.0,0.0,0.0,810.0,161.0,649.0,228.0,228.0,200.0,0.0,0.0,2024-09-16,2025-08-30,2025-05-01,2025-08-31,SUCCESS
RDRS2508.dbc,ftp://ftp.datasus.gov.br/dissemin/publicos/SIHSUS/200801_/Dados/RDRS2508.dbc,RS,202508,5796281.0,e9d0825e5a239480f9e850189812833596d60ff4ebb12da072336f88e79367bc,2026-08-31T03:39:12.571266+00:00,74368.0,73905.0,463.0,0.0,32813.0,17431.0,15225.0,11052.0,13752.0,12306.0,0.0,0.0,2021-04-23,2025-08-31,2025-03-05,2025-08-31,SUCCESS
RDSC2508.dbc,ftp://ftp.datasus.gov.br/dissemin/publicos/SIHSUS/200801_/Dados/RDSC2508.dbc,SC,202508,4711346.0,b3054f3824cff32099473290f5227129b39d843cd81b73aa1f8e804937ad1938,2026-08-31T03:41:35.889634+00:00,60270.0,60089.0,181.0,0.0,31158.0,17694.0,13355.0,34844.0,42742.0,29829.0,0.0,0.0,2015-06-04,2025-08-31,2025-03-01,2025-08-31,SUCCESS
RDSE2508.dbc,ftp://ftp.datasus.gov.br/dissemin/publicos/SIHSUS/200801_/Dados/RDSE2508.dbc,SE,202508,817367.0,1110251fd319b58da2b40c889219dc2b09c73b462009c021fc5787bd0e2dd897,2026-08-31T03:42:58.760305+00:00,10658.0,10601.0,57.0,0.0,4827.0,2254.0,2573.0,787.0,1969.0,1094.0,0.0,0.0,2023-04-04,2025-08-30,2025-04-07,2025-08-31,SUCCESS
RDSP2508.dbc,ftp://ftp.datasus.gov.br/dissemin/publicos/SIHSUS/200801_/Dados/RDSP2508.dbc,SP,202508,19955277.0,4bf1b785e601c58898f99f888511dd707468182e0f6435148995a1b07149011d,2026-08-31T03:47:02.588360+00:00,252978.0,248537.0,4441.0,0.0,117388.0,68720.0,46871.0,23749.0,37938.0,39458.0,0.0,0.0,2008-01-01,2025-08-31,2025-03-02,2025-08-31,SUCCESS
RDTO2508.dbc,ftp://ftp.datasus.gov.br/dissemin/publicos/SIHSUS/200801_/Dados/RDTO2508.dbc,TO,202508,723802.0,35c4043fc0f6e690bcf670cd2b6e552903051776874f3270b051db6444f59427,2026-08-31T03:51:45.535608+00:00,9466.0,9466.0,0.0,0.0,3706.0,1023.0,2683.0,2190.0,3971.0,2422.0,0.0,0.0,2025-02-14,2025-08-31,2025-03-07,2025-08-31,SUCCESS
RDAC2509.dbc,ftp://ftp.datasus.gov.br/dissemin/publicos/SIHSUS/200801_/Dados/RDAC2509.dbc,AC,202509,357646.0,ec82ac9757d1b7a5887cbd8e7106a5e429a2ed196097ae679c46ca7204df324b,2026-08-31T03:10:06.945495+00:00,5062.0,5047.0,15.0,0.0,2478.0,1683.0,795.0,0.0,0.0,65.0,0.0,0.0,2025-02-07,2025-09-30,2025-04-07,2025-09-30,SUCCESS
RDAL2509.dbc,ftp://ftp.datasus.gov.br/dissemin/publicos/SIHSUS/200801_/Dados/RDAL2509.dbc,AL,202509,1127482.0,405a89f18392843625d1e14c3db91a580d86e6ef9874dfc16fb9769e745a8b3e,2026-08-31T03:10:38.439370+00:00,15198.0,14854.0,344.0,0.0,7285.0,2771.0,4390.0,5855.0,12364.0,7100.0,0.0,0.0,2008-01-01,2025-09-30,2025-04-01,2025-09-30,SUCCESS
RDAM2509.dbc,ftp://ftp.datasus.gov.br/dissemin/publicos/SIHSUS/200801_/Dados/RDAM2509.dbc,AM,202509,1636650.0,63e41029b8ad0b5e2a0149628f860c9604e925191d2b0bd0521a6e86c95cf414,2026-08-31T03:11:39.290643+00:00,23100.0,23100.0,0.0,0.0,9485.0,4161.0,5323.0,4577.0,17446.0,15894.0,0.0,0.0,2025-03-08,2025-09-30,2025-05-29,2025-09-30,SUCCESS
RDAP2509.dbc,ftp://ftp.datasus.gov.br/dissemin/publicos/SIHSUS/200801_/Dados/RDAP2509.dbc,AP,202509,310424.0,f427d7cbc8e491c19a097e9cf983c146bb6dc4def8f59b9805c5ae2eccf10ae3,2026-08-31T03:12:13.886937+00:00,4792.0,4792.0,0.0,0.0,2367.0,1318.0,1049.0,1149.0,3931.0,3188.0,0.0,0.0,2025-05-01,2025-09-30,2025-06-01,2025-09-30,SUCCESS
RDBA2509.dbc,ftp://ftp.datasus.gov.br/dissemin/publicos/SIHSUS/200801_/Dados/RDBA2509.dbc,BA,202509,6239849.0,46e93f22ae46e714f3bf7bce0a664e7acb2c1a43ceafb93c8dc31b184da6dad2,2026-08-31T03:13:44.508727+00:00,86236.0,85885.0,351.0,0.0,39432.0,19334.0,19921.0,26280.0,56133.0,39459.0,0.0,0.0,2008-01-01,2025-09-30,2025-04-01,2025-09-30,SUCCESS
RDCE2509.dbc,ftp://ftp.datasus.gov.br/dissemin/publicos/SIHSUS/200801_/Dados/RDCE2509.dbc,CE,202509,3914322.0,84dc319fc85ebae6ff88052494efd31a30efd1186f89c4921fd5971f98df7bfa,2026-08-31T03:16:34.031697+00:00,53075.0,52713.0,362.0,0.0,23451.0,10011.0,13024.0,27045.0,42637.0,32778.0,0.0,0.0,2023-06-01,2025-09-30,2025-04-01,2025-09-30,SUCCESS
RDDF2509.dbc,ftp://ftp.datasus.gov.br/dissemin/publicos/SIHSUS/200801_/Dados/RDDF2509.dbc,DF,202509,1674165.0,e0672829d97bc3faf1a334b550023c75275cec02589d5f0de65aadb348e817c0,2026-08-31T03:17:20.355109+00:00,20874.0,20804.0,70.0,0.0,7092.0,2556.0,4498.0,4102.0,20874.0,16583.0,0.0,0.0,2024-09-01,2025-09-30,2025-05-21,2025-09-30,SUCCESS
RDES2509.dbc,ftp://ftp.datasus.gov.br/dissemin/publicos/SIHSUS/200801_/Dados/RDES2509.dbc,ES,202509,2064688.0,97b251d6781c38a11c06d13fe3c54a537ed2d4a55713ddb5a213b8b8dd8e246d,2026-08-31T03:18:11.052738+00:00,26796.0,26735.0,61.0,0.0,13232.0,6086.0,6894.0,8555.0,18596.0,11160.0,0.0,0.0,2025-03-01,2025-09-30,2025-05-04,2025-09-30,SUCCESS
RDGO2509.dbc,ftp://ftp.datasus.gov.br/dissemin/publicos/SIHSUS/200801_/Dados/RDGO2509.dbc,GO,202509,2889694.0,b70797ef09dfadc77179238da362c878466e258e4b3bef290cd2380f3e38a6dd,2026-08-31T03:19:28.811543+00:00,38427.0,37524.0,903.0,0.0,18365.0,8394.0,9971.0,4522.0,19523.0,11949.0,0.0,0.0,2008-01-01,2025-09-30,2025-04-01,2025-09-30,SUCCESS
RDMA2509.dbc,ftp://ftp.datasus.gov.br/dissemin/publicos/SIHSUS/200801_/Dados/RDMA2509.dbc,MA,202509,2955549.0,64b2a38b6245efbc2c78040888131dbfc2ae06083100177041a589f017cbb661,2026-08-31T03:20:56.285382+00:00,43689.0,43286.0,403.0,0.0,17648.0,7917.0,9691.0,2525.0,5693.0,4398.0,0.0,0.0,2015-01-16,2025-09-30,2025-05-01,2025-09-30,SUCCESS
RDMG2509.dbc,ftp://ftp.datasus.gov.br/dissemin/publicos/SIHSUS/200801_/Dados/RDMG2509.dbc,MG,202509,10828741.0,22c610fbe4b547c683a385cc312f76bebc4eb76f25ef6e9a4767c6f469431ad3,2026-08-31T03:23:46.696571+00:00,138501.0,137908.0,593.0,0.0,63346.0,33483.0,29670.0,39551.0,68513.0,47612.0,0.0,0.0,2011-01-27,2025-09-30,2025-04-03,2025-09-30,SUCCESS
RDMS2509.dbc,ftp://ftp.datasus.gov.br/dissemin/publicos/SIHSUS/200801_/Dados/RDMS2509.dbc,MS,202509,1417748.0,e774525fab57fe918d9d4e2b93a5b24562e0cc991c91615642cc7a203d03f38a,2026-08-31T03:26:54.053075+00:00,18389.0,18261.0,128.0,0.0,8611.0,3603.0,5008.0,6131.0,7806.0,7325.0,0.0,0.0,2024-06-15,2025-09-30,2025-04-04,2025-09-30,SUCCESS
RDMT2509.dbc,ftp://ftp.datasus.gov.br/dissemin/publicos/SIHSUS/200801_/Dados/RDMT2509.dbc,MT,202509,1711481.0,dd3eb72c6974afa004abaf49b1b6711e28d9a67b9cd6dc66782eaded745f8ff2,2026-08-31T03:28:05.727708+00:00,22979.0,22801.0,178.0,0.0,11080.0,4210.0,6868.0,5584.0,12030.0,8869.0,0.0,0.0,2024-05-31,2025-09-30,2025-04-01,2025-09-30,SUCCESS
RDPA2509.dbc,ftp://ftp.datasus.gov.br/dissemin/publicos/SIHSUS/200801_/Dados/RDPA2509.dbc,PA,202509,3471201.0,2c0086526ab816b27225df935ea4768da2bdf105ab6d91584ec2ab049e6eb6a4,2026-08-31T03:29:39.065221+00:00,49448.0,49448.0,0.0,0.0,21497.0,9085.0,12397.0,10108.0,21252.0,15072.0,0.0,0.0,2025-03-01,2025-09-30,2025-05-05,2025-09-30,SUCCESS
RDPB2509.dbc,ftp://ftp.datasus.gov.br/dissemin/publicos/SIHSUS/200801_/Dados/RDPB2509.dbc,PB,202509,1732099.0,0ab5578a92e9bc9a2da1e9919c933b23139cbefa2046c31dd61a153cdd358b3d,2026-08-31T03:30:29.147239+00:00,22459.0,22230.0,229.0,0.0,10763.0,5458.0,5298.0,9497.0,18193.0,9683.0,0.0,0.0,2024-12-17,2025-09-30,2025-04-01,2025-09-30,SUCCESS
RDPE2509.dbc,ftp://ftp.datasus.gov.br/dissemin/publicos/SIHSUS/200801_/Dados/RDPE2509.dbc,PE,202509,4323477.0,bb608666aa1102e4aee685db223792acbc2dd5c3764c33b1b3559c480c65866b,2026-08-31T03:31:11.047166+00:00,58532.0,58199.0,333.0,0.0,25001.0,13531.0,11387.0,24054.0,52251.0,32946.0,0.0,0.0,2013-06-28,2025-09-30,2025-04-28,2025-09-30,SUCCESS
RDPI2509.dbc,ftp://ftp.datasus.gov.br/dissemin/publicos/SIHSUS/200801_/Dados/RDPI2509.dbc,PI,202509,1265395.0,0600d0d0952d6b41b37bd9e8b31bfa14cce2d032eda18ba8012adcfe01756458,2026-08-31T03:32:04.468796+00:00,17236.0,17236.0,0.0,0.0,6660.0,2421.0,4239.0,11732.0,14599.0,8730.0,0.0,0.0,2025-04-30,2025-09-30,2025-05-23,2025-09-30,SUCCESS
RDPR2509.dbc,ftp://ftp.datasus.gov.br/dissemin/publicos/SIHSUS/200801_/Dados/RDPR2509.dbc,PR,202509,7192541.0,5377d2c02ce3a5489f67fea5493f2cc6aac145b0fe38c44aba1f33a397876969,2026-08-31T03:32:56.952911+00:00,94437.0,93028.0,1409.0,0.0,44261.0,25465.0,18487.0,4825.0,8775.0,7118.0,0.0,0.0,2015-04-18,2025-09-30,2025-04-02,2025-09-30,SUCCESS
RDRJ2509.dbc,ftp://ftp.datasus.gov.br/dissemin/publicos/SIHSUS/200801_/Dados/RDRJ2509.dbc,RJ,202509,6276111.0,5f9a24a30c64a5c594afb42869f04ab2f23813d2f5b9782696a8b0bc1aa6e5e4,2026-08-31T03:34:33.150171+00:00,80405.0,79781.0,624.0,0.0,36971.0,20669.0,16140.0,30709.0,60943.0,55327.0,0.0,0.0,2012-03-16,2025-09-30,2025-04-01,2025-09-30,SUCCESS
RDRN2509.dbc,ftp://ftp.datasus.gov.br/dissemin/publicos/SIHSUS/200801_/Dados/RDRN2509.dbc,RN,202509,1414549.0,82b8f502098b45fab583da717ee9acd41f6d15e45a2eeb1b643bb595b8bde4d3,2026-08-31T03:36:30.034643+00:00,18940.0,18852.0,88.0,0.0,10031.0,5124.0,4391.0,9565.0,15967.0,8812.0,0.0,0.0,2017-02-14,2025-09-30,2025-04-06,2025-09-30,SUCCESS
RDRO2509.dbc,ftp://ftp.datasus.gov.br/dissemin/publicos/SIHSUS/200801_/Dados/RDRO2509.dbc,RO,202509,865049.0,f9c1eab830acffe2f9ea640aa0fa7db65f88401a6619dc6793549b8ad4d85900,2026-08-31T03:37:18.790204+00:00,12259.0,12259.0,0.0,0.0,4702.0,2125.0,2561.0,6971.0,9984.0,8613.0,0.0,0.0,2025-02-03,2025-09-30,2025-06-01,2025-09-30,SUCCESS
RDRR2509.dbc,ftp://ftp.datasus.gov.br/dissemin/publicos/SIHSUS/200801_/Dados/RDRR2509.dbc,RR,202509,205561.0,779ca2c3f94d597f401779fb2ac1ccf9c8966932229749e176469ac1ea590870,2026-08-31T03:37:43.088103+00:00,2738.0,2738.0,0.0,0.0,812.0,232.0,580.0,189.0,189.0,183.0,0.0,0.0,2025-01-21,2025-09-29,2025-06-01,2025-09-30,SUCCESS
RDRS2509.dbc,ftp://ftp.datasus.gov.br/dissemin/publicos/SIHSUS/200801_/Dados/RDRS2509.dbc,RS,202509,5892051.0,7e5e25560b1fbdaf6fedc842a45d653780afde25f472a61053243e9d3f884795,2026-08-31T03:39:12.745142+00:00,75648.0,75164.0,484.0,0.0,33868.0,18512.0,15278.0,10096.0,12654.0,11824.0,0.0,0.0,2021-04-23,2025-09-30,2025-04-02,2025-09-30,SUCCESS
RDSC2509.dbc,ftp://ftp.datasus.gov.br/dissemin/publicos/SIHSUS/200801_/Dados/RDSC2509.dbc,SC,202509,4651314.0,e32f00d5a353daf3cafc9c7b0b11c1e349d0745dcbb2c048a1bdcb782247eaed,2026-08-31T03:41:36.388140+00:00,59352.0,59165.0,187.0,0.0,31447.0,17925.0,13363.0,34306.0,42371.0,29636.0,0.0,0.0,2015-06-04,2025-09-30,2025-04-01,2025-09-30,SUCCESS
RDSE2509.dbc,ftp://ftp.datasus.gov.br/dissemin/publicos/SIHSUS/200801_/Dados/RDSE2509.dbc,SE,202509,841689.0,0df45ce3b5f9623071a1169f66d4d1e909f3c26f00ffd539b4dee46e80ba61ec,2026-08-31T03:42:58.836162+00:00,11259.0,11191.0,68.0,0.0,5368.0,2459.0,2909.0,1040.0,2288.0,1133.0,0.0,0.0,2023-04-04,2025-09-30,2025-05-29,2025-09-30,SUCCESS
RDSP2509.dbc,ftp://ftp.datasus.gov.br/dissemin/publicos/SIHSUS/200801_/Dados/RDSP2509.dbc,SP,202509,19926369.0,d3dc61c1cb29b7f4731984a3b8d9fb081f8c581345376bb9a81b7f0b80c22011,2026-08-31T03:47:02.729943+00:00,251007.0,246468.0,4539.0,0.0,117374.0,69601.0,45977.0,23609.0,38619.0,40051.0,0.0,0.0,2008-01-01,2025-09-30,2025-04-01,2025-09-30,SUCCESS
RDTO2509.dbc,ftp://ftp.datasus.gov.br/dissemin/publicos/SIHSUS/200801_/Dados/RDTO2509.dbc,TO,202509,696815.0,6986cca753367c787b756a9e02674f00ead41c026111e8103e068ad4fdf2b8b6,2026-08-31T03:51:50.427000+00:00,9104.0,9104.0,0.0,0.0,4070.0,1326.0,2744.0,2041.0,3701.0,2316.0,0.0,0.0,2025-03-01,2025-09-30,2025-05-03,2025-09-30,SUCCESS
RDAC2510.dbc,ftp://ftp.datasus.gov.br/dissemin/publicos/SIHSUS/200801_/Dados/RDAC2510.dbc,AC,202510,392662.0,71656759cc2e5293bf2fb0a208aa9596f5d89b6f81271ffb55011a852a202510,2026-08-31T03:10:10.632437+00:00,5561.0,5561.0,0.0,0.0,2539.0,1689.0,850.0,0.0,0.0,55.0,0.0,0.0,2025-01-09,2025-10-31,2025-05-01,2025-10-31,SUCCESS
RDAL2510.dbc,ftp://ftp.datasus.gov.br/dissemin/publicos/SIHSUS/200801_/Dados/RDAL2510.dbc,AL,202510,1167598.0,50d0438262e18aa565102db24e39e8c67d843ed7156fa2811034abdddb252095,2026-08-31T03:10:45.565770+00:00,15731.0,15414.0,317.0,0.0,7754.0,3435.0,4182.0,5980.0,12850.0,7579.0,0.0,0.0,2008-01-01,2025-10-31,2025-05-01,2025-10-31,SUCCESS
RDAM2510.dbc,ftp://ftp.datasus.gov.br/dissemin/publicos/SIHSUS/200801_/Dados/RDAM2510.dbc,AM,202510,1803469.0,bd6588d9d3fe145b1bb5e8caafb84e8e27fae922f97be509fb23bcd2ce201fdc,2026-08-31T03:11:39.795953+00:00,25113.0,25113.0,0.0,0.0,10315.0,4105.0,6209.0,4384.0,19312.0,17668.0,0.0,0.0,2024-10-12,2025-10-31,2025-06-02,2025-10-31,SUCCESS
RDAP2510.dbc,ftp://ftp.datasus.gov.br/dissemin/publicos/SIHSUS/200801_/Dados/RDAP2510.dbc,AP,202510,327082.0,fec4fcab566d908fb0451da28047412affeb1d1e00ab536c1029afdae88a77f6,2026-08-31T03:12:14.219060+00:00,4903.0,4903.0,0.0,0.0,2327.0,1456.0,871.0,1117.0,3928.0,3242.0,0.0,0.0,2025-05-14,2025-10-31,2025-07-01,2025-10-31,SUCCESS
RDBA2510.dbc,ftp://ftp.datasus.gov.br/dissemin/publicos/SIHSUS/200801_/Dados/RDBA2510.dbc,BA,202510,6021153.0,bdfd1792425bc757d673c24a0492b099410279f4fc4e48ea2080838bc75152d6,2026-08-31T03:14:12.899913+00:00,82583.0,82214.0,369.0,0.0,36937.0,17901.0,18834.0,24771.0,52984.0,38100.0,0.0,0.0,2008-01-01,2025-10-31,2025-05-01,2025-10-31,SUCCESS
RDCE2510.dbc,ftp://ftp.datasus.gov.br/dissemin/publicos/SIHSUS/200801_/Dados/RDCE2510.dbc,CE,202510,3896363.0,409ea2b284e2befa3c0afd9a5d238fa8b4c5bd85215019e901e6bed422355624,2026-08-31T03:16:34.497796+00:00,52265.0,51838.0,427.0,0.0,22747.0,10022.0,12282.0,27195.0,42374.0,32592.0,0.0,0.0,2023-06-01,2025-10-31,2025-05-07,2025-10-31,SUCCESS
RDDF2510.dbc,ftp://ftp.datasus.gov.br/dissemin/publicos/SIHSUS/200801_/Dados/RDDF2510.dbc,DF,202510,1698758.0,70333c1d469888cd979dce17d0b9e2d132ff102000a0735b2af97900763aaf65,2026-08-31T03:17:25.056013+00:00,20829.0,20768.0,61.0,0.0,7004.0,2541.0,4426.0,4276.0,20829.0,16461.0,0.0,0.0,2024-09-01,2025-10-31,2025-06-19,2025-10-31,SUCCESS
RDES2510.dbc,ftp://ftp.datasus.gov.br/dissemin/publicos/SIHSUS/200801_/Dados/RDES2510.dbc,ES,202510,2149756.0,60a3a3081a341ee5244b9d2fb1261021b1f154a8d6ad13a69134d7b0a9517b95,2026-08-31T03:18:11.071868+00:00,28119.0,28059.0,60.0,0.0,13661.0,6421.0,7000.0,9012.0,19630.0,12060.0,0.0,0.0,2025-04-24,2025-10-31,2025-05-25,2025-10-31,SUCCESS
RDGO2510.dbc,ftp://ftp.datasus.gov.br/dissemin/publicos/SIHSUS/200801_/Dados/RDGO2510.dbc,GO,202510,2924119.0,e6e2e652bd8dc23d6357f8f92d83681539b4391aac403a5ca7915e3d442b9a00,2026-08-31T03:19:28.939273+00:00,38979.0,38086.0,893.0,0.0,18586.0,8538.0,10048.0,4625.0,20070.0,12332.0,0.0,0.0,2008-01-01,2025-10-31,2025-05-01,2025-10-31,SUCCESS
RDMA2510.dbc,ftp://ftp.datasus.gov.br/dissemin/publicos/SIHSUS/200801_/Dados/RDMA2510.dbc,MA,202510,2956106.0,c5f5c85829031e1c298cf5aa0bcb83d752bc47de4c8413578f028a0549176f10,2026-08-31T03:20:56.506346+00:00,43081.0,42716.0,365.0,0.0,17352.0,7694.0,9639.0,2526.0,5395.0,4277.0,0.0,0.0,2015-01-16,2025-10-31,2025-06-04,2025-10-31,SUCCESS
RDMG2510.dbc,ftp://ftp.datasus.gov.br/dissemin/publicos/SIHSUS/200801_/Dados/RDMG2510.dbc,MG,202510,10918181.0,d2a56d91eb47a852d6a831fefcfed25125e789a0b8c1650903085f7b4dfa73c1,2026-08-31T03:23:47.684934+00:00,139336.0,138731.0,605.0,0.0,63725.0,33750.0,29771.0,39522.0,70107.0,48914.0,0.0,0.0,2011-01-27,2025-10-31,2025-05-01,2025-10-31,SUCCESS
RDMS2510.dbc,ftp://ftp.datasus.gov.br/dissemin/publicos/SIHSUS/200801_/Dados/RDMS2510.dbc,MS,202510,1366014.0,9fdd58b12ba44175f80f506cf14d6563b5ca128ebc9dd784fadf40b0ef51084c,2026-08-31T03:26:54.578376+00:00,17417.0,17287.0,130.0,0.0,7749.0,2798.0,4951.0,5629.0,7247.0,6864.0,0.0,0.0,2024-06-15,2025-10-31,2025-05-05,2025-10-31,SUCCESS
RDMT2510.dbc,ftp://ftp.datasus.gov.br/dissemin/publicos/SIHSUS/200801_/Dados/RDMT2510.dbc,MT,202510,1679680.0,01c9c1bb1bdddfd7b215310781a4a3a2198f86d28c05e1509bf2b59263c99af9,2026-08-31T03:28:06.014411+00:00,22427.0,22241.0,186.0,0.0,10713.0,4131.0,6582.0,5315.0,11594.0,8427.0,0.0,0.0,2024-05-31,2025-10-31,2025-05-01,2025-10-31,SUCCESS
RDPA2510.dbc,ftp://ftp.datasus.gov.br/dissemin/publicos/SIHSUS/200801_/Dados/RDPA2510.dbc,PA,202510,3542679.0,56c591ccc3fb9605550eb1db524bea47ec05dc04731ec7bd51eb106ecd8476f1,2026-08-31T03:29:39.143562+00:00,50058.0,50058.0,0.0,0.0,22068.0,9255.0,12810.0,9457.0,22190.0,15573.0,0.0,0.0,2025-01-04,2025-10-31,2025-05-06,2025-10-31,SUCCESS
RDPB2510.dbc,ftp://ftp.datasus.gov.br/dissemin/publicos/SIHSUS/200801_/Dados/RDPB2510.dbc,PB,202510,1797574.0,8c49abe8caf65d9c84835eadf6494038a564501c035b1299fc1c60812d4e1842,2026-08-31T03:30:29.159483+00:00,23150.0,22942.0,208.0,0.0,11667.0,6232.0,5428.0,9558.0,18562.0,10021.0,0.0,0.0,2024-12-17,2025-10-31,2025-05-22,2025-10-31,SUCCESS
RDPE2510.dbc,ftp://ftp.datasus.gov.br/dissemin/publicos/SIHSUS/200801_/Dados/RDPE2510.dbc,PE,202510,4353494.0,78752efc9ba1820e46a51b75eed021c9f2e4288ff85129cdc4736bd5901bd761,2026-08-31T03:31:23.576854+00:00,58387.0,58050.0,337.0,0.0,26523.0,14579.0,11805.0,23705.0,52423.0,33051.0,0.0,0.0,2013-06-28,2025-10-31,2025-05-19,2025-10-31,SUCCESS
RDPI2510.dbc,ftp://ftp.datasus.gov.br/dissemin/publicos/SIHSUS/200801_/Dados/RDPI2510.dbc,PI,202510,1515282.0,88641ee01abd49fb4103e93c3694cb872b6fd36fa94b81e3f8e50690f4b2437d,2026-08-31T03:32:04.596698+00:00,19901.0,19901.0,0.0,0.0,8484.0,3403.0,5081.0,13891.0,17194.0,10020.0,0.0,0.0,2025-05-24,2025-10-31,2025-06-30,2025-10-31,SUCCESS
RDPR2510.dbc,ftp://ftp.datasus.gov.br/dissemin/publicos/SIHSUS/200801_/Dados/RDPR2510.dbc,PR,202510,7363818.0,64229fdeb2f6c133479ec52dfb4520dfb1a91ccdbae0da2d200e4cf761804ee6,2026-08-31T03:32:56.978671+00:00,96026.0,94624.0,1402.0,0.0,44633.0,26143.0,18146.0,4757.0,8716.0,7133.0,0.0,0.0,2015-04-18,2025-10-31,2025-05-03,2025-10-31,SUCCESS
RDRJ2510.dbc,ftp://ftp.datasus.gov.br/dissemin/publicos/SIHSUS/200801_/Dados/RDRJ2510.dbc,RJ,202510,6354815.0,bb07d8106f6ee61f6fb759d55598736b2a89039ac1f5beb638cd9b676319f748,2026-08-31T03:34:33.213771+00:00,81109.0,80452.0,657.0,0.0,38555.0,21318.0,17081.0,32141.0,62993.0,57716.0,0.0,0.0,2012-03-16,2025-10-31,2025-05-01,2025-10-31,SUCCESS
RDRN2510.dbc,ftp://ftp.datasus.gov.br/dissemin/publicos/SIHSUS/200801_/Dados/RDRN2510.dbc,RN,202510,1385074.0,58ff31d32de41491bdc1e1f7644770cd22ee80de393a55c2f6661e71d64b8b65,2026-08-31T03:36:30.091239+00:00,18364.0,18285.0,79.0,0.0,9663.0,5433.0,3708.0,8563.0,15270.0,8622.0,0.0,0.0,2017-02-14,2025-10-31,2025-05-02,2025-10-31,SUCCESS
RDRO2510.dbc,ftp://ftp.datasus.gov.br/dissemin/publicos/SIHSUS/200801_/Dados/RDRO2510.dbc,RO,202510,902862.0,ff553865231af880f868366447b4d6532d8678ab178666ebe33d6251fe613734,2026-08-31T03:37:18.876953+00:00,12766.0,12766.0,0.0,0.0,4887.0,2375.0,2502.0,7339.0,10409.0,8923.0,0.0,0.0,2025-02-28,2025-10-31,2025-07-01,2025-10-31,SUCCESS
RDRR2510.dbc,ftp://ftp.datasus.gov.br/dissemin/publicos/SIHSUS/200801_/Dados/RDRR2510.dbc,RR,202510,178633.0,a7c5391126486007e8dd65d75b4d5f9a6eed4c019f19989f683b43c69367ae3f,2026-08-31T03:37:43.188000+00:00,2346.0,2346.0,0.0,0.0,658.0,171.0,487.0,162.0,162.0,148.0,0.0,0.0,2025-04-06,2025-10-30,2025-07-01,2025-10-31,SUCCESS
RDRS2510.dbc,ftp://ftp.datasus.gov.br/dissemin/publicos/SIHSUS/200801_/Dados/RDRS2510.dbc,RS,202510,5935568.0,7a114ce506fc0debd9ef2921ed3add4a84c0a33fe8d36949138182512b9b8e3b,2026-08-31T03:39:36.162996+00:00,75963.0,75458.0,505.0,0.0,34090.0,18503.0,15500.0,10100.0,12681.0,11958.0,0.0,0.0,2021-04-23,2025-10-31,2025-05-02,2025-10-31,SUCCESS
RDSC2510.dbc,ftp://ftp.datasus.gov.br/dissemin/publicos/SIHSUS/200801_/Dados/RDSC2510.dbc,SC,202510,4804403.0,e8b5181dc3a46985aeb332e13eb4af098c2913cf068c70e22fbf5ce088eafd76,2026-08-31T03:41:54.250473+00:00,61454.0,61284.0,170.0,0.0,32619.0,18910.0,13619.0,36053.0,44220.0,30953.0,0.0,0.0,2015-06-04,2025-10-31,2025-05-01,2025-10-31,SUCCESS
RDSE2510.dbc,ftp://ftp.datasus.gov.br/dissemin/publicos/SIHSUS/200801_/Dados/RDSE2510.dbc,SE,202510,848912.0,0ea1768c42e0a1d3e191d479c3877c355a81a70987c46dd2fd1dca889704a3ae,2026-08-31T03:43:03.895481+00:00,11059.0,10986.0,73.0,0.0,5528.0,2993.0,2535.0,846.0,1994.0,1080.0,0.0,0.0,2023-04-04,2025-10-31,2025-06-10,2025-10-31,SUCCESS
RDSP2510.dbc,ftp://ftp.datasus.gov.br/dissemin/publicos/SIHSUS/200801_/Dados/RDSP2510.dbc,SP,202510,20452763.0,02e35bb6eada4185143857708e756bc54f1590fa863ed1bbab5743d5cb307153,2026-08-31T03:48:31.201564+00:00,256623.0,252197.0,4426.0,0.0,120278.0,70897.0,47510.0,24004.0,39387.0,40763.0,0.0,0.0,2008-01-01,2025-10-31,2025-05-01,2025-10-31,SUCCESS
RDTO2510.dbc,ftp://ftp.datasus.gov.br/dissemin/publicos/SIHSUS/200801_/Dados/RDTO2510.dbc,TO,202510,718864.0,aa7d88bf6dd3d5725f19181e3b955a5bb809fe1d339dd3005bf468658863ae37,2026-08-31T03:51:51.119144+00:00,9302.0,9302.0,0.0,0.0,3981.0,1089.0,2892.0,2067.0,3927.0,2458.0,0.0,0.0,2025-05-25,2025-10-31,2025-06-08,2025-10-31,SUCCESS
RDAC2511.dbc,ftp://ftp.datasus.gov.br/dissemin/publicos/SIHSUS/200801_/Dados/RDAC2511.dbc,AC,202511,330932.0,d2970a2fef2f9df818d7eecda509cdaa072466ce1f51869366ff406477bf9920,2026-08-31T03:10:10.675077+00:00,4609.0,4604.0,5.0,0.0,2179.0,1404.0,775.0,0.0,0.0,42.0,0.0,0.0,2025-01-07,2025-11-30,2025-06-22,2025-11-30,SUCCESS
RDAL2511.dbc,ftp://ftp.datasus.gov.br/dissemin/publicos/SIHSUS/200801_/Dados/RDAL2511.dbc,AL,202511,1096783.0,e700fcf4fc13ab6f1bd1eb8ed6e01da3d02ce3fc7908ad9b9b1cc5e783214bb2,2026-08-31T03:10:45.813345+00:00,14768.0,14415.0,353.0,0.0,6999.0,2937.0,3927.0,5804.0,12192.0,7028.0,0.0,0.0,2008-01-01,2025-11-30,2025-06-01,2025-11-30,SUCCESS
RDAM2511.dbc,ftp://ftp.datasus.gov.br/dissemin/publicos/SIHSUS/200801_/Dados/RDAM2511.dbc,AM,202511,1540368.0,5eafa23df53ae66fcd932965ad0f4ac3d744200417572e6e654f815083fb4c79,2026-08-31T03:11:39.890052+00:00,21821.0,21821.0,0.0,0.0,9081.0,4485.0,4596.0,4519.0,16072.0,14572.0,0.0,0.0,2025-01-07,2025-11-30,2025-06-07,2025-11-30,SUCCESS
RDAP2511.dbc,ftp://ftp.datasus.gov.br/dissemin/publicos/SIHSUS/200801_/Dados/RDAP2511.dbc,AP,202511,304551.0,6d85697dd05d9c13dafa01f713acd7bd7ec09c2f77c67b6aa624144b17b7be95,2026-08-31T03:12:14.228390+00:00,4195.0,4195.0,0.0,0.0,1711.0,918.0,793.0,1015.0,3295.0,2662.0,0.0,0.0,2025-07-03,2025-11-29,2025-08-01,2025-11-30,SUCCESS
RDBA2511.dbc,ftp://ftp.datasus.gov.br/dissemin/publicos/SIHSUS/200801_/Dados/RDBA2511.dbc,BA,202511,5875111.0,b55a38a5b2dbbadc064e7cb86bacb0bfd9e87ba16f9e0f9cde56a1ddafe0887c,2026-08-31T03:14:13.428041+00:00,80243.0,79921.0,322.0,0.0,36697.0,18370.0,18081.0,23373.0,51807.0,36726.0,0.0,0.0,2008-01-01,2025-11-30,2025-06-01,2025-11-30,SUCCESS
RDCE2511.dbc,ftp://ftp.datasus.gov.br/dissemin/publicos/SIHSUS/200801_/Dados/RDCE2511.dbc,CE,202511,3711915.0,9e904a8c5b929e7233bc299b3b2ae906b9a9db73ece12116bae2129ead486117,2026-08-31T03:16:34.621449+00:00,49771.0,49379.0,392.0,0.0,22018.0,10779.0,10815.0,25975.0,40186.0,30966.0,0.0,0.0,2023-06-01,2025-11-30,2025-06-04,2025-11-30,SUCCESS
RDDF2511.dbc,ftp://ftp.datasus.gov.br/dissemin/publicos/SIHSUS/200801_/Dados/RDDF2511.dbc,DF,202511,1590780.0,d86a083b75b05186ad58dfe5971b83cb24316809fa79e951dfbfe93a024a00f9,2026-08-31T03:17:25.095032+00:00,19793.0,19739.0,54.0,0.0,6661.0,2425.0,4174.0,4041.0,19793.0,15783.0,0.0,0.0,2024-09-01,2025-11-30,2025-07-15,2025-11-30,SUCCESS
RDES2511.dbc,ftp://ftp.datasus.gov.br/dissemin/publicos/SIHSUS/200801_/Dados/RDES2511.dbc,ES,202511,2009316.0,f7d9e1441b29c7aa8c2154618f43847278805468368c9001d4c04cd2267a866b,2026-08-31T03:18:11.178306+00:00,26044.0,25978.0,66.0,0.0,12765.0,5720.0,6812.0,7891.0,18292.0,10984.0,0.0,0.0,2025-06-15,2025-11-30,2025-07-08,2025-11-30,SUCCESS
RDGO2511.dbc,ftp://ftp.datasus.gov.br/dissemin/publicos/SIHSUS/200801_/Dados/RDGO2511.dbc,GO,202511,2871648.0,cb17b84a2d49c3bcd5c6ba0300e7cf82b60852262f61eb56196f0cff867839c6,2026-08-31T03:19:28.994295+00:00,38223.0,37365.0,858.0,0.0,18444.0,8931.0,9513.0,4587.0,20117.0,12642.0,0.0,0.0,2008-01-01,2025-11-30,2025-06-01,2025-11-30,SUCCESS
RDMA2511.dbc,ftp://ftp.datasus.gov.br/dissemin/publicos/SIHSUS/200801_/Dados/RDMA2511.dbc,MA,202511,2871306.0,3e19bae7193e938b55a5e0c95d99dd6fb58c15886840b5009c682e9acaaa943b,2026-08-31T03:20:56.585241+00:00,41984.0,41621.0,363.0,0.0,16822.0,7426.0,9368.0,2519.0,5250.0,4201.0,0.0,0.0,2015-01-16,2025-11-30,2025-07-11,2025-11-30,SUCCESS
RDMG2511.dbc,ftp://ftp.datasus.gov.br/dissemin/publicos/SIHSUS/200801_/Dados/RDMG2511.dbc,MG,202511,10189412.0,358ef7f9a41fd2f59bae7abf29e33d6065372af7f9b37be8b5443e506edd6f49,2026-08-31T03:23:47.846576+00:00,129707.0,129110.0,597.0,0.0,59268.0,31815.0,27254.0,35978.0,63927.0,44730.0,0.0,0.0,2011-01-27,2025-11-30,2025-06-01,2025-11-30,SUCCESS
RDMS2511.dbc,ftp://ftp.datasus.gov.br/dissemin/publicos/SIHSUS/200801_/Dados/RDMS2511.dbc,MS,202511,1304474.0,ac72e092925872405917ef5332716dc0bef6f30e6a59e0c3e72dcc3b37576d2a,2026-08-31T03:26:54.879185+00:00,16642.0,16509.0,133.0,0.0,7324.0,2711.0,4613.0,5069.0,6700.0,6357.0,0.0,0.0,2024-06-15,2025-11-30,2025-06-05,2025-11-30,SUCCESS
RDMT2511.dbc,ftp://ftp.datasus.gov.br/dissemin/publicos/SIHSUS/200801_/Dados/RDMT2511.dbc,MT,202511,1597460.0,477180c9c48d77ea4084b3d7542c6922d03547d12c01276148667527cb644c33,2026-08-31T03:28:11.189221+00:00,21284.0,21127.0,157.0,0.0,10170.0,3934.0,6236.0,5409.0,11176.0,8051.0,0.0,0.0,2024-05-31,2025-11-30,2025-06-05,2025-11-30,SUCCESS
RDPA2511.dbc,ftp://ftp.datasus.gov.br/dissemin/publicos/SIHSUS/200801_/Dados/RDPA2511.dbc,PA,202511,3410046.0,75c99770ddd838d6822d1d9b2cd04ba8e75d5173a5d730193aca0d4fc87cf9ec,2026-08-31T03:29:39.213229+00:00,48679.0,48679.0,0.0,0.0,21935.0,9599.0,12331.0,9826.0,21337.0,15203.0,0.0,0.0,2025-01-04,2025-11-30,2025-07-10,2025-11-30,SUCCESS
RDPB2511.dbc,ftp://ftp.datasus.gov.br/dissemin/publicos/SIHSUS/200801_/Dados/RDPB2511.dbc,PB,202511,1609147.0,ee4a6be1da2a3e8003cc473cf3e8fad169edf87ea301fd10c79579d181aac08a,2026-08-31T03:30:29.198606+00:00,20585.0,20384.0,201.0,0.0,9622.0,4591.0,5025.0,8484.0,16817.0,9098.0,0.0,0.0,2024-12-17,2025-11-30,2025-06-19,2025-11-30,SUCCESS
RDPE2511.dbc,ftp://ftp.datasus.gov.br/dissemin/publicos/SIHSUS/200801_/Dados/RDPE2511.dbc,PE,202511,4102604.0,f798b6f6bcc577d024295ff4916f540f58a9f730a21ccbfe3c643a59954ad727,2026-08-31T03:31:23.651661+00:00,55363.0,55041.0,322.0,0.0,24285.0,13123.0,11036.0,22120.0,49679.0,31174.0,0.0,0.0,2013-06-28,2025-11-30,2025-06-06,2025-11-30,SUCCESS
RDPI2511.dbc,ftp://ftp.datasus.gov.br/dissemin/publicos/SIHSUS/200801_/Dados/RDPI2511.dbc,PI,202511,1376684.0,56f4dfcec8faac045048c2511ef2827edf72ed1e642bbb7aa4e59ce904672054,2026-08-31T03:32:04.747678+00:00,18131.0,18019.0,112.0,0.0,8254.0,3493.0,4761.0,12545.0,15544.0,9065.0,0.0,0.0,2025-01-30,2025-11-30,2025-06-13,2025-11-30,SUCCESS
RDPR2511.dbc,ftp://ftp.datasus.gov.br/dissemin/publicos/SIHSUS/200801_/Dados/RDPR2511.dbc,PR,202511,7045272.0,66562d67d4f088be644f11ef6a4e4df2ed830adb192b91e66ed5e64ab033661d,2026-08-31T03:33:09.914747+00:00,91835.0,90416.0,1419.0,0.0,42267.0,23919.0,18045.0,5009.0,8472.0,6939.0,0.0,0.0,2015-04-18,2025-11-30,2025-06-01,2025-11-30,SUCCESS
RDRJ2511.dbc,ftp://ftp.datasus.gov.br/dissemin/publicos/SIHSUS/200801_/Dados/RDRJ2511.dbc,RJ,202511,5995506.0,88d7251ec1c53428dd255dc0c8fa71f46868fd42ad2e42b5e7ad07e4e411170c,2026-08-31T03:34:47.803299+00:00,77250.0,76622.0,628.0,0.0,35616.0,20296.0,15172.0,30024.0,59415.0,54677.0,0.0,0.0,2012-03-16,2025-11-30,2025-06-02,2025-11-30,SUCCESS
RDRN2511.dbc,ftp://ftp.datasus.gov.br/dissemin/publicos/SIHSUS/200801_/Dados/RDRN2511.dbc,RN,202511,1367632.0,8e8ff6cafdae8985b0a295cd9f508b89be0ffd299a3341deb6282ba5be008fd5,2026-08-31T03:36:32.081542+00:00,18143.0,18062.0,81.0,0.0,9670.0,5280.0,3897.0,8585.0,15068.0,8488.0,0.0,0.0,2017-02-14,2025-11-30,2025-06-11,2025-11-30,SUCCESS
RDRO2511.dbc,ftp://ftp.datasus.gov.br/dissemin/publicos/SIHSUS/200801_/Dados/RDRO2511.dbc,RO,202511,854086.0,051d95c0aae8e0979cbe701db75dcfff259160f55e7b1714f035500c0a95c62f,2026-08-31T03:37:20.950942+00:00,12159.0,12159.0,0.0,0.0,4995.0,2402.0,2567.0,7066.0,9772.0,8329.0,0.0,0.0,2025-04-27,2025-11-30,2025-08-01,2025-11-30,SUCCESS
RDRR2511.dbc,ftp://ftp.datasus.gov.br/dissemin/publicos/SIHSUS/200801_/Dados/RDRR2511.dbc,RR,202511,204797.0,4aee7d701d80d815b1f0292263b89a101a5283e89211aa4b95437d8142de9e25,2026-08-31T03:37:43.221231+00:00,2740.0,2740.0,0.0,0.0,832.0,234.0,598.0,207.0,207.0,171.0,0.0,0.0,2025-03-24,2025-11-29,2025-08-01,2025-11-30,SUCCESS
RDRS2511.dbc,ftp://ftp.datasus.gov.br/dissemin/publicos/SIHSUS/200801_/Dados/RDRS2511.dbc,RS,202511,5784891.0,91300aeb86348be87a18bd1611c65d56b2411639445936d94ae8ad9adda55280,2026-08-31T03:39:37.121264+00:00,73861.0,73454.0,407.0,0.0,34572.0,19517.0,14929.0,10192.0,12729.0,11576.0,0.0,0.0,2021-04-23,2025-11-30,2025-06-01,2025-11-30,SUCCESS
RDSC2511.dbc,ftp://ftp.datasus.gov.br/dissemin/publicos/SIHSUS/200801_/Dados/RDSC2511.dbc,SC,202511,4570172.0,6ce9e5a69963bc2f6f8cb243a8841e93e7265dafb56a98ca197eb9b7c922e877,2026-08-31T03:41:56.133120+00:00,58629.0,58436.0,193.0,0.0,30384.0,17572.0,12736.0,32994.0,41356.0,29245.0,0.0,0.0,2015-06-04,2025-11-30,2025-06-02,2025-11-30,SUCCESS
RDSE2511.dbc,ftp://ftp.datasus.gov.br/dissemin/publicos/SIHSUS/200801_/Dados/RDSE2511.dbc,SE,202511,801052.0,ac44e1eb8d3314592d4b40dcd7a2cb1a711ed3fb1566e6c1cf1f432bf020bbb5,2026-08-31T03:43:04.028870+00:00,10374.0,10306.0,68.0,0.0,5027.0,2681.0,2346.0,879.0,2042.0,1003.0,0.0,0.0,2023-04-04,2025-11-30,2025-07-31,2025-11-30,SUCCESS
RDSP2511.dbc,ftp://ftp.datasus.gov.br/dissemin/publicos/SIHSUS/200801_/Dados/RDSP2511.dbc,SP,202511,19009787.0,d0a23ceddf13927d83767c6411e6765c60da94fb0fb16b487e1c065d4284baf8,2026-08-31T03:48:31.307525+00:00,239620.0,235148.0,4472.0,0.0,110791.0,65495.0,43625.0,22400.0,36220.0,38062.0,0.0,0.0,2008-01-01,2025-11-30,2025-06-02,2025-11-30,SUCCESS
RDTO2511.dbc,ftp://ftp.datasus.gov.br/dissemin/publicos/SIHSUS/200801_/Dados/RDTO2511.dbc,TO,202511,642600.0,f416cbd9ae673e501c4f6c45cf3e07692d874b4993b7775b4492263eb95a2c4e,2026-08-31T03:51:51.174118+00:00,8338.0,8338.0,0.0,0.0,3848.0,1215.0,2633.0,2113.0,3689.0,2229.0,0.0,0.0,2025-05-30,2025-11-30,2025-07-11,2025-11-30,SUCCESS
RDAC2512.dbc,ftp://ftp.datasus.gov.br/dissemin/publicos/SIHSUS/200801_/Dados/RDAC2512.dbc,AC,202512,326362.0,d6270b1c92eafd4549b93f57d3c7010d8f3727e35954e8b216d7f309627e2183,2026-08-31T03:10:10.726830+00:00,4527.0,4527.0,0.0,0.0,1993.0,1321.0,672.0,0.0,0.0,60.0,0.0,0.0,2025-02-01,2025-12-31,2025-07-07,2025-12-31,SUCCESS
RDAL2512.dbc,ftp://ftp.datasus.gov.br/dissemin/publicos/SIHSUS/200801_/Dados/RDAL2512.dbc,AL,202512,1052073.0,be3218e9347fa722c71bf73d5fa32a0eb998c7206397336335fe7595b566cff5,2026-08-31T03:10:45.912269+00:00,14176.0,13881.0,295.0,0.0,6958.0,2922.0,3900.0,5273.0,11360.0,6691.0,0.0,0.0,2008-01-01,2025-12-31,2025-07-02,2025-12-31,SUCCESS
RDAM2512.dbc,ftp://ftp.datasus.gov.br/dissemin/publicos/SIHSUS/200801_/Dados/RDAM2512.dbc,AM,202512,1526041.0,6857b53661add81053dae01dcb7835733196cab0ad6d2d00233e6e2e4167a976,2026-08-31T03:11:39.897737+00:00,21542.0,21542.0,0.0,0.0,8941.0,3929.0,5012.0,4183.0,16062.0,14613.0,0.0,0.0,2025-02-18,2025-12-31,2025-08-01,2025-12-31,SUCCESS
RDAP2512.dbc,ftp://ftp.datasus.gov.br/dissemin/publicos/SIHSUS/200801_/Dados/RDAP2512.dbc,AP,202512,330810.0,43928d30cc4ef222b21a9f33675a5e6c96f34c05493fad01f141b13b087ab1af,2026-08-31T03:12:16.680838+00:00,4900.0,4900.0,0.0,0.0,2535.0,1393.0,1142.0,1048.0,3937.0,3323.0,0.0,0.0,2025-03-08,2025-12-30,2025-09-01,2025-12-31,SUCCESS
RDBA2512.dbc,ftp://ftp.datasus.gov.br/dissemin/publicos/SIHSUS/200801_/Dados/RDBA2512.dbc,BA,202512,5668931.0,39d98afc89544d9f3eaf22d475a1d2efca55c70adc9d49379ac724b6cb6ec704,2026-08-31T03:14:13.698827+00:00,77220.0,76874.0,346.0,0.0,33533.0,16095.0,17253.0,23515.0,49918.0,35647.0,0.0,0.0,2008-01-01,2025-12-31,2025-07-01,2025-12-31,SUCCESS
RDCE2512.dbc,ftp://ftp.datasus.gov.br/dissemin/publicos/SIHSUS/200801_/Dados/RDCE2512.dbc,CE,202512,3620072.0,b8aee018dfac3476ed100695eb184a0b11c7b6c78e328352c299c0c14c3a2afe,2026-08-31T03:16:34.654337+00:00,48461.0,48118.0,343.0,0.0,20873.0,9575.0,10923.0,25140.0,39176.0,29907.0,0.0,0.0,2023-06-01,2025-12-31,2025-07-01,2025-12-31,SUCCESS
RDDF2512.dbc,ftp://ftp.datasus.gov.br/dissemin/publicos/SIHSUS/200801_/Dados/RDDF2512.dbc,DF,202512,1633613.0,c30c94d15de7f52709fa151b7219d7b3d2bb318565fc7976b727f606d7e34670,2026-08-31T03:17:25.123725+00:00,20360.0,20315.0,45.0,0.0,6689.0,2399.0,4219.0,4464.0,20360.0,16305.0,0.0,0.0,2024-09-01,2025-12-31,2025-08-23,2025-12-31,SUCCESS
RDES2512.dbc,ftp://ftp.datasus.gov.br/dissemin/publicos/SIHSUS/200801_/Dados/RDES2512.dbc,ES,202512,1955649.0,f7d37826b90d3825f149011e47eec033169044de308dd769517b8f76abee40da,2026-08-31T03:18:11.191006+00:00,25613.0,25555.0,58.0,0.0,12402.0,5212.0,6994.0,7928.0,18110.0,11027.0,0.0,0.0,2025-01-13,2025-12-31,2025-07-21,2025-12-31,SUCCESS
RDGO2512.dbc,ftp://ftp.datasus.gov.br/dissemin/publicos/SIHSUS/200801_/Dados/RDGO2512.dbc,GO,202512,2774130.0,9b8cab6abb29b8b23745c5119f1538dca2ac612918b80b04f85b6541becd923c,2026-08-31T03:19:29.050187+00:00,37196.0,36328.0,868.0,0.0,16992.0,7559.0,9433.0,4441.0,18576.0,11889.0,0.0,0.0,2008-01-01,2025-12-31,2025-07-09,2025-12-31,SUCCESS
RDMA2512.dbc,ftp://ftp.datasus.gov.br/dissemin/publicos/SIHSUS/200801_/Dados/RDMA2512.dbc,MA,202512,2750728.0,99dd18917f2ed3398a6573e8b0da0bf212bcfe88dab13a45f5ca26977b2b2780,2026-08-31T03:20:56.863125+00:00,40205.0,39756.0,449.0,0.0,16345.0,7184.0,9152.0,2412.0,5312.0,4261.0,0.0,0.0,2015-01-16,2025-12-31,2025-07-22,2025-12-31,SUCCESS
RDMG2512.dbc,ftp://ftp.datasus.gov.br/dissemin/publicos/SIHSUS/200801_/Dados/RDMG2512.dbc,MG,202512,10034389.0,fd7fc370e96bade3aabf96d3bad1da1cd5e4fd416bf2d3ef453bbc4c7b8b3e5c,2026-08-31T03:24:34.860632+00:00,128022.0,127408.0,614.0,0.0,57019.0,29198.0,27641.0,37356.0,64686.0,45196.0,0.0,0.0,2011-01-27,2025-12-31,2025-07-01,2025-12-31,SUCCESS
RDMS2512.dbc,ftp://ftp.datasus.gov.br/dissemin/publicos/SIHSUS/200801_/Dados/RDMS2512.dbc,MS,202512,1256233.0,c8d877aecdf85b03e8854d1336e37abd90cba7219b962148abd0312a43a4b210,2026-08-31T03:27:05.608470+00:00,16193.0,16041.0,152.0,0.0,7079.0,2476.0,4603.0,5179.0,6824.0,6505.0,0.0,0.0,2024-06-15,2025-12-31,2025-07-02,2025-12-31,SUCCESS
RDMT2512.dbc,ftp://ftp.datasus.gov.br/dissemin/publicos/SIHSUS/200801_/Dados/RDMT2512.dbc,MT,202512,1540191.0,4e378300e951911e81a37573deb787eff16788383d9030d5dad683f3af39eb28,2026-08-31T03:28:11.526191+00:00,20653.0,20485.0,168.0,0.0,9567.0,3604.0,5963.0,4555.0,10567.0,7575.0,0.0,0.0,2024-05-31,2025-12-31,2025-07-01,2025-12-31,SUCCESS
RDPA2512.dbc,ftp://ftp.datasus.gov.br/dissemin/publicos/SIHSUS/200801_/Dados/RDPA2512.dbc,PA,202512,3411062.0,0432361d4d74a42f2dde625c358585e31645630f37aa06b52c7c7aebc787d3d9,2026-08-31T03:29:39.479076+00:00,48817.0,48817.0,0.0,0.0,21805.0,9980.0,11785.0,9506.0,21385.0,14796.0,0.0,0.0,2025-01-02,2025-12-31,2025-07-11,2025-12-31,SUCCESS
RDPB2512.dbc,ftp://ftp.datasus.gov.br/dissemin/publicos/SIHSUS/200801_/Dados/RDPB2512.dbc,PB,202512,1500037.0,025be9ba9dd232842299007cda0ece2d06c9627376c72a3161d7470d77a32241,2026-08-31T03:30:33.812248+00:00,19248.0,19040.0,208.0,0.0,8450.0,3503.0,4943.0,7787.0,15385.0,8250.0,0.0,0.0,2024-12-17,2025-12-31,2025-07-03,2025-12-31,SUCCESS
RDPE2512.dbc,ftp://ftp.datasus.gov.br/dissemin/publicos/SIHSUS/200801_/Dados/RDPE2512.dbc,PE,202512,4128330.0,f6c458cd3819a1b549d00befbd5bed9c4f17cabed0f94f3a988cf70748752950,2026-08-31T03:31:23.677118+00:00,55935.0,55619.0,316.0,0.0,24577.0,12325.0,12161.0,23035.0,50668.0,31442.0,0.0,0.0,2013-06-28,2025-12-31,2025-08-15,2025-12-31,SUCCESS
RDPI2512.dbc,ftp://ftp.datasus.gov.br/dissemin/publicos/SIHSUS/200801_/Dados/RDPI2512.dbc,PI,202512,1429613.0,cc46ca95df76d0a872a5a3c7610a5bb0da58d1b45a724504b0a30297ab0d7119,2026-08-31T03:32:04.772052+00:00,19014.0,18898.0,116.0,0.0,7947.0,3085.0,4862.0,13309.0,16474.0,9310.0,0.0,0.0,2025-02-01,2025-12-31,2025-09-01,2025-12-31,SUCCESS
RDPR2512.dbc,ftp://ftp.datasus.gov.br/dissemin/publicos/SIHSUS/200801_/Dados/RDPR2512.dbc,PR,202512,6877215.0,0b8322a3a411ca99de4d4d8a72a134baaba5f8c5ced18a958891008f12850fa6,2026-08-31T03:33:09.928896+00:00,89610.0,88172.0,1438.0,0.0,39890.0,21833.0,17699.0,4809.0,8309.0,6803.0,0.0,0.0,2015-04-18,2025-12-31,2025-07-03,2025-12-31,SUCCESS
RDRJ2512.dbc,ftp://ftp.datasus.gov.br/dissemin/publicos/SIHSUS/200801_/Dados/RDRJ2512.dbc,RJ,202512,5958202.0,601b168e000330637a5321451debcd50ed70cd571cbb51677a6d287b4895615c,2026-08-31T03:34:48.225988+00:00,76204.0,75585.0,619.0,0.0,34176.0,18320.0,15660.0,30836.0,57888.0,53287.0,0.0,0.0,2012-03-16,2025-12-31,2025-07-01,2025-12-31,SUCCESS
RDRN2512.dbc,ftp://ftp.datasus.gov.br/dissemin/publicos/SIHSUS/200801_/Dados/RDRN2512.dbc,RN,202512,1296936.0,aca3e4706f778fb77359c8108975e2a6d13279c482e26663a33a9e152b78b5d7,2026-08-31T03:36:40.480077+00:00,17693.0,17610.0,83.0,0.0,9306.0,5309.0,3601.0,8231.0,14722.0,8413.0,0.0,0.0,2017-02-14,2025-12-31,2025-07-17,2025-12-31,SUCCESS
RDRO2512.dbc,ftp://ftp.datasus.gov.br/dissemin/publicos/SIHSUS/200801_/Dados/RDRO2512.dbc,RO,202512,798515.0,f64e8a5d1dc610cf158198eb9a78ab0ea915a0432510593ab206bcb0b5296c4d,2026-08-31T03:37:25.089636+00:00,11457.0,11457.0,0.0,0.0,3907.0,1735.0,2163.0,7231.0,9625.0,8313.0,0.0,0.0,2025-01-17,2025-12-31,2025-09-01,2025-12-31,SUCCESS
RDRR2512.dbc,ftp://ftp.datasus.gov.br/dissemin/publicos/SIHSUS/200801_/Dados/RDRR2512.dbc,RR,202512,157633.0,a78b75cf0f3441e75695770288eda574cdea229bdc164da37f855fb9fcbbeb35,2026-08-31T03:37:43.224766+00:00,2128.0,2128.0,0.0,0.0,616.0,203.0,413.0,170.0,170.0,146.0,0.0,0.0,2025-05-11,2025-12-30,2025-09-01,2025-12-31,SUCCESS
RDRS2512.dbc,ftp://ftp.datasus.gov.br/dissemin/publicos/SIHSUS/200801_/Dados/RDRS2512.dbc,RS,202512,5515410.0,dfee76b36f730ff224a1959ec08e28b9e8a44fc083b1c44eb1a22b7777e9199b,2026-08-31T03:39:37.228512+00:00,70964.0,70504.0,460.0,0.0,32230.0,18335.0,13807.0,9639.0,12189.0,11305.0,0.0,0.0,2021-04-23,2025-12-31,2025-07-01,2025-12-31,SUCCESS
RDSC2512.dbc,ftp://ftp.datasus.gov.br/dissemin/publicos/SIHSUS/200801_/Dados/RDSC2512.dbc,SC,202512,4354561.0,a9083f9cb3fb1bab7d09d6e13a0668bfd287daa428b2a69753def037dff8a649,2026-08-31T03:41:56.532275+00:00,55204.0,55009.0,195.0,0.0,28521.0,15745.0,12754.0,32157.0,40156.0,27920.0,0.0,0.0,2015-06-04,2025-12-31,2025-07-01,2025-12-31,SUCCESS
RDSE2512.dbc,ftp://ftp.datasus.gov.br/dissemin/publicos/SIHSUS/200801_/Dados/RDSE2512.dbc,SE,202512,796213.0,e0a9fbd071bb5cb079cc54ccab0140a22837525c3598c12e228a6bbe5a18faff,2026-08-31T03:43:04.083131+00:00,10417.0,10340.0,77.0,0.0,5177.0,2652.0,2525.0,921.0,2085.0,1063.0,0.0,0.0,2023-07-27,2025-12-30,2025-08-11,2025-12-31,SUCCESS
RDSP2512.dbc,ftp://ftp.datasus.gov.br/dissemin/publicos/SIHSUS/200801_/Dados/RDSP2512.dbc,SP,202512,18231662.0,ba3532a7b9b0a613d38c0b3f740a01f0c798c533b05a8f2f03a408f7b0edde11,2026-08-31T03:48:31.669802+00:00,230733.0,226245.0,4488.0,0.0,102564.0,56518.0,44337.0,21513.0,34878.0,35801.0,0.0,0.0,2008-01-01,2025-12-31,2025-07-01,2025-12-31,SUCCESS
RDTO2512.dbc,ftp://ftp.datasus.gov.br/dissemin/publicos/SIHSUS/200801_/Dados/RDTO2512.dbc,TO,202512,598702.0,dc6b28fc4a329bbeb346b4ea75a70f9c6408767deca37d01bf7eb21f55950591,2026-08-31T03:51:51.769044+00:00,7768.0,7768.0,0.0,0.0,3211.0,1006.0,2205.0,1754.0,3494.0,2154.0,0.0,0.0,2025-07-31,2025-12-31,2025-09-01,2025-12-31,SUCCESS
RDAC2601.dbc,ftp://ftp.datasus.gov.br/dissemin/publicos/SIHSUS/200801_/Dados/RDAC2601.dbc,AC,202601,345098.0,742528bd81a22b3872b4f4aed37ed14a7c928c96fa0c43a610a4d1d6e5d5b2d0,2026-08-31T03:10:10.824240+00:00,4774.0,4774.0,0.0,0.0,1994.0,1187.0,807.0,0.0,0.0,47.0,0.0,0.0,2025-05-12,2026-01-31,2025-08-05,2026-01-31,SUCCESS
RDAL2601.dbc,ftp://ftp.datasus.gov.br/dissemin/publicos/SIHSUS/200801_/Dados/RDAL2601.dbc,AL,202601,1086196.0,ff967e37fe24418530b66e39e79cdb7619501e87c0472ca3cfb7328c9909def6,2026-08-31T03:10:45.986998+00:00,14548.0,14178.0,370.0,0.0,6971.0,2843.0,3953.0,5942.0,12263.0,7256.0,0.0,0.0,2008-01-01,2026-01-31,2025-08-01,2026-01-31,SUCCESS
RDAM2601.dbc,ftp://ftp.datasus.gov.br/dissemin/publicos/SIHSUS/200801_/Dados/RDAM2601.dbc,AM,202601,1531343.0,b83a97485c52fd3fd1b46cf2b612d006cfb53773273df461701fe61c719d13fd,2026-08-31T03:11:48.298921+00:00,21748.0,21748.0,0.0,0.0,8131.0,3057.0,5074.0,5328.0,16430.0,14862.0,0.0,0.0,2025-08-18,2026-01-31,2025-09-09,2026-01-31,SUCCESS
RDAP2601.dbc,ftp://ftp.datasus.gov.br/dissemin/publicos/SIHSUS/200801_/Dados/RDAP2601.dbc,AP,202601,336384.0,810033c569ab9c784623e68d645046131fc7a26a96c7b0ef1a7f274285251636,2026-08-31T03:12:16.987528+00:00,4938.0,4938.0,0.0,0.0,2188.0,1259.0,929.0,1067.0,4090.0,3164.0,0.0,0.0,2025-01-25,2026-01-31,2025-10-01,2026-01-31,SUCCESS
RDBA2601.dbc,ftp://ftp.datasus.gov.br/dissemin/publicos/SIHSUS/200801_/Dados/RDBA2601.dbc,BA,202601,5726078.0,924d3681ab18c9b2faf6f7228962d507a654283fd6c1d3fc2832054182eaed97,2026-08-31T03:14:13.778819+00:00,78289.0,77927.0,362.0,0.0,34075.0,16231.0,17596.0,23501.0,50115.0,36124.0,0.0,0.0,2008-01-01,2026-01-31,2025-08-02,2026-01-31,SUCCESS
RDCE2601.dbc,ftp://ftp.datasus.gov.br/dissemin/publicos/SIHSUS/200801_/Dados/RDCE2601.dbc,CE,202601,3657957.0,1071e002f455d74831fc7d33c8900c25c1baa3dc2ff455546325df3a36a44e30,2026-08-31T03:16:55.009970+00:00,48965.0,48639.0,326.0,0.0,21687.0,9962.0,11335.0,26443.0,39525.0,29663.0,0.0,0.0,2023-06-01,2026-01-31,2025-08-10,2026-01-31,SUCCESS
RDDF2601.dbc,ftp://ftp.datasus.gov.br/dissemin/publicos/SIHSUS/200801_/Dados/RDDF2601.dbc,DF,202601,1576519.0,979c0b3b5d481236a5e41534d2d3e68f74707c75b2c5f3a544fdfa43afc52777,2026-08-31T03:17:25.155833+00:00,19534.0,19494.0,40.0,0.0,6278.0,2041.0,4207.0,4295.0,19534.0,15698.0,0.0,0.0,2024-09-01,2026-01-31,2025-09-02,2026-01-31,SUCCESS
RDES2601.dbc,ftp://ftp.datasus.gov.br/dissemin/publicos/SIHSUS/200801_/Dados/RDES2601.dbc,ES,202601,1929575.0,e4287d5a90689cf2522c0e4918e491ba813d05978b5ef340f825b48a9cb0c439,2026-08-31T03:18:21.722508+00:00,24865.0,24808.0,57.0,0.0,11657.0,4544.0,6909.0,8025.0,17906.0,10823.0,0.0,0.0,2025-07-22,2026-01-31,2025-08-16,2026-01-31,SUCCESS
RDGO2601.dbc,ftp://ftp.datasus.gov.br/dissemin/publicos/SIHSUS/200801_/Dados/RDGO2601.dbc,GO,202601,2788440.0,302b4bd668898830fc917c1eab8229ccbfceff9dbbdbc33023b51096bda7dd76,2026-08-31T03:19:43.849959+00:00,37036.0,36103.0,933.0,0.0,16837.0,7437.0,9400.0,4394.0,17958.0,11374.0,0.0,0.0,2008-01-01,2026-01-31,2025-08-04,2026-01-31,SUCCESS
RDMA2601.dbc,ftp://ftp.datasus.gov.br/dissemin/publicos/SIHSUS/200801_/Dados/RDMA2601.dbc,MA,202601,2845855.0,c1812a29071f85a808898f6bf723bf68093a0b541f7e089c451264bf2f002905,2026-08-31T03:21:11.519344+00:00,41123.0,40639.0,484.0,0.0,16033.0,6726.0,9273.0,2202.0,4965.0,3836.0,0.0,0.0,2015-01-16,2026-01-31,2025-09-01,2026-01-31,SUCCESS
RDMG2601.dbc,ftp://ftp.datasus.gov.br/dissemin/publicos/SIHSUS/200801_/Dados/RDMG2601.dbc,MG,202601,10434321.0,05084b85b6a265a0bd523b44b0403826f0b8726e4851355bca221adaecaa5dcd,2026-08-31T03:24:36.702983+00:00,131838.0,131212.0,626.0,0.0,56299.0,27208.0,28882.0,37434.0,65947.0,46457.0,0.0,0.0,2011-01-27,2026-01-31,2025-08-01,2026-01-31,SUCCESS
RDMS2601.dbc,ftp://ftp.datasus.gov.br/dissemin/publicos/SIHSUS/200801_/Dados/RDMS2601.dbc,MS,202601,1378777.0,acf147a139ed5e5405f1997b9b7a8a566088bed024f367f1100dc7c5ab2b25ca,2026-08-31T03:27:05.669007+00:00,17584.0,17443.0,141.0,0.0,7741.0,2322.0,5419.0,5510.0,6971.0,6610.0,0.0,0.0,2024-06-15,2026-01-31,2025-08-21,2026-01-31,SUCCESS
RDMT2601.dbc,ftp://ftp.datasus.gov.br/dissemin/publicos/SIHSUS/200801_/Dados/RDMT2601.dbc,MT,202601,1619032.0,387822b2f0fbe7932d21eadbf3db0470658ebfbf142c8bd85f3f2c55428a8a3e,2026-08-31T03:28:16.640060+00:00,21330.0,21239.0,91.0,0.0,9811.0,3375.0,6435.0,6065.0,11590.0,8176.0,0.0,0.0,2024-05-31,2026-01-31,2025-08-04,2026-01-31,SUCCESS
RDPA2601.dbc,ftp://ftp.datasus.gov.br/dissemin/publicos/SIHSUS/200801_/Dados/RDPA2601.dbc,PA,202601,3279652.0,60f7353826ee44d8e553a40007796668b4087fd76df26ae1475a885d5b0e55df,2026-08-31T03:29:55.271359+00:00,47347.0,47347.0,0.0,0.0,19321.0,6719.0,12575.0,8851.0,20727.0,14276.0,0.0,0.0,2025-01-28,2026-01-31,2025-09-03,2026-01-31,SUCCESS
RDPB2601.dbc,ftp://ftp.datasus.gov.br/dissemin/publicos/SIHSUS/200801_/Dados/RDPB2601.dbc,PB,202601,1625243.0,4df6936e89edae23c7092a154727cce4019753f9d78feb4af6195fa4e3d784f4,2026-08-31T03:30:33.940710+00:00,20851.0,20646.0,205.0,0.0,10311.0,4964.0,5345.0,9416.0,16958.0,8791.0,0.0,0.0,2024-12-17,2026-01-31,2025-08-18,2026-01-31,SUCCESS
RDPE2601.dbc,ftp://ftp.datasus.gov.br/dissemin/publicos/SIHSUS/200801_/Dados/RDPE2601.dbc,PE,202601,3942726.0,082767cfe5e1244a2d9565f7d356b40774156279cd4fee2b94a713c2d473dc0b,2026-08-31T03:31:23.882376+00:00,52162.0,51854.0,308.0,0.0,22439.0,10804.0,11552.0,21683.0,47558.0,29524.0,0.0,0.0,2013-06-28,2026-01-31,2025-09-11,2026-01-31,SUCCESS
RDPI2601.dbc,ftp://ftp.datasus.gov.br/dissemin/publicos/SIHSUS/200801_/Dados/RDPI2601.dbc,PI,202601,1514987.0,4dadad1c506fd6aee4b9ff67a134b2cf4df3451f7f43e19d5d370fa46d01bdb1,2026-08-31T03:32:08.835533+00:00,19653.0,19532.0,121.0,0.0,8883.0,3640.0,5243.0,14029.0,17233.0,10043.0,0.0,0.0,2025-08-25,2026-01-31,2025-10-01,2026-01-31,SUCCESS
RDPR2601.dbc,ftp://ftp.datasus.gov.br/dissemin/publicos/SIHSUS/200801_/Dados/RDPR2601.dbc,PR,202601,7143985.0,5710522a13e09788fc992ddef60c5bf6684f0f6f983cbde829d59657e7418a4f,2026-08-31T03:33:10.179643+00:00,93664.0,92275.0,1389.0,0.0,41840.0,22090.0,19424.0,4359.0,7860.0,6563.0,0.0,0.0,2015-04-18,2026-01-31,2025-08-05,2026-01-31,SUCCESS
RDRJ2601.dbc,ftp://ftp.datasus.gov.br/dissemin/publicos/SIHSUS/200801_/Dados/RDRJ2601.dbc,RJ,202601,5706830.0,cc835d787c915a969111f6ac835695fad96f1ebfc1ab27046be1299102083fe7,2026-08-31T03:34:48.974510+00:00,73422.0,72945.0,477.0,0.0,33654.0,18068.0,15424.0,28898.0,55679.0,51372.0,0.0,0.0,2012-03-16,2026-01-31,2025-08-02,2026-01-31,SUCCESS
RDRN2601.dbc,ftp://ftp.datasus.gov.br/dissemin/publicos/SIHSUS/200801_/Dados/RDRN2601.dbc,RN,202601,1351408.0,eac4a767c080b4a5aeb64b68882e5ab7446598c29bccc6f797a9f92e4d0ce504,2026-08-31T03:36:40.749953+00:00,17819.0,17740.0,79.0,0.0,8715.0,4277.0,3999.0,8884.0,15281.0,8441.0,0.0,0.0,2017-02-14,2026-01-31,2025-08-14,2026-01-31,SUCCESS
RDRO2601.dbc,ftp://ftp.datasus.gov.br/dissemin/publicos/SIHSUS/200801_/Dados/RDRO2601.dbc,RO,202601,815953.0,4a3f30f6d328b4eacd26ecdd618933370d7490f6ed1ef0913bb31636e43f904a,2026-08-31T03:37:25.360237+00:00,11446.0,11446.0,0.0,0.0,4052.0,1646.0,2380.0,6812.0,9740.0,8199.0,0.0,0.0,2025-08-01,2026-01-31,2025-09-14,2026-01-31,SUCCESS
RDRR2601.dbc,ftp://ftp.datasus.gov.br/dissemin/publicos/SIHSUS/200801_/Dados/RDRR2601.dbc,RR,202601,194704.0,c9ebda0ca1d63edee312656eb07919570706548d5784b68efd661e105f8fbcd0,2026-08-31T03:37:45.138054+00:00,2597.0,2597.0,0.0,0.0,757.0,227.0,530.0,264.0,264.0,212.0,0.0,0.0,2025-01-10,2026-01-30,2025-10-01,2026-01-31,SUCCESS
RDRS2601.dbc,ftp://ftp.datasus.gov.br/dissemin/publicos/SIHSUS/200801_/Dados/RDRS2601.dbc,RS,202601,5474051.0,575bfcf36dd8d94ff330c571f7e18e4b054ed587bc33da32d011b9974cddbe40,2026-08-31T03:39:37.363190+00:00,70041.0,69652.0,389.0,0.0,31780.0,16444.0,15257.0,9404.0,11849.0,11137.0,0.0,0.0,2021-04-23,2026-01-31,2025-08-01,2026-01-31,SUCCESS
RDSC2601.dbc,ftp://ftp.datasus.gov.br/dissemin/publicos/SIHSUS/200801_/Dados/RDSC2601.dbc,SC,202601,4532976.0,d7270810be742dd2e35771047ab774da062e56b5c546cd30d91c0e1a26cad441,2026-08-31T03:42:00.057113+00:00,56937.0,56756.0,181.0,0.0,29088.0,15348.0,13689.0,33294.0,41995.0,29062.0,0.0,0.0,2015-06-04,2026-01-31,2025-08-02,2026-01-31,SUCCESS
RDSE2601.dbc,ftp://ftp.datasus.gov.br/dissemin/publicos/SIHSUS/200801_/Dados/RDSE2601.dbc,SE,202601,795167.0,3efecd81bdcca5b9a1ce7ce6c45c5ee48aedd1b02ed8b801bd23e992fc43b606,2026-08-31T03:43:04.127423+00:00,10283.0,10224.0,59.0,0.0,4760.0,2334.0,2426.0,781.0,2047.0,1023.0,0.0,0.0,2023-07-27,2026-01-31,2025-09-11,2026-01-31,SUCCESS
RDSP2601.dbc,ftp://ftp.datasus.gov.br/dissemin/publicos/SIHSUS/200801_/Dados/RDSP2601.dbc,SP,202601,18935562.0,99e532a5e0d71707f5321d8cb9834be58a07072c8cececccd1f155d02bf8eb06,2026-08-31T03:48:32.118833+00:00,237661.0,233346.0,4315.0,0.0,107986.0,58512.0,47736.0,22510.0,36477.0,37599.0,0.0,0.0,2008-01-01,2026-01-31,2025-08-01,2026-01-31,SUCCESS
RDTO2601.dbc,ftp://ftp.datasus.gov.br/dissemin/publicos/SIHSUS/200801_/Dados/RDTO2601.dbc,TO,202601,678010.0,31127bb0675aff1dd2287e75a177937ea2bbc7e5c99822dd9e6b93f0171cedce,2026-08-31T03:51:55.382494+00:00,8884.0,8884.0,0.0,0.0,3895.0,1126.0,2769.0,2281.0,3892.0,2526.0,0.0,0.0,2025-08-30,2026-01-31,2025-09-11,2026-01-31,SUCCESS
RDAC2602.dbc,ftp://ftp.datasus.gov.br/dissemin/publicos/SIHSUS/200801_/Dados/RDAC2602.dbc,AC,202602,329737.0,6093bd429f2d22b7c83e76663c6e272b50df5511c951265e9a24db1e28784ae8,2026-08-31T03:10:14.526891+00:00,4479.0,4479.0,0.0,0.0,1969.0,1253.0,716.0,0.0,0.0,38.0,0.0,0.0,2025-08-29,2026-02-28,2025-09-03,2026-02-28,SUCCESS
RDAL2602.dbc,ftp://ftp.datasus.gov.br/dissemin/publicos/SIHSUS/200801_/Dados/RDAL2602.dbc,AL,202602,1032270.0,05a73be6d03f30d34daf7c723e8e9aa511937726428c4f6d536e5ee74a92362e,2026-08-31T03:10:52.889475+00:00,13924.0,13588.0,336.0,0.0,6832.0,2975.0,3712.0,5911.0,11376.0,6533.0,0.0,0.0,2008-01-01,2026-02-28,2025-09-01,2026-02-28,SUCCESS
RDAM2602.dbc,ftp://ftp.datasus.gov.br/dissemin/publicos/SIHSUS/200801_/Dados/RDAM2602.dbc,AM,202602,1446553.0,0d505bc4b43af745b362fadf7e83343fe72a84efc58448404df90e3dc7f22efb,2026-08-31T03:11:48.919724+00:00,20400.0,20400.0,0.0,0.0,7915.0,3384.0,4531.0,5035.0,15375.0,14006.0,0.0,0.0,2025-08-27,2026-02-28,2025-09-25,2026-02-28,SUCCESS
RDAP2602.dbc,ftp://ftp.datasus.gov.br/dissemin/publicos/SIHSUS/200801_/Dados/RDAP2602.dbc,AP,202602,313946.0,7b41ac3813154aed29cf676de47f24ba4b069e09a5f570c22d5b63735d16e041,2026-08-31T03:12:17.105155+00:00,4640.0,4640.0,0.0,0.0,2262.0,1409.0,853.0,1051.0,3688.0,3032.0,0.0,0.0,2025-09-12,2026-02-28,2025-11-01,2026-02-28,SUCCESS
RDBA2602.dbc,ftp://ftp.datasus.gov.br/dissemin/publicos/SIHSUS/200801_/Dados/RDBA2602.dbc,BA,202602,5809570.0,b0b9bf50130562bcc96bacc677e5587473d5fb70e28eece80cbd94b47d731c56,2026-08-31T03:14:41.740710+00:00,78701.0,78348.0,353.0,0.0,35149.0,16456.0,18467.0,23784.0,51094.0,36153.0,0.0,0.0,2008-01-01,2026-02-28,2025-09-01,2026-02-28,SUCCESS
RDCE2602.dbc,ftp://ftp.datasus.gov.br/dissemin/publicos/SIHSUS/200801_/Dados/RDCE2602.dbc,CE,202602,3456365.0,d42531d8fbf4a0408e8ce40e5a3366a6e5cd3a08d03625adc716c0d4e8764200,2026-08-31T03:16:55.142108+00:00,46576.0,46204.0,372.0,0.0,20252.0,9132.0,10714.0,23867.0,36994.0,28411.0,0.0,0.0,2023-06-01,2026-02-28,2025-09-16,2026-02-28,SUCCESS
RDDF2602.dbc,ftp://ftp.datasus.gov.br/dissemin/publicos/SIHSUS/200801_/Dados/RDDF2602.dbc,DF,202602,1471175.0,687c38f661fb8b0ccc140575c89f1abac5eaf0bc752eebad0603698de4c6505a,2026-08-31T03:17:29.430730+00:00,18350.0,18277.0,73.0,0.0,6289.0,2321.0,3936.0,3942.0,18350.0,14740.0,0.0,0.0,2024-09-01,2026-02-28,2025-11-01,2026-02-28,SUCCESS
RDES2602.dbc,ftp://ftp.datasus.gov.br/dissemin/publicos/SIHSUS/200801_/Dados/RDES2602.dbc,ES,202602,1960519.0,e22b0a968b5cc88454158ca5634cc073f30b68c2815bee5c8de5740bd97a35a5,2026-08-31T03:18:22.085910+00:00,25281.0,25226.0,55.0,0.0,12217.0,4831.0,7172.0,7939.0,17772.0,10853.0,0.0,0.0,2025-08-31,2026-02-28,2025-10-09,2026-02-28,SUCCESS
RDGO2602.dbc,ftp://ftp.datasus.gov.br/dissemin/publicos/SIHSUS/200801_/Dados/RDGO2602.dbc,GO,202602,2775240.0,7c08199a3a97913a530c0287a6374426f2220540ed8dc376808192cc0387226f,2026-08-31T03:19:43.968166+00:00,37041.0,36122.0,919.0,0.0,16561.0,7674.0,8887.0,4318.0,18658.0,11854.0,0.0,0.0,2008-01-01,2026-02-28,2025-09-02,2026-02-28,SUCCESS
RDMA2602.dbc,ftp://ftp.datasus.gov.br/dissemin/publicos/SIHSUS/200801_/Dados/RDMA2602.dbc,MA,202602,2671703.0,05db827d755e18478d08dbaa4d2dec09f1cbbddb584d9821754f241210639fca,2026-08-31T03:21:11.857853+00:00,38628.0,38145.0,483.0,0.0,15345.0,6475.0,8826.0,2251.0,5042.0,3768.0,0.0,0.0,2015-01-16,2026-02-28,2025-10-04,2026-02-28,SUCCESS
RDMG2602.dbc,ftp://ftp.datasus.gov.br/dissemin/publicos/SIHSUS/200801_/Dados/RDMG2602.dbc,MG,202602,10113617.0,a2cf817361efb30f477f1d0a889b44efcf7b77260d2855b624e7ff99ae7aa9e2,2026-08-31T03:24:37.112900+00:00,128454.0,127812.0,642.0,0.0,56761.0,28369.0,28260.0,36148.0,64209.0,44740.0,0.0,0.0,2011-01-27,2026-02-28,2025-09-01,2026-02-28,SUCCESS
RDMS2602.dbc,ftp://ftp.datasus.gov.br/dissemin/publicos/SIHSUS/200801_/Dados/RDMS2602.dbc,MS,202602,1316302.0,3eeb1f161dc4a8ed4329bab7a477bbc3e483e7943c822ea4612eadf962482312,2026-08-31T03:27:05.706914+00:00,16834.0,16691.0,143.0,0.0,7080.0,2423.0,4657.0,5507.0,6828.0,6489.0,0.0,0.0,2024-06-15,2026-02-28,2025-09-03,2026-02-28,SUCCESS
RDMT2602.dbc,ftp://ftp.datasus.gov.br/dissemin/publicos/SIHSUS/200801_/Dados/RDMT2602.dbc,MT,202602,1562590.0,0df9ac267dc8d1c10559467a1b20002eb09f0ab8b9c922c3cf7aa913d8589594,2026-08-31T03:28:16.975653+00:00,20678.0,20513.0,165.0,0.0,9329.0,3257.0,6071.0,5879.0,11527.0,8245.0,0.0,0.0,2024-05-31,2026-02-28,2025-09-05,2026-02-28,SUCCESS
RDPA2602.dbc,ftp://ftp.datasus.gov.br/dissemin/publicos/SIHSUS/200801_/Dados/RDPA2602.dbc,PA,202602,3210273.0,1aac4a7fe4f85d93d2b26407b9e7901862f032497e8f98b3f786c5d70da43e95,2026-08-31T03:29:55.436243+00:00,45674.0,45674.0,0.0,0.0,18937.0,7075.0,11840.0,9025.0,20004.0,13873.0,0.0,0.0,2025-09-02,2026-02-28,2025-09-07,2026-02-28,SUCCESS
RDPB2602.dbc,ftp://ftp.datasus.gov.br/dissemin/publicos/SIHSUS/200801_/Dados/RDPB2602.dbc,PB,202602,1535157.0,77c265465e58d2e2ad942d637910eec1f17eb0b515f37d4091860976f54a9ee3,2026-08-31T03:30:33.953335+00:00,19591.0,19393.0,198.0,0.0,9639.0,4790.0,4846.0,8663.0,15595.0,8291.0,0.0,0.0,2024-12-17,2026-02-28,2025-09-02,2026-02-28,SUCCESS
RDPE2602.dbc,ftp://ftp.datasus.gov.br/dissemin/publicos/SIHSUS/200801_/Dados/RDPE2602.dbc,PE,202602,3798825.0,e66b70b427c2679ecccaf2293cb384422bc85b408b70d6fe0d6e7d0a47ee74ec,2026-08-31T03:31:35.251272+00:00,51391.0,51040.0,351.0,0.0,22420.0,11334.0,10944.0,21309.0,46853.0,29198.0,0.0,0.0,2013-06-28,2026-02-28,2025-09-03,2026-02-28,SUCCESS
RDPI2602.dbc,ftp://ftp.datasus.gov.br/dissemin/publicos/SIHSUS/200801_/Dados/RDPI2602.dbc,PI,202602,1399035.0,f7cb54216a9774fbbdfd66f90a4eacd3fd70b0d1b3eb2d70d2c8fca574df628a,2026-08-31T03:32:09.620124+00:00,18035.0,17915.0,120.0,0.0,7834.0,3004.0,4830.0,12909.0,15665.0,8874.0,0.0,0.0,2025-09-19,2026-02-28,2025-09-23,2026-02-28,SUCCESS
RDPR2602.dbc,ftp://ftp.datasus.gov.br/dissemin/publicos/SIHSUS/200801_/Dados/RDPR2602.dbc,PR,202602,6916214.0,bb88c092a11c8ae28ebc7c205ed4e22684719c8a0a62fc13a2b4cf2d0fdc0510,2026-08-31T03:33:10.487900+00:00,89925.0,88528.0,1397.0,0.0,41726.0,22966.0,18436.0,4589.0,7994.0,6512.0,0.0,0.0,2015-04-18,2026-02-28,2025-09-01,2026-02-28,SUCCESS
RDRJ2602.dbc,ftp://ftp.datasus.gov.br/dissemin/publicos/SIHSUS/200801_/Dados/RDRJ2602.dbc,RJ,202602,5654516.0,375627523fe42ebe7926098063e5e836c88a5dbc6acc2640b9d68d2be3583d64,2026-08-31T03:34:50.039770+00:00,72584.0,72023.0,561.0,0.0,32543.0,17544.0,14878.0,28790.0,54774.0,50126.0,0.0,0.0,2012-03-16,2026-02-28,2025-09-01,2026-02-28,SUCCESS
RDRN2602.dbc,ftp://ftp.datasus.gov.br/dissemin/publicos/SIHSUS/200801_/Dados/RDRN2602.dbc,RN,202602,1269505.0,51608e83109e163262d8cab4d65c39d1be43344e983fbe50fc4df76ef62b8348,2026-08-31T03:36:40.784445+00:00,16670.0,16589.0,81.0,0.0,8455.0,4181.0,3829.0,8310.0,14192.0,7944.0,0.0,0.0,2017-02-14,2026-02-28,2025-09-05,2026-02-28,SUCCESS
RDRO2602.dbc,ftp://ftp.datasus.gov.br/dissemin/publicos/SIHSUS/200801_/Dados/RDRO2602.dbc,RO,202602,809698.0,04cd46ab81007e4b95505fc60ac763fa2ab7b1db83cbd233dd9e67309ce5c835,2026-08-31T03:37:25.407527+00:00,11313.0,11313.0,0.0,0.0,3939.0,1605.0,2318.0,6585.0,9630.0,8115.0,0.0,0.0,2025-08-12,2026-02-28,2025-11-01,2026-02-28,SUCCESS
RDRR2602.dbc,ftp://ftp.datasus.gov.br/dissemin/publicos/SIHSUS/200801_/Dados/RDRR2602.dbc,RR,202602,225587.0,fe9c0f4d7842f3e283cad680af01acfc3eae2982d6cc22ba5e98ffa8507d2542,2026-08-31T03:37:45.154647+00:00,2961.0,2961.0,0.0,0.0,877.0,210.0,667.0,255.0,255.0,220.0,0.0,0.0,2025-08-14,2026-02-27,2025-11-01,2026-02-28,SUCCESS
RDRS2602.dbc,ftp://ftp.datasus.gov.br/dissemin/publicos/SIHSUS/200801_/Dados/RDRS2602.dbc,RS,202602,5312810.0,fc78ec9fa863c452a82c0429d49b241e9ca287a977a3819149e3941176eb5789,2026-08-31T03:39:58.489245+00:00,68243.0,67798.0,445.0,0.0,31348.0,16574.0,14708.0,8936.0,11432.0,10813.0,0.0,0.0,2021-04-23,2026-02-28,2025-09-01,2026-02-28,SUCCESS
RDSC2602.dbc,ftp://ftp.datasus.gov.br/dissemin/publicos/SIHSUS/200801_/Dados/RDSC2602.dbc,SC,202602,4309936.0,a692aacdc6ce218839a2a7bbb36e5db052c0843917326d858b46bdab42ff0e9d,2026-08-31T03:42:11.823868+00:00,53982.0,53796.0,186.0,0.0,27875.0,15008.0,12807.0,30678.0,38971.0,26951.0,0.0,0.0,2015-06-04,2026-02-28,2025-09-01,2026-02-28,SUCCESS
RDSE2602.dbc,ftp://ftp.datasus.gov.br/dissemin/publicos/SIHSUS/200801_/Dados/RDSE2602.dbc,SE,202602,811071.0,a5d4ce30b7643402681d0f0451bc2536c4d6380cae57a94a3a5fd341c6c83b86,2026-08-31T03:43:09.413172+00:00,10722.0,10654.0,68.0,0.0,5107.0,2412.0,2695.0,764.0,2006.0,1044.0,0.0,0.0,2023-07-27,2026-02-28,2025-10-15,2026-02-28,SUCCESS
RDSP2602.dbc,ftp://ftp.datasus.gov.br/dissemin/publicos/SIHSUS/200801_/Dados/RDSP2602.dbc,SP,202602,18294606.0,329f18e0dcbbf941900f986c27f286e1372b83a3764f565cd7c6960e5a22cce7,2026-08-31T03:49:50.812253+00:00,230759.0,226442.0,4317.0,0.0,106786.0,60114.0,45119.0,21565.0,34810.0,36163.0,0.0,0.0,2008-01-01,2026-02-28,2025-09-02,2026-02-28,SUCCESS
RDTO2602.dbc,ftp://ftp.datasus.gov.br/dissemin/publicos/SIHSUS/200801_/Dados/RDTO2602.dbc,TO,202602,711558.0,ee5fdff02874344f3b6bcc3a8b9fc0ea5def565ea8623e22940e97c719be2776,2026-08-31T03:51:56.830163+00:00,9024.0,9024.0,0.0,0.0,4073.0,1373.0,2700.0,2313.0,3818.0,2415.0,0.0,0.0,2025-09-29,2026-02-28,2025-11-01,2026-02-28,SUCCESS
RDAC2603.dbc,ftp://ftp.datasus.gov.br/dissemin/publicos/SIHSUS/200801_/Dados/RDAC2603.dbc,AC,202603,368605.0,d55ad35bef70cea58f081106a4955d8f128df66b913575715f9ad592e0e2e8ad,2026-08-31T03:10:14.742934+00:00,5088.0,5088.0,0.0,0.0,2273.0,1562.0,711.0,0.0,0.0,37.0,0.0,0.0,2025-09-26,2026-03-31,2025-10-25,2026-03-31,SUCCESS
RDAL2603.dbc,ftp://ftp.datasus.gov.br/dissemin/publicos/SIHSUS/200801_/Dados/RDAL2603.dbc,AL,202603,1170959.0,3052f80fb2d2da821a77ce1e05c46c015c4bcc77ddf71cd8a525a7966cf846f7,2026-08-31T03:10:52.976229+00:00,15524.0,15221.0,303.0,0.0,7601.0,3525.0,3904.0,5878.0,13168.0,7750.0,0.0,0.0,2008-01-01,2026-03-31,2025-10-01,2026-03-31,SUCCESS
RDAM2603.dbc,ftp://ftp.datasus.gov.br/dissemin/publicos/SIHSUS/200801_/Dados/RDAM2603.dbc,AM,202603,1665957.0,7ba096c88427b0f7835f8356162db37b78d4cf4652ad2b65e8d151403fb0f82a,2026-08-31T03:11:49.067946+00:00,23276.0,23276.0,0.0,0.0,9215.0,3948.0,5267.0,5768.0,17215.0,15722.0,0.0,0.0,2025-10-20,2026-03-31,2025-11-04,2026-03-31,SUCCESS
RDAP2603.dbc,ftp://ftp.datasus.gov.br/dissemin/publicos/SIHSUS/200801_/Dados/RDAP2603.dbc,AP,202603,368203.0,7912f0ad0462f64d1a273a85df6a56a1554a96825e3dfd3123706c1b97ceddc0,2026-08-31T03:12:17.141393+00:00,5420.0,5420.0,0.0,0.0,2452.0,1303.0,1149.0,1224.0,4537.0,3784.0,0.0,0.0,2025-10-07,2026-03-31,2025-12-01,2026-03-31,SUCCESS
RDBA2603.dbc,ftp://ftp.datasus.gov.br/dissemin/publicos/SIHSUS/200801_/Dados/RDBA2603.dbc,BA,202603,6162410.0,f6c2f8b358fcd7dc9f275c18904bf228ccb8ee991d491d14d72d4bc5548e42a6,2026-08-31T03:14:42.672167+00:00,84231.0,83863.0,368.0,0.0,38922.0,19444.0,19262.0,25227.0,54235.0,38827.0,0.0,0.0,2008-01-01,2026-03-31,2025-10-01,2026-03-31,SUCCESS
RDCE2603.dbc,ftp://ftp.datasus.gov.br/dissemin/publicos/SIHSUS/200801_/Dados/RDCE2603.dbc,CE,202603,3951501.0,6c0dfe9d9e4347c865fadc7fbcb46c0223776c8269fca25db49e2b7b72bf6f1f,2026-08-31T03:16:55.157321+00:00,52994.0,52608.0,386.0,0.0,23398.0,11135.0,11862.0,27199.0,42413.0,32451.0,0.0,0.0,2023-06-01,2026-03-31,2025-10-01,2026-03-31,SUCCESS
RDDF2603.dbc,ftp://ftp.datasus.gov.br/dissemin/publicos/SIHSUS/200801_/Dados/RDDF2603.dbc,DF,202603,1671575.0,bf0b1cab2aba32dff95871e93fd71e2ab94a655c4cbc6b29fb68c77ae09fffb9,2026-08-31T03:17:29.490237+00:00,20438.0,20350.0,88.0,0.0,7082.0,2737.0,4280.0,4435.0,20438.0,16333.0,0.0,0.0,2024-09-01,2026-03-31,2025-11-12,2026-03-31,SUCCESS
RDES2603.dbc,ftp://ftp.datasus.gov.br/dissemin/publicos/SIHSUS/200801_/Dados/RDES2603.dbc,ES,202603,2042064.0,cb791ca6524ae2cf1ff5afc6dc6142bb55e65e18c1789a544c2fb9fe8c69089b,2026-08-31T03:18:22.165183+00:00,26288.0,26229.0,59.0,0.0,12270.0,5275.0,6859.0,7947.0,18850.0,11395.0,0.0,0.0,2025-10-16,2026-03-31,2025-10-21,2026-03-31,SUCCESS
RDGO2603.dbc,ftp://ftp.datasus.gov.br/dissemin/publicos/SIHSUS/200801_/Dados/RDGO2603.dbc,GO,202603,3006011.0,fffccbf96929f89486050a5a0fb72df51fd421f577fe851cd7fdbcc8bcfdc189,2026-08-31T03:19:43.971716+00:00,39982.0,39077.0,905.0,0.0,17826.0,8191.0,9634.0,4995.0,20071.0,12690.0,0.0,0.0,2008-01-01,2026-03-31,2025-10-03,2026-03-31,SUCCESS
RDMA2603.dbc,ftp://ftp.datasus.gov.br/dissemin/publicos/SIHSUS/200801_/Dados/RDMA2603.dbc,MA,202603,2964633.0,192a4a7a42bb79a29561a41e2b6a46f064e78ea2638645179171ba6d8473c8b0,2026-08-31T03:21:11.912962+00:00,42816.0,42301.0,515.0,0.0,16736.0,7401.0,9292.0,2335.0,5485.0,4299.0,0.0,0.0,2015-01-16,2026-03-31,2025-10-01,2026-03-31,SUCCESS
RDMG2603.dbc,ftp://ftp.datasus.gov.br/dissemin/publicos/SIHSUS/200801_/Dados/RDMG2603.dbc,MG,202603,10944208.0,f40a23b12b7a0759e6db0a86423153554c3fe06bcab72b6222705c17744b53bf,2026-08-31T03:24:37.127851+00:00,139763.0,139174.0,589.0,0.0,63487.0,33503.0,29897.0,38390.0,68226.0,47653.0,0.0,0.0,2011-01-27,2026-03-31,2025-10-01,2026-03-31,SUCCESS
RDMS2603.dbc,ftp://ftp.datasus.gov.br/dissemin/publicos/SIHSUS/200801_/Dados/RDMS2603.dbc,MS,202603,1314431.0,631cac14c17d36f76436c4d1e1113aa4a8e44b7c0792b95179d1599440ebf116,2026-08-31T03:27:05.731430+00:00,17133.0,16986.0,147.0,0.0,7531.0,2792.0,4739.0,5666.0,7104.0,6714.0,0.0,0.0,2024-07-02,2026-03-31,2025-10-01,2026-03-31,SUCCESS
RDMT2603.dbc,ftp://ftp.datasus.gov.br/dissemin/publicos/SIHSUS/200801_/Dados/RDMT2603.dbc,MT,202603,1736110.0,d5f7a00eb9e3245910bf8819e82b74882741037db2e08d9b718663a754a6162c,2026-08-31T03:28:22.559521+00:00,23127.0,22955.0,172.0,0.0,10925.0,4150.0,6775.0,6021.0,12211.0,8701.0,0.0,0.0,2024-05-31,2026-03-31,2025-10-05,2026-03-31,SUCCESS
RDPA2603.dbc,ftp://ftp.datasus.gov.br/dissemin/publicos/SIHSUS/200801_/Dados/RDPA2603.dbc,PA,202603,3535737.0,a883862e54ee64a105001daa63ad68ac5aee48b8d81ac7462191550182727c30,2026-08-31T03:29:55.456225+00:00,50992.0,50992.0,0.0,0.0,21476.0,9444.0,12024.0,9984.0,22432.0,15472.0,0.0,0.0,2025-04-01,2026-03-31,2025-10-07,2026-03-31,SUCCESS
RDPB2603.dbc,ftp://ftp.datasus.gov.br/dissemin/publicos/SIHSUS/200801_/Dados/RDPB2603.dbc,PB,202603,1807617.0,445d094f4aa57b29287950b98939fce12bb574de6c9e60d34d6dd9746bcf048f,2026-08-31T03:30:33.953335+00:00,23195.0,22978.0,217.0,0.0,11582.0,5745.0,5830.0,10381.0,18706.0,9945.0,0.0,0.0,2024-12-17,2026-03-31,2025-10-02,2026-03-31,SUCCESS
RDPE2603.dbc,ftp://ftp.datasus.gov.br/dissemin/publicos/SIHSUS/200801_/Dados/RDPE2603.dbc,PE,202603,4346632.0,3930c02f1e47ca7bba0059204725704054d0fc8a79bdac075d939a5b21d51c59,2026-08-31T03:31:35.402095+00:00,58473.0,58126.0,347.0,0.0,25700.0,13482.0,12120.0,24505.0,53434.0,33388.0,0.0,0.0,2013-06-28,2026-03-31,2025-10-16,2026-03-31,SUCCESS
RDPI2603.dbc,ftp://ftp.datasus.gov.br/dissemin/publicos/SIHSUS/200801_/Dados/RDPI2603.dbc,PI,202603,1404825.0,98c77bf29f2d55c6d3bb281b78a4f516a6e0ee48e06e562fe475a5f92464378e,2026-08-31T03:32:09.652045+00:00,18254.0,18124.0,130.0,0.0,7724.0,3509.0,4215.0,11939.0,15408.0,9269.0,0.0,0.0,2025-04-25,2026-03-31,2025-10-03,2026-03-31,SUCCESS
RDPR2603.dbc,ftp://ftp.datasus.gov.br/dissemin/publicos/SIHSUS/200801_/Dados/RDPR2603.dbc,PR,202603,7272347.0,5bd1d4ceb9ea4973b1f4343e1123175d9d3f6b7fb1af35cea8336d10dfea7654,2026-08-31T03:33:34.618618+00:00,94809.0,93381.0,1428.0,0.0,44743.0,25178.0,19272.0,4351.0,7784.0,6333.0,0.0,0.0,2015-04-18,2026-03-31,2025-10-02,2026-03-31,SUCCESS
RDRJ2603.dbc,ftp://ftp.datasus.gov.br/dissemin/publicos/SIHSUS/200801_/Dados/RDRJ2603.dbc,RJ,202603,6344227.0,9de4aeb99938299462212b0fbec7df9c22ea73dfbbaba43702b7cffe9daf3dac,2026-08-31T03:35:22.518393+00:00,81712.0,81036.0,676.0,0.0,37387.0,20860.0,16378.0,31143.0,61703.0,56736.0,0.0,0.0,2012-03-16,2026-03-31,2025-10-01,2026-03-31,SUCCESS
RDRN2603.dbc,ftp://ftp.datasus.gov.br/dissemin/publicos/SIHSUS/200801_/Dados/RDRN2603.dbc,RN,202603,1417384.0,1ede519070be366361e209c31b9d6853843b495a9a3dcc9bc30dab2a3a16e032,2026-08-31T03:36:41.299445+00:00,18687.0,18608.0,79.0,0.0,9613.0,5044.0,4105.0,9055.0,15827.0,8844.0,0.0,0.0,2017-02-14,2026-03-31,2025-10-31,2026-03-31,SUCCESS
RDRO2603.dbc,ftp://ftp.datasus.gov.br/dissemin/publicos/SIHSUS/200801_/Dados/RDRO2603.dbc,RO,202603,937689.0,34233a7e3c8150144abb1dc1876f4edf3c4ed820b254c82c68b017a16f005194,2026-08-31T03:37:25.411679+00:00,13252.0,13252.0,0.0,0.0,4549.0,2118.0,2414.0,7431.0,11312.0,9596.0,0.0,0.0,2025-08-19,2026-03-31,2025-12-01,2026-03-31,SUCCESS
RDRR2603.dbc,ftp://ftp.datasus.gov.br/dissemin/publicos/SIHSUS/200801_/Dados/RDRR2603.dbc,RR,202603,237392.0,43d9e6dad26df26b0475fa0dcfcf03b8f0bd308d8426d3626ec88ff37b1e70f9,2026-08-31T03:37:45.177845+00:00,3082.0,3082.0,0.0,0.0,867.0,192.0,675.0,276.0,276.0,250.0,0.0,0.0,2025-07-14,2026-03-29,2025-10-01,2026-03-31,SUCCESS
RDRS2603.dbc,ftp://ftp.datasus.gov.br/dissemin/publicos/SIHSUS/200801_/Dados/RDRS2603.dbc,RS,202603,5717819.0,32191b3a1ace1e02350d1424901dab1b6b11f8079b2fe4fe9b88edb9bdc53026,2026-08-31T03:39:59.603446+00:00,73985.0,73469.0,516.0,0.0,34719.0,19048.0,15604.0,9911.0,12500.0,11717.0,0.0,0.0,2021-04-23,2026-03-31,2025-10-02,2026-03-31,SUCCESS
RDSC2603.dbc,ftp://ftp.datasus.gov.br/dissemin/publicos/SIHSUS/200801_/Dados/RDSC2603.dbc,SC,202603,4655471.0,653ccea1ba930eabf112aa4f3258b3911096d12ff03b004e90fbafc1374606c8,2026-08-31T03:42:19.695773+00:00,58770.0,58579.0,191.0,0.0,30621.0,16728.0,13816.0,33349.0,41742.0,29167.0,0.0,0.0,2015-06-04,2026-03-31,2025-10-01,2026-03-31,SUCCESS
RDSE2603.dbc,ftp://ftp.datasus.gov.br/dissemin/publicos/SIHSUS/200801_/Dados/RDSE2603.dbc,SE,202603,897093.0,2fbcee84aed7944799914157bae269a12626d2f6e182d77b3d6dd862e4fdefa3,2026-08-31T03:43:09.428949+00:00,11331.0,11258.0,73.0,0.0,5505.0,2564.0,2941.0,871.0,2074.0,1081.0,0.0,0.0,2023-07-27,2026-03-31,2025-11-28,2026-03-31,SUCCESS
RDSP2603.dbc,ftp://ftp.datasus.gov.br/dissemin/publicos/SIHSUS/200801_/Dados/RDSP2603.dbc,SP,202603,20194444.0,dad8a53d8bc71ab692af109fcae85c25b231f9dfdc8abdd1004c16edd02cfd09,2026-08-31T03:49:51.204773+00:00,255513.0,251067.0,4446.0,0.0,119003.0,68833.0,48438.0,24486.0,40157.0,41134.0,0.0,0.0,2008-01-01,2026-03-31,2025-10-01,2026-03-31,SUCCESS
RDTO2603.dbc,ftp://ftp.datasus.gov.br/dissemin/publicos/SIHSUS/200801_/Dados/RDTO2603.dbc,TO,202603,738880.0,ebd0b56e650fb42359fcb5bfb99a634fa81841a4951d82b52665e17fddfea61f,2026-08-31T03:51:57.059181+00:00,9574.0,9574.0,0.0,0.0,3876.0,1196.0,2680.0,2175.0,4022.0,2652.0,0.0,0.0,2025-10-16,2026-03-31,2025-11-12,2026-03-31,SUCCESS
RDAC2604.dbc,ftp://ftp.datasus.gov.br/dissemin/publicos/SIHSUS/200801_/Dados/RDAC2604.dbc,AC,202604,352089.0,627dfbb801f9e9afa3c4c78ccbfb4d0c238bc5e8962f06d5440a35d55d939bf7,2026-08-31T03:10:14.820246+00:00,4951.0,4951.0,0.0,0.0,2115.0,1297.0,818.0,0.0,0.0,53.0,0.0,0.0,2025-11-13,2026-04-30,2025-11-28,2026-04-30,SUCCESS
RDAL2604.dbc,ftp://ftp.datasus.gov.br/dissemin/publicos/SIHSUS/200801_/Dados/RDAL2604.dbc,AL,202604,1190244.0,a6c0f03782ec11e048cc658bbb05a2fc702fd6c3874cffdbcef26368646b2109,2026-08-31T03:10:53.049720+00:00,15823.0,15485.0,338.0,0.0,7492.0,3103.0,4261.0,6312.0,13754.0,7716.0,0.0,0.0,2008-01-01,2026-04-30,2025-11-01,2026-04-30,SUCCESS
RDAM2604.dbc,ftp://ftp.datasus.gov.br/dissemin/publicos/SIHSUS/200801_/Dados/RDAM2604.dbc,AM,202604,1662985.0,c8de245bf2df9d866f1d56ebffe3156dd874f513e0a815345b3227b0ff57d05e,2026-08-31T03:11:49.105043+00:00,23389.0,23389.0,0.0,0.0,9544.0,4509.0,5035.0,5442.0,17303.0,15687.0,0.0,0.0,2025-10-07,2026-04-30,2025-11-19,2026-04-30,SUCCESS
RDAP2604.dbc,ftp://ftp.datasus.gov.br/dissemin/publicos/SIHSUS/200801_/Dados/RDAP2604.dbc,AP,202604,372517.0,1cacc8ba63576267bd5661bf0690fac3ec5ae93398a7ee82c0eeb65dea23f09a,2026-08-31T03:12:19.780291+00:00,5563.0,5563.0,0.0,0.0,2521.0,1584.0,937.0,1369.0,4642.0,3833.0,0.0,0.0,2025-11-29,2026-04-30,2026-01-01,2026-04-30,SUCCESS
RDBA2604.dbc,ftp://ftp.datasus.gov.br/dissemin/publicos/SIHSUS/200801_/Dados/RDBA2604.dbc,BA,202604,6023686.0,5eb8225a80a42428d20b1875cab350757122cf9513074327aa50a1f9d10b18c2,2026-08-31T03:14:43.341155+00:00,82270.0,81917.0,353.0,0.0,37421.0,18374.0,18854.0,25072.0,52204.0,36756.0,0.0,0.0,2008-01-01,2026-04-30,2025-11-02,2026-04-30,SUCCESS
RDCE2604.dbc,ftp://ftp.datasus.gov.br/dissemin/publicos/SIHSUS/200801_/Dados/RDCE2604.dbc,CE,202604,3702222.0,f35fb268194577cd84f89703bf9dd0636030f4fb8ea7f7901b90632299ca4000,2026-08-31T03:16:55.177926+00:00,49668.0,49256.0,412.0,0.0,21604.0,10025.0,11199.0,24747.0,39097.0,29892.0,0.0,0.0,2023-06-01,2026-04-30,2025-11-01,2026-04-30,SUCCESS
RDDF2604.dbc,ftp://ftp.datasus.gov.br/dissemin/publicos/SIHSUS/200801_/Dados/RDDF2604.dbc,DF,202604,1582207.0,ac8864a757ba95a446cc14a38abe77b289840e8e045b638b2e44b01a1d9d71e8,2026-08-31T03:17:29.620595+00:00,19768.0,19691.0,77.0,0.0,6743.0,2850.0,3861.0,4346.0,19768.0,15493.0,0.0,0.0,2024-09-01,2026-04-30,2025-12-26,2026-04-30,SUCCESS
RDES2604.dbc,ftp://ftp.datasus.gov.br/dissemin/publicos/SIHSUS/200801_/Dados/RDES2604.dbc,ES,202604,1982989.0,d60232ac91e29e63e88da5ce328098b090e82dc83a98955232b4fc9e44b52a44,2026-08-31T03:18:22.165183+00:00,25725.0,25671.0,54.0,0.0,12087.0,4994.0,6901.0,8199.0,18456.0,11478.0,0.0,0.0,2025-10-29,2026-04-30,2025-11-10,2026-04-30,SUCCESS
RDGO2604.dbc,ftp://ftp.datasus.gov.br/dissemin/publicos/SIHSUS/200801_/Dados/RDGO2604.dbc,GO,202604,2935382.0,f0f200349a896d51c9c3a17e74b3f59df998f60fe7ab63346ebab17cd28a364a,2026-08-31T03:19:43.983773+00:00,38972.0,38081.0,891.0,0.0,17284.0,7851.0,9432.0,4551.0,19140.0,12352.0,0.0,0.0,2008-01-01,2026-04-30,2025-11-01,2026-04-30,SUCCESS
RDMA2604.dbc,ftp://ftp.datasus.gov.br/dissemin/publicos/SIHSUS/200801_/Dados/RDMA2604.dbc,MA,202604,2785625.0,ef544763db08a3f4150b301f6af1f3517c8c9c9015a5065b0707ff5921b398a4,2026-08-31T03:21:11.941941+00:00,40325.0,39803.0,522.0,0.0,15996.0,7065.0,8905.0,2579.0,5798.0,4419.0,0.0,0.0,2015-01-16,2026-04-30,2025-12-02,2026-04-30,SUCCESS
RDMG2604.dbc,ftp://ftp.datasus.gov.br/dissemin/publicos/SIHSUS/200801_/Dados/RDMG2604.dbc,MG,202604,10591646.0,9640a7abfb7c38f25cbb09ea15ba97d5d7c4f7d0ab4db156b0e02c75dc32d428,2026-08-31T03:25:28.657088+00:00,134788.0,134190.0,598.0,0.0,59261.0,30277.0,28920.0,37727.0,66947.0,46941.0,0.0,0.0,2011-01-27,2026-04-30,2025-11-01,2026-04-30,SUCCESS
RDMS2604.dbc,ftp://ftp.datasus.gov.br/dissemin/publicos/SIHSUS/200801_/Dados/RDMS2604.dbc,MS,202604,1346345.0,db6b3875cea1aaf4439729a036a14b1af74c042f8a7ddfc751a3e937e783e65f,2026-08-31T03:27:16.143805+00:00,17649.0,17493.0,156.0,0.0,7753.0,2893.0,4860.0,5549.0,7086.0,6690.0,0.0,0.0,2024-06-15,2026-04-30,2025-11-11,2026-04-30,SUCCESS
RDMT2604.dbc,ftp://ftp.datasus.gov.br/dissemin/publicos/SIHSUS/200801_/Dados/RDMT2604.dbc,MT,202604,1703081.0,beffd9aff17c86d835df136dc5c212075c2305211d5d1e28dffa1ae1781f92ff,2026-08-31T03:28:22.582187+00:00,22925.0,22749.0,176.0,0.0,10796.0,3926.0,6870.0,5999.0,12229.0,9145.0,0.0,0.0,2024-05-31,2026-04-30,2025-11-01,2026-04-30,SUCCESS
RDPA2604.dbc,ftp://ftp.datasus.gov.br/dissemin/publicos/SIHSUS/200801_/Dados/RDPA2604.dbc,PA,202604,3454331.0,3a6d873d859d8104670d7c1768bbde2333af6d79f05f7de2ff7bcb517684aa47,2026-08-31T03:29:55.462427+00:00,49732.0,49732.0,0.0,0.0,21209.0,9217.0,11954.0,9165.0,21645.0,15021.0,0.0,0.0,2025-09-27,2026-04-30,2025-11-01,2026-04-30,SUCCESS
RDPB2604.dbc,ftp://ftp.datasus.gov.br/dissemin/publicos/SIHSUS/200801_/Dados/RDPB2604.dbc,PB,202604,1721245.0,5a7e5a319357b01a05849a3db11ac8647b1226c5e4ae2fe524a21b06205f1bee,2026-08-31T03:30:38.579879+00:00,22135.0,21924.0,211.0,0.0,10636.0,5590.0,5043.0,9454.0,17658.0,9352.0,0.0,0.0,2024-12-17,2026-04-30,2025-11-13,2026-04-30,SUCCESS
RDPE2604.dbc,ftp://ftp.datasus.gov.br/dissemin/publicos/SIHSUS/200801_/Dados/RDPE2604.dbc,PE,202604,4231690.0,58aa67f281878ef6e7c18eeeb1cff5cee7a2fc890c40c5bab523f68bffdd6255,2026-08-31T03:31:35.483750+00:00,57182.0,56845.0,337.0,0.0,24193.0,12693.0,11398.0,23767.0,51597.0,32621.0,0.0,0.0,2013-06-28,2026-04-30,2025-11-13,2026-04-30,SUCCESS
RDPI2604.dbc,ftp://ftp.datasus.gov.br/dissemin/publicos/SIHSUS/200801_/Dados/RDPI2604.dbc,PI,202604,1357414.0,224a9d5d3c9acfb12200e5ab887917502aa1289f8159809ce38f9b2dfc96f5d4,2026-08-31T03:32:09.667971+00:00,17669.0,17554.0,115.0,0.0,6990.0,2979.0,4011.0,11525.0,14617.0,8775.0,0.0,0.0,2025-09-27,2026-04-30,2025-12-04,2026-04-30,SUCCESS
RDPR2604.dbc,ftp://ftp.datasus.gov.br/dissemin/publicos/SIHSUS/200801_/Dados/RDPR2604.dbc,PR,202604,6476630.0,d82f74d5e280580ee58e9b4c5adcec326930998ea877178ef713194498ba8c6d,2026-08-31T03:33:35.064679+00:00,85481.0,84116.0,1365.0,0.0,39810.0,22455.0,17008.0,4310.0,8118.0,6247.0,0.0,0.0,2015-04-18,2026-04-30,2025-11-01,2026-04-30,SUCCESS
RDRJ2604.dbc,ftp://ftp.datasus.gov.br/dissemin/publicos/SIHSUS/200801_/Dados/RDRJ2604.dbc,RJ,202604,6162189.0,c606e6bdfa8400fcc25eeb773f8872ecc49489b6a6a8f7c570969c582cbdf3fa,2026-08-31T03:35:22.681289+00:00,78280.0,77645.0,635.0,0.0,35259.0,19393.0,15734.0,30529.0,58842.0,54380.0,0.0,0.0,2012-03-16,2026-04-30,2025-11-01,2026-04-30,SUCCESS
RDRN2604.dbc,ftp://ftp.datasus.gov.br/dissemin/publicos/SIHSUS/200801_/Dados/RDRN2604.dbc,RN,202604,1386688.0,775a3a98cbb9de18025e4eef71fae965a395a176a485f5dd148134ad1ca645aa,2026-08-31T03:36:50.117389+00:00,18287.0,18211.0,76.0,0.0,9699.0,5222.0,3912.0,8382.0,15459.0,8639.0,0.0,0.0,2017-02-14,2026-04-30,2025-11-10,2026-04-30,SUCCESS
RDRO2604.dbc,ftp://ftp.datasus.gov.br/dissemin/publicos/SIHSUS/200801_/Dados/RDRO2604.dbc,RO,202604,851471.0,5ffb13169e79ec340807e01e5f77003ebb6d82bfe2548c286f5ce1c0b7dd8a6b,2026-08-31T03:37:30.439286+00:00,12323.0,12323.0,0.0,0.0,4038.0,1851.0,2169.0,7313.0,10395.0,8971.0,0.0,0.0,2025-08-14,2026-04-30,2026-01-01,2026-04-30,SUCCESS
RDRR2604.dbc,ftp://ftp.datasus.gov.br/dissemin/publicos/SIHSUS/200801_/Dados/RDRR2604.dbc,RR,202604,223565.0,ca2c9b11f0db0936d7ff79247e716f9fca7fee1218c373037d94863ab404e898,2026-08-31T03:37:45.229474+00:00,3013.0,3013.0,0.0,0.0,1093.0,275.0,818.0,181.0,181.0,166.0,0.0,0.0,2025-07-14,2026-04-30,2026-01-01,2026-04-30,SUCCESS
RDRS2604.dbc,ftp://ftp.datasus.gov.br/dissemin/publicos/SIHSUS/200801_/Dados/RDRS2604.dbc,RS,202604,5848244.0,0c2bcc413070d6ef07173941be997060a157d46b8f75fea6c03309f3de47586b,2026-08-31T03:39:59.785885+00:00,75138.0,74654.0,484.0,0.0,35811.0,19714.0,16001.0,9695.0,12165.0,11512.0,0.0,0.0,2021-04-23,2026-04-30,2025-11-02,2026-04-30,SUCCESS
RDSC2604.dbc,ftp://ftp.datasus.gov.br/dissemin/publicos/SIHSUS/200801_/Dados/RDSC2604.dbc,SC,202604,4605314.0,eda11fbcfff2ccc88268350a27ad91f8e48e7d442b0589fcc153cd91cc0c8040,2026-08-31T03:42:19.968415+00:00,58568.0,58378.0,190.0,0.0,30372.0,17362.0,12964.0,32350.0,41893.0,29708.0,0.0,0.0,2015-06-04,2026-04-30,2025-11-05,2026-04-30,SUCCESS
RDSE2604.dbc,ftp://ftp.datasus.gov.br/dissemin/publicos/SIHSUS/200801_/Dados/RDSE2604.dbc,SE,202604,858424.0,af4182c8455de9edfad7c6a964c67087de06c8c04456b9433fc3d88bd6dbfb2c,2026-08-31T03:43:09.658315+00:00,10944.0,10880.0,64.0,0.0,5491.0,2758.0,2733.0,958.0,2027.0,1081.0,0.0,0.0,2023-07-27,2026-04-30,2026-01-01,2026-04-30,SUCCESS
RDSP2604.dbc,ftp://ftp.datasus.gov.br/dissemin/publicos/SIHSUS/200801_/Dados/RDSP2604.dbc,SP,202604,19744840.0,c157f0c37397235353888f3a32b7591f95c927fc4c14ebe989e6d42363288126,2026-08-31T03:49:51.943151+00:00,250419.0,246296.0,4123.0,0.0,115180.0,66568.0,47009.0,23242.0,38024.0,39519.0,0.0,0.0,2008-01-01,2026-04-30,2025-11-01,2026-04-30,SUCCESS
RDTO2604.dbc,ftp://ftp.datasus.gov.br/dissemin/publicos/SIHSUS/200801_/Dados/RDTO2604.dbc,TO,202604,706157.0,e3dc0fa9d53528295e2bbe844177bdcdb95fafeb5c5f65448063f6e50c401496,2026-08-31T03:51:57.314944+00:00,9168.0,9168.0,0.0,0.0,3723.0,924.0,2799.0,1938.0,3827.0,2436.0,0.0,0.0,2025-11-22,2026-04-30,2025-12-08,2026-04-30,SUCCESS
RDAC2605.dbc,ftp://ftp.datasus.gov.br/dissemin/publicos/SIHSUS/200801_/Dados/RDAC2605.dbc,AC,202605,385346.0,3335abeddee219ec420bc29e359fe5fbabe3593a1700b43a630ed4dbc6d3d4a1,2026-08-31T03:10:14.845532+00:00,5328.0,5328.0,0.0,0.0,2329.0,1364.0,965.0,0.0,0.0,53.0,0.0,0.0,2025-10-13,2026-05-31,2025-12-06,2026-05-31,SUCCESS
RDAL2605.dbc,ftp://ftp.datasus.gov.br/dissemin/publicos/SIHSUS/200801_/Dados/RDAL2605.dbc,AL,202605,1200018.0,5831d5f93d288b7373ac2e382e6674bcaf304e7df02b6b4d8fe048bc3c7c9648,2026-08-31T03:10:53.074764+00:00,16204.0,15848.0,356.0,0.0,8154.0,4115.0,3909.0,6538.0,14092.0,8004.0,0.0,0.0,2008-01-01,2026-05-31,2025-12-11,2026-05-31,SUCCESS
RDAM2605.dbc,ftp://ftp.datasus.gov.br/dissemin/publicos/SIHSUS/200801_/Dados/RDAM2605.dbc,AM,202605,1644407.0,7cbdc70cb16ef81b73705abe33fc6eb9994d5be469ad22e689891ea14f26f3f3,2026-08-31T03:11:56.969834+00:00,22716.0,22716.0,0.0,0.0,8922.0,4202.0,4720.0,5378.0,17776.0,16138.0,0.0,0.0,2025-10-23,2026-05-31,2025-12-01,2026-05-31,SUCCESS
RDAP2605.dbc,ftp://ftp.datasus.gov.br/dissemin/publicos/SIHSUS/200801_/Dados/RDAP2605.dbc,AP,202605,398500.0,41a382dd31d2673165175bbe31bcc7e5e2c70cf2047fb9a815d29dd212cfd3f3,2026-08-31T03:12:20.470881+00:00,5849.0,5849.0,0.0,0.0,2619.0,1705.0,914.0,1259.0,4795.0,3967.0,0.0,0.0,2025-12-30,2026-05-31,2026-02-01,2026-05-31,SUCCESS
RDBA2605.dbc,ftp://ftp.datasus.gov.br/dissemin/publicos/SIHSUS/200801_/Dados/RDBA2605.dbc,BA,202605,5927482.0,7ee238416c89605c7cdedf16fe081d923fe090c738f7afd8111ddbbabb00b699,2026-08-31T03:14:43.373189+00:00,81258.0,80920.0,338.0,0.0,37765.0,19307.0,18228.0,23929.0,51854.0,36578.0,0.0,0.0,2008-01-01,2026-05-31,2025-12-01,2026-05-31,SUCCESS
RDCE2605.dbc,ftp://ftp.datasus.gov.br/dissemin/publicos/SIHSUS/200801_/Dados/RDCE2605.dbc,CE,202605,4025937.0,ff0e1f02a08a3fc3f7a726585ac07c8bf9ca9723fedfd494fca441b311d8fffe,2026-08-31T03:17:04.824103+00:00,53663.0,53277.0,386.0,0.0,23663.0,10999.0,12304.0,27107.0,42930.0,32864.0,0.0,0.0,2023-06-01,2026-05-31,2025-12-01,2026-05-31,SUCCESS
RDDF2605.dbc,ftp://ftp.datasus.gov.br/dissemin/publicos/SIHSUS/200801_/Dados/RDDF2605.dbc,DF,202605,1715641.0,8171630f8ab57d4547d3122d76be2564230d468fab0fcde8f97d6b72e8a8727f,2026-08-31T03:17:29.652124+00:00,21522.0,21463.0,59.0,0.0,7436.0,3046.0,4374.0,4545.0,21522.0,17072.0,0.0,0.0,2024-09-01,2026-05-31,2026-02-01,2026-05-31,SUCCESS
RDES2605.dbc,ftp://ftp.datasus.gov.br/dissemin/publicos/SIHSUS/200801_/Dados/RDES2605.dbc,ES,202605,2038457.0,1d2aa3d3dda41a85658d29a64a488301780502eb701469284f7698c77cae65dc,2026-08-31T03:18:32.118054+00:00,26370.0,26308.0,62.0,0.0,12425.0,5245.0,7027.0,8037.0,18466.0,11297.0,0.0,0.0,2025-12-15,2026-05-31,2026-01-13,2026-05-31,SUCCESS
RDGO2605.dbc,ftp://ftp.datasus.gov.br/dissemin/publicos/SIHSUS/200801_/Dados/RDGO2605.dbc,GO,202605,3000218.0,ec8efd656d0d474fb77221770dd53683a0e29455472d0a6350275635c99bf91d,2026-08-31T03:19:58.088164+00:00,39504.0,38635.0,869.0,0.0,18590.0,8374.0,10216.0,4484.0,20207.0,12488.0,0.0,0.0,2008-01-01,2026-05-31,2025-12-01,2026-05-31,SUCCESS
RDMA2605.dbc,ftp://ftp.datasus.gov.br/dissemin/publicos/SIHSUS/200801_/Dados/RDMA2605.dbc,MA,202605,2698231.0,e6e241e6c575a8b238e254273590ac11d81e6fa6c11ecd65781393d228a80282,2026-08-31T03:21:25.226570+00:00,38540.0,38009.0,531.0,0.0,15928.0,7021.0,8863.0,2531.0,5774.0,4329.0,0.0,0.0,2015-01-16,2026-05-31,2026-01-01,2026-05-31,SUCCESS
RDMG2605.dbc,ftp://ftp.datasus.gov.br/dissemin/publicos/SIHSUS/200801_/Dados/RDMG2605.dbc,MG,202605,10500940.0,1c9a15a47bf2a7178190ef102fc89d37e8cdd85dfed525e30ab06405443c4381,2026-08-31T03:25:29.192674+00:00,133105.0,132619.0,486.0,0.0,61572.0,33412.0,28014.0,37080.0,66220.0,46344.0,0.0,0.0,2011-01-27,2026-05-31,2025-12-01,2026-05-31,SUCCESS
RDMS2605.dbc,ftp://ftp.datasus.gov.br/dissemin/publicos/SIHSUS/200801_/Dados/RDMS2605.dbc,MS,202605,1338002.0,b370293426e0c91b66d6d5d663a0692e83c82dd3fa98aecc85b78ad3aec564fd,2026-08-31T03:27:16.288452+00:00,17469.0,17312.0,157.0,0.0,8003.0,3206.0,4797.0,5559.0,6593.0,6380.0,0.0,0.0,2024-07-02,2026-05-31,2025-12-08,2026-05-31,SUCCESS
RDMT2605.dbc,ftp://ftp.datasus.gov.br/dissemin/publicos/SIHSUS/200801_/Dados/RDMT2605.dbc,MT,202605,1736324.0,f5738ffe069475fdcfac251594efca261b8d7cdc0de24b0ae3098f2b7ac0d0ce,2026-08-31T03:28:27.238151+00:00,22909.0,22743.0,166.0,0.0,10804.0,4068.0,6734.0,6771.0,13123.0,9347.0,0.0,0.0,2024-05-31,2026-05-31,2026-01-03,2026-05-31,SUCCESS
RDPA2605.dbc,ftp://ftp.datasus.gov.br/dissemin/publicos/SIHSUS/200801_/Dados/RDPA2605.dbc,PA,202605,3263645.0,fb672399604313ce00caaa9525a705774d59e7fa81a0934d8039b87a98b1bf97,2026-08-31T03:30:07.501844+00:00,47075.0,47075.0,0.0,0.0,20159.0,8984.0,11079.0,9414.0,22016.0,15361.0,0.0,0.0,2025-10-03,2026-05-31,2025-12-01,2026-05-31,SUCCESS
RDPB2605.dbc,ftp://ftp.datasus.gov.br/dissemin/publicos/SIHSUS/200801_/Dados/RDPB2605.dbc,PB,202605,1627349.0,2a12445c01c7918109f992cd6d11f69329cae5e1fbf697a740ea78664e6717b3,2026-08-31T03:30:38.694255+00:00,21143.0,20927.0,216.0,0.0,10124.0,5580.0,4544.0,9118.0,16617.0,8867.0,0.0,0.0,2024-12-17,2026-05-31,2025-12-07,2026-05-31,SUCCESS
RDPE2605.dbc,ftp://ftp.datasus.gov.br/dissemin/publicos/SIHSUS/200801_/Dados/RDPE2605.dbc,PE,202605,4372256.0,52fc49c7e70fec024665e2c9bde506efbeda8fd2db3aafca2a5552c46dd56674,2026-08-31T03:31:35.637251+00:00,58571.0,58242.0,329.0,0.0,25076.0,13052.0,11937.0,24274.0,53432.0,33865.0,0.0,0.0,2013-06-28,2026-05-31,2025-12-02,2026-05-31,SUCCESS
RDPI2605.dbc,ftp://ftp.datasus.gov.br/dissemin/publicos/SIHSUS/200801_/Dados/RDPI2605.dbc,PI,202605,1454658.0,bdcf0fd96599a0a71d54797ef24ba2e470c32dd2a920bdb45095d2de3feee343,2026-08-31T03:32:10.562497+00:00,18876.0,18752.0,124.0,0.0,8178.0,3691.0,4487.0,12385.0,16036.0,9587.0,0.0,0.0,2025-09-27,2026-05-31,2025-12-09,2026-05-31,SUCCESS
RDPR2605.dbc,ftp://ftp.datasus.gov.br/dissemin/publicos/SIHSUS/200801_/Dados/RDPR2605.dbc,PR,202605,7553432.0,e801c43d71e428746654393be6abecfed1b452d2a8561695229458fd08164997,2026-08-31T03:33:35.064679+00:00,99566.0,98140.0,1426.0,0.0,46485.0,27060.0,19138.0,4349.0,8185.0,6777.0,0.0,0.0,2015-04-18,2026-05-31,2025-12-01,2026-05-31,SUCCESS
RDRJ2605.dbc,ftp://ftp.datasus.gov.br/dissemin/publicos/SIHSUS/200801_/Dados/RDRJ2605.dbc,RJ,202605,6285241.0,f53583e4a80d147deb23b931e7d6a57ffdde072b435ad88dda46f561083b3124,2026-08-31T03:35:23.484364+00:00,80062.0,79434.0,628.0,0.0,37072.0,21111.0,15808.0,30343.0,61385.0,56412.0,0.0,0.0,2012-03-16,2026-05-31,2025-12-01,2026-05-31,SUCCESS
RDRN2605.dbc,ftp://ftp.datasus.gov.br/dissemin/publicos/SIHSUS/200801_/Dados/RDRN2605.dbc,RN,202605,1405788.0,d02a0dcc80922b21f819d8b24c17ae983c0b8c38d0d83cc6ad429f27cc79501a,2026-08-31T03:36:50.176562+00:00,18510.0,18415.0,95.0,0.0,9755.0,5413.0,3979.0,8487.0,15604.0,8645.0,0.0,0.0,2017-02-14,2026-05-31,2025-12-04,2026-05-31,SUCCESS
RDRO2605.dbc,ftp://ftp.datasus.gov.br/dissemin/publicos/SIHSUS/200801_/Dados/RDRO2605.dbc,RO,202605,758876.0,037612bbc2e5304c396071d5837f03b66474c77416040b70d57c52d834e4c1db,2026-08-31T03:37:30.441519+00:00,10613.0,10613.0,0.0,0.0,3758.0,1620.0,2118.0,5608.0,8908.0,7519.0,0.0,0.0,2025-11-04,2026-05-31,2026-02-01,2026-05-31,SUCCESS
RDRR2605.dbc,ftp://ftp.datasus.gov.br/dissemin/publicos/SIHSUS/200801_/Dados/RDRR2605.dbc,RR,202605,31717.0,c9897839636164fd26be138a2fc1161205354cea1eca18171c70bf45afed01d4,2026-08-31T03:37:46.920919+00:00,352.0,352.0,0.0,0.0,63.0,35.0,28.0,0.0,0.0,0.0,0.0,0.0,2025-12-15,2026-05-24,2026-02-01,2026-05-26,SUCCESS
RDRS2605.dbc,ftp://ftp.datasus.gov.br/dissemin/publicos/SIHSUS/200801_/Dados/RDRS2605.dbc,RS,202605,5811625.0,b7ae7135fbb82a492955d0cff8cd5aa83391e6248f2a7974907ad1c2cfb172b5,2026-08-31T03:39:59.836280+00:00,74689.0,74216.0,473.0,0.0,34728.0,19630.0,15019.0,9665.0,12234.0,11754.0,0.0,0.0,2021-04-23,2026-05-31,2025-12-10,2026-05-31,SUCCESS
RDSC2605.dbc,ftp://ftp.datasus.gov.br/dissemin/publicos/SIHSUS/200801_/Dados/RDSC2605.dbc,SC,202605,4598026.0,2a924324bcccb05e38613a9893b45a46881204a543749ec587f5a204f834f65d,2026-08-31T03:42:20.825955+00:00,58868.0,58680.0,188.0,0.0,30651.0,17070.0,13546.0,33558.0,42141.0,29678.0,0.0,0.0,2015-06-04,2026-05-31,2025-12-01,2026-05-31,SUCCESS
RDSE2605.dbc,ftp://ftp.datasus.gov.br/dissemin/publicos/SIHSUS/200801_/Dados/RDSE2605.dbc,SE,202605,800288.0,1fc9375d0832d40f024607bc1eecc99cd0cfd9689cac253da7f57f8568929c8b,2026-08-31T03:43:09.658315+00:00,10476.0,10398.0,78.0,0.0,5190.0,2618.0,2572.0,827.0,1925.0,1018.0,0.0,0.0,2023-07-27,2026-05-30,2026-01-16,2026-05-31,SUCCESS
RDSP2605.dbc,ftp://ftp.datasus.gov.br/dissemin/publicos/SIHSUS/200801_/Dados/RDSP2605.dbc,SP,202605,20270487.0,27a71015f3d79f5845c764ed12bc7bdbadc0154c8a439e87a28493257361da3a,2026-08-31T03:49:52.845105+00:00,257295.0,252977.0,4318.0,0.0,119537.0,70334.0,47528.0,24777.0,40250.0,41263.0,0.0,0.0,2008-01-01,2026-05-31,2025-12-02,2026-05-31,SUCCESS
RDTO2605.dbc,ftp://ftp.datasus.gov.br/dissemin/publicos/SIHSUS/200801_/Dados/RDTO2605.dbc,TO,202605,782093.0,9e17cab5452bc94f13346d3608b71463b36427e89f70940a7acbc728635d4c49,2026-08-31T03:51:59.069139+00:00,10204.0,10204.0,0.0,0.0,4377.0,1347.0,3030.0,2220.0,4161.0,2630.0,0.0,0.0,2025-12-31,2026-05-31,2026-01-12,2026-05-31,SUCCESS
RDAC2606.dbc,ftp://ftp.datasus.gov.br/dissemin/publicos/SIHSUS/200801_/Dados/RDAC2606.dbc,AC,202606,,,2026-08-31T03:10:17.169107+00:00,,,,,,,,,,,,,,,,,ERROR: Falha ao baixar RDAC2606.dbc após 3 tentativas: 550 The system cannot find the file specified.
RDAL2606.dbc,ftp://ftp.datasus.gov.br/dissemin/publicos/SIHSUS/200801_/Dados/RDAL2606.dbc,AL,202606,1146076.0,7a84405b1eb77231d39721ed15d9a36075bc207f50d6a2072e726c3e2bfcb1d2,2026-08-31T03:10:59.948440+00:00,15495.0,15165.0,330.0,0.0,7502.0,3251.0,4099.0,6437.0,13374.0,7655.0,0.0,0.0,2008-01-01,2026-06-30,2026-01-01,2026-06-30,SUCCESS
RDAM2606.dbc,ftp://ftp.datasus.gov.br/dissemin/publicos/SIHSUS/200801_/Dados/RDAM2606.dbc,AM,202606,1438275.0,46a9cde4b787a8b028775d42a4c76f6d1cf3c58e38730ad3021e7580b8546f3b,2026-08-31T03:11:57.980547+00:00,19563.0,19563.0,0.0,0.0,7959.0,3602.0,4357.0,4036.0,15775.0,14282.0,0.0,0.0,2025-11-24,2026-06-30,2026-01-08,2026-06-30,SUCCESS
RDAP2606.dbc,ftp://ftp.datasus.gov.br/dissemin/publicos/SIHSUS/200801_/Dados/RDAP2606.dbc,AP,202606,389691.0,dc41ed23e0fdf8b0f867f83d1e9ee8a581f81e52ef5966f5673659331a4627c1,2026-08-31T03:12:20.494332+00:00,5777.0,5777.0,0.0,0.0,2596.0,1571.0,1025.0,1232.0,4585.0,3865.0,0.0,0.0,2026-01-01,2026-06-30,2026-03-01,2026-06-30,SUCCESS
RDBA2606.dbc,ftp://ftp.datasus.gov.br/dissemin/publicos/SIHSUS/200801_/Dados/RDBA2606.dbc,BA,202606,5617460.0,736369276fa3d926fdfbc6b3902461aba533ed2ce9311562f22c892dfa0f9e28,2026-08-31T03:15:06.003035+00:00,76255.0,75897.0,358.0,0.0,35096.0,17837.0,17104.0,21555.0,49956.0,35275.0,0.0,0.0,2008-01-01,2026-06-30,2026-01-01,2026-06-30,SUCCESS
RDCE2606.dbc,ftp://ftp.datasus.gov.br/dissemin/publicos/SIHSUS/200801_/Dados/RDCE2606.dbc,CE,202606,3998391.0,6c533b536a1dbcb1aa0337f44be8793a17703273ece4c4f1a2e698148902ef7b,2026-08-31T03:17:04.868288+00:00,53246.0,52820.0,426.0,0.0,23971.0,11176.0,12368.0,27614.0,43621.0,33280.0,0.0,0.0,2023-06-01,2026-06-30,2026-01-04,2026-06-30,SUCCESS
RDDF2606.dbc,ftp://ftp.datasus.gov.br/dissemin/publicos/SIHSUS/200801_/Dados/RDDF2606.dbc,DF,202606,1685899.0,86ea6fae58dd5a3cb0a970f91ff6a9d97bc7e53469a264504488d9bea816aaef,2026-08-31T03:17:33.771760+00:00,21187.0,21123.0,64.0,0.0,7181.0,3068.0,4071.0,4323.0,21187.0,17026.0,0.0,0.0,2024-09-01,2026-06-30,2026-01-31,2026-06-30,SUCCESS
RDES2606.dbc,ftp://ftp.datasus.gov.br/dissemin/publicos/SIHSUS/200801_/Dados/RDES2606.dbc,ES,202606,2057781.0,9ce936c406ff0976c0f05a6a82e178f34bcc7016cb1693eced90be937e240fc5,2026-08-31T03:18:32.260498+00:00,26507.0,26444.0,63.0,0.0,12315.0,5380.0,6730.0,8283.0,18943.0,11485.0,0.0,0.0,2026-01-13,2026-06-30,2026-02-03,2026-06-30,SUCCESS
RDGO2606.dbc,ftp://ftp.datasus.gov.br/dissemin/publicos/SIHSUS/200801_/Dados/RDGO2606.dbc,GO,202606,2824128.0,493b5a2c70db60b1eca885b8233045e0b80e8f795a219cf2465b4d5463ca4833,2026-08-31T03:19:58.154930+00:00,36751.0,35857.0,894.0,0.0,17872.0,8016.0,9855.0,4296.0,19563.0,12139.0,0.0,0.0,2008-01-01,2026-06-30,2026-01-07,2026-06-30,SUCCESS
RDMA2606.dbc,ftp://ftp.datasus.gov.br/dissemin/publicos/SIHSUS/200801_/Dados/RDMA2606.dbc,MA,202606,2337298.0,0e073464a037ba196ed5289d2e1f2db42e9862071a6e0622363d46ff9294de68,2026-08-31T03:21:25.280701+00:00,33036.0,32513.0,523.0,0.0,14495.0,7211.0,7267.0,2144.0,5018.0,3974.0,0.0,0.0,2015-01-16,2026-06-30,2026-02-13,2026-06-30,SUCCESS
RDMG2606.dbc,ftp://ftp.datasus.gov.br/dissemin/publicos/SIHSUS/200801_/Dados/RDMG2606.dbc,MG,202606,8035903.0,ae759fbbb9316ac854d6233728b4ae998ad3c47038c607782c038a9f3640d5ef,2026-08-31T03:25:30.153929+00:00,102524.0,102250.0,274.0,0.0,47024.0,24522.0,22364.0,27262.0,51150.0,35260.0,0.0,0.0,2020-03-20,2026-06-30,2026-01-01,2026-06-30,SUCCESS
RDMS2606.dbc,ftp://ftp.datasus.gov.br/dissemin/publicos/SIHSUS/200801_/Dados/RDMS2606.dbc,MS,202606,1292414.0,4ca557dabd5bb68cb9dfb9b2fb7b302cafb57c93bc9b1c30bd011ed92e46b93f,2026-08-31T03:27:16.712255+00:00,16783.0,16619.0,164.0,0.0,7488.0,2844.0,4644.0,4604.0,6003.0,5842.0,0.0,0.0,2024-07-02,2026-06-30,2026-02-01,2026-06-30,SUCCESS
RDMT2606.dbc,ftp://ftp.datasus.gov.br/dissemin/publicos/SIHSUS/200801_/Dados/RDMT2606.dbc,MT,202606,1557289.0,b4817e21d380b6bc746926c237706aea76c0c774a1b6d31f7acf15b016cea301,2026-08-31T03:28:27.388207+00:00,20542.0,20372.0,170.0,0.0,9779.0,3671.0,6108.0,7506.0,14137.0,10022.0,0.0,0.0,2024-05-31,2026-06-30,2026-01-05,2026-06-30,SUCCESS
RDPA2606.dbc,ftp://ftp.datasus.gov.br/dissemin/publicos/SIHSUS/200801_/Dados/RDPA2606.dbc,PA,202606,2881382.0,29b511648d50c934e0198ea17150345f18c7ef6a353a475a0991c3bbf2cb59f1,2026-08-31T03:30:07.580993+00:00,40278.0,40278.0,0.0,0.0,18309.0,8605.0,9610.0,7315.0,18125.0,12213.0,0.0,0.0,2025-11-25,2026-06-30,2026-01-04,2026-06-30,SUCCESS
RDPB2606.dbc,ftp://ftp.datasus.gov.br/dissemin/publicos/SIHSUS/200801_/Dados/RDPB2606.dbc,PB,202606,1681514.0,35f367556f027430140db1204a29243a4938ab19d3072f03b60527fe35344091,2026-08-31T03:30:38.754102+00:00,21378.0,21148.0,230.0,0.0,9882.0,5406.0,4475.0,8845.0,16802.0,8880.0,0.0,0.0,2024-12-17,2026-06-30,2026-01-17,2026-06-30,SUCCESS
RDPE2606.dbc,ftp://ftp.datasus.gov.br/dissemin/publicos/SIHSUS/200801_/Dados/RDPE2606.dbc,PE,202606,4098885.0,39921a093564b7514ba5a98545316b624afdfa2bd29cecfec41786230eb251af,2026-08-31T03:31:44.728591+00:00,54297.0,53956.0,341.0,0.0,22916.0,11702.0,11133.0,22255.0,50158.0,31223.0,0.0,0.0,2013-06-28,2026-06-30,2026-01-14,2026-06-30,SUCCESS
RDPI2606.dbc,ftp://ftp.datasus.gov.br/dissemin/publicos/SIHSUS/200801_/Dados/RDPI2606.dbc,PI,202606,1312271.0,4ebec140032f06d259ae18f41460289505b382344f7c8a9849ca41eb4c0393f6,2026-08-31T03:32:14.073816+00:00,16948.0,16825.0,123.0,0.0,6998.0,3111.0,3887.0,11126.0,14364.0,8995.0,0.0,0.0,2025-09-27,2026-06-30,2026-02-02,2026-06-30,SUCCESS
RDPR2606.dbc,ftp://ftp.datasus.gov.br/dissemin/publicos/SIHSUS/200801_/Dados/RDPR2606.dbc,PR,202606,7147228.0,e9ad7e9b1c4520a50d956764af8a243a4b3fec559a4ed5f0213b02d537eef6e5,2026-08-31T03:33:35.104257+00:00,94062.0,92652.0,1410.0,0.0,44525.0,26704.0,17667.0,4570.0,8735.0,7037.0,0.0,0.0,2015-04-18,2026-06-30,2026-01-01,2026-06-30,SUCCESS
RDRJ2606.dbc,ftp://ftp.datasus.gov.br/dissemin/publicos/SIHSUS/200801_/Dados/RDRJ2606.dbc,RJ,202606,6278846.0,c006b20c5dcf0e3b8efa6a77060a91e198b86c7376b97d11481fb521bd5efeeb,2026-08-31T03:35:23.658512+00:00,79633.0,79051.0,582.0,0.0,36423.0,21781.0,14480.0,30980.0,61203.0,56150.0,0.0,0.0,2012-03-16,2026-06-30,2026-01-02,2026-06-30,SUCCESS
RDRN2606.dbc,ftp://ftp.datasus.gov.br/dissemin/publicos/SIHSUS/200801_/Dados/RDRN2606.dbc,RN,202606,1411845.0,9693d1c6f6fc282e980372a0a3b38cbc0e650aacfb7d6284bfaf82bde29bfe8d,2026-08-31T03:36:50.389356+00:00,18331.0,18243.0,88.0,0.0,9745.0,5461.0,3821.0,8519.0,15730.0,8772.0,0.0,0.0,2017-02-14,2026-06-30,2026-02-02,2026-06-30,SUCCESS
RDRO2606.dbc,ftp://ftp.datasus.gov.br/dissemin/publicos/SIHSUS/200801_/Dados/RDRO2606.dbc,RO,202606,619422.0,69353edd56c7d9fa2747a98fb62a4799b66cfeca52745905b4536759129c696e,2026-08-31T03:37:30.460314+00:00,8456.0,8456.0,0.0,0.0,2769.0,1190.0,1556.0,4829.0,7398.0,6090.0,0.0,0.0,2026-01-01,2026-06-30,2026-03-01,2026-06-30,SUCCESS
RDRR2606.dbc,ftp://ftp.datasus.gov.br/dissemin/publicos/SIHSUS/200801_/Dados/RDRR2606.dbc,RR,202606,,,2026-08-31T03:37:46.947402+00:00,,,,,,,,,,,,,,,,,ERROR: Falha ao baixar RDRR2606.dbc após 3 tentativas: 550 The system cannot find the file specified.
RDRS2606.dbc,ftp://ftp.datasus.gov.br/dissemin/publicos/SIHSUS/200801_/Dados/RDRS2606.dbc,RS,202606,5925492.0,afd56ce165bb70ad2d0274b40c22f18918f8be12385b44f8d6142b64585c92e1,2026-08-31T03:40:23.589721+00:00,76035.0,75588.0,447.0,0.0,35290.0,20119.0,15071.0,10218.0,12617.0,11818.0,0.0,0.0,2021-04-23,2026-06-30,2026-01-02,2026-06-30,SUCCESS
RDSC2606.dbc,ftp://ftp.datasus.gov.br/dissemin/publicos/SIHSUS/200801_/Dados/RDSC2606.dbc,SC,202606,4661481.0,f98098188fa92c8c355854bbb078213756fb8e4b1edd58a94313d3cb1ee04f1d,2026-08-31T03:42:21.617878+00:00,59238.0,59062.0,176.0,0.0,31064.0,17251.0,13788.0,34465.0,43261.0,30412.0,0.0,0.0,2015-06-04,2026-06-30,2026-01-03,2026-06-30,SUCCESS
RDSE2606.dbc,ftp://ftp.datasus.gov.br/dissemin/publicos/SIHSUS/200801_/Dados/RDSE2606.dbc,SE,202606,769665.0,7e130ac1309d415311a6b8a29940c746bd7a3b287862eb5885111b8f8a28ef04,2026-08-31T03:43:15.013099+00:00,10160.0,10082.0,78.0,0.0,4867.0,2487.0,2380.0,843.0,2029.0,1091.0,0.0,0.0,2023-12-19,2026-06-29,2026-02-03,2026-06-30,SUCCESS
RDSP2606.dbc,ftp://ftp.datasus.gov.br/dissemin/publicos/SIHSUS/200801_/Dados/RDSP2606.dbc,SP,202606,19832222.0,959a4bb39af0bf24395b7dd3c47c7b521d92fde0433d490bc7780b1c1a598e6c,2026-08-31T03:51:05.741298+00:00,249515.0,245252.0,4263.0,0.0,113905.0,67795.0,44532.0,23533.0,38421.0,39655.0,0.0,0.0,2008-01-01,2026-06-30,2026-01-06,2026-06-30,SUCCESS
RDTO2606.dbc,ftp://ftp.datasus.gov.br/dissemin/publicos/SIHSUS/200801_/Dados/RDTO2606.dbc,TO,202606,62143.0,84569c45752dd1a80ba18dd0b4ce4190b70f40b13165b401e96c0e7c3e3eef93,2026-08-31T03:52:02.921148+00:00,845.0,845.0,0.0,0.0,252.0,179.0,73.0,587.0,587.0,448.0,0.0,0.0,2026-04-01,2026-06-29,2026-04-02,2026-06-30,SUCCESS
